ISO-10303-21;
HEADER;
FILE_DESCRIPTION (( 'STEP AP203' ),
    '1' );
FILE_NAME ('Bodenteil_eckig.STEP',
    '2016-08-04T09:28:28',
    ( '' ),
    ( '' ),
    'SwSTEP 2.0',
    'SolidWorks 2014',
    '' );
FILE_SCHEMA (( 'CONFIG_CONTROL_DESIGN' ));
ENDSEC;

DATA;
#1 = DIRECTION ( 'NONE',  ( 0.0000000000000000000, 0.0000000000000000000, 1.000000000000000000 ) ) ;
#2 = DIRECTION ( 'NONE',  ( -0.0000000000000000000, -0.0000000000000000000, 1.000000000000000000 ) ) ;
#3 = EDGE_CURVE ( 'NONE', #1739, #1982, #129, .T. ) ;
#4 = ORIENTED_EDGE ( 'NONE', *, *, #435, .F. ) ;
#5 = CARTESIAN_POINT ( 'NONE',  ( -15.70000000000000300, -15.70000000000000600, 4.973714621389497400 ) ) ;
#6 = CARTESIAN_POINT ( 'NONE',  ( -15.69999999999999200, -21.69999999999999900, 4.799999999999998900 ) ) ;
#7 = VECTOR ( 'NONE', #920, 1000.000000000000000 ) ;
#8 = LINE ( 'NONE', #544, #1924 ) ;
#9 = LINE ( 'NONE', #1906, #1104 ) ;
#10 = VECTOR ( 'NONE', #1823, 1000.000000000000000 ) ;
#11 = VECTOR ( 'NONE', #1080, 1000.000000000000000 ) ;
#12 = ORIENTED_EDGE ( 'NONE', *, *, #1082, .T. ) ;
#13 = CARTESIAN_POINT ( 'NONE',  ( -22.14718237059131000, 15.69999999999999200, 5.317697806096801600 ) ) ;
#14 = ORIENTED_EDGE ( 'NONE', *, *, #1086, .F. ) ;
#15 = EDGE_CURVE ( 'NONE', #83, #1565, #1979, .T. ) ;
#16 = ORIENTED_EDGE ( 'NONE', *, *, #1237, .F. ) ;
#17 = ORIENTED_EDGE ( 'NONE', *, *, #15, .T. ) ;
#18 = ORIENTED_EDGE ( 'NONE', *, *, #914, .T. ) ;
#19 = EDGE_LOOP ( 'NONE', ( #936, #486, #1128, #280 ) ) ;
#20 = CARTESIAN_POINT ( 'NONE',  ( 15.69999999999999900, 15.70000000000000600, 5.278477721860356900 ) ) ;
#21 = ORIENTED_EDGE ( 'NONE', *, *, #1684, .T. ) ;
#22 = DIRECTION ( 'NONE',  ( 0.0000000000000000000, 0.0000000000000000000, -1.000000000000000000 ) ) ;
#23 = EDGE_CURVE ( 'NONE', #1513, #484, #885, .T. ) ;
#24 = CARTESIAN_POINT ( 'NONE',  ( 12.99999999999999800, 20.25000000000000400, 1.500000000000000000 ) ) ;
#25 = ORIENTED_EDGE ( 'NONE', *, *, #1784, .T. ) ;
#26 = AXIS2_PLACEMENT_3D ( 'NONE', #386, #206, #994 ) ;
#27 = DIRECTION ( 'NONE',  ( 0.0000000000000000000, -1.000000000000000000, 0.0000000000000000000 ) ) ;
#28 = FACE_OUTER_BOUND ( 'NONE', #1235, .T. ) ;
#29 = FACE_OUTER_BOUND ( 'NONE', #1218, .T. ) ;
#30 = DIRECTION ( 'NONE',  ( 1.104919411450195500E-016, 1.000000000000000000, -0.0000000000000000000 ) ) ;
#31 = LINE ( 'NONE', #1396, #907 ) ;
#32 = LINE ( 'NONE', #1984, #344 ) ;
#33 = LINE ( 'NONE', #1945, #1294 ) ;
#34 = EDGE_LOOP ( 'NONE', ( #795, #943, #1424, #1788 ) ) ;
#35 = ORIENTED_EDGE ( 'NONE', *, *, #1489, .F. ) ;
#36 = DIRECTION ( 'NONE',  ( -1.000000000000000000, -8.566535683836084200E-017, 0.0000000000000000000 ) ) ;
#37 = CARTESIAN_POINT ( 'NONE',  ( -17.25000000000002500, -20.25000000000000400, 6.999999999999999100 ) ) ;
#38 = ORIENTED_EDGE ( 'NONE', *, *, #151, .F. ) ;
#39 = EDGE_CURVE ( 'NONE', #727, #1259, #671, .T. ) ;
#40 = EDGE_LOOP ( 'NONE', ( #1151, #1071, #308, #913, #1491 ) ) ;
#41 = ORIENTED_EDGE ( 'NONE', *, *, #324, .F. ) ;
#42 = DIRECTION ( 'NONE',  ( 9.912705577010338400E-016, 1.000000000000000000, 0.0000000000000000000 ) ) ;
#43 = DIRECTION ( 'NONE',  ( 0.0000000000000000000, 0.0000000000000000000, 1.000000000000000000 ) ) ;
#44 = DIRECTION ( 'NONE',  ( 0.0000000000000000000, 1.000000000000000000, 0.0000000000000000000 ) ) ;
#45 = EDGE_CURVE ( 'NONE', #1796, #167, #198, .T. ) ;
#46 = LINE ( 'NONE', #530, #1193 ) ;
#47 = DIRECTION ( 'NONE',  ( 1.000000000000000000, 2.209838822900391100E-016, -2.322955749918427200E-035 ) ) ;
#48 = CIRCLE ( 'NONE', #497, 6.152803820946579600 ) ;
#49 = TOROIDAL_SURFACE ( 'NONE', #952, 5.998894756450031500, 0.4500000000000000100 ) ;
#50 = LINE ( 'NONE', #1600, #399 ) ;
#51 = AXIS2_PLACEMENT_3D ( 'NONE', #865, #1799, #264 ) ;
#52 = ORIENTED_EDGE ( 'NONE', *, *, #1155, .T. ) ;
#53 = DIRECTION ( 'NONE',  ( 1.000000000000000000, -0.0000000000000000000, 0.0000000000000000000 ) ) ;
#54 = ORIENTED_EDGE ( 'NONE', *, *, #1784, .F. ) ;
#55 = DIRECTION ( 'NONE',  ( 0.0000000000000000000, -1.000000000000000000, 0.0000000000000000000 ) ) ;
#56 = EDGE_LOOP ( 'NONE', ( #1682, #1303, #1706, #1058, #561 ) ) ;
#57 = ORIENTED_EDGE ( 'NONE', *, *, #884, .F. ) ;
#58 = EDGE_CURVE ( 'NONE', #1206, #1739, #278, .T. ) ;
#59 = ORIENTED_EDGE ( 'NONE', *, *, #521, .T. ) ;
#60 = CARTESIAN_POINT ( 'NONE',  ( -17.24999999999998600, 20.25000000000000000, 6.999999999999999100 ) ) ;
#61 = EDGE_LOOP ( 'NONE', ( #2007, #86, #1853, #183 ) ) ;
#62 = DIRECTION ( 'NONE',  ( 0.0000000000000000000, 0.0000000000000000000, 1.000000000000000000 ) ) ;
#63 = AXIS2_PLACEMENT_3D ( 'NONE', #828, #1430, #516 ) ;
#64 = CARTESIAN_POINT ( 'NONE',  ( -15.69999999999999200, -22.03593858583344600, 6.589220084236443700 ) ) ;
#65 = DIRECTION ( 'NONE',  ( 0.0000000000000000000, 0.0000000000000000000, -1.000000000000000000 ) ) ;
#66 = ORIENTED_EDGE ( 'NONE', *, *, #335, .T. ) ;
#67 = CARTESIAN_POINT ( 'NONE',  ( -15.70000000000000300, 22.14889475645002600, 5.278477721860356900 ) ) ;
#68 = PLANE ( 'NONE',  #26 ) ;
#69 = ORIENTED_EDGE ( 'NONE', *, *, #1543, .F. ) ;
#70 = TOROIDAL_SURFACE ( 'NONE', #1059, 5.998894756450028800, 0.4500000000000000100 ) ;
#71 = EDGE_CURVE ( 'NONE', #1027, #1468, #1108, .T. ) ;
#72 = DIRECTION ( 'NONE',  ( -0.0000000000000000000, -0.0000000000000000000, -1.000000000000000000 ) ) ;
#73 = CYLINDRICAL_SURFACE ( 'NONE', #260, 5.999999999999998200 ) ;
#74 = VECTOR ( 'NONE', #1888, 1000.000000000000000 ) ;
#75 = PLANE ( 'NONE',  #1337 ) ;
#76 = LINE ( 'NONE', #163, #501 ) ;
#77 = CARTESIAN_POINT ( 'NONE',  ( 12.99999999999999800, -20.24999999999999300, 2.700000000000000200 ) ) ;
#78 = CYLINDRICAL_SURFACE ( 'NONE', #1465, 0.4499999999999990100 ) ;
#79 = AXIS2_PLACEMENT_3D ( 'NONE', #523, #1448, #1598 ) ;
#80 = CIRCLE ( 'NONE', #580, 6.447182370591315600 ) ;
#81 = ORIENTED_EDGE ( 'NONE', *, *, #151, .T. ) ;
#82 = DIRECTION ( 'NONE',  ( 1.000000000000000000, 0.0000000000000000000, 0.0000000000000000000 ) ) ;
#83 = VERTEX_POINT ( 'NONE', #1861 ) ;
#84 = ADVANCED_FACE ( 'NONE', ( #647 ), #1511, .T. ) ;
#85 = DIRECTION ( 'NONE',  ( 0.7071067811865439100, -0.7071067811865512400, -0.0000000000000000000 ) ) ;
#86 = ORIENTED_EDGE ( 'NONE', *, *, #1605, .T. ) ;
#87 = CALENDAR_DATE ( 2016, 4, 8 ) ;
#88 = VERTEX_POINT ( 'NONE', #945 ) ;
#89 = EDGE_CURVE ( 'NONE', #2011, #1064, #1810, .T. ) ;
#90 = AXIS2_PLACEMENT_3D ( 'NONE', #20, #171, #782 ) ;
#91 = DIRECTION ( 'NONE',  ( 1.000000000000000000, 9.912705577010338400E-016, -0.0000000000000000000 ) ) ;
#92 = DIRECTION ( 'NONE',  ( -0.0000000000000000000, -0.0000000000000000000, -1.000000000000000000 ) ) ;
#93 = ADVANCED_FACE ( 'NONE', ( #571 ), #1409, .T. ) ;
#94 = ORIENTED_EDGE ( 'NONE', *, *, #406, .F. ) ;
#95 = CARTESIAN_POINT ( 'NONE',  ( -21.58765097169216000, -15.70000000000001200, 6.549999999999999800 ) ) ;
#96 = EDGE_CURVE ( 'NONE', #1933, #484, #1343, .T. ) ;
#97 = VECTOR ( 'NONE', #944, 1000.000000000000000 ) ;
#98 = CALENDAR_DATE ( 2016, 4, 8 ) ;
#99 = EDGE_CURVE ( 'NONE', #1819, #1873, #1296, .T. ) ;
#100 = CARTESIAN_POINT ( 'NONE',  ( 15.70000000000001200, -21.58765097169215300, 6.999999999999999100 ) ) ;
#101 = LINE ( 'NONE', #197, #1703 ) ;
#102 = ADVANCED_FACE ( 'NONE', ( #1930 ), #1258, .F. ) ;
#103 = LINE ( 'NONE', #978, #1055 ) ;
#104 = DIRECTION ( 'NONE',  ( 0.0000000000000000000, 0.0000000000000000000, 1.000000000000000000 ) ) ;
#105 = EDGE_LOOP ( 'NONE', ( #1033, #1721, #1182, #1357 ) ) ;
#106 = EDGE_LOOP ( 'NONE', ( #152, #1907, #899, #1419 ) ) ;
#107 = CARTESIAN_POINT ( 'NONE',  ( 14.00000000000001200, -18.49999999999999600, 1.500000000000000000 ) ) ;
#108 = ORIENTED_EDGE ( 'NONE', *, *, #1427, .T. ) ;
#109 = DIRECTION ( 'NONE',  ( -0.7071067811865500200, -0.7071067811865451300, -0.0000000000000000000 ) ) ;
#110 = CARTESIAN_POINT ( 'NONE',  ( -12.99999999999999800, 20.25000000000000400, 2.700000000000000200 ) ) ;
#111 = ORIENTED_EDGE ( 'NONE', *, *, #923, .F. ) ;
#112 = VERTEX_POINT ( 'NONE', #806 ) ;
#113 = ADVANCED_FACE ( 'NONE', ( #1006 ), #622, .T. ) ;
#114 = EDGE_CURVE ( 'NONE', #378, #1735, #103, .T. ) ;
#115 = ORIENTED_EDGE ( 'NONE', *, *, #1922, .T. ) ;
#116 = APPROVAL_STATUS ( 'not_yet_approved' ) ;
#117 = CARTESIAN_POINT ( 'NONE',  ( 15.69999999999999900, 15.70000000000000600, 4.799999999999998900 ) ) ;
#118 = PLANE ( 'NONE',  #1828 ) ;
#119 = ORIENTED_EDGE ( 'NONE', *, *, #161, .T. ) ;
#120 = VERTEX_POINT ( 'NONE', #1383 ) ;
#121 = CARTESIAN_POINT ( 'NONE',  ( 20.25000000000000000, -17.25000000000000400, 1.500000000000000000 ) ) ;
#122 = ADVANCED_FACE ( 'NONE', ( #599 ), #224, .T. ) ;
#123 = CIRCLE ( 'NONE', #1756, 6.152803820946586700 ) ;
#124 = CARTESIAN_POINT ( 'NONE',  ( -15.70000000000000300, 21.69999999999999600, 0.0000000000000000000 ) ) ;
#125 = LINE ( 'NONE', #614, #1900 ) ;
#126 = DIRECTION ( 'NONE',  ( 0.08715574274765443300, 0.0000000000000000000, 0.9961946980917458800 ) ) ;
#127 = CIRCLE ( 'NONE', #1967, 6.447182370591315600 ) ;
#128 = VECTOR ( 'NONE', #1451, 1000.000000000000000 ) ;
#129 = LINE ( 'NONE', #1548, #1085 ) ;
#130 = AXIS2_PLACEMENT_3D ( 'NONE', #1852, #1075, #140 ) ;
#131 =( NAMED_UNIT ( * ) SI_UNIT ( $, .STERADIAN. ) SOLID_ANGLE_UNIT ( ) );
#132 = ORIENTED_EDGE ( 'NONE', *, *, #388, .T. ) ;
#133 = CARTESIAN_POINT ( 'NONE',  ( 15.69999999999997800, 21.69889475645003400, 5.278477721860356000 ) ) ;
#134 = ORIENTED_EDGE ( 'NONE', *, *, #1284, .T. ) ;
#135 = PLANE ( 'NONE',  #1069 ) ;
#136 = EDGE_LOOP ( 'NONE', ( #157, #637, #1090, #508, #347, #780, #1395, #549 ) ) ;
#137 = ORIENTED_EDGE ( 'NONE', *, *, #190, .F. ) ;
#138 = CARTESIAN_POINT ( 'NONE',  ( -22.03593858583344600, -15.70000000000001200, 6.589220084236443700 ) ) ;
#139 = VERTEX_POINT ( 'NONE', #1745 ) ;
#140 = DIRECTION ( 'NONE',  ( 0.0000000000000000000, -0.0000000000000000000, 1.000000000000000000 ) ) ;
#141 = EDGE_CURVE ( 'NONE', #387, #965, #931, .T. ) ;
#142 = CARTESIAN_POINT ( 'NONE',  ( -15.69999999999999900, 15.69999999999999900, 4.973714621389497400 ) ) ;
#143 = CARTESIAN_POINT ( 'NONE',  ( 0.0000000000000000000, 0.0000000000000000000, 2.700000000000000200 ) ) ;
#144 = CARTESIAN_POINT ( 'NONE',  ( -22.17727699969674000, 15.69999999999999200, 4.973714621389497400 ) ) ;
#145 = DIRECTION ( 'NONE',  ( 0.0000000000000000000, 0.0000000000000000000, 1.000000000000000000 ) ) ;
#146 = DATE_AND_TIME ( #620, #325 ) ;
#147 = FACE_OUTER_BOUND ( 'NONE', #1362, .T. ) ;
#148 = DIRECTION ( 'NONE',  ( 1.000000000000000000, 0.0000000000000000000, 0.0000000000000000000 ) ) ;
#149 = LINE ( 'NONE', #968, #1342 ) ;
#150 = DIRECTION ( 'NONE',  ( 1.000000000000000000, 2.209838822900391100E-016, -3.069447388106170800E-033 ) ) ;
#151 = EDGE_CURVE ( 'NONE', #514, #294, #856, .T. ) ;
#152 = ORIENTED_EDGE ( 'NONE', *, *, #164, .T. ) ;
#153 = ORIENTED_EDGE ( 'NONE', *, *, #1391, .T. ) ;
#154 = DIRECTION ( 'NONE',  ( 0.7071067811865435800, -0.7071067811865515700, -0.0000000000000000000 ) ) ;
#155 = ORIENTED_EDGE ( 'NONE', *, *, #1447, .F. ) ;
#156 = CALENDAR_DATE ( 2016, 4, 8 ) ;
#157 = ORIENTED_EDGE ( 'NONE', *, *, #563, .F. ) ;
#158 = EDGE_LOOP ( 'NONE', ( #428, #528, #1205, #1159, #1871, #1740 ) ) ;
#159 = CARTESIAN_POINT ( 'NONE',  ( -15.69999999999999200, -21.58765097169216000, 6.549999999999999800 ) ) ;
#160 = VERTEX_POINT ( 'NONE', #651 ) ;
#161 = EDGE_CURVE ( 'NONE', #924, #1886, #1392, .T. ) ;
#162 = CARTESIAN_POINT ( 'NONE',  ( -20.25000000000000000, -20.25000000000000400, 6.999999999999999100 ) ) ;
#163 = CARTESIAN_POINT ( 'NONE',  ( -15.70000000000000300, 21.85280382094658300, 4.855616042506699000 ) ) ;
#164 = EDGE_CURVE ( 'NONE', #1436, #649, #149, .T. ) ;
#165 = ORIENTED_EDGE ( 'NONE', *, *, #2005, .F. ) ;
#166 = CARTESIAN_POINT ( 'NONE',  ( -20.25000000000000000, -20.25000000000000400, 1.500000000000000000 ) ) ;
#167 = VERTEX_POINT ( 'NONE', #352 ) ;
#168 = AXIS2_PLACEMENT_3D ( 'NONE', #239, #91, #546 ) ;
#169 = CARTESIAN_POINT ( 'NONE',  ( 12.99999999999999800, -20.24999999999999300, 2.700000000000000200 ) ) ;
#170 = FACE_OUTER_BOUND ( 'NONE', #1371, .T. ) ;
#171 = DIRECTION ( 'NONE',  ( -0.0000000000000000000, -0.0000000000000000000, -1.000000000000000000 ) ) ;
#172 = LINE ( 'NONE', #2002, #11 ) ;
#173 = LINE ( 'NONE', #1746, #341 ) ;
#174 = VECTOR ( 'NONE', #493, 1000.000000000000000 ) ;
#175 = VECTOR ( 'NONE', #154, 999.9999999999998900 ) ;
#176 = VERTEX_POINT ( 'NONE', #182 ) ;
#177 = DIRECTION ( 'NONE',  ( -0.0000000000000000000, -0.0000000000000000000, -1.000000000000000000 ) ) ;
#178 = ORIENTED_EDGE ( 'NONE', *, *, #1143, .T. ) ;
#179 = DIRECTION ( 'NONE',  ( 1.598823480162955500E-016, -1.000000000000000000, 0.0000000000000000000 ) ) ;
#180 = EDGE_CURVE ( 'NONE', #1496, #1277, #101, .T. ) ;
#181 = ORIENTED_EDGE ( 'NONE', *, *, #1183, .T. ) ;
#182 = CARTESIAN_POINT ( 'NONE',  ( -17.25000000000002500, -20.25000000000000400, 2.700000000000000200 ) ) ;
#183 = ORIENTED_EDGE ( 'NONE', *, *, #1334, .T. ) ;
#184 = PERSON_AND_ORGANIZATION ( #192, #474 ) ;
#185 = EDGE_LOOP ( 'NONE', ( #1112, #700, #823, #1826 ) ) ;
#186 = DIRECTION ( 'NONE',  ( -1.000000000000000000, 0.0000000000000000000, 0.0000000000000000000 ) ) ;
#187 = ORIENTED_EDGE ( 'NONE', *, *, #297, .F. ) ;
#188 = CARTESIAN_POINT ( 'NONE',  ( 15.69999999999999900, 15.70000000000000600, 5.317697806096796300 ) ) ;
#189 = ORIENTED_EDGE ( 'NONE', *, *, #58, .F. ) ;
#190 = EDGE_CURVE ( 'NONE', #294, #1496, #1808, .T. ) ;
#191 = DIRECTION ( 'NONE',  ( -0.7071067811865504600, -0.7071067811865445800, -0.0000000000000000000 ) ) ;
#192 = PERSON ( 'UNSPECIFIED', 'UNSPECIFIED', 'UNSPECIFIED', ('UNSPECIFIED'), ('UNSPECIFIED'), ('UNSPECIFIED') ) ;
#193 = AXIS2_PLACEMENT_3D ( 'NONE', #518, #1575, #1595 ) ;
#194 = LINE ( 'NONE', #144, #1003 ) ;
#195 = VECTOR ( 'NONE', #109, 1000.000000000000100 ) ;
#196 = VECTOR ( 'NONE', #1729, 1000.000000000000000 ) ;
#197 = CARTESIAN_POINT ( 'NONE',  ( -12.99999999999999800, 19.50000000000001400, 2.700000000000000200 ) ) ;
#198 = CIRCLE ( 'NONE', #1953, 0.4499999999999999000 ) ;
#199 = EDGE_CURVE ( 'NONE', #1850, #1873, #1654, .T. ) ;
#200 = ORIENTED_EDGE ( 'NONE', *, *, #1571, .F. ) ;
#201 = PLANE ( 'NONE',  #1264 ) ;
#202 = CARTESIAN_POINT ( 'NONE',  ( -14.00000000000001200, 18.50000000000000700, 2.700000000000000200 ) ) ;
#203 = EDGE_LOOP ( 'NONE', ( #1528, #1061, #1158, #551 ) ) ;
#204 = EDGE_CURVE ( 'NONE', #465, #354, #1631, .T. ) ;
#205 = VERTEX_POINT ( 'NONE', #1120 ) ;
#206 = DIRECTION ( 'NONE',  ( 0.7071067811865451300, -0.7071067811865500200, 0.0000000000000000000 ) ) ;
#207 = ORIENTED_EDGE ( 'NONE', *, *, #1964, .F. ) ;
#208 = ORIENTED_EDGE ( 'NONE', *, *, #1605, .F. ) ;
#209 = CARTESIAN_POINT ( 'NONE',  ( 21.69999999999999900, 15.70000000000000600, 0.0000000000000000000 ) ) ;
#210 = CARTESIAN_POINT ( 'NONE',  ( -15.69999999999999200, -21.69999999999999900, 4.799999999999998900 ) ) ;
#211 = CARTESIAN_POINT ( 'NONE',  ( -12.99999999999999800, 19.50000000000001400, 2.700000000000000200 ) ) ;
#212 = ORIENTED_EDGE ( 'NONE', *, *, #847, .F. ) ;
#213 = EDGE_CURVE ( 'NONE', #947, #83, #80, .T. ) ;
#214 = CARTESIAN_POINT ( 'NONE',  ( 22.14718237059131000, 15.70000000000002200, 5.317697806096801600 ) ) ;
#215 = DIRECTION ( 'NONE',  ( 0.7071067811865474600, -0.7071067811865474600, -0.0000000000000000000 ) ) ;
#216 = LINE ( 'NONE', #1995, #996 ) ;
#217 = CARTESIAN_POINT ( 'NONE',  ( 21.69999999999998900, -15.69999999999998200, 4.799999999999998900 ) ) ;
#218 = AXIS2_PLACEMENT_3D ( 'NONE', #169, #329, #42 ) ;
#219 = LINE ( 'NONE', #225, #1220 ) ;
#220 = LINE ( 'NONE', #1899, #833 ) ;
#221 = LINE ( 'NONE', #306, #1835 ) ;
#222 = VECTOR ( 'NONE', #684, 1000.000000000000000 ) ;
#223 = AXIS2_PLACEMENT_3D ( 'NONE', #1818, #82, #250 ) ;
#224 = TOROIDAL_SURFACE ( 'NONE', #1214, 5.887650971692157700, 0.4500000000000000100 ) ;
#225 = CARTESIAN_POINT ( 'NONE',  ( 17.24999999999998600, -20.24999999999999300, 2.700000000000000200 ) ) ;
#226 = CARTESIAN_POINT ( 'NONE',  ( -21.69999999999999900, -15.70000000000000600, 4.799999999999998900 ) ) ;
#227 = EDGE_LOOP ( 'NONE', ( #384, #1935, #1420, #1474 ) ) ;
#228 = ORIENTED_EDGE ( 'NONE', *, *, #1250, .F. ) ;
#229 = EDGE_CURVE ( 'NONE', #1758, #959, #1558, .T. ) ;
#230 = ORIENTED_EDGE ( 'NONE', *, *, #720, .T. ) ;
#231 = PLANE ( 'NONE',  #1673 ) ;
#232 = DIRECTION ( 'NONE',  ( 0.0000000000000000000, 0.0000000000000000000, -1.000000000000000000 ) ) ;
#233 = LOCAL_TIME ( 11, 28, 28.00000000000000000, #410 ) ;
#234 = EDGE_LOOP ( 'NONE', ( #259, #1469, #1036, #1349 ) ) ;
#235 = ORIENTED_EDGE ( 'NONE', *, *, #1402, .F. ) ;
#236 = ORIENTED_EDGE ( 'NONE', *, *, #1711, .T. ) ;
#237 = ADVANCED_FACE ( 'NONE', ( #1273 ), #1270, .F. ) ;
#238 = DIRECTION ( 'NONE',  ( 1.000000000000000000, 0.0000000000000000000, 0.0000000000000000000 ) ) ;
#239 = CARTESIAN_POINT ( 'NONE',  ( 12.99999999999999800, 20.25000000000000400, 2.700000000000000200 ) ) ;
#240 = DIRECTION ( 'NONE',  ( 1.000000000000000000, -0.0000000000000000000, -0.0000000000000000000 ) ) ;
#241 = AXIS2_PLACEMENT_3D ( 'NONE', #142, #1403, #1557 ) ;
#242 = CARTESIAN_POINT ( 'NONE',  ( 21.69999999999999900, -15.69999999999999900, 1.500000000000000000 ) ) ;
#243 = ADVANCED_FACE ( 'NONE', ( #1247 ), #1227, .T. ) ;
#244 = VECTOR ( 'NONE', #1363, 1000.000000000000000 ) ;
#245 = DIRECTION ( 'NONE',  ( 0.0000000000000000000, 0.0000000000000000000, 1.000000000000000000 ) ) ;
#246 = FACE_OUTER_BOUND ( 'NONE', #1931, .T. ) ;
#247 = DIRECTION ( 'NONE',  ( -1.000000000000000000, 0.0000000000000000000, 0.0000000000000000000 ) ) ;
#248 = FACE_OUTER_BOUND ( 'NONE', #1866, .T. ) ;
#249 = VECTOR ( 'NONE', #466, 1000.000000000000000 ) ;
#250 = DIRECTION ( 'NONE',  ( 0.0000000000000000000, 0.0000000000000000000, -1.000000000000000000 ) ) ;
#251 = CARTESIAN_POINT ( 'NONE',  ( 15.69999999999999900, -15.69999999999999900, 0.0000000000000000000 ) ) ;
#252 = EDGE_LOOP ( 'NONE', ( #1140, #488, #731, #1043 ) ) ;
#253 = ORIENTED_EDGE ( 'NONE', *, *, #680, .T. ) ;
#254 = ADVANCED_FACE ( 'NONE', ( #1024 ), #1920, .F. ) ;
#255 = ORIENTED_EDGE ( 'NONE', *, *, #1976, .T. ) ;
#256 = EDGE_CURVE ( 'NONE', #924, #1819, #1318, .T. ) ;
#257 = DIRECTION ( 'NONE',  ( 0.0000000000000000000, -0.0000000000000000000, 1.000000000000000000 ) ) ;
#258 = DIRECTION ( 'NONE',  ( -1.000000000000000000, -8.566535683836084200E-017, 0.0000000000000000000 ) ) ;
#259 = ORIENTED_EDGE ( 'NONE', *, *, #1578, .T. ) ;
#260 = AXIS2_PLACEMENT_3D ( 'NONE', #400, #65, #704 ) ;
#261 = DIRECTION ( 'NONE',  ( 0.0000000000000000000, 1.000000000000000000, 0.0000000000000000000 ) ) ;
#262 = CARTESIAN_POINT ( 'NONE',  ( 21.69999999999999900, 15.70000000000000600, 4.799999999999998900 ) ) ;
#263 = AXIS2_PLACEMENT_3D ( 'NONE', #1219, #1834, #1228 ) ;
#264 = DIRECTION ( 'NONE',  ( 1.000000000000000000, 0.0000000000000000000, 0.0000000000000000000 ) ) ;
#265 = PLANE ( 'NONE',  #1526 ) ;
#266 = ADVANCED_FACE ( 'NONE', ( #743 ), #2004, .T. ) ;
#267 = DIRECTION ( 'NONE',  ( 0.0000000000000000000, 0.0000000000000000000, 1.000000000000000000 ) ) ;
#268 = FACE_OUTER_BOUND ( 'NONE', #227, .T. ) ;
#269 = LINE ( 'NONE', #744, #745 ) ;
#270 = LINE ( 'NONE', #64, #1833 ) ;
#271 = DESIGN_CONTEXT ( 'detailed design', #292, 'design' ) ;
#272 = EDGE_CURVE ( 'NONE', #959, #962, #33, .T. ) ;
#273 = DIRECTION ( 'NONE',  ( -0.0000000000000000000, -1.000000000000000000, -0.0000000000000000000 ) ) ;
#274 = PERSON_AND_ORGANIZATION ( #192, #474 ) ;
#275 = DIRECTION ( 'NONE',  ( 5.323865094895323400E-016, 0.9396926207859061000, -0.3420201433256749900 ) ) ;
#276 = FACE_OUTER_BOUND ( 'NONE', #1209, .T. ) ;
#277 = CARTESIAN_POINT ( 'NONE',  ( -15.70000000000000300, 21.69889475645002700, 5.278477721860356900 ) ) ;
#278 = CIRCLE ( 'NONE', #709, 0.4499999999999999000 ) ;
#279 = CARTESIAN_POINT ( 'NONE',  ( 15.69999999999999900, 21.70000000000000300, 1.500000000000000000 ) ) ;
#280 = ORIENTED_EDGE ( 'NONE', *, *, #914, .F. ) ;
#281 = ADVANCED_FACE ( 'NONE', ( #248 ), #68, .F. ) ;
#282 = ORIENTED_EDGE ( 'NONE', *, *, #1596, .T. ) ;
#283 = DATE_TIME_ROLE ( 'classification_date' ) ;
#284 = CARTESIAN_POINT ( 'NONE',  ( 21.58765097169214900, -15.69999999999998200, 6.549999999999999800 ) ) ;
#285 = ORIENTED_EDGE ( 'NONE', *, *, #633, .T. ) ;
#286 = CARTESIAN_POINT ( 'NONE',  ( 12.99999999999999800, -19.50000000000000400, 1.500000000000000000 ) ) ;
#287 = CARTESIAN_POINT ( 'NONE',  ( -14.00000000000000500, -18.49999999999999600, 1.500000000000000000 ) ) ;
#288 = ORIENTED_EDGE ( 'NONE', *, *, #1489, .T. ) ;
#289 = ORIENTED_EDGE ( 'NONE', *, *, #536, .F. ) ;
#290 = EDGE_CURVE ( 'NONE', #965, #1464, #522, .T. ) ;
#291 = ORIENTED_EDGE ( 'NONE', *, *, #1658, .F. ) ;
#292 = APPLICATION_CONTEXT ( 'configuration controlled 3d designs of mechanical parts and assemblies' ) ;
#293 = CARTESIAN_POINT ( 'NONE',  ( 20.25000000000000000, 17.24999999999999600, 2.700000000000000200 ) ) ;
#294 = VERTEX_POINT ( 'NONE', #689 ) ;
#295 = CARTESIAN_POINT ( 'NONE',  ( 15.69999999999999900, 15.70000000000000600, 4.855616042506699900 ) ) ;
#296 = VECTOR ( 'NONE', #483, 1000.000000000000000 ) ;
#297 = EDGE_CURVE ( 'NONE', #1681, #1436, #883, .T. ) ;
#298 = LINE ( 'NONE', #1223, #1123 ) ;
#299 = LINE ( 'NONE', #932, #175 ) ;
#300 = DIRECTION ( 'NONE',  ( 0.0000000000000000000, 1.000000000000000000, 0.0000000000000000000 ) ) ;
#301 = VECTOR ( 'NONE', #1975, 1000.000000000000000 ) ;
#302 = AXIS2_PLACEMENT_3D ( 'NONE', #525, #53, #1142 ) ;
#303 = ORIENTED_EDGE ( 'NONE', *, *, #45, .F. ) ;
#304 = CARTESIAN_POINT ( 'NONE',  ( 18.75000000000010700, 18.74999999999990800, 1.500000000000000000 ) ) ;
#305 = VERTEX_POINT ( 'NONE', #678 ) ;
#306 = CARTESIAN_POINT ( 'NONE',  ( -12.99999999999999800, -20.24999999999999600, 2.700000000000000200 ) ) ;
#307 = AXIS2_PLACEMENT_3D ( 'NONE', #1863, #436, #1070 ) ;
#308 = ORIENTED_EDGE ( 'NONE', *, *, #99, .F. ) ;
#309 = DIRECTION ( 'NONE',  ( 1.000000000000000000, 2.209838822900391100E-016, -0.0000000000000000000 ) ) ;
#310 = ORIENTED_EDGE ( 'NONE', *, *, #1334, .F. ) ;
#311 = EDGE_CURVE ( 'NONE', #1212, #112, #719, .T. ) ;
#312 = PLANE ( 'NONE',  #1504 ) ;
#313 = ORIENTED_EDGE ( 'NONE', *, *, #2005, .T. ) ;
#314 = EDGE_CURVE ( 'NONE', #1668, #160, #1172, .T. ) ;
#315 = DIRECTION ( 'NONE',  ( 1.000000000000000000, 0.0000000000000000000, 0.0000000000000000000 ) ) ;
#316 = DIRECTION ( 'NONE',  ( 0.0000000000000000000, 0.0000000000000000000, -1.000000000000000000 ) ) ;
#317 = DIRECTION ( 'NONE',  ( 0.0000000000000000000, 0.0000000000000000000, 1.000000000000000000 ) ) ;
#318 = LINE ( 'NONE', #1290, #1144 ) ;
#319 = CIRCLE ( 'NONE', #302, 0.4499999999999999000 ) ;
#320 = LINE ( 'NONE', #6, #999 ) ;
#321 = DIRECTION ( 'NONE',  ( 1.000000000000000000, 0.0000000000000000000, 0.0000000000000000000 ) ) ;
#322 = LINE ( 'NONE', #1295, #1926 ) ;
#323 = VECTOR ( 'NONE', #1039, 1000.000000000000000 ) ;
#324 = EDGE_CURVE ( 'NONE', #1494, #947, #322, .T. ) ;
#325 = LOCAL_TIME ( 11, 28, 28.00000000000000000, #482 ) ;
#326 = ORIENTED_EDGE ( 'NONE', *, *, #1274, .T. ) ;
#327 = AXIS2_PLACEMENT_3D ( 'NONE', #1207, #409, #1664 ) ;
#328 = ORIENTED_EDGE ( 'NONE', *, *, #574, .F. ) ;
#329 = DIRECTION ( 'NONE',  ( 1.000000000000000000, -9.912705577010338400E-016, 0.0000000000000000000 ) ) ;
#330 = PLANE ( 'NONE',  #697 ) ;
#331 = ORIENTED_EDGE ( 'NONE', *, *, #1684, .F. ) ;
#332 = ORIENTED_EDGE ( 'NONE', *, *, #1771, .F. ) ;
#333 = DIRECTION ( 'NONE',  ( 1.000000000000000000, 0.0000000000000000000, 0.0000000000000000000 ) ) ;
#334 = EDGE_LOOP ( 'NONE', ( #439, #675, #1748, #559 ) ) ;
#335 = EDGE_CURVE ( 'NONE', #924, #407, #50, .T. ) ;
#336 = DIRECTION ( 'NONE',  ( 0.08715574274765443300, -9.342010006888613600E-017, -0.9961946980917458800 ) ) ;
#337 = AXIS2_PLACEMENT_3D ( 'NONE', #739, #92, #1332 ) ;
#338 = EDGE_LOOP ( 'NONE', ( #1442, #1088, #896, #1355 ) ) ;
#339 = CC_DESIGN_PERSON_AND_ORGANIZATION_ASSIGNMENT ( #421, #612, ( #976 ) ) ;
#340 = CARTESIAN_POINT ( 'NONE',  ( 12.99999999999999800, 20.25000000000000400, 2.700000000000000200 ) ) ;
#341 = VECTOR ( 'NONE', #191, 1000.000000000000100 ) ;
#342 = DIRECTION ( 'NONE',  ( 0.0000000000000000000, 0.0000000000000000000, 1.000000000000000000 ) ) ;
#343 = LINE ( 'NONE', #667, #1951 ) ;
#344 = VECTOR ( 'NONE', #1973, 1000.000000000000000 ) ;
#345 = LINE ( 'NONE', #708, #1433 ) ;
#346 = CARTESIAN_POINT ( 'NONE',  ( 15.69999999999999900, -15.69999999999999900, 4.855616042506699900 ) ) ;
#347 = ORIENTED_EDGE ( 'NONE', *, *, #1530, .F. ) ;
#348 = CARTESIAN_POINT ( 'NONE',  ( -19.00000000000000000, 18.50000000000000700, 1.500000000000000000 ) ) ;
#349 = EDGE_CURVE ( 'NONE', #1397, #995, #345, .T. ) ;
#350 = CARTESIAN_POINT ( 'NONE',  ( -12.99999999999999800, 19.50000000000001400, 1.500000000000000000 ) ) ;
#351 = ORIENTED_EDGE ( 'NONE', *, *, #1517, .F. ) ;
#352 = CARTESIAN_POINT ( 'NONE',  ( 15.70000000000001200, -21.85280382094658000, 4.855616042506699000 ) ) ;
#353 = ORIENTED_EDGE ( 'NONE', *, *, #1118, .T. ) ;
#354 = VERTEX_POINT ( 'NONE', #1452 ) ;
#355 = CARTESIAN_POINT ( 'NONE',  ( 22.03593858583343500, -15.69999999999998200, 6.589220084236443700 ) ) ;
#356 = CARTESIAN_POINT ( 'NONE',  ( -15.70000000000000300, -15.70000000000000600, 6.549999999999999800 ) ) ;
#357 = ORIENTED_EDGE ( 'NONE', *, *, #1118, .F. ) ;
#358 = DIRECTION ( 'NONE',  ( 0.7071067811865500200, 0.7071067811865451300, -0.0000000000000000000 ) ) ;
#359 = EDGE_CURVE ( 'NONE', #1206, #83, #1536, .T. ) ;
#360 = DIRECTION ( 'NONE',  ( 0.9961946980917458800, -1.100714859505337100E-016, 0.08715574274765443300 ) ) ;
#361 = AXIS2_PLACEMENT_3D ( 'NONE', #95, #417, #1188 ) ;
#362 = DIRECTION ( 'NONE',  ( -0.9396926207859061000, 1.007233440967672200E-015, -0.3420201433256749900 ) ) ;
#363 = CALENDAR_DATE ( 2016, 4, 8 ) ;
#364 = FACE_OUTER_BOUND ( 'NONE', #661, .T. ) ;
#365 = CC_DESIGN_PERSON_AND_ORGANIZATION_ASSIGNMENT ( #184, #906, ( #1970 ) ) ;
#366 = DIRECTION ( 'NONE',  ( 0.0000000000000000000, 0.0000000000000000000, 1.000000000000000000 ) ) ;
#367 = FACE_OUTER_BOUND ( 'NONE', #1154, .T. ) ;
#368 = VECTOR ( 'NONE', #1413, 1000.000000000000000 ) ;
#369 = DIRECTION ( 'NONE',  ( -2.150463531219565500E-017, -0.9396926207859061000, -0.3420201433256749900 ) ) ;
#370 = VECTOR ( 'NONE', #1516, 1000.000000000000100 ) ;
#371 = CIRCLE ( 'NONE', #1561, 0.4499999999999999000 ) ;
#372 = PRODUCT_DEFINITION_SHAPE ( 'NONE', 'NONE',  #792 ) ;
#373 = ORIENTED_EDGE ( 'NONE', *, *, #504, .F. ) ;
#374 = EDGE_CURVE ( 'NONE', #1567, #1030, #426, .T. ) ;
#375 = ORIENTED_EDGE ( 'NONE', *, *, #654, .T. ) ;
#376 = CARTESIAN_POINT ( 'NONE',  ( 14.00000000000001200, -18.49999999999999600, 2.700000000000000200 ) ) ;
#377 = CARTESIAN_POINT ( 'NONE',  ( -15.70000000000000300, 21.58765097169215600, 6.999999999999999100 ) ) ;
#378 = VERTEX_POINT ( 'NONE', #1139 ) ;
#379 = EDGE_CURVE ( 'NONE', #402, #1982, #669, .T. ) ;
#380 = EDGE_LOOP ( 'NONE', ( #796, #1190, #189, #1910 ) ) ;
#381 = DIRECTION ( 'NONE',  ( 1.000000000000000000, 0.0000000000000000000, 0.0000000000000000000 ) ) ;
#382 = ADVANCED_FACE ( 'NONE', ( #816 ), #1341, .F. ) ;
#383 = AXIS2_PLACEMENT_3D ( 'NONE', #1851, #423, #1041 ) ;
#384 = ORIENTED_EDGE ( 'NONE', *, *, #923, .T. ) ;
#385 = ORIENTED_EDGE ( 'NONE', *, *, #290, .T. ) ;
#386 = CARTESIAN_POINT ( 'NONE',  ( 12.99999999999999800, -19.50000000000000400, 2.700000000000000200 ) ) ;
#387 = VERTEX_POINT ( 'NONE', #882 ) ;
#388 = EDGE_CURVE ( 'NONE', #1110, #1259, #1126, .T. ) ;
#389 = CARTESIAN_POINT ( 'NONE',  ( 20.25000000000000000, -20.24999999999999300, 6.999999999999999100 ) ) ;
#390 = CARTESIAN_POINT ( 'NONE',  ( 21.85280382094658000, 15.70000000000002200, 4.855616042506699900 ) ) ;
#391 = ADVANCED_FACE ( 'NONE', ( #911 ), #1637, .T. ) ;
#392 = AXIS2_PLACEMENT_3D ( 'NONE', #133, #910, #1060 ) ;
#393 = CARTESIAN_POINT ( 'NONE',  ( 17.24999999999998600, -20.24999999999999300, 2.700000000000000200 ) ) ;
#394 = VECTOR ( 'NONE', #1293, 1000.000000000000000 ) ;
#395 = VECTOR ( 'NONE', #1613, 1000.000000000000000 ) ;
#396 = VECTOR ( 'NONE', #798, 1000.000000000000100 ) ;
#397 = FACE_OUTER_BOUND ( 'NONE', #1585, .T. ) ;
#398 = CARTESIAN_POINT ( 'NONE',  ( -12.99999999999999800, 20.25000000000000400, 2.700000000000000200 ) ) ;
#399 = VECTOR ( 'NONE', #362, 1000.000000000000000 ) ;
#400 = CARTESIAN_POINT ( 'NONE',  ( -15.69999999999999900, 15.69999999999999900, 1.500000000000000000 ) ) ;
#401 = CARTESIAN_POINT ( 'NONE',  ( 15.69999999999999900, -15.69999999999999900, 4.799999999999998900 ) ) ;
#402 = VERTEX_POINT ( 'NONE', #1648 ) ;
#403 = DIRECTION ( 'NONE',  ( -9.912705577010338400E-016, -1.000000000000000000, 0.0000000000000000000 ) ) ;
#404 = ORIENTED_EDGE ( 'NONE', *, *, #574, .T. ) ;
#405 = ADVANCED_FACE ( 'NONE', ( #1955 ), #861, .T. ) ;
#406 = EDGE_CURVE ( 'NONE', #1710, #1513, #1084, .T. ) ;
#407 = VERTEX_POINT ( 'NONE', #262 ) ;
#408 = CARTESIAN_POINT ( 'NONE',  ( 20.25000000000000000, -17.25000000000000400, 6.999999999999999100 ) ) ;
#409 = DIRECTION ( 'NONE',  ( 0.7071067811865515700, 0.7071067811865435800, 0.0000000000000000000 ) ) ;
#410 = COORDINATED_UNIVERSAL_TIME_OFFSET ( 1, 0, .AHEAD. ) ;
#411 = ORIENTED_EDGE ( 'NONE', *, *, #1166, .F. ) ;
#412 = CARTESIAN_POINT ( 'NONE',  ( 12.99999999999999800, -20.24999999999999600, 1.500000000000000000 ) ) ;
#413 = ORIENTED_EDGE ( 'NONE', *, *, #1155, .F. ) ;
#414 = APPROVAL ( #1522, 'UNSPECIFIED' ) ;
#415 = PLANE ( 'NONE',  #327 ) ;
#416 = ADVANCED_FACE ( 'NONE', ( #1905 ), #425, .T. ) ;
#417 = DIRECTION ( 'NONE',  ( 0.0000000000000000000, 1.000000000000000000, -0.0000000000000000000 ) ) ;
#418 = ORIENTED_EDGE ( 'NONE', *, *, #141, .T. ) ;
#419 = EDGE_CURVE ( 'NONE', #820, #1240, #1862, .T. ) ;
#420 = EDGE_CURVE ( 'NONE', #995, #1940, #837, .T. ) ;
#421 = PERSON_AND_ORGANIZATION ( #192, #474 ) ;
#422 = LINE ( 'NONE', #1423, #1312 ) ;
#423 = DIRECTION ( 'NONE',  ( -0.0000000000000000000, -0.0000000000000000000, -1.000000000000000000 ) ) ;
#424 = LINE ( 'NONE', #1895, #543 ) ;
#425 = PLANE ( 'NONE',  #966 ) ;
#426 = CIRCLE ( 'NONE', #361, 0.4499999999999999000 ) ;
#427 = ADVANCED_FACE ( 'NONE', ( #1679 ), #1042, .F. ) ;
#428 = ORIENTED_EDGE ( 'NONE', *, *, #824, .F. ) ;
#429 = DIRECTION ( 'NONE',  ( -1.000000000000000000, 0.0000000000000000000, 0.0000000000000000000 ) ) ;
#430 = CARTESIAN_POINT ( 'NONE',  ( -12.99999999999999800, -20.24999999999999600, 1.500000000000000000 ) ) ;
#431 = VERTEX_POINT ( 'NONE', #393 ) ;
#432 = ORIENTED_EDGE ( 'NONE', *, *, #1385, .T. ) ;
#433 = DIRECTION ( 'NONE',  ( 0.9396926207859061000, -4.748469314781399300E-016, -0.3420201433256749900 ) ) ;
#434 = ORIENTED_EDGE ( 'NONE', *, *, #1097, .F. ) ;
#435 = EDGE_CURVE ( 'NONE', #1793, #802, #1199, .T. ) ;
#436 = DIRECTION ( 'NONE',  ( -0.0000000000000000000, -0.0000000000000000000, -1.000000000000000000 ) ) ;
#437 = ORIENTED_EDGE ( 'NONE', *, *, #419, .T. ) ;
#438 = DIRECTION ( 'NONE',  ( -0.0000000000000000000, -0.0000000000000000000, 1.000000000000000000 ) ) ;
#439 = ORIENTED_EDGE ( 'NONE', *, *, #963, .T. ) ;
#440 = AXIS2_PLACEMENT_3D ( 'NONE', #877, #1990, #1025 ) ;
#441 = CARTESIAN_POINT ( 'NONE',  ( 20.25000000000000000, 17.24999999999999600, 2.700000000000000200 ) ) ;
#442 = CARTESIAN_POINT ( 'NONE',  ( -20.25000000000000000, -20.25000000000000700, 2.700000000000000200 ) ) ;
#443 = CC_DESIGN_DATE_AND_TIME_ASSIGNMENT ( #146, #1845, ( #792 ) ) ;
#444 = APPLICATION_CONTEXT ( 'configuration controlled 3d designs of mechanical parts and assemblies' ) ;
#445 = CARTESIAN_POINT ( 'NONE',  ( 15.69999999999999900, -15.69999999999999900, 6.589220084236443700 ) ) ;
#446 = ORIENTED_EDGE ( 'NONE', *, *, #1642, .T. ) ;
#447 = CARTESIAN_POINT ( 'NONE',  ( 15.69999999999999900, 15.70000000000000600, 1.500000000000000000 ) ) ;
#448 = EDGE_CURVE ( 'NONE', #1886, #1705, #456, .T. ) ;
#449 = VECTOR ( 'NONE', #537, 1000.000000000000000 ) ;
#450 = VECTOR ( 'NONE', #1345, 1000.000000000000000 ) ;
#451 = LINE ( 'NONE', #673, #368 ) ;
#452 = AXIS2_PLACEMENT_3D ( 'NONE', #596, #1358, #1691 ) ;
#453 = CIRCLE ( 'NONE', #2008, 0.4499999999999999000 ) ;
#454 = VECTOR ( 'NONE', #555, 1000.000000000000000 ) ;
#455 = CARTESIAN_POINT ( 'NONE',  ( -12.99999999999999800, -19.50000000000000400, 1.500000000000000000 ) ) ;
#456 = LINE ( 'NONE', #565, #10 ) ;
#457 = CARTESIAN_POINT ( 'NONE',  ( 12.99999999999999800, 19.50000000000000700, 2.700000000000000200 ) ) ;
#458 = CC_DESIGN_APPROVAL ( #1692, ( #1480 ) ) ;
#459 = ORIENTED_EDGE ( 'NONE', *, *, #1500, .F. ) ;
#460 = VERTEX_POINT ( 'NONE', #412 ) ;
#461 = CARTESIAN_POINT ( 'NONE',  ( -12.99999999999999800, 20.25000000000000400, 2.700000000000000200 ) ) ;
#462 = DIRECTION ( 'NONE',  ( 0.0000000000000000000, 1.000000000000000000, 0.0000000000000000000 ) ) ;
#463 = ORIENTED_EDGE ( 'NONE', *, *, #379, .F. ) ;
#464 = DIRECTION ( 'NONE',  ( -0.7071067811865474600, 0.7071067811865474600, 0.0000000000000000000 ) ) ;
#465 = VERTEX_POINT ( 'NONE', #287 ) ;
#466 = DIRECTION ( 'NONE',  ( -0.0000000000000000000, -0.0000000000000000000, 1.000000000000000000 ) ) ;
#467 = APPROVAL_ROLE ( '' ) ;
#468 = ADVANCED_BREP_SHAPE_REPRESENTATION ( 'Bodenteil_eckig', ( #845, #263 ), #558 ) ;
#469 = CARTESIAN_POINT ( 'NONE',  ( -12.99999999999999800, -19.50000000000000400, 2.700000000000000200 ) ) ;
#470 = CARTESIAN_POINT ( 'NONE',  ( 21.69999999999999900, 21.70000000000000300, 1.500000000000000000 ) ) ;
#471 = EDGE_LOOP ( 'NONE', ( #1817, #291, #1564, #41 ) ) ;
#472 = DIRECTION ( 'NONE',  ( 0.0000000000000000000, 0.0000000000000000000, 1.000000000000000000 ) ) ;
#473 = PLANE ( 'NONE',  #1733 ) ;
#474 = ORGANIZATION ( 'UNSPECIFIED', 'UNSPECIFIED', '' ) ;
#475 = DIRECTION ( 'NONE',  ( -0.0000000000000000000, -0.0000000000000000000, -1.000000000000000000 ) ) ;
#476 = EDGE_CURVE ( 'NONE', #705, #1186, #981, .T. ) ;
#477 = LINE ( 'NONE', #1361, #323 ) ;
#478 = FACE_OUTER_BOUND ( 'NONE', #1814, .T. ) ;
#479 = DIRECTION ( 'NONE',  ( 0.0000000000000000000, 0.0000000000000000000, -1.000000000000000000 ) ) ;
#480 = VECTOR ( 'NONE', #1467, 1000.000000000000000 ) ;
#481 = AXIS2_PLACEMENT_3D ( 'NONE', #251, #586, #1836 ) ;
#482 = COORDINATED_UNIVERSAL_TIME_OFFSET ( 1, 0, .AHEAD. ) ;
#483 = DIRECTION ( 'NONE',  ( 1.000000000000000000, -0.0000000000000000000, -0.0000000000000000000 ) ) ;
#484 = VERTEX_POINT ( 'NONE', #775 ) ;
#485 = DIRECTION ( 'NONE',  ( 0.0000000000000000000, 1.000000000000000000, 0.0000000000000000000 ) ) ;
#486 = ORIENTED_EDGE ( 'NONE', *, *, #39, .F. ) ;
#487 = DIRECTION ( 'NONE',  ( 0.0000000000000000000, 0.0000000000000000000, -1.000000000000000000 ) ) ;
#488 = ORIENTED_EDGE ( 'NONE', *, *, #1402, .T. ) ;
#489 = ORIENTED_EDGE ( 'NONE', *, *, #406, .T. ) ;
#490 = EDGE_CURVE ( 'NONE', #2014, #1791, #1805, .T. ) ;
#491 = DIRECTION ( 'NONE',  ( 0.0000000000000000000, 0.08715574274765443300, -0.9961946980917458800 ) ) ;
#492 = ORIENTED_EDGE ( 'NONE', *, *, #835, .T. ) ;
#493 = DIRECTION ( 'NONE',  ( -9.912705577010338400E-016, -1.000000000000000000, -0.0000000000000000000 ) ) ;
#494 = EDGE_CURVE ( 'NONE', #1010, #1494, #127, .T. ) ;
#495 = DIRECTION ( 'NONE',  ( -1.000000000000000000, -2.209838822900391100E-016, 0.0000000000000000000 ) ) ;
#496 = ORIENTED_EDGE ( 'NONE', *, *, #1722, .T. ) ;
#497 = AXIS2_PLACEMENT_3D ( 'NONE', #295, #1534, #613 ) ;
#498 = LINE ( 'NONE', #759, #784 ) ;
#499 = FACE_OUTER_BOUND ( 'NONE', #1394, .T. ) ;
#500 = LINE ( 'NONE', #1912, #1974 ) ;
#501 = VECTOR ( 'NONE', #150, 1000.000000000000000 ) ;
#502 = LINE ( 'NONE', #441, #1225 ) ;
#503 = DIRECTION ( 'NONE',  ( 0.0000000000000000000, -0.0000000000000000000, 1.000000000000000000 ) ) ;
#504 = EDGE_CURVE ( 'NONE', #822, #986, #298, .T. ) ;
#505 = VECTOR ( 'NONE', #1749, 1000.000000000000000 ) ;
#506 = EDGE_LOOP ( 'NONE', ( #200, #627, #35, #351 ) ) ;
#507 = AXIS2_PLACEMENT_3D ( 'NONE', #1529, #1210, #1506 ) ;
#508 = ORIENTED_EDGE ( 'NONE', *, *, #884, .T. ) ;
#509 = DIRECTION ( 'NONE',  ( -1.000000000000000000, 0.0000000000000000000, 0.0000000000000000000 ) ) ;
#510 = CARTESIAN_POINT ( 'NONE',  ( 15.69999999999999900, -15.69999999999999900, 5.317697806096796300 ) ) ;
#511 = ORIENTED_EDGE ( 'NONE', *, *, #1250, .T. ) ;
#512 = EDGE_LOOP ( 'NONE', ( #1957, #801, #610, #1607 ) ) ;
#513 = DIRECTION ( 'NONE',  ( 0.0000000000000000000, -1.000000000000000000, 0.0000000000000000000 ) ) ;
#514 = VERTEX_POINT ( 'NONE', #748 ) ;
#515 = EDGE_CURVE ( 'NONE', #965, #1397, #956, .T. ) ;
#516 = DIRECTION ( 'NONE',  ( 1.000000000000000000, 0.0000000000000000000, 0.0000000000000000000 ) ) ;
#517 = DIRECTION ( 'NONE',  ( 1.000000000000000000, -0.0000000000000000000, 0.0000000000000000000 ) ) ;
#518 = CARTESIAN_POINT ( 'NONE',  ( -15.70000000000000300, -15.70000000000000600, 0.0000000000000000000 ) ) ;
#519 = VECTOR ( 'NONE', #1725, 1000.000000000000000 ) ;
#520 = LINE ( 'NONE', #1067, #195 ) ;
#521 = EDGE_CURVE ( 'NONE', #822, #2014, #1368, .T. ) ;
#522 = CIRCLE ( 'NONE', #726, 5.887650971692158600 ) ;
#523 = CARTESIAN_POINT ( 'NONE',  ( 4.770522921246867600E-015, -21.58765097169215600, 6.549999999999999800 ) ) ;
#524 = ORIENTED_EDGE ( 'NONE', *, *, #1596, .F. ) ;
#525 = CARTESIAN_POINT ( 'NONE',  ( -15.70000000000000300, 21.69889475645002700, 5.278477721860356900 ) ) ;
#526 = EDGE_CURVE ( 'NONE', #120, #1681, #717, .T. ) ;
#527 = ORIENTED_EDGE ( 'NONE', *, *, #550, .F. ) ;
#528 = ORIENTED_EDGE ( 'NONE', *, *, #736, .F. ) ;
#529 = ORIENTED_EDGE ( 'NONE', *, *, #1798, .T. ) ;
#530 = CARTESIAN_POINT ( 'NONE',  ( -20.25000000000000000, -17.24999999999999300, 6.999999999999999100 ) ) ;
#531 = CARTESIAN_POINT ( 'NONE',  ( 22.17727699969673700, -15.69999999999998200, 4.973714621389497400 ) ) ;
#532 = ORIENTED_EDGE ( 'NONE', *, *, #1020, .T. ) ;
#533 = CARTESIAN_POINT ( 'NONE',  ( 17.24999999999998600, -20.24999999999999300, 6.999999999999999100 ) ) ;
#534 = ORIENTED_EDGE ( 'NONE', *, *, #750, .T. ) ;
#535 = ORIENTED_EDGE ( 'NONE', *, *, #734, .T. ) ;
#536 = EDGE_CURVE ( 'NONE', #1257, #1886, #453, .T. ) ;
#537 = DIRECTION ( 'NONE',  ( -9.912705577010318600E-016, 1.000000000000000000, 0.0000000000000000000 ) ) ;
#538 = CARTESIAN_POINT ( 'NONE',  ( 21.69889475645002000, -15.69999999999998200, 5.278477721860356900 ) ) ;
#539 = PERSON_AND_ORGANIZATION ( #192, #474 ) ;
#540 = LINE ( 'NONE', #855, #1971 ) ;
#541 = DIRECTION ( 'NONE',  ( -1.000000000000000000, 0.0000000000000000000, 0.0000000000000000000 ) ) ;
#542 = FACE_OUTER_BOUND ( 'NONE', #1450, .T. ) ;
#543 = VECTOR ( 'NONE', #1569, 1000.000000000000000 ) ;
#544 = CARTESIAN_POINT ( 'NONE',  ( -15.70000000000000300, -21.70000000000000300, 1.500000000000000000 ) ) ;
#545 = CIRCLE ( 'NONE', #554, 0.4499999999999999000 ) ;
#546 = DIRECTION ( 'NONE',  ( -9.912705577010338400E-016, 1.000000000000000000, 0.0000000000000000000 ) ) ;
#547 = FACE_OUTER_BOUND ( 'NONE', #581, .T. ) ;
#548 = DIRECTION ( 'NONE',  ( 0.0000000000000000000, -0.9396926207859061000, -0.3420201433256749300 ) ) ;
#549 = ORIENTED_EDGE ( 'NONE', *, *, #590, .F. ) ;
#550 = EDGE_CURVE ( 'NONE', #807, #793, #194, .T. ) ;
#551 = ORIENTED_EDGE ( 'NONE', *, *, #1696, .F. ) ;
#552 = CARTESIAN_POINT ( 'NONE',  ( -19.00000000000001400, -18.49999999999999600, 2.700000000000000200 ) ) ;
#553 = ORIENTED_EDGE ( 'NONE', *, *, #1980, .T. ) ;
#554 = AXIS2_PLACEMENT_3D ( 'NONE', #1884, #958, #1406 ) ;
#555 = DIRECTION ( 'NONE',  ( -1.000000000000000000, -0.0000000000000000000, -0.0000000000000000000 ) ) ;
#556 = ORIENTED_EDGE ( 'NONE', *, *, #23, .T. ) ;
#557 = CARTESIAN_POINT ( 'NONE',  ( 20.25000000000000000, 18.50000000000000700, 2.700000000000000200 ) ) ;
#558 =( GEOMETRIC_REPRESENTATION_CONTEXT ( 3 ) GLOBAL_UNCERTAINTY_ASSIGNED_CONTEXT ( ( #1117 ) ) GLOBAL_UNIT_ASSIGNED_CONTEXT ( ( #1693, #752, #131 ) ) REPRESENTATION_CONTEXT ( 'NONE', 'WORKASPACE' ) );
#559 = ORIENTED_EDGE ( 'NONE', *, *, #1237, .T. ) ;
#560 = PLANE ( 'NONE',  #730 ) ;
#561 = ORIENTED_EDGE ( 'NONE', *, *, #939, .F. ) ;
#562 = ADVANCED_FACE ( 'NONE', ( #1903 ), #1050, .F. ) ;
#563 = EDGE_CURVE ( 'NONE', #176, #1612, #1431, .T. ) ;
#564 = CARTESIAN_POINT ( 'NONE',  ( 15.69999999999999900, -21.69999999999999600, 4.799999999999998900 ) ) ;
#565 = CARTESIAN_POINT ( 'NONE',  ( 22.17727699969673700, -15.69999999999998200, 4.973714621389497400 ) ) ;
#566 = ADVANCED_FACE ( 'NONE', ( #1051 ), #1481, .T. ) ;
#567 = CIRCLE ( 'NONE', #193, 6.000000000000000000 ) ;
#568 = VECTOR ( 'NONE', #880, 1000.000000000000000 ) ;
#569 = VECTOR ( 'NONE', #1916, 1000.000000000000000 ) ;
#570 = CARTESIAN_POINT ( 'NONE',  ( -19.00000000000001400, -18.49999999999999600, 6.999999999999999100 ) ) ;
#571 = FACE_OUTER_BOUND ( 'NONE', #887, .T. ) ;
#572 = CARTESIAN_POINT ( 'NONE',  ( -22.17727699969674800, -15.70000000000001200, 4.973714621389497400 ) ) ;
#573 = ORIENTED_EDGE ( 'NONE', *, *, #1286, .F. ) ;
#574 = EDGE_CURVE ( 'NONE', #1768, #1893, #1079, .T. ) ;
#575 = ORIENTED_EDGE ( 'NONE', *, *, #1284, .F. ) ;
#576 = CARTESIAN_POINT ( 'NONE',  ( 12.99999999999999800, 20.25000000000000400, 2.700000000000000200 ) ) ;
#577 = CARTESIAN_POINT ( 'NONE',  ( -21.58765097169215600, 4.770522921246867600E-015, 6.549999999999999800 ) ) ;
#578 = COORDINATED_UNIVERSAL_TIME_OFFSET ( 1, 0, .AHEAD. ) ;
#579 = ADVANCED_FACE ( 'NONE', ( #979 ), #135, .T. ) ;
#580 = AXIS2_PLACEMENT_3D ( 'NONE', #1428, #62, #851 ) ;
#581 = EDGE_LOOP ( 'NONE', ( #418, #385, #353, #326, #601, #153, #679, #984 ) ) ;
#582 = DIRECTION ( 'NONE',  ( 0.7071067811865500200, 0.7071067811865451300, -0.0000000000000000000 ) ) ;
#583 = CARTESIAN_POINT ( 'NONE',  ( 20.25000000000000000, -20.24999999999999300, 6.999999999999999100 ) ) ;
#584 = ORIENTED_EDGE ( 'NONE', *, *, #39, .T. ) ;
#585 = ORIENTED_EDGE ( 'NONE', *, *, #199, .F. ) ;
#586 = DIRECTION ( 'NONE',  ( -0.0000000000000000000, 0.0000000000000000000, -1.000000000000000000 ) ) ;
#587 = EDGE_CURVE ( 'NONE', #1257, #1819, #1224, .T. ) ;
#588 = ADVANCED_FACE ( 'NONE', ( #644 ), #766, .F. ) ;
#589 = ORIENTED_EDGE ( 'NONE', *, *, #419, .F. ) ;
#590 = EDGE_CURVE ( 'NONE', #1612, #1027, #221, .T. ) ;
#591 = FACE_OUTER_BOUND ( 'NONE', #234, .T. ) ;
#592 = DIRECTION ( 'NONE',  ( 1.000000000000000000, 0.0000000000000000000, 0.0000000000000000000 ) ) ;
#593 = LINE ( 'NONE', #1512, #1674 ) ;
#594 = CARTESIAN_POINT ( 'NONE',  ( 20.25000000000000000, -20.24999999999999300, 1.500000000000000000 ) ) ;
#595 = LINE ( 'NONE', #948, #1269 ) ;
#596 = CARTESIAN_POINT ( 'NONE',  ( 0.0000000000000000000, 0.0000000000000000000, 2.700000000000000200 ) ) ;
#597 = VECTOR ( 'NONE', #901, 1000.000000000000000 ) ;
#598 = FACE_OUTER_BOUND ( 'NONE', #778, .T. ) ;
#599 = FACE_OUTER_BOUND ( 'NONE', #918, .T. ) ;
#600 = DIRECTION ( 'NONE',  ( 1.000000000000000000, 0.0000000000000000000, 0.0000000000000000000 ) ) ;
#601 = ORIENTED_EDGE ( 'NONE', *, *, #3, .T. ) ;
#602 = CARTESIAN_POINT ( 'NONE',  ( -15.70000000000000300, 21.69889475645002700, 5.278477721860356900 ) ) ;
#603 = ORIENTED_EDGE ( 'NONE', *, *, #1750, .T. ) ;
#604 = CARTESIAN_POINT ( 'NONE',  ( 22.14718237059130600, -15.69999999999998200, 5.317697806096801600 ) ) ;
#605 = EDGE_LOOP ( 'NONE', ( #573, #1635, #1843, #982, #69, #155 ) ) ;
#606 = AXIS2_PLACEMENT_3D ( 'NONE', #1099, #315, #1544 ) ;
#607 = PERSON_AND_ORGANIZATION_ROLE ( 'creator' ) ;
#608 = ORIENTED_EDGE ( 'NONE', *, *, #680, .F. ) ;
#609 = CARTESIAN_POINT ( 'NONE',  ( -12.99999999999999800, 20.25000000000000400, 1.500000000000000000 ) ) ;
#610 = ORIENTED_EDGE ( 'NONE', *, *, #1195, .F. ) ;
#611 = DIRECTION ( 'NONE',  ( -0.0000000000000000000, -1.000000000000000000, -0.0000000000000000000 ) ) ;
#612 = PERSON_AND_ORGANIZATION_ROLE ( 'design_owner' ) ;
#613 = DIRECTION ( 'NONE',  ( -1.000000000000000000, 0.0000000000000000000, 0.0000000000000000000 ) ) ;
#614 = CARTESIAN_POINT ( 'NONE',  ( 13.99999999999999800, 18.50000000000000700, 2.700000000000000200 ) ) ;
#615 = CARTESIAN_POINT ( 'NONE',  ( -15.70000000000000300, 21.58765097169215600, 6.549999999999999800 ) ) ;
#616 = EDGE_CURVE ( 'NONE', #807, #1494, #545, .T. ) ;
#617 = LINE ( 'NONE', #1663, #903 ) ;
#618 = AXIS2_PLACEMENT_3D ( 'NONE', #447, #1683, #912 ) ;
#619 = PERSON_AND_ORGANIZATION_ROLE ( 'creator' ) ;
#620 = CALENDAR_DATE ( 2016, 4, 8 ) ;
#621 = VECTOR ( 'NONE', #1838, 1000.000000000000000 ) ;
#622 = CONICAL_SURFACE ( 'NONE', #1492, 6.477276999696743000, 1.221730476396024200 ) ;
#623 = CARTESIAN_POINT ( 'NONE',  ( -15.69999999999999200, -22.14718237059131700, 5.317697806096801600 ) ) ;
#624 = AXIS2_PLACEMENT_3D ( 'NONE', #1184, #886, #1803 ) ;
#625 = EDGE_LOOP ( 'NONE', ( #38, #1915, #446, #1656 ) ) ;
#626 = CARTESIAN_POINT ( 'NONE',  ( -21.69999999999999900, -15.70000000000000600, 1.500000000000000000 ) ) ;
#627 = ORIENTED_EDGE ( 'NONE', *, *, #164, .F. ) ;
#628 = ORIENTED_EDGE ( 'NONE', *, *, #476, .T. ) ;
#629 = EDGE_CURVE ( 'NONE', #205, #1464, #1730, .T. ) ;
#630 = CARTESIAN_POINT ( 'NONE',  ( -20.25000000000000000, -17.24999999999999300, 6.999999999999999100 ) ) ;
#631 = DIRECTION ( 'NONE',  ( 0.0000000000000000000, 0.0000000000000000000, -1.000000000000000000 ) ) ;
#632 = ORIENTED_EDGE ( 'NONE', *, *, #490, .T. ) ;
#633 = EDGE_CURVE ( 'NONE', #1401, #460, #1782, .T. ) ;
#634 = ORIENTED_EDGE ( 'NONE', *, *, #1068, .T. ) ;
#635 = ORIENTED_EDGE ( 'NONE', *, *, #180, .T. ) ;
#636 = DIRECTION ( 'NONE',  ( 0.0000000000000000000, 0.0000000000000000000, -1.000000000000000000 ) ) ;
#637 = ORIENTED_EDGE ( 'NONE', *, *, #830, .T. ) ;
#638 = DIRECTION ( 'NONE',  ( -9.912705577010318600E-016, 1.000000000000000000, 0.0000000000000000000 ) ) ;
#639 = LINE ( 'NONE', #576, #7 ) ;
#640 = EDGE_CURVE ( 'NONE', #820, #1232, #1752, .T. ) ;
#641 = CYLINDRICAL_SURFACE ( 'NONE', #1359, 0.4499999999999990100 ) ;
#642 = VECTOR ( 'NONE', #1122, 1000.000000000000000 ) ;
#643 = CARTESIAN_POINT ( 'NONE',  ( -16.24999999999996100, 16.25000000000007500, 2.700000000000000200 ) ) ;
#644 = FACE_OUTER_BOUND ( 'NONE', #625, .T. ) ;
#645 = ADVANCED_FACE ( 'NONE', ( #665 ), #1271, .T. ) ;
#646 = VECTOR ( 'NONE', #1375, 1000.000000000000000 ) ;
#647 = FACE_OUTER_BOUND ( 'NONE', #1763, .T. ) ;
#648 = DIRECTION ( 'NONE',  ( 0.0000000000000000000, -0.0000000000000000000, 1.000000000000000000 ) ) ;
#649 = VERTEX_POINT ( 'NONE', #1695 ) ;
#650 = ORIENTED_EDGE ( 'NONE', *, *, #1195, .T. ) ;
#651 = CARTESIAN_POINT ( 'NONE',  ( 15.69999999999999900, -21.69999999999999600, 0.0000000000000000000 ) ) ;
#652 = ORIENTED_EDGE ( 'NONE', *, *, #1391, .F. ) ;
#653 = ORIENTED_EDGE ( 'NONE', *, *, #668, .F. ) ;
#654 = EDGE_CURVE ( 'NONE', #83, #1796, #768, .T. ) ;
#655 = ORIENTED_EDGE ( 'NONE', *, *, #490, .F. ) ;
#656 = DIRECTION ( 'NONE',  ( 0.0000000000000000000, 0.0000000000000000000, 1.000000000000000000 ) ) ;
#657 = EDGE_LOOP ( 'NONE', ( #1352, #1399, #839, #1908, #707, #432, #1714, #1320, #328, #603, #1007, #1960, #373, #59, #1594, #21, #1542, #108, #1490, #889 ) ) ;
#658 = DIRECTION ( 'NONE',  ( 0.0000000000000000000, 0.0000000000000000000, 1.000000000000000000 ) ) ;
#659 = CC_DESIGN_PERSON_AND_ORGANIZATION_ASSIGNMENT ( #1590, #607, ( #1970 ) ) ;
#660 = CARTESIAN_POINT ( 'NONE',  ( -15.70000000000000300, 22.14889475645002600, 5.278477721860356900 ) ) ;
#661 = EDGE_LOOP ( 'NONE', ( #1839, #805, #1297, #584 ) ) ;
#662 = CARTESIAN_POINT ( 'NONE',  ( -20.25000000000000000, -18.49999999999999600, 2.700000000000000200 ) ) ;
#663 = VECTOR ( 'NONE', #1429, 1000.000000000000000 ) ;
#664 = CARTESIAN_POINT ( 'NONE',  ( -12.99999999999999800, -20.24999999999999600, 2.700000000000000200 ) ) ;
#665 = FACE_OUTER_BOUND ( 'NONE', #19, .T. ) ;
#666 = FACE_OUTER_BOUND ( 'NONE', #1177, .T. ) ;
#667 = CARTESIAN_POINT ( 'NONE',  ( -20.25000000000000000, 17.25000000000000700, 6.999999999999999100 ) ) ;
#668 = EDGE_CURVE ( 'NONE', #160, #1911, #31, .T. ) ;
#669 = CIRCLE ( 'NONE', #1278, 0.4499999999999999000 ) ;
#670 = CARTESIAN_POINT ( 'NONE',  ( -14.00000000000000500, -18.49999999999999600, 2.700000000000000200 ) ) ;
#671 = LINE ( 'NONE', #626, #249 ) ;
#672 = VERTEX_POINT ( 'NONE', #791 ) ;
#673 = CARTESIAN_POINT ( 'NONE',  ( 20.25000000000000000, -18.49999999999999600, 2.700000000000000200 ) ) ;
#674 = CARTESIAN_POINT ( 'NONE',  ( -22.00000000000000400, -15.70000000000001200, 6.999999999999999100 ) ) ;
#675 = ORIENTED_EDGE ( 'NONE', *, *, #324, .T. ) ;
#676 = PERSON_AND_ORGANIZATION ( #192, #474 ) ;
#677 = ORIENTED_EDGE ( 'NONE', *, *, #939, .T. ) ;
#678 = CARTESIAN_POINT ( 'NONE',  ( 21.58765097169214900, -15.69999999999998200, 6.999999999999999100 ) ) ;
#679 = ORIENTED_EDGE ( 'NONE', *, *, #1696, .T. ) ;
#680 = EDGE_CURVE ( 'NONE', #672, #799, #76, .T. ) ;
#681 = DIRECTION ( 'NONE',  ( -1.000000000000000000, 0.0000000000000000000, 0.0000000000000000000 ) ) ;
#682 = CARTESIAN_POINT ( 'NONE',  ( 15.69999999999997800, 21.85280382094658700, 4.855616042506699900 ) ) ;
#683 = ADVANCED_FACE ( 'NONE', ( #1628 ), #927, .F. ) ;
#684 = DIRECTION ( 'NONE',  ( -4.937842506902369700E-017, -0.08715574274765443300, -0.9961946980917458800 ) ) ;
#685 = AXIS2_PLACEMENT_3D ( 'NONE', #211, #838, #1005 ) ;
#686 = CARTESIAN_POINT ( 'NONE',  ( 12.99999999999999800, 19.50000000000000700, 2.700000000000000200 ) ) ;
#687 = DIRECTION ( 'NONE',  ( 2.201429719010674100E-016, -0.9961946980917458800, 0.08715574274765443300 ) ) ;
#688 = CIRCLE ( 'NONE', #1441, 6.152803820946583200 ) ;
#689 = CARTESIAN_POINT ( 'NONE',  ( -14.00000000000001600, 18.50000000000000700, 2.700000000000000200 ) ) ;
#690 = CIRCLE ( 'NONE', #1870, 6.335938585833443600 ) ;
#691 = LINE ( 'NONE', #1435, #663 ) ;
#692 = VECTOR ( 'NONE', #1736, 1000.000000000000000 ) ;
#693 = LINE ( 'NONE', #836, #128 ) ;
#694 = DIRECTION ( 'NONE',  ( -1.000000000000000000, -2.209838822900391100E-016, -2.322955749918415700E-035 ) ) ;
#695 = ORIENTED_EDGE ( 'NONE', *, *, #1743, .T. ) ;
#696 = DIRECTION ( 'NONE',  ( 1.000000000000000000, 8.566535683836085500E-017, 0.0000000000000000000 ) ) ;
#697 = AXIS2_PLACEMENT_3D ( 'NONE', #470, #179, #1388 ) ;
#698 = CARTESIAN_POINT ( 'NONE',  ( 22.14718237059130600, -15.69999999999998200, 5.317697806096801600 ) ) ;
#699 = ORIENTED_EDGE ( 'NONE', *, *, #1551, .T. ) ;
#700 = ORIENTED_EDGE ( 'NONE', *, *, #1274, .F. ) ;
#701 = AXIS2_PLACEMENT_3D ( 'NONE', #445, #1689, #2010 ) ;
#702 = EDGE_LOOP ( 'NONE', ( #535, #632, #1889, #747 ) ) ;
#703 = DIRECTION ( 'NONE',  ( -0.7071067811865435800, 0.7071067811865515700, -0.0000000000000000000 ) ) ;
#704 = DIRECTION ( 'NONE',  ( -1.000000000000000000, 0.0000000000000000000, 0.0000000000000000000 ) ) ;
#705 = VERTEX_POINT ( 'NONE', #1111 ) ;
#706 = PLANE ( 'NONE',  #1302 ) ;
#707 = ORIENTED_EDGE ( 'NONE', *, *, #71, .F. ) ;
#708 = CARTESIAN_POINT ( 'NONE',  ( 15.69999999999998200, 22.03593858583344900, 6.589220084236443700 ) ) ;
#709 = AXIS2_PLACEMENT_3D ( 'NONE', #159, #1087, #317 ) ;
#710 = DIRECTION ( 'NONE',  ( -1.000000000000000000, -2.569960705150825400E-016, 0.0000000000000000000 ) ) ;
#711 = CARTESIAN_POINT ( 'NONE',  ( -14.00000000000000700, -18.49999999999999600, 2.700000000000000200 ) ) ;
#712 = CARTESIAN_POINT ( 'NONE',  ( -17.25000000000002500, -20.25000000000000400, 6.999999999999999100 ) ) ;
#713 = AXIS2_PLACEMENT_3D ( 'NONE', #1620, #1329, #868 ) ;
#714 = ADVANCED_FACE ( 'NONE', ( #1389 ), #813, .T. ) ;
#715 = CARTESIAN_POINT ( 'NONE',  ( 17.25000000000002500, 20.25000000000000400, 6.999999999999999100 ) ) ;
#716 = CYLINDRICAL_SURFACE ( 'NONE', #1715, 0.4499999999999990100 ) ;
#717 = LINE ( 'NONE', #279, #1414 ) ;
#718 = CIRCLE ( 'NONE', #815, 5.999999999999994700 ) ;
#719 = LINE ( 'NONE', #1617, #480 ) ;
#720 = EDGE_CURVE ( 'NONE', #112, #514, #1291, .T. ) ;
#721 = ORIENTED_EDGE ( 'NONE', *, *, #1037, .T. ) ;
#722 = CARTESIAN_POINT ( 'NONE',  ( -15.70000000000000300, -15.70000000000000600, 4.855616042506699900 ) ) ;
#723 = DIRECTION ( 'NONE',  ( 0.0000000000000000000, 0.0000000000000000000, -1.000000000000000000 ) ) ;
#724 = ORIENTED_EDGE ( 'NONE', *, *, #934, .T. ) ;
#725 = ADVANCED_FACE ( 'NONE', ( #1677 ), #330, .F. ) ;
#726 = AXIS2_PLACEMENT_3D ( 'NONE', #1765, #1164, #1597 ) ;
#727 = VERTEX_POINT ( 'NONE', #1704 ) ;
#728 = DIRECTION ( 'NONE',  ( -1.000000000000000000, 9.912705577010338400E-016, 0.0000000000000000000 ) ) ;
#729 = LOCAL_TIME ( 11, 28, 28.00000000000000000, #578 ) ;
#730 = AXIS2_PLACEMENT_3D ( 'NONE', #1653, #1954, #1023 ) ;
#731 = ORIENTED_EDGE ( 'NONE', *, *, #1578, .F. ) ;
#732 = DIRECTION ( 'NONE',  ( 0.0000000000000000000, 1.000000000000000000, 0.0000000000000000000 ) ) ;
#733 = ORIENTED_EDGE ( 'NONE', *, *, #314, .T. ) ;
#734 = EDGE_CURVE ( 'NONE', #139, #2014, #2001, .T. ) ;
#735 = ADVANCED_FACE ( 'NONE', ( #1021 ), #1700, .T. ) ;
#736 = EDGE_CURVE ( 'NONE', #1933, #1710, #343, .T. ) ;
#737 = DATE_AND_TIME ( #363, #1550 ) ;
#738 = CARTESIAN_POINT ( 'NONE',  ( 15.69999999999999900, -15.69999999999999900, 6.999999999999999100 ) ) ;
#739 = CARTESIAN_POINT ( 'NONE',  ( 15.69999999999999900, 15.70000000000000600, 6.589220084236443700 ) ) ;
#740 = CIRCLE ( 'NONE', #1894, 6.335938585833443600 ) ;
#741 = LINE ( 'NONE', #37, #394 ) ;
#742 = LINE ( 'NONE', #1306, #1367 ) ;
#743 = FACE_OUTER_BOUND ( 'NONE', #1959, .T. ) ;
#744 = CARTESIAN_POINT ( 'NONE',  ( 20.25000000000000000, 20.25000000000000400, 6.999999999999999100 ) ) ;
#745 = VECTOR ( 'NONE', #258, 1000.000000000000000 ) ;
#746 = ADVANCED_FACE ( 'NONE', ( #1338 ), #1747, .F. ) ;
#747 = ORIENTED_EDGE ( 'NONE', *, *, #847, .T. ) ;
#748 = CARTESIAN_POINT ( 'NONE',  ( -18.99999999999999300, 18.50000000000000700, 2.700000000000000200 ) ) ;
#749 = EDGE_LOOP ( 'NONE', ( #228, #1864, #235, #585 ) ) ;
#750 = EDGE_CURVE ( 'NONE', #1940, #1819, #1859, .T. ) ;
#751 = ORIENTED_EDGE ( 'NONE', *, *, #1298, .F. ) ;
#752 =( NAMED_UNIT ( * ) PLANE_ANGLE_UNIT ( ) SI_UNIT ( $, .RADIAN. ) );
#753 = AXIS2_PLACEMENT_3D ( 'NONE', #162, #1382, #316 ) ;
#754 = ORIENTED_EDGE ( 'NONE', *, *, #349, .F. ) ;
#755 = DIRECTION ( 'NONE',  ( 0.0000000000000000000, 0.0000000000000000000, -1.000000000000000000 ) ) ;
#756 = ORIENTED_EDGE ( 'NONE', *, *, #1020, .F. ) ;
#757 = EDGE_LOOP ( 'NONE', ( #137, #1785, #1887, #1570 ) ) ;
#758 = ADVANCED_FACE ( 'NONE', ( #1315 ), #1533, .T. ) ;
#759 = CARTESIAN_POINT ( 'NONE',  ( 19.00000000000000000, -18.49999999999999600, 6.999999999999999100 ) ) ;
#760 = CARTESIAN_POINT ( 'NONE',  ( -12.99999999999999800, 20.25000000000000400, 2.700000000000000200 ) ) ;
#761 = DIRECTION ( 'NONE',  ( 1.000000000000000000, 0.0000000000000000000, 0.0000000000000000000 ) ) ;
#762 = CARTESIAN_POINT ( 'NONE',  ( 13.99999999999999800, 18.50000000000000700, 1.500000000000000000 ) ) ;
#763 = EDGE_LOOP ( 'NONE', ( #1287, #208, #289, #1417 ) ) ;
#764 = EDGE_CURVE ( 'NONE', #1796, #1257, #928, .T. ) ;
#765 = CIRCLE ( 'NONE', #1997, 6.152803820946583200 ) ;
#766 = PLANE ( 'NONE',  #130 ) ;
#767 = CC_DESIGN_SECURITY_CLASSIFICATION ( #1480, ( #1970 ) ) ;
#768 = LINE ( 'NONE', #623, #97 ) ;
#769 = VECTOR ( 'NONE', #1011, 1000.000000000000000 ) ;
#770 = VECTOR ( 'NONE', #1802, 1000.000000000000000 ) ;
#771 = CARTESIAN_POINT ( 'NONE',  ( 12.99999999999999800, 19.50000000000000700, 1.500000000000000000 ) ) ;
#772 = EDGE_LOOP ( 'NONE', ( #1615, #655, #1519, #459 ) ) ;
#773 = DIRECTION ( 'NONE',  ( 1.000000000000000000, 2.209838822900390800E-016, 0.0000000000000000000 ) ) ;
#774 = VERTEX_POINT ( 'NONE', #348 ) ;
#775 = CARTESIAN_POINT ( 'NONE',  ( -20.25000000000000000, -17.24999999999999300, 1.500000000000000000 ) ) ;
#776 = ORIENTED_EDGE ( 'NONE', *, *, #1097, .T. ) ;
#777 = EDGE_CURVE ( 'NONE', #1668, #727, #567, .T. ) ;
#778 = EDGE_LOOP ( 'NONE', ( #589, #1132, #1092, #165, #1868, #57 ) ) ;
#779 = DIRECTION ( 'NONE',  ( -0.0000000000000000000, 0.0000000000000000000, -1.000000000000000000 ) ) ;
#780 = ORIENTED_EDGE ( 'NONE', *, *, #1353, .T. ) ;
#781 = DIRECTION ( 'NONE',  ( -0.0000000000000000000, 0.0000000000000000000, -1.000000000000000000 ) ) ;
#782 = DIRECTION ( 'NONE',  ( -1.000000000000000000, 0.0000000000000000000, 0.0000000000000000000 ) ) ;
#783 = EDGE_CURVE ( 'NONE', #1567, #947, #1106, .T. ) ;
#784 = VECTOR ( 'NONE', #1056, 1000.000000000000000 ) ;
#785 = AXIS2_PLACEMENT_3D ( 'NONE', #538, #1929, #1438 ) ;
#786 = VECTOR ( 'NONE', #819, 1000.000000000000000 ) ;
#787 = FACE_OUTER_BOUND ( 'NONE', #56, .T. ) ;
#788 = CARTESIAN_POINT ( 'NONE',  ( -15.70000000000000300, 22.00000000000000000, 6.999999999999999100 ) ) ;
#789 = VECTOR ( 'NONE', #240, 1000.000000000000000 ) ;
#790 = VECTOR ( 'NONE', #1168, 1000.000000000000000 ) ;
#791 = CARTESIAN_POINT ( 'NONE',  ( -15.70000000000000300, 21.85280382094658300, 4.855616042506699000 ) ) ;
#792 = PRODUCT_DEFINITION ( 'UNKNOWN', '', #1970, #271 ) ;
#793 = VERTEX_POINT ( 'NONE', #1754 ) ;
#794 = CARTESIAN_POINT ( 'NONE',  ( 20.25000000000000000, -20.24999999999999300, 1.500000000000000000 ) ) ;
#795 = ORIENTED_EDGE ( 'NONE', *, *, #783, .T. ) ;
#796 = ORIENTED_EDGE ( 'NONE', *, *, #379, .T. ) ;
#797 = CARTESIAN_POINT ( 'NONE',  ( -15.69999999999999900, 15.69999999999999900, 0.0000000000000000000 ) ) ;
#798 = DIRECTION ( 'NONE',  ( -0.7071067811865504600, -0.7071067811865445800, -0.0000000000000000000 ) ) ;
#799 = VERTEX_POINT ( 'NONE', #682 ) ;
#800 = AXIS2_PLACEMENT_3D ( 'NONE', #1553, #636, #1709 ) ;
#801 = ORIENTED_EDGE ( 'NONE', *, *, #1351, .F. ) ;
#802 = VERTEX_POINT ( 'NONE', #1913 ) ;
#803 = AXIS2_PLACEMENT_3D ( 'NONE', #738, #267, #761 ) ;
#804 = CARTESIAN_POINT ( 'NONE',  ( -15.70000000000000300, -21.70000000000000300, 0.0000000000000000000 ) ) ;
#805 = ORIENTED_EDGE ( 'NONE', *, *, #1517, .T. ) ;
#806 = CARTESIAN_POINT ( 'NONE',  ( -17.24999999999998600, 20.25000000000000400, 2.700000000000000200 ) ) ;
#807 = VERTEX_POINT ( 'NONE', #1762 ) ;
#808 = DIRECTION ( 'NONE',  ( -0.0000000000000000000, -0.0000000000000000000, -1.000000000000000000 ) ) ;
#809 = CARTESIAN_POINT ( 'NONE',  ( 12.99999999999999800, -20.24999999999999600, 2.700000000000000200 ) ) ;
#810 = CYLINDRICAL_SURFACE ( 'NONE', #1774, 0.4499999999999990100 ) ;
#811 = VECTOR ( 'NONE', #36, 1000.000000000000000 ) ;
#812 = DIRECTION ( 'NONE',  ( 1.000000000000000000, 0.0000000000000000000, 0.0000000000000000000 ) ) ;
#813 = TOROIDAL_SURFACE ( 'NONE', #90, 5.998894756450026100, 0.4500000000000000100 ) ;
#814 = VECTOR ( 'NONE', #1348, 1000.000000000000000 ) ;
#815 = AXIS2_PLACEMENT_3D ( 'NONE', #401, #245, #1944 ) ;
#816 = FACE_OUTER_BOUND ( 'NONE', #772, .T. ) ;
#817 = CARTESIAN_POINT ( 'NONE',  ( 22.03593858583343500, -15.69999999999998200, 6.589220084236443700 ) ) ;
#818 = ORIENTED_EDGE ( 'NONE', *, *, #1694, .T. ) ;
#819 = DIRECTION ( 'NONE',  ( -0.0000000000000000000, -0.0000000000000000000, -1.000000000000000000 ) ) ;
#820 = VERTEX_POINT ( 'NONE', #1138 ) ;
#821 = DIRECTION ( 'NONE',  ( 1.000000000000000000, 0.0000000000000000000, 0.0000000000000000000 ) ) ;
#822 = VERTEX_POINT ( 'NONE', #827 ) ;
#823 = ORIENTED_EDGE ( 'NONE', *, *, #374, .F. ) ;
#824 = EDGE_CURVE ( 'NONE', #1710, #1212, #422, .T. ) ;
#825 = VERTEX_POINT ( 'NONE', #809 ) ;
#826 = CARTESIAN_POINT ( 'NONE',  ( -21.85280382094658000, 15.69999999999999200, 4.855616042506699000 ) ) ;
#827 = CARTESIAN_POINT ( 'NONE',  ( 13.99999999999999800, 18.50000000000000700, 1.500000000000000000 ) ) ;
#828 = CARTESIAN_POINT ( 'NONE',  ( -15.70000000000000300, -15.70000000000000600, 6.999999999999999100 ) ) ;
#829 = DIRECTION ( 'NONE',  ( 7.558093909350326000E-017, -0.3420201433256749300, 0.9396926207859061000 ) ) ;
#830 = EDGE_CURVE ( 'NONE', #176, #1304, #741, .T. ) ;
#831 = APPROVAL_PERSON_ORGANIZATION ( #1242, #414, #1680 ) ;
#832 = VECTOR ( 'NONE', #1582, 1000.000000000000000 ) ;
#833 = VECTOR ( 'NONE', #964, 1000.000000000000000 ) ;
#834 = CARTESIAN_POINT ( 'NONE',  ( -12.99999999999999800, 20.25000000000000400, 1.500000000000000000 ) ) ;
#835 = EDGE_CURVE ( 'NONE', #672, #864, #319, .T. ) ;
#836 = CARTESIAN_POINT ( 'NONE',  ( -22.03593858583343800, 15.69999999999999200, 6.589220084236443700 ) ) ;
#837 = CIRCLE ( 'NONE', #337, 6.335938585833440100 ) ;
#838 = DIRECTION ( 'NONE',  ( -0.7071067811865451300, 0.7071067811865500200, 0.0000000000000000000 ) ) ;
#839 = ORIENTED_EDGE ( 'NONE', *, *, #204, .F. ) ;
#840 = ORIENTED_EDGE ( 'NONE', *, *, #96, .F. ) ;
#841 = DIRECTION ( 'NONE',  ( -0.9396926207859061000, 0.0000000000000000000, -0.3420201433256749300 ) ) ;
#842 = ORIENTED_EDGE ( 'NONE', *, *, #1180, .T. ) ;
#843 = ORIENTED_EDGE ( 'NONE', *, *, #359, .T. ) ;
#844 = VERTEX_POINT ( 'NONE', #834 ) ;
#845 = MANIFOLD_SOLID_BREP ( 'Verrundung2', #1309 ) ;
#846 = ORIENTED_EDGE ( 'NONE', *, *, #229, .T. ) ;
#847 = EDGE_CURVE ( 'NONE', #1591, #139, #1927, .T. ) ;
#848 = DIRECTION ( 'NONE',  ( -1.000000000000000000, -1.598823480162955800E-016, 0.0000000000000000000 ) ) ;
#849 = CARTESIAN_POINT ( 'NONE',  ( -14.00000000000000500, -18.49999999999999600, 1.500000000000000000 ) ) ;
#850 = CONICAL_SURFACE ( 'NONE', #1160, 6.299999999999999800, 0.08726646259971272700 ) ;
#851 = DIRECTION ( 'NONE',  ( 1.000000000000000000, 0.0000000000000000000, 0.0000000000000000000 ) ) ;
#852 = CYLINDRICAL_SURFACE ( 'NONE', #440, 0.4499999999999990100 ) ;
#853 = VECTOR ( 'NONE', #1676, 1000.000000000000000 ) ;
#854 = LINE ( 'NONE', #293, #814 ) ;
#855 = CARTESIAN_POINT ( 'NONE',  ( 20.25000000000000000, -20.24999999999999300, 6.999999999999999100 ) ) ;
#856 = LINE ( 'NONE', #1566, #1755 ) ;
#857 = DIRECTION ( 'NONE',  ( 0.0000000000000000000, 0.0000000000000000000, 1.000000000000000000 ) ) ;
#858 = ADVANCED_FACE ( 'NONE', ( #1366 ), #1918, .T. ) ;
#859 = AXIS2_PLACEMENT_3D ( 'NONE', #1267, #974, #43 ) ;
#860 = ORIENTED_EDGE ( 'NONE', *, *, #830, .F. ) ;
#861 = PLANE ( 'NONE',  #1026 ) ;
#862 = ORIENTED_EDGE ( 'NONE', *, *, #1353, .F. ) ;
#863 = AXIS2_PLACEMENT_3D ( 'NONE', #1331, #1198, #238 ) ;
#864 = VERTEX_POINT ( 'NONE', #660 ) ;
#865 = CARTESIAN_POINT ( 'NONE',  ( -15.70000000000000300, -15.70000000000000600, 4.799999999999998900 ) ) ;
#866 = DIRECTION ( 'NONE',  ( 0.08715574274765443300, -9.342010006888613600E-017, -0.9961946980917458800 ) ) ;
#867 = VERTEX_POINT ( 'NONE', #210 ) ;
#868 = DIRECTION ( 'NONE',  ( 0.0000000000000000000, 0.0000000000000000000, 1.000000000000000000 ) ) ;
#869 = CARTESIAN_POINT ( 'NONE',  ( 13.99999999999999800, 18.50000000000000700, 2.700000000000000200 ) ) ;
#870 = EDGE_CURVE ( 'NONE', #1203, #294, #1145, .T. ) ;
#871 = ADVANCED_FACE ( 'NONE', ( #1455 ), #1608, .T. ) ;
#872 = AXIS2_PLACEMENT_3D ( 'NONE', #930, #1869, #1531 ) ;
#873 = CARTESIAN_POINT ( 'NONE',  ( 15.69999999999997800, 22.14718237059131700, 5.317697806096801600 ) ) ;
#874 = CARTESIAN_POINT ( 'NONE',  ( -21.69999999999999900, 15.69999999999999900, 0.0000000000000000000 ) ) ;
#875 = CARTESIAN_POINT ( 'NONE',  ( -20.25000000000000000, -20.25000000000000400, 6.999999999999999100 ) ) ;
#876 = LINE ( 'NONE', #1687, #1724 ) ;
#877 = CARTESIAN_POINT ( 'NONE',  ( -15.70000000000000300, 21.58765097169215600, 6.549999999999999800 ) ) ;
#878 = ADVANCED_FACE ( 'NONE', ( #542 ), #75, .T. ) ;
#879 = APPROVAL_PERSON_ORGANIZATION ( #274, #1076, #2009 ) ;
#880 = DIRECTION ( 'NONE',  ( -9.912705577010338400E-016, -1.000000000000000000, -0.0000000000000000000 ) ) ;
#881 = CONICAL_SURFACE ( 'NONE', #507, 6.477276999696743000, 1.221730476396024200 ) ;
#882 = CARTESIAN_POINT ( 'NONE',  ( 15.69999999999997800, 21.58765097169216300, 6.999999999999999100 ) ) ;
#883 = LINE ( 'NONE', #1779, #1484 ) ;
#884 = EDGE_CURVE ( 'NONE', #1240, #431, #219, .T. ) ;
#885 = LINE ( 'NONE', #1697, #1885 ) ;
#886 = DIRECTION ( 'NONE',  ( 0.0000000000000000000, 0.0000000000000000000, 1.000000000000000000 ) ) ;
#887 = EDGE_LOOP ( 'NONE', ( #1012, #1251, #1374, #818 ) ) ;
#888 = CARTESIAN_POINT ( 'NONE',  ( -21.58765097169215300, 15.69999999999999200, 6.999999999999999100 ) ) ;
#889 = ORIENTED_EDGE ( 'NONE', *, *, #1618, .T. ) ;
#890 = ADVANCED_FACE ( 'NONE', ( #1651 ), #1310, .T. ) ;
#891 = EDGE_LOOP ( 'NONE', ( #1398, #529, #94, #1897, #1616, #1644, #1135, #437 ) ) ;
#892 = DIRECTION ( 'NONE',  ( -0.0000000000000000000, -0.0000000000000000000, -1.000000000000000000 ) ) ;
#893 = ORIENTED_EDGE ( 'NONE', *, *, #1890, .T. ) ;
#894 = CARTESIAN_POINT ( 'NONE',  ( -15.69999999999999200, -21.69889475645003100, 5.278477721860356900 ) ) ;
#895 = ORIENTED_EDGE ( 'NONE', *, *, #1936, .T. ) ;
#896 = ORIENTED_EDGE ( 'NONE', *, *, #1035, .T. ) ;
#897 = DIRECTION ( 'NONE',  ( -1.000000000000000000, 0.0000000000000000000, 0.0000000000000000000 ) ) ;
#898 = AXIS2_PLACEMENT_3D ( 'NONE', #1000, #1795, #857 ) ;
#899 = ORIENTED_EDGE ( 'NONE', *, *, #526, .T. ) ;
#900 = CARTESIAN_POINT ( 'NONE',  ( 20.25000000000000000, 17.24999999999999600, 1.500000000000000000 ) ) ;
#901 = DIRECTION ( 'NONE',  ( -1.000000000000000000, 0.0000000000000000000, 0.0000000000000000000 ) ) ;
#902 = AXIS2_PLACEMENT_3D ( 'NONE', #277, #1514, #755 ) ;
#903 = VECTOR ( 'NONE', #1634, 1000.000000000000000 ) ;
#904 = LINE ( 'NONE', #570, #450 ) ;
#905 = FACE_OUTER_BOUND ( 'NONE', #203, .T. ) ;
#906 = PERSON_AND_ORGANIZATION_ROLE ( 'design_supplier' ) ;
#907 = VECTOR ( 'NONE', #2, 1000.000000000000000 ) ;
#908 = DIRECTION ( 'NONE',  ( 9.912705577010338400E-016, 1.000000000000000000, -0.0000000000000000000 ) ) ;
#909 = CONICAL_SURFACE ( 'NONE', #383, 6.299999999999996300, 0.08726646259971272700 ) ;
#910 = DIRECTION ( 'NONE',  ( 1.000000000000000000, -0.0000000000000000000, 0.0000000000000000000 ) ) ;
#911 = FACE_OUTER_BOUND ( 'NONE', #158, .T. ) ;
#912 = DIRECTION ( 'NONE',  ( -1.000000000000000000, 0.0000000000000000000, 0.0000000000000000000 ) ) ;
#913 = ORIENTED_EDGE ( 'NONE', *, *, #256, .F. ) ;
#914 = EDGE_CURVE ( 'NONE', #867, #1668, #8, .T. ) ;
#915 = CARTESIAN_POINT ( 'NONE',  ( 20.25000000000000000, -18.49999999999999600, 2.700000000000000200 ) ) ;
#916 = ORIENTED_EDGE ( 'NONE', *, *, #1351, .T. ) ;
#917 = DIRECTION ( 'NONE',  ( -1.000000000000000000, 0.0000000000000000000, 0.0000000000000000000 ) ) ;
#918 = EDGE_LOOP ( 'NONE', ( #1996, #1179, #1685, #1252 ) ) ;
#919 = ORIENTED_EDGE ( 'NONE', *, *, #1593, .F. ) ;
#920 = DIRECTION ( 'NONE',  ( 9.912705577010338400E-016, -1.000000000000000000, 0.0000000000000000000 ) ) ;
#921 = DIRECTION ( 'NONE',  ( -1.000000000000000000, -1.598823480162955500E-016, 0.0000000000000000000 ) ) ;
#922 = CARTESIAN_POINT ( 'NONE',  ( 15.69999999999999900, 15.70000000000000600, 6.549999999999999800 ) ) ;
#923 = EDGE_CURVE ( 'NONE', #1707, #1257, #1505, .T. ) ;
#924 = VERTEX_POINT ( 'NONE', #390 ) ;
#925 = CARTESIAN_POINT ( 'NONE',  ( -15.69999999999999200, -22.03593858583344600, 6.589220084236443700 ) ) ;
#926 = CARTESIAN_POINT ( 'NONE',  ( -15.70000000000000300, -15.70000000000000600, 5.278477721860356900 ) ) ;
#927 = PLANE ( 'NONE',  #1801 ) ;
#928 = CIRCLE ( 'NONE', #1379, 6.447182370591310300 ) ;
#929 = CIRCLE ( 'NONE', #392, 0.4499999999999999000 ) ;
#930 = CARTESIAN_POINT ( 'NONE',  ( -22.17727699969674000, 15.69999999999999200, 4.973714621389497400 ) ) ;
#931 = LINE ( 'NONE', #1902, #1583 ) ;
#932 = CARTESIAN_POINT ( 'NONE',  ( -18.75000000000011400, -18.74999999999989700, 1.500000000000000000 ) ) ;
#933 = VECTOR ( 'NONE', #611, 1000.000000000000000 ) ;
#934 = EDGE_CURVE ( 'NONE', #799, #120, #1103, .T. ) ;
#935 = DIRECTION ( 'NONE',  ( 0.0000000000000000000, 0.0000000000000000000, 1.000000000000000000 ) ) ;
#936 = ORIENTED_EDGE ( 'NONE', *, *, #1922, .F. ) ;
#937 = DIRECTION ( 'NONE',  ( 1.000000000000000000, 2.209838822900391100E-016, -1.481386910243056400E-033 ) ) ;
#938 = ORIENTED_EDGE ( 'NONE', *, *, #1323, .T. ) ;
#939 = EDGE_CURVE ( 'NONE', #807, #672, #123, .T. ) ;
#940 = ORIENTED_EDGE ( 'NONE', *, *, #1798, .F. ) ;
#941 = AXIS2_PLACEMENT_3D ( 'NONE', #926, #1872, #1562 ) ;
#942 = ORIENTED_EDGE ( 'NONE', *, *, #1767, .F. ) ;
#943 = ORIENTED_EDGE ( 'NONE', *, *, #213, .T. ) ;
#944 = DIRECTION ( 'NONE',  ( 1.000000000000000000, 2.209838822900391100E-016, 2.322955749918415700E-035 ) ) ;
#945 = CARTESIAN_POINT ( 'NONE',  ( 19.00000000000000000, -18.49999999999999600, 2.700000000000000200 ) ) ;
#946 = ADVANCED_FACE ( 'NONE', ( #1880 ), #73, .T. ) ;
#947 = VERTEX_POINT ( 'NONE', #1325 ) ;
#948 = CARTESIAN_POINT ( 'NONE',  ( -15.70000000000000300, 22.00000000000000000, 6.999999999999999100 ) ) ;
#949 = EDGE_CURVE ( 'NONE', #1791, #1793, #1559, .T. ) ;
#950 = CARTESIAN_POINT ( 'NONE',  ( 15.69999999999997800, 21.69889475645003400, 5.278477721860356000 ) ) ;
#951 = CONICAL_SURFACE ( 'NONE', #307, 6.299999999999999800, 0.08726646259971272700 ) ;
#952 = AXIS2_PLACEMENT_3D ( 'NONE', #1285, #177, #1422 ) ;
#953 = VECTOR ( 'NONE', #866, 1000.000000000000000 ) ;
#954 = DATE_AND_TIME ( #98, #1806 ) ;
#955 = DIRECTION ( 'NONE',  ( -1.000000000000000000, 0.0000000000000000000, 0.0000000000000000000 ) ) ;
#956 = CIRCLE ( 'NONE', #1647, 0.4499999999999999000 ) ;
#957 = LINE ( 'NONE', #760, #646 ) ;
#958 = DIRECTION ( 'NONE',  ( 0.0000000000000000000, 1.000000000000000000, 0.0000000000000000000 ) ) ;
#959 = VERTEX_POINT ( 'NONE', #711 ) ;
#960 = DIRECTION ( 'NONE',  ( 1.000000000000000000, 0.0000000000000000000, 0.0000000000000000000 ) ) ;
#961 = EDGE_LOOP ( 'NONE', ( #843, #375, #751, #236 ) ) ;
#962 = VERTEX_POINT ( 'NONE', #552 ) ;
#963 = EDGE_CURVE ( 'NONE', #205, #1494, #1601, .T. ) ;
#964 = DIRECTION ( 'NONE',  ( -2.209838822900390800E-016, -1.000000000000000000, 0.0000000000000000000 ) ) ;
#965 = VERTEX_POINT ( 'NONE', #377 ) ;
#966 = AXIS2_PLACEMENT_3D ( 'NONE', #583, #247, #1657 ) ;
#967 = EDGE_LOOP ( 'NONE', ( #1487, #635, #181, #1280 ) ) ;
#968 = CARTESIAN_POINT ( 'NONE',  ( -15.70000000000000300, 21.69999999999999600, 1.500000000000000000 ) ) ;
#969 = EDGE_LOOP ( 'NONE', ( #1229, #699, #54, #1636 ) ) ;
#970 = CARTESIAN_POINT ( 'NONE',  ( 20.25000000000000000, 20.25000000000000400, 1.500000000000000000 ) ) ;
#971 = DIRECTION ( 'NONE',  ( 1.000000000000000000, 0.0000000000000000000, 0.0000000000000000000 ) ) ;
#972 = ORIENTED_EDGE ( 'NONE', *, *, #654, .F. ) ;
#973 = EDGE_CURVE ( 'NONE', #983, #1940, #1196, .T. ) ;
#974 = DIRECTION ( 'NONE',  ( -1.000000000000000000, 0.0000000000000000000, 0.0000000000000000000 ) ) ;
#975 = AXIS2_PLACEMENT_3D ( 'NONE', #188, #658, #333 ) ;
#976 = PRODUCT ( 'Bodenteil_eckig', 'Bodenteil_eckig', '', ( #2000 ) ) ;
#977 = VECTOR ( 'NONE', #1623, 1000.000000000000000 ) ;
#978 = CARTESIAN_POINT ( 'NONE',  ( 21.69999999999999900, -21.69999999999999600, 0.0000000000000000000 ) ) ;
#979 = FACE_OUTER_BOUND ( 'NONE', #334, .T. ) ;
#980 = CIRCLE ( 'NONE', #63, 5.887650971692158600 ) ;
#981 = LINE ( 'NONE', #1630, #370 ) ;
#982 = ORIENTED_EDGE ( 'NONE', *, *, #1068, .F. ) ;
#983 = VERTEX_POINT ( 'NONE', #1614 ) ;
#984 = ORIENTED_EDGE ( 'NONE', *, *, #1964, .T. ) ;
#985 = PERSON_AND_ORGANIZATION ( #192, #474 ) ;
#986 = VERTEX_POINT ( 'NONE', #1477 ) ;
#987 = EDGE_CURVE ( 'NONE', #1206, #1567, #690, .T. ) ;
#988 = CARTESIAN_POINT ( 'NONE',  ( -15.70000000000000300, -15.70000000000000600, 6.999999999999999100 ) ) ;
#989 = CARTESIAN_POINT ( 'NONE',  ( 0.0000000000000000000, 0.0000000000000000000, 1.500000000000000000 ) ) ;
#990 = ORIENTED_EDGE ( 'NONE', *, *, #1633, .F. ) ;
#991 = ORIENTED_EDGE ( 'NONE', *, *, #161, .F. ) ;
#992 = CARTESIAN_POINT ( 'NONE',  ( 21.69999999999999900, -21.69999999999999600, 0.0000000000000000000 ) ) ;
#993 = DIRECTION ( 'NONE',  ( 0.0000000000000000000, -0.08715574274765443300, -0.9961946980917458800 ) ) ;
#994 = DIRECTION ( 'NONE',  ( 0.0000000000000000000, 0.0000000000000000000, -1.000000000000000000 ) ) ;
#995 = VERTEX_POINT ( 'NONE', #1776 ) ;
#996 = VECTOR ( 'NONE', #1671, 1000.000000000000100 ) ;
#997 = CARTESIAN_POINT ( 'NONE',  ( -15.70000000000000300, 21.69999999999999600, 4.799999999999998900 ) ) ;
#998 = CIRCLE ( 'NONE', #1453, 5.999999999999994700 ) ;
#999 = VECTOR ( 'NONE', #773, 1000.000000000000000 ) ;
#1000 = CARTESIAN_POINT ( 'NONE',  ( 21.58765097169215300, 15.70000000000002200, 6.549999999999999800 ) ) ;
#1001 = ADVANCED_FACE ( 'NONE', ( #1149 ), #641, .T. ) ;
#1002 = AXIS2_PLACEMENT_3D ( 'NONE', #1621, #1772, #381 ) ;
#1003 = VECTOR ( 'NONE', #433, 1000.000000000000000 ) ;
#1004 = VECTOR ( 'NONE', #908, 1000.000000000000000 ) ;
#1005 = DIRECTION ( 'NONE',  ( 0.0000000000000000000, 0.0000000000000000000, -1.000000000000000000 ) ) ;
#1006 = FACE_OUTER_BOUND ( 'NONE', #61, .T. ) ;
#1007 = ORIENTED_EDGE ( 'NONE', *, *, #89, .T. ) ;
#1008 = CARTESIAN_POINT ( 'NONE',  ( -20.25000000000000000, 17.25000000000000700, 6.999999999999999100 ) ) ;
#1009 = CARTESIAN_POINT ( 'NONE',  ( -15.69999999999999200, -22.00000000000000400, 6.999999999999999100 ) ) ;
#1010 = VERTEX_POINT ( 'NONE', #1502 ) ;
#1011 = DIRECTION ( 'NONE',  ( -0.0000000000000000000, -0.0000000000000000000, 1.000000000000000000 ) ) ;
#1012 = ORIENTED_EDGE ( 'NONE', *, *, #388, .F. ) ;
#1013 = DIRECTION ( 'NONE',  ( -1.000000000000000000, -0.0000000000000000000, -0.0000000000000000000 ) ) ;
#1014 = VERTEX_POINT ( 'NONE', #874 ) ;
#1015 = EDGE_CURVE ( 'NONE', #1934, #1212, #269, .T. ) ;
#1016 = EDGE_LOOP ( 'NONE', ( #1797, #1328, #1523, #1690 ) ) ;
#1017 = CARTESIAN_POINT ( 'NONE',  ( 20.25000000000000000, 20.25000000000000400, 6.999999999999999100 ) ) ;
#1018 = ADVANCED_FACE ( 'NONE', ( #28 ), #265, .F. ) ;
#1019 = CIRCLE ( 'NONE', #51, 5.999999999999998200 ) ;
#1020 = EDGE_CURVE ( 'NONE', #378, #160, #1268, .T. ) ;
#1021 = FACE_OUTER_BOUND ( 'NONE', #749, .T. ) ;
#1022 = FACE_OUTER_BOUND ( 'NONE', #969, .T. ) ;
#1023 = DIRECTION ( 'NONE',  ( 1.000000000000000000, 0.0000000000000000000, -0.0000000000000000000 ) ) ;
#1024 = FACE_OUTER_BOUND ( 'NONE', #757, .T. ) ;
#1025 = DIRECTION ( 'NONE',  ( 0.0000000000000000000, -1.000000000000000000, 0.0000000000000000000 ) ) ;
#1026 = AXIS2_PLACEMENT_3D ( 'NONE', #1330, #1948, #104 ) ;
#1027 = VERTEX_POINT ( 'NONE', #430 ) ;
#1028 = ORIENTED_EDGE ( 'NONE', *, *, #335, .F. ) ;
#1029 = ADVANCED_FACE ( 'NONE', ( #1972 ), #415, .T. ) ;
#1030 = VERTEX_POINT ( 'NONE', #1046 ) ;
#1031 = CARTESIAN_POINT ( 'NONE',  ( -21.69889475645003100, -15.70000000000001200, 5.278477721860356900 ) ) ;
#1032 = DIRECTION ( 'NONE',  ( 0.0000000000000000000, 0.0000000000000000000, -1.000000000000000000 ) ) ;
#1033 = ORIENTED_EDGE ( 'NONE', *, *, #1854, .T. ) ;
#1034 = DIRECTION ( 'NONE',  ( 0.7071067811865445800, -0.7071067811865504600, 0.0000000000000000000 ) ) ;
#1035 = EDGE_CURVE ( 'NONE', #1565, #867, #1832, .T. ) ;
#1036 = ORIENTED_EDGE ( 'NONE', *, *, #963, .F. ) ;
#1037 = EDGE_CURVE ( 'NONE', #407, #120, #998, .T. ) ;
#1038 = CARTESIAN_POINT ( 'NONE',  ( 22.03593858583343800, 15.70000000000002200, 6.589220084236443700 ) ) ;
#1039 = DIRECTION ( 'NONE',  ( 0.0000000000000000000, -0.0000000000000000000, -1.000000000000000000 ) ) ;
#1040 = ADVANCED_FACE ( 'NONE', ( #499 ), #852, .T. ) ;
#1041 = DIRECTION ( 'NONE',  ( -1.000000000000000000, 0.0000000000000000000, 0.0000000000000000000 ) ) ;
#1042 = PLANE ( 'NONE',  #1418 ) ;
#1043 = ORIENTED_EDGE ( 'NONE', *, *, #349, .T. ) ;
#1044 = AXIS2_PLACEMENT_3D ( 'NONE', #915, #27, #1610 ) ;
#1045 = FACE_OUTER_BOUND ( 'NONE', #471, .T. ) ;
#1046 = CARTESIAN_POINT ( 'NONE',  ( -21.58765097169216000, -15.70000000000001200, 6.999999999999999100 ) ) ;
#1047 = VECTOR ( 'NONE', #369, 1000.000000000000000 ) ;
#1048 = CARTESIAN_POINT ( 'NONE',  ( -12.99999999999999800, 19.50000000000001800, 2.700000000000000200 ) ) ;
#1049 = LINE ( 'NONE', #304, #1675 ) ;
#1050 = PLANE ( 'NONE',  #452 ) ;
#1051 = FACE_OUTER_BOUND ( 'NONE', #512, .T. ) ;
#1052 = LINE ( 'NONE', #1822, #621 ) ;
#1053 = ADVANCED_FACE ( 'NONE', ( #367 ), #810, .T. ) ;
#1054 = EDGE_CURVE ( 'NONE', #514, #774, #477, .T. ) ;
#1055 = VECTOR ( 'NONE', #44, 1000.000000000000000 ) ;
#1056 = DIRECTION ( 'NONE',  ( -0.0000000000000000000, -0.0000000000000000000, -1.000000000000000000 ) ) ;
#1057 = DIRECTION ( 'NONE',  ( 1.000000000000000000, -2.209838822900404100E-016, 0.0000000000000000000 ) ) ;
#1058 = ORIENTED_EDGE ( 'NONE', *, *, #835, .F. ) ;
#1059 = AXIS2_PLACEMENT_3D ( 'NONE', #1932, #1443, #541 ) ;
#1060 = DIRECTION ( 'NONE',  ( 0.0000000000000000000, 0.0000000000000000000, -1.000000000000000000 ) ) ;
#1061 = ORIENTED_EDGE ( 'NONE', *, *, #1662, .F. ) ;
#1062 = DIRECTION ( 'NONE',  ( -0.9961946980917458800, 2.201429719010674100E-016, 0.08715574274765443300 ) ) ;
#1063 = ORIENTED_EDGE ( 'NONE', *, *, #420, .F. ) ;
#1064 = VERTEX_POINT ( 'NONE', #900 ) ;
#1065 = CARTESIAN_POINT ( 'NONE',  ( 12.99999999999999800, -19.50000000000000700, 2.700000000000000200 ) ) ;
#1066 = ORIENTED_EDGE ( 'NONE', *, *, #1878, .T. ) ;
#1067 = CARTESIAN_POINT ( 'NONE',  ( -12.99999999999999800, 19.50000000000001400, 1.500000000000000000 ) ) ;
#1068 = EDGE_CURVE ( 'NONE', #986, #802, #1726, .T. ) ;
#1069 = AXIS2_PLACEMENT_3D ( 'NONE', #1993, #1062, #126 ) ;
#1070 = DIRECTION ( 'NONE',  ( -1.000000000000000000, 0.0000000000000000000, 0.0000000000000000000 ) ) ;
#1071 = ORIENTED_EDGE ( 'NONE', *, *, #199, .T. ) ;
#1072 = DIRECTION ( 'NONE',  ( -1.598823480162955500E-016, 1.000000000000000000, 0.0000000000000000000 ) ) ;
#1073 = ORIENTED_EDGE ( 'NONE', *, *, #1461, .F. ) ;
#1074 = DIRECTION ( 'NONE',  ( 1.000000000000000000, 2.569960705150825400E-016, -0.0000000000000000000 ) ) ;
#1075 = DIRECTION ( 'NONE',  ( 0.0000000000000000000, 1.000000000000000000, 0.0000000000000000000 ) ) ;
#1076 = APPROVAL ( #1215, 'UNSPECIFIED' ) ;
#1077 = CARTESIAN_POINT ( 'NONE',  ( -12.99999999999999800, -20.24999999999999600, 1.500000000000000000 ) ) ;
#1078 = TOROIDAL_SURFACE ( 'NONE', #1147, 5.887650971692153200, 0.4500000000000000100 ) ;
#1079 = LINE ( 'NONE', #1840, #597 ) ;
#1080 = DIRECTION ( 'NONE',  ( -2.209838822900391100E-016, -1.000000000000000000, 0.0000000000000000000 ) ) ;
#1081 = LINE ( 'NONE', #77, #1731 ) ;
#1082 = EDGE_CURVE ( 'NONE', #959, #465, #593, .T. ) ;
#1083 = DIRECTION ( 'NONE',  ( 0.0000000000000000000, 0.08715574274765443300, -0.9961946980917458800 ) ) ;
#1084 = LINE ( 'NONE', #875, #1603 ) ;
#1085 = VECTOR ( 'NONE', #309, 1000.000000000000000 ) ;
#1086 = EDGE_CURVE ( 'NONE', #1705, #378, #1244, .T. ) ;
#1087 = DIRECTION ( 'NONE',  ( -1.000000000000000000, 0.0000000000000000000, 0.0000000000000000000 ) ) ;
#1088 = ORIENTED_EDGE ( 'NONE', *, *, #1461, .T. ) ;
#1089 = DIRECTION ( 'NONE',  ( 1.000000000000000000, 0.0000000000000000000, -0.0000000000000000000 ) ) ;
#1090 = ORIENTED_EDGE ( 'NONE', *, *, #1807, .T. ) ;
#1091 = DIRECTION ( 'NONE',  ( 7.558093909350326000E-017, -0.3420201433256749300, -0.9396926207859061000 ) ) ;
#1092 = ORIENTED_EDGE ( 'NONE', *, *, #1750, .F. ) ;
#1093 = ORIENTED_EDGE ( 'NONE', *, *, #114, .T. ) ;
#1094 = DIRECTION ( 'NONE',  ( 1.000000000000000000, 0.0000000000000000000, 0.0000000000000000000 ) ) ;
#1095 = CARTESIAN_POINT ( 'NONE',  ( -15.69999999999999200, -22.17727699969674800, 4.973714621389497400 ) ) ;
#1096 = DIRECTION ( 'NONE',  ( 0.0000000000000000000, 1.000000000000000000, -0.0000000000000000000 ) ) ;
#1097 = EDGE_CURVE ( 'NONE', #354, #962, #904, .T. ) ;
#1098 = EDGE_LOOP ( 'NONE', ( #489, #556, #840, #1744 ) ) ;
#1099 = CARTESIAN_POINT ( 'NONE',  ( -15.69999999999999200, -21.69889475645003400, 5.278477721860356900 ) ) ;
#1100 = CARTESIAN_POINT ( 'NONE',  ( -15.69999999999999200, -21.85280382094659000, 4.855616042506700800 ) ) ;
#1101 = CYLINDRICAL_SURFACE ( 'NONE', #863, 0.4499999999999990100 ) ;
#1102 = DIRECTION ( 'NONE',  ( 0.0000000000000000000, 0.0000000000000000000, 1.000000000000000000 ) ) ;
#1103 = LINE ( 'NONE', #1471, #1047 ) ;
#1104 = VECTOR ( 'NONE', #186, 1000.000000000000000 ) ;
#1105 = CARTESIAN_POINT ( 'NONE',  ( 15.70000000000001200, -21.69889475645002400, 5.278477721860356900 ) ) ;
#1106 = LINE ( 'NONE', #674, #692 ) ;
#1107 = CIRCLE ( 'NONE', #701, 6.335938585833440100 ) ;
#1108 = LINE ( 'NONE', #1077, #1150 ) ;
#1109 = CARTESIAN_POINT ( 'NONE',  ( 0.0000000000000000000, 0.0000000000000000000, 2.700000000000000200 ) ) ;
#1110 = VERTEX_POINT ( 'NONE', #1336 ) ;
#1111 = CARTESIAN_POINT ( 'NONE',  ( 14.00000000000001600, -18.49999999999999600, 2.700000000000000200 ) ) ;
#1112 = ORIENTED_EDGE ( 'NONE', *, *, #58, .T. ) ;
#1113 = AXIS2_PLACEMENT_3D ( 'NONE', #356, #1131, #1282 ) ;
#1114 = ORIENTED_EDGE ( 'NONE', *, *, #23, .F. ) ;
#1115 = ORIENTED_EDGE ( 'NONE', *, *, #777, .T. ) ;
#1116 = ORIENTED_EDGE ( 'NONE', *, *, #973, .T. ) ;
#1117 = UNCERTAINTY_MEASURE_WITH_UNIT (LENGTH_MEASURE( 1.000000000000000100E-005 ), #1693, 'distance_accuracy_value', 'NONE');
#1118 = EDGE_CURVE ( 'NONE', #1464, #1030, #172, .T. ) ;
#1119 = ORIENTED_EDGE ( 'NONE', *, *, #563, .T. ) ;
#1120 = CARTESIAN_POINT ( 'NONE',  ( -22.03593858583343800, 15.69999999999999200, 6.589220084236443700 ) ) ;
#1121 = LINE ( 'NONE', #469, #1625 ) ;
#1122 = DIRECTION ( 'NONE',  ( -1.104919411450195500E-016, -1.000000000000000000, 1.161477874959207900E-035 ) ) ;
#1123 = VECTOR ( 'NONE', #1830, 1000.000000000000000 ) ;
#1124 = VECTOR ( 'NONE', #85, 999.9999999999998900 ) ;
#1125 = CARTESIAN_POINT ( 'NONE',  ( 21.99999999999999600, 15.70000000000002200, 6.999999999999999100 ) ) ;
#1126 = LINE ( 'NONE', #572, #301 ) ;
#1127 = ORIENTED_EDGE ( 'NONE', *, *, #314, .F. ) ;
#1128 = ORIENTED_EDGE ( 'NONE', *, *, #777, .F. ) ;
#1129 = EDGE_CURVE ( 'NONE', #305, #1707, #371, .T. ) ;
#1130 = CARTESIAN_POINT ( 'NONE',  ( 21.69999999999999900, -15.69999999999999900, 4.800000000000000700 ) ) ;
#1131 = DIRECTION ( 'NONE',  ( 0.0000000000000000000, 0.0000000000000000000, 1.000000000000000000 ) ) ;
#1132 = ORIENTED_EDGE ( 'NONE', *, *, #1878, .F. ) ;
#1133 = APPROVAL_DATE_TIME ( #954, #1076 ) ;
#1134 = AXIS2_PLACEMENT_3D ( 'NONE', #989, #503, #1896 ) ;
#1135 = ORIENTED_EDGE ( 'NONE', *, *, #640, .F. ) ;
#1136 = DIRECTION ( 'NONE',  ( 0.0000000000000000000, 0.0000000000000000000, 1.000000000000000000 ) ) ;
#1137 = CARTESIAN_POINT ( 'NONE',  ( 15.69999999999997800, 22.14889475645003400, 5.278477721860356900 ) ) ;
#1138 = CARTESIAN_POINT ( 'NONE',  ( 20.25000000000000000, -17.25000000000000400, 6.999999999999999100 ) ) ;
#1139 = CARTESIAN_POINT ( 'NONE',  ( 21.69999999999999900, -15.69999999999999900, 0.0000000000000000000 ) ) ;
#1140 = ORIENTED_EDGE ( 'NONE', *, *, #1593, .T. ) ;
#1141 = CARTESIAN_POINT ( 'NONE',  ( 15.70000000000001200, -22.14718237059131000, 5.317697806096801600 ) ) ;
#1142 = DIRECTION ( 'NONE',  ( 0.0000000000000000000, 0.0000000000000000000, -1.000000000000000000 ) ) ;
#1143 = EDGE_CURVE ( 'NONE', #799, #924, #48, .T. ) ;
#1144 = VECTOR ( 'NONE', #1176, 1000.000000000000000 ) ;
#1145 = LINE ( 'NONE', #202, #832 ) ;
#1146 = FACE_OUTER_BOUND ( 'NONE', #1283, .T. ) ;
#1147 = AXIS2_PLACEMENT_3D ( 'NONE', #922, #935, #321 ) ;
#1148 = VECTOR ( 'NONE', #1288, 1000.000000000000100 ) ;
#1149 = FACE_OUTER_BOUND ( 'NONE', #1249, .T. ) ;
#1150 = VECTOR ( 'NONE', #638, 1000.000000000000000 ) ;
#1151 = ORIENTED_EDGE ( 'NONE', *, *, #1449, .T. ) ;
#1152 = CARTESIAN_POINT ( 'NONE',  ( -15.70000000000000300, 22.17727699969674400, 4.973714621389497400 ) ) ;
#1153 = EDGE_LOOP ( 'NONE', ( #938, #230, #81, #1213, #842 ) ) ;
#1154 = EDGE_LOOP ( 'NONE', ( #1437, #357, #1815, #16 ) ) ;
#1155 = EDGE_CURVE ( 'NONE', #387, #995, #1604, .T. ) ;
#1156 = DIRECTION ( 'NONE',  ( 0.0000000000000000000, 0.0000000000000000000, 1.000000000000000000 ) ) ;
#1157 = DIRECTION ( 'NONE',  ( -1.000000000000000000, 0.0000000000000000000, 0.0000000000000000000 ) ) ;
#1158 = ORIENTED_EDGE ( 'NONE', *, *, #973, .F. ) ;
#1159 = ORIENTED_EDGE ( 'NONE', *, *, #1054, .F. ) ;
#1160 = AXIS2_PLACEMENT_3D ( 'NONE', #988, #72, #681 ) ;
#1161 = CARTESIAN_POINT ( 'NONE',  ( -15.69999999999999200, -22.00000000000000400, 6.999999999999999100 ) ) ;
#1162 = DIRECTION ( 'NONE',  ( 8.566535683836085500E-017, -1.000000000000000000, 0.0000000000000000000 ) ) ;
#1163 = ADVANCED_FACE ( 'NONE', ( #1978 ), #1191, .F. ) ;
#1164 = DIRECTION ( 'NONE',  ( 0.0000000000000000000, 0.0000000000000000000, 1.000000000000000000 ) ) ;
#1165 = ORIENTED_EDGE ( 'NONE', *, *, #1365, .F. ) ;
#1166 = EDGE_CURVE ( 'NONE', #1707, #402, #1107, .T. ) ;
#1167 = LINE ( 'NONE', #1775, #1532 ) ;
#1168 = DIRECTION ( 'NONE',  ( -0.08715574274765443300, 4.404167499986244000E-017, -0.9961946980917458800 ) ) ;
#1169 = VECTOR ( 'NONE', #336, 1000.000000000000000 ) ;
#1170 = FACE_OUTER_BOUND ( 'NONE', #105, .T. ) ;
#1171 = DIRECTION ( 'NONE',  ( 0.0000000000000000000, 0.0000000000000000000, -1.000000000000000000 ) ) ;
#1172 = LINE ( 'NONE', #992, #569 ) ;
#1173 = ADVANCED_FACE ( 'NONE', ( #1624 ), #1527, .T. ) ;
#1174 = CC_DESIGN_APPROVAL ( #1076, ( #1970 ) ) ;
#1175 = ORIENTED_EDGE ( 'NONE', *, *, #448, .T. ) ;
#1176 = DIRECTION ( 'NONE',  ( 0.0000000000000000000, 0.0000000000000000000, -1.000000000000000000 ) ) ;
#1177 = EDGE_LOOP ( 'NONE', ( #919, #1820, #534, #1611 ) ) ;
#1178 = DIRECTION ( 'NONE',  ( 9.912705577010318600E-016, -1.000000000000000000, 0.0000000000000000000 ) ) ;
#1179 = ORIENTED_EDGE ( 'NONE', *, *, #1867, .F. ) ;
#1180 = EDGE_CURVE ( 'NONE', #1496, #1988, #957, .T. ) ;
#1181 = DATE_AND_TIME ( #156, #729 ) ;
#1182 = ORIENTED_EDGE ( 'NONE', *, *, #15, .F. ) ;
#1183 = EDGE_CURVE ( 'NONE', #1277, #844, #1535, .T. ) ;
#1184 = CARTESIAN_POINT ( 'NONE',  ( 15.69999999999999900, 15.70000000000000600, 6.999999999999999100 ) ) ;
#1185 = CARTESIAN_POINT ( 'NONE',  ( 19.00000000000000700, 18.50000000000000700, 6.999999999999999100 ) ) ;
#1186 = VERTEX_POINT ( 'NONE', #1065 ) ;
#1187 = ADVANCED_FACE ( 'NONE', ( #147 ), #1520, .F. ) ;
#1188 = DIRECTION ( 'NONE',  ( 0.0000000000000000000, 0.0000000000000000000, 1.000000000000000000 ) ) ;
#1189 = CARTESIAN_POINT ( 'NONE',  ( -15.69999999999999900, 15.69999999999999900, 6.589220084236443700 ) ) ;
#1190 = ORIENTED_EDGE ( 'NONE', *, *, #3, .F. ) ;
#1191 = PLANE ( 'NONE',  #1314 ) ;
#1192 = COORDINATED_UNIVERSAL_TIME_OFFSET ( 1, 0, .AHEAD. ) ;
#1193 = VECTOR ( 'NONE', #703, 999.9999999999998900 ) ;
#1194 = ADVANCED_FACE ( 'NONE', ( #547, #1458 ), #1546, .T. ) ;
#1195 = EDGE_CURVE ( 'NONE', #1681, #1735, #1629, .T. ) ;
#1196 = CIRCLE ( 'NONE', #898, 0.4499999999999999000 ) ;
#1197 = FACE_OUTER_BOUND ( 'NONE', #1891, .T. ) ;
#1198 = DIRECTION ( 'NONE',  ( -2.209838822900391100E-016, -1.000000000000000000, -1.481386910243056900E-033 ) ) ;
#1199 = LINE ( 'NONE', #557, #789 ) ;
#1200 = DIRECTION ( 'NONE',  ( -0.0000000000000000000, -0.0000000000000000000, -1.000000000000000000 ) ) ;
#1201 = VECTOR ( 'NONE', #275, 1000.000000000000000 ) ;
#1202 = DIRECTION ( 'NONE',  ( 0.0000000000000000000, 1.000000000000000000, -0.0000000000000000000 ) ) ;
#1203 = VERTEX_POINT ( 'NONE', #1699 ) ;
#1204 = DIRECTION ( 'NONE',  ( 0.7071067811865475700, 0.7071067811865475700, 0.0000000000000000000 ) ) ;
#1205 = ORIENTED_EDGE ( 'NONE', *, *, #1618, .F. ) ;
#1206 = VERTEX_POINT ( 'NONE', #925 ) ;
#1207 = CARTESIAN_POINT ( 'NONE',  ( -20.25000000000000000, -17.24999999999999300, 6.999999999999999100 ) ) ;
#1208 = ADVANCED_FACE ( 'NONE', ( #397 ), #1390, .T. ) ;
#1209 = EDGE_LOOP ( 'NONE', ( #1539, #634, #4, #1446 ) ) ;
#1210 = DIRECTION ( 'NONE',  ( 0.0000000000000000000, 0.0000000000000000000, 1.000000000000000000 ) ) ;
#1211 = DIRECTION ( 'NONE',  ( -0.0000000000000000000, 1.000000000000000000, 0.0000000000000000000 ) ) ;
#1212 = VERTEX_POINT ( 'NONE', #60 ) ;
#1213 = ORIENTED_EDGE ( 'NONE', *, *, #190, .T. ) ;
#1214 = AXIS2_PLACEMENT_3D ( 'NONE', #1279, #1136, #812 ) ;
#1215 = APPROVAL_STATUS ( 'not_yet_approved' ) ;
#1216 = DIRECTION ( 'NONE',  ( 1.000000000000000000, 2.209838822900391100E-016, -1.481386910243056400E-033 ) ) ;
#1217 = AXIS2_PLACEMENT_3D ( 'NONE', #1381, #917, #1369 ) ;
#1218 = EDGE_LOOP ( 'NONE', ( #1116, #1063, #413, #207 ) ) ;
#1219 = CARTESIAN_POINT ( 'NONE',  ( 0.0000000000000000000, 0.0000000000000000000, 0.0000000000000000000 ) ) ;
#1220 = VECTOR ( 'NONE', #1786, 1000.000000000000000 ) ;
#1221 = DIRECTION ( 'NONE',  ( -0.7071067811865439100, 0.7071067811865512400, -0.0000000000000000000 ) ) ;
#1222 = LINE ( 'NONE', #826, #74 ) ;
#1223 = CARTESIAN_POINT ( 'NONE',  ( 20.25000000000000000, 18.50000000000000700, 1.500000000000000000 ) ) ;
#1224 = LINE ( 'NONE', #604, #853 ) ;
#1225 = VECTOR ( 'NONE', #1221, 999.9999999999998900 ) ;
#1226 = EDGE_CURVE ( 'NONE', #484, #354, #299, .T. ) ;
#1227 = CYLINDRICAL_SURFACE ( 'NONE', #785, 0.4499999999999990100 ) ;
#1228 = DIRECTION ( 'NONE',  ( 1.000000000000000000, 0.0000000000000000000, 0.0000000000000000000 ) ) ;
#1229 = ORIENTED_EDGE ( 'NONE', *, *, #71, .T. ) ;
#1230 = CARTESIAN_POINT ( 'NONE',  ( -15.69999999999999900, 15.69999999999999900, 4.799999999999998900 ) ) ;
#1231 = ORIENTED_EDGE ( 'NONE', *, *, #1226, .F. ) ;
#1232 = VERTEX_POINT ( 'NONE', #1943 ) ;
#1233 = DATE_AND_TIME ( #87, #233 ) ;
#1234 = PERSON_AND_ORGANIZATION_ROLE ( 'classification_officer' ) ;
#1235 = EDGE_LOOP ( 'NONE', ( #1759, #1560, #1119, #25, #846 ) ) ;
#1236 = DIRECTION ( 'NONE',  ( 0.0000000000000000000, 0.0000000000000000000, 1.000000000000000000 ) ) ;
#1237 = EDGE_CURVE ( 'NONE', #1567, #205, #693, .T. ) ;
#1238 = AXIS2_PLACEMENT_3D ( 'NONE', #1009, #687, #993 ) ;
#1239 = CARTESIAN_POINT ( 'NONE',  ( 0.0000000000000000000, 0.0000000000000000000, 6.999999999999999100 ) ) ;
#1240 = VERTEX_POINT ( 'NONE', #533 ) ;
#1241 = CARTESIAN_POINT ( 'NONE',  ( 12.99999999999999800, 20.25000000000000400, 2.700000000000000200 ) ) ;
#1242 = PERSON_AND_ORGANIZATION ( #192, #474 ) ;
#1243 = CARTESIAN_POINT ( 'NONE',  ( 15.69999999999999900, 15.70000000000000600, 0.0000000000000000000 ) ) ;
#1244 = LINE ( 'NONE', #242, #1780 ) ;
#1245 = FACE_OUTER_BOUND ( 'NONE', #338, .T. ) ;
#1246 = DIRECTION ( 'NONE',  ( 1.000000000000000000, 1.156482317317871300E-015, 0.0000000000000000000 ) ) ;
#1247 = FACE_OUTER_BOUND ( 'NONE', #1573, .T. ) ;
#1248 = CARTESIAN_POINT ( 'NONE',  ( 20.25000000000000000, -20.24999999999999300, 6.999999999999999100 ) ) ;
#1249 = EDGE_LOOP ( 'NONE', ( #17, #1073, #303, #972 ) ) ;
#1250 = EDGE_CURVE ( 'NONE', #864, #1850, #1415, .T. ) ;
#1251 = ORIENTED_EDGE ( 'NONE', *, *, #1658, .T. ) ;
#1252 = ORIENTED_EDGE ( 'NONE', *, *, #290, .F. ) ;
#1253 = AXIS2_PLACEMENT_3D ( 'NONE', #1265, #1723, #955 ) ;
#1254 = CARTESIAN_POINT ( 'NONE',  ( -21.69999999999999900, 15.69999999999999900, 1.500000000000000000 ) ) ;
#1255 = CARTESIAN_POINT ( 'NONE',  ( -14.00000000000000500, -18.49999999999999600, 2.700000000000000200 ) ) ;
#1256 = ORIENTED_EDGE ( 'NONE', *, *, #1824, .F. ) ;
#1257 = VERTEX_POINT ( 'NONE', #698 ) ;
#1258 = PLANE ( 'NONE',  #1811 ) ;
#1259 = VERTEX_POINT ( 'NONE', #226 ) ;
#1260 = CARTESIAN_POINT ( 'NONE',  ( 21.58765097169214900, -2.385261460623433000E-015, 6.549999999999999800 ) ) ;
#1261 = CARTESIAN_POINT ( 'NONE',  ( 12.99999999999999800, -20.24999999999999300, 1.500000000000000000 ) ) ;
#1262 = EDGE_CURVE ( 'NONE', #1705, #407, #1482, .T. ) ;
#1263 = CARTESIAN_POINT ( 'NONE',  ( 21.85280382094657600, -15.69999999999998200, 4.855616042506699000 ) ) ;
#1264 = AXIS2_PLACEMENT_3D ( 'NONE', #389, #1470, #710 ) ;
#1265 = CARTESIAN_POINT ( 'NONE',  ( 15.69999999999999900, -15.69999999999999900, 6.999999999999999100 ) ) ;
#1266 = CIRCLE ( 'NONE', #1572, 0.4499999999999999000 ) ;
#1267 = CARTESIAN_POINT ( 'NONE',  ( 21.69999999999999900, -21.69999999999999600, 1.500000000000000000 ) ) ;
#1268 = CIRCLE ( 'NONE', #481, 5.999999999999998200 ) ;
#1269 = VECTOR ( 'NONE', #1083, 1000.000000000000000 ) ;
#1270 = PLANE ( 'NONE',  #1901 ) ;
#1271 = CYLINDRICAL_SURFACE ( 'NONE', #800, 6.000000000000001800 ) ;
#1272 = LINE ( 'NONE', #1444, #222 ) ;
#1273 = FACE_OUTER_BOUND ( 'NONE', #1584, .T. ) ;
#1274 = EDGE_CURVE ( 'NONE', #1030, #1739, #980, .T. ) ;
#1275 = DIRECTION ( 'NONE',  ( 5.323865094895323400E-016, 0.9396926207859061000, -0.3420201433256749900 ) ) ;
#1276 = ORIENTED_EDGE ( 'NONE', *, *, #204, .T. ) ;
#1277 = VERTEX_POINT ( 'NONE', #350 ) ;
#1278 = AXIS2_PLACEMENT_3D ( 'NONE', #1495, #1963, #1816 ) ;
#1279 = CARTESIAN_POINT ( 'NONE',  ( -15.69999999999999900, 15.69999999999999900, 6.549999999999999800 ) ) ;
#1280 = ORIENTED_EDGE ( 'NONE', *, *, #1890, .F. ) ;
#1281 = ORIENTED_EDGE ( 'NONE', *, *, #587, .F. ) ;
#1282 = DIRECTION ( 'NONE',  ( 1.000000000000000000, 0.0000000000000000000, 0.0000000000000000000 ) ) ;
#1283 = EDGE_LOOP ( 'NONE', ( #1538, #1849, #111, #1764 ) ) ;
#1284 = EDGE_CURVE ( 'NONE', #1186, #825, #1883, .T. ) ;
#1285 = CARTESIAN_POINT ( 'NONE',  ( -15.69999999999999900, 15.69999999999999900, 5.278477721860356900 ) ) ;
#1286 = EDGE_CURVE ( 'NONE', #1934, #1232, #1370, .T. ) ;
#1287 = ORIENTED_EDGE ( 'NONE', *, *, #45, .T. ) ;
#1288 = DIRECTION ( 'NONE',  ( -0.7071067811865474600, 0.7071067811865474600, -0.0000000000000000000 ) ) ;
#1289 = CYLINDRICAL_SURFACE ( 'NONE', #1719, 6.000000000000000000 ) ;
#1290 = CARTESIAN_POINT ( 'NONE',  ( 12.99999999999999800, -19.50000000000000400, 2.700000000000000200 ) ) ;
#1291 = LINE ( 'NONE', #1877, #396 ) ;
#1292 = VECTOR ( 'NONE', #582, 1000.000000000000100 ) ;
#1293 = DIRECTION ( 'NONE',  ( 0.0000000000000000000, -0.0000000000000000000, 1.000000000000000000 ) ) ;
#1294 = VECTOR ( 'NONE', #1013, 1000.000000000000000 ) ;
#1295 = CARTESIAN_POINT ( 'NONE',  ( -22.14718237059131000, 15.69999999999999200, 5.317697806096801600 ) ) ;
#1296 = CIRCLE ( 'NONE', #975, 6.447182370591310300 ) ;
#1297 = ORIENTED_EDGE ( 'NONE', *, *, #1994, .T. ) ;
#1298 = EDGE_CURVE ( 'NONE', #402, #1796, #1272, .T. ) ;
#1299 = CARTESIAN_POINT ( 'NONE',  ( -15.69999999999999200, -21.58765097169216000, 6.999999999999999100 ) ) ;
#1300 = CARTESIAN_POINT ( 'NONE',  ( 21.99999999999999300, -15.69999999999998200, 6.999999999999999100 ) ) ;
#1301 = ORIENTED_EDGE ( 'NONE', *, *, #668, .T. ) ;
#1302 = AXIS2_PLACEMENT_3D ( 'NONE', #1787, #1956, #1178 ) ;
#1303 = ORIENTED_EDGE ( 'NONE', *, *, #494, .F. ) ;
#1304 = VERTEX_POINT ( 'NONE', #712 ) ;
#1305 = ORIENTED_EDGE ( 'NONE', *, *, #1743, .F. ) ;
#1306 = CARTESIAN_POINT ( 'NONE',  ( 17.25000000000002500, 20.25000000000000400, 6.999999999999999100 ) ) ;
#1307 = CARTESIAN_POINT ( 'NONE',  ( -21.99999999999999600, 15.69999999999999200, 6.999999999999999100 ) ) ;
#1308 = CARTESIAN_POINT ( 'NONE',  ( 14.00000000000000200, 18.50000000000000400, 2.700000000000000200 ) ) ;
#1309 = CLOSED_SHELL ( 'NONE', ( #1400, #858, #1792, #1497, #416, #890, #1194, #588, #427, #1173, #1327, #1485, #562, #1187, #1660, #1638, #1347, #102, #1018, #281, #683, #254, #382, #1029, #1333, #405, #391, #1360, #1473, #1809, #878, #1646, #113, #871, #1503, #1800, #1208, #579, #93, #1983, #84, #1563, #237, #1969, #566, #946, #725, #1961, #746, #645, #1163, #1941, #1950, #1518, #1669, #1001, #735, #1777, #714, #243, #266, #1627, #1821, #1549, #758, #1040, #1053, #122 ) ) ;
#1310 = PLANE ( 'NONE',  #1545 ) ;
#1311 = DIRECTION ( 'NONE',  ( 0.0000000000000000000, 0.0000000000000000000, -1.000000000000000000 ) ) ;
#1312 = VECTOR ( 'NONE', #1742, 1000.000000000000100 ) ;
#1313 = VECTOR ( 'NONE', #1917, 999.9999999999998900 ) ;
#1314 = AXIS2_PLACEMENT_3D ( 'NONE', #1856, #1072, #921 ) ;
#1315 = FACE_OUTER_BOUND ( 'NONE', #185, .T. ) ;
#1316 = LINE ( 'NONE', #1666, #1292 ) ;
#1317 = DIRECTION ( 'NONE',  ( 0.08715574274765443300, 0.0000000000000000000, -0.9961946980917458800 ) ) ;
#1318 = CIRCLE ( 'NONE', #1728, 0.4499999999999999000 ) ;
#1319 = DIRECTION ( 'NONE',  ( 1.000000000000000000, 2.209838822900391100E-016, -1.481386910243056400E-033 ) ) ;
#1320 = ORIENTED_EDGE ( 'NONE', *, *, #1365, .T. ) ;
#1321 = EDGE_LOOP ( 'NONE', ( #1439, #18, #733, #1301 ) ) ;
#1322 = ORIENTED_EDGE ( 'NONE', *, *, #1571, .T. ) ;
#1323 = EDGE_CURVE ( 'NONE', #1988, #112, #1340, .T. ) ;
#1324 = PLANE ( 'NONE',  #223 ) ;
#1325 = CARTESIAN_POINT ( 'NONE',  ( -22.14718237059131700, -15.70000000000001200, 5.317697806096801600 ) ) ;
#1326 = SHAPE_DEFINITION_REPRESENTATION ( #372, #468 ) ;
#1327 = ADVANCED_FACE ( 'NONE', ( #1904 ), #1339, .F. ) ;
#1328 = ORIENTED_EDGE ( 'NONE', *, *, #1551, .F. ) ;
#1329 = DIRECTION ( 'NONE',  ( -0.7071067811865442400, 0.7071067811865509000, 0.0000000000000000000 ) ) ;
#1330 = CARTESIAN_POINT ( 'NONE',  ( 20.25000000000000000, 17.24999999999999600, 6.999999999999999100 ) ) ;
#1331 = CARTESIAN_POINT ( 'NONE',  ( -21.69889475645002400, 15.69999999999999200, 5.278477721860356900 ) ) ;
#1332 = DIRECTION ( 'NONE',  ( 1.000000000000000000, -1.095164324891333300E-015, 0.0000000000000000000 ) ) ;
#1333 = ADVANCED_FACE ( 'NONE', ( #598 ), #1641, .T. ) ;
#1334 = EDGE_CURVE ( 'NONE', #1911, #1705, #718, .T. ) ;
#1335 = CARTESIAN_POINT ( 'NONE',  ( 21.85280382094658300, -15.69999999999998200, 4.855616042506701600 ) ) ;
#1336 = CARTESIAN_POINT ( 'NONE',  ( -21.85280382094658700, -15.70000000000001200, 4.855616042506699000 ) ) ;
#1337 = AXIS2_PLACEMENT_3D ( 'NONE', #531, #1770, #841 ) ;
#1338 = FACE_OUTER_BOUND ( 'NONE', #1985, .T. ) ;
#1339 = PLANE ( 'NONE',  #168 ) ;
#1340 = LINE ( 'NONE', #1947, #454 ) ;
#1341 = PLANE ( 'NONE',  #1844 ) ;
#1342 = VECTOR ( 'NONE', #1738, 1000.000000000000000 ) ;
#1343 = LINE ( 'NONE', #166, #933 ) ;
#1344 = DIRECTION ( 'NONE',  ( 0.0000000000000000000, 0.0000000000000000000, -1.000000000000000000 ) ) ;
#1345 = DIRECTION ( 'NONE',  ( -0.0000000000000000000, -0.0000000000000000000, 1.000000000000000000 ) ) ;
#1346 = EDGE_LOOP ( 'NONE', ( #990, #496, #1376, #1460, #1373, #893, #331, #212 ) ) ;
#1347 = ADVANCED_FACE ( 'NONE', ( #1022 ), #706, .F. ) ;
#1348 = DIRECTION ( 'NONE',  ( 0.0000000000000000000, 0.0000000000000000000, -1.000000000000000000 ) ) ;
#1349 = ORIENTED_EDGE ( 'NONE', *, *, #1867, .T. ) ;
#1350 = CARTESIAN_POINT ( 'NONE',  ( 17.24999999999998600, -20.24999999999999300, 6.999999999999999100 ) ) ;
#1351 = EDGE_CURVE ( 'NONE', #1735, #407, #1837, .T. ) ;
#1352 = ORIENTED_EDGE ( 'NONE', *, *, #96, .T. ) ;
#1353 = EDGE_CURVE ( 'NONE', #825, #460, #1081, .T. ) ;
#1354 = CARTESIAN_POINT ( 'NONE',  ( 15.69999999999999900, -15.69999999999999900, 1.500000000000000000 ) ) ;
#1355 = ORIENTED_EDGE ( 'NONE', *, *, #1556, .T. ) ;
#1356 = CARTESIAN_POINT ( 'NONE',  ( -15.70000000000000300, -15.70000000000000600, 6.589220084236443700 ) ) ;
#1357 = ORIENTED_EDGE ( 'NONE', *, *, #213, .F. ) ;
#1358 = DIRECTION ( 'NONE',  ( -0.0000000000000000000, 0.0000000000000000000, -1.000000000000000000 ) ) ;
#1359 = AXIS2_PLACEMENT_3D ( 'NONE', #894, #1645, #732 ) ;
#1360 = ADVANCED_FACE ( 'NONE', ( #666 ), #909, .T. ) ;
#1361 = CARTESIAN_POINT ( 'NONE',  ( -18.99999999999999300, 18.50000000000000700, 6.999999999999999100 ) ) ;
#1362 = EDGE_LOOP ( 'NONE', ( #524, #313, #404, #695 ) ) ;
#1363 = DIRECTION ( 'NONE',  ( 0.0000000000000000000, 0.0000000000000000000, 1.000000000000000000 ) ) ;
#1364 = CYLINDRICAL_SURFACE ( 'NONE', #79, 0.4499999999999990100 ) ;
#1365 = EDGE_CURVE ( 'NONE', #1401, #1893, #1316, .T. ) ;
#1366 = FACE_OUTER_BOUND ( 'NONE', #657, .T. ) ;
#1367 = VECTOR ( 'NONE', #1156, 1000.000000000000000 ) ;
#1368 = LINE ( 'NONE', #762, #1882 ) ;
#1369 = DIRECTION ( 'NONE',  ( 0.0000000000000000000, 0.0000000000000000000, 1.000000000000000000 ) ) ;
#1370 = LINE ( 'NONE', #1486, #1124 ) ;
#1371 = EDGE_LOOP ( 'NONE', ( #1661, #288, #187, #650, #1937, #532, #1127, #1115 ) ) ;
#1372 = DIRECTION ( 'NONE',  ( 1.000000000000000000, 0.0000000000000000000, 0.0000000000000000000 ) ) ;
#1373 = ORIENTED_EDGE ( 'NONE', *, *, #1323, .F. ) ;
#1374 = ORIENTED_EDGE ( 'NONE', *, *, #550, .T. ) ;
#1375 = DIRECTION ( 'NONE',  ( 9.912705577010338400E-016, 1.000000000000000000, -0.0000000000000000000 ) ) ;
#1376 = ORIENTED_EDGE ( 'NONE', *, *, #1015, .T. ) ;
#1377 = DIRECTION ( 'NONE',  ( 1.000000000000000000, 1.435633221498046700E-015, 0.0000000000000000000 ) ) ;
#1378 = ORIENTED_EDGE ( 'NONE', *, *, #1434, .T. ) ;
#1379 = AXIS2_PLACEMENT_3D ( 'NONE', #510, #1588, #971 ) ;
#1380 = APPLICATION_PROTOCOL_DEFINITION ( 'international standard', 'config_control_design', 1994, #444 ) ;
#1381 = CARTESIAN_POINT ( 'NONE',  ( 15.69999999999997800, 21.58765097169216000, 6.549999999999999800 ) ) ;
#1382 = DIRECTION ( 'NONE',  ( 1.000000000000000000, 0.0000000000000000000, 0.0000000000000000000 ) ) ;
#1383 = CARTESIAN_POINT ( 'NONE',  ( 15.69999999999999900, 21.70000000000000300, 4.799999999999998900 ) ) ;
#1384 = SECURITY_CLASSIFICATION_LEVEL ( 'unclassified' ) ;
#1385 = EDGE_CURVE ( 'NONE', #1027, #460, #1860, .T. ) ;
#1386 = PLANE ( 'NONE',  #753 ) ;
#1387 = FACE_OUTER_BOUND ( 'NONE', #34, .T. ) ;
#1388 = DIRECTION ( 'NONE',  ( 1.000000000000000000, 1.598823480162955500E-016, 0.0000000000000000000 ) ) ;
#1389 = FACE_OUTER_BOUND ( 'NONE', #40, .T. ) ;
#1390 = CONICAL_SURFACE ( 'NONE', #1421, 6.477276999696746500, 1.221730476396024200 ) ;
#1391 = EDGE_CURVE ( 'NONE', #1982, #305, #1701, .T. ) ;
#1392 = LINE ( 'NONE', #1263, #196 ) ;
#1393 = DIRECTION ( 'NONE',  ( 1.000000000000000000, 0.0000000000000000000, 0.0000000000000000000 ) ) ;
#1394 = EDGE_LOOP ( 'NONE', ( #52, #754, #1576, #1425 ) ) ;
#1395 = ORIENTED_EDGE ( 'NONE', *, *, #1385, .F. ) ;
#1396 = CARTESIAN_POINT ( 'NONE',  ( 15.69999999999999900, -21.69999999999999600, 1.500000000000000000 ) ) ;
#1397 = VERTEX_POINT ( 'NONE', #1847 ) ;
#1398 = ORIENTED_EDGE ( 'NONE', *, *, #1807, .F. ) ;
#1399 = ORIENTED_EDGE ( 'NONE', *, *, #1226, .T. ) ;
#1400 = ADVANCED_FACE ( 'NONE', ( #246 ), #78, .T. ) ;
#1401 = VERTEX_POINT ( 'NONE', #286 ) ;
#1402 = EDGE_CURVE ( 'NONE', #1873, #1010, #1052, .T. ) ;
#1403 = DIRECTION ( 'NONE',  ( 0.0000000000000000000, 0.0000000000000000000, 1.000000000000000000 ) ) ;
#1404 = AXIS2_PLACEMENT_3D ( 'NONE', #1230, #1, #148 ) ;
#1405 = DIRECTION ( 'NONE',  ( 2.201429719010674100E-016, -0.9961946980917458800, -0.08715574274765443300 ) ) ;
#1406 = DIRECTION ( 'NONE',  ( 0.0000000000000000000, 0.0000000000000000000, 1.000000000000000000 ) ) ;
#1407 = CC_DESIGN_DATE_AND_TIME_ASSIGNMENT ( #1233, #283, ( #1480 ) ) ;
#1408 = ORIENTED_EDGE ( 'NONE', *, *, #1262, .F. ) ;
#1409 = PLANE ( 'NONE',  #872 ) ;
#1410 = LINE ( 'NONE', #398, #1501 ) ;
#1411 = VECTOR ( 'NONE', #438, 1000.000000000000000 ) ;
#1412 = FACE_OUTER_BOUND ( 'NONE', #763, .T. ) ;
#1413 = DIRECTION ( 'NONE',  ( -1.000000000000000000, 0.0000000000000000000, 0.0000000000000000000 ) ) ;
#1414 = VECTOR ( 'NONE', #1986, 1000.000000000000000 ) ;
#1415 = LINE ( 'NONE', #67, #1753 ) ;
#1416 = CARTESIAN_POINT ( 'NONE',  ( -21.58765097169215300, 15.69999999999999200, 6.549999999999999800 ) ) ;
#1417 = ORIENTED_EDGE ( 'NONE', *, *, #764, .F. ) ;
#1418 = AXIS2_PLACEMENT_3D ( 'NONE', #110, #728, #403 ) ;
#1419 = ORIENTED_EDGE ( 'NONE', *, *, #297, .T. ) ;
#1420 = ORIENTED_EDGE ( 'NONE', *, *, #750, .F. ) ;
#1421 = AXIS2_PLACEMENT_3D ( 'NONE', #5, #145, #1094 ) ;
#1422 = DIRECTION ( 'NONE',  ( -1.000000000000000000, 0.0000000000000000000, 0.0000000000000000000 ) ) ;
#1423 = CARTESIAN_POINT ( 'NONE',  ( -17.24999999999998600, 20.25000000000000000, 6.999999999999999100 ) ) ;
#1424 = ORIENTED_EDGE ( 'NONE', *, *, #359, .F. ) ;
#1425 = ORIENTED_EDGE ( 'NONE', *, *, #141, .F. ) ;
#1426 = EDGE_LOOP ( 'NONE', ( #310, #653, #756, #14 ) ) ;
#1427 = EDGE_CURVE ( 'NONE', #1277, #1203, #520, .T. ) ;
#1428 = CARTESIAN_POINT ( 'NONE',  ( -15.70000000000000300, -15.70000000000000600, 5.317697806096796300 ) ) ;
#1429 = DIRECTION ( 'NONE',  ( 1.000000000000000000, 0.0000000000000000000, 0.0000000000000000000 ) ) ;
#1430 = DIRECTION ( 'NONE',  ( 0.0000000000000000000, 0.0000000000000000000, 1.000000000000000000 ) ) ;
#1431 = LINE ( 'NONE', #442, #1457 ) ;
#1432 = VECTOR ( 'NONE', #1074, 1000.000000000000000 ) ;
#1433 = VECTOR ( 'NONE', #47, 1000.000000000000000 ) ;
#1434 = EDGE_CURVE ( 'NONE', #802, #1525, #502, .T. ) ;
#1435 = CARTESIAN_POINT ( 'NONE',  ( -20.25000000000000000, 18.50000000000000700, 1.500000000000000000 ) ) ;
#1436 = VERTEX_POINT ( 'NONE', #124 ) ;
#1437 = ORIENTED_EDGE ( 'NONE', *, *, #374, .T. ) ;
#1438 = DIRECTION ( 'NONE',  ( -1.000000000000000000, 0.0000000000000000000, 0.0000000000000000000 ) ) ;
#1439 = ORIENTED_EDGE ( 'NONE', *, *, #1556, .F. ) ;
#1440 = APPROVAL_PERSON_ORGANIZATION ( #985, #1692, #467 ) ;
#1441 = AXIS2_PLACEMENT_3D ( 'NONE', #722, #1812, #429 ) ;
#1442 = ORIENTED_EDGE ( 'NONE', *, *, #1670, .F. ) ;
#1443 = DIRECTION ( 'NONE',  ( -0.0000000000000000000, -0.0000000000000000000, -1.000000000000000000 ) ) ;
#1444 = CARTESIAN_POINT ( 'NONE',  ( 15.70000000000001200, -21.99999999999999600, 6.999999999999999100 ) ) ;
#1445 = CARTESIAN_POINT ( 'NONE',  ( 12.99999999999999800, -20.24999999999999300, 2.700000000000000200 ) ) ;
#1446 = ORIENTED_EDGE ( 'NONE', *, *, #1500, .T. ) ;
#1447 = EDGE_CURVE ( 'NONE', #1232, #1064, #854, .T. ) ;
#1448 = DIRECTION ( 'NONE',  ( 1.000000000000000000, 2.209838822900391100E-016, -0.0000000000000000000 ) ) ;
#1449 = EDGE_CURVE ( 'NONE', #799, #1850, #929, .T. ) ;
#1450 = EDGE_LOOP ( 'NONE', ( #1028, #119, #1175, #1466 ) ) ;
#1451 = DIRECTION ( 'NONE',  ( 2.209838822900391100E-016, 1.000000000000000000, 2.322955749918415700E-035 ) ) ;
#1452 = CARTESIAN_POINT ( 'NONE',  ( -19.00000000000001400, -18.49999999999999600, 1.500000000000000000 ) ) ;
#1453 = AXIS2_PLACEMENT_3D ( 'NONE', #117, #1813, #1966 ) ;
#1454 = LINE ( 'NONE', #1619, #449 ) ;
#1455 = FACE_OUTER_BOUND ( 'NONE', #961, .T. ) ;
#1456 = VECTOR ( 'NONE', #1865, 1000.000000000000000 ) ;
#1457 = VECTOR ( 'NONE', #1377, 1000.000000000000000 ) ;
#1458 = FACE_BOUND ( 'NONE', #891, .T. ) ;
#1459 = VECTOR ( 'NONE', #300, 1000.000000000000000 ) ;
#1460 = ORIENTED_EDGE ( 'NONE', *, *, #311, .T. ) ;
#1461 = EDGE_CURVE ( 'NONE', #167, #1565, #32, .T. ) ;
#1462 = CARTESIAN_POINT ( 'NONE',  ( 19.00000000000000000, -18.49999999999999600, 1.500000000000000000 ) ) ;
#1463 = CARTESIAN_POINT ( 'NONE',  ( 13.99999999999999800, 18.50000000000000700, 2.700000000000000200 ) ) ;
#1464 = VERTEX_POINT ( 'NONE', #888 ) ;
#1465 = AXIS2_PLACEMENT_3D ( 'NONE', #602, #1216, #261 ) ;
#1466 = ORIENTED_EDGE ( 'NONE', *, *, #1262, .T. ) ;
#1467 = DIRECTION ( 'NONE',  ( 0.0000000000000000000, 0.0000000000000000000, -1.000000000000000000 ) ) ;
#1468 = VERTEX_POINT ( 'NONE', #455 ) ;
#1469 = ORIENTED_EDGE ( 'NONE', *, *, #494, .T. ) ;
#1470 = DIRECTION ( 'NONE',  ( -2.569960705150825400E-016, 1.000000000000000000, 0.0000000000000000000 ) ) ;
#1471 = CARTESIAN_POINT ( 'NONE',  ( 15.69999999999997800, 22.17727699969674800, 4.973714621389497400 ) ) ;
#1472 = DIRECTION ( 'NONE',  ( 1.104919411450195400E-016, 1.000000000000000000, 0.0000000000000000000 ) ) ;
#1473 = ADVANCED_FACE ( 'NONE', ( #1952 ), #881, .T. ) ;
#1474 = ORIENTED_EDGE ( 'NONE', *, *, #1662, .T. ) ;
#1475 = EDGE_CURVE ( 'NONE', #864, #1010, #2003, .T. ) ;
#1476 = CARTESIAN_POINT ( 'NONE',  ( -20.25000000000000000, 17.25000000000000700, 1.500000000000000000 ) ) ;
#1477 = CARTESIAN_POINT ( 'NONE',  ( 19.00000000000000700, 18.50000000000000700, 1.500000000000000000 ) ) ;
#1478 = CARTESIAN_POINT ( 'NONE',  ( 21.69999999999999900, 15.70000000000000600, 1.500000000000000000 ) ) ;
#1479 = LINE ( 'NONE', #1717, #296 ) ;
#1480 = SECURITY_CLASSIFICATION ( '', '', #1384 ) ;
#1481 = CYLINDRICAL_SURFACE ( 'NONE', #618, 6.000000000000000000 ) ;
#1482 = LINE ( 'NONE', #217, #1783 ) ;
#1483 = DIRECTION ( 'NONE',  ( -0.0000000000000000000, -1.000000000000000000, 0.0000000000000000000 ) ) ;
#1484 = VECTOR ( 'NONE', #848, 1000.000000000000000 ) ;
#1485 = ADVANCED_FACE ( 'NONE', ( #276 ), #118, .F. ) ;
#1486 = CARTESIAN_POINT ( 'NONE',  ( 20.25000000000000000, 17.24999999999999600, 6.999999999999999100 ) ) ;
#1487 = ORIENTED_EDGE ( 'NONE', *, *, #1180, .F. ) ;
#1488 = DIRECTION ( 'NONE',  ( -0.7071067811865507900, -0.7071067811865441300, 0.0000000000000000000 ) ) ;
#1489 = EDGE_CURVE ( 'NONE', #1014, #1436, #1581, .T. ) ;
#1490 = ORIENTED_EDGE ( 'NONE', *, *, #1642, .F. ) ;
#1491 = ORIENTED_EDGE ( 'NONE', *, *, #1143, .F. ) ;
#1492 = AXIS2_PLACEMENT_3D ( 'NONE', #1720, #342, #821 ) ;
#1493 = DIRECTION ( 'NONE',  ( 1.000000000000000000, 1.642746487336999000E-015, 0.0000000000000000000 ) ) ;
#1494 = VERTEX_POINT ( 'NONE', #13 ) ;
#1495 = CARTESIAN_POINT ( 'NONE',  ( 15.70000000000001200, -21.58765097169215300, 6.549999999999999800 ) ) ;
#1496 = VERTEX_POINT ( 'NONE', #1048 ) ;
#1497 = ADVANCED_FACE ( 'NONE', ( #1678 ), #1386, .T. ) ;
#1498 = DIRECTION ( 'NONE',  ( -0.0000000000000000000, -0.0000000000000000000, -1.000000000000000000 ) ) ;
#1499 = DIRECTION ( 'NONE',  ( -0.0000000000000000000, -1.000000000000000000, -0.0000000000000000000 ) ) ;
#1500 = EDGE_CURVE ( 'NONE', #1793, #822, #125, .T. ) ;
#1501 = VECTOR ( 'NONE', #1643, 1000.000000000000000 ) ;
#1502 = CARTESIAN_POINT ( 'NONE',  ( -15.70000000000000300, 22.14718237059131300, 5.317697806096801600 ) ) ;
#1503 = ADVANCED_FACE ( 'NONE', ( #1245 ), #473, .T. ) ;
#1504 = AXIS2_PLACEMENT_3D ( 'NONE', #788, #1405, #491 ) ;
#1505 = LINE ( 'NONE', #1300, #953 ) ;
#1506 = DIRECTION ( 'NONE',  ( 1.000000000000000000, 0.0000000000000000000, 0.0000000000000000000 ) ) ;
#1507 = CIRCLE ( 'NONE', #1404, 5.999999999999998200 ) ;
#1508 = DIRECTION ( 'NONE',  ( 0.0000000000000000000, 0.0000000000000000000, 1.000000000000000000 ) ) ;
#1509 = VECTOR ( 'NONE', #358, 1000.000000000000100 ) ;
#1510 = VECTOR ( 'NONE', #215, 1000.000000000000100 ) ;
#1511 = CONICAL_SURFACE ( 'NONE', #241, 6.477276999696746500, 1.221730476396024200 ) ;
#1512 = CARTESIAN_POINT ( 'NONE',  ( -14.00000000000000500, -18.49999999999999600, 2.700000000000000200 ) ) ;
#1513 = VERTEX_POINT ( 'NONE', #630 ) ;
#1514 = DIRECTION ( 'NONE',  ( 1.000000000000000000, -0.0000000000000000000, 0.0000000000000000000 ) ) ;
#1515 = ORIENTED_EDGE ( 'NONE', *, *, #1633, .T. ) ;
#1516 = DIRECTION ( 'NONE',  ( -0.7071067811865500200, -0.7071067811865451300, -0.0000000000000000000 ) ) ;
#1517 = EDGE_CURVE ( 'NONE', #793, #1014, #1602, .T. ) ;
#1518 = ADVANCED_FACE ( 'NONE', ( #1170 ), #1781, .T. ) ;
#1519 = ORIENTED_EDGE ( 'NONE', *, *, #521, .F. ) ;
#1520 = PLANE ( 'NONE',  #1044 ) ;
#1521 = AXIS2_PLACEMENT_3D ( 'NONE', #1416, #1096, #1102 ) ;
#1522 = APPROVAL_STATUS ( 'not_yet_approved' ) ;
#1523 = ORIENTED_EDGE ( 'NONE', *, *, #1841, .F. ) ;
#1524 = DIRECTION ( 'NONE',  ( -0.0000000000000000000, 0.0000000000000000000, 1.000000000000000000 ) ) ;
#1525 = VERTEX_POINT ( 'NONE', #1702 ) ;
#1526 = AXIS2_PLACEMENT_3D ( 'NONE', #1804, #1032, #1981 ) ;
#1527 = PLANE ( 'NONE',  #1667 ) ;
#1528 = ORIENTED_EDGE ( 'NONE', *, *, #1129, .T. ) ;
#1529 = CARTESIAN_POINT ( 'NONE',  ( 15.69999999999999900, 15.70000000000000600, 4.973714621389497400 ) ) ;
#1530 = EDGE_CURVE ( 'NONE', #825, #431, #1479, .T. ) ;
#1531 = DIRECTION ( 'NONE',  ( -0.9396926207859061000, 0.0000000000000000000, 0.3420201433256749300 ) ) ;
#1532 = VECTOR ( 'NONE', #1606, 1000.000000000000100 ) ;
#1533 = TOROIDAL_SURFACE ( 'NONE', #1113, 5.887650971692157700, 0.4500000000000000100 ) ;
#1534 = DIRECTION ( 'NONE',  ( -0.0000000000000000000, -0.0000000000000000000, -1.000000000000000000 ) ) ;
#1535 = LINE ( 'NONE', #609, #1004 ) ;
#1536 = LINE ( 'NONE', #1161, #770 ) ;
#1537 = DIRECTION ( 'NONE',  ( 0.0000000000000000000, 0.0000000000000000000, 1.000000000000000000 ) ) ;
#1538 = ORIENTED_EDGE ( 'NONE', *, *, #1298, .T. ) ;
#1539 = ORIENTED_EDGE ( 'NONE', *, *, #504, .T. ) ;
#1540 = ORIENTED_EDGE ( 'NONE', *, *, #949, .T. ) ;
#1541 = CARTESIAN_POINT ( 'NONE',  ( -15.70000000000000300, 21.69889475645002700, 5.278477721860356900 ) ) ;
#1542 = ORIENTED_EDGE ( 'NONE', *, *, #1183, .F. ) ;
#1543 = EDGE_CURVE ( 'NONE', #1064, #986, #1049, .T. ) ;
#1544 = DIRECTION ( 'NONE',  ( 0.0000000000000000000, 0.0000000000000000000, -1.000000000000000000 ) ) ;
#1545 = AXIS2_PLACEMENT_3D ( 'NONE', #1017, #1162, #696 ) ;
#1546 = PLANE ( 'NONE',  #1789 ) ;
#1547 = DIRECTION ( 'NONE',  ( 0.0000000000000000000, 0.0000000000000000000, 1.000000000000000000 ) ) ;
#1548 = CARTESIAN_POINT ( 'NONE',  ( 4.770522921246867600E-015, -21.58765097169215600, 6.999999999999999100 ) ) ;
#1549 = ADVANCED_FACE ( 'NONE', ( #29 ), #1078, .T. ) ;
#1550 = LOCAL_TIME ( 11, 28, 28.00000000000000000, #1192 ) ;
#1551 = EDGE_CURVE ( 'NONE', #1468, #1758, #1121, .T. ) ;
#1552 = LINE ( 'NONE', #849, #1599 ) ;
#1553 = CARTESIAN_POINT ( 'NONE',  ( -15.70000000000000300, -15.70000000000000600, 1.500000000000000000 ) ) ;
#1554 = COORDINATED_UNIVERSAL_TIME_OFFSET ( 1, 0, .AHEAD. ) ;
#1555 = VECTOR ( 'NONE', #366, 1000.000000000000000 ) ;
#1556 = EDGE_CURVE ( 'NONE', #867, #1911, #320, .T. ) ;
#1557 = DIRECTION ( 'NONE',  ( 1.000000000000000000, 0.0000000000000000000, 0.0000000000000000000 ) ) ;
#1558 = LINE ( 'NONE', #670, #1148 ) ;
#1559 = LINE ( 'NONE', #1463, #1510 ) ;
#1560 = ORIENTED_EDGE ( 'NONE', *, *, #1767, .T. ) ;
#1561 = AXIS2_PLACEMENT_3D ( 'NONE', #284, #462, #1236 ) ;
#1562 = DIRECTION ( 'NONE',  ( -1.000000000000000000, 0.0000000000000000000, 0.0000000000000000000 ) ) ;
#1563 = ADVANCED_FACE ( 'NONE', ( #1881 ), #312, .F. ) ;
#1564 = ORIENTED_EDGE ( 'NONE', *, *, #1854, .F. ) ;
#1565 = VERTEX_POINT ( 'NONE', #1100 ) ;
#1566 = CARTESIAN_POINT ( 'NONE',  ( -20.25000000000000000, 18.50000000000000700, 2.700000000000000200 ) ) ;
#1567 = VERTEX_POINT ( 'NONE', #138 ) ;
#1568 = EDGE_LOOP ( 'NONE', ( #1276, #776, #1962, #12 ) ) ;
#1569 = DIRECTION ( 'NONE',  ( 1.994537811294428100E-018, 0.08715574274765443300, -0.9961946980917458800 ) ) ;
#1570 = ORIENTED_EDGE ( 'NONE', *, *, #180, .F. ) ;
#1571 = EDGE_CURVE ( 'NONE', #649, #793, #1507, .T. ) ;
#1572 = AXIS2_PLACEMENT_3D ( 'NONE', #1031, #1483, #1825 ) ;
#1573 = EDGE_LOOP ( 'NONE', ( #1632, #991, #1716, #1281 ) ) ;
#1574 = CARTESIAN_POINT ( 'NONE',  ( 15.69999999999999900, 21.70000000000000300, 0.0000000000000000000 ) ) ;
#1575 = DIRECTION ( 'NONE',  ( -0.0000000000000000000, 0.0000000000000000000, -1.000000000000000000 ) ) ;
#1576 = ORIENTED_EDGE ( 'NONE', *, *, #515, .F. ) ;
#1577 = LINE ( 'NONE', #1579, #395 ) ;
#1578 = EDGE_CURVE ( 'NONE', #1397, #1010, #595, .T. ) ;
#1579 = CARTESIAN_POINT ( 'NONE',  ( 21.58765097169214900, -2.385261460623433000E-015, 6.999999999999999100 ) ) ;
#1580 = VECTOR ( 'NONE', #1874, 1000.000000000000000 ) ;
#1581 = CIRCLE ( 'NONE', #1622, 6.000000000000000000 ) ;
#1582 = DIRECTION ( 'NONE',  ( 0.0000000000000000000, 0.0000000000000000000, 1.000000000000000000 ) ) ;
#1583 = VECTOR ( 'NONE', #495, 1000.000000000000000 ) ;
#1584 = EDGE_LOOP ( 'NONE', ( #2013, #253, #724, #332 ) ) ;
#1585 = EDGE_LOOP ( 'NONE', ( #1737, #895, #132, #115 ) ) ;
#1586 = PRODUCT_RELATED_PRODUCT_CATEGORY ( 'detail', '', ( #976 ) ) ;
#1587 = PLANE ( 'NONE',  #218 ) ;
#1588 = DIRECTION ( 'NONE',  ( 0.0000000000000000000, 0.0000000000000000000, 1.000000000000000000 ) ) ;
#1589 = EDGE_LOOP ( 'NONE', ( #1659, #1378, #1515, #553, #1540 ) ) ;
#1590 = PERSON_AND_ORGANIZATION ( #192, #474 ) ;
#1591 = VERTEX_POINT ( 'NONE', #1241 ) ;
#1592 = CARTESIAN_POINT ( 'NONE',  ( -20.25000000000000000, -18.49999999999999600, 1.500000000000000000 ) ) ;
#1593 = EDGE_CURVE ( 'NONE', #995, #1873, #424, .T. ) ;
#1594 = ORIENTED_EDGE ( 'NONE', *, *, #734, .F. ) ;
#1595 = DIRECTION ( 'NONE',  ( 1.000000000000000000, 0.0000000000000000000, 0.0000000000000000000 ) ) ;
#1596 = EDGE_CURVE ( 'NONE', #88, #705, #451, .T. ) ;
#1597 = DIRECTION ( 'NONE',  ( 1.000000000000000000, 0.0000000000000000000, 0.0000000000000000000 ) ) ;
#1598 = DIRECTION ( 'NONE',  ( -2.209838822900404100E-016, 1.000000000000000000, 0.0000000000000000000 ) ) ;
#1599 = VECTOR ( 'NONE', #1769, 1000.000000000000100 ) ;
#1600 = CARTESIAN_POINT ( 'NONE',  ( 22.17727699969674000, 15.70000000000002200, 4.973714621389497400 ) ) ;
#1601 = LINE ( 'NONE', #1307, #790 ) ;
#1602 = LINE ( 'NONE', #1254, #1456 ) ;
#1603 = VECTOR ( 'NONE', #1499, 1000.000000000000000 ) ;
#1604 = CIRCLE ( 'NONE', #1217, 0.4499999999999999000 ) ;
#1605 = EDGE_CURVE ( 'NONE', #1886, #167, #765, .T. ) ;
#1606 = DIRECTION ( 'NONE',  ( 0.7071067811865507900, 0.7071067811865441300, -0.0000000000000000000 ) ) ;
#1607 = ORIENTED_EDGE ( 'NONE', *, *, #526, .F. ) ;
#1608 = PLANE ( 'NONE',  #1238 ) ;
#1609 = ORIENTED_EDGE ( 'NONE', *, *, #1898, .T. ) ;
#1610 = DIRECTION ( 'NONE',  ( 0.0000000000000000000, -0.0000000000000000000, -1.000000000000000000 ) ) ;
#1611 = ORIENTED_EDGE ( 'NONE', *, *, #99, .T. ) ;
#1612 = VERTEX_POINT ( 'NONE', #664 ) ;
#1613 = DIRECTION ( 'NONE',  ( 1.104919411450195500E-016, 1.000000000000000000, -0.0000000000000000000 ) ) ;
#1614 = CARTESIAN_POINT ( 'NONE',  ( 21.58765097169215300, 15.70000000000002200, 6.999999999999999100 ) ) ;
#1615 = ORIENTED_EDGE ( 'NONE', *, *, #949, .F. ) ;
#1616 = ORIENTED_EDGE ( 'NONE', *, *, #1015, .F. ) ;
#1617 = CARTESIAN_POINT ( 'NONE',  ( -17.24999999999998600, 20.25000000000000000, 2.700000000000000200 ) ) ;
#1618 = EDGE_CURVE ( 'NONE', #774, #1933, #173, .T. ) ;
#1619 = CARTESIAN_POINT ( 'NONE',  ( -12.99999999999999800, -20.24999999999999600, 2.700000000000000200 ) ) ;
#1620 = CARTESIAN_POINT ( 'NONE',  ( 17.24999999999998600, -20.24999999999999300, 6.999999999999999100 ) ) ;
#1621 = CARTESIAN_POINT ( 'NONE',  ( 15.69999999999999900, -15.69999999999999900, 6.549999999999999800 ) ) ;
#1622 = AXIS2_PLACEMENT_3D ( 'NONE', #797, #1857, #1246 ) ;
#1623 = DIRECTION ( 'NONE',  ( 1.000000000000000000, 2.209838822900390800E-016, -0.0000000000000000000 ) ) ;
#1624 = FACE_OUTER_BOUND ( 'NONE', #1153, .T. ) ;
#1625 = VECTOR ( 'NONE', #1547, 1000.000000000000000 ) ;
#1626 = CARTESIAN_POINT ( 'NONE',  ( -15.69999999999999900, 15.69999999999999900, 4.855616042506699900 ) ) ;
#1627 = ADVANCED_FACE ( 'NONE', ( #905 ), #716, .T. ) ;
#1628 = FACE_OUTER_BOUND ( 'NONE', #1016, .T. ) ;
#1629 = CIRCLE ( 'NONE', #1987, 5.999999999999998200 ) ;
#1630 = CARTESIAN_POINT ( 'NONE',  ( 16.24999999999995400, -16.25000000000007100, 2.700000000000000200 ) ) ;
#1631 = LINE ( 'NONE', #1592, #505 ) ;
#1632 = ORIENTED_EDGE ( 'NONE', *, *, #536, .T. ) ;
#1633 = EDGE_CURVE ( 'NONE', #1525, #1591, #9, .T. ) ;
#1634 = DIRECTION ( 'NONE',  ( 0.0000000000000000000, -0.9396926207859061000, -0.3420201433256749900 ) ) ;
#1635 = ORIENTED_EDGE ( 'NONE', *, *, #1722, .F. ) ;
#1636 = ORIENTED_EDGE ( 'NONE', *, *, #590, .T. ) ;
#1637 = PLANE ( 'NONE',  #1686 ) ;
#1638 = ADVANCED_FACE ( 'NONE', ( #1197 ), #1741, .T. ) ;
#1639 = ORIENTED_EDGE ( 'NONE', *, *, #1129, .F. ) ;
#1640 = DIRECTION ( 'NONE',  ( 0.0000000000000000000, 0.0000000000000000000, -1.000000000000000000 ) ) ;
#1641 = PLANE ( 'NONE',  #713 ) ;
#1642 = EDGE_CURVE ( 'NONE', #774, #1203, #691, .T. ) ;
#1643 = DIRECTION ( 'NONE',  ( -0.0000000000000000000, -0.0000000000000000000, -1.000000000000000000 ) ) ;
#1644 = ORIENTED_EDGE ( 'NONE', *, *, #1286, .T. ) ;
#1645 = DIRECTION ( 'NONE',  ( 1.000000000000000000, 2.209838822900391100E-016, 1.481386910243056900E-033 ) ) ;
#1646 = ADVANCED_FACE ( 'NONE', ( #1146 ), #1925, .T. ) ;
#1647 = AXIS2_PLACEMENT_3D ( 'NONE', #615, #897, #2012 ) ;
#1648 = CARTESIAN_POINT ( 'NONE',  ( 15.70000000000001200, -22.03593858583343800, 6.589220084236443700 ) ) ;
#1649 = FACE_OUTER_BOUND ( 'NONE', #1426, .T. ) ;
#1650 = CC_DESIGN_PERSON_AND_ORGANIZATION_ASSIGNMENT ( #676, #1234, ( #1480 ) ) ;
#1651 = FACE_OUTER_BOUND ( 'NONE', #1346, .T. ) ;
#1652 = LINE ( 'NONE', #817, #642 ) ;
#1653 = CARTESIAN_POINT ( 'NONE',  ( 0.0000000000000000000, 0.0000000000000000000, 0.0000000000000000000 ) ) ;
#1654 = CIRCLE ( 'NONE', #1914, 0.4499999999999999000 ) ;
#1655 = CARTESIAN_POINT ( 'NONE',  ( -15.69999999999999200, -22.17727699969674800, 4.973714621389497400 ) ) ;
#1656 = ORIENTED_EDGE ( 'NONE', *, *, #870, .T. ) ;
#1657 = DIRECTION ( 'NONE',  ( 0.0000000000000000000, 0.0000000000000000000, 1.000000000000000000 ) ) ;
#1658 = EDGE_CURVE ( 'NONE', #1110, #807, #1222, .T. ) ;
#1659 = ORIENTED_EDGE ( 'NONE', *, *, #435, .T. ) ;
#1660 = ADVANCED_FACE ( 'NONE', ( #478 ), #1587, .F. ) ;
#1661 = ORIENTED_EDGE ( 'NONE', *, *, #1994, .F. ) ;
#1662 = EDGE_CURVE ( 'NONE', #1940, #1707, #1652, .T. ) ;
#1663 = CARTESIAN_POINT ( 'NONE',  ( -15.70000000000000300, 22.17727699969674400, 4.973714621389497400 ) ) ;
#1664 = DIRECTION ( 'NONE',  ( 0.0000000000000000000, -0.0000000000000000000, 1.000000000000000000 ) ) ;
#1665 = EDGE_LOOP ( 'NONE', ( #1846, #1066, #1842, #1989 ) ) ;
#1666 = CARTESIAN_POINT ( 'NONE',  ( 12.99999999999999800, -19.50000000000000400, 1.500000000000000000 ) ) ;
#1667 = AXIS2_PLACEMENT_3D ( 'NONE', #143, #1524, #600 ) ;
#1668 = VERTEX_POINT ( 'NONE', #804 ) ;
#1669 = ADVANCED_FACE ( 'NONE', ( #787 ), #49, .T. ) ;
#1670 = EDGE_CURVE ( 'NONE', #167, #1911, #500, .T. ) ;
#1671 = DIRECTION ( 'NONE',  ( 0.7071067811865507900, 0.7071067811865441300, -0.0000000000000000000 ) ) ;
#1672 = FACE_OUTER_BOUND ( 'NONE', #380, .T. ) ;
#1673 = AXIS2_PLACEMENT_3D ( 'NONE', #1923, #360, #1317 ) ;
#1674 = VECTOR ( 'NONE', #723, 1000.000000000000000 ) ;
#1675 = VECTOR ( 'NONE', #1708, 999.9999999999998900 ) ;
#1676 = DIRECTION ( 'NONE',  ( 1.104919411450195500E-016, 1.000000000000000000, -1.161477874959207900E-035 ) ) ;
#1677 = FACE_OUTER_BOUND ( 'NONE', #106, .T. ) ;
#1678 = FACE_OUTER_BOUND ( 'NONE', #1098, .T. ) ;
#1679 = FACE_OUTER_BOUND ( 'NONE', #967, .T. ) ;
#1680 = APPROVAL_ROLE ( '' ) ;
#1681 = VERTEX_POINT ( 'NONE', #1574 ) ;
#1682 = ORIENTED_EDGE ( 'NONE', *, *, #616, .T. ) ;
#1683 = DIRECTION ( 'NONE',  ( 0.0000000000000000000, 0.0000000000000000000, -1.000000000000000000 ) ) ;
#1684 = EDGE_CURVE ( 'NONE', #139, #844, #1949, .T. ) ;
#1685 = ORIENTED_EDGE ( 'NONE', *, *, #629, .T. ) ;
#1686 = AXIS2_PLACEMENT_3D ( 'NONE', #1968, #1034, #1958 ) ;
#1687 = CARTESIAN_POINT ( 'NONE',  ( -21.69999999999999900, -21.70000000000000300, 0.0000000000000000000 ) ) ;
#1688 = ORIENTED_EDGE ( 'NONE', *, *, #1086, .T. ) ;
#1689 = DIRECTION ( 'NONE',  ( -0.0000000000000000000, -0.0000000000000000000, -1.000000000000000000 ) ) ;
#1690 = ORIENTED_EDGE ( 'NONE', *, *, #1082, .F. ) ;
#1691 = DIRECTION ( 'NONE',  ( -1.000000000000000000, 0.0000000000000000000, 0.0000000000000000000 ) ) ;
#1692 = APPROVAL ( #116, 'UNSPECIFIED' ) ;
#1693 =( LENGTH_UNIT ( ) NAMED_UNIT ( * ) SI_UNIT ( .MILLI., .METRE. ) );
#1694 = EDGE_CURVE ( 'NONE', #793, #1259, #220, .T. ) ;
#1695 = CARTESIAN_POINT ( 'NONE',  ( -15.70000000000000300, 21.69999999999999600, 4.799999999999998900 ) ) ;
#1696 = EDGE_CURVE ( 'NONE', #305, #983, #1577, .T. ) ;
#1697 = CARTESIAN_POINT ( 'NONE',  ( -20.25000000000000000, -17.24999999999999300, 2.700000000000000200 ) ) ;
#1698 = LINE ( 'NONE', #997, #977 ) ;
#1699 = CARTESIAN_POINT ( 'NONE',  ( -14.00000000000001200, 18.50000000000000700, 1.500000000000000000 ) ) ;
#1700 = CYLINDRICAL_SURFACE ( 'NONE', #1942, 0.4499999999999990100 ) ;
#1701 = CIRCLE ( 'NONE', #803, 5.887650971692151500 ) ;
#1702 = CARTESIAN_POINT ( 'NONE',  ( 17.25000000000002500, 20.25000000000000400, 2.700000000000000200 ) ) ;
#1703 = VECTOR ( 'NONE', #1892, 1000.000000000000000 ) ;
#1704 = CARTESIAN_POINT ( 'NONE',  ( -21.69999999999999900, -15.70000000000000600, 0.0000000000000000000 ) ) ;
#1705 = VERTEX_POINT ( 'NONE', #1130 ) ;
#1706 = ORIENTED_EDGE ( 'NONE', *, *, #1475, .F. ) ;
#1707 = VERTEX_POINT ( 'NONE', #355 ) ;
#1708 = DIRECTION ( 'NONE',  ( -0.7071067811865439100, 0.7071067811865512400, 0.0000000000000000000 ) ) ;
#1709 = DIRECTION ( 'NONE',  ( -1.000000000000000000, 0.0000000000000000000, 0.0000000000000000000 ) ) ;
#1710 = VERTEX_POINT ( 'NONE', #1008 ) ;
#1711 = EDGE_CURVE ( 'NONE', #402, #1206, #270, .T. ) ;
#1712 = ORIENTED_EDGE ( 'NONE', *, *, #1449, .F. ) ;
#1713 = DIRECTION ( 'NONE',  ( 1.000000000000000000, 0.0000000000000000000, 0.0000000000000000000 ) ) ;
#1714 = ORIENTED_EDGE ( 'NONE', *, *, #633, .F. ) ;
#1715 = AXIS2_PLACEMENT_3D ( 'NONE', #1260, #30, #1751 ) ;
#1716 = ORIENTED_EDGE ( 'NONE', *, *, #256, .T. ) ;
#1717 = CARTESIAN_POINT ( 'NONE',  ( 20.25000000000000000, -20.24999999999999300, 2.700000000000000200 ) ) ;
#1718 = DIRECTION ( 'NONE',  ( -0.7071067811865475700, -0.7071067811865475700, -0.0000000000000000000 ) ) ;
#1719 = AXIS2_PLACEMENT_3D ( 'NONE', #1354, #1344, #1965 ) ;
#1720 = CARTESIAN_POINT ( 'NONE',  ( 15.69999999999999900, -15.69999999999999900, 4.973714621389497400 ) ) ;
#1721 = ORIENTED_EDGE ( 'NONE', *, *, #1936, .F. ) ;
#1722 = EDGE_CURVE ( 'NONE', #1525, #1934, #742, .T. ) ;
#1723 = DIRECTION ( 'NONE',  ( -0.0000000000000000000, -0.0000000000000000000, -1.000000000000000000 ) ) ;
#1724 = VECTOR ( 'NONE', #273, 1000.000000000000000 ) ;
#1725 = DIRECTION ( 'NONE',  ( 0.0000000000000000000, 1.000000000000000000, 0.0000000000000000000 ) ) ;
#1726 = LINE ( 'NONE', #1185, #1411 ) ;
#1727 = LINE ( 'NONE', #1794, #1313 ) ;
#1728 = AXIS2_PLACEMENT_3D ( 'NONE', #1757, #55, #1311 ) ;
#1729 = DIRECTION ( 'NONE',  ( -1.104919411450195500E-016, -1.000000000000000000, 1.534723694053085400E-033 ) ) ;
#1730 = CIRCLE ( 'NONE', #1521, 0.4499999999999999000 ) ;
#1731 = VECTOR ( 'NONE', #1498, 1000.000000000000000 ) ;
#1732 = EDGE_LOOP ( 'NONE', ( #940, #860, #942, #434, #1231, #1114 ) ) ;
#1733 = AXIS2_PLACEMENT_3D ( 'NONE', #1095, #1091, #1876 ) ;
#1734 = DIRECTION ( 'NONE',  ( 1.000000000000000000, 0.0000000000000000000, -0.0000000000000000000 ) ) ;
#1735 = VERTEX_POINT ( 'NONE', #209 ) ;
#1736 = DIRECTION ( 'NONE',  ( -0.08715574274765443300, 4.404167499986244000E-017, -0.9961946980917458800 ) ) ;
#1737 = ORIENTED_EDGE ( 'NONE', *, *, #1035, .F. ) ;
#1738 = DIRECTION ( 'NONE',  ( -0.0000000000000000000, -0.0000000000000000000, 1.000000000000000000 ) ) ;
#1739 = VERTEX_POINT ( 'NONE', #1299 ) ;
#1740 = ORIENTED_EDGE ( 'NONE', *, *, #311, .F. ) ;
#1741 = PLANE ( 'NONE',  #1928 ) ;
#1742 = DIRECTION ( 'NONE',  ( 0.7071067811865504600, 0.7071067811865445800, -0.0000000000000000000 ) ) ;
#1743 = EDGE_CURVE ( 'NONE', #1893, #705, #1999, .T. ) ;
#1744 = ORIENTED_EDGE ( 'NONE', *, *, #736, .T. ) ;
#1745 = CARTESIAN_POINT ( 'NONE',  ( 12.99999999999999800, 20.25000000000000400, 1.500000000000000000 ) ) ;
#1746 = CARTESIAN_POINT ( 'NONE',  ( -18.74999999999992200, 18.75000000000007800, 1.500000000000000000 ) ) ;
#1747 = PLANE ( 'NONE',  #859 ) ;
#1748 = ORIENTED_EDGE ( 'NONE', *, *, #783, .F. ) ;
#1749 = DIRECTION ( 'NONE',  ( -1.000000000000000000, -0.0000000000000000000, -0.0000000000000000000 ) ) ;
#1750 = EDGE_CURVE ( 'NONE', #1768, #2011, #1167, .T. ) ;
#1751 = DIRECTION ( 'NONE',  ( -1.000000000000000000, 1.104919411450202100E-016, 0.0000000000000000000 ) ) ;
#1752 = LINE ( 'NONE', #1248, #519 ) ;
#1753 = VECTOR ( 'NONE', #1319, 1000.000000000000000 ) ;
#1754 = CARTESIAN_POINT ( 'NONE',  ( -21.69999999999999900, 15.69999999999999900, 4.799999999999999800 ) ) ;
#1755 = VECTOR ( 'NONE', #960, 1000.000000000000000 ) ;
#1756 = AXIS2_PLACEMENT_3D ( 'NONE', #1626, #1939, #1157 ) ;
#1757 = CARTESIAN_POINT ( 'NONE',  ( 21.69889475645002400, 15.70000000000002200, 5.278477721860356900 ) ) ;
#1758 = VERTEX_POINT ( 'NONE', #1761 ) ;
#1759 = ORIENTED_EDGE ( 'NONE', *, *, #272, .T. ) ;
#1760 = CC_DESIGN_APPROVAL ( #414, ( #792 ) ) ;
#1761 = CARTESIAN_POINT ( 'NONE',  ( -12.99999999999999800, -19.50000000000000400, 2.700000000000000200 ) ) ;
#1762 = CARTESIAN_POINT ( 'NONE',  ( -21.85280382094658300, 15.69999999999999200, 4.855616042506700800 ) ) ;
#1763 = EDGE_LOOP ( 'NONE', ( #527, #677, #1609, #1322 ) ) ;
#1764 = ORIENTED_EDGE ( 'NONE', *, *, #1166, .T. ) ;
#1765 = CARTESIAN_POINT ( 'NONE',  ( -15.69999999999999900, 15.69999999999999900, 6.999999999999999100 ) ) ;
#1766 = EDGE_LOOP ( 'NONE', ( #1991, #178, #66, #721 ) ) ;
#1767 = EDGE_CURVE ( 'NONE', #962, #176, #1727, .T. ) ;
#1768 = VERTEX_POINT ( 'NONE', #1462 ) ;
#1769 = DIRECTION ( 'NONE',  ( 0.7071067811865474600, -0.7071067811865474600, -0.0000000000000000000 ) ) ;
#1770 = DIRECTION ( 'NONE',  ( 0.3420201433256749300, -3.779046954675163000E-017, -0.9396926207859061000 ) ) ;
#1771 = EDGE_CURVE ( 'NONE', #649, #120, #1698, .T. ) ;
#1772 = DIRECTION ( 'NONE',  ( 0.0000000000000000000, 0.0000000000000000000, 1.000000000000000000 ) ) ;
#1773 = ORIENTED_EDGE ( 'NONE', *, *, #476, .F. ) ;
#1774 = AXIS2_PLACEMENT_3D ( 'NONE', #577, #1827, #1057 ) ;
#1775 = CARTESIAN_POINT ( 'NONE',  ( 18.74999999999990800, -18.75000000000008200, 1.500000000000000000 ) ) ;
#1776 = CARTESIAN_POINT ( 'NONE',  ( 15.69999999999997800, 22.03593858583344600, 6.589220084236443700 ) ) ;
#1777 = ADVANCED_FACE ( 'NONE', ( #1412 ), #70, .T. ) ;
#1778 = FACE_OUTER_BOUND ( 'NONE', #136, .T. ) ;
#1779 = CARTESIAN_POINT ( 'NONE',  ( 21.69999999999999900, 21.70000000000000300, 0.0000000000000000000 ) ) ;
#1780 = VECTOR ( 'NONE', #1640, 1000.000000000000000 ) ;
#1781 = TOROIDAL_SURFACE ( 'NONE', #941, 5.998894756450028800, 0.4500000000000000100 ) ;
#1782 = LINE ( 'NONE', #1261, #174 ) ;
#1783 = VECTOR ( 'NONE', #1472, 1000.000000000000000 ) ;
#1784 = EDGE_CURVE ( 'NONE', #1612, #1758, #1454, .T. ) ;
#1785 = ORIENTED_EDGE ( 'NONE', *, *, #870, .F. ) ;
#1786 = DIRECTION ( 'NONE',  ( 0.0000000000000000000, 0.0000000000000000000, -1.000000000000000000 ) ) ;
#1787 = CARTESIAN_POINT ( 'NONE',  ( -12.99999999999999800, -20.24999999999999600, 2.700000000000000200 ) ) ;
#1788 = ORIENTED_EDGE ( 'NONE', *, *, #987, .T. ) ;
#1789 = AXIS2_PLACEMENT_3D ( 'NONE', #1239, #472, #1089 ) ;
#1790 = DIRECTION ( 'NONE',  ( -2.209838822900391100E-016, -1.000000000000000000, -2.322955749918415700E-035 ) ) ;
#1791 = VERTEX_POINT ( 'NONE', #686 ) ;
#1792 = ADVANCED_FACE ( 'NONE', ( #1778 ), #201, .T. ) ;
#1793 = VERTEX_POINT ( 'NONE', #1308 ) ;
#1794 = CARTESIAN_POINT ( 'NONE',  ( -20.25000000000000000, -17.24999999999999300, 2.700000000000000200 ) ) ;
#1795 = DIRECTION ( 'NONE',  ( 0.0000000000000000000, 1.000000000000000000, 0.0000000000000000000 ) ) ;
#1796 = VERTEX_POINT ( 'NONE', #1141 ) ;
#1797 = ORIENTED_EDGE ( 'NONE', *, *, #229, .F. ) ;
#1798 = EDGE_CURVE ( 'NONE', #1304, #1513, #46, .T. ) ;
#1799 = DIRECTION ( 'NONE',  ( 0.0000000000000000000, 0.0000000000000000000, 1.000000000000000000 ) ) ;
#1800 = ADVANCED_FACE ( 'NONE', ( #1387 ), #850, .T. ) ;
#1801 = AXIS2_PLACEMENT_3D ( 'NONE', #1255, #1718, #631 ) ;
#1802 = DIRECTION ( 'NONE',  ( -4.937842506902369700E-017, -0.08715574274765443300, -0.9961946980917458800 ) ) ;
#1803 = DIRECTION ( 'NONE',  ( 1.000000000000000000, 0.0000000000000000000, 0.0000000000000000000 ) ) ;
#1804 = CARTESIAN_POINT ( 'NONE',  ( 0.0000000000000000000, 0.0000000000000000000, 2.700000000000000200 ) ) ;
#1805 = LINE ( 'NONE', #457, #244 ) ;
#1806 = LOCAL_TIME ( 11, 28, 28.00000000000000000, #1554 ) ;
#1807 = EDGE_CURVE ( 'NONE', #1304, #1240, #540, .T. ) ;
#1808 = LINE ( 'NONE', #643, #1509 ) ;
#1809 = ADVANCED_FACE ( 'NONE', ( #268 ), #231, .T. ) ;
#1810 = LINE ( 'NONE', #794, #1459 ) ;
#1811 = AXIS2_PLACEMENT_3D ( 'NONE', #662, #513, #1909 ) ;
#1812 = DIRECTION ( 'NONE',  ( -0.0000000000000000000, -0.0000000000000000000, -1.000000000000000000 ) ) ;
#1813 = DIRECTION ( 'NONE',  ( 0.0000000000000000000, 0.0000000000000000000, 1.000000000000000000 ) ) ;
#1814 = EDGE_LOOP ( 'NONE', ( #575, #2006, #285, #862 ) ) ;
#1815 = ORIENTED_EDGE ( 'NONE', *, *, #629, .F. ) ;
#1816 = DIRECTION ( 'NONE',  ( 0.0000000000000000000, 0.0000000000000000000, 1.000000000000000000 ) ) ;
#1817 = ORIENTED_EDGE ( 'NONE', *, *, #616, .F. ) ;
#1818 = CARTESIAN_POINT ( 'NONE',  ( -21.69999999999999900, -21.70000000000000300, 1.500000000000000000 ) ) ;
#1819 = VERTEX_POINT ( 'NONE', #214 ) ;
#1820 = ORIENTED_EDGE ( 'NONE', *, *, #420, .T. ) ;
#1821 = ADVANCED_FACE ( 'NONE', ( #1672 ), #1364, .T. ) ;
#1822 = CARTESIAN_POINT ( 'NONE',  ( -15.70000000000000300, 22.14718237059131300, 5.317697806096801600 ) ) ;
#1823 = DIRECTION ( 'NONE',  ( -0.9396926207859061000, 1.007233440967672200E-015, -0.3420201433256749900 ) ) ;
#1824 = EDGE_CURVE ( 'NONE', #1186, #1401, #318, .T. ) ;
#1825 = DIRECTION ( 'NONE',  ( 0.0000000000000000000, 0.0000000000000000000, -1.000000000000000000 ) ) ;
#1826 = ORIENTED_EDGE ( 'NONE', *, *, #987, .F. ) ;
#1827 = DIRECTION ( 'NONE',  ( -2.209838822900391100E-016, -1.000000000000000000, 0.0000000000000000000 ) ) ;
#1828 = AXIS2_PLACEMENT_3D ( 'NONE', #1992, #1202, #1829 ) ;
#1829 = DIRECTION ( 'NONE',  ( 0.0000000000000000000, 0.0000000000000000000, 1.000000000000000000 ) ) ;
#1830 = DIRECTION ( 'NONE',  ( 1.000000000000000000, -0.0000000000000000000, -0.0000000000000000000 ) ) ;
#1831 = LINE ( 'NONE', #408, #1921 ) ;
#1832 = LINE ( 'NONE', #1655, #1201 ) ;
#1833 = VECTOR ( 'NONE', #694, 1000.000000000000000 ) ;
#1834 = DIRECTION ( 'NONE',  ( 0.0000000000000000000, 0.0000000000000000000, 1.000000000000000000 ) ) ;
#1835 = VECTOR ( 'NONE', #475, 1000.000000000000000 ) ;
#1836 = DIRECTION ( 'NONE',  ( 1.000000000000000000, 0.0000000000000000000, 0.0000000000000000000 ) ) ;
#1837 = LINE ( 'NONE', #1478, #769 ) ;
#1838 = DIRECTION ( 'NONE',  ( -1.000000000000000000, -2.209838822900391100E-016, 2.322955749918415700E-035 ) ) ;
#1839 = ORIENTED_EDGE ( 'NONE', *, *, #1694, .F. ) ;
#1840 = CARTESIAN_POINT ( 'NONE',  ( 20.25000000000000000, -18.49999999999999600, 1.500000000000000000 ) ) ;
#1841 = EDGE_CURVE ( 'NONE', #465, #1468, #1552, .T. ) ;
#1842 = ORIENTED_EDGE ( 'NONE', *, *, #640, .T. ) ;
#1843 = ORIENTED_EDGE ( 'NONE', *, *, #1434, .F. ) ;
#1844 = AXIS2_PLACEMENT_3D ( 'NONE', #869, #1204, #1171 ) ;
#1845 = DATE_TIME_ROLE ( 'creation_date' ) ;
#1846 = ORIENTED_EDGE ( 'NONE', *, *, #89, .F. ) ;
#1847 = CARTESIAN_POINT ( 'NONE',  ( -15.70000000000000300, 22.03593858583344200, 6.589220084236443700 ) ) ;
#1848 = APPROVAL_DATE_TIME ( #1181, #1692 ) ;
#1849 = ORIENTED_EDGE ( 'NONE', *, *, #764, .T. ) ;
#1850 = VERTEX_POINT ( 'NONE', #1137 ) ;
#1851 = CARTESIAN_POINT ( 'NONE',  ( 15.69999999999999900, 15.70000000000000600, 6.999999999999999100 ) ) ;
#1852 = CARTESIAN_POINT ( 'NONE',  ( -20.25000000000000000, 18.50000000000000700, 2.700000000000000200 ) ) ;
#1853 = ORIENTED_EDGE ( 'NONE', *, *, #1670, .T. ) ;
#1854 = EDGE_CURVE ( 'NONE', #947, #1110, #1266, .T. ) ;
#1855 = APPLICATION_PROTOCOL_DEFINITION ( 'international standard', 'config_control_design', 1994, #292 ) ;
#1856 = CARTESIAN_POINT ( 'NONE',  ( 21.69999999999999900, -21.69999999999999600, 1.500000000000000000 ) ) ;
#1857 = DIRECTION ( 'NONE',  ( -0.0000000000000000000, 0.0000000000000000000, -1.000000000000000000 ) ) ;
#1858 = CARTESIAN_POINT ( 'NONE',  ( -15.69999999999999900, 15.69999999999999900, 5.317697806096796300 ) ) ;
#1859 = LINE ( 'NONE', #1125, #1169 ) ;
#1860 = LINE ( 'NONE', #594, #1432 ) ;
#1861 = CARTESIAN_POINT ( 'NONE',  ( -15.69999999999999200, -22.14718237059131700, 5.317697806096801600 ) ) ;
#1862 = LINE ( 'NONE', #1350, #1977 ) ;
#1863 = CARTESIAN_POINT ( 'NONE',  ( -15.69999999999999900, 15.69999999999999900, 6.999999999999999100 ) ) ;
#1864 = ORIENTED_EDGE ( 'NONE', *, *, #1475, .T. ) ;
#1865 = DIRECTION ( 'NONE',  ( 0.0000000000000000000, 0.0000000000000000000, -1.000000000000000000 ) ) ;
#1866 = EDGE_LOOP ( 'NONE', ( #1773, #1305, #1165, #1256 ) ) ;
#1867 = EDGE_CURVE ( 'NONE', #205, #1397, #740, .T. ) ;
#1868 = ORIENTED_EDGE ( 'NONE', *, *, #1976, .F. ) ;
#1869 = DIRECTION ( 'NONE',  ( -0.3420201433256749300, 7.558093909350326000E-017, -0.9396926207859061000 ) ) ;
#1870 = AXIS2_PLACEMENT_3D ( 'NONE', #1356, #1200, #592 ) ;
#1871 = ORIENTED_EDGE ( 'NONE', *, *, #720, .F. ) ;
#1872 = DIRECTION ( 'NONE',  ( -0.0000000000000000000, -0.0000000000000000000, -1.000000000000000000 ) ) ;
#1873 = VERTEX_POINT ( 'NONE', #873 ) ;
#1874 = DIRECTION ( 'NONE',  ( 9.912705577010338400E-016, -1.000000000000000000, 0.0000000000000000000 ) ) ;
#1875 = CC_DESIGN_PERSON_AND_ORGANIZATION_ASSIGNMENT ( #539, #619, ( #792 ) ) ;
#1876 = DIRECTION ( 'NONE',  ( 0.0000000000000000000, 0.9396926207859061000, -0.3420201433256749300 ) ) ;
#1877 = CARTESIAN_POINT ( 'NONE',  ( -18.74999999999992200, 18.75000000000007800, 2.700000000000000200 ) ) ;
#1878 = EDGE_CURVE ( 'NONE', #2011, #820, #1831, .T. ) ;
#1879 = CIRCLE ( 'NONE', #624, 5.887650971692151500 ) ;
#1880 = FACE_OUTER_BOUND ( 'NONE', #506, .T. ) ;
#1881 = FACE_OUTER_BOUND ( 'NONE', #252, .T. ) ;
#1882 = VECTOR ( 'NONE', #464, 1000.000000000000100 ) ;
#1883 = LINE ( 'NONE', #1445, #568 ) ;
#1884 = CARTESIAN_POINT ( 'NONE',  ( -21.69889475645002400, 15.69999999999999200, 5.278477721860356000 ) ) ;
#1885 = VECTOR ( 'NONE', #479, 1000.000000000000000 ) ;
#1886 = VERTEX_POINT ( 'NONE', #1335 ) ;
#1887 = ORIENTED_EDGE ( 'NONE', *, *, #1427, .F. ) ;
#1888 = DIRECTION ( 'NONE',  ( 2.209838822900391100E-016, 1.000000000000000000, 3.069447388106170800E-033 ) ) ;
#1889 = ORIENTED_EDGE ( 'NONE', *, *, #1980, .F. ) ;
#1890 = EDGE_CURVE ( 'NONE', #1988, #844, #1410, .T. ) ;
#1891 = EDGE_LOOP ( 'NONE', ( #1919, #255, #282, #628, #134 ) ) ;
#1892 = DIRECTION ( 'NONE',  ( 0.0000000000000000000, 0.0000000000000000000, -1.000000000000000000 ) ) ;
#1893 = VERTEX_POINT ( 'NONE', #107 ) ;
#1894 = AXIS2_PLACEMENT_3D ( 'NONE', #1189, #892, #1493 ) ;
#1895 = CARTESIAN_POINT ( 'NONE',  ( 15.69999999999997800, 22.00000000000000400, 6.999999999999999100 ) ) ;
#1896 = DIRECTION ( 'NONE',  ( 1.000000000000000000, 0.0000000000000000000, -0.0000000000000000000 ) ) ;
#1897 = ORIENTED_EDGE ( 'NONE', *, *, #824, .T. ) ;
#1898 = EDGE_CURVE ( 'NONE', #672, #649, #617, .T. ) ;
#1899 = CARTESIAN_POINT ( 'NONE',  ( -21.69999999999999200, 15.69999999999999200, 4.799999999999998900 ) ) ;
#1900 = VECTOR ( 'NONE', #781, 1000.000000000000000 ) ;
#1901 = AXIS2_PLACEMENT_3D ( 'NONE', #1152, #829, #548 ) ;
#1902 = CARTESIAN_POINT ( 'NONE',  ( -15.70000000000000300, 21.58765097169215600, 6.999999999999999100 ) ) ;
#1903 = FACE_OUTER_BOUND ( 'NONE', #1589, .T. ) ;
#1904 = FACE_OUTER_BOUND ( 'NONE', #702, .T. ) ;
#1905 = FACE_OUTER_BOUND ( 'NONE', #1665, .T. ) ;
#1906 = CARTESIAN_POINT ( 'NONE',  ( 20.25000000000000000, 20.25000000000000400, 2.700000000000000200 ) ) ;
#1907 = ORIENTED_EDGE ( 'NONE', *, *, #1771, .T. ) ;
#1908 = ORIENTED_EDGE ( 'NONE', *, *, #1841, .T. ) ;
#1909 = DIRECTION ( 'NONE',  ( 0.0000000000000000000, -0.0000000000000000000, -1.000000000000000000 ) ) ;
#1910 = ORIENTED_EDGE ( 'NONE', *, *, #1711, .F. ) ;
#1911 = VERTEX_POINT ( 'NONE', #564 ) ;
#1912 = CARTESIAN_POINT ( 'NONE',  ( 15.70000000000001200, -22.17727699969674000, 4.973714621389497400 ) ) ;
#1913 = CARTESIAN_POINT ( 'NONE',  ( 19.00000000000000700, 18.50000000000000700, 2.700000000000000200 ) ) ;
#1914 = AXIS2_PLACEMENT_3D ( 'NONE', #950, #517, #22 ) ;
#1915 = ORIENTED_EDGE ( 'NONE', *, *, #1054, .T. ) ;
#1916 = DIRECTION ( 'NONE',  ( 1.000000000000000000, 1.598823480162955800E-016, -0.0000000000000000000 ) ) ;
#1917 = DIRECTION ( 'NONE',  ( 0.7071067811865435800, -0.7071067811865515700, -0.0000000000000000000 ) ) ;
#1918 = PLANE ( 'NONE',  #1134 ) ;
#1919 = ORIENTED_EDGE ( 'NONE', *, *, #1530, .T. ) ;
#1920 = PLANE ( 'NONE',  #685 ) ;
#1921 = VECTOR ( 'NONE', #257, 1000.000000000000000 ) ;
#1922 = EDGE_CURVE ( 'NONE', #1259, #867, #1019, .T. ) ;
#1923 = CARTESIAN_POINT ( 'NONE',  ( 21.99999999999999300, -15.69999999999998200, 6.999999999999999100 ) ) ;
#1924 = VECTOR ( 'NONE', #232, 1000.000000000000000 ) ;
#1925 = CONICAL_SURFACE ( 'NONE', #1253, 6.299999999999996300, 0.08726646259971272700 ) ;
#1926 = VECTOR ( 'NONE', #1790, 1000.000000000000000 ) ;
#1927 = LINE ( 'NONE', #340, #786 ) ;
#1928 = AXIS2_PLACEMENT_3D ( 'NONE', #1109, #648, #1734 ) ;
#1929 = DIRECTION ( 'NONE',  ( 1.104919411450195500E-016, 1.000000000000000000, -7.406934551215284600E-034 ) ) ;
#1930 = FACE_OUTER_BOUND ( 'NONE', #1568, .T. ) ;
#1931 = EDGE_LOOP ( 'NONE', ( #492, #511, #1712, #608 ) ) ;
#1932 = CARTESIAN_POINT ( 'NONE',  ( 15.69999999999999900, -15.69999999999999900, 5.278477721860356900 ) ) ;
#1933 = VERTEX_POINT ( 'NONE', #1476 ) ;
#1934 = VERTEX_POINT ( 'NONE', #715 ) ;
#1935 = ORIENTED_EDGE ( 'NONE', *, *, #587, .T. ) ;
#1936 = EDGE_CURVE ( 'NONE', #1565, #1110, #688, .T. ) ;
#1937 = ORIENTED_EDGE ( 'NONE', *, *, #114, .F. ) ;
#1938 = DIRECTION ( 'NONE',  ( 1.000000000000000000, 2.569960705150825400E-016, -0.0000000000000000000 ) ) ;
#1939 = DIRECTION ( 'NONE',  ( -0.0000000000000000000, -0.0000000000000000000, -1.000000000000000000 ) ) ;
#1940 = VERTEX_POINT ( 'NONE', #1038 ) ;
#1941 = ADVANCED_FACE ( 'NONE', ( #364 ), #1324, .F. ) ;
#1942 = AXIS2_PLACEMENT_3D ( 'NONE', #1541, #937, #485 ) ;
#1943 = CARTESIAN_POINT ( 'NONE',  ( 20.25000000000000000, 17.24999999999999600, 6.999999999999999100 ) ) ;
#1944 = DIRECTION ( 'NONE',  ( 1.000000000000000000, 0.0000000000000000000, 0.0000000000000000000 ) ) ;
#1945 = CARTESIAN_POINT ( 'NONE',  ( -20.25000000000000000, -18.49999999999999600, 2.700000000000000200 ) ) ;
#1946 = APPROVAL_DATE_TIME ( #737, #414 ) ;
#1947 = CARTESIAN_POINT ( 'NONE',  ( -20.25000000000000000, 20.25000000000000400, 2.700000000000000200 ) ) ;
#1948 = DIRECTION ( 'NONE',  ( -0.7071067811865512400, -0.7071067811865439100, 0.0000000000000000000 ) ) ;
#1949 = LINE ( 'NONE', #970, #811 ) ;
#1950 = ADVANCED_FACE ( 'NONE', ( #1045 ), #1101, .T. ) ;
#1951 = VECTOR ( 'NONE', #656, 1000.000000000000000 ) ;
#1952 = FACE_OUTER_BOUND ( 'NONE', #1766, .T. ) ;
#1953 = AXIS2_PLACEMENT_3D ( 'NONE', #1105, #1713, #487 ) ;
#1954 = DIRECTION ( 'NONE',  ( 0.0000000000000000000, -0.0000000000000000000, 1.000000000000000000 ) ) ;
#1955 = FACE_OUTER_BOUND ( 'NONE', #605, .T. ) ;
#1956 = DIRECTION ( 'NONE',  ( -1.000000000000000000, -9.912705577010318600E-016, 0.0000000000000000000 ) ) ;
#1957 = ORIENTED_EDGE ( 'NONE', *, *, #1037, .F. ) ;
#1958 = DIRECTION ( 'NONE',  ( -0.0000000000000000000, 0.0000000000000000000, 1.000000000000000000 ) ) ;
#1959 = EDGE_LOOP ( 'NONE', ( #463, #411, #1639, #652 ) ) ;
#1960 = ORIENTED_EDGE ( 'NONE', *, *, #1543, .T. ) ;
#1961 = ADVANCED_FACE ( 'NONE', ( #1649 ), #1289, .T. ) ;
#1962 = ORIENTED_EDGE ( 'NONE', *, *, #272, .F. ) ;
#1963 = DIRECTION ( 'NONE',  ( -1.000000000000000000, 0.0000000000000000000, 0.0000000000000000000 ) ) ;
#1964 = EDGE_CURVE ( 'NONE', #983, #387, #1879, .T. ) ;
#1965 = DIRECTION ( 'NONE',  ( -1.000000000000000000, 0.0000000000000000000, 0.0000000000000000000 ) ) ;
#1966 = DIRECTION ( 'NONE',  ( 1.000000000000000000, 0.0000000000000000000, 0.0000000000000000000 ) ) ;
#1967 = AXIS2_PLACEMENT_3D ( 'NONE', #1858, #1508, #1372 ) ;
#1968 = CARTESIAN_POINT ( 'NONE',  ( -17.24999999999998600, 20.25000000000000000, 6.999999999999999100 ) ) ;
#1969 = ADVANCED_FACE ( 'NONE', ( #170 ), #560, .F. ) ;
#1970 = PRODUCT_DEFINITION_FORMATION_WITH_SPECIFIED_SOURCE ( 'ANY', '', #976, .NOT_KNOWN. ) ;
#1971 = VECTOR ( 'NONE', #1938, 1000.000000000000000 ) ;
#1972 = FACE_OUTER_BOUND ( 'NONE', #1732, .T. ) ;
#1973 = DIRECTION ( 'NONE',  ( -1.000000000000000000, -2.209838822900391100E-016, -3.069447388106170800E-033 ) ) ;
#1974 = VECTOR ( 'NONE', #1275, 1000.000000000000000 ) ;
#1975 = DIRECTION ( 'NONE',  ( 0.9396926207859061000, -4.748469314781399300E-016, -0.3420201433256749900 ) ) ;
#1976 = EDGE_CURVE ( 'NONE', #431, #88, #216, .T. ) ;
#1977 = VECTOR ( 'NONE', #1488, 1000.000000000000100 ) ;
#1978 = FACE_OUTER_BOUND ( 'NONE', #1321, .T. ) ;
#1979 = CIRCLE ( 'NONE', #606, 0.4499999999999999000 ) ;
#1980 = EDGE_CURVE ( 'NONE', #1591, #1791, #639, .T. ) ;
#1981 = DIRECTION ( 'NONE',  ( -1.000000000000000000, 0.0000000000000000000, -0.0000000000000000000 ) ) ;
#1982 = VERTEX_POINT ( 'NONE', #100 ) ;
#1983 = ADVANCED_FACE ( 'NONE', ( #591 ), #951, .T. ) ;
#1984 = CARTESIAN_POINT ( 'NONE',  ( -15.69999999999999200, -21.85280382094658700, 4.855616042506699000 ) ) ;
#1985 = EDGE_LOOP ( 'NONE', ( #1408, #1688, #1093, #916 ) ) ;
#1986 = DIRECTION ( 'NONE',  ( 0.0000000000000000000, 0.0000000000000000000, -1.000000000000000000 ) ) ;
#1987 = AXIS2_PLACEMENT_3D ( 'NONE', #1243, #779, #1393 ) ;
#1988 = VERTEX_POINT ( 'NONE', #461 ) ;
#1989 = ORIENTED_EDGE ( 'NONE', *, *, #1447, .T. ) ;
#1990 = DIRECTION ( 'NONE',  ( -1.000000000000000000, -2.209838822900391100E-016, 0.0000000000000000000 ) ) ;
#1991 = ORIENTED_EDGE ( 'NONE', *, *, #934, .F. ) ;
#1992 = CARTESIAN_POINT ( 'NONE',  ( 20.25000000000000000, 18.50000000000000700, 2.700000000000000200 ) ) ;
#1993 = CARTESIAN_POINT ( 'NONE',  ( -21.99999999999999600, 15.69999999999999200, 6.999999999999999100 ) ) ;
#1994 = EDGE_CURVE ( 'NONE', #1014, #727, #876, .T. ) ;
#1995 = CARTESIAN_POINT ( 'NONE',  ( 18.74999999999990800, -18.75000000000008200, 2.700000000000000200 ) ) ;
#1996 = ORIENTED_EDGE ( 'NONE', *, *, #515, .T. ) ;
#1997 = AXIS2_PLACEMENT_3D ( 'NONE', #346, #808, #509 ) ;
#1998 = CARTESIAN_POINT ( 'NONE',  ( 21.69889475645002400, -15.69999999999998200, 5.278477721860356900 ) ) ;
#1999 = LINE ( 'NONE', #376, #1555 ) ;
#2000 = MECHANICAL_CONTEXT ( 'NONE', #444, 'mechanical' ) ;
#2001 = LINE ( 'NONE', #24, #1580 ) ;
#2002 = CARTESIAN_POINT ( 'NONE',  ( -21.58765097169215600, 4.770522921246867600E-015, 6.999999999999999100 ) ) ;
#2003 = CIRCLE ( 'NONE', #902, 0.4499999999999999000 ) ;
#2004 = TOROIDAL_SURFACE ( 'NONE', #1002, 5.887650971692153200, 0.4500000000000000100 ) ;
#2005 = EDGE_CURVE ( 'NONE', #88, #1768, #498, .T. ) ;
#2006 = ORIENTED_EDGE ( 'NONE', *, *, #1824, .T. ) ;
#2007 = ORIENTED_EDGE ( 'NONE', *, *, #448, .F. ) ;
#2008 = AXIS2_PLACEMENT_3D ( 'NONE', #1998, #1211, #1537 ) ;
#2009 = APPROVAL_ROLE ( '' ) ;
#2010 = DIRECTION ( 'NONE',  ( 1.000000000000000000, 0.0000000000000000000, 0.0000000000000000000 ) ) ;
#2011 = VERTEX_POINT ( 'NONE', #121 ) ;
#2012 = DIRECTION ( 'NONE',  ( 0.0000000000000000000, 0.0000000000000000000, 1.000000000000000000 ) ) ;
#2013 = ORIENTED_EDGE ( 'NONE', *, *, #1898, .F. ) ;
#2014 = VERTEX_POINT ( 'NONE', #771 ) ;
ENDSEC;
END-ISO-10303-21;
