ISO-10303-21;
HEADER;
FILE_DESCRIPTION (( 'STEP AP203' ),
    '1' );
FILE_NAME ('Universal_button_eckig.STEP',
    '2016-08-03T13:22:52',
    ( '' ),
    ( '' ),
    'SwSTEP 2.0',
    'SolidWorks 2014',
    '' );
FILE_SCHEMA (( 'CONFIG_CONTROL_DESIGN' ));
ENDSEC;

DATA;
#1 = VERTEX_POINT ( 'NONE', #594 ) ;
#2 = DIRECTION ( 'NONE',  ( 1.445602896647339400E-016, -1.000000000000000000, 0.0000000000000000000 ) ) ;
#3 = ORIENTED_EDGE ( 'NONE', *, *, #1946, .F. ) ;
#4 = VECTOR ( 'NONE', #1692, 1000.000000000000000 ) ;
#5 = DIRECTION ( 'NONE',  ( 1.000000000000000000, -0.0000000000000000000, -0.0000000000000000000 ) ) ;
#6 = ORIENTED_EDGE ( 'NONE', *, *, #966, .F. ) ;
#7 = ORIENTED_EDGE ( 'NONE', *, *, #1131, .T. ) ;
#8 = CARTESIAN_POINT ( 'NONE',  ( -5.000000000000004400, 1.000000000000009100, 1.500000000000002200 ) ) ;
#9 = EDGE_CURVE ( 'NONE', #1980, #1231, #688, .T. ) ;
#10 = ADVANCED_FACE ( 'NONE', ( #1677 ), #1505, .T. ) ;
#11 = CARTESIAN_POINT ( 'NONE',  ( -37.06302731946521300, -1.000000000000000000, 1.500000000000001300 ) ) ;
#12 = CARTESIAN_POINT ( 'NONE',  ( -4.000000000000000000, 21.97726928186802200, 12.77999999999999900 ) ) ;
#13 = LINE ( 'NONE', #1318, #1374 ) ;
#14 = LINE ( 'NONE', #342, #1261 ) ;
#15 = CARTESIAN_POINT ( 'NONE',  ( -15.99999999999998600, -22.50000000000001400, 6.299999999999999800 ) ) ;
#16 = VERTEX_POINT ( 'NONE', #1106 ) ;
#17 = CARTESIAN_POINT ( 'NONE',  ( 22.50000000000000700, -3.999999999999923600, 12.20000000000001500 ) ) ;
#18 = LINE ( 'NONE', #713, #2081 ) ;
#19 = DIRECTION ( 'NONE',  ( -0.0000000000000000000, -1.000000000000000000, -0.0000000000000000000 ) ) ;
#20 = EDGE_CURVE ( 'NONE', #244, #1328, #821, .T. ) ;
#21 = EDGE_LOOP ( 'NONE', ( #249, #330, #1995 ) ) ;
#22 = AXIS2_PLACEMENT_3D ( 'NONE', #1848, #883, #1523 ) ;
#23 = ORIENTED_EDGE ( 'NONE', *, *, #46, .T. ) ;
#24 = DIRECTION ( 'NONE',  ( 0.0000000000000000000, 0.0000000000000000000, -1.000000000000000000 ) ) ;
#25 = EDGE_LOOP ( 'NONE', ( #1221, #534, #2082, #856 ) ) ;
#26 = DIRECTION ( 'NONE',  ( -0.0000000000000000000, 0.0000000000000000000, 1.000000000000000000 ) ) ;
#27 = ORIENTED_EDGE ( 'NONE', *, *, #1919, .F. ) ;
#28 = DIRECTION ( 'NONE',  ( 0.0000000000000000000, 1.000000000000000000, 4.003208021484942500E-015 ) ) ;
#29 = PLANE ( 'NONE',  #147 ) ;
#30 = DIRECTION ( 'NONE',  ( 1.000000000000000000, 2.891205793294678800E-016, 0.0000000000000000000 ) ) ;
#31 = EDGE_CURVE ( 'NONE', #454, #1728, #916, .T. ) ;
#32 = DIRECTION ( 'NONE',  ( 0.0000000000000000000, 0.0000000000000000000, 1.000000000000000000 ) ) ;
#33 = AXIS2_PLACEMENT_3D ( 'NONE', #1819, #871, #1363 ) ;
#34 = LINE ( 'NONE', #1720, #363 ) ;
#35 = VECTOR ( 'NONE', #791, 1000.000000000000000 ) ;
#36 = CARTESIAN_POINT ( 'NONE',  ( -37.06302731946521300, -15.00000000000000700, 2.724841289362891100 ) ) ;
#37 = CYLINDRICAL_SURFACE ( 'NONE', #1078, 2.000000000000000900 ) ;
#38 = LINE ( 'NONE', #634, #91 ) ;
#39 = AXIS2_PLACEMENT_3D ( 'NONE', #2091, #2, #142 ) ;
#40 = CARTESIAN_POINT ( 'NONE',  ( 22.50000000000000400, 15.99999999999999300, 13.00000000000000000 ) ) ;
#41 = VECTOR ( 'NONE', #1425, 1000.000000000000000 ) ;
#42 = VECTOR ( 'NONE', #114, 1000.000000000000100 ) ;
#43 = DIRECTION ( 'NONE',  ( 0.0000000000000000000, -1.000000000000000000, 0.0000000000000000000 ) ) ;
#44 = VERTEX_POINT ( 'NONE', #2093 ) ;
#45 = LINE ( 'NONE', #270, #552 ) ;
#46 = EDGE_CURVE ( 'NONE', #946, #940, #1303, .T. ) ;
#47 = DIRECTION ( 'NONE',  ( 0.8516583167045436200, 2.973549119844469100E-015, -0.5240974256643351500 ) ) ;
#48 = ORIENTED_EDGE ( 'NONE', *, *, #876, .T. ) ;
#49 = AXIS2_PLACEMENT_3D ( 'NONE', #2047, #1417, #110 ) ;
#50 = ORIENTED_EDGE ( 'NONE', *, *, #1647, .F. ) ;
#51 = ORIENTED_EDGE ( 'NONE', *, *, #781, .T. ) ;
#52 = CARTESIAN_POINT ( 'NONE',  ( 20.50000000000000400, -17.50000000000000000, 6.299999999999998900 ) ) ;
#53 = CARTESIAN_POINT ( 'NONE',  ( -21.97726928186803600, 3.999999999999923600, 13.00000000000000000 ) ) ;
#54 = EDGE_LOOP ( 'NONE', ( #1249, #401, #50, #227 ) ) ;
#55 = CARTESIAN_POINT ( 'NONE',  ( 4.000000000000000000, -21.97726928186805000, 12.77999999999999900 ) ) ;
#56 = ORIENTED_EDGE ( 'NONE', *, *, #1048, .F. ) ;
#57 = CARTESIAN_POINT ( 'NONE',  ( 22.50000000000000700, -3.999999999999923600, 13.00000000000000000 ) ) ;
#58 = ORIENTED_EDGE ( 'NONE', *, *, #1279, .F. ) ;
#59 = CARTESIAN_POINT ( 'NONE',  ( -10.00000000000000200, 14.99999999999999300, 2.724841289362890200 ) ) ;
#60 = CARTESIAN_POINT ( 'NONE',  ( -21.97726928186803600, 3.999999999999923600, 12.77999999999999900 ) ) ;
#61 = CARTESIAN_POINT ( 'NONE',  ( -6.999999999999996400, -13.00000000000000900, -29.30584360149872900 ) ) ;
#62 = CARTESIAN_POINT ( 'NONE',  ( 20.50000000000000400, -1.000000000000000000, 1.500000000000001300 ) ) ;
#63 = VECTOR ( 'NONE', #1514, 1000.000000000000000 ) ;
#64 = EDGE_CURVE ( 'NONE', #128, #536, #639, .T. ) ;
#65 = CIRCLE ( 'NONE', #1971, 0.2199999999999997000 ) ;
#66 = CARTESIAN_POINT ( 'NONE',  ( -15.99999999999999300, 15.99999999999999300, 13.00000000000000000 ) ) ;
#67 = DIRECTION ( 'NONE',  ( 1.000000000000000000, -0.0000000000000000000, -0.0000000000000000000 ) ) ;
#68 = DIRECTION ( 'NONE',  ( 0.0000000000000000000, 1.000000000000000000, 0.0000000000000000000 ) ) ;
#69 = EDGE_LOOP ( 'NONE', ( #1908, #1814, #1781, #189, #129, #1153, #2011, #745 ) ) ;
#70 = CARTESIAN_POINT ( 'NONE',  ( -22.49999999999999300, 15.99999999999999300, 13.00000000000000000 ) ) ;
#71 = DIRECTION ( 'NONE',  ( 1.000000000000000000, 0.0000000000000000000, 0.0000000000000000000 ) ) ;
#72 = ORIENTED_EDGE ( 'NONE', *, *, #1194, .T. ) ;
#73 = VERTEX_POINT ( 'NONE', #1132 ) ;
#74 = VERTEX_POINT ( 'NONE', #1271 ) ;
#75 = EDGE_CURVE ( 'NONE', #897, #1428, #726, .T. ) ;
#76 = ORIENTED_EDGE ( 'NONE', *, *, #988, .T. ) ;
#77 = AXIS2_PLACEMENT_3D ( 'NONE', #1535, #2038, #1204 ) ;
#78 = DIRECTION ( 'NONE',  ( -1.000000000000000000, -3.942553354492717800E-015, 0.0000000000000000000 ) ) ;
#79 = ORIENTED_EDGE ( 'NONE', *, *, #491, .T. ) ;
#80 = DIRECTION ( 'NONE',  ( -3.491481338843133400E-015, 1.000000000000000000, 0.0000000000000000000 ) ) ;
#81 = EDGE_LOOP ( 'NONE', ( #1636, #1835, #1302, #1326 ) ) ;
#82 = DIRECTION ( 'NONE',  ( 2.312964634635743000E-016, -1.000000000000000000, 0.0000000000000000000 ) ) ;
#83 = PLANE ( 'NONE',  #469 ) ;
#84 = DIRECTION ( 'NONE',  ( -0.0000000000000000000, -0.0000000000000000000, 1.000000000000000000 ) ) ;
#85 = FACE_OUTER_BOUND ( 'NONE', #1431, .T. ) ;
#86 = LINE ( 'NONE', #588, #1031 ) ;
#87 = CARTESIAN_POINT ( 'NONE',  ( -20.49999999999999600, 17.50000000000000000, 2.943562948177692800 ) ) ;
#88 = CARTESIAN_POINT ( 'NONE',  ( 12.00000000000000400, -15.00000000000000700, -29.30584360149872900 ) ) ;
#89 = EDGE_CURVE ( 'NONE', #1089, #562, #240, .T. ) ;
#90 = LINE ( 'NONE', #1332, #1186 ) ;
#91 = VECTOR ( 'NONE', #2096, 1000.000000000000000 ) ;
#92 = DIRECTION ( 'NONE',  ( -1.000000000000000000, -1.445602896647339200E-016, 0.0000000000000000000 ) ) ;
#93 = AXIS2_PLACEMENT_3D ( 'NONE', #1996, #699, #1834 ) ;
#94 = ADVANCED_FACE ( 'NONE', ( #1409 ), #1775, .F. ) ;
#95 = VECTOR ( 'NONE', #375, 1000.000000000000000 ) ;
#96 = CARTESIAN_POINT ( 'NONE',  ( 4.000000000000000000, 0.0000000000000000000, 0.0000000000000000000 ) ) ;
#97 = CYLINDRICAL_SURFACE ( 'NONE', #1441, 2.000000000000000000 ) ;
#98 = EDGE_LOOP ( 'NONE', ( #1250, #1173, #1282, #1315 ) ) ;
#99 = CARTESIAN_POINT ( 'NONE',  ( 10.00000000000000400, 14.99999999999999500, 2.724841289362886600 ) ) ;
#100 = EDGE_CURVE ( 'NONE', #1203, #380, #2112, .T. ) ;
#101 = CARTESIAN_POINT ( 'NONE',  ( 5.000000000000004400, -1.000000000000000000, 1.500000000000001300 ) ) ;
#102 = EDGE_LOOP ( 'NONE', ( #199, #2060, #922, #1941 ) ) ;
#103 = ORIENTED_EDGE ( 'NONE', *, *, #20, .T. ) ;
#104 = EDGE_CURVE ( 'NONE', #128, #1174, #1887, .T. ) ;
#105 = VERTEX_POINT ( 'NONE', #458 ) ;
#106 = ADVANCED_FACE ( 'NONE', ( #476 ), #322, .F. ) ;
#107 = EDGE_LOOP ( 'NONE', ( #1983, #379, #689, #1383, #1685 ) ) ;
#108 = AXIS2_PLACEMENT_3D ( 'NONE', #1394, #1237, #408 ) ;
#109 = CARTESIAN_POINT ( 'NONE',  ( 4.000000000000000000, 21.97726928186802200, 13.00000000000000000 ) ) ;
#110 = DIRECTION ( 'NONE',  ( -1.000000000000000000, 0.0000000000000000000, 0.0000000000000000000 ) ) ;
#111 = PLANE ( 'NONE',  #755 ) ;
#112 = DIRECTION ( 'NONE',  ( 2.891205793294678800E-016, -1.000000000000000000, -0.0000000000000000000 ) ) ;
#113 = ADVANCED_FACE ( 'NONE', ( #528 ), #1942, .F. ) ;
#114 = DIRECTION ( 'NONE',  ( -2.304163105897839000E-016, 0.9961946980917457700, -0.08715574274765487700 ) ) ;
#115 = LINE ( 'NONE', #461, #932 ) ;
#116 = EDGE_CURVE ( 'NONE', #924, #2092, #769, .T. ) ;
#117 = CARTESIAN_POINT ( 'NONE',  ( 16.00000000000000700, -16.00000000000001100, 6.299999999999999800 ) ) ;
#118 = LOCAL_TIME ( 15, 22, 52.00000000000000000, #913 ) ;
#119 = CARTESIAN_POINT ( 'NONE',  ( -6.999999999999995600, -15.00000000000001100, 2.724841289362891500 ) ) ;
#120 = CARTESIAN_POINT ( 'NONE',  ( 22.50000000000000700, 4.000000000000078200, 12.20000000000000300 ) ) ;
#121 = VERTEX_POINT ( 'NONE', #441 ) ;
#122 = FACE_OUTER_BOUND ( 'NONE', #1536, .T. ) ;
#123 = CARTESIAN_POINT ( 'NONE',  ( -5.000000000000008000, 12.99999999999999300, 2.549863962311048800 ) ) ;
#124 = ADVANCED_FACE ( 'NONE', ( #969 ), #990, .F. ) ;
#125 = ORIENTED_EDGE ( 'NONE', *, *, #1722, .T. ) ;
#126 = EDGE_LOOP ( 'NONE', ( #2044, #662, #2019, #1168 ) ) ;
#127 = CARTESIAN_POINT ( 'NONE',  ( 23.99999999999999600, -16.99999999999999600, 0.0000000000000000000 ) ) ;
#128 = VERTEX_POINT ( 'NONE', #1586 ) ;
#129 = ORIENTED_EDGE ( 'NONE', *, *, #1969, .T. ) ;
#130 = DIRECTION ( 'NONE',  ( 0.0000000000000000000, 0.0000000000000000000, 1.000000000000000000 ) ) ;
#131 = EDGE_CURVE ( 'NONE', #1860, #317, #1193, .T. ) ;
#132 = ORIENTED_EDGE ( 'NONE', *, *, #901, .T. ) ;
#133 = DIRECTION ( 'NONE',  ( 0.0000000000000000000, 0.0000000000000000000, -1.000000000000000000 ) ) ;
#134 = ADVANCED_FACE ( 'NONE', ( #2102 ), #1947, .F. ) ;
#135 = CARTESIAN_POINT ( 'NONE',  ( 16.00000000000000700, -16.00000000000001100, 13.00000000000000000 ) ) ;
#136 = AXIS2_PLACEMENT_3D ( 'NONE', #1527, #882, #1365 ) ;
#137 = LINE ( 'NONE', #1014, #1372 ) ;
#138 = DIRECTION ( 'NONE',  ( 1.000000000000000000, 0.0000000000000000000, 0.0000000000000000000 ) ) ;
#139 = LINE ( 'NONE', #1868, #512 ) ;
#140 = FACE_OUTER_BOUND ( 'NONE', #1012, .T. ) ;
#141 = VECTOR ( 'NONE', #691, 1000.000000000000000 ) ;
#142 = DIRECTION ( 'NONE',  ( 1.000000000000000000, 1.445602896647339400E-016, 0.0000000000000000000 ) ) ;
#143 = EDGE_CURVE ( 'NONE', #587, #121, #599, .T. ) ;
#144 = DIRECTION ( 'NONE',  ( 1.000000000000000000, -0.0000000000000000000, 0.0000000000000000000 ) ) ;
#145 = CALENDAR_DATE ( 2016, 3, 8 ) ;
#146 = ORIENTED_EDGE ( 'NONE', *, *, #290, .F. ) ;
#147 = AXIS2_PLACEMENT_3D ( 'NONE', #996, #164, #1314 ) ;
#148 = PERSON_AND_ORGANIZATION ( #2113, #738 ) ;
#149 = ORIENTED_EDGE ( 'NONE', *, *, #1591, .T. ) ;
#150 = CIRCLE ( 'NONE', #1037, 0.2200000000000014400 ) ;
#151 = AXIS2_PLACEMENT_3D ( 'NONE', #947, #1293, #158 ) ;
#152 = ORIENTED_EDGE ( 'NONE', *, *, #314, .T. ) ;
#153 = ORIENTED_EDGE ( 'NONE', *, *, #1194, .F. ) ;
#154 = DIRECTION ( 'NONE',  ( 0.0000000000000000000, 0.0000000000000000000, -1.000000000000000000 ) ) ;
#155 = ORIENTED_EDGE ( 'NONE', *, *, #2013, .T. ) ;
#156 = ORIENTED_EDGE ( 'NONE', *, *, #1090, .F. ) ;
#157 = CARTESIAN_POINT ( 'NONE',  ( -10.00000000000000400, 14.99999999999999100, 1.500000000000001300 ) ) ;
#158 = DIRECTION ( 'NONE',  ( 1.000000000000000000, 0.0000000000000000000, -0.0000000000000000000 ) ) ;
#159 = EDGE_CURVE ( 'NONE', #1440, #920, #1423, .T. ) ;
#160 = ORIENTED_EDGE ( 'NONE', *, *, #1741, .T. ) ;
#161 = DIRECTION ( 'NONE',  ( -0.0000000000000000000, 0.0000000000000000000, -1.000000000000000000 ) ) ;
#162 = VERTEX_POINT ( 'NONE', #978 ) ;
#163 = AXIS2_PLACEMENT_3D ( 'NONE', #88, #1889, #911 ) ;
#164 = DIRECTION ( 'NONE',  ( -1.445602896647339400E-016, 1.000000000000000000, 0.0000000000000000000 ) ) ;
#165 = LINE ( 'NONE', #860, #1668 ) ;
#166 = CARTESIAN_POINT ( 'NONE',  ( -15.99999999999998600, -16.00000000000001100, 6.299999999999999800 ) ) ;
#167 = FACE_OUTER_BOUND ( 'NONE', #102, .T. ) ;
#168 = DIRECTION ( 'NONE',  ( -0.0000000000000000000, 0.0000000000000000000, -1.000000000000000000 ) ) ;
#169 = EDGE_CURVE ( 'NONE', #1980, #850, #13, .T. ) ;
#170 = DIRECTION ( 'NONE',  ( 0.0000000000000000000, 1.000000000000000000, 0.0000000000000000000 ) ) ;
#171 = ORIENTED_EDGE ( 'NONE', *, *, #1030, .T. ) ;
#172 = VECTOR ( 'NONE', #1810, 1000.000000000000000 ) ;
#173 = DIRECTION ( 'NONE',  ( 0.0000000000000000000, -0.0000000000000000000, 1.000000000000000000 ) ) ;
#174 = VECTOR ( 'NONE', #466, 1000.000000000000000 ) ;
#175 = DIRECTION ( 'NONE',  ( 0.0000000000000000000, -0.0000000000000000000, 1.000000000000000000 ) ) ;
#176 = ORIENTED_EDGE ( 'NONE', *, *, #1605, .F. ) ;
#177 = ORIENTED_EDGE ( 'NONE', *, *, #1020, .T. ) ;
#178 = ORIENTED_EDGE ( 'NONE', *, *, #848, .F. ) ;
#179 = DIRECTION ( 'NONE',  ( -1.000000000000000000, -0.0000000000000000000, -0.0000000000000000000 ) ) ;
#180 = CARTESIAN_POINT ( 'NONE',  ( -9.999999999999996400, -13.00000000000001100, -29.30584360149872900 ) ) ;
#181 = EDGE_CURVE ( 'NONE', #1122, #244, #1825, .T. ) ;
#182 = CARTESIAN_POINT ( 'NONE',  ( 7.000000000000003600, 14.99999999999999300, 1.500000000000001300 ) ) ;
#183 = DIRECTION ( 'NONE',  ( -0.0000000000000000000, -0.8516583167045451700, 0.5240974256643325900 ) ) ;
#184 = FACE_OUTER_BOUND ( 'NONE', #2080, .T. ) ;
#185 = FACE_OUTER_BOUND ( 'NONE', #1177, .T. ) ;
#186 = FACE_OUTER_BOUND ( 'NONE', #1414, .T. ) ;
#187 = DIRECTION ( 'NONE',  ( 0.0000000000000000000, -1.000000000000000000, 0.0000000000000000000 ) ) ;
#188 = DIRECTION ( 'NONE',  ( -3.491481338843133400E-015, 1.000000000000000000, 0.0000000000000000000 ) ) ;
#189 = ORIENTED_EDGE ( 'NONE', *, *, #503, .F. ) ;
#190 = CARTESIAN_POINT ( 'NONE',  ( 4.000000000000000000, 0.0000000000000000000, 0.0000000000000000000 ) ) ;
#191 = LOCAL_TIME ( 15, 22, 52.00000000000000000, #1652 ) ;
#192 = DIRECTION ( 'NONE',  ( -2.312964634635743000E-016, 1.000000000000000000, 0.0000000000000000000 ) ) ;
#193 = ORIENTED_EDGE ( 'NONE', *, *, #1020, .F. ) ;
#194 = EDGE_CURVE ( 'NONE', #1201, #1729, #1448, .T. ) ;
#195 = PLANE ( 'NONE',  #1296 ) ;
#196 = ORIENTED_EDGE ( 'NONE', *, *, #1032, .F. ) ;
#197 = DIRECTION ( 'NONE',  ( 0.0000000000000000000, -0.8516583167045436200, -0.5240974256643351500 ) ) ;
#198 = ORIENTED_EDGE ( 'NONE', *, *, #750, .F. ) ;
#199 = ORIENTED_EDGE ( 'NONE', *, *, #169, .T. ) ;
#200 = DIRECTION ( 'NONE',  ( 1.000000000000000000, 0.0000000000000000000, 0.0000000000000000000 ) ) ;
#201 = CARTESIAN_POINT ( 'NONE',  ( 20.50000000000000400, 17.50000000000000000, 2.943562948177692800 ) ) ;
#202 = ORIENTED_EDGE ( 'NONE', *, *, #1563, .T. ) ;
#203 = CIRCLE ( 'NONE', #1883, 0.2199999999999997000 ) ;
#204 = DIRECTION ( 'NONE',  ( -1.000000000000000000, 0.0000000000000000000, 0.0000000000000000000 ) ) ;
#205 = EDGE_LOOP ( 'NONE', ( #1554, #457, #411, #1359 ) ) ;
#206 = EDGE_CURVE ( 'NONE', #562, #897, #1694, .T. ) ;
#207 = ORIENTED_EDGE ( 'NONE', *, *, #1919, .T. ) ;
#208 = DIRECTION ( 'NONE',  ( 1.000000000000000000, 2.478176394252582100E-016, 2.168123407146435500E-017 ) ) ;
#209 = CARTESIAN_POINT ( 'NONE',  ( -24.00000000000000400, 16.99999999999998900, 13.00000000000000000 ) ) ;
#210 = EDGE_CURVE ( 'NONE', #428, #1707, #90, .T. ) ;
#211 = DIRECTION ( 'NONE',  ( 1.000000000000000000, -0.0000000000000000000, -0.0000000000000000000 ) ) ;
#212 = AXIS2_PLACEMENT_3D ( 'NONE', #1219, #410, #1042 ) ;
#213 = CARTESIAN_POINT ( 'NONE',  ( -21.75726928186802000, -7.596509968182715500E-014, 12.77999999999999900 ) ) ;
#214 = LINE ( 'NONE', #617, #1901 ) ;
#215 = CARTESIAN_POINT ( 'NONE',  ( 4.000000000000000000, -21.20000000000001400, 13.00000000000000500 ) ) ;
#216 = FACE_OUTER_BOUND ( 'NONE', #98, .T. ) ;
#217 = VECTOR ( 'NONE', #1361, 1000.000000000000000 ) ;
#218 = CARTESIAN_POINT ( 'NONE',  ( 12.00000000000000400, 12.99999999999999500, 1.500000000000001300 ) ) ;
#219 =( BOUNDED_CURVE ( )  B_SPLINE_CURVE ( 3, ( #669, #1967, #1806, #838 ),
 .UNSPECIFIED., .F., .F. ) 
 B_SPLINE_CURVE_WITH_KNOTS ( ( 4, 4 ),
 ( 3.141592653589792200, 4.712388980384688800 ),
 .UNSPECIFIED. ) 
 CURVE ( )  GEOMETRIC_REPRESENTATION_ITEM ( )  RATIONAL_B_SPLINE_CURVE ( ( 1.000000000000000000, 0.8047378541243649400, 0.8047378541243649400, 1.000000000000000000 ) ) 
 REPRESENTATION_ITEM ( '' )  );
#220 = DIRECTION ( 'NONE',  ( 1.000000000000000000, 0.0000000000000000000, 0.0000000000000000000 ) ) ;
#221 = ORIENTED_EDGE ( 'NONE', *, *, #1522, .F. ) ;
#222 = EDGE_CURVE ( 'NONE', #940, #972, #1796, .T. ) ;
#223 = CARTESIAN_POINT ( 'NONE',  ( -22.49999999999997900, -4.000000000000079000, 13.00000000000000000 ) ) ;
#224 = EDGE_CURVE ( 'NONE', #254, #324, #1623, .T. ) ;
#225 = ORIENTED_EDGE ( 'NONE', *, *, #693, .T. ) ;
#226 = ORIENTED_EDGE ( 'NONE', *, *, #1948, .T. ) ;
#227 = ORIENTED_EDGE ( 'NONE', *, *, #820, .F. ) ;
#228 = PLANE ( 'NONE',  #22 ) ;
#229 = VERTEX_POINT ( 'NONE', #1463 ) ;
#230 = VERTEX_POINT ( 'NONE', #1156 ) ;
#231 = DIRECTION ( 'NONE',  ( 0.0000000000000000000, -0.8516583167045451700, 0.5240974256643325900 ) ) ;
#232 = CARTESIAN_POINT ( 'NONE',  ( 5.000000000000004400, -0.9999999999999800200, 1.500000000000001300 ) ) ;
#233 = EDGE_CURVE ( 'NONE', #1028, #1459, #467, .T. ) ;
#234 = DESIGN_CONTEXT ( 'detailed design', #438, 'design' ) ;
#235 = FACE_OUTER_BOUND ( 'NONE', #524, .T. ) ;
#236 = LINE ( 'NONE', #1215, #1620 ) ;
#237 = DIRECTION ( 'NONE',  ( 0.0000000000000000000, 0.0000000000000000000, -1.000000000000000000 ) ) ;
#238 = DIRECTION ( 'NONE',  ( -1.000000000000000000, -0.0000000000000000000, 0.0000000000000000000 ) ) ;
#239 = CIRCLE ( 'NONE', #362, 6.999999999999999100 ) ;
#240 =( BOUNDED_CURVE ( )  B_SPLINE_CURVE ( 3, ( #1615, #935, #1281, #1113 ),
 .UNSPECIFIED., .F., .F. ) 
 B_SPLINE_CURVE_WITH_KNOTS ( ( 4, 4 ),
 ( 1.570796326794897400, 3.141592653589792700 ),
 .UNSPECIFIED. ) 
 CURVE ( )  GEOMETRIC_REPRESENTATION_ITEM ( )  RATIONAL_B_SPLINE_CURVE ( ( 1.000000000000000000, 0.8047378541243652700, 0.8047378541243652700, 1.000000000000000000 ) ) 
 REPRESENTATION_ITEM ( '' )  );
#241 = LINE ( 'NONE', #446, #631 ) ;
#242 = ORIENTED_EDGE ( 'NONE', *, *, #1236, .F. ) ;
#243 = CARTESIAN_POINT ( 'NONE',  ( 21.86196784822190900, -3.999999999999923600, 12.59263517032500000 ) ) ;
#244 = VERTEX_POINT ( 'NONE', #1152 ) ;
#245 = EDGE_CURVE ( 'NONE', #44, #1364, #311, .T. ) ;
#246 = CARTESIAN_POINT ( 'NONE',  ( -4.000000000000000000, -21.86196784822189400, 12.59263517032500000 ) ) ;
#247 = ADVANCED_FACE ( 'NONE', ( #1773 ), #37, .F. ) ;
#248 = VERTEX_POINT ( 'NONE', #1669 ) ;
#249 = ORIENTED_EDGE ( 'NONE', *, *, #862, .F. ) ;
#250 = AXIS2_PLACEMENT_3D ( 'NONE', #895, #733, #78 ) ;
#251 = CARTESIAN_POINT ( 'NONE',  ( -21.86196784822185500, -4.000000000000076400, 12.59263517032500000 ) ) ;
#252 = ORIENTED_EDGE ( 'NONE', *, *, #1909, .T. ) ;
#253 = ORIENTED_EDGE ( 'NONE', *, *, #1880, .T. ) ;
#254 = VERTEX_POINT ( 'NONE', #1664 ) ;
#255 = CARTESIAN_POINT ( 'NONE',  ( -22.49999999999999300, 15.99999999999999300, 13.00000000000000000 ) ) ;
#256 = DIRECTION ( 'NONE',  ( 0.0000000000000000000, 0.0000000000000000000, 1.000000000000000000 ) ) ;
#257 = CARTESIAN_POINT ( 'NONE',  ( 22.50000000000002800, -3.999999999999921000, 12.20000000000000500 ) ) ;
#258 = ADVANCED_FACE ( 'NONE', ( #543, #1849 ), #195, .T. ) ;
#259 = EDGE_CURVE ( 'NONE', #536, #1660, #1344, .T. ) ;
#260 = LINE ( 'NONE', #1386, #954 ) ;
#261 = FACE_OUTER_BOUND ( 'NONE', #21, .T. ) ;
#262 = CARTESIAN_POINT ( 'NONE',  ( 15.99999999999999600, 22.49999999999999300, 13.00000000000000000 ) ) ;
#263 = EDGE_CURVE ( 'NONE', #229, #1492, #1897, .T. ) ;
#264 = CIRCLE ( 'NONE', #582, 0.2200000000000014400 ) ;
#265 = DIRECTION ( 'NONE',  ( 0.0000000000000000000, -0.0000000000000000000, 1.000000000000000000 ) ) ;
#266 = CARTESIAN_POINT ( 'NONE',  ( 22.50000000000000400, 15.99999999999999300, 13.00000000000000000 ) ) ;
#267 = DIRECTION ( 'NONE',  ( -0.0000000000000000000, -0.0000000000000000000, -1.000000000000000000 ) ) ;
#268 = ADVANCED_FACE ( 'NONE', ( #216 ), #1925, .F. ) ;
#269 = ORIENTED_EDGE ( 'NONE', *, *, #1367, .F. ) ;
#270 = CARTESIAN_POINT ( 'NONE',  ( -7.000000000000003600, 14.99999999999999100, 2.724841289362886600 ) ) ;
#271 = LINE ( 'NONE', #1362, #986 ) ;
#272 = ORIENTED_EDGE ( 'NONE', *, *, #89, .F. ) ;
#273 = DIRECTION ( 'NONE',  ( 0.0000000000000000000, 0.9961946980917457700, 0.08715574274765487700 ) ) ;
#274 = DIRECTION ( 'NONE',  ( 1.000000000000000000, 0.0000000000000000000, 0.0000000000000000000 ) ) ;
#275 = ORIENTED_EDGE ( 'NONE', *, *, #1131, .F. ) ;
#276 = EDGE_CURVE ( 'NONE', #326, #1174, #981, .T. ) ;
#277 = ORIENTED_EDGE ( 'NONE', *, *, #1048, .T. ) ;
#278 = DIRECTION ( 'NONE',  ( 1.000000000000000000, -0.0000000000000000000, -0.0000000000000000000 ) ) ;
#279 = ORIENTED_EDGE ( 'NONE', *, *, #564, .F. ) ;
#280 = DIRECTION ( 'NONE',  ( 0.8516583167045436200, 0.0000000000000000000, -0.5240974256643351500 ) ) ;
#281 = DIRECTION ( 'NONE',  ( 0.0000000000000000000, 0.0000000000000000000, -1.000000000000000000 ) ) ;
#282 = CARTESIAN_POINT ( 'NONE',  ( -22.49999999999997900, -4.000000000000079000, 13.00000000000000000 ) ) ;
#283 = CC_DESIGN_PERSON_AND_ORGANIZATION_ASSIGNMENT ( #148, #1900, ( #1639 ) ) ;
#284 = DIRECTION ( 'NONE',  ( 0.0000000000000000000, -0.0000000000000000000, -1.000000000000000000 ) ) ;
#285 = FACE_OUTER_BOUND ( 'NONE', #1892, .T. ) ;
#286 = DIRECTION ( 'NONE',  ( 0.0000000000000000000, -0.0000000000000000000, 1.000000000000000000 ) ) ;
#287 = DIRECTION ( 'NONE',  ( 0.0000000000000000000, 1.000000000000000000, 0.0000000000000000000 ) ) ;
#288 = LINE ( 'NONE', #1842, #906 ) ;
#289 = LINE ( 'NONE', #1982, #1543 ) ;
#290 = EDGE_CURVE ( 'NONE', #326, #1385, #1565, .T. ) ;
#291 = AXIS2_PLACEMENT_3D ( 'NONE', #1742, #931, #775 ) ;
#292 = CARTESIAN_POINT ( 'NONE',  ( 5.000000000000004400, -15.00000000000000700, 1.500000000000001300 ) ) ;
#293 = LINE ( 'NONE', #1085, #1547 ) ;
#294 = ORIENTED_EDGE ( 'NONE', *, *, #1622, .T. ) ;
#295 = LINE ( 'NONE', #101, #818 ) ;
#296 = LINE ( 'NONE', #1517, #1678 ) ;
#297 = DIRECTION ( 'NONE',  ( 1.000000000000000000, 0.0000000000000000000, 0.0000000000000000000 ) ) ;
#298 = ORIENTED_EDGE ( 'NONE', *, *, #547, .F. ) ;
#299 = ORIENTED_EDGE ( 'NONE', *, *, #116, .T. ) ;
#300 = ORIENTED_EDGE ( 'NONE', *, *, #2023, .F. ) ;
#301 = ORIENTED_EDGE ( 'NONE', *, *, #1180, .T. ) ;
#302 = CARTESIAN_POINT ( 'NONE',  ( 5.000000000000005300, 14.17157287525380500, 2.652363307390225100 ) ) ;
#303 = ORIENTED_EDGE ( 'NONE', *, *, #961, .F. ) ;
#304 = ORIENTED_EDGE ( 'NONE', *, *, #1180, .F. ) ;
#305 = CARTESIAN_POINT ( 'NONE',  ( 21.97726928186803600, 4.000000000000076400, 12.77999999999999900 ) ) ;
#306 = DIRECTION ( 'NONE',  ( 0.0000000000000000000, 0.0000000000000000000, -1.000000000000000000 ) ) ;
#307 = LINE ( 'NONE', #505, #1183 ) ;
#308 = VECTOR ( 'NONE', #905, 1000.000000000000100 ) ;
#309 = EDGE_CURVE ( 'NONE', #1070, #663, #1211, .T. ) ;
#310 = DIRECTION ( 'NONE',  ( -3.491481338843133400E-015, 1.000000000000000000, 0.0000000000000000000 ) ) ;
#311 = LINE ( 'NONE', #984, #1953 ) ;
#312 = LINE ( 'NONE', #1471, #835 ) ;
#313 = CARTESIAN_POINT ( 'NONE',  ( -21.86196784822188400, 3.999999999999923600, 12.59263517032500000 ) ) ;
#314 = EDGE_CURVE ( 'NONE', #972, #1710, #1135, .T. ) ;
#315 = CARTESIAN_POINT ( 'NONE',  ( -37.06302731946521300, 1.000000000000000000, 1.500000000000001300 ) ) ;
#316 = FACE_OUTER_BOUND ( 'NONE', #1550, .T. ) ;
#317 = VERTEX_POINT ( 'NONE', #356 ) ;
#318 = DIRECTION ( 'NONE',  ( 1.000000000000000000, -0.0000000000000000000, -0.0000000000000000000 ) ) ;
#319 = DIRECTION ( 'NONE',  ( 0.0000000000000000000, -0.5240974256643351500, 0.8516583167045436200 ) ) ;
#320 = CC_DESIGN_PERSON_AND_ORGANIZATION_ASSIGNMENT ( #682, #904, ( #684 ) ) ;
#321 = ADVANCED_FACE ( 'NONE', ( #705 ), #1495, .F. ) ;
#322 = CYLINDRICAL_SURFACE ( 'NONE', #373, 2.000000000000000000 ) ;
#323 = DIRECTION ( 'NONE',  ( 0.0000000000000000000, 0.0000000000000000000, 1.000000000000000000 ) ) ;
#324 = VERTEX_POINT ( 'NONE', #867 ) ;
#325 = VERTEX_POINT ( 'NONE', #2002 ) ;
#326 = VERTEX_POINT ( 'NONE', #52 ) ;
#327 = DIRECTION ( 'NONE',  ( 1.000000000000000000, 0.0000000000000000000, 0.0000000000000000000 ) ) ;
#328 = CARTESIAN_POINT ( 'NONE',  ( -4.999999999999995600, -15.00000000000000900, -29.30584360149872900 ) ) ;
#329 = EDGE_CURVE ( 'NONE', #1808, #229, #463, .T. ) ;
#330 = ORIENTED_EDGE ( 'NONE', *, *, #159, .T. ) ;
#331 = CARTESIAN_POINT ( 'NONE',  ( 1.396592535537253300E-014, -4.000000000000000000, 0.0000000000000000000 ) ) ;
#332 = ORIENTED_EDGE ( 'NONE', *, *, #2107, .T. ) ;
#333 = EDGE_CURVE ( 'NONE', #1614, #1025, #307, .T. ) ;
#334 = ADVANCED_FACE ( 'NONE', ( #1289 ), #1159, .T. ) ;
#335 =( BOUNDED_CURVE ( )  B_SPLINE_CURVE ( 3, ( #628, #302, #1489, #337 ),
 .UNSPECIFIED., .F., .F. ) 
 B_SPLINE_CURVE_WITH_KNOTS ( ( 4, 4 ),
 ( 1.570796326794896600, 3.141592653589794000 ),
 .UNSPECIFIED. ) 
 CURVE ( )  GEOMETRIC_REPRESENTATION_ITEM ( )  RATIONAL_B_SPLINE_CURVE ( ( 1.000000000000000000, 0.8047378541243648300, 0.8047378541243648300, 1.000000000000000000 ) ) 
 REPRESENTATION_ITEM ( '' )  );
#336 = CARTESIAN_POINT ( 'NONE',  ( -1.396592535537253300E-014, 4.000000000000000000, 0.0000000000000000000 ) ) ;
#337 = CARTESIAN_POINT ( 'NONE',  ( 7.000000000000006200, 14.99999999999999300, 2.724841289362890200 ) ) ;
#338 = FACE_OUTER_BOUND ( 'NONE', #1886, .T. ) ;
#339 = FACE_OUTER_BOUND ( 'NONE', #743, .T. ) ;
#340 = LINE ( 'NONE', #442, #464 ) ;
#341 = CARTESIAN_POINT ( 'NONE',  ( 16.99999999999999600, -16.99999999999999600, 13.00000000000000000 ) ) ;
#342 = CARTESIAN_POINT ( 'NONE',  ( 4.000000000000000000, 21.19999999999999200, 13.00000000000000000 ) ) ;
#343 = CARTESIAN_POINT ( 'NONE',  ( 5.000000000000004400, -13.00000000000000700, 1.500000000000001300 ) ) ;
#344 = CARTESIAN_POINT ( 'NONE',  ( -12.00000000000000400, 14.17157287525379800, 2.652363307390225500 ) ) ;
#345 = ORIENTED_EDGE ( 'NONE', *, *, #1155, .T. ) ;
#346 = LOCAL_TIME ( 15, 22, 52.00000000000000000, #1776 ) ;
#347 = AXIS2_PLACEMENT_3D ( 'NONE', #1115, #1493, #1450 ) ;
#348 = PLANE ( 'NONE',  #416 ) ;
#349 = ORIENTED_EDGE ( 'NONE', *, *, #1737, .T. ) ;
#350 = VERTEX_POINT ( 'NONE', #1004 ) ;
#351 = ORIENTED_EDGE ( 'NONE', *, *, #398, .F. ) ;
#352 = DIRECTION ( 'NONE',  ( -1.000000000000000000, 0.0000000000000000000, 0.0000000000000000000 ) ) ;
#353 = AXIS2_PLACEMENT_3D ( 'NONE', #66, #389, #71 ) ;
#354 = ORIENTED_EDGE ( 'NONE', *, *, #1605, .T. ) ;
#355 = ORIENTED_EDGE ( 'NONE', *, *, #100, .T. ) ;
#356 = CARTESIAN_POINT ( 'NONE',  ( 20.50000000000000400, -1.000000000000000900, 1.499999999999999600 ) ) ;
#357 = ORIENTED_EDGE ( 'NONE', *, *, #1279, .T. ) ;
#358 = ORIENTED_EDGE ( 'NONE', *, *, #104, .T. ) ;
#359 = DIRECTION ( 'NONE',  ( -0.0000000000000000000, 0.9961946980917457700, -0.08715574274765487700 ) ) ;
#360 = DIRECTION ( 'NONE',  ( 0.0000000000000000000, 0.0000000000000000000, -1.000000000000000000 ) ) ;
#361 = EDGE_CURVE ( 'NONE', #946, #248, #288, .T. ) ;
#362 = AXIS2_PLACEMENT_3D ( 'NONE', #2077, #265, #1419 ) ;
#363 = VECTOR ( 'NONE', #273, 1000.000000000000200 ) ;
#364 = VECTOR ( 'NONE', #359, 1000.000000000000200 ) ;
#365 = CARTESIAN_POINT ( 'NONE',  ( 12.00000000000000400, 12.99999999999999500, 2.549863962311048800 ) ) ;
#366 = LINE ( 'NONE', #1158, #1187 ) ;
#367 = CARTESIAN_POINT ( 'NONE',  ( -20.49999999999998900, -17.50000000000000000, 6.299999999999998900 ) ) ;
#368 = DIRECTION ( 'NONE',  ( 0.8516583167045436200, 2.973549119844469100E-015, -0.5240974256643351500 ) ) ;
#369 = EDGE_CURVE ( 'NONE', #1075, #1385, #413, .T. ) ;
#370 = VECTOR ( 'NONE', #281, 1000.000000000000000 ) ;
#371 = CARTESIAN_POINT ( 'NONE',  ( -9.999999999999994700, -15.00000000000001100, 2.724841289362891900 ) ) ;
#372 = CARTESIAN_POINT ( 'NONE',  ( -21.75726928186803400, 3.999999999999924500, 12.77999999999999900 ) ) ;
#373 = AXIS2_PLACEMENT_3D ( 'NONE', #1753, #306, #1288 ) ;
#374 = LINE ( 'NONE', #832, #172 ) ;
#375 = DIRECTION ( 'NONE',  ( 3.491481338843133700E-015, -1.000000000000000000, -0.0000000000000000000 ) ) ;
#376 = VECTOR ( 'NONE', #1911, 1000.000000000000100 ) ;
#377 = AXIS2_PLACEMENT_3D ( 'NONE', #382, #1533, #1047 ) ;
#378 = CARTESIAN_POINT ( 'NONE',  ( 21.19999999999999900, 4.000000000000073700, 13.00000000000000500 ) ) ;
#379 = ORIENTED_EDGE ( 'NONE', *, *, #1946, .T. ) ;
#380 = VERTEX_POINT ( 'NONE', #888 ) ;
#381 = CARTESIAN_POINT ( 'NONE',  ( -37.06302731946521300, 17.50000000000000000, 2.943562948177692800 ) ) ;
#382 = CARTESIAN_POINT ( 'NONE',  ( 22.50000000000000400, 15.99999999999999300, -57.33961030678927500 ) ) ;
#383 = VERTEX_POINT ( 'NONE', #2028 ) ;
#384 = CARTESIAN_POINT ( 'NONE',  ( -16.99999999999999600, -24.00000000000000400, 13.00000000000000000 ) ) ;
#385 = VERTEX_POINT ( 'NONE', #1227 ) ;
#386 = ORIENTED_EDGE ( 'NONE', *, *, #1141, .T. ) ;
#387 = EDGE_CURVE ( 'NONE', #1452, #230, #139, .T. ) ;
#388 = DIRECTION ( 'NONE',  ( 0.0000000000000000000, -1.000000000000000000, 0.0000000000000000000 ) ) ;
#389 = DIRECTION ( 'NONE',  ( 0.0000000000000000000, 0.0000000000000000000, 1.000000000000000000 ) ) ;
#390 = CARTESIAN_POINT ( 'NONE',  ( 12.00000000000000400, 12.99999999999999500, 2.549863962311048800 ) ) ;
#391 = VECTOR ( 'NONE', #704, 1000.000000000000200 ) ;
#392 = VECTOR ( 'NONE', #1598, 1000.000000000000000 ) ;
#393 = CC_DESIGN_SECURITY_CLASSIFICATION ( #1965, ( #1639 ) ) ;
#394 = LINE ( 'NONE', #1595, #1648 ) ;
#395 = CARTESIAN_POINT ( 'NONE',  ( -5.000000000000003600, 12.99999999999998900, 1.500000000000001300 ) ) ;
#396 = ORIENTED_EDGE ( 'NONE', *, *, #885, .T. ) ;
#397 = PERSON_AND_ORGANIZATION ( #2113, #738 ) ;
#398 = EDGE_CURVE ( 'NONE', #1729, #897, #675, .T. ) ;
#399 = DIRECTION ( 'NONE',  ( 0.0000000000000000000, -0.0000000000000000000, -1.000000000000000000 ) ) ;
#400 = ORIENTED_EDGE ( 'NONE', *, *, #465, .T. ) ;
#401 = ORIENTED_EDGE ( 'NONE', *, *, #1811, .F. ) ;
#402 = CARTESIAN_POINT ( 'NONE',  ( 23.99999999999999600, -23.99999999999999600, 0.0000000000000000000 ) ) ;
#403 = ORIENTED_EDGE ( 'NONE', *, *, #361, .F. ) ;
#404 = LINE ( 'NONE', #266, #1572 ) ;
#405 = VERTEX_POINT ( 'NONE', #1213 ) ;
#406 = AXIS2_PLACEMENT_3D ( 'NONE', #2074, #1257, #619 ) ;
#407 = VERTEX_POINT ( 'NONE', #384 ) ;
#408 = DIRECTION ( 'NONE',  ( 1.000000000000000000, 0.0000000000000000000, 0.0000000000000000000 ) ) ;
#409 = VERTEX_POINT ( 'NONE', #243 ) ;
#410 = DIRECTION ( 'NONE',  ( 0.0000000000000000000, 0.0000000000000000000, -1.000000000000000000 ) ) ;
#411 = ORIENTED_EDGE ( 'NONE', *, *, #1752, .F. ) ;
#412 = ADVANCED_FACE ( 'NONE', ( #339 ), #1545, .T. ) ;
#413 = LINE ( 'NONE', #851, #788 ) ;
#414 = CIRCLE ( 'NONE', #1540, 2.000000000000000000 ) ;
#415 = CARTESIAN_POINT ( 'NONE',  ( 4.000000000000000000, -22.50000000000001400, 12.20000000000000500 ) ) ;
#416 = AXIS2_PLACEMENT_3D ( 'NONE', #1828, #138, #1610 ) ;
#417 = CIRCLE ( 'NONE', #991, 0.2200000000000014400 ) ;
#418 = DIRECTION ( 'NONE',  ( 2.891205793294678800E-016, -1.000000000000000000, -0.0000000000000000000 ) ) ;
#419 = LINE ( 'NONE', #1861, #1166 ) ;
#420 = CARTESIAN_POINT ( 'NONE',  ( -21.19999999999997800, -4.000000000000073700, 13.00000000000000000 ) ) ;
#421 = CARTESIAN_POINT ( 'NONE',  ( -4.000000000000000000, 22.49999999999999300, 13.00000000000000000 ) ) ;
#422 = VECTOR ( 'NONE', #168, 1000.000000000000000 ) ;
#423 = VERTEX_POINT ( 'NONE', #1874 ) ;
#424 = EDGE_LOOP ( 'NONE', ( #724, #803, #1391, #269 ) ) ;
#425 = EDGE_CURVE ( 'NONE', #2087, #1089, #2099, .T. ) ;
#426 = ORIENTED_EDGE ( 'NONE', *, *, #1060, .T. ) ;
#427 = ORIENTED_EDGE ( 'NONE', *, *, #637, .F. ) ;
#428 = VERTEX_POINT ( 'NONE', #1050 ) ;
#429 = FACE_OUTER_BOUND ( 'NONE', #1587, .T. ) ;
#430 = ADVANCED_FACE ( 'NONE', ( #1822 ), #1370, .F. ) ;
#431 =( NAMED_UNIT ( * ) PLANE_ANGLE_UNIT ( ) SI_UNIT ( $, .RADIAN. ) );
#432 = ORIENTED_EDGE ( 'NONE', *, *, #1251, .T. ) ;
#433 = CC_DESIGN_DATE_AND_TIME_ASSIGNMENT ( #843, #1420, ( #684 ) ) ;
#434 = ORIENTED_EDGE ( 'NONE', *, *, #222, .F. ) ;
#435 = CARTESIAN_POINT ( 'NONE',  ( -4.999999999999995600, -15.00000000000000900, -29.30584360149872900 ) ) ;
#436 = CARTESIAN_POINT ( 'NONE',  ( -11.99999999999999600, -15.00000000000001100, 1.500000000000001300 ) ) ;
#437 = DIRECTION ( 'NONE',  ( 0.0000000000000000000, 0.0000000000000000000, 1.000000000000000000 ) ) ;
#438 = APPLICATION_CONTEXT ( 'configuration controlled 3d designs of mechanical parts and assemblies' ) ;
#439 = ORIENTED_EDGE ( 'NONE', *, *, #1461, .T. ) ;
#440 = EDGE_CURVE ( 'NONE', #1021, #1125, #1950, .T. ) ;
#441 = CARTESIAN_POINT ( 'NONE',  ( 4.999999999999990200, 1.000000000000000000, 1.500000000000001300 ) ) ;
#442 = CARTESIAN_POINT ( 'NONE',  ( 22.50000000000002800, -3.999999999999921000, 12.20000000000000500 ) ) ;
#443 = EDGE_CURVE ( 'NONE', #1580, #383, #1497, .T. ) ;
#444 = VECTOR ( 'NONE', #1458, 1000.000000000000000 ) ;
#445 = CARTESIAN_POINT ( 'NONE',  ( 0.0000000000000000000, 21.97726928186802200, 12.77999999999999900 ) ) ;
#446 = CARTESIAN_POINT ( 'NONE',  ( 4.000000000000000000, 22.49999999999999300, 13.00000000000000000 ) ) ;
#447 = VECTOR ( 'NONE', #1439, 1000.000000000000000 ) ;
#448 = DIRECTION ( 'NONE',  ( 1.000000000000000000, 1.084202172485504700E-016, 0.0000000000000000000 ) ) ;
#449 = ORIENTED_EDGE ( 'NONE', *, *, #1767, .T. ) ;
#450 = EDGE_LOOP ( 'NONE', ( #1735, #1276, #171, #1966, #1528, #879 ) ) ;
#451 = ORIENTED_EDGE ( 'NONE', *, *, #1852, .T. ) ;
#452 = EDGE_CURVE ( 'NONE', #1662, #1707, #1398, .T. ) ;
#453 = CARTESIAN_POINT ( 'NONE',  ( -4.000000000000000000, -22.50000000000001400, 13.00000000000000000 ) ) ;
#454 = VERTEX_POINT ( 'NONE', #881 ) ;
#455 = DIRECTION ( 'NONE',  ( -0.5240974256643325900, -1.829876381442744100E-015, 0.8516583167045451700 ) ) ;
#456 = DIRECTION ( 'NONE',  ( 3.491481338843133400E-015, -1.000000000000000000, -0.0000000000000000000 ) ) ;
#457 = ORIENTED_EDGE ( 'NONE', *, *, #1767, .F. ) ;
#458 = CARTESIAN_POINT ( 'NONE',  ( 16.99999999999999600, -23.99999999999999600, 13.00000000000000000 ) ) ;
#459 = DIRECTION ( 'NONE',  ( 0.0000000000000000000, -0.08715574274765489100, -0.9961946980917458800 ) ) ;
#460 = FACE_OUTER_BOUND ( 'NONE', #2018, .T. ) ;
#461 = CARTESIAN_POINT ( 'NONE',  ( 23.99999999999999600, -23.99999999999999600, 0.0000000000000000000 ) ) ;
#462 = DIRECTION ( 'NONE',  ( 1.000000000000000000, 0.0000000000000000000, 0.0000000000000000000 ) ) ;
#463 = LINE ( 'NONE', #696, #569 ) ;
#464 = VECTOR ( 'NONE', #609, 1000.000000000000000 ) ;
#465 = EDGE_CURVE ( 'NONE', #506, #2090, #1593, .T. ) ;
#466 = DIRECTION ( 'NONE',  ( -0.0000000000000000000, 0.0000000000000000000, -1.000000000000000000 ) ) ;
#467 = LINE ( 'NONE', #2108, #1137 ) ;
#468 = CIRCLE ( 'NONE', #1827, 2.000000000000000000 ) ;
#469 = AXIS2_PLACEMENT_3D ( 'NONE', #1882, #1377, #1546 ) ;
#470 = DIRECTION ( 'NONE',  ( 3.491481338843133400E-015, -1.000000000000000000, -0.0000000000000000000 ) ) ;
#471 = CC_DESIGN_DATE_AND_TIME_ASSIGNMENT ( #492, #1716, ( #1965 ) ) ;
#472 = ADVANCED_FACE ( 'NONE', ( #184 ), #1112, .T. ) ;
#473 = DIRECTION ( 'NONE',  ( -1.000000000000000000, 0.0000000000000000000, 0.0000000000000000000 ) ) ;
#474 = LINE ( 'NONE', #343, #422 ) ;
#475 = ORIENTED_EDGE ( 'NONE', *, *, #333, .F. ) ;
#476 = FACE_OUTER_BOUND ( 'NONE', #1273, .T. ) ;
#477 = CARTESIAN_POINT ( 'NONE',  ( -24.00000000000000400, -17.00000000000000400, 13.00000000000000000 ) ) ;
#478 = ORIENTED_EDGE ( 'NONE', *, *, #1699, .F. ) ;
#479 = VERTEX_POINT ( 'NONE', #1708 ) ;
#480 = EDGE_CURVE ( 'NONE', #943, #254, #260, .T. ) ;
#481 = ORIENTED_EDGE ( 'NONE', *, *, #708, .F. ) ;
#482 = DIRECTION ( 'NONE',  ( -1.000000000000000000, -2.478176394252582100E-016, 0.0000000000000000000 ) ) ;
#483 = ORIENTED_EDGE ( 'NONE', *, *, #1689, .F. ) ;
#484 = DIRECTION ( 'NONE',  ( -1.000000000000000000, 0.0000000000000000000, 0.0000000000000000000 ) ) ;
#485 = CARTESIAN_POINT ( 'NONE',  ( -24.00000000000000400, 16.99999999999998900, 13.00000000000000000 ) ) ;
#486 = DIRECTION ( 'NONE',  ( -1.000000000000000000, -2.478176394252581100E-016, 2.168123407146434600E-017 ) ) ;
#487 = LINE ( 'NONE', #723, #63 ) ;
#488 = FACE_OUTER_BOUND ( 'NONE', #557, .T. ) ;
#489 = DIRECTION ( 'NONE',  ( -2.891205793294678800E-016, 1.000000000000000000, 0.0000000000000000000 ) ) ;
#490 = ADVANCED_FACE ( 'NONE', ( #85 ), #83, .F. ) ;
#491 = EDGE_CURVE ( 'NONE', #1506, #74, #1998, .T. ) ;
#492 = DATE_AND_TIME ( #145, #118 ) ;
#493 = DIRECTION ( 'NONE',  ( -0.0000000000000000000, -0.0000000000000000000, 1.000000000000000000 ) ) ;
#494 = ORIENTED_EDGE ( 'NONE', *, *, #89, .T. ) ;
#495 = DIRECTION ( 'NONE',  ( 0.0000000000000000000, -0.0000000000000000000, 1.000000000000000000 ) ) ;
#496 = LINE ( 'NONE', #1893, #42 ) ;
#497 = ORIENTED_EDGE ( 'NONE', *, *, #1795, .T. ) ;
#498 = DIRECTION ( 'NONE',  ( -0.0000000000000000000, 0.0000000000000000000, -1.000000000000000000 ) ) ;
#499 = ORIENTED_EDGE ( 'NONE', *, *, #1675, .F. ) ;
#500 = ORIENTED_EDGE ( 'NONE', *, *, #1634, .F. ) ;
#501 = ORIENTED_EDGE ( 'NONE', *, *, #443, .F. ) ;
#502 = PLANE ( 'NONE',  #857 ) ;
#503 = EDGE_CURVE ( 'NONE', #1231, #1662, #1670, .T. ) ;
#504 = ORIENTED_EDGE ( 'NONE', *, *, #309, .T. ) ;
#505 = CARTESIAN_POINT ( 'NONE',  ( -20.49999999999998900, 1.000000000000000000, 1.500000000000001300 ) ) ;
#506 = VERTEX_POINT ( 'NONE', #395 ) ;
#507 = DIRECTION ( 'NONE',  ( 0.0000000000000000000, 0.9961946980917457700, -0.08715574274765487700 ) ) ;
#508 = AXIS2_PLACEMENT_3D ( 'NONE', #2097, #1617, #636 ) ;
#509 = CARTESIAN_POINT ( 'NONE',  ( -16.99999999999999600, -17.00000000000000400, 13.00000000000000000 ) ) ;
#510 = CARTESIAN_POINT ( 'NONE',  ( 20.50000000000000400, 17.50000000000000000, 6.299999999999998900 ) ) ;
#511 = CARTESIAN_POINT ( 'NONE',  ( -7.000000000000003600, 12.99999999999999100, -29.30584360149872900 ) ) ;
#512 = VECTOR ( 'NONE', #92, 1000.000000000000000 ) ;
#513 = LINE ( 'NONE', #1725, #2100 ) ;
#514 = DIRECTION ( 'NONE',  ( -0.0000000000000000000, 0.0000000000000000000, -1.000000000000000000 ) ) ;
#515 = VECTOR ( 'NONE', #1968, 1000.000000000000000 ) ;
#516 = DIRECTION ( 'NONE',  ( 0.0000000000000000000, 0.0000000000000000000, -1.000000000000000000 ) ) ;
#517 = LOCAL_TIME ( 15, 22, 52.00000000000000000, #1402 ) ;
#518 = EDGE_CURVE ( 'NONE', #230, #1733, #239, .T. ) ;
#519 = DIRECTION ( 'NONE',  ( 1.000000000000000000, 0.0000000000000000000, -0.0000000000000000000 ) ) ;
#520 = LINE ( 'NONE', #1743, #1297 ) ;
#521 = ORIENTED_EDGE ( 'NONE', *, *, #1841, .T. ) ;
#522 = FACE_OUTER_BOUND ( 'NONE', #1869, .T. ) ;
#523 = DIRECTION ( 'NONE',  ( -1.000000000000000000, -0.0000000000000000000, -0.0000000000000000000 ) ) ;
#524 = EDGE_LOOP ( 'NONE', ( #1682, #1600, #1997, #1658 ) ) ;
#525 = CIRCLE ( 'NONE', #1799, 0.2200000000000014400 ) ;
#526 = DIRECTION ( 'NONE',  ( 1.000000000000000000, 0.0000000000000000000, 0.0000000000000000000 ) ) ;
#527 = EDGE_LOOP ( 'NONE', ( #968, #304, #529, #1228 ) ) ;
#528 = FACE_OUTER_BOUND ( 'NONE', #1117, .T. ) ;
#529 = ORIENTED_EDGE ( 'NONE', *, *, #1411, .F. ) ;
#530 = ORIENTED_EDGE ( 'NONE', *, *, #1711, .T. ) ;
#531 = DIRECTION ( 'NONE',  ( -1.000000000000000000, -0.0000000000000000000, -0.0000000000000000000 ) ) ;
#532 = VERTEX_POINT ( 'NONE', #127 ) ;
#533 = EDGE_CURVE ( 'NONE', #943, #1021, #624, .T. ) ;
#534 = ORIENTED_EDGE ( 'NONE', *, *, #31, .T. ) ;
#535 = EDGE_CURVE ( 'NONE', #1710, #1548, #2024, .T. ) ;
#536 = VERTEX_POINT ( 'NONE', #941 ) ;
#537 = DIRECTION ( 'NONE',  ( 0.0000000000000000000, 0.0000000000000000000, -1.000000000000000000 ) ) ;
#538 = AXIS2_PLACEMENT_3D ( 'NONE', #1687, #1830, #1046 ) ;
#539 = DIRECTION ( 'NONE',  ( -3.491481338843133700E-015, 1.000000000000000000, 0.0000000000000000000 ) ) ;
#540 = DIRECTION ( 'NONE',  ( 0.0000000000000000000, -0.0000000000000000000, 1.000000000000000000 ) ) ;
#541 = AXIS2_PLACEMENT_3D ( 'NONE', #1052, #896, #231 ) ;
#542 = DIRECTION ( 'NONE',  ( 1.000000000000000000, 1.084202172485504600E-016, 0.0000000000000000000 ) ) ;
#543 = FACE_BOUND ( 'NONE', #1991, .T. ) ;
#544 = VECTOR ( 'NONE', #2004, 1000.000000000000000 ) ;
#545 = CARTESIAN_POINT ( 'NONE',  ( 20.50000000000000400, -20.50000000000000400, 1.499999999999999600 ) ) ;
#546 = FACE_OUTER_BOUND ( 'NONE', #853, .T. ) ;
#547 = EDGE_CURVE ( 'NONE', #2032, #1881, #34, .T. ) ;
#548 = VECTOR ( 'NONE', #1140, 1000.000000000000000 ) ;
#549 = CARTESIAN_POINT ( 'NONE',  ( 12.00000000000000400, 0.9999999999999800200, 1.500000000000001300 ) ) ;
#550 = ORIENTED_EDGE ( 'NONE', *, *, #1030, .F. ) ;
#551 = AXIS2_PLACEMENT_3D ( 'NONE', #545, #747, #237 ) ;
#552 = VECTOR ( 'NONE', #1429, 1000.000000000000000 ) ;
#553 = CARTESIAN_POINT ( 'NONE',  ( -15.99999999999999300, 22.49999999999999300, 6.299999999999999800 ) ) ;
#554 = DIRECTION ( 'NONE',  ( 1.000000000000000000, 1.445602896647339200E-016, -0.0000000000000000000 ) ) ;
#555 = VERTEX_POINT ( 'NONE', #933 ) ;
#556 = PLANE ( 'NONE',  #679 ) ;
#557 = EDGE_LOOP ( 'NONE', ( #1196, #478, #992, #196 ) ) ;
#558 = ORIENTED_EDGE ( 'NONE', *, *, #169, .F. ) ;
#559 = CARTESIAN_POINT ( 'NONE',  ( -20.49999999999998900, 17.50000000000000000, 6.299999999999998900 ) ) ;
#560 = CARTESIAN_POINT ( 'NONE',  ( 11.17157287525381500, 14.99999999999999600, 2.724841289362891100 ) ) ;
#561 = ORIENTED_EDGE ( 'NONE', *, *, #1811, .T. ) ;
#562 = VERTEX_POINT ( 'NONE', #119 ) ;
#563 = CARTESIAN_POINT ( 'NONE',  ( -4.000000000000000000, -22.50000000000001400, 12.20000000000000500 ) ) ;
#564 = EDGE_CURVE ( 'NONE', #162, #1964, #1234, .T. ) ;
#565 = ORIENTED_EDGE ( 'NONE', *, *, #440, .F. ) ;
#566 = AXIS2_PLACEMENT_3D ( 'NONE', #61, #1206, #1185 ) ;
#567 = DIRECTION ( 'NONE',  ( -1.000000000000000000, 0.0000000000000000000, 0.0000000000000000000 ) ) ;
#568 = VECTOR ( 'NONE', #67, 1000.000000000000000 ) ;
#569 = VECTOR ( 'NONE', #1520, 1000.000000000000000 ) ;
#570 = FACE_OUTER_BOUND ( 'NONE', #849, .T. ) ;
#571 = CC_DESIGN_PERSON_AND_ORGANIZATION_ASSIGNMENT ( #1831, #1063, ( #1639 ) ) ;
#572 = CARTESIAN_POINT ( 'NONE',  ( 5.000000000000004400, 12.99999999999999500, 1.500000000000001300 ) ) ;
#573 = ADVANCED_FACE ( 'NONE', ( #1061 ), #770, .F. ) ;
#574 = VECTOR ( 'NONE', #822, 1000.000000000000000 ) ;
#575 = CIRCLE ( 'NONE', #979, 0.2199999999999997000 ) ;
#576 = EDGE_LOOP ( 'NONE', ( #1656, #939, #763, #975, #1914, #826, #1413, #434 ) ) ;
#577 = ORIENTED_EDGE ( 'NONE', *, *, #977, .F. ) ;
#578 = APPROVAL_DATE_TIME ( #1013, #1746 ) ;
#579 = EDGE_CURVE ( 'NONE', #405, #2067, #1446, .T. ) ;
#580 = CIRCLE ( 'NONE', #1175, 6.500000000000004400 ) ;
#581 = PRODUCT_DEFINITION_SHAPE ( 'NONE', 'NONE',  #684 ) ;
#582 = AXIS2_PLACEMENT_3D ( 'NONE', #1626, #470, #1759 ) ;
#583 = ORIENTED_EDGE ( 'NONE', *, *, #1563, .F. ) ;
#584 = VECTOR ( 'NONE', #1606, 1000.000000000000000 ) ;
#585 = CARTESIAN_POINT ( 'NONE',  ( 4.000000000000000000, 21.97726928186802200, 13.00000000000000000 ) ) ;
#586 = ORIENTED_EDGE ( 'NONE', *, *, #1538, .T. ) ;
#587 = VERTEX_POINT ( 'NONE', #2066 ) ;
#588 = CARTESIAN_POINT ( 'NONE',  ( -20.49999999999998900, -17.50000000000000000, 6.299999999999998900 ) ) ;
#589 = VERTEX_POINT ( 'NONE', #1589 ) ;
#590 = CARTESIAN_POINT ( 'NONE',  ( 20.50000000000000400, 17.50000000000000000, 6.299999999999998900 ) ) ;
#591 = DIRECTION ( 'NONE',  ( -0.0000000000000000000, -0.0000000000000000000, -1.000000000000000000 ) ) ;
#592 = VERTEX_POINT ( 'NONE', #590 ) ;
#593 = EDGE_CURVE ( 'NONE', #772, #1808, #1401, .T. ) ;
#594 = CARTESIAN_POINT ( 'NONE',  ( 10.00000000000000400, -15.00000000000000700, 1.500000000000001300 ) ) ;
#595 = CARTESIAN_POINT ( 'NONE',  ( -16.99999999999999600, -24.00000000000000400, 0.0000000000000000000 ) ) ;
#596 = AXIS2_PLACEMENT_3D ( 'NONE', #331, #658, #498 ) ;
#597 = FACE_OUTER_BOUND ( 'NONE', #942, .T. ) ;
#598 = APPROVAL_ROLE ( '' ) ;
#599 = LINE ( 'NONE', #315, #574 ) ;
#600 = LINE ( 'NONE', #709, #544 ) ;
#601 = DIRECTION ( 'NONE',  ( -1.000000000000000000, -1.445602896647339200E-016, 0.0000000000000000000 ) ) ;
#602 = PLANE ( 'NONE',  #1465 ) ;
#603 = CARTESIAN_POINT ( 'NONE',  ( -21.75726928186800900, -4.000000000000075500, 12.77999999999999900 ) ) ;
#604 = ADVANCED_FACE ( 'NONE', ( #235 ), #602, .F. ) ;
#605 = DIRECTION ( 'NONE',  ( 1.000000000000000000, 0.0000000000000000000, 0.0000000000000000000 ) ) ;
#606 = EDGE_LOOP ( 'NONE', ( #152, #1418, #1504, #1360 ) ) ;
#607 = VECTOR ( 'NONE', #192, 1000.000000000000000 ) ;
#608 = EDGE_CURVE ( 'NONE', #1328, #479, #1320, .T. ) ;
#609 = DIRECTION ( 'NONE',  ( 0.0000000000000000000, 0.0000000000000000000, 1.000000000000000000 ) ) ;
#610 = EDGE_LOOP ( 'NONE', ( #829, #779, #481, #1017, #642, #355, #1053, #1064 ) ) ;
#611 = ORIENTED_EDGE ( 'NONE', *, *, #465, .F. ) ;
#612 = AXIS2_PLACEMENT_3D ( 'NONE', #117, #1104, #1244 ) ;
#613 = VERTEX_POINT ( 'NONE', #585 ) ;
#614 = ORIENTED_EDGE ( 'NONE', *, *, #1254, .F. ) ;
#615 = DIRECTION ( 'NONE',  ( 1.000000000000000000, 2.478176394252582100E-016, 0.0000000000000000000 ) ) ;
#616 = ORIENTED_EDGE ( 'NONE', *, *, #1863, .F. ) ;
#617 = CARTESIAN_POINT ( 'NONE',  ( 4.000000000000000000, 22.49999999999999300, 13.00000000000000000 ) ) ;
#618 = ADVANCED_FACE ( 'NONE', ( #1624 ), #1826, .T. ) ;
#619 = DIRECTION ( 'NONE',  ( 0.0000000000000000000, 0.0000000000000000000, 1.000000000000000000 ) ) ;
#620 = EDGE_CURVE ( 'NONE', #1962, #1833, #2055, .T. ) ;
#621 = CARTESIAN_POINT ( 'NONE',  ( -11.17157287525380300, -15.00000000000001400, 2.724841289362898200 ) ) ;
#622 = FACE_BOUND ( 'NONE', #2046, .T. ) ;
#623 = CARTESIAN_POINT ( 'NONE',  ( 16.00000000000000700, -16.00000000000001100, -57.33961030678927500 ) ) ;
#624 = LINE ( 'NONE', #1541, #812 ) ;
#625 = CIRCLE ( 'NONE', #1650, 6.999999999999999100 ) ;
#626 = DIRECTION ( 'NONE',  ( 1.000000000000000000, 0.0000000000000000000, 0.0000000000000000000 ) ) ;
#627 = VECTOR ( 'NONE', #814, 1000.000000000000000 ) ;
#628 = CARTESIAN_POINT ( 'NONE',  ( 5.000000000000004400, 12.99999999999999500, 2.549863962311048800 ) ) ;
#629 = ADVANCED_FACE ( 'NONE', ( #884 ), #1777, .F. ) ;
#630 = CARTESIAN_POINT ( 'NONE',  ( -16.99999999999999600, -17.00000000000000400, 0.0000000000000000000 ) ) ;
#631 = VECTOR ( 'NONE', #927, 1000.000000000000000 ) ;
#632 = ORIENTED_EDGE ( 'NONE', *, *, #263, .T. ) ;
#633 = LINE ( 'NONE', #213, #95 ) ;
#634 = CARTESIAN_POINT ( 'NONE',  ( -37.06302731946521300, 1.000000000000000000, 1.500000000000001300 ) ) ;
#635 = LINE ( 'NONE', #1691, #1455 ) ;
#636 = DIRECTION ( 'NONE',  ( -1.000000000000000000, 0.0000000000000000000, 0.0000000000000000000 ) ) ;
#637 = EDGE_CURVE ( 'NONE', #681, #1808, #957, .T. ) ;
#638 = ORIENTED_EDGE ( 'NONE', *, *, #781, .F. ) ;
#639 = LINE ( 'NONE', #1123, #376 ) ;
#640 = EDGE_CURVE ( 'NONE', #317, #2032, #654, .T. ) ;
#641 = ORIENTED_EDGE ( 'NONE', *, *, #1263, .T. ) ;
#642 = ORIENTED_EDGE ( 'NONE', *, *, #2016, .F. ) ;
#643 = ADVANCED_FACE ( 'NONE', ( #1745 ), #1292, .F. ) ;
#644 = ORIENTED_EDGE ( 'NONE', *, *, #329, .T. ) ;
#645 = LINE ( 'NONE', #378, #1128 ) ;
#646 = PLANE ( 'NONE',  #768 ) ;
#647 = CARTESIAN_POINT ( 'NONE',  ( -15.99999999999998600, -22.50000000000001400, 13.00000000000000000 ) ) ;
#648 = VERTEX_POINT ( 'NONE', #477 ) ;
#649 = CARTESIAN_POINT ( 'NONE',  ( -11.99999999999999600, -15.00000000000001100, 1.500000000000001300 ) ) ;
#650 = DIRECTION ( 'NONE',  ( -0.0000000000000000000, 1.000000000000000000, -0.0000000000000000000 ) ) ;
#651 = LINE ( 'NONE', #1422, #35 ) ;
#652 = EDGE_CURVE ( 'NONE', #920, #1328, #468, .T. ) ;
#653 = VECTOR ( 'NONE', #1247, 1000.000000000000000 ) ;
#654 = LINE ( 'NONE', #1291, #627 ) ;
#655 = DIRECTION ( 'NONE',  ( 0.0000000000000000000, 0.0000000000000000000, -1.000000000000000000 ) ) ;
#656 = CARTESIAN_POINT ( 'NONE',  ( -15.99999999999999300, 22.49999999999999300, 13.00000000000000000 ) ) ;
#657 = APPROVAL ( #749, 'UNSPECIFIED' ) ;
#658 = DIRECTION ( 'NONE',  ( -3.491481338843133400E-015, 1.000000000000000000, 0.0000000000000000000 ) ) ;
#659 = ORIENTED_EDGE ( 'NONE', *, *, #593, .F. ) ;
#660 = CIRCLE ( 'NONE', #2020, 2.000000000000000000 ) ;
#661 = EDGE_LOOP ( 'NONE', ( #974, #497, #586 ) ) ;
#662 = ORIENTED_EDGE ( 'NONE', *, *, #809, .T. ) ;
#663 = VERTEX_POINT ( 'NONE', #1118 ) ;
#664 = DIRECTION ( 'NONE',  ( -0.0000000000000000000, -0.0000000000000000000, 1.000000000000000000 ) ) ;
#665 = EDGE_CURVE ( 'NONE', #1844, #1710, #417, .T. ) ;
#666 = ORIENTED_EDGE ( 'NONE', *, *, #1795, .F. ) ;
#667 = CARTESIAN_POINT ( 'NONE',  ( 12.00000000000000400, 12.99999999999999500, 1.500000000000001300 ) ) ;
#668 = ORIENTED_EDGE ( 'NONE', *, *, #1411, .T. ) ;
#669 = CARTESIAN_POINT ( 'NONE',  ( 7.000000000000006200, -15.00000000000000700, 2.724841289362891100 ) ) ;
#670 = ORIENTED_EDGE ( 'NONE', *, *, #765, .T. ) ;
#671 = CARTESIAN_POINT ( 'NONE',  ( 10.00000000000000400, -13.00000000000000700, 1.500000000000001300 ) ) ;
#672 = DIRECTION ( 'NONE',  ( 0.0000000000000000000, 0.0000000000000000000, 1.000000000000000000 ) ) ;
#673 = LINE ( 'NONE', #1855, #1057 ) ;
#674 = EDGE_CURVE ( 'NONE', #1075, #1025, #2103, .T. ) ;
#675 = LINE ( 'NONE', #1702, #1972 ) ;
#676 = VECTOR ( 'NONE', #1820, 1000.000000000000000 ) ;
#677 = DIRECTION ( 'NONE',  ( 0.0000000000000000000, -0.0000000000000000000, 1.000000000000000000 ) ) ;
#678 = VECTOR ( 'NONE', #1736, 1000.000000000000000 ) ;
#679 = AXIS2_PLACEMENT_3D ( 'NONE', #1358, #1697, #1179 ) ;
#680 = CARTESIAN_POINT ( 'NONE',  ( 7.000000000000006200, -15.00000000000000700, 2.724841289362891100 ) ) ;
#681 = VERTEX_POINT ( 'NONE', #157 ) ;
#682 = PERSON_AND_ORGANIZATION ( #2113, #738 ) ;
#683 = DIRECTION ( 'NONE',  ( 0.0000000000000000000, 1.000000000000000000, -0.0000000000000000000 ) ) ;
#684 = PRODUCT_DEFINITION ( 'UNKNOWN', '', #1639, #234 ) ;
#685 = FACE_OUTER_BOUND ( 'NONE', #1750, .T. ) ;
#686 = CARTESIAN_POINT ( 'NONE',  ( -11.17157287525381200, 14.99999999999999300, 2.724841289362891100 ) ) ;
#687 = ORIENTED_EDGE ( 'NONE', *, *, #443, .T. ) ;
#688 = CIRCLE ( 'NONE', #864, 6.500000000000000900 ) ;
#689 = ORIENTED_EDGE ( 'NONE', *, *, #665, .T. ) ;
#690 = ORIENTED_EDGE ( 'NONE', *, *, #1421, .F. ) ;
#691 = DIRECTION ( 'NONE',  ( -0.0000000000000000000, -1.000000000000000000, -0.0000000000000000000 ) ) ;
#692 = DIRECTION ( 'NONE',  ( -1.000000000000000000, 0.0000000000000000000, 0.0000000000000000000 ) ) ;
#693 = EDGE_CURVE ( 'NONE', #1548, #1506, #264, .T. ) ;
#694 = ORIENTED_EDGE ( 'NONE', *, *, #564, .T. ) ;
#695 = MANIFOLD_SOLID_BREP ( 'Verrundung3', #2109 ) ;
#696 = CARTESIAN_POINT ( 'NONE',  ( -12.00000000000000400, 12.99999999999999100, 2.724841289362893300 ) ) ;
#697 = ORIENTED_EDGE ( 'NONE', *, *, #921, .F. ) ;
#698 = DIRECTION ( 'NONE',  ( 0.0000000000000000000, -0.0000000000000000000, 1.000000000000000000 ) ) ;
#699 = DIRECTION ( 'NONE',  ( -0.0000000000000000000, 1.000000000000000000, 0.0000000000000000000 ) ) ;
#700 = CC_DESIGN_APPROVAL ( #657, ( #1965 ) ) ;
#701 = CARTESIAN_POINT ( 'NONE',  ( 7.000000000000004400, -15.00000000000000700, 1.500000000000001300 ) ) ;
#702 = DIRECTION ( 'NONE',  ( -2.168404344971008400E-016, 1.000000000000000000, 0.0000000000000000000 ) ) ;
#703 = ORIENTED_EDGE ( 'NONE', *, *, #1512, .F. ) ;
#704 = DIRECTION ( 'NONE',  ( 0.8516583167045451700, 2.973549119844474600E-015, 0.5240974256643325900 ) ) ;
#705 = FACE_OUTER_BOUND ( 'NONE', #424, .T. ) ;
#706 = VECTOR ( 'NONE', #1718, 1000.000000000000100 ) ;
#707 = VECTOR ( 'NONE', #926, 1000.000000000000000 ) ;
#708 = EDGE_CURVE ( 'NONE', #532, #1833, #115, .T. ) ;
#709 = CARTESIAN_POINT ( 'NONE',  ( -10.00000000000000400, 14.99999999999999100, 1.500000000000001300 ) ) ;
#710 = PLANE ( 'NONE',  #377 ) ;
#711 = AXIS2_PLACEMENT_3D ( 'NONE', #135, #130, #1918 ) ;
#712 = APPROVAL_DATE_TIME ( #1347, #657 ) ;
#713 = CARTESIAN_POINT ( 'NONE',  ( 23.99999999999999600, -23.99999999999999600, 13.00000000000000000 ) ) ;
#714 = ORIENTED_EDGE ( 'NONE', *, *, #143, .T. ) ;
#715 = CARTESIAN_POINT ( 'NONE',  ( -22.49999999999999300, -4.000000000000076400, 12.19999999999998700 ) ) ;
#716 = ORIENTED_EDGE ( 'NONE', *, *, #809, .F. ) ;
#717 = ORIENTED_EDGE ( 'NONE', *, *, #593, .T. ) ;
#718 = ORIENTED_EDGE ( 'NONE', *, *, #727, .T. ) ;
#719 = CARTESIAN_POINT ( 'NONE',  ( -7.000000000000003600, 12.99999999999999100, 1.500000000000001300 ) ) ;
#720 = DIRECTION ( 'NONE',  ( -0.0000000000000000000, -0.0000000000000000000, 1.000000000000000000 ) ) ;
#721 = ORIENTED_EDGE ( 'NONE', *, *, #31, .F. ) ;
#722 = LINE ( 'NONE', #1379, #1788 ) ;
#723 = CARTESIAN_POINT ( 'NONE',  ( -22.50000000000000700, 3.999999999999921000, 13.00000000000000000 ) ) ;
#724 = ORIENTED_EDGE ( 'NONE', *, *, #1741, .F. ) ;
#725 = CARTESIAN_POINT ( 'NONE',  ( -4.000000000000000000, 22.49999999999999300, 12.20000000000000300 ) ) ;
#726 =( BOUNDED_CURVE ( )  B_SPLINE_CURVE ( 3, ( #1596, #621, #1764, #1927 ),
 .UNSPECIFIED., .F., .F. ) 
 B_SPLINE_CURVE_WITH_KNOTS ( ( 4, 4 ),
 ( 3.141592653589792200, 4.712388980384688800 ),
 .UNSPECIFIED. ) 
 CURVE ( )  GEOMETRIC_REPRESENTATION_ITEM ( )  RATIONAL_B_SPLINE_CURVE ( ( 1.000000000000000000, 0.8047378541243649400, 0.8047378541243649400, 1.000000000000000000 ) ) 
 REPRESENTATION_ITEM ( '' )  );
#727 = EDGE_CURVE ( 'NONE', #971, #2032, #38, .T. ) ;
#728 = ORIENTED_EDGE ( 'NONE', *, *, #2079, .F. ) ;
#729 = DIRECTION ( 'NONE',  ( -1.000000000000000000, 0.0000000000000000000, 0.0000000000000000000 ) ) ;
#730 = DIRECTION ( 'NONE',  ( -1.000000000000000000, -3.942553354492717800E-015, 0.0000000000000000000 ) ) ;
#731 = DIRECTION ( 'NONE',  ( -1.000000000000000000, -2.312964634635743000E-016, 0.0000000000000000000 ) ) ;
#732 = VECTOR ( 'NONE', #531, 1000.000000000000000 ) ;
#733 = DIRECTION ( 'NONE',  ( 3.491481338843133400E-015, -1.000000000000000000, -0.0000000000000000000 ) ) ;
#734 = EDGE_CURVE ( 'NONE', #16, #1070, #575, .T. ) ;
#735 = DIRECTION ( 'NONE',  ( 0.0000000000000000000, -0.0000000000000000000, 1.000000000000000000 ) ) ;
#736 = ORIENTED_EDGE ( 'NONE', *, *, #210, .F. ) ;
#737 = AXIS2_PLACEMENT_3D ( 'NONE', #2058, #1899, #1099 ) ;
#738 = ORGANIZATION ( 'UNSPECIFIED', 'UNSPECIFIED', '' ) ;
#739 = DIRECTION ( 'NONE',  ( -0.0000000000000000000, -0.0000000000000000000, 1.000000000000000000 ) ) ;
#740 = ADVANCED_FACE ( 'NONE', ( #1449 ), #2104, .F. ) ;
#741 = VERTEX_POINT ( 'NONE', #1443 ) ;
#742 = CIRCLE ( 'NONE', #928, 6.999999999999999100 ) ;
#743 = EDGE_LOOP ( 'NONE', ( #962, #2111, #1931, #1018 ) ) ;
#744 = ORIENTED_EDGE ( 'NONE', *, *, #131, .T. ) ;
#745 = ORIENTED_EDGE ( 'NONE', *, *, #833, .F. ) ;
#746 = ORIENTED_EDGE ( 'NONE', *, *, #1591, .F. ) ;
#747 = DIRECTION ( 'NONE',  ( 1.000000000000000000, -0.0000000000000000000, 0.0000000000000000000 ) ) ;
#748 = EDGE_LOOP ( 'NONE', ( #451, #252, #176, #751 ) ) ;
#749 = APPROVAL_STATUS ( 'not_yet_approved' ) ;
#750 = EDGE_CURVE ( 'NONE', #2092, #350, #1673, .T. ) ;
#751 = ORIENTED_EDGE ( 'NONE', *, *, #925, .T. ) ;
#752 = CARTESIAN_POINT ( 'NONE',  ( -11.99999999999999600, -15.00000000000001100, -29.30584360149872900 ) ) ;
#753 = ADVANCED_FACE ( 'NONE', ( #1088 ), #646, .F. ) ;
#754 = EDGE_CURVE ( 'NONE', #1, #405, #866, .T. ) ;
#755 = AXIS2_PLACEMENT_3D ( 'NONE', #1765, #797, #284 ) ;
#756 = EDGE_LOOP ( 'NONE', ( #918, #550, #146, #1859 ) ) ;
#757 = LINE ( 'NONE', #1896, #1136 ) ;
#758 = VECTOR ( 'NONE', #1240, 1000.000000000000000 ) ;
#759 = CARTESIAN_POINT ( 'NONE',  ( 16.99999999999999600, -23.99999999999999600, 0.0000000000000000000 ) ) ;
#760 = ADVANCED_FACE ( 'NONE', ( #815 ), #1976, .F. ) ;
#761 =( LENGTH_UNIT ( ) NAMED_UNIT ( * ) SI_UNIT ( .MILLI., .METRE. ) );
#762 = CARTESIAN_POINT ( 'NONE',  ( 16.00000000000000000, 15.99999999999999300, 6.299999999999999800 ) ) ;
#763 = ORIENTED_EDGE ( 'NONE', *, *, #1251, .F. ) ;
#764 = CYLINDRICAL_SURFACE ( 'NONE', #1858, 6.499999999999999100 ) ;
#765 = EDGE_CURVE ( 'NONE', #589, #1178, #14, .T. ) ;
#766 = CARTESIAN_POINT ( 'NONE',  ( -22.50000000000000700, 3.999999999999921000, 13.00000000000000000 ) ) ;
#767 = LINE ( 'NONE', #15, #1778 ) ;
#768 = AXIS2_PLACEMENT_3D ( 'NONE', #1602, #827, #980 ) ;
#769 = LINE ( 'NONE', #790, #1937 ) ;
#770 = PLANE ( 'NONE',  #737 ) ;
#771 = CARTESIAN_POINT ( 'NONE',  ( 22.50000000000000000, 4.000000000000079000, 13.00000000000000000 ) ) ;
#772 = VERTEX_POINT ( 'NONE', #1661 ) ;
#773 =( GEOMETRIC_REPRESENTATION_CONTEXT ( 3 ) GLOBAL_UNCERTAINTY_ASSIGNED_CONTEXT ( ( #1072 ) ) GLOBAL_UNIT_ASSIGNED_CONTEXT ( ( #761, #431, #1242 ) ) REPRESENTATION_CONTEXT ( 'NONE', 'WORKASPACE' ) );
#774 = ORIENTED_EDGE ( 'NONE', *, *, #1369, .T. ) ;
#775 = DIRECTION ( 'NONE',  ( 0.0000000000000000000, 0.0000000000000000000, -1.000000000000000000 ) ) ;
#776 = ADVANCED_FACE ( 'NONE', ( #488 ), #1903, .T. ) ;
#777 = ORIENTED_EDGE ( 'NONE', *, *, #233, .T. ) ;
#778 = CARTESIAN_POINT ( 'NONE',  ( 21.20000000000002800, -3.999999999999926300, 13.00000000000000500 ) ) ;
#779 = ORIENTED_EDGE ( 'NONE', *, *, #620, .T. ) ;
#780 = APPLICATION_PROTOCOL_DEFINITION ( 'international standard', 'config_control_design', 1994, #438 ) ;
#781 = EDGE_CURVE ( 'NONE', #1246, #587, #1695, .T. ) ;
#782 = CARTESIAN_POINT ( 'NONE',  ( 15.99999999999999300, 22.49999999999999300, 6.299999999999999800 ) ) ;
#783 = AXIS2_PLACEMENT_3D ( 'NONE', #910, #735, #1872 ) ;
#784 = CIRCLE ( 'NONE', #2095, 6.999999999999999100 ) ;
#785 = ORIENTED_EDGE ( 'NONE', *, *, #387, .T. ) ;
#786 = DIRECTION ( 'NONE',  ( 3.491481338843133400E-015, -1.000000000000000000, -0.0000000000000000000 ) ) ;
#787 = ADVANCED_FACE ( 'NONE', ( #1138 ), #1165, .T. ) ;
#788 = VECTOR ( 'NONE', #1339, 1000.000000000000000 ) ;
#789 = CYLINDRICAL_SURFACE ( 'NONE', #1478, 0.2200000000000014400 ) ;
#790 = CARTESIAN_POINT ( 'NONE',  ( -4.000000000000000000, 21.19999999999999200, 13.00000000000000000 ) ) ;
#791 = DIRECTION ( 'NONE',  ( -0.0000000000000000000, -0.0000000000000000000, -1.000000000000000000 ) ) ;
#792 = DIRECTION ( 'NONE',  ( -1.000000000000000000, -3.942553354492717800E-015, 0.0000000000000000000 ) ) ;
#793 = DIRECTION ( 'NONE',  ( 1.000000000000000000, 3.491481338843118800E-015, 0.0000000000000000000 ) ) ;
#794 = ORIENTED_EDGE ( 'NONE', *, *, #1145, .T. ) ;
#795 = CALENDAR_DATE ( 2016, 3, 8 ) ;
#796 = AXIS2_PLACEMENT_3D ( 'NONE', #804, #964, #2101 ) ;
#797 = DIRECTION ( 'NONE',  ( 0.0000000000000000000, -1.000000000000000000, 0.0000000000000000000 ) ) ;
#798 = ORIENTED_EDGE ( 'NONE', *, *, #425, .T. ) ;
#799 = DIRECTION ( 'NONE',  ( -0.0000000000000000000, 0.0000000000000000000, -1.000000000000000000 ) ) ;
#800 = VERTEX_POINT ( 'NONE', #1336 ) ;
#801 = EDGE_LOOP ( 'NONE', ( #1760, #1585, #690, #7 ) ) ;
#802 = CARTESIAN_POINT ( 'NONE',  ( 7.000000000000004400, -13.00000000000000700, -29.30584360149872900 ) ) ;
#803 = ORIENTED_EDGE ( 'NONE', *, *, #181, .F. ) ;
#804 = CARTESIAN_POINT ( 'NONE',  ( 1.396592535537253300E-014, -4.000000000000000000, 0.0000000000000000000 ) ) ;
#805 = AXIS2_PLACEMENT_3D ( 'NONE', #1884, #1232, #605 ) ;
#806 = VERTEX_POINT ( 'NONE', #1644 ) ;
#807 = DIRECTION ( 'NONE',  ( 0.0000000000000000000, -0.0000000000000000000, 1.000000000000000000 ) ) ;
#808 = CARTESIAN_POINT ( 'NONE',  ( 21.97726928186806500, -3.999999999999923600, 12.77999999999999900 ) ) ;
#809 = EDGE_CURVE ( 'NONE', #613, #1178, #65, .T. ) ;
#810 = DIRECTION ( 'NONE',  ( -0.0000000000000000000, 0.0000000000000000000, -1.000000000000000000 ) ) ;
#811 = CYLINDRICAL_SURFACE ( 'NONE', #837, 6.999999999999999100 ) ;
#812 = VECTOR ( 'NONE', #1256, 1000.000000000000000 ) ;
#813 = LINE ( 'NONE', #2057, #308 ) ;
#814 = DIRECTION ( 'NONE',  ( 0.0000000000000000000, 1.000000000000000000, 0.0000000000000000000 ) ) ;
#815 = FACE_OUTER_BOUND ( 'NONE', #748, .T. ) ;
#816 = DIRECTION ( 'NONE',  ( -1.000000000000000000, -3.942553354492717800E-015, 0.0000000000000000000 ) ) ;
#817 = LINE ( 'NONE', #1080, #370 ) ;
#818 = VECTOR ( 'NONE', #1721, 1000.000000000000100 ) ;
#819 = FACE_OUTER_BOUND ( 'NONE', #527, .T. ) ;
#820 = EDGE_CURVE ( 'NONE', #44, #532, #1424, .T. ) ;
#821 = LINE ( 'NONE', #1877, #1172 ) ;
#822 = DIRECTION ( 'NONE',  ( 1.000000000000000000, -0.0000000000000000000, -0.0000000000000000000 ) ) ;
#823 = EDGE_CURVE ( 'NONE', #878, #325, #1238, .T. ) ;
#824 = VERTEX_POINT ( 'NONE', #17 ) ;
#825 = ORIENTED_EDGE ( 'NONE', *, *, #1294, .F. ) ;
#826 = ORIENTED_EDGE ( 'NONE', *, *, #440, .T. ) ;
#827 = DIRECTION ( 'NONE',  ( 0.0000000000000000000, 0.08715574274765489100, -0.9961946980917458800 ) ) ;
#828 = CARTESIAN_POINT ( 'NONE',  ( -17.00000000000000400, 16.99999999999998900, 0.0000000000000000000 ) ) ;
#829 = ORIENTED_EDGE ( 'NONE', *, *, #1141, .F. ) ;
#830 = ADVANCED_FACE ( 'NONE', ( #167 ), #1569, .F. ) ;
#831 = DIRECTION ( 'NONE',  ( 0.0000000000000000000, 0.0000000000000000000, 1.000000000000000000 ) ) ;
#832 = CARTESIAN_POINT ( 'NONE',  ( -17.00000000000000400, 23.99999999999999600, 13.00000000000000000 ) ) ;
#833 = EDGE_CURVE ( 'NONE', #924, #589, #366, .T. ) ;
#834 = CARTESIAN_POINT ( 'NONE',  ( -37.06302731946520600, -15.00000000000001600, 2.724841289362892400 ) ) ;
#835 = VECTOR ( 'NONE', #1368, 1000.000000000000100 ) ;
#836 = ADVANCED_FACE ( 'NONE', ( #186 ), #29, .F. ) ;
#837 = AXIS2_PLACEMENT_3D ( 'NONE', #341, #1642, #855 ) ;
#838 = CARTESIAN_POINT ( 'NONE',  ( 5.000000000000004400, -13.00000000000000900, 2.549863962311050200 ) ) ;
#839 = DIRECTION ( 'NONE',  ( 2.880203882372298800E-016, -0.9961946980917457700, -0.08715574274765487700 ) ) ;
#840 = DIRECTION ( 'NONE',  ( 0.0000000000000000000, 0.0000000000000000000, -1.000000000000000000 ) ) ;
#841 = LINE ( 'NONE', #109, #447 ) ;
#842 = ORIENTED_EDGE ( 'NONE', *, *, #1551, .T. ) ;
#843 = DATE_AND_TIME ( #1453, #1270 ) ;
#844 = PLANE ( 'NONE',  #2029 ) ;
#845 = CARTESIAN_POINT ( 'NONE',  ( -12.00000000000000400, 14.99999999999999100, -29.30584360149872900 ) ) ;
#846 = ORIENTED_EDGE ( 'NONE', *, *, #1207, .T. ) ;
#847 = CARTESIAN_POINT ( 'NONE',  ( -12.00000000000000400, 12.99999999999999100, 1.500000000000001300 ) ) ;
#848 = EDGE_CURVE ( 'NONE', #2067, #1530, #1607, .T. ) ;
#849 = EDGE_LOOP ( 'NONE', ( #717, #644, #156 ) ) ;
#850 = VERTEX_POINT ( 'NONE', #1630 ) ;
#851 = CARTESIAN_POINT ( 'NONE',  ( -20.49999999999998900, -20.49999999999996800, 6.299999999999998900 ) ) ;
#852 = AXIS2_PLACEMENT_3D ( 'NONE', #952, #799, #1945 ) ;
#853 = EDGE_LOOP ( 'NONE', ( #1836, #1388, #1308, #1829 ) ) ;
#854 = FACE_OUTER_BOUND ( 'NONE', #450, .T. ) ;
#855 = DIRECTION ( 'NONE',  ( -1.000000000000000000, 0.0000000000000000000, 0.0000000000000000000 ) ) ;
#856 = ORIENTED_EDGE ( 'NONE', *, *, #1155, .F. ) ;
#857 = AXIS2_PLACEMENT_3D ( 'NONE', #328, #30, #489 ) ;
#858 = DIRECTION ( 'NONE',  ( -0.0000000000000000000, -0.0000000000000000000, 1.000000000000000000 ) ) ;
#859 = CARTESIAN_POINT ( 'NONE',  ( 10.00000000000000400, 12.99999999999999500, -29.30584360149872900 ) ) ;
#860 = CARTESIAN_POINT ( 'NONE',  ( -15.99999999999998600, -22.50000000000001400, -57.33961030678927500 ) ) ;
#861 = VERTEX_POINT ( 'NONE', #701 ) ;
#862 = EDGE_CURVE ( 'NONE', #1440, #971, #312, .T. ) ;
#863 = CIRCLE ( 'NONE', #108, 2.000000000000000000 ) ;
#864 = AXIS2_PLACEMENT_3D ( 'NONE', #762, #923, #2062 ) ;
#865 = VECTOR ( 'NONE', #211, 1000.000000000000000 ) ;
#866 = CIRCLE ( 'NONE', #1397, 2.000000000000000000 ) ;
#867 = CARTESIAN_POINT ( 'NONE',  ( -15.99999999999998600, -22.50000000000001400, 6.299999999999999800 ) ) ;
#868 = LINE ( 'NONE', #1433, #653 ) ;
#869 = PLANE ( 'NONE',  #163 ) ;
#870 = FACE_OUTER_BOUND ( 'NONE', #1812, .T. ) ;
#871 = DIRECTION ( 'NONE',  ( 0.0000000000000000000, 0.0000000000000000000, -1.000000000000000000 ) ) ;
#872 = ORIENTED_EDGE ( 'NONE', *, *, #1689, .T. ) ;
#873 = CARTESIAN_POINT ( 'NONE',  ( -20.49999999999998900, -17.50000000000000000, 6.299999999999998900 ) ) ;
#874 = ORIENTED_EDGE ( 'NONE', *, *, #2070, .T. ) ;
#875 = DIRECTION ( 'NONE',  ( 1.084202172485504600E-016, -1.000000000000000000, 0.0000000000000000000 ) ) ;
#876 = EDGE_CURVE ( 'NONE', #409, #824, #1519, .T. ) ;
#877 = ORIENTED_EDGE ( 'NONE', *, *, #1675, .T. ) ;
#878 = VERTEX_POINT ( 'NONE', #57 ) ;
#879 = ORIENTED_EDGE ( 'NONE', *, *, #333, .T. ) ;
#880 = CARTESIAN_POINT ( 'NONE',  ( -24.00000000000000400, -24.00000000000000400, 13.00000000000000000 ) ) ;
#881 = CARTESIAN_POINT ( 'NONE',  ( 16.00000000000000700, -22.50000000000001100, 13.00000000000000000 ) ) ;
#882 = DIRECTION ( 'NONE',  ( -1.000000000000000000, 0.0000000000000000000, 0.0000000000000000000 ) ) ;
#883 = DIRECTION ( 'NONE',  ( -1.000000000000000000, 0.0000000000000000000, 0.0000000000000000000 ) ) ;
#884 = FACE_OUTER_BOUND ( 'NONE', #1466, .T. ) ;
#885 = EDGE_CURVE ( 'NONE', #1733, #1706, #1375, .T. ) ;
#886 = DIRECTION ( 'NONE',  ( -0.0000000000000000000, -0.0000000000000000000, 1.000000000000000000 ) ) ;
#887 = AXIS2_PLACEMENT_3D ( 'NONE', #12, #179, #1309 ) ;
#888 = CARTESIAN_POINT ( 'NONE',  ( -24.00000000000000400, -17.00000000000000400, 0.0000000000000000000 ) ) ;
#889 = CARTESIAN_POINT ( 'NONE',  ( 4.000000000000000000, -22.50000000000001400, 13.00000000000000000 ) ) ;
#890 = ORIENTED_EDGE ( 'NONE', *, *, #1852, .F. ) ;
#891 = VECTOR ( 'NONE', #1521, 1000.000000000000000 ) ;
#892 = CARTESIAN_POINT ( 'NONE',  ( -5.828427124746194300, 14.99999999999999100, 2.724841289362891100 ) ) ;
#893 = ORIENTED_EDGE ( 'NONE', *, *, #823, .T. ) ;
#894 = ORIENTED_EDGE ( 'NONE', *, *, #1060, .F. ) ;
#895 = CARTESIAN_POINT ( 'NONE',  ( -21.97726928186800800, -4.000000000000076400, 12.77999999999999900 ) ) ;
#896 = DIRECTION ( 'NONE',  ( 0.0000000000000000000, 0.5240974256643325900, 0.8516583167045451700 ) ) ;
#897 = VERTEX_POINT ( 'NONE', #371 ) ;
#898 = FACE_OUTER_BOUND ( 'NONE', #661, .T. ) ;
#899 = ORIENTED_EDGE ( 'NONE', *, *, #224, .F. ) ;
#900 = CARTESIAN_POINT ( 'NONE',  ( -5.000000000000003600, 14.17157287525379900, 2.652363307390225500 ) ) ;
#901 = EDGE_CURVE ( 'NONE', #1728, #878, #1850, .T. ) ;
#902 = VERTEX_POINT ( 'NONE', #1202 ) ;
#903 = CARTESIAN_POINT ( 'NONE',  ( 22.50000000000000000, 4.000000000000079000, 13.00000000000000000 ) ) ;
#904 = PERSON_AND_ORGANIZATION_ROLE ( 'creator' ) ;
#905 = DIRECTION ( 'NONE',  ( 0.0000000000000000000, 0.9961946980917457700, 0.08715574274765487700 ) ) ;
#906 = VECTOR ( 'NONE', #187, 1000.000000000000000 ) ;
#907 = VECTOR ( 'NONE', #448, 1000.000000000000000 ) ;
#908 = FACE_OUTER_BOUND ( 'NONE', #1389, .T. ) ;
#909 = EDGE_CURVE ( 'NONE', #1733, #648, #1954, .T. ) ;
#910 = CARTESIAN_POINT ( 'NONE',  ( 0.0000000000000000000, 0.0000000000000000000, 1.499999999999999600 ) ) ;
#911 = DIRECTION ( 'NONE',  ( 0.0000000000000000000, 0.0000000000000000000, -1.000000000000000000 ) ) ;
#912 = AXIS2_PLACEMENT_3D ( 'NONE', #190, #526, #516 ) ;
#913 = COORDINATED_UNIVERSAL_TIME_OFFSET ( 1, 0, .AHEAD. ) ;
#914 = DIRECTION ( 'NONE',  ( -1.000000000000000000, 0.0000000000000000000, 0.0000000000000000000 ) ) ;
#915 = APPROVAL_STATUS ( 'not_yet_approved' ) ;
#916 = CIRCLE ( 'NONE', #711, 6.499999999999999100 ) ;
#917 = ADVANCED_FACE ( 'NONE', ( #908 ), #1515, .F. ) ;
#918 = ORIENTED_EDGE ( 'NONE', *, *, #104, .F. ) ;
#919 = ORIENTED_EDGE ( 'NONE', *, *, #1699, .T. ) ;
#920 = VERTEX_POINT ( 'NONE', #218 ) ;
#921 = EDGE_CURVE ( 'NONE', #1860, #405, #1034, .T. ) ;
#922 = ORIENTED_EDGE ( 'NONE', *, *, #1969, .F. ) ;
#923 = DIRECTION ( 'NONE',  ( 0.0000000000000000000, 0.0000000000000000000, 1.000000000000000000 ) ) ;
#924 = VERTEX_POINT ( 'NONE', #725 ) ;
#925 = EDGE_CURVE ( 'NONE', #1492, #681, #600, .T. ) ;
#926 = DIRECTION ( 'NONE',  ( -2.312964634635743000E-016, 1.000000000000000000, 0.0000000000000000000 ) ) ;
#927 = DIRECTION ( 'NONE',  ( 0.0000000000000000000, 0.0000000000000000000, -1.000000000000000000 ) ) ;
#928 = AXIS2_PLACEMENT_3D ( 'NONE', #1006, #698, #1845 ) ;
#929 = ADVANCED_FACE ( 'NONE', ( #1876 ), #1679, .T. ) ;
#930 = LINE ( 'NONE', #1373, #1317 ) ;
#931 = DIRECTION ( 'NONE',  ( 1.000000000000000000, 0.0000000000000000000, 0.0000000000000000000 ) ) ;
#932 = VECTOR ( 'NONE', #1616, 1000.000000000000000 ) ;
#933 = CARTESIAN_POINT ( 'NONE',  ( -4.999999999999996400, -13.00000000000000900, 1.500000000000001300 ) ) ;
#934 = CARTESIAN_POINT ( 'NONE',  ( 22.50000000000000700, -16.00000000000001800, -57.33961030678927500 ) ) ;
#935 = CARTESIAN_POINT ( 'NONE',  ( -4.999999999999998200, -14.17157287525381700, 2.652363307390225500 ) ) ;
#936 = EDGE_CURVE ( 'NONE', #1833, #1364, #1671, .T. ) ;
#937 = DIRECTION ( 'NONE',  ( 1.000000000000000000, 0.0000000000000000000, 0.0000000000000000000 ) ) ;
#938 = ADVANCED_FACE ( 'NONE', ( #597 ), #1005, .F. ) ;
#939 = ORIENTED_EDGE ( 'NONE', *, *, #361, .T. ) ;
#940 = VERTEX_POINT ( 'NONE', #715 ) ;
#941 = CARTESIAN_POINT ( 'NONE',  ( -20.49999999999998900, -1.000000000000000900, 1.499999999999999600 ) ) ;
#942 = EDGE_LOOP ( 'NONE', ( #1579, #275, #178, #1558 ) ) ;
#943 = VERTEX_POINT ( 'NONE', #2014 ) ;
#944 = ORIENTED_EDGE ( 'NONE', *, *, #1367, .T. ) ;
#945 = CARTESIAN_POINT ( 'NONE',  ( 7.000000000000006200, 14.99999999999999300, 2.724841289362890200 ) ) ;
#946 = VERTEX_POINT ( 'NONE', #223 ) ;
#947 = CARTESIAN_POINT ( 'NONE',  ( 0.0000000000000000000, 0.0000000000000000000, 0.0000000000000000000 ) ) ;
#948 = ORIENTED_EDGE ( 'NONE', *, *, #1074, .F. ) ;
#949 = EDGE_CURVE ( 'NONE', #1174, #317, #1646, .T. ) ;
#950 = CARTESIAN_POINT ( 'NONE',  ( -6.999999999999995600, -15.00000000000000900, 1.500000000000001300 ) ) ;
#951 = FACE_OUTER_BOUND ( 'NONE', #1487, .T. ) ;
#952 = CARTESIAN_POINT ( 'NONE',  ( 16.99999999999999600, 17.00000000000000400, 0.0000000000000000000 ) ) ;
#953 = AXIS2_PLACEMENT_3D ( 'NONE', #420, #455, #2026 ) ;
#954 = VECTOR ( 'NONE', #1714, 1000.000000000000000 ) ;
#955 = LINE ( 'NONE', #2072, #2025 ) ;
#956 = VECTOR ( 'NONE', #1803, 1000.000000000000000 ) ;
#957 = CIRCLE ( 'NONE', #1062, 2.000000000000000000 ) ;
#958 = CARTESIAN_POINT ( 'NONE',  ( 10.00000000000000400, 14.99999999999999500, 1.500000000000001300 ) ) ;
#959 = DIRECTION ( 'NONE',  ( 0.0000000000000000000, -0.0000000000000000000, 1.000000000000000000 ) ) ;
#960 = CARTESIAN_POINT ( 'NONE',  ( -12.00000000000000000, -0.9999999999999800200, 1.500000000000001300 ) ) ;
#961 = EDGE_CURVE ( 'NONE', #385, #1729, #414, .T. ) ;
#962 = ORIENTED_EDGE ( 'NONE', *, *, #1906, .F. ) ;
#963 = VECTOR ( 'NONE', #720, 1000.000000000000000 ) ;
#964 = DIRECTION ( 'NONE',  ( -3.491481338843133400E-015, 1.000000000000000000, 0.0000000000000000000 ) ) ;
#965 = VERTEX_POINT ( 'NONE', #1376 ) ;
#966 = EDGE_CURVE ( 'NONE', #1025, #1881, #1717, .T. ) ;
#967 = LINE ( 'NONE', #1337, #607 ) ;
#968 = ORIENTED_EDGE ( 'NONE', *, *, #966, .T. ) ;
#969 = FACE_OUTER_BOUND ( 'NONE', #1949, .T. ) ;
#970 = CARTESIAN_POINT ( 'NONE',  ( -21.97726928186803600, 3.999999999999923600, 12.77999999999999900 ) ) ;
#971 = VERTEX_POINT ( 'NONE', #549 ) ;
#972 = VERTEX_POINT ( 'NONE', #1223 ) ;
#973 = DIRECTION ( 'NONE',  ( -0.0000000000000000000, 0.0000000000000000000, -1.000000000000000000 ) ) ;
#974 = ORIENTED_EDGE ( 'NONE', *, *, #2107, .F. ) ;
#975 = ORIENTED_EDGE ( 'NONE', *, *, #480, .F. ) ;
#976 = CARTESIAN_POINT ( 'NONE',  ( -4.000000000000000000, 0.0000000000000000000, 0.0000000000000000000 ) ) ;
#977 = EDGE_CURVE ( 'NONE', #1201, #555, #863, .T. ) ;
#978 = CARTESIAN_POINT ( 'NONE',  ( 4.000000000000000000, -22.50000000000001100, 12.20000000000000300 ) ) ;
#979 = AXIS2_PLACEMENT_3D ( 'NONE', #1467, #1929, #133 ) ;
#980 = DIRECTION ( 'NONE',  ( 0.0000000000000000000, 0.9961946980917457700, 0.08715574274765487700 ) ) ;
#981 = LINE ( 'NONE', #1978, #1472 ) ;
#982 = PLANE ( 'NONE',  #1952 ) ;
#983 = CC_DESIGN_PERSON_AND_ORGANIZATION_ASSIGNMENT ( #1350, #1230, ( #1965 ) ) ;
#984 = CARTESIAN_POINT ( 'NONE',  ( 23.99999999999999600, -23.99999999999999600, 13.00000000000000000 ) ) ;
#985 = ORIENTED_EDGE ( 'NONE', *, *, #1906, .T. ) ;
#986 = VECTOR ( 'NONE', #1839, 1000.000000000000000 ) ;
#987 = CARTESIAN_POINT ( 'NONE',  ( 23.99999999999999600, 17.00000000000000400, 0.0000000000000000000 ) ) ;
#988 = EDGE_CURVE ( 'NONE', #1860, #2067, #1399, .T. ) ;
#989 = ADVANCED_FACE ( 'NONE', ( #1184 ), #1077, .T. ) ;
#990 = PLANE ( 'NONE',  #1114 ) ;
#991 = AXIS2_PLACEMENT_3D ( 'NONE', #970, #310, #792 ) ;
#992 = ORIENTED_EDGE ( 'NONE', *, *, #100, .F. ) ;
#993 = ORIENTED_EDGE ( 'NONE', *, *, #535, .F. ) ;
#994 = ORIENTED_EDGE ( 'NONE', *, *, #1491, .T. ) ;
#995 = AXIS2_PLACEMENT_3D ( 'NONE', #1916, #437, #914 ) ;
#996 = CARTESIAN_POINT ( 'NONE',  ( 23.99999999999999600, -23.99999999999999600, 13.00000000000000000 ) ) ;
#997 = CARTESIAN_POINT ( 'NONE',  ( -24.00000000000000400, -24.00000000000000400, 0.0000000000000000000 ) ) ;
#998 = ORIENTED_EDGE ( 'NONE', *, *, #518, .T. ) ;
#999 = DIRECTION ( 'NONE',  ( -1.000000000000000000, -0.0000000000000000000, -0.0000000000000000000 ) ) ;
#1000 = CARTESIAN_POINT ( 'NONE',  ( 0.0000000000000000000, 0.0000000000000000000, 6.299999999999998900 ) ) ;
#1001 = DIRECTION ( 'NONE',  ( -0.0000000000000000000, 1.000000000000000000, 0.0000000000000000000 ) ) ;
#1002 = LINE ( 'NONE', #1649, #1794 ) ;
#1003 = EDGE_CURVE ( 'NONE', #506, #587, #1566, .T. ) ;
#1004 = CARTESIAN_POINT ( 'NONE',  ( -4.000000000000000000, 21.97726928186802200, 13.00000000000000000 ) ) ;
#1005 = CYLINDRICAL_SURFACE ( 'NONE', #538, 2.000000000000000000 ) ;
#1006 = CARTESIAN_POINT ( 'NONE',  ( 16.99999999999999600, 17.00000000000000400, 13.00000000000000000 ) ) ;
#1007 = VECTOR ( 'NONE', #1143, 1000.000000000000000 ) ;
#1008 = VECTOR ( 'NONE', #1821, 1000.000000000000000 ) ;
#1009 = CARTESIAN_POINT ( 'NONE',  ( 12.00000000000000400, -13.00000000000000900, 2.549863962311050200 ) ) ;
#1010 = DIRECTION ( 'NONE',  ( 0.0000000000000000000, -0.0000000000000000000, 1.000000000000000000 ) ) ;
#1011 = LINE ( 'NONE', #2052, #1979 ) ;
#1012 = EDGE_LOOP ( 'NONE', ( #1079, #1483, #1709, #1416, #583, #2089, #1322, #1225, #1151, #1357, #697, #744, #1557, #1787, #2069, #1022, #1731, #160, #1809, #1403, #1462, #400, #890, #1862, #659, #2015, #521, #2012 ) ) ;
#1013 = DATE_AND_TIME ( #1601, #346 ) ;
#1014 = CARTESIAN_POINT ( 'NONE',  ( 5.000000000000004400, 12.99999999999999500, 2.724841289362893300 ) ) ;
#1015 = ORIENTED_EDGE ( 'NONE', *, *, #1393, .F. ) ;
#1016 = CARTESIAN_POINT ( 'NONE',  ( -9.999999999999996400, -13.00000000000001100, 1.500000000000001300 ) ) ;
#1017 = ORIENTED_EDGE ( 'NONE', *, *, #1647, .T. ) ;
#1018 = ORIENTED_EDGE ( 'NONE', *, *, #1491, .F. ) ;
#1019 = DIRECTION ( 'NONE',  ( 1.000000000000000000, 1.084202172485504600E-016, 0.0000000000000000000 ) ) ;
#1020 = EDGE_CURVE ( 'NONE', #1246, #506, #236, .T. ) ;
#1021 = VERTEX_POINT ( 'NONE', #255 ) ;
#1022 = ORIENTED_EDGE ( 'NONE', *, *, #652, .T. ) ;
#1023 = DIRECTION ( 'NONE',  ( -1.000000000000000000, 0.0000000000000000000, 0.0000000000000000000 ) ) ;
#1024 = AXIS2_PLACEMENT_3D ( 'NONE', #96, #1066, #1208 ) ;
#1025 = VERTEX_POINT ( 'NONE', #87 ) ;
#1026 = ORIENTED_EDGE ( 'NONE', *, *, #1948, .F. ) ;
#1027 = CARTESIAN_POINT ( 'NONE',  ( 21.20000000000002800, -3.999999999999926300, 13.00000000000000500 ) ) ;
#1028 = VERTEX_POINT ( 'NONE', #1712 ) ;
#1029 = CARTESIAN_POINT ( 'NONE',  ( 16.99999999999999600, 24.00000000000000400, 13.00000000000000000 ) ) ;
#1030 = EDGE_CURVE ( 'NONE', #1385, #128, #86, .T. ) ;
#1031 = VECTOR ( 'NONE', #1564, 1000.000000000000000 ) ;
#1032 = EDGE_CURVE ( 'NONE', #407, #1203, #513, .T. ) ;
#1033 = VECTOR ( 'NONE', #486, 1000.000000000000000 ) ;
#1034 = LINE ( 'NONE', #1532, #1345 ) ;
#1035 = DIRECTION ( 'NONE',  ( 1.000000000000000000, 0.0000000000000000000, -0.0000000000000000000 ) ) ;
#1036 = DIRECTION ( 'NONE',  ( 1.000000000000000000, 0.0000000000000000000, 0.0000000000000000000 ) ) ;
#1037 = AXIS2_PLACEMENT_3D ( 'NONE', #60, #80, #730 ) ;
#1038 = CARTESIAN_POINT ( 'NONE',  ( -4.000000000000000000, -22.50000000000001400, 13.00000000000000000 ) ) ;
#1039 = CARTESIAN_POINT ( 'NONE',  ( -15.99999999999998600, -22.50000000000001400, -57.33961030678927500 ) ) ;
#1040 = ORIENTED_EDGE ( 'NONE', *, *, #734, .T. ) ;
#1041 = CIRCLE ( 'NONE', #1147, 6.999999999999999100 ) ;
#1042 = DIRECTION ( 'NONE',  ( -1.000000000000000000, 0.0000000000000000000, 0.0000000000000000000 ) ) ;
#1043 =( BOUNDED_CURVE ( )  B_SPLINE_CURVE ( 3, ( #1680, #560, #1846, #365 ),
 .UNSPECIFIED., .F., .F. ) 
 B_SPLINE_CURVE_WITH_KNOTS ( ( 4, 4 ),
 ( 3.141592653589792200, 4.712388980384689700 ),
 .UNSPECIFIED. ) 
 CURVE ( )  GEOMETRIC_REPRESENTATION_ITEM ( )  RATIONAL_B_SPLINE_CURVE ( ( 1.000000000000000000, 0.8047378541243648300, 0.8047378541243648300, 1.000000000000000000 ) ) 
 REPRESENTATION_ITEM ( '' )  );
#1044 = ORIENTED_EDGE ( 'NONE', *, *, #1793, .T. ) ;
#1045 = EDGE_LOOP ( 'NONE', ( #2071, #225, #79, #874, #23 ) ) ;
#1046 = DIRECTION ( 'NONE',  ( -1.000000000000000000, 0.0000000000000000000, 0.0000000000000000000 ) ) ;
#1047 = DIRECTION ( 'NONE',  ( -2.168404344971008400E-016, 1.000000000000000000, 0.0000000000000000000 ) ) ;
#1048 = EDGE_CURVE ( 'NONE', #121, #1149, #813, .T. ) ;
#1049 = ORIENTED_EDGE ( 'NONE', *, *, #1895, .T. ) ;
#1050 = CARTESIAN_POINT ( 'NONE',  ( -4.000000000000000000, 22.49999999999999300, 13.00000000000000000 ) ) ;
#1051 = EDGE_LOOP ( 'NONE', ( #1891, #1631, #2064, #993 ) ) ;
#1052 = CARTESIAN_POINT ( 'NONE',  ( -4.000000000000000000, 21.19999999999999200, 13.00000000000000000 ) ) ;
#1053 = ORIENTED_EDGE ( 'NONE', *, *, #1782, .F. ) ;
#1054 = CARTESIAN_POINT ( 'NONE',  ( -5.000000000000000900, -13.00000000000001100, 2.549863962311050200 ) ) ;
#1055 = DIRECTION ( 'NONE',  ( 0.0000000000000000000, 0.0000000000000000000, 1.000000000000000000 ) ) ;
#1056 = DIRECTION ( 'NONE',  ( 1.000000000000000000, -0.0000000000000000000, -0.0000000000000000000 ) ) ;
#1057 = VECTOR ( 'NONE', #43, 1000.000000000000000 ) ;
#1058 = VECTOR ( 'NONE', #1853, 1000.000000000000000 ) ;
#1059 = VECTOR ( 'NONE', #1730, 1000.000000000000000 ) ;
#1060 = EDGE_CURVE ( 'NONE', #326, #592, #757, .T. ) ;
#1061 = FACE_OUTER_BOUND ( 'NONE', #576, .T. ) ;
#1062 = AXIS2_PLACEMENT_3D ( 'NONE', #1133, #286, #1438 ) ;
#1063 = PERSON_AND_ORGANIZATION_ROLE ( 'design_supplier' ) ;
#1064 = ORIENTED_EDGE ( 'NONE', *, *, #1752, .T. ) ;
#1065 = PERSON_AND_ORGANIZATION ( #2113, #738 ) ;
#1066 = DIRECTION ( 'NONE',  ( 1.000000000000000000, 0.0000000000000000000, 0.0000000000000000000 ) ) ;
#1067 = ADVANCED_FACE ( 'NONE', ( #140 ), #1705, .T. ) ;
#1068 = LINE ( 'NONE', #563, #1727 ) ;
#1069 = ORIENTED_EDGE ( 'NONE', *, *, #2016, .T. ) ;
#1070 = VERTEX_POINT ( 'NONE', #246 ) ;
#1071 = DIRECTION ( 'NONE',  ( 2.880203882372298800E-016, -0.9961946980917457700, 0.08715574274765487700 ) ) ;
#1072 = UNCERTAINTY_MEASURE_WITH_UNIT (LENGTH_MEASURE( 1.000000000000000100E-005 ), #761, 'distance_accuracy_value', 'NONE');
#1073 = ORIENTED_EDGE ( 'NONE', *, *, #276, .F. ) ;
#1074 = EDGE_CURVE ( 'NONE', #800, #1246, #1984, .T. ) ;
#1075 = VERTEX_POINT ( 'NONE', #559 ) ;
#1076 = FACE_OUTER_BOUND ( 'NONE', #1758, .T. ) ;
#1077 = PLANE ( 'NONE',  #1024 ) ;
#1078 = AXIS2_PLACEMENT_3D ( 'NONE', #511, #537, #1182 ) ;
#1079 = ORIENTED_EDGE ( 'NONE', *, *, #1824, .F. ) ;
#1080 = CARTESIAN_POINT ( 'NONE',  ( 16.99999999999999600, 24.00000000000000400, 13.00000000000000000 ) ) ;
#1081 = VERTEX_POINT ( 'NONE', #572 ) ;
#1082 = ADVANCED_FACE ( 'NONE', ( #570 ), #1888, .F. ) ;
#1083 = APPROVAL_STATUS ( 'not_yet_approved' ) ;
#1084 = VECTOR ( 'NONE', #418, 1000.000000000000000 ) ;
#1085 = CARTESIAN_POINT ( 'NONE',  ( 21.97726928186806500, -3.999999999999923600, 13.00000000000000000 ) ) ;
#1086 = MECHANICAL_CONTEXT ( 'NONE', #2040, 'mechanical' ) ;
#1087 = VECTOR ( 'NONE', #591, 1000.000000000000000 ) ;
#1088 = FACE_OUTER_BOUND ( 'NONE', #1990, .T. ) ;
#1089 = VERTEX_POINT ( 'NONE', #1054 ) ;
#1090 = EDGE_CURVE ( 'NONE', #772, #229, #1999, .T. ) ;
#1091 = LINE ( 'NONE', #421, #1798 ) ;
#1092 = ADVANCED_FACE ( 'NONE', ( #261 ), #1390, .F. ) ;
#1093 = AXIS2_PLACEMENT_3D ( 'NONE', #976, #2114, #1139 ) ;
#1094 = VERTEX_POINT ( 'NONE', #232 ) ;
#1095 = VECTOR ( 'NONE', #1674, 1000.000000000000000 ) ;
#1096 = DIRECTION ( 'NONE',  ( -0.0000000000000000000, 1.000000000000000000, -0.0000000000000000000 ) ) ;
#1097 = ORIENTED_EDGE ( 'NONE', *, *, #1032, .T. ) ;
#1098 = ORIENTED_EDGE ( 'NONE', *, *, #1312, .F. ) ;
#1099 = DIRECTION ( 'NONE',  ( -0.0000000000000000000, 0.0000000000000000000, 1.000000000000000000 ) ) ;
#1100 = CARTESIAN_POINT ( 'NONE',  ( -6.999999999999995600, -15.00000000000000900, 1.500000000000001300 ) ) ;
#1101 = EDGE_CURVE ( 'NONE', #1125, #972, #1951, .T. ) ;
#1102 = ORIENTED_EDGE ( 'NONE', *, *, #1407, .F. ) ;
#1103 = ORIENTED_EDGE ( 'NONE', *, *, #1003, .T. ) ;
#1104 = DIRECTION ( 'NONE',  ( 0.0000000000000000000, 0.0000000000000000000, 1.000000000000000000 ) ) ;
#1105 = AXIS2_PLACEMENT_3D ( 'NONE', #1039, #875, #542 ) ;
#1106 = CARTESIAN_POINT ( 'NONE',  ( -4.000000000000000000, -21.97726928186805000, 13.00000000000000200 ) ) ;
#1107 = PLANE ( 'NONE',  #291 ) ;
#1108 = ADVANCED_FACE ( 'NONE', ( #1447 ), #1107, .F. ) ;
#1109 = VECTOR ( 'NONE', #1915, 1000.000000000000000 ) ;
#1110 = VECTOR ( 'NONE', #886, 1000.000000000000000 ) ;
#1111 = LINE ( 'NONE', #1100, #1087 ) ;
#1112 = CYLINDRICAL_SURFACE ( 'NONE', #77, 0.2200000000000014400 ) ;
#1113 = CARTESIAN_POINT ( 'NONE',  ( -6.999999999999995600, -15.00000000000001100, 2.724841289362891500 ) ) ;
#1114 = AXIS2_PLACEMENT_3D ( 'NONE', #1640, #1813, #482 ) ;
#1115 = CARTESIAN_POINT ( 'NONE',  ( -21.97726928186802200, -7.673322557637264900E-014, 12.77999999999999900 ) ) ;
#1116 = ORIENTED_EDGE ( 'NONE', *, *, #1711, .F. ) ;
#1117 = EDGE_LOOP ( 'NONE', ( #893, #1258, #48, #846 ) ) ;
#1118 = CARTESIAN_POINT ( 'NONE',  ( 4.000000000000000000, -21.86196784822189400, 12.59263517032500000 ) ) ;
#1119 = VECTOR ( 'NONE', #650, 1000.000000000000000 ) ;
#1120 = CARTESIAN_POINT ( 'NONE',  ( 16.99999999999999600, -16.99999999999999600, 0.0000000000000000000 ) ) ;
#1121 = ADVANCED_FACE ( 'NONE', ( #185 ), #1907, .F. ) ;
#1122 = VERTEX_POINT ( 'NONE', #945 ) ;
#1123 = CARTESIAN_POINT ( 'NONE',  ( -20.49999999999998900, -1.000000000000000000, 1.500000000000001300 ) ) ;
#1124 = ORIENTED_EDGE ( 'NONE', *, *, #387, .F. ) ;
#1125 = VERTEX_POINT ( 'NONE', #1570 ) ;
#1126 = CARTESIAN_POINT ( 'NONE',  ( 23.99999999999999600, 17.00000000000000400, 13.00000000000000000 ) ) ;
#1127 = ORIENTED_EDGE ( 'NONE', *, *, #1384, .T. ) ;
#1128 = VECTOR ( 'NONE', #368, 1000.000000000000000 ) ;
#1129 = PLANE ( 'NONE',  #151 ) ;
#1130 = ORIENTED_EDGE ( 'NONE', *, *, #1575, .T. ) ;
#1131 = EDGE_CURVE ( 'NONE', #1530, #1, #651, .T. ) ;
#1132 = CARTESIAN_POINT ( 'NONE',  ( 4.000000000000000000, 22.49999999999999300, 13.00000000000000000 ) ) ;
#1133 = CARTESIAN_POINT ( 'NONE',  ( -10.00000000000000400, 12.99999999999999100, 1.500000000000001300 ) ) ;
#1134 = DIRECTION ( 'NONE',  ( 0.0000000000000000000, -0.8516583167045436200, -0.5240974256643351500 ) ) ;
#1135 = LINE ( 'NONE', #1992, #391 ) ;
#1136 = VECTOR ( 'NONE', #68, 1000.000000000000000 ) ;
#1137 = VECTOR ( 'NONE', #831, 1000.000000000000000 ) ;
#1138 = FACE_OUTER_BOUND ( 'NONE', #107, .T. ) ;
#1139 = DIRECTION ( 'NONE',  ( 0.0000000000000000000, 0.0000000000000000000, -1.000000000000000000 ) ) ;
#1140 = DIRECTION ( 'NONE',  ( 0.0000000000000000000, 1.000000000000000000, 0.0000000000000000000 ) ) ;
#1141 = EDGE_CURVE ( 'NONE', #1962, #965, #955, .T. ) ;
#1142 = CIRCLE ( 'NONE', #353, 6.499999999999999100 ) ;
#1143 = DIRECTION ( 'NONE',  ( 0.0000000000000000000, -0.0000000000000000000, -1.000000000000000000 ) ) ;
#1144 = ORIENTED_EDGE ( 'NONE', *, *, #206, .T. ) ;
#1145 = EDGE_CURVE ( 'NONE', #613, #73, #214, .T. ) ;
#1146 = LINE ( 'NONE', #1154, #1095 ) ;
#1147 = AXIS2_PLACEMENT_3D ( 'NONE', #828, #1801, #1316 ) ;
#1148 = DIRECTION ( 'NONE',  ( 1.000000000000000000, 0.0000000000000000000, 0.0000000000000000000 ) ) ;
#1149 = VERTEX_POINT ( 'NONE', #1264 ) ;
#1150 = ORIENTED_EDGE ( 'NONE', *, *, #259, .F. ) ;
#1151 = ORIENTED_EDGE ( 'NONE', *, *, #1932, .F. ) ;
#1152 = CARTESIAN_POINT ( 'NONE',  ( 7.000000000000003600, 14.99999999999999300, 1.500000000000001300 ) ) ;
#1153 = ORIENTED_EDGE ( 'NONE', *, *, #1475, .T. ) ;
#1154 = CARTESIAN_POINT ( 'NONE',  ( -12.00000000000000400, 14.99999999999999100, 1.500000000000001300 ) ) ;
#1155 = EDGE_CURVE ( 'NONE', #1912, #1562, #1770, .T. ) ;
#1156 = CARTESIAN_POINT ( 'NONE',  ( -17.00000000000000400, 23.99999999999999600, 13.00000000000000000 ) ) ;
#1157 = PLANE ( 'NONE',  #1198 ) ;
#1158 = CARTESIAN_POINT ( 'NONE',  ( -4.000000000000000000, 22.49999999999999300, 12.20000000000000500 ) ) ;
#1159 = CYLINDRICAL_SURFACE ( 'NONE', #1286, 0.2199999999999997000 ) ;
#1160 = LINE ( 'NONE', #1437, #907 ) ;
#1161 = CARTESIAN_POINT ( 'NONE',  ( 7.000000000000004400, 12.99999999999999500, 1.500000000000001300 ) ) ;
#1162 = DIRECTION ( 'NONE',  ( -1.000000000000000000, 0.0000000000000000000, 0.0000000000000000000 ) ) ;
#1163 = CIRCLE ( 'NONE', #508, 6.499999999999999100 ) ;
#1164 = VERTEX_POINT ( 'NONE', #262 ) ;
#1165 = PLANE ( 'NONE',  #1935 ) ;
#1166 = VECTOR ( 'NONE', #238, 1000.000000000000000 ) ;
#1167 = EDGE_CURVE ( 'NONE', #2087, #1094, #1823, .T. ) ;
#1168 = ORIENTED_EDGE ( 'NONE', *, *, #1524, .F. ) ;
#1169 = FACE_OUTER_BOUND ( 'NONE', #1484, .T. ) ;
#1170 = AXIS2_PLACEMENT_3D ( 'NONE', #509, #24, #484 ) ;
#1171 = ORIENTED_EDGE ( 'NONE', *, *, #1837, .F. ) ;
#1172 = VECTOR ( 'NONE', #615, 1000.000000000000000 ) ;
#1173 = ORIENTED_EDGE ( 'NONE', *, *, #159, .F. ) ;
#1174 = VERTEX_POINT ( 'NONE', #1755 ) ;
#1175 = AXIS2_PLACEMENT_3D ( 'NONE', #1392, #1378, #1036 ) ;
#1176 = CARTESIAN_POINT ( 'NONE',  ( 16.99999999999999600, -23.99999999999999600, 13.00000000000000000 ) ) ;
#1177 = EDGE_LOOP ( 'NONE', ( #638, #177, #1103 ) ) ;
#1178 = VERTEX_POINT ( 'NONE', #1577 ) ;
#1179 = DIRECTION ( 'NONE',  ( 0.0000000000000000000, 0.0000000000000000000, 1.000000000000000000 ) ) ;
#1180 = EDGE_CURVE ( 'NONE', #592, #1881, #2076, .T. ) ;
#1181 = DIRECTION ( 'NONE',  ( 0.0000000000000000000, -0.0000000000000000000, 1.000000000000000000 ) ) ;
#1182 = DIRECTION ( 'NONE',  ( -1.000000000000000000, 0.0000000000000000000, 0.0000000000000000000 ) ) ;
#1183 = VECTOR ( 'NONE', #1654, 1000.000000000000100 ) ;
#1184 = FACE_OUTER_BOUND ( 'NONE', #126, .T. ) ;
#1185 = DIRECTION ( 'NONE',  ( -1.000000000000000000, 0.0000000000000000000, 0.0000000000000000000 ) ) ;
#1186 = VECTOR ( 'NONE', #999, 1000.000000000000000 ) ;
#1187 = VECTOR ( 'NONE', #318, 1000.000000000000000 ) ;
#1188 = DIRECTION ( 'NONE',  ( -0.0000000000000000000, -0.0000000000000000000, -1.000000000000000000 ) ) ;
#1189 = DIRECTION ( 'NONE',  ( -3.491481338843133400E-015, 1.000000000000000000, 0.0000000000000000000 ) ) ;
#1190 = CARTESIAN_POINT ( 'NONE',  ( -11.99999999999999600, -13.00000000000001100, 2.549863962311050600 ) ) ;
#1191 = VECTOR ( 'NONE', #664, 1000.000000000000000 ) ;
#1192 = DIRECTION ( 'NONE',  ( 0.0000000000000000000, -1.000000000000000000, 0.0000000000000000000 ) ) ;
#1193 = LINE ( 'NONE', #11, #1319 ) ;
#1194 = EDGE_CURVE ( 'NONE', #1459, #16, #1290, .T. ) ;
#1195 = ORIENTED_EDGE ( 'NONE', *, *, #369, .F. ) ;
#1196 = ORIENTED_EDGE ( 'NONE', *, *, #1321, .F. ) ;
#1197 = CARTESIAN_POINT ( 'NONE',  ( -4.000000000000000000, -21.97726928186805000, 12.77999999999999900 ) ) ;
#1198 = AXIS2_PLACEMENT_3D ( 'NONE', #1815, #459, #507 ) ;
#1199 = ORIENTED_EDGE ( 'NONE', *, *, #1294, .T. ) ;
#1200 = CARTESIAN_POINT ( 'NONE',  ( -15.99999999999999300, 22.49999999999999300, 13.00000000000000000 ) ) ;
#1201 = VERTEX_POINT ( 'NONE', #950 ) ;
#1202 = CARTESIAN_POINT ( 'NONE',  ( 5.000000000000004400, -13.00000000000000700, 1.500000000000001300 ) ) ;
#1203 = VERTEX_POINT ( 'NONE', #595 ) ;
#1204 = DIRECTION ( 'NONE',  ( 1.000000000000000000, 3.942553354492717800E-015, 0.0000000000000000000 ) ) ;
#1205 = CARTESIAN_POINT ( 'NONE',  ( 21.86196784822188000, 4.000000000000076400, 12.59263517032500000 ) ) ;
#1206 = DIRECTION ( 'NONE',  ( 0.0000000000000000000, 0.0000000000000000000, -1.000000000000000000 ) ) ;
#1207 = EDGE_CURVE ( 'NONE', #824, #878, #340, .T. ) ;
#1208 = DIRECTION ( 'NONE',  ( 0.0000000000000000000, 0.0000000000000000000, -1.000000000000000000 ) ) ;
#1209 = CARTESIAN_POINT ( 'NONE',  ( 11.99999999999998900, -1.000000000000000000, 1.500000000000001300 ) ) ;
#1210 = AXIS2_PLACEMENT_3D ( 'NONE', #859, #1683, #204 ) ;
#1211 = LINE ( 'NONE', #1513, #1928 ) ;
#1212 = FACE_OUTER_BOUND ( 'NONE', #25, .T. ) ;
#1213 = CARTESIAN_POINT ( 'NONE',  ( 12.00000000000000400, -13.00000000000000700, 1.500000000000001300 ) ) ;
#1214 = CARTESIAN_POINT ( 'NONE',  ( 20.50000000000000400, 1.000000000000000900, 1.499999999999999600 ) ) ;
#1215 = CARTESIAN_POINT ( 'NONE',  ( -5.000000000000003600, 12.99999999999999100, 1.500000000000001300 ) ) ;
#1216 = CALENDAR_DATE ( 2016, 3, 8 ) ;
#1217 = ORIENTED_EDGE ( 'NONE', *, *, #925, .F. ) ;
#1218 = APPROVAL_PERSON_ORGANIZATION ( #397, #1746, #598 ) ;
#1219 = CARTESIAN_POINT ( 'NONE',  ( 16.99999999999999600, 17.00000000000000400, 13.00000000000000000 ) ) ;
#1220 = CARTESIAN_POINT ( 'NONE',  ( 16.99999999999999600, 24.00000000000000400, 0.0000000000000000000 ) ) ;
#1221 = ORIENTED_EDGE ( 'NONE', *, *, #1512, .T. ) ;
#1222 = ORIENTED_EDGE ( 'NONE', *, *, #2000, .F. ) ;
#1223 = CARTESIAN_POINT ( 'NONE',  ( -22.49999999999999300, 3.999999999999921800, 12.20000000000000300 ) ) ;
#1224 = AXIS2_PLACEMENT_3D ( 'NONE', #166, #323, #473 ) ;
#1225 = ORIENTED_EDGE ( 'NONE', *, *, #1312, .T. ) ;
#1226 = ORIENTED_EDGE ( 'NONE', *, *, #2070, .F. ) ;
#1227 = CARTESIAN_POINT ( 'NONE',  ( -11.99999999999999600, -13.00000000000001100, 1.500000000000001300 ) ) ;
#1228 = ORIENTED_EDGE ( 'NONE', *, *, #674, .T. ) ;
#1229 = ADVANCED_FACE ( 'NONE', ( #1470 ), #111, .F. ) ;
#1230 = PERSON_AND_ORGANIZATION_ROLE ( 'classification_officer' ) ;
#1231 = VERTEX_POINT ( 'NONE', #782 ) ;
#1232 = DIRECTION ( 'NONE',  ( 0.0000000000000000000, 0.0000000000000000000, 1.000000000000000000 ) ) ;
#1233 = CIRCLE ( 'NONE', #2048, 0.2200000000000014400 ) ;
#1234 = LINE ( 'NONE', #415, #678 ) ;
#1235 = VECTOR ( 'NONE', #1410, 1000.000000000000000 ) ;
#1236 = EDGE_CURVE ( 'NONE', #1964, #454, #1160, .T. ) ;
#1237 = DIRECTION ( 'NONE',  ( 0.0000000000000000000, -0.0000000000000000000, 1.000000000000000000 ) ) ;
#1238 = LINE ( 'NONE', #1791, #1008 ) ;
#1239 = AXIS2_PLACEMENT_3D ( 'NONE', #1924, #2083, #1275 ) ;
#1240 = DIRECTION ( 'NONE',  ( 0.0000000000000000000, -0.0000000000000000000, 1.000000000000000000 ) ) ;
#1241 = DIRECTION ( 'NONE',  ( -3.491481338843133400E-015, 1.000000000000000000, -0.0000000000000000000 ) ) ;
#1242 =( NAMED_UNIT ( * ) SI_UNIT ( $, .STERADIAN. ) SOLID_ANGLE_UNIT ( ) );
#1243 = VECTOR ( 'NONE', #2030, 1000.000000000000000 ) ;
#1244 = DIRECTION ( 'NONE',  ( -1.000000000000000000, 0.0000000000000000000, 0.0000000000000000000 ) ) ;
#1245 = VECTOR ( 'NONE', #26, 1000.000000000000000 ) ;
#1246 = VERTEX_POINT ( 'NONE', #123 ) ;
#1247 = DIRECTION ( 'NONE',  ( -1.000000000000000000, 0.0000000000000000000, -0.0000000000000000000 ) ) ;
#1248 = ADVANCED_FACE ( 'NONE', ( #1212 ), #1973, .F. ) ;
#1249 = ORIENTED_EDGE ( 'NONE', *, *, #1793, .F. ) ;
#1250 = ORIENTED_EDGE ( 'NONE', *, *, #652, .F. ) ;
#1251 = EDGE_CURVE ( 'NONE', #254, #248, #289, .T. ) ;
#1252 = ORIENTED_EDGE ( 'NONE', *, *, #398, .T. ) ;
#1253 = LINE ( 'NONE', #1366, #1913 ) ;
#1254 = EDGE_CURVE ( 'NONE', #1428, #385, #1926, .T. ) ;
#1255 = ORIENTED_EDGE ( 'NONE', *, *, #921, .T. ) ;
#1256 = DIRECTION ( 'NONE',  ( -0.0000000000000000000, -0.0000000000000000000, 1.000000000000000000 ) ) ;
#1257 = DIRECTION ( 'NONE',  ( -1.000000000000000000, 0.0000000000000000000, 0.0000000000000000000 ) ) ;
#1258 = ORIENTED_EDGE ( 'NONE', *, *, #1634, .T. ) ;
#1259 = ADVANCED_FACE ( 'NONE', ( #1496 ), #811, .T. ) ;
#1260 = VECTOR ( 'NONE', #197, 1000.000000000000000 ) ;
#1261 = VECTOR ( 'NONE', #183, 1000.000000000000200 ) ;
#1262 = CARTESIAN_POINT ( 'NONE',  ( -37.06302731946521300, -17.50000000000000000, 2.943562948177692800 ) ) ;
#1263 = EDGE_CURVE ( 'NONE', #1277, #806, #219, .T. ) ;
#1264 = CARTESIAN_POINT ( 'NONE',  ( 5.000000000000004400, 12.99999999999999500, 2.549863962311048800 ) ) ;
#1265 = APPROVAL_PERSON_ORGANIZATION ( #1977, #657, #1740 ) ;
#1266 = CARTESIAN_POINT ( 'NONE',  ( -20.49999999999998900, 17.50000000000000000, 6.299999999999998900 ) ) ;
#1267 = DIRECTION ( 'NONE',  ( 3.491481338843133700E-015, -1.000000000000000000, -0.0000000000000000000 ) ) ;
#1268 = ADVANCED_FACE ( 'NONE', ( #285 ), #1157, .F. ) ;
#1269 = ORIENTED_EDGE ( 'NONE', *, *, #2079, .T. ) ;
#1270 = LOCAL_TIME ( 15, 22, 52.00000000000000000, #1501 ) ;
#1271 = CARTESIAN_POINT ( 'NONE',  ( -21.97726928186800800, -4.000000000000077300, 13.00000000000000000 ) ) ;
#1272 = DIRECTION ( 'NONE',  ( 1.000000000000000000, -0.0000000000000000000, 0.0000000000000000000 ) ) ;
#1273 = EDGE_LOOP ( 'NONE', ( #427, #1217, #1866, #1957 ) ) ;
#1274 = VERTEX_POINT ( 'NONE', #1486 ) ;
#1275 = DIRECTION ( 'NONE',  ( 1.000000000000000000, 2.478176394252581100E-016, 0.0000000000000000000 ) ) ;
#1276 = ORIENTED_EDGE ( 'NONE', *, *, #369, .T. ) ;
#1277 = VERTEX_POINT ( 'NONE', #680 ) ;
#1278 = DIRECTION ( 'NONE',  ( -2.168404344971008400E-016, 1.000000000000000000, -0.0000000000000000000 ) ) ;
#1279 = EDGE_CURVE ( 'NONE', #324, #741, #165, .T. ) ;
#1280 = EDGE_LOOP ( 'NONE', ( #294, #944, #56 ) ) ;
#1281 = CARTESIAN_POINT ( 'NONE',  ( -5.828427124746187200, -15.00000000000000900, 2.724841289362891100 ) ) ;
#1282 = ORIENTED_EDGE ( 'NONE', *, *, #1895, .F. ) ;
#1283 = CARTESIAN_POINT ( 'NONE',  ( -16.99999999999999600, -17.00000000000000400, 13.00000000000000000 ) ) ;
#1284 = ADVANCED_FACE ( 'NONE', ( #951 ), #1502, .T. ) ;
#1285 = CARTESIAN_POINT ( 'NONE',  ( 16.00000000000000700, -22.50000000000001100, 6.299999999999999800 ) ) ;
#1286 = AXIS2_PLACEMENT_3D ( 'NONE', #1197, #1023, #32 ) ;
#1287 = DIRECTION ( 'NONE',  ( 1.000000000000000000, 1.084202172485504700E-016, 0.0000000000000000000 ) ) ;
#1288 = DIRECTION ( 'NONE',  ( -1.000000000000000000, 0.0000000000000000000, 0.0000000000000000000 ) ) ;
#1289 = FACE_OUTER_BOUND ( 'NONE', #81, .T. ) ;
#1290 = LINE ( 'NONE', #453, #392 ) ;
#1291 = CARTESIAN_POINT ( 'NONE',  ( 20.50000000000000400, -20.50000000000000400, 1.499999999999999600 ) ) ;
#1292 = CYLINDRICAL_SURFACE ( 'NONE', #1713, 6.500000000000004400 ) ;
#1293 = DIRECTION ( 'NONE',  ( 0.0000000000000000000, -0.0000000000000000000, 1.000000000000000000 ) ) ;
#1294 = EDGE_CURVE ( 'NONE', #1964, #1274, #1002, .T. ) ;
#1295 = ADVANCED_FACE ( 'NONE', ( #622, #460 ), #844, .F. ) ;
#1296 = AXIS2_PLACEMENT_3D ( 'NONE', #2008, #1010, #1035 ) ;
#1297 = VECTOR ( 'NONE', #287, 1000.000000000000000 ) ;
#1298 = LINE ( 'NONE', #53, #1404 ) ;
#1299 = DIRECTION ( 'NONE',  ( 1.000000000000000000, 0.0000000000000000000, 0.0000000000000000000 ) ) ;
#1300 = FACE_OUTER_BOUND ( 'NONE', #1280, .T. ) ;
#1301 = CARTESIAN_POINT ( 'NONE',  ( -21.97726928186803600, 3.999999999999922700, 13.00000000000000000 ) ) ;
#1302 = ORIENTED_EDGE ( 'NONE', *, *, #1461, .F. ) ;
#1303 = LINE ( 'NONE', #282, #174 ) ;
#1304 = CARTESIAN_POINT ( 'NONE',  ( -4.999999999999996400, -13.00000000000000900, 2.724841289362893300 ) ) ;
#1305 = ORIENTED_EDGE ( 'NONE', *, *, #1959, .F. ) ;
#1306 = EDGE_LOOP ( 'NONE', ( #198, #1681, #716, #1490 ) ) ;
#1307 = ADVANCED_FACE ( 'NONE', ( #1970 ), #2075, .T. ) ;
#1308 = ORIENTED_EDGE ( 'NONE', *, *, #245, .F. ) ;
#1309 = DIRECTION ( 'NONE',  ( 0.0000000000000000000, 0.0000000000000000000, -1.000000000000000000 ) ) ;
#1310 = DIRECTION ( 'NONE',  ( 0.0000000000000000000, 0.0000000000000000000, 1.000000000000000000 ) ) ;
#1311 = ORIENTED_EDGE ( 'NONE', *, *, #848, .T. ) ;
#1312 = EDGE_CURVE ( 'NONE', #902, #861, #1396, .T. ) ;
#1313 = ORIENTED_EDGE ( 'NONE', *, *, #608, .T. ) ;
#1314 = DIRECTION ( 'NONE',  ( -1.000000000000000000, -1.445602896647339400E-016, 0.0000000000000000000 ) ) ;
#1315 = ORIENTED_EDGE ( 'NONE', *, *, #608, .F. ) ;
#1316 = DIRECTION ( 'NONE',  ( 1.000000000000000000, 0.0000000000000000000, 0.0000000000000000000 ) ) ;
#1317 = VECTOR ( 'NONE', #208, 1000.000000000000000 ) ;
#1318 = CARTESIAN_POINT ( 'NONE',  ( 22.50000000000000400, 15.99999999999999300, -57.33961030678927500 ) ) ;
#1319 = VECTOR ( 'NONE', #5, 1000.000000000000000 ) ;
#1320 = LINE ( 'NONE', #99, #758 ) ;
#1321 = EDGE_CURVE ( 'NONE', #648, #407, #784, .T. ) ;
#1322 = ORIENTED_EDGE ( 'NONE', *, *, #1538, .F. ) ;
#1323 = AXIS2_PLACEMENT_3D ( 'NONE', #845, #1001, #175 ) ;
#1324 = APPROVAL_PERSON_ORGANIZATION ( #1751, #1469, #2053 ) ;
#1325 = ADVANCED_FACE ( 'NONE', ( #338 ), #348, .F. ) ;
#1326 = ORIENTED_EDGE ( 'NONE', *, *, #309, .F. ) ;
#1327 = AXIS2_PLACEMENT_3D ( 'NONE', #1653, #677, #1818 ) ;
#1328 = VERTEX_POINT ( 'NONE', #958 ) ;
#1329 = ORIENTED_EDGE ( 'NONE', *, *, #2023, .T. ) ;
#1330 = ORIENTED_EDGE ( 'NONE', *, *, #224, .T. ) ;
#1331 = VECTOR ( 'NONE', #523, 1000.000000000000000 ) ;
#1332 = CARTESIAN_POINT ( 'NONE',  ( -15.99999999999999300, 22.49999999999999300, 13.00000000000000000 ) ) ;
#1333 = ORIENTED_EDGE ( 'NONE', *, *, #579, .T. ) ;
#1334 = DIRECTION ( 'NONE',  ( -0.0000000000000000000, -0.0000000000000000000, 1.000000000000000000 ) ) ;
#1335 = ORIENTED_EDGE ( 'NONE', *, *, #2056, .F. ) ;
#1336 = CARTESIAN_POINT ( 'NONE',  ( -7.000000000000002700, 14.99999999999999300, 2.724841289362890200 ) ) ;
#1337 = CARTESIAN_POINT ( 'NONE',  ( -11.99999999999999600, -15.00000000000001100, 1.500000000000001300 ) ) ;
#1338 = EDGE_CURVE ( 'NONE', #1614, #772, #1923, .T. ) ;
#1339 = DIRECTION ( 'NONE',  ( 0.0000000000000000000, -1.000000000000000000, 0.0000000000000000000 ) ) ;
#1340 = CARTESIAN_POINT ( 'NONE',  ( -37.06302731946521300, 1.000000000000000000, 1.500000000000001300 ) ) ;
#1341 = CARTESIAN_POINT ( 'NONE',  ( 23.99999999999999600, 17.00000000000000400, 13.00000000000000000 ) ) ;
#1342 = VECTOR ( 'NONE', #1904, 1000.000000000000000 ) ;
#1343 = VECTOR ( 'NONE', #278, 1000.000000000000000 ) ;
#1344 = LINE ( 'NONE', #1346, #865 ) ;
#1345 = VECTOR ( 'NONE', #1192, 1000.000000000000000 ) ;
#1346 = CARTESIAN_POINT ( 'NONE',  ( -37.06302731946521300, -1.000000000000000000, 1.500000000000001300 ) ) ;
#1347 = DATE_AND_TIME ( #1216, #517 ) ;
#1348 = DIRECTION ( 'NONE',  ( 0.8516583167045451700, 2.973549119844474600E-015, 0.5240974256643325900 ) ) ;
#1349 = DIRECTION ( 'NONE',  ( -2.168404344971008400E-016, 1.000000000000000000, -0.0000000000000000000 ) ) ;
#1350 = PERSON_AND_ORGANIZATION ( #2113, #738 ) ;
#1351 = EDGE_CURVE ( 'NONE', #920, #971, #673, .T. ) ;
#1352 = ORIENTED_EDGE ( 'NONE', *, *, #909, .F. ) ;
#1353 = VECTOR ( 'NONE', #19, 1000.000000000000000 ) ;
#1354 = CARTESIAN_POINT ( 'NONE',  ( -12.00000000000000400, 12.99999999999999300, 2.549863962311048800 ) ) ;
#1355 = AXIS2_PLACEMENT_3D ( 'NONE', #1498, #858, #327 ) ;
#1356 = ORIENTED_EDGE ( 'NONE', *, *, #909, .T. ) ;
#1357 = ORIENTED_EDGE ( 'NONE', *, *, #754, .T. ) ;
#1358 = CARTESIAN_POINT ( 'NONE',  ( 5.000000000000004400, -15.00000000000000700, -29.30584360149872900 ) ) ;
#1359 = ORIENTED_EDGE ( 'NONE', *, *, #885, .F. ) ;
#1360 = ORIENTED_EDGE ( 'NONE', *, *, #222, .T. ) ;
#1361 = DIRECTION ( 'NONE',  ( 0.0000000000000000000, 0.0000000000000000000, -1.000000000000000000 ) ) ;
#1362 = CARTESIAN_POINT ( 'NONE',  ( -20.49999999999998900, -20.49999999999996800, 1.499999999999999600 ) ) ;
#1363 = DIRECTION ( 'NONE',  ( -1.000000000000000000, 0.0000000000000000000, 0.0000000000000000000 ) ) ;
#1364 = VERTEX_POINT ( 'NONE', #1126 ) ;
#1365 = DIRECTION ( 'NONE',  ( 0.0000000000000000000, 0.0000000000000000000, 1.000000000000000000 ) ) ;
#1366 = CARTESIAN_POINT ( 'NONE',  ( -21.19999999999997800, -4.000000000000073700, 13.00000000000000000 ) ) ;
#1367 = EDGE_CURVE ( 'NONE', #1081, #1149, #137, .T. ) ;
#1368 = DIRECTION ( 'NONE',  ( 0.0000000000000000000, -0.9961946980917457700, -0.08715574274765487700 ) ) ;
#1369 = EDGE_CURVE ( 'NONE', #1704, #1125, #487, .T. ) ;
#1370 = PLANE ( 'NONE',  #551 ) ;
#1371 = CARTESIAN_POINT ( 'NONE',  ( 12.00000000000000400, -13.00000000000000900, 2.549863962311050200 ) ) ;
#1372 = VECTOR ( 'NONE', #540, 1000.000000000000000 ) ;
#1373 = CARTESIAN_POINT ( 'NONE',  ( -37.06302731946522000, 14.99999999999998200, 2.724841289362889300 ) ) ;
#1374 = VECTOR ( 'NONE', #1476, 1000.000000000000000 ) ;
#1375 = LINE ( 'NONE', #209, #217 ) ;
#1376 = CARTESIAN_POINT ( 'NONE',  ( -17.00000000000000400, 23.99999999999999600, 0.0000000000000000000 ) ) ;
#1377 = DIRECTION ( 'NONE',  ( -1.000000000000000000, -2.312964634635743000E-016, 0.0000000000000000000 ) ) ;
#1378 = DIRECTION ( 'NONE',  ( 0.0000000000000000000, 0.0000000000000000000, 1.000000000000000000 ) ) ;
#1379 = CARTESIAN_POINT ( 'NONE',  ( 20.50000000000000400, 17.50000000000000000, 6.299999999999998900 ) ) ;
#1380 = ORIENTED_EDGE ( 'NONE', *, *, #245, .T. ) ;
#1381 = LINE ( 'NONE', #1539, #1503 ) ;
#1382 = CARTESIAN_POINT ( 'NONE',  ( -5.000000000000008000, 12.99999999999999300, 2.549863962311048800 ) ) ;
#1383 = ORIENTED_EDGE ( 'NONE', *, *, #314, .F. ) ;
#1384 = EDGE_CURVE ( 'NONE', #1122, #479, #930, .T. ) ;
#1385 = VERTEX_POINT ( 'NONE', #873 ) ;
#1386 = CARTESIAN_POINT ( 'NONE',  ( -22.49999999999999300, 15.99999999999999300, 6.299999999999999800 ) ) ;
#1387 = AXIS2_PLACEMENT_3D ( 'NONE', #435, #1588, #1427 ) ;
#1388 = ORIENTED_EDGE ( 'NONE', *, *, #936, .T. ) ;
#1389 = EDGE_LOOP ( 'NONE', ( #2065, #226, #694, #1754, #703, #1171, #357, #872 ) ) ;
#1390 = PLANE ( 'NONE',  #1867 ) ;
#1391 = ORIENTED_EDGE ( 'NONE', *, *, #1737, .F. ) ;
#1392 = CARTESIAN_POINT ( 'NONE',  ( -15.99999999999998600, -16.00000000000001100, 13.00000000000000000 ) ) ;
#1393 = EDGE_CURVE ( 'NONE', #663, #162, #2022, .T. ) ;
#1394 = CARTESIAN_POINT ( 'NONE',  ( -6.999999999999996400, -13.00000000000000900, 1.500000000000001300 ) ) ;
#1395 = ADVANCED_FACE ( 'NONE', ( #1076 ), #1693, .F. ) ;
#1396 = CIRCLE ( 'NONE', #1703, 2.000000000000000000 ) ;
#1397 = AXIS2_PLACEMENT_3D ( 'NONE', #671, #495, #1638 ) ;
#1398 = LINE ( 'NONE', #1555, #1619 ) ;
#1399 = LINE ( 'NONE', #1698, #2050 ) ;
#1400 = DIRECTION ( 'NONE',  ( 0.0000000000000000000, -0.0000000000000000000, 1.000000000000000000 ) ) ;
#1401 = LINE ( 'NONE', #436, #707 ) ;
#1402 = COORDINATED_UNIVERSAL_TIME_OFFSET ( 1, 0, .AHEAD. ) ;
#1403 = ORIENTED_EDGE ( 'NONE', *, *, #143, .F. ) ;
#1404 = VECTOR ( 'NONE', #539, 1000.000000000000000 ) ;
#1405 = ADVANCED_FACE ( 'NONE', ( #854 ), #228, .F. ) ;
#1406 = VECTOR ( 'NONE', #1310, 1000.000000000000000 ) ;
#1407 = EDGE_CURVE ( 'NONE', #423, #1576, #645, .T. ) ;
#1408 = ORIENTED_EDGE ( 'NONE', *, *, #1909, .F. ) ;
#1409 = FACE_OUTER_BOUND ( 'NONE', #1784, .T. ) ;
#1410 = DIRECTION ( 'NONE',  ( 1.000000000000000000, -0.0000000000000000000, -0.0000000000000000000 ) ) ;
#1411 = EDGE_CURVE ( 'NONE', #1075, #592, #722, .T. ) ;
#1412 = ORIENTED_EDGE ( 'NONE', *, *, #1477, .T. ) ;
#1413 = ORIENTED_EDGE ( 'NONE', *, *, #1101, .T. ) ;
#1414 = EDGE_LOOP ( 'NONE', ( #1069, #561, #300, #1097 ) ) ;
#1415 = PLANE ( 'NONE',  #406 ) ;
#1416 = ORIENTED_EDGE ( 'NONE', *, *, #977, .T. ) ;
#1417 = DIRECTION ( 'NONE',  ( 0.0000000000000000000, 0.0000000000000000000, -1.000000000000000000 ) ) ;
#1418 = ORIENTED_EDGE ( 'NONE', *, *, #535, .T. ) ;
#1419 = DIRECTION ( 'NONE',  ( 1.000000000000000000, 0.0000000000000000000, 0.0000000000000000000 ) ) ;
#1420 = DATE_TIME_ROLE ( 'creation_date' ) ;
#1421 = EDGE_CURVE ( 'NONE', #1530, #1277, #1560, .T. ) ;
#1422 = CARTESIAN_POINT ( 'NONE',  ( 10.00000000000000400, -15.00000000000000700, 1.500000000000001300 ) ) ;
#1423 = LINE ( 'NONE', #667, #1007 ) ;
#1424 = LINE ( 'NONE', #1817, #515 ) ;
#1425 = DIRECTION ( 'NONE',  ( -0.0000000000000000000, -0.0000000000000000000, 1.000000000000000000 ) ) ;
#1426 = APPLICATION_PROTOCOL_DEFINITION ( 'international standard', 'config_control_design', 1994, #2040 ) ;
#1427 = DIRECTION ( 'NONE',  ( -2.891205793294678800E-016, 1.000000000000000000, 0.0000000000000000000 ) ) ;
#1428 = VERTEX_POINT ( 'NONE', #1190 ) ;
#1429 = DIRECTION ( 'NONE',  ( 0.0000000000000000000, -0.0000000000000000000, 1.000000000000000000 ) ) ;
#1430 = LINE ( 'NONE', #2105, #1805 ) ;
#1431 = EDGE_LOOP ( 'NONE', ( #1917, #1581, #1961 ) ) ;
#1432 = CARTESIAN_POINT ( 'NONE',  ( 12.00000000000000400, -13.00000000000000700, 2.724841289362893300 ) ) ;
#1433 = CARTESIAN_POINT ( 'NONE',  ( -4.000000000000000000, 21.86196784822187000, 12.59263517032500000 ) ) ;
#1434 = ORIENTED_EDGE ( 'NONE', *, *, #2027, .T. ) ;
#1435 = EDGE_CURVE ( 'NONE', #940, #1548, #1253, .T. ) ;
#1436 = ORIENTED_EDGE ( 'NONE', *, *, #206, .F. ) ;
#1437 = CARTESIAN_POINT ( 'NONE',  ( -15.99999999999998600, -22.50000000000001400, 13.00000000000000000 ) ) ;
#1438 = DIRECTION ( 'NONE',  ( 1.000000000000000000, 0.0000000000000000000, 0.0000000000000000000 ) ) ;
#1439 = DIRECTION ( 'NONE',  ( 1.000000000000000000, 0.0000000000000000000, -0.0000000000000000000 ) ) ;
#1440 = VERTEX_POINT ( 'NONE', #390 ) ;
#1441 = AXIS2_PLACEMENT_3D ( 'NONE', #802, #360, #692 ) ;
#1442 = EDGE_LOOP ( 'NONE', ( #1688, #1252, #1436, #149 ) ) ;
#1443 = CARTESIAN_POINT ( 'NONE',  ( -15.99999999999998600, -22.50000000000001400, 13.00000000000000000 ) ) ;
#1444 = PLANE ( 'NONE',  #1583 ) ;
#1445 = ADVANCED_FACE ( 'NONE', ( #898 ), #556, .F. ) ;
#1446 = LINE ( 'NONE', #1432, #1342 ) ;
#1447 = FACE_OUTER_BOUND ( 'NONE', #1944, .T. ) ;
#1448 = LINE ( 'NONE', #649, #956 ) ;
#1449 = FACE_OUTER_BOUND ( 'NONE', #1442, .T. ) ;
#1450 = DIRECTION ( 'NONE',  ( 1.000000000000000000, 3.491481338843118800E-015, 0.0000000000000000000 ) ) ;
#1451 = LINE ( 'NONE', #292, #548 ) ;
#1452 = VERTEX_POINT ( 'NONE', #1029 ) ;
#1453 = CALENDAR_DATE ( 2016, 3, 8 ) ;
#1454 = EDGE_LOOP ( 'NONE', ( #1559, #504, #1632, #1026 ) ) ;
#1455 = VECTOR ( 'NONE', #1542, 1000.000000000000000 ) ;
#1456 = ADVANCED_FACE ( 'NONE', ( #2088 ), #1672, .F. ) ;
#1457 = ORIENTED_EDGE ( 'NONE', *, *, #1338, .T. ) ;
#1458 = DIRECTION ( 'NONE',  ( -0.0000000000000000000, -0.0000000000000000000, -1.000000000000000000 ) ) ;
#1459 = VERTEX_POINT ( 'NONE', #1038 ) ;
#1460 = EDGE_LOOP ( 'NONE', ( #1073, #426, #301, #298, #1790, #1609 ) ) ;
#1461 = EDGE_CURVE ( 'NONE', #663, #1274, #203, .T. ) ;
#1462 = ORIENTED_EDGE ( 'NONE', *, *, #1003, .F. ) ;
#1463 = CARTESIAN_POINT ( 'NONE',  ( -12.00000000000000400, 12.99999999999999300, 2.549863962311048800 ) ) ;
#1464 = ORIENTED_EDGE ( 'NONE', *, *, #2000, .T. ) ;
#1465 = AXIS2_PLACEMENT_3D ( 'NONE', #778, #2073, #280 ) ;
#1466 = EDGE_LOOP ( 'NONE', ( #299, #2085, #530, #1130 ) ) ;
#1467 = CARTESIAN_POINT ( 'NONE',  ( -4.000000000000000000, -21.97726928186805000, 12.77999999999999900 ) ) ;
#1468 = CARTESIAN_POINT ( 'NONE',  ( 22.50000000000000700, -16.00000000000001800, 13.00000000000000000 ) ) ;
#1469 = APPROVAL ( #915, 'UNSPECIFIED' ) ;
#1470 = FACE_OUTER_BOUND ( 'NONE', #756, .T. ) ;
#1471 = CARTESIAN_POINT ( 'NONE',  ( 12.00000000000000400, 1.000000000000000000, 1.500000000000001300 ) ) ;
#1472 = VECTOR ( 'NONE', #1188, 1000.000000000000000 ) ;
#1473 = FACE_OUTER_BOUND ( 'NONE', #1840, .T. ) ;
#1474 = PLANE ( 'NONE',  #39 ) ;
#1475 = EDGE_CURVE ( 'NONE', #1164, #73, #1659, .T. ) ;
#1476 = DIRECTION ( 'NONE',  ( -0.0000000000000000000, -0.0000000000000000000, 1.000000000000000000 ) ) ;
#1477 = EDGE_CURVE ( 'NONE', #350, #613, #841, .T. ) ;
#1478 = AXIS2_PLACEMENT_3D ( 'NONE', #2059, #1267, #793 ) ;
#1479 = ORIENTED_EDGE ( 'NONE', *, *, #1726, .F. ) ;
#1480 = CARTESIAN_POINT ( 'NONE',  ( 12.00000000000000400, -14.17157287525381900, 2.652363307390225500 ) ) ;
#1481 = VECTOR ( 'NONE', #1287, 1000.000000000000000 ) ;
#1482 = DIRECTION ( 'NONE',  ( 1.000000000000000000, 0.0000000000000000000, 0.0000000000000000000 ) ) ;
#1483 = ORIENTED_EDGE ( 'NONE', *, *, #961, .T. ) ;
#1484 = EDGE_LOOP ( 'NONE', ( #1098, #666, #1651, #1305 ) ) ;
#1485 = ORIENTED_EDGE ( 'NONE', *, *, #988, .F. ) ;
#1486 = CARTESIAN_POINT ( 'NONE',  ( 4.000000000000000000, -21.97726928186805000, 13.00000000000000200 ) ) ;
#1487 = EDGE_LOOP ( 'NONE', ( #1102, #125, #501, #1479 ) ) ;
#1488 = DIRECTION ( 'NONE',  ( -3.491481338843133400E-015, 1.000000000000000000, 0.0000000000000000000 ) ) ;
#1489 = CARTESIAN_POINT ( 'NONE',  ( 5.828427124746196100, 14.99999999999999600, 2.724841289362891100 ) ) ;
#1490 = ORIENTED_EDGE ( 'NONE', *, *, #1477, .F. ) ;
#1491 = EDGE_CURVE ( 'NONE', #1452, #1962, #817, .T. ) ;
#1492 = VERTEX_POINT ( 'NONE', #2010 ) ;
#1493 = DIRECTION ( 'NONE',  ( 3.491481338843133700E-015, -1.000000000000000000, -0.0000000000000000000 ) ) ;
#1494 = CC_DESIGN_APPROVAL ( #1469, ( #684 ) ) ;
#1495 = CYLINDRICAL_SURFACE ( 'NONE', #33, 2.000000000000000000 ) ;
#1496 = FACE_OUTER_BOUND ( 'NONE', #54, .T. ) ;
#1497 = LINE ( 'NONE', #903, #1058 ) ;
#1498 = CARTESIAN_POINT ( 'NONE',  ( 16.00000000000000000, 15.99999999999999300, -57.33961030678927500 ) ) ;
#1499 = EDGE_CURVE ( 'NONE', #1562, #1728, #2031, .T. ) ;
#1500 = ORIENTED_EDGE ( 'NONE', *, *, #1090, .T. ) ;
#1501 = COORDINATED_UNIVERSAL_TIME_OFFSET ( 1, 0, .AHEAD. ) ;
#1502 = PLANE ( 'NONE',  #1922 ) ;
#1503 = VECTOR ( 'NONE', #1851, 1000.000000000000000 ) ;
#1504 = ORIENTED_EDGE ( 'NONE', *, *, #1435, .F. ) ;
#1505 = CYLINDRICAL_SURFACE ( 'NONE', #49, 6.999999999999999100 ) ;
#1506 = VERTEX_POINT ( 'NONE', #603 ) ;
#1507 = ORIENTED_EDGE ( 'NONE', *, *, #1837, .T. ) ;
#1508 = ORIENTED_EDGE ( 'NONE', *, *, #1726, .T. ) ;
#1509 = EDGE_CURVE ( 'NONE', #850, #1164, #1723, .T. ) ;
#1510 = ORIENTED_EDGE ( 'NONE', *, *, #9, .T. ) ;
#1511 = ORIENTED_EDGE ( 'NONE', *, *, #491, .F. ) ;
#1512 = EDGE_CURVE ( 'NONE', #1912, #454, #1011, .T. ) ;
#1513 = CARTESIAN_POINT ( 'NONE',  ( 4.000000000000000000, -21.86196784822189400, 12.59263517032500000 ) ) ;
#1514 = DIRECTION ( 'NONE',  ( -1.000000000000000000, -3.491481338843133400E-015, 0.0000000000000000000 ) ) ;
#1515 = PLANE ( 'NONE',  #1105 ) ;
#1516 = VECTOR ( 'NONE', #1748, 1000.000000000000000 ) ;
#1517 = CARTESIAN_POINT ( 'NONE',  ( 22.50000000000000400, 15.99999999999999300, 6.299999999999999800 ) ) ;
#1518 = VECTOR ( 'NONE', #161, 1000.000000000000000 ) ;
#1519 = LINE ( 'NONE', #1027, #2001 ) ;
#1520 = DIRECTION ( 'NONE',  ( 0.0000000000000000000, 0.0000000000000000000, 1.000000000000000000 ) ) ;
#1521 = DIRECTION ( 'NONE',  ( 1.000000000000000000, 1.445602896647339200E-016, -0.0000000000000000000 ) ) ;
#1522 = EDGE_CURVE ( 'NONE', #383, #325, #293, .T. ) ;
#1523 = DIRECTION ( 'NONE',  ( 0.0000000000000000000, 0.0000000000000000000, 1.000000000000000000 ) ) ;
#1524 = EDGE_CURVE ( 'NONE', #73, #589, #241, .T. ) ;
#1525 = ORIENTED_EDGE ( 'NONE', *, *, #901, .F. ) ;
#1526 = LINE ( 'NONE', #1176, #1191 ) ;
#1527 = CARTESIAN_POINT ( 'NONE',  ( 5.000000000000004400, -15.00000000000000700, -29.30584360149872900 ) ) ;
#1528 = ORIENTED_EDGE ( 'NONE', *, *, #1841, .F. ) ;
#1529 = ORIENTED_EDGE ( 'NONE', *, *, #1509, .F. ) ;
#1530 = VERTEX_POINT ( 'NONE', #2078 ) ;
#1531 = PRODUCT_RELATED_PRODUCT_CATEGORY ( 'detail', '', ( #1771 ) ) ;
#1532 = CARTESIAN_POINT ( 'NONE',  ( 12.00000000000000400, -15.00000000000000700, 1.500000000000001300 ) ) ;
#1533 = DIRECTION ( 'NONE',  ( 1.000000000000000000, 2.168404344971008400E-016, 0.0000000000000000000 ) ) ;
#1534 = ORIENTED_EDGE ( 'NONE', *, *, #1207, .F. ) ;
#1535 = CARTESIAN_POINT ( 'NONE',  ( 21.97726928186806500, -3.999999999999923600, 12.77999999999999900 ) ) ;
#1536 = EDGE_LOOP ( 'NONE', ( #1534, #842, #1508, #1890, #558, #616, #2036, #132 ) ) ;
#1537 = PLANE ( 'NONE',  #136 ) ;
#1538 = EDGE_CURVE ( 'NONE', #902, #1094, #520, .T. ) ;
#1539 = CARTESIAN_POINT ( 'NONE',  ( -4.000000000000000000, -21.20000000000001400, 13.00000000000000500 ) ) ;
#1540 = AXIS2_PLACEMENT_3D ( 'NONE', #1016, #1181, #200 ) ;
#1541 = CARTESIAN_POINT ( 'NONE',  ( -22.49999999999999300, 15.99999999999999300, -57.33961030678927500 ) ) ;
#1542 = DIRECTION ( 'NONE',  ( 0.0000000000000000000, 0.0000000000000000000, 1.000000000000000000 ) ) ;
#1543 = VECTOR ( 'NONE', #493, 1000.000000000000000 ) ;
#1544 = CARTESIAN_POINT ( 'NONE',  ( -12.00000000000000000, 1.000000000000005800, 1.500000000000001800 ) ) ;
#1545 = CYLINDRICAL_SURFACE ( 'NONE', #212, 6.999999999999999100 ) ;
#1546 = DIRECTION ( 'NONE',  ( 2.312964634635743000E-016, -1.000000000000000000, 0.0000000000000000000 ) ) ;
#1547 = VECTOR ( 'NONE', #786, 1000.000000000000000 ) ;
#1548 = VERTEX_POINT ( 'NONE', #1571 ) ;
#1549 = LINE ( 'NONE', #402, #891 ) ;
#1550 = EDGE_LOOP ( 'NONE', ( #670, #1635, #1686, #1611 ) ) ;
#1551 = EDGE_CURVE ( 'NONE', #824, #1576, #1975, .T. ) ;
#1552 = CYLINDRICAL_SURFACE ( 'NONE', #1871, 2.000000000000000000 ) ;
#1553 = ORIENTED_EDGE ( 'NONE', *, *, #75, .F. ) ;
#1554 = ORIENTED_EDGE ( 'NONE', *, *, #518, .F. ) ;
#1555 = CARTESIAN_POINT ( 'NONE',  ( -15.99999999999999300, 22.49999999999999300, -57.33961030678927500 ) ) ;
#1556 = PERSON_AND_ORGANIZATION_ROLE ( 'design_owner' ) ;
#1557 = ORIENTED_EDGE ( 'NONE', *, *, #640, .T. ) ;
#1558 = ORIENTED_EDGE ( 'NONE', *, *, #579, .F. ) ;
#1559 = ORIENTED_EDGE ( 'NONE', *, *, #1880, .F. ) ;
#1560 = LINE ( 'NONE', #36, #4 ) ;
#1561 = CARTESIAN_POINT ( 'NONE',  ( -4.999999999999995600, -15.00000000000000900, 1.500000000000001300 ) ) ;
#1562 = VERTEX_POINT ( 'NONE', #2068 ) ;
#1563 = EDGE_CURVE ( 'NONE', #2087, #555, #394, .T. ) ;
#1564 = DIRECTION ( 'NONE',  ( -0.0000000000000000000, -0.0000000000000000000, -1.000000000000000000 ) ) ;
#1565 = LINE ( 'NONE', #367, #732 ) ;
#1566 = LINE ( 'NONE', #1561, #1084 ) ;
#1567 = CARTESIAN_POINT ( 'NONE',  ( -20.49999999999998900, 1.000000000000000900, 1.499999999999999600 ) ) ;
#1568 = ADVANCED_FACE ( 'NONE', ( #546 ), #1415, .F. ) ;
#1569 = CYLINDRICAL_SURFACE ( 'NONE', #1355, 6.499999999999999100 ) ;
#1570 = CARTESIAN_POINT ( 'NONE',  ( -22.49999999999999300, 3.999999999999923600, 13.00000000000000000 ) ) ;
#1571 = CARTESIAN_POINT ( 'NONE',  ( -21.86196784822185500, -4.000000000000076400, 12.59263517032500000 ) ) ;
#1572 = VECTOR ( 'NONE', #1278, 1000.000000000000000 ) ;
#1573 = ORIENTED_EDGE ( 'NONE', *, *, #1167, .F. ) ;
#1574 = LINE ( 'NONE', #1870, #1857 ) ;
#1575 = EDGE_CURVE ( 'NONE', #428, #924, #1091, .T. ) ;
#1576 = VERTEX_POINT ( 'NONE', #120 ) ;
#1577 = CARTESIAN_POINT ( 'NONE',  ( 4.000000000000000000, 21.86196784822187000, 12.59263517032500000 ) ) ;
#1578 = EDGE_CURVE ( 'NONE', #1178, #2092, #868, .T. ) ;
#1579 = ORIENTED_EDGE ( 'NONE', *, *, #754, .F. ) ;
#1580 = VERTEX_POINT ( 'NONE', #771 ) ;
#1581 = ORIENTED_EDGE ( 'NONE', *, *, #1254, .T. ) ;
#1582 = DIRECTION ( 'NONE',  ( -0.0000000000000000000, -0.0000000000000000000, 1.000000000000000000 ) ) ;
#1583 = AXIS2_PLACEMENT_3D ( 'NONE', #1792, #319, #1134 ) ;
#1584 = CARTESIAN_POINT ( 'NONE',  ( -5.000000000000011500, -1.000000000000000000, 1.500000000000001300 ) ) ;
#1585 = ORIENTED_EDGE ( 'NONE', *, *, #1959, .T. ) ;
#1586 = CARTESIAN_POINT ( 'NONE',  ( -20.49999999999998900, -17.50000000000000000, 2.943562948177692800 ) ) ;
#1587 = EDGE_LOOP ( 'NONE', ( #1124, #994, #386, #449 ) ) ;
#1588 = DIRECTION ( 'NONE',  ( 1.000000000000000000, 2.891205793294678800E-016, 0.0000000000000000000 ) ) ;
#1589 = CARTESIAN_POINT ( 'NONE',  ( 4.000000000000000000, 22.49999999999999300, 12.20000000000000300 ) ) ;
#1590 = CARTESIAN_POINT ( 'NONE',  ( 12.00000000000000400, -15.00000000000000700, -29.30584360149872900 ) ) ;
#1591 = EDGE_CURVE ( 'NONE', #562, #1201, #1111, .T. ) ;
#1592 = DIRECTION ( 'NONE',  ( 0.0000000000000000000, 0.0000000000000000000, -1.000000000000000000 ) ) ;
#1593 = CIRCLE ( 'NONE', #1786, 2.000000000000000000 ) ;
#1594 = VECTOR ( 'NONE', #267, 1000.000000000000000 ) ;
#1595 = CARTESIAN_POINT ( 'NONE',  ( -4.999999999999995600, -15.00000000000000900, 1.500000000000001300 ) ) ;
#1596 = CARTESIAN_POINT ( 'NONE',  ( -9.999999999999994700, -15.00000000000001100, 2.724841289362891900 ) ) ;
#1597 = CC_DESIGN_PERSON_AND_ORGANIZATION_ASSIGNMENT ( #1065, #1556, ( #1771 ) ) ;
#1598 = DIRECTION ( 'NONE',  ( 0.0000000000000000000, 1.000000000000000000, 4.003208021484942500E-015 ) ) ;
#1599 = ADVANCED_FACE ( 'NONE', ( #1473 ), #789, .T. ) ;
#1600 = ORIENTED_EDGE ( 'NONE', *, *, #2043, .T. ) ;
#1601 = CALENDAR_DATE ( 2016, 3, 8 ) ;
#1602 = CARTESIAN_POINT ( 'NONE',  ( -37.06302731946521300, 1.000000000000000000, 1.500000000000001300 ) ) ;
#1603 = CARTESIAN_POINT ( 'NONE',  ( -15.99999999999999300, 22.49999999999999300, 6.299999999999999800 ) ) ;
#1604 = VERTEX_POINT ( 'NONE', #759 ) ;
#1605 = EDGE_CURVE ( 'NONE', #1492, #800, #2049, .T. ) ;
#1606 = DIRECTION ( 'NONE',  ( 1.000000000000000000, -0.0000000000000000000, -0.0000000000000000000 ) ) ;
#1607 =( BOUNDED_CURVE ( )  B_SPLINE_CURVE ( 3, ( #1009, #1480, #1800, #1838 ),
 .UNSPECIFIED., .F., .F. ) 
 B_SPLINE_CURVE_WITH_KNOTS ( ( 4, 4 ),
 ( 1.570796326794897400, 3.141592653589794000 ),
 .UNSPECIFIED. ) 
 CURVE ( )  GEOMETRIC_REPRESENTATION_ITEM ( )  RATIONAL_B_SPLINE_CURVE ( ( 1.000000000000000000, 0.8047378541243649400, 0.8047378541243649400, 1.000000000000000000 ) ) 
 REPRESENTATION_ITEM ( '' )  );
#1608 = ORIENTED_EDGE ( 'NONE', *, *, #1321, .T. ) ;
#1609 = ORIENTED_EDGE ( 'NONE', *, *, #949, .F. ) ;
#1610 = DIRECTION ( 'NONE',  ( 0.0000000000000000000, 0.0000000000000000000, -1.000000000000000000 ) ) ;
#1611 = ORIENTED_EDGE ( 'NONE', *, *, #833, .T. ) ;
#1612 = DIRECTION ( 'NONE',  ( -0.0000000000000000000, -0.0000000000000000000, 1.000000000000000000 ) ) ;
#1613 = CARTESIAN_POINT ( 'NONE',  ( -4.000000000000000000, 22.49999999999999300, 13.00000000000000000 ) ) ;
#1614 = VERTEX_POINT ( 'NONE', #1567 ) ;
#1615 = CARTESIAN_POINT ( 'NONE',  ( -5.000000000000000900, -13.00000000000001100, 2.549863962311050200 ) ) ;
#1616 = DIRECTION ( 'NONE',  ( 0.0000000000000000000, 1.000000000000000000, 0.0000000000000000000 ) ) ;
#1617 = DIRECTION ( 'NONE',  ( 0.0000000000000000000, 0.0000000000000000000, 1.000000000000000000 ) ) ;
#1618 = EDGE_CURVE ( 'NONE', #1580, #850, #404, .T. ) ;
#1619 = VECTOR ( 'NONE', #739, 1000.000000000000000 ) ;
#1620 = VECTOR ( 'NONE', #399, 1000.000000000000000 ) ;
#1621 = CARTESIAN_POINT ( 'NONE',  ( -22.49999999999997900, -4.000000000000079000, 12.20000000000000500 ) ) ;
#1622 = EDGE_CURVE ( 'NONE', #121, #1081, #1451, .T. ) ;
#1623 = CIRCLE ( 'NONE', #1224, 6.500000000000005300 ) ;
#1624 = FACE_OUTER_BOUND ( 'NONE', #1306, .T. ) ;
#1625 = ADVANCED_FACE ( 'NONE', ( #1747 ), #1444, .F. ) ;
#1626 = CARTESIAN_POINT ( 'NONE',  ( -21.97726928186800800, -4.000000000000076400, 12.77999999999999900 ) ) ;
#1627 = SHAPE_DEFINITION_REPRESENTATION ( #581, #1643 ) ;
#1628 = ORIENTED_EDGE ( 'NONE', *, *, #2094, .T. ) ;
#1629 = FACE_OUTER_BOUND ( 'NONE', #610, .T. ) ;
#1630 = CARTESIAN_POINT ( 'NONE',  ( 22.50000000000000000, 15.99999999999999300, 12.99999999999999800 ) ) ;
#1631 = ORIENTED_EDGE ( 'NONE', *, *, #2056, .T. ) ;
#1632 = ORIENTED_EDGE ( 'NONE', *, *, #1393, .T. ) ;
#1633 = CARTESIAN_POINT ( 'NONE',  ( -24.00000000000000400, 16.99999999999998900, 0.0000000000000000000 ) ) ;
#1634 = EDGE_CURVE ( 'NONE', #325, #409, #1233, .T. ) ;
#1635 = ORIENTED_EDGE ( 'NONE', *, *, #1578, .T. ) ;
#1636 = ORIENTED_EDGE ( 'NONE', *, *, #734, .F. ) ;
#1637 = ORIENTED_EDGE ( 'NONE', *, *, #290, .T. ) ;
#1638 = DIRECTION ( 'NONE',  ( 1.000000000000000000, 0.0000000000000000000, 0.0000000000000000000 ) ) ;
#1639 = PRODUCT_DEFINITION_FORMATION_WITH_SPECIFIED_SOURCE ( 'ANY', '', #1771, .NOT_KNOWN. ) ;
#1640 = CARTESIAN_POINT ( 'NONE',  ( 12.00000000000000400, 14.99999999999999500, -29.30584360149872900 ) ) ;
#1641 = ADVANCED_FACE ( 'NONE', ( #429 ), #1474, .F. ) ;
#1642 = DIRECTION ( 'NONE',  ( 0.0000000000000000000, 0.0000000000000000000, -1.000000000000000000 ) ) ;
#1643 = ADVANCED_BREP_SHAPE_REPRESENTATION ( 'Universal_button_eckig', ( #695, #805 ), #773 ) ;
#1644 = CARTESIAN_POINT ( 'NONE',  ( 5.000000000000004400, -13.00000000000000900, 2.549863962311050200 ) ) ;
#1645 = VECTOR ( 'NONE', #388, 1000.000000000000000 ) ;
#1646 = LINE ( 'NONE', #62, #364 ) ;
#1647 = EDGE_CURVE ( 'NONE', #532, #1604, #625, .T. ) ;
#1648 = VECTOR ( 'NONE', #112, 1000.000000000000000 ) ;
#1649 = CARTESIAN_POINT ( 'NONE',  ( 4.000000000000000000, -22.50000000000001400, 13.00000000000000000 ) ) ;
#1650 = AXIS2_PLACEMENT_3D ( 'NONE', #1120, #973, #462 ) ;
#1651 = ORIENTED_EDGE ( 'NONE', *, *, #1263, .F. ) ;
#1652 = COORDINATED_UNIVERSAL_TIME_OFFSET ( 1, 0, .AHEAD. ) ;
#1653 = CARTESIAN_POINT ( 'NONE',  ( 16.99999999999999600, -16.99999999999999600, 13.00000000000000000 ) ) ;
#1654 = DIRECTION ( 'NONE',  ( 0.0000000000000000000, 0.9961946980917457700, 0.08715574274765487700 ) ) ;
#1655 = ORIENTED_EDGE ( 'NONE', *, *, #1074, .T. ) ;
#1656 = ORIENTED_EDGE ( 'NONE', *, *, #46, .F. ) ;
#1657 = CARTESIAN_POINT ( 'NONE',  ( 7.000000000000004400, -13.00000000000000700, 1.500000000000001300 ) ) ;
#1658 = ORIENTED_EDGE ( 'NONE', *, *, #1551, .F. ) ;
#1659 = LINE ( 'NONE', #1200, #1331 ) ;
#1660 = VERTEX_POINT ( 'NONE', #960 ) ;
#1661 = CARTESIAN_POINT ( 'NONE',  ( -12.00000000000001100, 1.000000000000000000, 1.500000000000001300 ) ) ;
#1662 = VERTEX_POINT ( 'NONE', #1603 ) ;
#1663 = AXIS2_PLACEMENT_3D ( 'NONE', #1590, #144, #154 ) ;
#1664 = CARTESIAN_POINT ( 'NONE',  ( -22.49999999999999300, -16.00000000000002100, 6.299999999999999800 ) ) ;
#1665 = ORIENTED_EDGE ( 'NONE', *, *, #1782, .T. ) ;
#1666 = AXIS2_PLACEMENT_3D ( 'NONE', #623, #1734, #937 ) ;
#1667 = DIRECTION ( 'NONE',  ( 1.000000000000000000, 0.0000000000000000000, 0.0000000000000000000 ) ) ;
#1668 = VECTOR ( 'NONE', #1334, 1000.000000000000000 ) ;
#1669 = CARTESIAN_POINT ( 'NONE',  ( -22.49999999999999300, -16.00000000000001800, 13.00000000000000000 ) ) ;
#1670 = LINE ( 'NONE', #553, #1873 ) ;
#1671 = LINE ( 'NONE', #1341, #1110 ) ;
#1672 = PLANE ( 'NONE',  #93 ) ;
#1673 = CIRCLE ( 'NONE', #887, 0.2199999999999997000 ) ;
#1674 = DIRECTION ( 'NONE',  ( 1.000000000000000000, 0.0000000000000000000, 0.0000000000000000000 ) ) ;
#1675 = EDGE_CURVE ( 'NONE', #1662, #943, #1163, .T. ) ;
#1676 = ORIENTED_EDGE ( 'NONE', *, *, #547, .T. ) ;
#1677 = FACE_OUTER_BOUND ( 'NONE', #205, .T. ) ;
#1678 = VECTOR ( 'NONE', #702, 1000.000000000000000 ) ;
#1679 = PLANE ( 'NONE',  #912 ) ;
#1680 = CARTESIAN_POINT ( 'NONE',  ( 10.00000000000000200, 14.99999999999999500, 2.724841289362890200 ) ) ;
#1681 = ORIENTED_EDGE ( 'NONE', *, *, #1578, .F. ) ;
#1682 = ORIENTED_EDGE ( 'NONE', *, *, #876, .F. ) ;
#1683 = DIRECTION ( 'NONE',  ( 0.0000000000000000000, 0.0000000000000000000, -1.000000000000000000 ) ) ;
#1684 = CARTESIAN_POINT ( 'NONE',  ( -7.000000000000003600, 14.99999999999999100, 1.500000000000001300 ) ) ;
#1685 = ORIENTED_EDGE ( 'NONE', *, *, #1101, .F. ) ;
#1686 = ORIENTED_EDGE ( 'NONE', *, *, #116, .F. ) ;
#1687 = CARTESIAN_POINT ( 'NONE',  ( 10.00000000000000400, -13.00000000000000700, -29.30584360149872900 ) ) ;
#1688 = ORIENTED_EDGE ( 'NONE', *, *, #194, .T. ) ;
#1689 = EDGE_CURVE ( 'NONE', #741, #1459, #1719, .T. ) ;
#1690 = CARTESIAN_POINT ( 'NONE',  ( -5.000000000000004400, -0.9999999999999909000, 1.500000000000000400 ) ) ;
#1691 = CARTESIAN_POINT ( 'NONE',  ( 7.000000000000004400, -15.00000000000000700, 2.724841289362893300 ) ) ;
#1692 = DIRECTION ( 'NONE',  ( -1.000000000000000000, 0.0000000000000000000, 0.0000000000000000000 ) ) ;
#1693 = CYLINDRICAL_SURFACE ( 'NONE', #566, 2.000000000000000900 ) ;
#1694 = LINE ( 'NONE', #834, #1033 ) ;
#1695 = LINE ( 'NONE', #8, #1797 ) ;
#1696 = VECTOR ( 'NONE', #1241, 1000.000000000000000 ) ;
#1697 = DIRECTION ( 'NONE',  ( -1.000000000000000000, 0.0000000000000000000, 0.0000000000000000000 ) ) ;
#1698 = CARTESIAN_POINT ( 'NONE',  ( 12.00000000000000400, -1.000000000000000000, 1.500000000000001300 ) ) ;
#1699 = EDGE_CURVE ( 'NONE', #380, #648, #1430, .T. ) ;
#1700 = ORIENTED_EDGE ( 'NONE', *, *, #425, .F. ) ;
#1701 = APPROVAL_DATE_TIME ( #1981, #1469 ) ;
#1702 = CARTESIAN_POINT ( 'NONE',  ( -9.999999999999996400, -15.00000000000001100, 2.724841289362893300 ) ) ;
#1703 = AXIS2_PLACEMENT_3D ( 'NONE', #1657, #173, #1667 ) ;
#1704 = VERTEX_POINT ( 'NONE', #1301 ) ;
#1705 = PLANE ( 'NONE',  #783 ) ;
#1706 = VERTEX_POINT ( 'NONE', #1633 ) ;
#1707 = VERTEX_POINT ( 'NONE', #656 ) ;
#1708 = CARTESIAN_POINT ( 'NONE',  ( 10.00000000000000200, 14.99999999999999500, 2.724841289362890200 ) ) ;
#1709 = ORIENTED_EDGE ( 'NONE', *, *, #194, .F. ) ;
#1710 = VERTEX_POINT ( 'NONE', #313 ) ;
#1711 = EDGE_CURVE ( 'NONE', #350, #428, #2007, .T. ) ;
#1712 = CARTESIAN_POINT ( 'NONE',  ( -4.000000000000000000, -22.50000000000001400, 12.20000000000000300 ) ) ;
#1713 = AXIS2_PLACEMENT_3D ( 'NONE', #1772, #1612, #626 ) ;
#1714 = DIRECTION ( 'NONE',  ( 0.0000000000000000000, -1.000000000000000000, 0.0000000000000000000 ) ) ;
#1715 = ADVANCED_FACE ( 'NONE', ( #1629 ), #1129, .F. ) ;
#1716 = DATE_TIME_ROLE ( 'classification_date' ) ;
#1717 = LINE ( 'NONE', #381, #1235 ) ;
#1718 = DIRECTION ( 'NONE',  ( -2.304163105897839000E-016, 0.9961946980917457700, 0.08715574274765487700 ) ) ;
#1719 = LINE ( 'NONE', #647, #1481 ) ;
#1720 = CARTESIAN_POINT ( 'NONE',  ( 20.50000000000000400, 1.000000000000000000, 1.500000000000001300 ) ) ;
#1721 = DIRECTION ( 'NONE',  ( 0.0000000000000000000, 0.9961946980917457700, -0.08715574274765487700 ) ) ;
#1722 = EDGE_CURVE ( 'NONE', #423, #383, #525, .T. ) ;
#1723 = CIRCLE ( 'NONE', #995, 6.500000000000000900 ) ;
#1724 = LINE ( 'NONE', #1847, #1243 ) ;
#1725 = CARTESIAN_POINT ( 'NONE',  ( -16.99999999999999600, -24.00000000000000400, 13.00000000000000000 ) ) ;
#1726 = EDGE_CURVE ( 'NONE', #1576, #1580, #1832, .T. ) ;
#1727 = VECTOR ( 'NONE', #1056, 1000.000000000000000 ) ;
#1728 = VERTEX_POINT ( 'NONE', #1468 ) ;
#1729 = VERTEX_POINT ( 'NONE', #1930 ) ;
#1730 = DIRECTION ( 'NONE',  ( 1.000000000000000000, 0.0000000000000000000, 0.0000000000000000000 ) ) ;
#1731 = ORIENTED_EDGE ( 'NONE', *, *, #20, .F. ) ;
#1732 = ORIENTED_EDGE ( 'NONE', *, *, #452, .T. ) ;
#1733 = VERTEX_POINT ( 'NONE', #485 ) ;
#1734 = DIRECTION ( 'NONE',  ( -0.0000000000000000000, -0.0000000000000000000, 1.000000000000000000 ) ) ;
#1735 = ORIENTED_EDGE ( 'NONE', *, *, #674, .F. ) ;
#1736 = DIRECTION ( 'NONE',  ( 0.0000000000000000000, 0.0000000000000000000, 1.000000000000000000 ) ) ;
#1737 = EDGE_CURVE ( 'NONE', #1149, #1122, #335, .T. ) ;
#1738 = ORIENTED_EDGE ( 'NONE', *, *, #480, .T. ) ;
#1739 = ADVANCED_FACE ( 'NONE', ( #1169 ), #97, .F. ) ;
#1740 = APPROVAL_ROLE ( '' ) ;
#1741 = EDGE_CURVE ( 'NONE', #244, #1081, #660, .T. ) ;
#1742 = CARTESIAN_POINT ( 'NONE',  ( -24.00000000000000400, -24.00000000000000400, 13.00000000000000000 ) ) ;
#1743 = CARTESIAN_POINT ( 'NONE',  ( 5.000000000000004400, -15.00000000000000700, 1.500000000000001300 ) ) ;
#1744 = CARTESIAN_POINT ( 'NONE',  ( -15.99999999999999300, 15.99999999999999300, -57.33961030678927500 ) ) ;
#1745 = FACE_OUTER_BOUND ( 'NONE', #1856, .T. ) ;
#1746 = APPROVAL ( #1083, 'UNSPECIFIED' ) ;
#1747 = FACE_OUTER_BOUND ( 'NONE', #1454, .T. ) ;
#1748 = DIRECTION ( 'NONE',  ( -0.0000000000000000000, 0.0000000000000000000, -1.000000000000000000 ) ) ;
#1749 = CARTESIAN_POINT ( 'NONE',  ( -37.06302731946521300, 14.99999999999999300, 2.724841289362890200 ) ) ;
#1750 = EDGE_LOOP ( 'NONE', ( #202, #207, #1700 ) ) ;
#1751 = PERSON_AND_ORGANIZATION ( #2113, #738 ) ;
#1752 = EDGE_CURVE ( 'NONE', #1706, #965, #1041, .T. ) ;
#1753 = CARTESIAN_POINT ( 'NONE',  ( -10.00000000000000400, 12.99999999999999100, -29.30584360149872900 ) ) ;
#1754 = ORIENTED_EDGE ( 'NONE', *, *, #1236, .T. ) ;
#1755 = CARTESIAN_POINT ( 'NONE',  ( 20.50000000000000400, -17.50000000000000000, 2.943562948177692800 ) ) ;
#1756 = AXIS2_PLACEMENT_3D ( 'NONE', #752, #731, #82 ) ;
#1757 = ORIENTED_EDGE ( 'NONE', *, *, #1384, .F. ) ;
#1758 = EDGE_LOOP ( 'NONE', ( #577, #746, #272, #27 ) ) ;
#1759 = DIRECTION ( 'NONE',  ( -1.000000000000000000, -3.942553354492717800E-015, -1.577021341797087100E-014 ) ) ;
#1760 = ORIENTED_EDGE ( 'NONE', *, *, #1932, .T. ) ;
#1761 = DIRECTION ( 'NONE',  ( 0.0000000000000000000, 0.0000000000000000000, -1.000000000000000000 ) ) ;
#1762 = ADVANCED_FACE ( 'NONE', ( #819 ), #982, .F. ) ;
#1763 = ORIENTED_EDGE ( 'NONE', *, *, #533, .F. ) ;
#1764 = CARTESIAN_POINT ( 'NONE',  ( -11.99999999999999500, -14.17157287525381900, 2.652363307390232600 ) ) ;
#1765 = CARTESIAN_POINT ( 'NONE',  ( -20.49999999999998900, -17.50000000000000000, 6.299999999999998900 ) ) ;
#1766 = DIRECTION ( 'NONE',  ( 1.000000000000000000, 0.0000000000000000000, 0.0000000000000000000 ) ) ;
#1767 = EDGE_CURVE ( 'NONE', #965, #230, #374, .T. ) ;
#1768 = DIRECTION ( 'NONE',  ( -0.0000000000000000000, 0.0000000000000000000, -1.000000000000000000 ) ) ;
#1769 = VECTOR ( 'NONE', #1071, 1000.000000000000100 ) ;
#1770 = CIRCLE ( 'NONE', #612, 6.500000000000000900 ) ;
#1771 = PRODUCT ( 'Universal_button_eckig', 'Universal_button_eckig', '', ( #1086 ) ) ;
#1772 = CARTESIAN_POINT ( 'NONE',  ( -15.99999999999998600, -16.00000000000001100, -57.33961030678927500 ) ) ;
#1773 = FACE_OUTER_BOUND ( 'NONE', #1894, .T. ) ;
#1774 = VECTOR ( 'NONE', #1349, 1000.000000000000000 ) ;
#1775 = PLANE ( 'NONE',  #1663 ) ;
#1776 = COORDINATED_UNIVERSAL_TIME_OFFSET ( 1, 0, .AHEAD. ) ;
#1777 = PLANE ( 'NONE',  #1093 ) ;
#1778 = VECTOR ( 'NONE', #1019, 1000.000000000000000 ) ;
#1779 = DIRECTION ( 'NONE',  ( -3.491481338843133400E-015, 1.000000000000000000, 0.0000000000000000000 ) ) ;
#1780 = ADVANCED_FACE ( 'NONE', ( #870 ), #1552, .F. ) ;
#1781 = ORIENTED_EDGE ( 'NONE', *, *, #452, .F. ) ;
#1782 = EDGE_CURVE ( 'NONE', #1706, #380, #2061, .T. ) ;
#1783 = DIRECTION ( 'NONE',  ( -3.491481338843133400E-015, 1.000000000000000000, -0.0000000000000000000 ) ) ;
#1784 = EDGE_LOOP ( 'NONE', ( #1255, #1333, #1485 ) ) ;
#1785 = ORIENTED_EDGE ( 'NONE', *, *, #75, .T. ) ;
#1786 = AXIS2_PLACEMENT_3D ( 'NONE', #719, #1400, #2017 ) ;
#1787 = ORIENTED_EDGE ( 'NONE', *, *, #727, .F. ) ;
#1788 = VECTOR ( 'NONE', #2003, 1000.000000000000000 ) ;
#1789 = CARTESIAN_POINT ( 'NONE',  ( 22.50000000000000000, 4.000000000000079000, 12.20000000000000500 ) ) ;
#1790 = ORIENTED_EDGE ( 'NONE', *, *, #640, .F. ) ;
#1791 = CARTESIAN_POINT ( 'NONE',  ( 22.50000000000002800, -3.999999999999921000, 13.00000000000000000 ) ) ;
#1792 = CARTESIAN_POINT ( 'NONE',  ( -4.000000000000000000, -21.20000000000001400, 13.00000000000000500 ) ) ;
#1793 = EDGE_CURVE ( 'NONE', #105, #44, #1958, .T. ) ;
#1794 = VECTOR ( 'NONE', #28, 1000.000000000000000 ) ;
#1795 = EDGE_CURVE ( 'NONE', #806, #902, #474, .T. ) ;
#1796 = LINE ( 'NONE', #1621, #2054 ) ;
#1797 = VECTOR ( 'NONE', #839, 1000.000000000000100 ) ;
#1798 = VECTOR ( 'NONE', #1761, 1000.000000000000000 ) ;
#1799 = AXIS2_PLACEMENT_3D ( 'NONE', #305, #1779, #816 ) ;
#1800 = CARTESIAN_POINT ( 'NONE',  ( 11.17157287525381200, -15.00000000000000900, 2.724841289362891100 ) ) ;
#1801 = DIRECTION ( 'NONE',  ( -0.0000000000000000000, 0.0000000000000000000, -1.000000000000000000 ) ) ;
#1802 = ADVANCED_FACE ( 'NONE', ( #685 ), #502, .F. ) ;
#1803 = DIRECTION ( 'NONE',  ( -1.000000000000000000, -2.478176394252581100E-016, 0.0000000000000000000 ) ) ;
#1804 = ORIENTED_EDGE ( 'NONE', *, *, #64, .F. ) ;
#1805 = VECTOR ( 'NONE', #1955, 1000.000000000000000 ) ;
#1806 = CARTESIAN_POINT ( 'NONE',  ( 5.000000000000005300, -14.17157287525381900, 2.652363307390225500 ) ) ;
#1807 = ORIENTED_EDGE ( 'NONE', *, *, #181, .T. ) ;
#1808 = VERTEX_POINT ( 'NONE', #847 ) ;
#1809 = ORIENTED_EDGE ( 'NONE', *, *, #1622, .F. ) ;
#1810 = DIRECTION ( 'NONE',  ( -0.0000000000000000000, -0.0000000000000000000, 1.000000000000000000 ) ) ;
#1811 = EDGE_CURVE ( 'NONE', #1604, #105, #1526, .T. ) ;
#1812 = EDGE_LOOP ( 'NONE', ( #303, #614, #1553, #351 ) ) ;
#1813 = DIRECTION ( 'NONE',  ( -2.478176394252582100E-016, 1.000000000000000000, 0.0000000000000000000 ) ) ;
#1814 = ORIENTED_EDGE ( 'NONE', *, *, #210, .T. ) ;
#1815 = CARTESIAN_POINT ( 'NONE',  ( -37.06302731946521300, -1.000000000000000000, 1.500000000000001300 ) ) ;
#1816 = EDGE_LOOP ( 'NONE', ( #1015, #439, #825, #279 ) ) ;
#1817 = CARTESIAN_POINT ( 'NONE',  ( 23.99999999999999600, -16.99999999999999600, 13.00000000000000000 ) ) ;
#1818 = DIRECTION ( 'NONE',  ( 1.000000000000000000, 0.0000000000000000000, 0.0000000000000000000 ) ) ;
#1819 = CARTESIAN_POINT ( 'NONE',  ( 7.000000000000004400, 12.99999999999999500, -29.30584360149872900 ) ) ;
#1820 = DIRECTION ( 'NONE',  ( -0.0000000000000000000, -0.0000000000000000000, -1.000000000000000000 ) ) ;
#1821 = DIRECTION ( 'NONE',  ( -1.000000000000000000, -3.491481338843133400E-015, 4.003208021484942500E-015 ) ) ;
#1822 = FACE_OUTER_BOUND ( 'NONE', #1460, .T. ) ;
#1823 = LINE ( 'NONE', #1920, #1343 ) ;
#1824 = EDGE_CURVE ( 'NONE', #385, #1660, #967, .T. ) ;
#1825 = LINE ( 'NONE', #182, #1518 ) ;
#1826 = CYLINDRICAL_SURFACE ( 'NONE', #1898, 0.2199999999999997000 ) ;
#1827 = AXIS2_PLACEMENT_3D ( 'NONE', #1938, #959, #1299 ) ;
#1828 = CARTESIAN_POINT ( 'NONE',  ( -4.000000000000000000, 0.0000000000000000000, 0.0000000000000000000 ) ) ;
#1829 = ORIENTED_EDGE ( 'NONE', *, *, #820, .T. ) ;
#1830 = DIRECTION ( 'NONE',  ( 0.0000000000000000000, 0.0000000000000000000, -1.000000000000000000 ) ) ;
#1831 = PERSON_AND_ORGANIZATION ( #2113, #738 ) ;
#1832 = LINE ( 'NONE', #1789, #1406 ) ;
#1833 = VERTEX_POINT ( 'NONE', #987 ) ;
#1834 = DIRECTION ( 'NONE',  ( 0.0000000000000000000, -0.0000000000000000000, 1.000000000000000000 ) ) ;
#1835 = ORIENTED_EDGE ( 'NONE', *, *, #2013, .F. ) ;
#1836 = ORIENTED_EDGE ( 'NONE', *, *, #708, .T. ) ;
#1837 = EDGE_CURVE ( 'NONE', #324, #1912, #767, .T. ) ;
#1838 = CARTESIAN_POINT ( 'NONE',  ( 10.00000000000000200, -15.00000000000000700, 2.724841289362891100 ) ) ;
#1839 = DIRECTION ( 'NONE',  ( -0.0000000000000000000, -1.000000000000000000, -0.0000000000000000000 ) ) ;
#1840 = EDGE_LOOP ( 'NONE', ( #1335, #3, #728, #1511 ) ) ;
#1841 = EDGE_CURVE ( 'NONE', #1614, #536, #271, .T. ) ;
#1842 = CARTESIAN_POINT ( 'NONE',  ( -22.49999999999999300, 15.99999999999999300, 13.00000000000000000 ) ) ;
#1843 = ORIENTED_EDGE ( 'NONE', *, *, #1475, .F. ) ;
#1844 = VERTEX_POINT ( 'NONE', #372 ) ;
#1845 = DIRECTION ( 'NONE',  ( 1.000000000000000000, 0.0000000000000000000, 0.0000000000000000000 ) ) ;
#1846 = CARTESIAN_POINT ( 'NONE',  ( 12.00000000000000400, 14.17157287525380500, 2.652363307390225100 ) ) ;
#1847 = CARTESIAN_POINT ( 'NONE',  ( -22.49999999999997900, -4.000000000000079000, 13.00000000000000000 ) ) ;
#1848 = CARTESIAN_POINT ( 'NONE',  ( -20.49999999999998900, -20.49999999999996800, 1.499999999999999600 ) ) ;
#1849 = FACE_OUTER_BOUND ( 'NONE', #1864, .T. ) ;
#1850 = LINE ( 'NONE', #40, #1774 ) ;
#1851 = DIRECTION ( 'NONE',  ( 0.0000000000000000000, -0.8516583167045436200, -0.5240974256643351500 ) ) ;
#1852 = EDGE_CURVE ( 'NONE', #681, #2090, #1146, .T. ) ;
#1853 = DIRECTION ( 'NONE',  ( -1.000000000000000000, -3.491481338843133400E-015, 4.003208021484942500E-015 ) ) ;
#1854 = CARTESIAN_POINT ( 'NONE',  ( 15.99999999999999600, 22.49999999999999300, -57.33961030678927500 ) ) ;
#1855 = CARTESIAN_POINT ( 'NONE',  ( 12.00000000000000400, -15.00000000000000700, 1.500000000000001300 ) ) ;
#1856 = EDGE_LOOP ( 'NONE', ( #432, #1464, #58, #899 ) ) ;
#1857 = VECTOR ( 'NONE', #567, 1000.000000000000000 ) ;
#1858 = AXIS2_PLACEMENT_3D ( 'NONE', #1744, #84, #274 ) ;
#1859 = ORIENTED_EDGE ( 'NONE', *, *, #276, .T. ) ;
#1860 = VERTEX_POINT ( 'NONE', #1209 ) ;
#1861 = CARTESIAN_POINT ( 'NONE',  ( -4.000000000000000000, -21.97726928186805000, 13.00000000000000000 ) ) ;
#1862 = ORIENTED_EDGE ( 'NONE', *, *, #637, .T. ) ;
#1863 = EDGE_CURVE ( 'NONE', #1562, #1980, #296, .T. ) ;
#1864 = EDGE_LOOP ( 'NONE', ( #1380, #985, #785, #998, #1356, #1608, #1329, #1044 ) ) ;
#1865 = CARTESIAN_POINT ( 'NONE',  ( -7.000000000000002700, 14.99999999999999300, 2.724841289362890200 ) ) ;
#1866 = ORIENTED_EDGE ( 'NONE', *, *, #263, .F. ) ;
#1867 = AXIS2_PLACEMENT_3D ( 'NONE', #2034, #1272, #1592 ) ;
#1868 = CARTESIAN_POINT ( 'NONE',  ( 23.99999999999999600, 24.00000000000000400, 13.00000000000000000 ) ) ;
#1869 = EDGE_LOOP ( 'NONE', ( #1732, #1434, #1763, #499 ) ) ;
#1870 = CARTESIAN_POINT ( 'NONE',  ( 12.00000000000000400, -15.00000000000000700, 1.500000000000001300 ) ) ;
#1871 = AXIS2_PLACEMENT_3D ( 'NONE', #180, #840, #352 ) ;
#1872 = DIRECTION ( 'NONE',  ( 1.000000000000000000, 0.0000000000000000000, -0.0000000000000000000 ) ) ;
#1873 = VECTOR ( 'NONE', #729, 1000.000000000000000 ) ;
#1874 = CARTESIAN_POINT ( 'NONE',  ( 21.86196784822188000, 4.000000000000076400, 12.59263517032500000 ) ) ;
#1875 = PLANE ( 'NONE',  #541 ) ;
#1876 = FACE_OUTER_BOUND ( 'NONE', #1816, .T. ) ;
#1877 = CARTESIAN_POINT ( 'NONE',  ( 12.00000000000000400, 14.99999999999999500, 1.500000000000001300 ) ) ;
#1878 = DIRECTION ( 'NONE',  ( 0.0000000000000000000, 0.0000000000000000000, -1.000000000000000000 ) ) ;
#1879 = ADVANCED_FACE ( 'NONE', ( #122 ), #710, .F. ) ;
#1880 = EDGE_CURVE ( 'NONE', #1070, #1028, #1381, .T. ) ;
#1881 = VERTEX_POINT ( 'NONE', #201 ) ;
#1882 = CARTESIAN_POINT ( 'NONE',  ( -11.99999999999999600, -15.00000000000001100, -29.30584360149872900 ) ) ;
#1883 = AXIS2_PLACEMENT_3D ( 'NONE', #55, #220, #1910 ) ;
#1884 = CARTESIAN_POINT ( 'NONE',  ( 0.0000000000000000000, 0.0000000000000000000, 0.0000000000000000000 ) ) ;
#1885 = FACE_OUTER_BOUND ( 'NONE', #801, .T. ) ;
#1886 = EDGE_LOOP ( 'NONE', ( #72, #1040, #253, #777 ) ) ;
#1887 = LINE ( 'NONE', #1262, #584 ) ;
#1888 = PLANE ( 'NONE',  #1756 ) ;
#1889 = DIRECTION ( 'NONE',  ( 0.0000000000000000000, -1.000000000000000000, -0.0000000000000000000 ) ) ;
#1890 = ORIENTED_EDGE ( 'NONE', *, *, #1618, .T. ) ;
#1891 = ORIENTED_EDGE ( 'NONE', *, *, #665, .F. ) ;
#1892 = EDGE_LOOP ( 'NONE', ( #798, #494, #1144, #1785, #1628, #1150, #1804, #358, #1940, #1943, #76, #1311, #2006, #641, #332, #1573 ) ) ;
#1893 = CARTESIAN_POINT ( 'NONE',  ( -12.00000000000000000, -0.9999999999999941200, 1.500000000000000900 ) ) ;
#1894 = EDGE_LOOP ( 'NONE', ( #611, #193, #948, #1408 ) ) ;
#1895 = EDGE_CURVE ( 'NONE', #479, #1440, #1043, .T. ) ;
#1896 = CARTESIAN_POINT ( 'NONE',  ( 20.50000000000000400, -20.50000000000000400, 6.299999999999998900 ) ) ;
#1897 =( BOUNDED_CURVE ( )  B_SPLINE_CURVE ( 3, ( #1354, #344, #686, #59 ),
 .UNSPECIFIED., .F., .F. ) 
 B_SPLINE_CURVE_WITH_KNOTS ( ( 4, 4 ),
 ( 1.570796326794897400, 3.141592653589794000 ),
 .UNSPECIFIED. ) 
 CURVE ( )  GEOMETRIC_REPRESENTATION_ITEM ( )  RATIONAL_B_SPLINE_CURVE ( ( 1.000000000000000000, 0.8047378541243649400, 0.8047378541243649400, 1.000000000000000000 ) ) 
 REPRESENTATION_ITEM ( '' )  );
#1898 = AXIS2_PLACEMENT_3D ( 'NONE', #445, #2051, #256 ) ;
#1899 = DIRECTION ( 'NONE',  ( -1.000000000000000000, 0.0000000000000000000, -0.0000000000000000000 ) ) ;
#1900 = PERSON_AND_ORGANIZATION_ROLE ( 'creator' ) ;
#1901 = VECTOR ( 'NONE', #1096, 1000.000000000000000 ) ;
#1902 = ADVANCED_FACE ( 'NONE', ( #1885 ), #869, .F. ) ;
#1903 = CYLINDRICAL_SURFACE ( 'NONE', #1170, 6.999999999999999100 ) ;
#1904 = DIRECTION ( 'NONE',  ( -0.0000000000000000000, 0.0000000000000000000, 1.000000000000000000 ) ) ;
#1905 = SECURITY_CLASSIFICATION_LEVEL ( 'unclassified' ) ;
#1906 = EDGE_CURVE ( 'NONE', #1364, #1452, #742, .T. ) ;
#1907 = PLANE ( 'NONE',  #1387 ) ;
#1908 = ORIENTED_EDGE ( 'NONE', *, *, #1575, .F. ) ;
#1909 = EDGE_CURVE ( 'NONE', #2090, #800, #45, .T. ) ;
#1910 = DIRECTION ( 'NONE',  ( 0.0000000000000000000, 0.0000000000000000000, -1.000000000000000000 ) ) ;
#1911 = DIRECTION ( 'NONE',  ( 0.0000000000000000000, 0.9961946980917457700, -0.08715574274765487700 ) ) ;
#1912 = VERTEX_POINT ( 'NONE', #1285 ) ;
#1913 = VECTOR ( 'NONE', #1348, 1000.000000000000200 ) ;
#1914 = ORIENTED_EDGE ( 'NONE', *, *, #533, .T. ) ;
#1915 = DIRECTION ( 'NONE',  ( 3.491481338843133700E-015, -1.000000000000000000, -5.678145505697022100E-032 ) ) ;
#1916 = CARTESIAN_POINT ( 'NONE',  ( 16.00000000000000000, 15.99999999999999300, 13.00000000000000000 ) ) ;
#1917 = ORIENTED_EDGE ( 'NONE', *, *, #2094, .F. ) ;
#1918 = DIRECTION ( 'NONE',  ( 1.000000000000000000, 0.0000000000000000000, 0.0000000000000000000 ) ) ;
#1919 = EDGE_CURVE ( 'NONE', #555, #1089, #2110, .T. ) ;
#1920 = CARTESIAN_POINT ( 'NONE',  ( -37.06302731946521300, -1.000000000000000000, 1.500000000000001300 ) ) ;
#1921 = ADVANCED_FACE ( 'NONE', ( #1934 ), #1960, .F. ) ;
#1922 = AXIS2_PLACEMENT_3D ( 'NONE', #1974, #188, #1768 ) ;
#1923 = LINE ( 'NONE', #1340, #568 ) ;
#1924 = CARTESIAN_POINT ( 'NONE',  ( -11.99999999999999600, -15.00000000000001100, -29.30584360149872900 ) ) ;
#1925 = CYLINDRICAL_SURFACE ( 'NONE', #1210, 2.000000000000000000 ) ;
#1926 = LINE ( 'NONE', #1994, #676 ) ;
#1927 = CARTESIAN_POINT ( 'NONE',  ( -11.99999999999999600, -13.00000000000001100, 2.549863962311050600 ) ) ;
#1928 = VECTOR ( 'NONE', #519, 1000.000000000000000 ) ;
#1929 = DIRECTION ( 'NONE',  ( -1.000000000000000000, -0.0000000000000000000, -0.0000000000000000000 ) ) ;
#1930 = CARTESIAN_POINT ( 'NONE',  ( -9.999999999999996400, -15.00000000000001100, 1.500000000000001300 ) ) ;
#1931 = ORIENTED_EDGE ( 'NONE', *, *, #620, .F. ) ;
#1932 = EDGE_CURVE ( 'NONE', #1, #861, #1574, .T. ) ;
#1933 = DIRECTION ( 'NONE',  ( -0.0000000000000000000, -0.8516583167045451700, 0.5240974256643325900 ) ) ;
#1934 = FACE_OUTER_BOUND ( 'NONE', #606, .T. ) ;
#1935 = AXIS2_PLACEMENT_3D ( 'NONE', #336, #1488, #1963 ) ;
#1936 = ORIENTED_EDGE ( 'NONE', *, *, #823, .F. ) ;
#1937 = VECTOR ( 'NONE', #1933, 1000.000000000000200 ) ;
#1938 = CARTESIAN_POINT ( 'NONE',  ( 10.00000000000000400, 12.99999999999999500, 1.500000000000001300 ) ) ;
#1939 = ORIENTED_EDGE ( 'NONE', *, *, #1863, .T. ) ;
#1940 = ORIENTED_EDGE ( 'NONE', *, *, #949, .T. ) ;
#1941 = ORIENTED_EDGE ( 'NONE', *, *, #9, .F. ) ;
#1942 = PLANE ( 'NONE',  #796 ) ;
#1943 = ORIENTED_EDGE ( 'NONE', *, *, #131, .F. ) ;
#1944 = EDGE_LOOP ( 'NONE', ( #1665, #919, #1352, #396 ) ) ;
#1945 = DIRECTION ( 'NONE',  ( 1.000000000000000000, 0.0000000000000000000, 0.0000000000000000000 ) ) ;
#1946 = EDGE_CURVE ( 'NONE', #1704, #1844, #150, .T. ) ;
#1947 = PLANE ( 'NONE',  #596 ) ;
#1948 = EDGE_CURVE ( 'NONE', #1028, #162, #1068, .T. ) ;
#1949 = EDGE_LOOP ( 'NONE', ( #1757, #1807, #103, #1313 ) ) ;
#1950 = LINE ( 'NONE', #70, #1645 ) ;
#1951 = LINE ( 'NONE', #766, #1516 ) ;
#1952 = AXIS2_PLACEMENT_3D ( 'NONE', #510, #683, #672 ) ;
#1953 = VECTOR ( 'NONE', #170, 1000.000000000000000 ) ;
#1954 = LINE ( 'NONE', #880, #141 ) ;
#1955 = DIRECTION ( 'NONE',  ( -0.0000000000000000000, -0.0000000000000000000, 1.000000000000000000 ) ) ;
#1956 = ADVANCED_FACE ( 'NONE', ( #1300 ), #1537, .F. ) ;
#1957 = ORIENTED_EDGE ( 'NONE', *, *, #329, .F. ) ;
#1958 = CIRCLE ( 'NONE', #1327, 6.999999999999999100 ) ;
#1959 = EDGE_CURVE ( 'NONE', #861, #1277, #635, .T. ) ;
#1960 = PLANE ( 'NONE',  #953 ) ;
#1961 = ORIENTED_EDGE ( 'NONE', *, *, #1824, .T. ) ;
#1962 = VERTEX_POINT ( 'NONE', #1220 ) ;
#1963 = DIRECTION ( 'NONE',  ( -0.0000000000000000000, 0.0000000000000000000, -1.000000000000000000 ) ) ;
#1964 = VERTEX_POINT ( 'NONE', #889 ) ;
#1965 = SECURITY_CLASSIFICATION ( '', '', #1905 ) ;
#1966 = ORIENTED_EDGE ( 'NONE', *, *, #64, .T. ) ;
#1967 = CARTESIAN_POINT ( 'NONE',  ( 5.828427124746196100, -15.00000000000000900, 2.724841289362891100 ) ) ;
#1968 = DIRECTION ( 'NONE',  ( 0.0000000000000000000, 0.0000000000000000000, -1.000000000000000000 ) ) ;
#1969 = EDGE_CURVE ( 'NONE', #1231, #1164, #1985, .T. ) ;
#1970 = FACE_OUTER_BOUND ( 'NONE', #1051, .T. ) ;
#1971 = AXIS2_PLACEMENT_3D ( 'NONE', #1986, #1148, #655 ) ;
#1972 = VECTOR ( 'NONE', #1055, 1000.000000000000000 ) ;
#1973 = CYLINDRICAL_SURFACE ( 'NONE', #1666, 6.499999999999999100 ) ;
#1974 = CARTESIAN_POINT ( 'NONE',  ( -1.396592535537253300E-014, 4.000000000000000000, 0.0000000000000000000 ) ) ;
#1975 = LINE ( 'NONE', #257, #1696 ) ;
#1976 = PLANE ( 'NONE',  #1323 ) ;
#1977 = PERSON_AND_ORGANIZATION ( #2113, #738 ) ;
#1978 = CARTESIAN_POINT ( 'NONE',  ( 20.50000000000000400, -17.50000000000000000, 6.299999999999998900 ) ) ;
#1979 = VECTOR ( 'NONE', #1582, 1000.000000000000000 ) ;
#1980 = VERTEX_POINT ( 'NONE', #2021 ) ;
#1981 = DATE_AND_TIME ( #795, #191 ) ;
#1982 = CARTESIAN_POINT ( 'NONE',  ( -22.49999999999999300, -16.00000000000001800, -57.33961030678927500 ) ) ;
#1983 = ORIENTED_EDGE ( 'NONE', *, *, #1369, .F. ) ;
#1984 =( BOUNDED_CURVE ( )  B_SPLINE_CURVE ( 3, ( #1865, #892, #900, #1382 ),
 .UNSPECIFIED., .F., .F. ) 
 B_SPLINE_CURVE_WITH_KNOTS ( ( 4, 4 ),
 ( 3.141592653589793600, 4.712388980384688800 ),
 .UNSPECIFIED. ) 
 CURVE ( )  GEOMETRIC_REPRESENTATION_ITEM ( )  RATIONAL_B_SPLINE_CURVE ( ( 1.000000000000000000, 0.8047378541243652700, 0.8047378541243652700, 1.000000000000000000 ) ) 
 REPRESENTATION_ITEM ( '' )  );
#1985 = LINE ( 'NONE', #1854, #963 ) ;
#1986 = CARTESIAN_POINT ( 'NONE',  ( 4.000000000000000000, 21.97726928186802200, 12.77999999999999900 ) ) ;
#1987 = ORIENTED_EDGE ( 'NONE', *, *, #2027, .F. ) ;
#1988 = DIRECTION ( 'NONE',  ( 0.0000000000000000000, -0.0000000000000000000, 1.000000000000000000 ) ) ;
#1989 = AXIS2_PLACEMENT_3D ( 'NONE', #630, #810, #1766 ) ;
#1990 = EDGE_LOOP ( 'NONE', ( #1457, #1500, #632, #354, #1655, #51, #714, #277, #349, #1127, #1049, #2035, #718, #1676, #6, #475 ) ) ;
#1991 = EDGE_LOOP ( 'NONE', ( #687, #2041, #1936, #1525, #721, #242, #1199, #155, #153, #483, #1222, #403, #1226, #1269, #774, #565, #1987, #736, #1116, #1412, #794, #1843, #1529, #2037 ) ) ;
#1992 = CARTESIAN_POINT ( 'NONE',  ( -21.20000000000000600, 3.999999999999926300, 13.00000000000000000 ) ) ;
#1993 = ORIENTED_EDGE ( 'NONE', *, *, #1722, .F. ) ;
#1994 = CARTESIAN_POINT ( 'NONE',  ( -11.99999999999999600, -13.00000000000001100, 1.500000000000001300 ) ) ;
#1995 = ORIENTED_EDGE ( 'NONE', *, *, #1351, .T. ) ;
#1996 = CARTESIAN_POINT ( 'NONE',  ( -15.99999999999999300, 22.49999999999999300, -57.33961030678927500 ) ) ;
#1997 = ORIENTED_EDGE ( 'NONE', *, *, #1407, .T. ) ;
#1998 = CIRCLE ( 'NONE', #250, 0.2200000000000014400 ) ;
#1999 = LINE ( 'NONE', #1544, #706 ) ;
#2000 = EDGE_CURVE ( 'NONE', #248, #741, #580, .T. ) ;
#2001 = VECTOR ( 'NONE', #47, 1000.000000000000000 ) ;
#2002 = CARTESIAN_POINT ( 'NONE',  ( 21.97726928186806500, -3.999999999999922700, 13.00000000000000200 ) ) ;
#2003 = DIRECTION ( 'NONE',  ( 1.000000000000000000, -0.0000000000000000000, -0.0000000000000000000 ) ) ;
#2004 = DIRECTION ( 'NONE',  ( -0.0000000000000000000, 0.0000000000000000000, -1.000000000000000000 ) ) ;
#2005 = VECTOR ( 'NONE', #1189, 1000.000000000000000 ) ;
#2006 = ORIENTED_EDGE ( 'NONE', *, *, #1421, .T. ) ;
#2007 = LINE ( 'NONE', #1613, #1119 ) ;
#2008 = CARTESIAN_POINT ( 'NONE',  ( 0.0000000000000000000, 0.0000000000000000000, 13.00000000000000000 ) ) ;
#2009 = CARTESIAN_POINT ( 'NONE',  ( -4.000000000000000000, 21.86196784822187000, 12.59263517032500000 ) ) ;
#2010 = CARTESIAN_POINT ( 'NONE',  ( -10.00000000000000200, 14.99999999999999300, 2.724841289362890200 ) ) ;
#2011 = ORIENTED_EDGE ( 'NONE', *, *, #1524, .T. ) ;
#2012 = ORIENTED_EDGE ( 'NONE', *, *, #259, .T. ) ;
#2013 = EDGE_CURVE ( 'NONE', #1274, #16, #419, .T. ) ;
#2014 = CARTESIAN_POINT ( 'NONE',  ( -22.49999999999999300, 15.99999999999999300, 6.299999999999999800 ) ) ;
#2015 = ORIENTED_EDGE ( 'NONE', *, *, #1338, .F. ) ;
#2016 = EDGE_CURVE ( 'NONE', #1203, #1604, #1549, .T. ) ;
#2017 = DIRECTION ( 'NONE',  ( 1.000000000000000000, 0.0000000000000000000, 0.0000000000000000000 ) ) ;
#2018 = EDGE_LOOP ( 'NONE', ( #1510, #2086, #877, #1738, #1330, #1507, #345, #1939 ) ) ;
#2019 = ORIENTED_EDGE ( 'NONE', *, *, #765, .F. ) ;
#2020 = AXIS2_PLACEMENT_3D ( 'NONE', #1161, #1988, #1482 ) ;
#2021 = CARTESIAN_POINT ( 'NONE',  ( 22.50000000000000400, 15.99999999999999300, 6.299999999999999800 ) ) ;
#2022 = LINE ( 'NONE', #215, #1260 ) ;
#2023 = EDGE_CURVE ( 'NONE', #407, #105, #18, .T. ) ;
#2024 = LINE ( 'NONE', #251, #1109 ) ;
#2025 = VECTOR ( 'NONE', #601, 1000.000000000000000 ) ;
#2026 = DIRECTION ( 'NONE',  ( 0.8516583167045451700, 0.0000000000000000000, 0.5240974256643325900 ) ) ;
#2027 = EDGE_CURVE ( 'NONE', #1707, #1021, #1142, .T. ) ;
#2028 = CARTESIAN_POINT ( 'NONE',  ( 21.97726928186803600, 4.000000000000077300, 13.00000000000000200 ) ) ;
#2029 = AXIS2_PLACEMENT_3D ( 'NONE', #1000, #514, #1162 ) ;
#2030 = DIRECTION ( 'NONE',  ( -1.000000000000000000, -3.491481338843133400E-015, 0.0000000000000000000 ) ) ;
#2031 = LINE ( 'NONE', #934, #41 ) ;
#2032 = VERTEX_POINT ( 'NONE', #1214 ) ;
#2033 = CC_DESIGN_APPROVAL ( #1746, ( #1639 ) ) ;
#2034 = CARTESIAN_POINT ( 'NONE',  ( 12.00000000000000400, -15.00000000000000700, -29.30584360149872900 ) ) ;
#2035 = ORIENTED_EDGE ( 'NONE', *, *, #862, .T. ) ;
#2036 = ORIENTED_EDGE ( 'NONE', *, *, #1499, .T. ) ;
#2037 = ORIENTED_EDGE ( 'NONE', *, *, #1618, .F. ) ;
#2038 = DIRECTION ( 'NONE',  ( 3.491481338843133400E-015, -1.000000000000000000, -0.0000000000000000000 ) ) ;
#2039 = ADVANCED_FACE ( 'NONE', ( #316 ), #1875, .F. ) ;
#2040 = APPLICATION_CONTEXT ( 'configuration controlled 3d designs of mechanical parts and assemblies' ) ;
#2041 = ORIENTED_EDGE ( 'NONE', *, *, #1522, .T. ) ;
#2042 = ORIENTED_EDGE ( 'NONE', *, *, #2043, .F. ) ;
#2043 = EDGE_CURVE ( 'NONE', #409, #423, #2106, .T. ) ;
#2044 = ORIENTED_EDGE ( 'NONE', *, *, #1145, .F. ) ;
#2045 = DIRECTION ( 'NONE',  ( 0.0000000000000000000, -0.9961946980917457700, 0.08715574274765487700 ) ) ;
#2046 = EDGE_LOOP ( 'NONE', ( #1195, #668, #894, #1637 ) ) ;
#2047 = CARTESIAN_POINT ( 'NONE',  ( -17.00000000000000400, 16.99999999999998900, 13.00000000000000000 ) ) ;
#2048 = AXIS2_PLACEMENT_3D ( 'NONE', #808, #456, #2084 ) ;
#2049 = LINE ( 'NONE', #1749, #1059 ) ;
#2050 = VECTOR ( 'NONE', #2045, 1000.000000000000100 ) ;
#2051 = DIRECTION ( 'NONE',  ( -1.000000000000000000, 0.0000000000000000000, 0.0000000000000000000 ) ) ;
#2052 = CARTESIAN_POINT ( 'NONE',  ( 16.00000000000000700, -22.50000000000001100, -57.33961030678927500 ) ) ;
#2053 = APPROVAL_ROLE ( '' ) ;
#2054 = VECTOR ( 'NONE', #1783, 1000.000000000000000 ) ;
#2055 = CIRCLE ( 'NONE', #852, 6.999999999999999100 ) ;
#2056 = EDGE_CURVE ( 'NONE', #1844, #1506, #633, .T. ) ;
#2057 = CARTESIAN_POINT ( 'NONE',  ( 5.000000000000004400, 1.000000000000000000, 1.500000000000001300 ) ) ;
#2058 = CARTESIAN_POINT ( 'NONE',  ( -22.49999999999999300, 15.99999999999999300, -57.33961030678927500 ) ) ;
#2059 = CARTESIAN_POINT ( 'NONE',  ( -21.97726928186802200, -7.673322557637264900E-014, 12.77999999999999900 ) ) ;
#2060 = ORIENTED_EDGE ( 'NONE', *, *, #1509, .T. ) ;
#2061 = LINE ( 'NONE', #997, #1353 ) ;
#2062 = DIRECTION ( 'NONE',  ( -1.000000000000000000, 0.0000000000000000000, 0.0000000000000000000 ) ) ;
#2063 = CARTESIAN_POINT ( 'NONE',  ( 20.50000000000000400, 17.50000000000000000, 6.299999999999998900 ) ) ;
#2064 = ORIENTED_EDGE ( 'NONE', *, *, #693, .F. ) ;
#2065 = ORIENTED_EDGE ( 'NONE', *, *, #233, .F. ) ;
#2066 = CARTESIAN_POINT ( 'NONE',  ( -5.000000000000000000, 0.9999999999999817900, 1.500000000000001300 ) ) ;
#2067 = VERTEX_POINT ( 'NONE', #1371 ) ;
#2068 = CARTESIAN_POINT ( 'NONE',  ( 22.50000000000000700, -16.00000000000001800, 6.299999999999999800 ) ) ;
#2069 = ORIENTED_EDGE ( 'NONE', *, *, #1351, .F. ) ;
#2070 = EDGE_CURVE ( 'NONE', #74, #946, #1724, .T. ) ;
#2071 = ORIENTED_EDGE ( 'NONE', *, *, #1435, .T. ) ;
#2072 = CARTESIAN_POINT ( 'NONE',  ( 23.99999999999999600, 24.00000000000000400, 0.0000000000000000000 ) ) ;
#2073 = DIRECTION ( 'NONE',  ( 0.5240974256643351500, 1.829876381442752400E-015, 0.8516583167045436200 ) ) ;
#2074 = CARTESIAN_POINT ( 'NONE',  ( 23.99999999999999600, -23.99999999999999600, 13.00000000000000000 ) ) ;
#2075 = CYLINDRICAL_SURFACE ( 'NONE', #347, 0.2200000000000014400 ) ;
#2076 = LINE ( 'NONE', #2063, #1594 ) ;
#2077 = CARTESIAN_POINT ( 'NONE',  ( -17.00000000000000400, 16.99999999999998900, 13.00000000000000000 ) ) ;
#2078 = CARTESIAN_POINT ( 'NONE',  ( 10.00000000000000200, -15.00000000000000700, 2.724841289362891100 ) ) ;
#2079 = EDGE_CURVE ( 'NONE', #74, #1704, #1298, .T. ) ;
#2080 = EDGE_LOOP ( 'NONE', ( #500, #221, #1993, #2042 ) ) ;
#2081 = VECTOR ( 'NONE', #554, 1000.000000000000000 ) ;
#2082 = ORIENTED_EDGE ( 'NONE', *, *, #1499, .F. ) ;
#2083 = DIRECTION ( 'NONE',  ( 2.478176394252581100E-016, -1.000000000000000000, 0.0000000000000000000 ) ) ;
#2084 = DIRECTION ( 'NONE',  ( -1.000000000000000000, -3.942553354492717800E-015, 0.0000000000000000000 ) ) ;
#2085 = ORIENTED_EDGE ( 'NONE', *, *, #750, .T. ) ;
#2086 = ORIENTED_EDGE ( 'NONE', *, *, #503, .T. ) ;
#2087 = VERTEX_POINT ( 'NONE', #1584 ) ;
#2088 = FACE_OUTER_BOUND ( 'NONE', #69, .T. ) ;
#2089 = ORIENTED_EDGE ( 'NONE', *, *, #1167, .T. ) ;
#2090 = VERTEX_POINT ( 'NONE', #1684 ) ;
#2091 = CARTESIAN_POINT ( 'NONE',  ( 23.99999999999999600, 24.00000000000000400, 13.00000000000000000 ) ) ;
#2092 = VERTEX_POINT ( 'NONE', #2009 ) ;
#2093 = CARTESIAN_POINT ( 'NONE',  ( 23.99999999999999600, -16.99999999999999600, 13.00000000000000000 ) ) ;
#2094 = EDGE_CURVE ( 'NONE', #1428, #1660, #496, .T. ) ;
#2095 = AXIS2_PLACEMENT_3D ( 'NONE', #1283, #807, #297 ) ;
#2096 = DIRECTION ( 'NONE',  ( 1.000000000000000000, -0.0000000000000000000, -0.0000000000000000000 ) ) ;
#2097 = CARTESIAN_POINT ( 'NONE',  ( -15.99999999999999300, 15.99999999999999300, 6.299999999999999800 ) ) ;
#2098 = ADVANCED_FACE ( 'NONE', ( #522 ), #764, .F. ) ;
#2099 = LINE ( 'NONE', #1690, #1769 ) ;
#2100 = VECTOR ( 'NONE', #1878, 1000.000000000000000 ) ;
#2101 = DIRECTION ( 'NONE',  ( -0.0000000000000000000, 0.0000000000000000000, -1.000000000000000000 ) ) ;
#2102 = FACE_OUTER_BOUND ( 'NONE', #1045, .T. ) ;
#2103 = LINE ( 'NONE', #1266, #444 ) ;
#2104 = PLANE ( 'NONE',  #1239 ) ;
#2105 = CARTESIAN_POINT ( 'NONE',  ( -24.00000000000000400, -17.00000000000000400, 13.00000000000000000 ) ) ;
#2106 = LINE ( 'NONE', #1205, #2005 ) ;
#2107 = EDGE_CURVE ( 'NONE', #806, #1094, #295, .T. ) ;
#2108 = CARTESIAN_POINT ( 'NONE',  ( -4.000000000000000000, -22.50000000000001400, 12.20000000000000500 ) ) ;
#2109 = CLOSED_SHELL ( 'NONE', ( #1307, #573, #1879, #1456, #917, #1405, #430, #1067, #1762, #1229, #1295, #1268, #753, #1092, #124, #1956, #1902, #1445, #94, #1121, #760, #1082, #740, #490, #1802, #1780, #1739, #1395, #938, #247, #106, #321, #268, #2098, #643, #1248, #830, #1715, #1641, #1568, #836, #1108, #258, #1625, #1325, #929, #2039, #629, #989, #604, #113, #1284, #1921, #134, #787, #472, #334, #1599, #618, #412, #1259, #776, #10 ) ) ;
#2110 = LINE ( 'NONE', #1304, #1245 ) ;
#2111 = ORIENTED_EDGE ( 'NONE', *, *, #936, .F. ) ;
#2112 = CIRCLE ( 'NONE', #1989, 6.999999999999999100 ) ;
#2113 = PERSON ( 'UNSPECIFIED', 'UNSPECIFIED', 'UNSPECIFIED', ('UNSPECIFIED'), ('UNSPECIFIED'), ('UNSPECIFIED') ) ;
#2114 = DIRECTION ( 'NONE',  ( 1.000000000000000000, 0.0000000000000000000, 0.0000000000000000000 ) ) ;
ENDSEC;
END-ISO-10303-21;
