solid bouton
facet normal 0.0 0.0 -1.0
outer loop
vertex 211.304808390589 50.0 0.0
vertex 161.304808390589 0.0 0.0
vertex 161.304808390589 50.0 0.0
endloop
endfacet
facet normal 0.0 0.0 -1.0
outer loop
vertex 161.304808390589 0.0 0.0
vertex 211.304808390589 50.0 0.0
vertex 211.304808390589 0.0 0.0
endloop
endfacet
facet normal 1.0 0.0 0.0
outer loop
vertex 163.304808390589 4.50000000000001 2.0
vertex 163.304808390589 2.0 32.0
vertex 163.304808390589 2.0 2.0
endloop
endfacet
facet normal 1.0 0.0 0.0
outer loop
vertex 163.304808390589 2.0 32.0
vertex 163.304808390589 4.50000000000001 2.0
vertex 163.304808390589 48.0 32.0
endloop
endfacet
facet normal 1.0 0.0 0.0
outer loop
vertex 163.304808390589 48.0 32.0
vertex 163.304808390589 4.50000000000001 2.0
vertex 163.304808390589 45.5 2.0
endloop
endfacet
facet normal 1.0 0.0 0.0
outer loop
vertex 163.304808390589 48.0 32.0
vertex 163.304808390589 45.5 2.0
vertex 163.304808390589 48.0 2.0
endloop
endfacet
facet normal 0.0 1.0 0.0
outer loop
vertex 163.304808390589 2.0 32.0
vertex 165.804808390589 2.0 2.0
vertex 163.304808390589 2.0 2.0
endloop
endfacet
facet normal 0.0 1.0 0.0
outer loop
vertex 165.804808390589 2.0 2.0
vertex 163.304808390589 2.0 32.0
vertex 206.804808390589 2.0 2.0
endloop
endfacet
facet normal 0.0 1.0 0.0
outer loop
vertex 206.804808390589 2.0 2.0
vertex 163.304808390589 2.0 32.0
vertex 209.304808390589 2.0 2.0
endloop
endfacet
facet normal 0.0 1.0 0.0
outer loop
vertex 209.304808390589 2.0 2.0
vertex 163.304808390589 2.0 32.0
vertex 209.304808390589 2.0 32.0
endloop
endfacet
facet normal -1.0 0.0 0.0
outer loop
vertex 209.304808390589 48.0 32.0
vertex 209.304808390589 2.0 2.0
vertex 209.304808390589 2.0 32.0
endloop
endfacet
facet normal -1.0 0.0 0.0
outer loop
vertex 209.304808390589 2.0 2.0
vertex 209.304808390589 48.0 32.0
vertex 209.304808390589 4.5 2.0
endloop
endfacet
facet normal -1.0 0.0 0.0
outer loop
vertex 209.304808390589 4.5 2.0
vertex 209.304808390589 48.0 32.0
vertex 209.304808390589 45.5 2.0
endloop
endfacet
facet normal -1.0 0.0 0.0
outer loop
vertex 209.304808390589 45.5 2.0
vertex 209.304808390589 48.0 32.0
vertex 209.304808390589 48.0 2.0
endloop
endfacet
facet normal 0.0 0.0 1.0
outer loop
vertex 161.304808390589 0.0 32.0
vertex 163.304808390589 2.0 32.0
vertex 161.304808390589 50.0 32.0
endloop
endfacet
facet normal 0.0 0.0 1.0
outer loop
vertex 163.304808390589 2.0 32.0
vertex 161.304808390589 0.0 32.0
vertex 211.304808390589 0.0 32.0
endloop
endfacet
facet normal 0.0 0.0 1.0
outer loop
vertex 163.304808390589 2.0 32.0
vertex 211.304808390589 0.0 32.0
vertex 209.304808390589 2.0 32.0
endloop
endfacet
facet normal 0.0 0.0 1.0
outer loop
vertex 209.304808390589 2.0 32.0
vertex 211.304808390589 0.0 32.0
vertex 209.304808390589 48.0 32.0
endloop
endfacet
facet normal 0.0 0.0 1.0
outer loop
vertex 161.304808390589 50.0 32.0
vertex 163.304808390589 48.0 32.0
vertex 211.304808390589 50.0 32.0
endloop
endfacet
facet normal 0.0 0.0 1.0
outer loop
vertex 163.304808390589 48.0 32.0
vertex 161.304808390589 50.0 32.0
vertex 163.304808390589 2.0 32.0
endloop
endfacet
facet normal 0.0 0.0 1.0
outer loop
vertex 211.304808390589 50.0 32.0
vertex 163.304808390589 48.0 32.0
vertex 209.304808390589 48.0 32.0
endloop
endfacet
facet normal 0.0 0.0 1.0
outer loop
vertex 211.304808390589 50.0 32.0
vertex 209.304808390589 48.0 32.0
vertex 211.304808390589 0.0 32.0
endloop
endfacet
facet normal 0.0 -1.0 0.0
outer loop
vertex 209.304808390589 48.0 32.0
vertex 206.804808390589 48.0 2.0
vertex 209.304808390589 48.0 2.0
endloop
endfacet
facet normal 0.0 -1.0 0.0
outer loop
vertex 206.804808390589 48.0 2.0
vertex 209.304808390589 48.0 32.0
vertex 165.804808390589 48.0 2.0
endloop
endfacet
facet normal 0.0 -1.0 0.0
outer loop
vertex 165.804808390589 48.0 2.0
vertex 209.304808390589 48.0 32.0
vertex 163.304808390589 48.0 2.0
endloop
endfacet
facet normal 0.0 -1.0 0.0
outer loop
vertex 163.304808390589 48.0 2.0
vertex 209.304808390589 48.0 32.0
vertex 163.304808390589 48.0 32.0
endloop
endfacet
facet normal 0.0 0.0 1.0
outer loop
vertex 163.389993824866 46.1470476127563 2.0
vertex 163.304808390589 48.0 2.0
vertex 163.304808390589 45.5 2.0
endloop
endfacet
facet normal 0.0 0.0 1.0
outer loop
vertex 163.304808390589 48.0 2.0
vertex 163.389993824866 46.1470476127563 2.0
vertex 163.639744881127 46.75 2.0
endloop
endfacet
facet normal 0.0 0.0 1.0
outer loop
vertex 163.304808390589 48.0 2.0
vertex 163.639744881127 46.75 2.0
vertex 164.037041437622 47.2677669529664 2.0
endloop
endfacet
facet normal 0.0 0.0 1.0
outer loop
vertex 163.304808390589 48.0 2.0
vertex 164.037041437622 47.2677669529664 2.0
vertex 164.554808390589 47.6650635094611 2.0
endloop
endfacet
facet normal 0.0 0.0 1.0
outer loop
vertex 163.304808390589 48.0 2.0
vertex 164.554808390589 47.6650635094611 2.0
vertex 165.157760777832 47.9148145657227 2.0
endloop
endfacet
facet normal 0.0 0.0 1.0
outer loop
vertex 163.304808390589 48.0 2.0
vertex 165.157760777832 47.9148145657227 2.0
vertex 165.804808390589 48.0 2.0
endloop
endfacet
facet normal -1.0 0.0 0.0
outer loop
vertex 161.304808390589 50.0 32.0
vertex 161.304808390589 0.0 0.0
vertex 161.304808390589 0.0 32.0
endloop
endfacet
facet normal -1.0 0.0 0.0
outer loop
vertex 161.304808390589 0.0 0.0
vertex 161.304808390589 50.0 32.0
vertex 161.304808390589 50.0 0.0
endloop
endfacet
facet normal 0.0 1.0 0.0
outer loop
vertex 161.304808390589 50.0 32.0
vertex 211.304808390589 50.0 0.0
vertex 161.304808390589 50.0 0.0
endloop
endfacet
facet normal 0.0 1.0 0.0
outer loop
vertex 211.304808390589 50.0 0.0
vertex 161.304808390589 50.0 32.0
vertex 211.304808390589 50.0 32.0
endloop
endfacet
facet normal 1.0 0.0 0.0
outer loop
vertex 211.304808390589 50.0 0.0
vertex 211.304808390589 0.0 32.0
vertex 211.304808390589 0.0 0.0
endloop
endfacet
facet normal 1.0 0.0 0.0
outer loop
vertex 211.304808390589 0.0 32.0
vertex 211.304808390589 50.0 0.0
vertex 211.304808390589 50.0 32.0
endloop
endfacet
facet normal -0.0 -1.0 -0.0
outer loop
vertex 211.304808390589 0.0 32.0
vertex 161.304808390589 0.0 0.0
vertex 211.304808390589 0.0 0.0
endloop
endfacet
facet normal -0.0 -1.0 -0.0
outer loop
vertex 161.304808390589 0.0 0.0
vertex 211.304808390589 0.0 32.0
vertex 161.304808390589 0.0 32.0
endloop
endfacet
facet normal 0.0 0.0 1.0
outer loop
vertex 209.304808390589 2.0 2.0
vertex 207.451856003345 2.08518543427731 2.0
vertex 206.804808390589 2.0 2.0
endloop
endfacet
facet normal 0.0 0.0 1.0
outer loop
vertex 207.451856003345 2.08518543427731 2.0
vertex 209.304808390589 2.0 2.0
vertex 208.054808390589 2.33493649053889 2.0
endloop
endfacet
facet normal 0.0 0.0 1.0
outer loop
vertex 208.054808390589 2.33493649053889 2.0
vertex 209.304808390589 2.0 2.0
vertex 208.572575343555 2.73223304703362 2.0
endloop
endfacet
facet normal 0.0 0.0 1.0
outer loop
vertex 208.572575343555 2.73223304703362 2.0
vertex 209.304808390589 2.0 2.0
vertex 208.96987190005 3.24999999999999 2.0
endloop
endfacet
facet normal 0.0 0.0 1.0
outer loop
vertex 208.96987190005 3.24999999999999 2.0
vertex 209.304808390589 2.0 2.0
vertex 209.219622956311 3.85295238724369 2.0
endloop
endfacet
facet normal 0.0 0.0 1.0
outer loop
vertex 209.219622956311 3.85295238724369 2.0
vertex 209.304808390589 2.0 2.0
vertex 209.304808390589 4.5 2.0
endloop
endfacet
facet normal -0.965925826289067 0.258819045102527 0.0
outer loop
vertex 163.389993824866 46.1470476127563 31.0
vertex 163.304808390589 45.5 2.0
vertex 163.304808390589 45.5 31.0
endloop
endfacet
facet normal -0.99144486137381 0.130526192220056 0.0
outer loop
vertex 163.304808390589 45.5 2.0
vertex 163.389993824866 46.1470476127563 31.0
vertex 163.389993824866 46.1470476127563 2.0
endloop
endfacet
facet normal -0.99144486137381 -0.130526192220056 4.61320807418212e-033
outer loop
vertex 163.304808390589 45.5 31.0
vertex 163.389993824866 44.8529523872437 2.0
vertex 163.389993824866 44.8529523872437 31.0
endloop
endfacet
facet normal -0.965925826289067 -0.258819045102527 2.32650763240114e-033
outer loop
vertex 163.389993824866 44.8529523872437 2.0
vertex 163.304808390589 45.5 31.0
vertex 163.304808390589 45.5 2.0
endloop
endfacet
facet normal -0.965925826289067 -0.258819045102527 2.32650763240114e-033
outer loop
vertex 163.389993824866 44.8529523872437 31.0
vertex 163.639744881127 44.25 2.0
vertex 163.639744881127 44.25 31.0
endloop
endfacet
facet normal -0.866025403784442 -0.499999999999994 0.0
outer loop
vertex 163.639744881127 44.25 2.0
vertex 163.389993824866 44.8529523872437 31.0
vertex 163.389993824866 44.8529523872437 2.0
endloop
endfacet
facet normal -0.866025403784442 -0.499999999999994 0.0
outer loop
vertex 163.639744881127 44.25 31.0
vertex 164.037041437622 43.7322330470336 2.0
vertex 164.037041437622 43.7322330470336 31.0
endloop
endfacet
facet normal -0.707106781186549 -0.707106781186546 0.0
outer loop
vertex 164.037041437622 43.7322330470336 2.0
vertex 163.639744881127 44.25 31.0
vertex 163.639744881127 44.25 2.0
endloop
endfacet
facet normal -0.499999999999993 -0.866025403784443 0.0
outer loop
vertex 164.554808390589 43.3349364905389 31.0
vertex 164.037041437622 43.7322330470336 2.0
vertex 164.554808390589 43.3349364905389 2.0
endloop
endfacet
facet normal -0.707106781186549 -0.707106781186546 0.0
outer loop
vertex 164.037041437622 43.7322330470336 2.0
vertex 164.554808390589 43.3349364905389 31.0
vertex 164.037041437622 43.7322330470336 31.0
endloop
endfacet
facet normal -0.25881904510252 -0.965925826289068 0.0
outer loop
vertex 165.157760777832 43.0851854342773 31.0
vertex 164.554808390589 43.3349364905389 2.0
vertex 165.157760777832 43.0851854342773 2.0
endloop
endfacet
facet normal -0.499999999999993 -0.866025403784443 0.0
outer loop
vertex 164.554808390589 43.3349364905389 2.0
vertex 165.157760777832 43.0851854342773 31.0
vertex 164.554808390589 43.3349364905389 31.0
endloop
endfacet
facet normal 2.03173305620749e-015 -1.0 0.0
outer loop
vertex 165.804808390589 43.0 31.0
vertex 165.157760777832 43.0851854342773 2.0
vertex 165.804808390589 43.0 2.0
endloop
endfacet
facet normal -0.25881904510252 -0.965925826289068 0.0
outer loop
vertex 165.157760777832 43.0851854342773 2.0
vertex 165.804808390589 43.0 31.0
vertex 165.157760777832 43.0851854342773 31.0
endloop
endfacet
facet normal 0.258819045102522 -0.965925826289068 0.0
outer loop
vertex 166.451856003345 43.0851854342773 31.0
vertex 165.804808390589 43.0 2.0
vertex 166.451856003345 43.0851854342773 2.0
endloop
endfacet
facet normal 2.03173305620749e-015 -1.0 0.0
outer loop
vertex 165.804808390589 43.0 2.0
vertex 166.451856003345 43.0851854342773 31.0
vertex 165.804808390589 43.0 31.0
endloop
endfacet
facet normal 0.500000000000002 -0.866025403784438 0.0
outer loop
vertex 167.054808390589 43.3349364905389 31.0
vertex 166.451856003345 43.0851854342773 2.0
vertex 167.054808390589 43.3349364905389 2.0
endloop
endfacet
facet normal 0.258819045102522 -0.965925826289068 0.0
outer loop
vertex 166.451856003345 43.0851854342773 2.0
vertex 167.054808390589 43.3349364905389 31.0
vertex 166.451856003345 43.0851854342773 31.0
endloop
endfacet
facet normal 0.707106781186555 -0.70710678118654 0.0
outer loop
vertex 167.572575343555 43.7322330470336 31.0
vertex 167.054808390589 43.3349364905389 2.0
vertex 167.572575343555 43.7322330470336 2.0
endloop
endfacet
facet normal 0.500000000000002 -0.866025403784438 0.0
outer loop
vertex 167.054808390589 43.3349364905389 2.0
vertex 167.572575343555 43.7322330470336 31.0
vertex 167.054808390589 43.3349364905389 31.0
endloop
endfacet
facet normal 0.866025403784441 -0.499999999999996 0.0
outer loop
vertex 167.96987190005 44.25 2.0
vertex 167.572575343555 43.7322330470336 31.0
vertex 167.572575343555 43.7322330470336 2.0
endloop
endfacet
facet normal 0.707106781186555 -0.70710678118654 0.0
outer loop
vertex 167.572575343555 43.7322330470336 31.0
vertex 167.96987190005 44.25 2.0
vertex 167.96987190005 44.25 31.0
endloop
endfacet
facet normal 0.965925826289067 -0.258819045102527 0.0
outer loop
vertex 168.219622956311 44.8529523872437 2.0
vertex 167.96987190005 44.25 31.0
vertex 167.96987190005 44.25 2.0
endloop
endfacet
facet normal 0.866025403784441 -0.499999999999996 0.0
outer loop
vertex 167.96987190005 44.25 31.0
vertex 168.219622956311 44.8529523872437 2.0
vertex 168.219622956311 44.8529523872437 31.0
endloop
endfacet
facet normal 1.0 0.0 0.0
outer loop
vertex 168.304808390589 45.5 2.0
vertex 168.219622956311 44.8529523872437 31.0
vertex 168.219622956311 44.8529523872437 2.0
endloop
endfacet
facet normal 0.965925826289067 -0.258819045102527 0.0
outer loop
vertex 168.219622956311 44.8529523872437 31.0
vertex 168.304808390589 45.5 2.0
vertex 168.304808390589 45.5 31.0
endloop
endfacet
facet normal 0.965925826289067 0.258819045102527 0.0
outer loop
vertex 168.219622956311 46.1470476127563 2.0
vertex 168.304808390589 45.5 31.0
vertex 168.304808390589 45.5 2.0
endloop
endfacet
facet normal 1.0 0.0 0.0
outer loop
vertex 168.304808390589 45.5 31.0
vertex 168.219622956311 46.1470476127563 2.0
vertex 168.219622956311 46.1470476127563 31.0
endloop
endfacet
facet normal 0.866025403784442 0.499999999999994 0.0
outer loop
vertex 167.96987190005 46.75 2.0
vertex 168.219622956311 46.1470476127563 31.0
vertex 168.219622956311 46.1470476127563 2.0
endloop
endfacet
facet normal 0.965925826289067 0.258819045102527 0.0
outer loop
vertex 168.219622956311 46.1470476127563 31.0
vertex 167.96987190005 46.75 2.0
vertex 167.96987190005 46.75 31.0
endloop
endfacet
facet normal 0.707106781186549 0.707106781186546 0.0
outer loop
vertex 167.572575343555 47.2677669529664 2.0
vertex 167.96987190005 46.75 31.0
vertex 167.96987190005 46.75 2.0
endloop
endfacet
facet normal 0.866025403784442 0.499999999999994 0.0
outer loop
vertex 167.96987190005 46.75 31.0
vertex 167.572575343555 47.2677669529664 2.0
vertex 167.572575343555 47.2677669529664 31.0
endloop
endfacet
facet normal 0.499999999999993 0.866025403784443 0.0
outer loop
vertex 167.054808390589 47.6650635094611 31.0
vertex 167.572575343555 47.2677669529664 2.0
vertex 167.054808390589 47.6650635094611 2.0
endloop
endfacet
facet normal 0.707106781186549 0.707106781186546 0.0
outer loop
vertex 167.572575343555 47.2677669529664 2.0
vertex 167.054808390589 47.6650635094611 31.0
vertex 167.572575343555 47.2677669529664 31.0
endloop
endfacet
facet normal 0.258819045102524 0.965925826289067 0.0
outer loop
vertex 166.451856003345 47.9148145657227 31.0
vertex 167.054808390589 47.6650635094611 2.0
vertex 166.451856003345 47.9148145657227 2.0
endloop
endfacet
facet normal 0.499999999999993 0.866025403784443 0.0
outer loop
vertex 167.054808390589 47.6650635094611 2.0
vertex 166.451856003345 47.9148145657227 31.0
vertex 167.054808390589 47.6650635094611 31.0
endloop
endfacet
facet normal 0.130526192220058 0.99144486137381 0.0
outer loop
vertex 165.804808390589 48.0 31.0
vertex 166.451856003345 47.9148145657227 2.0
vertex 165.804808390589 48.0 2.0
endloop
endfacet
facet normal 0.258819045102524 0.965925826289067 0.0
outer loop
vertex 166.451856003345 47.9148145657227 2.0
vertex 165.804808390589 48.0 31.0
vertex 166.451856003345 47.9148145657227 31.0
endloop
endfacet
facet normal -0.258819045102518 0.965925826289069 -8.83578995854836e-033
outer loop
vertex 165.157760777832 47.9148145657227 31.0
vertex 165.804808390589 48.0 2.0
vertex 165.157760777832 47.9148145657227 2.0
endloop
endfacet
facet normal -0.130526192220067 0.991444861373808 -1.75203971011622e-032
outer loop
vertex 165.804808390589 48.0 2.0
vertex 165.157760777832 47.9148145657227 31.0
vertex 165.804808390589 48.0 31.0
endloop
endfacet
facet normal -0.499999999999993 0.866025403784443 0.0
outer loop
vertex 164.554808390589 47.6650635094611 31.0
vertex 165.157760777832 47.9148145657227 2.0
vertex 164.554808390589 47.6650635094611 2.0
endloop
endfacet
facet normal -0.258819045102518 0.965925826289069 -8.83578995854836e-033
outer loop
vertex 165.157760777832 47.9148145657227 2.0
vertex 164.554808390589 47.6650635094611 31.0
vertex 165.157760777832 47.9148145657227 31.0
endloop
endfacet
facet normal -0.707106781186557 0.707106781186538 0.0
outer loop
vertex 164.037041437622 47.2677669529664 31.0
vertex 164.554808390589 47.6650635094611 2.0
vertex 164.037041437622 47.2677669529664 2.0
endloop
endfacet
facet normal -0.499999999999993 0.866025403784443 0.0
outer loop
vertex 164.554808390589 47.6650635094611 2.0
vertex 164.037041437622 47.2677669529664 31.0
vertex 164.554808390589 47.6650635094611 31.0
endloop
endfacet
facet normal -0.707106781186557 0.707106781186538 0.0
outer loop
vertex 164.037041437622 47.2677669529664 31.0
vertex 163.639744881127 46.75 2.0
vertex 163.639744881127 46.75 31.0
endloop
endfacet
facet normal -0.866025403784442 0.499999999999994 0.0
outer loop
vertex 163.639744881127 46.75 2.0
vertex 164.037041437622 47.2677669529664 31.0
vertex 164.037041437622 47.2677669529664 2.0
endloop
endfacet
facet normal -0.866025403784442 0.499999999999994 0.0
outer loop
vertex 163.639744881127 46.75 31.0
vertex 163.389993824866 46.1470476127563 2.0
vertex 163.389993824866 46.1470476127563 31.0
endloop
endfacet
facet normal -0.965925826289067 0.258819045102527 0.0
outer loop
vertex 163.389993824866 46.1470476127563 2.0
vertex 163.639744881127 46.75 31.0
vertex 163.639744881127 46.75 2.0
endloop
endfacet
facet normal 0.0 0.0 1.0
outer loop
vertex 163.389993824866 44.8529523872437 31.0
vertex 163.389993824866 46.1470476127563 31.0
vertex 163.304808390589 45.5 31.0
endloop
endfacet
facet normal 0.0 0.0 1.0
outer loop
vertex 163.389993824866 46.1470476127563 31.0
vertex 163.389993824866 44.8529523872437 31.0
vertex 163.639744881127 44.25 31.0
endloop
endfacet
facet normal 0.0 0.0 1.0
outer loop
vertex 163.389993824866 46.1470476127563 31.0
vertex 163.639744881127 44.25 31.0
vertex 163.639744881127 46.75 31.0
endloop
endfacet
facet normal 0.0 0.0 1.0
outer loop
vertex 163.639744881127 46.75 31.0
vertex 163.639744881127 44.25 31.0
vertex 164.037041437622 43.7322330470336 31.0
endloop
endfacet
facet normal 0.0 0.0 1.0
outer loop
vertex 163.639744881127 46.75 31.0
vertex 164.037041437622 43.7322330470336 31.0
vertex 164.037041437622 47.2677669529664 31.0
endloop
endfacet
facet normal 0.0 0.0 1.0
outer loop
vertex 164.037041437622 47.2677669529664 31.0
vertex 164.037041437622 43.7322330470336 31.0
vertex 164.554808390589 43.3349364905389 31.0
endloop
endfacet
facet normal 0.0 0.0 1.0
outer loop
vertex 164.037041437622 47.2677669529664 31.0
vertex 164.554808390589 43.3349364905389 31.0
vertex 164.313437351169 45.5 31.0
endloop
endfacet
facet normal 0.0 0.0 1.0
outer loop
vertex 164.313437351169 45.5 31.0
vertex 164.554808390589 43.3349364905389 31.0
vertex 164.364254587033 45.1140047716838 31.0
endloop
endfacet
facet normal 0.0 0.0 1.0
outer loop
vertex 164.364254587033 45.1140047716838 31.0
vertex 164.554808390589 43.3349364905389 31.0
vertex 164.513243183983 44.7543144802901 31.0
endloop
endfacet
facet normal 0.0 0.0 1.0
outer loop
vertex 164.513243183983 44.7543144802901 31.0
vertex 164.554808390589 43.3349364905389 31.0
vertex 164.75024981535 44.445441424761 31.0
endloop
endfacet
facet normal 0.0 0.0 1.0
outer loop
vertex 164.75024981535 44.445441424761 31.0
vertex 164.554808390589 43.3349364905389 31.0
vertex 165.157760777832 43.0851854342773 31.0
endloop
endfacet
facet normal 0.0 0.0 1.0
outer loop
vertex 164.75024981535 44.445441424761 31.0
vertex 165.157760777832 43.0851854342773 31.0
vertex 165.059122870879 44.208434793394 31.0
endloop
endfacet
facet normal 0.0 0.0 1.0
outer loop
vertex 165.059122870879 44.208434793394 31.0
vertex 165.157760777832 43.0851854342773 31.0
vertex 165.418813162272 44.0594461964448 31.0
endloop
endfacet
facet normal 0.0 0.0 1.0
outer loop
vertex 165.418813162272 44.0594461964448 31.0
vertex 165.157760777832 43.0851854342773 31.0
vertex 165.804808390589 43.0 31.0
endloop
endfacet
facet normal 0.0 0.0 1.0
outer loop
vertex 165.418813162272 44.0594461964448 31.0
vertex 165.804808390589 43.0 31.0
vertex 165.804808390589 44.0086289605802 31.0
endloop
endfacet
facet normal 0.0 0.0 1.0
outer loop
vertex 165.804808390589 44.0086289605802 31.0
vertex 165.804808390589 43.0 31.0
vertex 166.451856003345 43.0851854342773 31.0
endloop
endfacet
facet normal 0.0 0.0 1.0
outer loop
vertex 165.804808390589 44.0086289605802 31.0
vertex 166.451856003345 43.0851854342773 31.0
vertex 166.190803618905 44.0594461964448 31.0
endloop
endfacet
facet normal 0.0 0.0 1.0
outer loop
vertex 166.190803618905 44.0594461964448 31.0
vertex 166.451856003345 43.0851854342773 31.0
vertex 166.550493910298 44.208434793394 31.0
endloop
endfacet
facet normal 0.0 0.0 1.0
outer loop
vertex 166.550493910298 44.208434793394 31.0
vertex 166.451856003345 43.0851854342773 31.0
vertex 167.054808390589 43.3349364905389 31.0
endloop
endfacet
facet normal 0.0 0.0 1.0
outer loop
vertex 166.550493910298 44.208434793394 31.0
vertex 167.054808390589 43.3349364905389 31.0
vertex 166.859366965828 44.445441424761 31.0
endloop
endfacet
facet normal 0.0 0.0 1.0
outer loop
vertex 166.859366965828 44.445441424761 31.0
vertex 167.054808390589 43.3349364905389 31.0
vertex 167.096373597195 44.7543144802901 31.0
endloop
endfacet
facet normal 0.0 0.0 1.0
outer loop
vertex 167.096373597195 44.7543144802901 31.0
vertex 167.054808390589 43.3349364905389 31.0
vertex 167.572575343555 43.7322330470336 31.0
endloop
endfacet
facet normal 0.0 0.0 1.0
outer loop
vertex 167.096373597195 44.7543144802901 31.0
vertex 167.572575343555 43.7322330470336 31.0
vertex 167.245362194144 45.1140047716838 31.0
endloop
endfacet
facet normal 0.0 0.0 1.0
outer loop
vertex 167.245362194144 45.1140047716838 31.0
vertex 167.572575343555 43.7322330470336 31.0
vertex 167.296179430008 45.5 31.0
endloop
endfacet
facet normal 0.0 0.0 1.0
outer loop
vertex 164.313437351169 45.5 31.0
vertex 164.554808390589 47.6650635094611 31.0
vertex 164.037041437622 47.2677669529664 31.0
endloop
endfacet
facet normal 0.0 0.0 1.0
outer loop
vertex 164.554808390589 47.6650635094611 31.0
vertex 164.313437351169 45.5 31.0
vertex 164.364254587033 45.8859952283162 31.0
endloop
endfacet
facet normal 0.0 0.0 1.0
outer loop
vertex 164.554808390589 47.6650635094611 31.0
vertex 164.364254587033 45.8859952283162 31.0
vertex 164.513243183983 46.2456855197099 31.0
endloop
endfacet
facet normal 0.0 0.0 1.0
outer loop
vertex 164.554808390589 47.6650635094611 31.0
vertex 164.513243183983 46.2456855197099 31.0
vertex 164.75024981535 46.554558575239 31.0
endloop
endfacet
facet normal 0.0 0.0 1.0
outer loop
vertex 164.554808390589 47.6650635094611 31.0
vertex 164.75024981535 46.554558575239 31.0
vertex 165.157760777832 47.9148145657227 31.0
endloop
endfacet
facet normal 0.0 0.0 1.0
outer loop
vertex 165.157760777832 47.9148145657227 31.0
vertex 164.75024981535 46.554558575239 31.0
vertex 165.059122870879 46.791565206606 31.0
endloop
endfacet
facet normal 0.0 0.0 1.0
outer loop
vertex 165.157760777832 47.9148145657227 31.0
vertex 165.059122870879 46.791565206606 31.0
vertex 165.418813162272 46.9405538035552 31.0
endloop
endfacet
facet normal 0.0 0.0 1.0
outer loop
vertex 165.157760777832 47.9148145657227 31.0
vertex 165.418813162272 46.9405538035552 31.0
vertex 165.804808390589 48.0 31.0
endloop
endfacet
facet normal 0.0 0.0 1.0
outer loop
vertex 165.804808390589 48.0 31.0
vertex 165.418813162272 46.9405538035552 31.0
vertex 165.804808390589 46.9913710394198 31.0
endloop
endfacet
facet normal 0.0 0.0 1.0
outer loop
vertex 165.804808390589 48.0 31.0
vertex 165.804808390589 46.9913710394198 31.0
vertex 166.451856003345 47.9148145657227 31.0
endloop
endfacet
facet normal 0.0 0.0 1.0
outer loop
vertex 166.451856003345 47.9148145657227 31.0
vertex 165.804808390589 46.9913710394198 31.0
vertex 166.190803618905 46.9405538035552 31.0
endloop
endfacet
facet normal 0.0 0.0 1.0
outer loop
vertex 166.451856003345 47.9148145657227 31.0
vertex 166.190803618905 46.9405538035552 31.0
vertex 166.550493910298 46.791565206606 31.0
endloop
endfacet
facet normal 0.0 0.0 1.0
outer loop
vertex 166.451856003345 47.9148145657227 31.0
vertex 166.550493910298 46.791565206606 31.0
vertex 167.054808390589 47.6650635094611 31.0
endloop
endfacet
facet normal 0.0 0.0 1.0
outer loop
vertex 167.054808390589 47.6650635094611 31.0
vertex 166.550493910298 46.791565206606 31.0
vertex 166.859366965828 46.554558575239 31.0
endloop
endfacet
facet normal 0.0 0.0 1.0
outer loop
vertex 167.054808390589 47.6650635094611 31.0
vertex 166.859366965828 46.554558575239 31.0
vertex 167.096373597195 46.2456855197099 31.0
endloop
endfacet
facet normal 0.0 0.0 1.0
outer loop
vertex 167.054808390589 47.6650635094611 31.0
vertex 167.096373597195 46.2456855197099 31.0
vertex 167.572575343555 47.2677669529664 31.0
endloop
endfacet
facet normal 0.0 0.0 1.0
outer loop
vertex 167.572575343555 47.2677669529664 31.0
vertex 167.096373597195 46.2456855197099 31.0
vertex 167.245362194144 45.8859952283162 31.0
endloop
endfacet
facet normal 0.0 0.0 1.0
outer loop
vertex 167.572575343555 47.2677669529664 31.0
vertex 167.245362194144 45.8859952283162 31.0
vertex 167.296179430008 45.5 31.0
endloop
endfacet
facet normal 0.0 0.0 1.0
outer loop
vertex 167.572575343555 47.2677669529664 31.0
vertex 167.296179430008 45.5 31.0
vertex 167.572575343555 43.7322330470336 31.0
endloop
endfacet
facet normal 0.0 0.0 1.0
outer loop
vertex 167.572575343555 47.2677669529664 31.0
vertex 167.572575343555 43.7322330470336 31.0
vertex 167.96987190005 44.25 31.0
endloop
endfacet
facet normal 0.0 0.0 1.0
outer loop
vertex 167.572575343555 47.2677669529664 31.0
vertex 167.96987190005 44.25 31.0
vertex 167.96987190005 46.75 31.0
endloop
endfacet
facet normal 0.0 0.0 1.0
outer loop
vertex 167.96987190005 46.75 31.0
vertex 167.96987190005 44.25 31.0
vertex 168.219622956311 44.8529523872437 31.0
endloop
endfacet
facet normal 0.0 0.0 1.0
outer loop
vertex 167.96987190005 46.75 31.0
vertex 168.219622956311 44.8529523872437 31.0
vertex 168.219622956311 46.1470476127563 31.0
endloop
endfacet
facet normal 0.0 0.0 1.0
outer loop
vertex 168.219622956311 46.1470476127563 31.0
vertex 168.219622956311 44.8529523872437 31.0
vertex 168.304808390589 45.5 31.0
endloop
endfacet
facet normal 0.0 0.0 1.0
outer loop
vertex 164.364254587033 45.1140047716838 21.0
vertex 164.364254587033 45.8859952283162 21.0
vertex 164.313437351169 45.5 21.0
endloop
endfacet
facet normal 0.0 0.0 1.0
outer loop
vertex 164.364254587033 45.8859952283162 21.0
vertex 164.364254587033 45.1140047716838 21.0
vertex 164.513243183983 44.7543144802901 21.0
endloop
endfacet
facet normal 0.0 0.0 1.0
outer loop
vertex 164.364254587033 45.8859952283162 21.0
vertex 164.513243183983 44.7543144802901 21.0
vertex 164.513243183983 46.2456855197099 21.0
endloop
endfacet
facet normal 0.0 0.0 1.0
outer loop
vertex 164.513243183983 46.2456855197099 21.0
vertex 164.513243183983 44.7543144802901 21.0
vertex 164.75024981535 44.445441424761 21.0
endloop
endfacet
facet normal 0.0 0.0 1.0
outer loop
vertex 164.513243183983 46.2456855197099 21.0
vertex 164.75024981535 44.445441424761 21.0
vertex 164.75024981535 46.554558575239 21.0
endloop
endfacet
facet normal 0.0 0.0 1.0
outer loop
vertex 164.75024981535 46.554558575239 21.0
vertex 164.75024981535 44.445441424761 21.0
vertex 165.059122870879 44.208434793394 21.0
endloop
endfacet
facet normal 0.0 0.0 1.0
outer loop
vertex 164.75024981535 46.554558575239 21.0
vertex 165.059122870879 44.208434793394 21.0
vertex 165.059122870879 46.791565206606 21.0
endloop
endfacet
facet normal 0.0 0.0 1.0
outer loop
vertex 165.059122870879 46.791565206606 21.0
vertex 165.059122870879 44.208434793394 21.0
vertex 165.418813162272 46.9405538035552 21.0
endloop
endfacet
facet normal 0.0 0.0 1.0
outer loop
vertex 165.418813162272 46.9405538035552 21.0
vertex 165.059122870879 44.208434793394 21.0
vertex 165.418813162272 44.0594461964448 21.0
endloop
endfacet
facet normal 0.0 0.0 1.0
outer loop
vertex 165.418813162272 46.9405538035552 21.0
vertex 165.418813162272 44.0594461964448 21.0
vertex 165.804808390589 46.9913710394198 21.0
endloop
endfacet
facet normal 0.0 0.0 1.0
outer loop
vertex 165.804808390589 46.9913710394198 21.0
vertex 165.418813162272 44.0594461964448 21.0
vertex 165.804808390589 44.0086289605802 21.0
endloop
endfacet
facet normal 0.0 0.0 1.0
outer loop
vertex 165.804808390589 46.9913710394198 21.0
vertex 165.804808390589 44.0086289605802 21.0
vertex 166.190803618905 44.0594461964448 21.0
endloop
endfacet
facet normal 0.0 0.0 1.0
outer loop
vertex 165.804808390589 46.9913710394198 21.0
vertex 166.190803618905 44.0594461964448 21.0
vertex 166.190803618905 46.9405538035552 21.0
endloop
endfacet
facet normal 0.0 0.0 1.0
outer loop
vertex 166.190803618905 46.9405538035552 21.0
vertex 166.190803618905 44.0594461964448 21.0
vertex 166.550493910298 46.791565206606 21.0
endloop
endfacet
facet normal 0.0 0.0 1.0
outer loop
vertex 166.550493910298 46.791565206606 21.0
vertex 166.190803618905 44.0594461964448 21.0
vertex 166.550493910298 44.208434793394 21.0
endloop
endfacet
facet normal 0.0 0.0 1.0
outer loop
vertex 166.550493910298 46.791565206606 21.0
vertex 166.550493910298 44.208434793394 21.0
vertex 166.859366965828 44.445441424761 21.0
endloop
endfacet
facet normal 0.0 0.0 1.0
outer loop
vertex 166.550493910298 46.791565206606 21.0
vertex 166.859366965828 44.445441424761 21.0
vertex 166.859366965828 46.554558575239 21.0
endloop
endfacet
facet normal 0.0 0.0 1.0
outer loop
vertex 166.859366965828 46.554558575239 21.0
vertex 166.859366965828 44.445441424761 21.0
vertex 167.096373597195 44.7543144802901 21.0
endloop
endfacet
facet normal 0.0 0.0 1.0
outer loop
vertex 166.859366965828 46.554558575239 21.0
vertex 167.096373597195 44.7543144802901 21.0
vertex 167.096373597195 46.2456855197099 21.0
endloop
endfacet
facet normal 0.0 0.0 1.0
outer loop
vertex 167.096373597195 46.2456855197099 21.0
vertex 167.096373597195 44.7543144802901 21.0
vertex 167.245362194144 45.1140047716838 21.0
endloop
endfacet
facet normal 0.0 0.0 1.0
outer loop
vertex 167.096373597195 46.2456855197099 21.0
vertex 167.245362194144 45.1140047716838 21.0
vertex 167.245362194144 45.8859952283162 21.0
endloop
endfacet
facet normal 0.0 0.0 1.0
outer loop
vertex 167.245362194144 45.8859952283162 21.0
vertex 167.245362194144 45.1140047716838 21.0
vertex 167.296179430008 45.5 21.0
endloop
endfacet
facet normal -0.707106781186548 -0.707106781186547 0.0
outer loop
vertex 166.859366965828 46.554558575239 31.0
vertex 167.096373597195 46.2456855197099 21.0
vertex 167.096373597195 46.2456855197099 31.0
endloop
endfacet
facet normal -0.866025403784443 -0.499999999999992 0.0
outer loop
vertex 167.096373597195 46.2456855197099 21.0
vertex 166.859366965828 46.554558575239 31.0
vertex 166.859366965828 46.554558575239 21.0
endloop
endfacet
facet normal -0.707106781186548 -0.707106781186547 0.0
outer loop
vertex 166.859366965828 46.554558575239 31.0
vertex 166.550493910298 46.791565206606 21.0
vertex 166.859366965828 46.554558575239 21.0
endloop
endfacet
facet normal -0.499999999999987 -0.866025403784446 0.0
outer loop
vertex 166.550493910298 46.791565206606 21.0
vertex 166.859366965828 46.554558575239 31.0
vertex 166.550493910298 46.791565206606 31.0
endloop
endfacet
facet normal -0.499999999999987 -0.866025403784446 0.0
outer loop
vertex 166.550493910298 46.791565206606 31.0
vertex 166.190803618905 46.9405538035552 21.0
vertex 166.550493910298 46.791565206606 21.0
endloop
endfacet
facet normal -0.258819045102521 -0.965925826289068 0.0
outer loop
vertex 166.190803618905 46.9405538035552 21.0
vertex 166.550493910298 46.791565206606 31.0
vertex 166.190803618905 46.9405538035552 31.0
endloop
endfacet
facet normal -0.258819045102521 -0.965925826289068 0.0
outer loop
vertex 166.190803618905 46.9405538035552 31.0
vertex 165.804808390589 46.9913710394198 21.0
vertex 166.190803618905 46.9405538035552 21.0
endloop
endfacet
facet normal -0.130526192220075 -0.991444861373808 -0.0
outer loop
vertex 165.804808390589 46.9913710394198 21.0
vertex 166.190803618905 46.9405538035552 31.0
vertex 165.804808390589 46.9913710394198 31.0
endloop
endfacet
facet normal 0.130526192220067 -0.991444861373809 0.0
outer loop
vertex 165.804808390589 46.9913710394198 31.0
vertex 165.418813162272 46.9405538035552 21.0
vertex 165.804808390589 46.9913710394198 21.0
endloop
endfacet
facet normal 0.258819045102517 -0.965925826289069 0.0
outer loop
vertex 165.418813162272 46.9405538035552 21.0
vertex 165.804808390589 46.9913710394198 31.0
vertex 165.418813162272 46.9405538035552 31.0
endloop
endfacet
facet normal 0.258819045102517 -0.965925826289069 0.0
outer loop
vertex 165.418813162272 46.9405538035552 31.0
vertex 165.059122870879 46.791565206606 21.0
vertex 165.418813162272 46.9405538035552 21.0
endloop
endfacet
facet normal 0.499999999999992 -0.866025403784443 0.0
outer loop
vertex 165.059122870879 46.791565206606 21.0
vertex 165.418813162272 46.9405538035552 31.0
vertex 165.059122870879 46.791565206606 31.0
endloop
endfacet
facet normal 0.499999999999992 -0.866025403784443 0.0
outer loop
vertex 165.059122870879 46.791565206606 31.0
vertex 164.75024981535 46.554558575239 21.0
vertex 165.059122870879 46.791565206606 21.0
endloop
endfacet
facet normal 0.707106781186559 -0.707106781186536 0.0
outer loop
vertex 164.75024981535 46.554558575239 21.0
vertex 165.059122870879 46.791565206606 31.0
vertex 164.75024981535 46.554558575239 31.0
endloop
endfacet
facet normal 0.707106781186559 -0.707106781186536 0.0
outer loop
vertex 164.75024981535 46.554558575239 21.0
vertex 164.513243183983 46.2456855197099 31.0
vertex 164.513243183983 46.2456855197099 21.0
endloop
endfacet
facet normal 0.866025403784446 -0.499999999999987 0.0
outer loop
vertex 164.513243183983 46.2456855197099 31.0
vertex 164.75024981535 46.554558575239 21.0
vertex 164.75024981535 46.554558575239 31.0
endloop
endfacet
facet normal 0.866025403784446 -0.499999999999987 0.0
outer loop
vertex 164.513243183983 46.2456855197099 21.0
vertex 164.364254587033 45.8859952283162 31.0
vertex 164.364254587033 45.8859952283162 21.0
endloop
endfacet
facet normal 0.965925826289071 -0.258819045102512 0.0
outer loop
vertex 164.364254587033 45.8859952283162 31.0
vertex 164.513243183983 46.2456855197099 21.0
vertex 164.513243183983 46.2456855197099 31.0
endloop
endfacet
facet normal 0.965925826289071 -0.258819045102512 0.0
outer loop
vertex 164.364254587033 45.8859952283162 21.0
vertex 164.313437351169 45.5 31.0
vertex 164.313437351169 45.5 21.0
endloop
endfacet
facet normal 0.991444861373812 -0.130526192220037 0.0
outer loop
vertex 164.313437351169 45.5 31.0
vertex 164.364254587033 45.8859952283162 21.0
vertex 164.364254587033 45.8859952283162 31.0
endloop
endfacet
facet normal 0.991444861373812 0.130526192220041 0.0
outer loop
vertex 164.313437351169 45.5 21.0
vertex 164.364254587033 45.1140047716838 31.0
vertex 164.364254587033 45.1140047716838 21.0
endloop
endfacet
facet normal 0.965925826289071 0.258819045102511 0.0
outer loop
vertex 164.364254587033 45.1140047716838 31.0
vertex 164.313437351169 45.5 21.0
vertex 164.313437351169 45.5 31.0
endloop
endfacet
facet normal 0.965925826289071 0.258819045102511 0.0
outer loop
vertex 164.364254587033 45.1140047716838 21.0
vertex 164.513243183983 44.7543144802901 31.0
vertex 164.513243183983 44.7543144802901 21.0
endloop
endfacet
facet normal 0.866025403784443 0.499999999999992 0.0
outer loop
vertex 164.513243183983 44.7543144802901 31.0
vertex 164.364254587033 45.1140047716838 21.0
vertex 164.364254587033 45.1140047716838 31.0
endloop
endfacet
facet normal 0.866025403784443 0.499999999999992 0.0
outer loop
vertex 164.513243183983 44.7543144802901 21.0
vertex 164.75024981535 44.445441424761 31.0
vertex 164.75024981535 44.445441424761 21.0
endloop
endfacet
facet normal 0.707106781186548 0.707106781186547 0.0
outer loop
vertex 164.75024981535 44.445441424761 31.0
vertex 164.513243183983 44.7543144802901 21.0
vertex 164.513243183983 44.7543144802901 31.0
endloop
endfacet
facet normal 0.707106781186548 0.707106781186547 0.0
outer loop
vertex 164.75024981535 44.445441424761 31.0
vertex 165.059122870879 44.208434793394 21.0
vertex 164.75024981535 44.445441424761 21.0
endloop
endfacet
facet normal 0.499999999999987 0.866025403784446 0.0
outer loop
vertex 165.059122870879 44.208434793394 21.0
vertex 164.75024981535 44.445441424761 31.0
vertex 165.059122870879 44.208434793394 31.0
endloop
endfacet
facet normal 0.499999999999987 0.866025403784446 0.0
outer loop
vertex 165.059122870879 44.208434793394 31.0
vertex 165.418813162272 44.0594461964448 21.0
vertex 165.059122870879 44.208434793394 21.0
endloop
endfacet
facet normal 0.25881904510251 0.965925826289071 0.0
outer loop
vertex 165.418813162272 44.0594461964448 21.0
vertex 165.059122870879 44.208434793394 31.0
vertex 165.418813162272 44.0594461964448 31.0
endloop
endfacet
facet normal 0.25881904510251 0.965925826289071 0.0
outer loop
vertex 165.418813162272 44.0594461964448 31.0
vertex 165.804808390589 44.0086289605802 21.0
vertex 165.418813162272 44.0594461964448 21.0
endloop
endfacet
facet normal 3.7426661561717e-016 1.0 0.0
outer loop
vertex 165.804808390589 44.0086289605802 21.0
vertex 165.418813162272 44.0594461964448 31.0
vertex 165.804808390589 44.0086289605802 31.0
endloop
endfacet
facet normal 3.7426661561717e-016 1.0 0.0
outer loop
vertex 165.804808390589 44.0086289605802 31.0
vertex 166.190803618905 44.0594461964448 21.0
vertex 165.804808390589 44.0086289605802 21.0
endloop
endfacet
facet normal -0.258819045102525 0.965925826289067 0.0
outer loop
vertex 166.190803618905 44.0594461964448 21.0
vertex 165.804808390589 44.0086289605802 31.0
vertex 166.190803618905 44.0594461964448 31.0
endloop
endfacet
facet normal -0.258819045102525 0.965925826289067 0.0
outer loop
vertex 166.190803618905 44.0594461964448 31.0
vertex 166.550493910298 44.208434793394 21.0
vertex 166.190803618905 44.0594461964448 21.0
endloop
endfacet
facet normal -0.500000000000006 0.866025403784435 0.0
outer loop
vertex 166.550493910298 44.208434793394 21.0
vertex 166.190803618905 44.0594461964448 31.0
vertex 166.550493910298 44.208434793394 31.0
endloop
endfacet
facet normal -0.500000000000006 0.866025403784435 0.0
outer loop
vertex 166.550493910298 44.208434793394 31.0
vertex 166.859366965828 44.445441424761 21.0
vertex 166.550493910298 44.208434793394 21.0
endloop
endfacet
facet normal -0.707106781186555 0.70710678118654 0.0
outer loop
vertex 166.859366965828 44.445441424761 21.0
vertex 166.550493910298 44.208434793394 31.0
vertex 166.859366965828 44.445441424761 31.0
endloop
endfacet
facet normal -0.866025403784439 0.499999999999999 0.0
outer loop
vertex 167.096373597195 44.7543144802901 31.0
vertex 166.859366965828 44.445441424761 21.0
vertex 166.859366965828 44.445441424761 31.0
endloop
endfacet
facet normal -0.707106781186555 0.70710678118654 0.0
outer loop
vertex 166.859366965828 44.445441424761 21.0
vertex 167.096373597195 44.7543144802901 31.0
vertex 167.096373597195 44.7543144802901 21.0
endloop
endfacet
facet normal -0.965925826289069 0.25881904510252 0.0
outer loop
vertex 167.245362194144 45.1140047716838 31.0
vertex 167.096373597195 44.7543144802901 21.0
vertex 167.096373597195 44.7543144802901 31.0
endloop
endfacet
facet normal -0.866025403784439 0.499999999999999 0.0
outer loop
vertex 167.096373597195 44.7543144802901 21.0
vertex 167.245362194144 45.1140047716838 31.0
vertex 167.245362194144 45.1140047716838 21.0
endloop
endfacet
facet normal -1.0 -1.90697751766843e-015 0.0
outer loop
vertex 167.296179430008 45.5 31.0
vertex 167.245362194144 45.1140047716838 21.0
vertex 167.245362194144 45.1140047716838 31.0
endloop
endfacet
facet normal -0.965925826289069 0.25881904510252 0.0
outer loop
vertex 167.245362194144 45.1140047716838 21.0
vertex 167.296179430008 45.5 31.0
vertex 167.296179430008 45.5 21.0
endloop
endfacet
facet normal -0.965925826289071 -0.258819045102511 0.0
outer loop
vertex 167.245362194144 45.8859952283162 31.0
vertex 167.296179430008 45.5 21.0
vertex 167.296179430008 45.5 31.0
endloop
endfacet
facet normal -1.0 -1.90697751766843e-015 0.0
outer loop
vertex 167.296179430008 45.5 21.0
vertex 167.245362194144 45.8859952283162 31.0
vertex 167.245362194144 45.8859952283162 21.0
endloop
endfacet
facet normal -0.866025403784443 -0.499999999999992 0.0
outer loop
vertex 167.096373597195 46.2456855197099 31.0
vertex 167.245362194144 45.8859952283162 21.0
vertex 167.245362194144 45.8859952283162 31.0
endloop
endfacet
facet normal -0.965925826289071 -0.258819045102511 0.0
outer loop
vertex 167.245362194144 45.8859952283162 21.0
vertex 167.096373597195 46.2456855197099 31.0
vertex 167.096373597195 46.2456855197099 21.0
endloop
endfacet
facet normal 0.0 0.0 1.0
outer loop
vertex 207.451856003345 47.9148145657227 2.0
vertex 209.304808390589 48.0 2.0
vertex 206.804808390589 48.0 2.0
endloop
endfacet
facet normal 0.0 0.0 1.0
outer loop
vertex 209.304808390589 48.0 2.0
vertex 207.451856003345 47.9148145657227 2.0
vertex 208.054808390589 47.6650635094611 2.0
endloop
endfacet
facet normal 0.0 0.0 1.0
outer loop
vertex 209.304808390589 48.0 2.0
vertex 208.054808390589 47.6650635094611 2.0
vertex 208.572575343555 47.2677669529664 2.0
endloop
endfacet
facet normal 0.0 0.0 1.0
outer loop
vertex 209.304808390589 48.0 2.0
vertex 208.572575343555 47.2677669529664 2.0
vertex 208.96987190005 46.75 2.0
endloop
endfacet
facet normal 0.0 0.0 1.0
outer loop
vertex 209.304808390589 48.0 2.0
vertex 208.96987190005 46.75 2.0
vertex 209.219622956311 46.1470476127563 2.0
endloop
endfacet
facet normal 0.0 0.0 1.0
outer loop
vertex 209.304808390589 48.0 2.0
vertex 209.219622956311 46.1470476127563 2.0
vertex 209.304808390589 45.5 2.0
endloop
endfacet
facet normal 0.0 0.0 1.0
outer loop
vertex 204.389993824866 44.8529523872437 31.0
vertex 204.389993824866 46.1470476127563 31.0
vertex 204.304808390589 45.5 31.0
endloop
endfacet
facet normal 0.0 0.0 1.0
outer loop
vertex 204.389993824866 46.1470476127563 31.0
vertex 204.389993824866 44.8529523872437 31.0
vertex 204.639744881127 44.25 31.0
endloop
endfacet
facet normal 0.0 0.0 1.0
outer loop
vertex 204.389993824866 46.1470476127563 31.0
vertex 204.639744881127 44.25 31.0
vertex 204.639744881127 46.75 31.0
endloop
endfacet
facet normal 0.0 0.0 1.0
outer loop
vertex 204.639744881127 46.75 31.0
vertex 204.639744881127 44.25 31.0
vertex 205.037041437622 43.7322330470336 31.0
endloop
endfacet
facet normal 0.0 0.0 1.0
outer loop
vertex 204.639744881127 46.75 31.0
vertex 205.037041437622 43.7322330470336 31.0
vertex 205.037041437622 47.2677669529664 31.0
endloop
endfacet
facet normal 0.0 0.0 1.0
outer loop
vertex 205.037041437622 47.2677669529664 31.0
vertex 205.037041437622 43.7322330470336 31.0
vertex 205.554808390589 43.3349364905389 31.0
endloop
endfacet
facet normal 0.0 0.0 1.0
outer loop
vertex 205.037041437622 47.2677669529664 31.0
vertex 205.554808390589 43.3349364905389 31.0
vertex 205.313437351169 45.5 31.0
endloop
endfacet
facet normal 0.0 0.0 1.0
outer loop
vertex 205.313437351169 45.5 31.0
vertex 205.554808390589 43.3349364905389 31.0
vertex 205.364254587033 45.1140047716838 31.0
endloop
endfacet
facet normal 0.0 0.0 1.0
outer loop
vertex 205.364254587033 45.1140047716838 31.0
vertex 205.554808390589 43.3349364905389 31.0
vertex 205.513243183983 44.7543144802899 31.0
endloop
endfacet
facet normal 0.0 0.0 1.0
outer loop
vertex 205.513243183983 44.7543144802899 31.0
vertex 205.554808390589 43.3349364905389 31.0
vertex 205.750249815349 44.4454414247611 31.0
endloop
endfacet
facet normal 0.0 0.0 1.0
outer loop
vertex 205.750249815349 44.4454414247611 31.0
vertex 205.554808390589 43.3349364905389 31.0
vertex 206.157760777832 43.0851854342773 31.0
endloop
endfacet
facet normal 0.0 0.0 1.0
outer loop
vertex 205.750249815349 44.4454414247611 31.0
vertex 206.157760777832 43.0851854342773 31.0
vertex 206.059122870879 44.208434793394 31.0
endloop
endfacet
facet normal 0.0 0.0 1.0
outer loop
vertex 206.059122870879 44.208434793394 31.0
vertex 206.157760777832 43.0851854342773 31.0
vertex 206.418813162272 44.0594461964448 31.0
endloop
endfacet
facet normal 0.0 0.0 1.0
outer loop
vertex 206.418813162272 44.0594461964448 31.0
vertex 206.157760777832 43.0851854342773 31.0
vertex 206.804808390589 43.0 31.0
endloop
endfacet
facet normal 0.0 0.0 1.0
outer loop
vertex 206.418813162272 44.0594461964448 31.0
vertex 206.804808390589 43.0 31.0
vertex 206.804808390589 44.0086289605801 31.0
endloop
endfacet
facet normal 0.0 0.0 1.0
outer loop
vertex 206.804808390589 44.0086289605801 31.0
vertex 206.804808390589 43.0 31.0
vertex 207.451856003345 43.0851854342773 31.0
endloop
endfacet
facet normal 0.0 0.0 1.0
outer loop
vertex 206.804808390589 44.0086289605801 31.0
vertex 207.451856003345 43.0851854342773 31.0
vertex 207.190803618905 44.0594461964448 31.0
endloop
endfacet
facet normal 0.0 0.0 1.0
outer loop
vertex 207.190803618905 44.0594461964448 31.0
vertex 207.451856003345 43.0851854342773 31.0
vertex 207.550493910298 44.208434793394 31.0
endloop
endfacet
facet normal 0.0 0.0 1.0
outer loop
vertex 207.550493910298 44.208434793394 31.0
vertex 207.451856003345 43.0851854342773 31.0
vertex 208.054808390589 43.3349364905389 31.0
endloop
endfacet
facet normal 0.0 0.0 1.0
outer loop
vertex 207.550493910298 44.208434793394 31.0
vertex 208.054808390589 43.3349364905389 31.0
vertex 207.859366965828 44.445441424761 31.0
endloop
endfacet
facet normal 0.0 0.0 1.0
outer loop
vertex 207.859366965828 44.445441424761 31.0
vertex 208.054808390589 43.3349364905389 31.0
vertex 208.096373597194 44.75431448029 31.0
endloop
endfacet
facet normal 0.0 0.0 1.0
outer loop
vertex 208.096373597194 44.75431448029 31.0
vertex 208.054808390589 43.3349364905389 31.0
vertex 208.572575343555 43.7322330470336 31.0
endloop
endfacet
facet normal 0.0 0.0 1.0
outer loop
vertex 208.096373597194 44.75431448029 31.0
vertex 208.572575343555 43.7322330470336 31.0
vertex 208.245362194144 45.1140047716838 31.0
endloop
endfacet
facet normal 0.0 0.0 1.0
outer loop
vertex 208.245362194144 45.1140047716838 31.0
vertex 208.572575343555 43.7322330470336 31.0
vertex 208.296179430008 45.5 31.0
endloop
endfacet
facet normal 0.0 0.0 1.0
outer loop
vertex 205.313437351169 45.5 31.0
vertex 205.554808390589 47.6650635094611 31.0
vertex 205.037041437622 47.2677669529664 31.0
endloop
endfacet
facet normal 0.0 0.0 1.0
outer loop
vertex 205.554808390589 47.6650635094611 31.0
vertex 205.313437351169 45.5 31.0
vertex 205.364254587033 45.8859952283162 31.0
endloop
endfacet
facet normal 0.0 0.0 1.0
outer loop
vertex 205.554808390589 47.6650635094611 31.0
vertex 205.364254587033 45.8859952283162 31.0
vertex 205.513243183983 46.24568551971 31.0
endloop
endfacet
facet normal 0.0 0.0 1.0
outer loop
vertex 205.554808390589 47.6650635094611 31.0
vertex 205.513243183983 46.24568551971 31.0
vertex 205.750249815349 46.554558575239 31.0
endloop
endfacet
facet normal 0.0 0.0 1.0
outer loop
vertex 205.554808390589 47.6650635094611 31.0
vertex 205.750249815349 46.554558575239 31.0
vertex 206.157760777832 47.9148145657227 31.0
endloop
endfacet
facet normal 0.0 0.0 1.0
outer loop
vertex 206.157760777832 47.9148145657227 31.0
vertex 205.750249815349 46.554558575239 31.0
vertex 206.059122870879 46.791565206606 31.0
endloop
endfacet
facet normal 0.0 0.0 1.0
outer loop
vertex 206.157760777832 47.9148145657227 31.0
vertex 206.059122870879 46.791565206606 31.0
vertex 206.418813162272 46.9405538035552 31.0
endloop
endfacet
facet normal 0.0 0.0 1.0
outer loop
vertex 206.157760777832 47.9148145657227 31.0
vertex 206.418813162272 46.9405538035552 31.0
vertex 206.804808390589 48.0 31.0
endloop
endfacet
facet normal 0.0 0.0 1.0
outer loop
vertex 206.804808390589 48.0 31.0
vertex 206.418813162272 46.9405538035552 31.0
vertex 206.804808390589 46.9913710394198 31.0
endloop
endfacet
facet normal 0.0 0.0 1.0
outer loop
vertex 206.804808390589 48.0 31.0
vertex 206.804808390589 46.9913710394198 31.0
vertex 207.190803618905 46.9405538035552 31.0
endloop
endfacet
facet normal 0.0 0.0 1.0
outer loop
vertex 206.804808390589 48.0 31.0
vertex 207.190803618905 46.9405538035552 31.0
vertex 207.451856003345 47.9148145657227 31.0
endloop
endfacet
facet normal 0.0 0.0 1.0
outer loop
vertex 207.451856003345 47.9148145657227 31.0
vertex 207.190803618905 46.9405538035552 31.0
vertex 207.550493910298 46.791565206606 31.0
endloop
endfacet
facet normal 0.0 0.0 1.0
outer loop
vertex 207.451856003345 47.9148145657227 31.0
vertex 207.550493910298 46.791565206606 31.0
vertex 208.054808390589 47.6650635094611 31.0
endloop
endfacet
facet normal 0.0 0.0 1.0
outer loop
vertex 208.054808390589 47.6650635094611 31.0
vertex 207.550493910298 46.791565206606 31.0
vertex 207.859366965828 46.5545585752389 31.0
endloop
endfacet
facet normal 0.0 0.0 1.0
outer loop
vertex 208.054808390589 47.6650635094611 31.0
vertex 207.859366965828 46.5545585752389 31.0
vertex 208.096373597194 46.2456855197101 31.0
endloop
endfacet
facet normal 0.0 0.0 1.0
outer loop
vertex 208.054808390589 47.6650635094611 31.0
vertex 208.096373597194 46.2456855197101 31.0
vertex 208.572575343555 47.2677669529664 31.0
endloop
endfacet
facet normal 0.0 0.0 1.0
outer loop
vertex 208.572575343555 47.2677669529664 31.0
vertex 208.096373597194 46.2456855197101 31.0
vertex 208.245362194144 45.8859952283162 31.0
endloop
endfacet
facet normal 0.0 0.0 1.0
outer loop
vertex 208.572575343555 47.2677669529664 31.0
vertex 208.245362194144 45.8859952283162 31.0
vertex 208.296179430008 45.5 31.0
endloop
endfacet
facet normal 0.0 0.0 1.0
outer loop
vertex 208.572575343555 47.2677669529664 31.0
vertex 208.296179430008 45.5 31.0
vertex 208.572575343555 43.7322330470336 31.0
endloop
endfacet
facet normal 0.0 0.0 1.0
outer loop
vertex 208.572575343555 47.2677669529664 31.0
vertex 208.572575343555 43.7322330470336 31.0
vertex 208.96987190005 44.25 31.0
endloop
endfacet
facet normal 0.0 0.0 1.0
outer loop
vertex 208.572575343555 47.2677669529664 31.0
vertex 208.96987190005 44.25 31.0
vertex 208.96987190005 46.75 31.0
endloop
endfacet
facet normal 0.0 0.0 1.0
outer loop
vertex 208.96987190005 46.75 31.0
vertex 208.96987190005 44.25 31.0
vertex 209.219622956311 44.8529523872437 31.0
endloop
endfacet
facet normal 0.0 0.0 1.0
outer loop
vertex 208.96987190005 46.75 31.0
vertex 209.219622956311 44.8529523872437 31.0
vertex 209.219622956311 46.1470476127563 31.0
endloop
endfacet
facet normal 0.0 0.0 1.0
outer loop
vertex 209.219622956311 46.1470476127563 31.0
vertex 209.219622956311 44.8529523872437 31.0
vertex 209.304808390589 45.5 31.0
endloop
endfacet
facet normal 0.99144486137381 -0.130526192220055 0.0
outer loop
vertex 209.304808390589 45.5 2.0
vertex 209.219622956311 44.8529523872437 31.0
vertex 209.219622956311 44.8529523872437 2.0
endloop
endfacet
facet normal 0.965925826289067 -0.258819045102525 0.0
outer loop
vertex 209.219622956311 44.8529523872437 31.0
vertex 209.304808390589 45.5 2.0
vertex 209.304808390589 45.5 31.0
endloop
endfacet
facet normal 0.965925826289067 0.258819045102525 0.0
outer loop
vertex 209.219622956311 46.1470476127563 2.0
vertex 209.304808390589 45.5 31.0
vertex 209.304808390589 45.5 2.0
endloop
endfacet
facet normal 0.99144486137381 0.130526192220055 0.0
outer loop
vertex 209.304808390589 45.5 31.0
vertex 209.219622956311 46.1470476127563 2.0
vertex 209.219622956311 46.1470476127563 31.0
endloop
endfacet
facet normal 0.866025403784444 0.499999999999991 0.0
outer loop
vertex 208.96987190005 46.75 2.0
vertex 209.219622956311 46.1470476127563 31.0
vertex 209.219622956311 46.1470476127563 2.0
endloop
endfacet
facet normal 0.965925826289067 0.258819045102525 0.0
outer loop
vertex 209.219622956311 46.1470476127563 31.0
vertex 208.96987190005 46.75 2.0
vertex 208.96987190005 46.75 31.0
endloop
endfacet
facet normal 0.707106781186544 0.707106781186551 0.0
outer loop
vertex 208.572575343555 47.2677669529664 2.0
vertex 208.96987190005 46.75 31.0
vertex 208.96987190005 46.75 2.0
endloop
endfacet
facet normal 0.866025403784444 0.499999999999991 0.0
outer loop
vertex 208.96987190005 46.75 31.0
vertex 208.572575343555 47.2677669529664 2.0
vertex 208.572575343555 47.2677669529664 31.0
endloop
endfacet
facet normal 0.499999999999984 0.866025403784448 0.0
outer loop
vertex 208.054808390589 47.6650635094611 31.0
vertex 208.572575343555 47.2677669529664 2.0
vertex 208.054808390589 47.6650635094611 2.0
endloop
endfacet
facet normal 0.707106781186544 0.707106781186551 0.0
outer loop
vertex 208.572575343555 47.2677669529664 2.0
vertex 208.054808390589 47.6650635094611 31.0
vertex 208.572575343555 47.2677669529664 31.0
endloop
endfacet
facet normal 0.258819045102512 0.965925826289071 -1.94145522465353e-032
outer loop
vertex 207.451856003345 47.9148145657227 31.0
vertex 208.054808390589 47.6650635094611 2.0
vertex 207.451856003345 47.9148145657227 2.0
endloop
endfacet
facet normal 0.499999999999984 0.866025403784448 0.0
outer loop
vertex 208.054808390589 47.6650635094611 2.0
vertex 207.451856003345 47.9148145657227 31.0
vertex 208.054808390589 47.6650635094611 31.0
endloop
endfacet
facet normal 0.130526192220033 0.991444861373813 -3.84969161214016e-032
outer loop
vertex 206.804808390589 48.0 31.0
vertex 207.451856003345 47.9148145657227 2.0
vertex 206.804808390589 48.0 2.0
endloop
endfacet
facet normal 0.258819045102512 0.965925826289071 -1.94145522465353e-032
outer loop
vertex 207.451856003345 47.9148145657227 2.0
vertex 206.804808390589 48.0 31.0
vertex 207.451856003345 47.9148145657227 31.0
endloop
endfacet
facet normal -0.258819045102499 0.965925826289074 -1.94145522465353e-032
outer loop
vertex 206.157760777832 47.9148145657227 31.0
vertex 206.804808390589 48.0 2.0
vertex 206.157760777832 47.9148145657227 2.0
endloop
endfacet
facet normal -0.130526192220033 0.991444861373813 -3.84969161214016e-032
outer loop
vertex 206.804808390589 48.0 2.0
vertex 206.157760777832 47.9148145657227 31.0
vertex 206.804808390589 48.0 31.0
endloop
endfacet
facet normal -0.499999999999993 0.866025403784442 0.0
outer loop
vertex 205.554808390589 47.6650635094611 31.0
vertex 206.157760777832 47.9148145657227 2.0
vertex 205.554808390589 47.6650635094611 2.0
endloop
endfacet
facet normal -0.258819045102499 0.965925826289074 -1.94145522465353e-032
outer loop
vertex 206.157760777832 47.9148145657227 2.0
vertex 205.554808390589 47.6650635094611 31.0
vertex 206.157760777832 47.9148145657227 31.0
endloop
endfacet
facet normal -0.707106781186559 0.707106781186536 0.0
outer loop
vertex 205.037041437622 47.2677669529664 31.0
vertex 205.554808390589 47.6650635094611 2.0
vertex 205.037041437622 47.2677669529664 2.0
endloop
endfacet
facet normal -0.499999999999993 0.866025403784442 0.0
outer loop
vertex 205.554808390589 47.6650635094611 2.0
vertex 205.037041437622 47.2677669529664 31.0
vertex 205.554808390589 47.6650635094611 31.0
endloop
endfacet
facet normal -0.707106781186559 0.707106781186536 0.0
outer loop
vertex 205.037041437622 47.2677669529664 31.0
vertex 204.639744881127 46.75 2.0
vertex 204.639744881127 46.75 31.0
endloop
endfacet
facet normal -0.866025403784443 0.499999999999993 0.0
outer loop
vertex 204.639744881127 46.75 2.0
vertex 205.037041437622 47.2677669529664 31.0
vertex 205.037041437622 47.2677669529664 2.0
endloop
endfacet
facet normal -0.866025403784443 0.499999999999993 0.0
outer loop
vertex 204.639744881127 46.75 31.0
vertex 204.389993824866 46.1470476127563 2.0
vertex 204.389993824866 46.1470476127563 31.0
endloop
endfacet
facet normal -0.965925826289067 0.258819045102525 0.0
outer loop
vertex 204.389993824866 46.1470476127563 2.0
vertex 204.639744881127 46.75 31.0
vertex 204.639744881127 46.75 2.0
endloop
endfacet
facet normal -0.965925826289067 0.258819045102525 0.0
outer loop
vertex 204.389993824866 46.1470476127563 31.0
vertex 204.304808390589 45.5 2.0
vertex 204.304808390589 45.5 31.0
endloop
endfacet
facet normal -1.0 0.0 0.0
outer loop
vertex 204.304808390589 45.5 2.0
vertex 204.389993824866 46.1470476127563 31.0
vertex 204.389993824866 46.1470476127563 2.0
endloop
endfacet
facet normal -1.0 0.0 0.0
outer loop
vertex 204.304808390589 45.5 31.0
vertex 204.389993824866 44.8529523872437 2.0
vertex 204.389993824866 44.8529523872437 31.0
endloop
endfacet
facet normal -0.965925826289067 -0.258819045102525 0.0
outer loop
vertex 204.389993824866 44.8529523872437 2.0
vertex 204.304808390589 45.5 31.0
vertex 204.304808390589 45.5 2.0
endloop
endfacet
facet normal -0.965925826289067 -0.258819045102525 0.0
outer loop
vertex 204.389993824866 44.8529523872437 31.0
vertex 204.639744881127 44.25 2.0
vertex 204.639744881127 44.25 31.0
endloop
endfacet
facet normal -0.866025403784444 -0.499999999999991 0.0
outer loop
vertex 204.639744881127 44.25 2.0
vertex 204.389993824866 44.8529523872437 31.0
vertex 204.389993824866 44.8529523872437 2.0
endloop
endfacet
facet normal -0.866025403784444 -0.499999999999991 0.0
outer loop
vertex 204.639744881127 44.25 31.0
vertex 205.037041437622 43.7322330470336 2.0
vertex 205.037041437622 43.7322330470336 31.0
endloop
endfacet
facet normal -0.707106781186544 -0.707106781186551 0.0
outer loop
vertex 205.037041437622 43.7322330470336 2.0
vertex 204.639744881127 44.25 31.0
vertex 204.639744881127 44.25 2.0
endloop
endfacet
facet normal -0.499999999999984 -0.866025403784448 0.0
outer loop
vertex 205.554808390589 43.3349364905389 31.0
vertex 205.037041437622 43.7322330470336 2.0
vertex 205.554808390589 43.3349364905389 2.0
endloop
endfacet
facet normal -0.707106781186544 -0.707106781186551 0.0
outer loop
vertex 205.037041437622 43.7322330470336 2.0
vertex 205.554808390589 43.3349364905389 31.0
vertex 205.037041437622 43.7322330470336 31.0
endloop
endfacet
facet normal -0.258819045102524 -0.965925826289067 0.0
outer loop
vertex 206.157760777832 43.0851854342773 31.0
vertex 205.554808390589 43.3349364905389 2.0
vertex 206.157760777832 43.0851854342773 2.0
endloop
endfacet
facet normal -0.499999999999984 -0.866025403784448 0.0
outer loop
vertex 205.554808390589 43.3349364905389 2.0
vertex 206.157760777832 43.0851854342773 31.0
vertex 205.554808390589 43.3349364905389 31.0
endloop
endfacet
facet normal 0.0 -1.0 0.0
outer loop
vertex 206.804808390589 43.0 31.0
vertex 206.157760777832 43.0851854342773 2.0
vertex 206.804808390589 43.0 2.0
endloop
endfacet
facet normal -0.258819045102524 -0.965925826289067 0.0
outer loop
vertex 206.157760777832 43.0851854342773 2.0
vertex 206.804808390589 43.0 31.0
vertex 206.157760777832 43.0851854342773 31.0
endloop
endfacet
facet normal 0.258819045102512 -0.965925826289071 0.0
outer loop
vertex 207.451856003345 43.0851854342773 31.0
vertex 206.804808390589 43.0 2.0
vertex 207.451856003345 43.0851854342773 2.0
endloop
endfacet
facet normal 0.0 -1.0 0.0
outer loop
vertex 206.804808390589 43.0 2.0
vertex 207.451856003345 43.0851854342773 31.0
vertex 206.804808390589 43.0 31.0
endloop
endfacet
facet normal 0.499999999999993 -0.866025403784442 0.0
outer loop
vertex 208.054808390589 43.3349364905389 31.0
vertex 207.451856003345 43.0851854342773 2.0
vertex 208.054808390589 43.3349364905389 2.0
endloop
endfacet
facet normal 0.258819045102512 -0.965925826289071 0.0
outer loop
vertex 207.451856003345 43.0851854342773 2.0
vertex 208.054808390589 43.3349364905389 31.0
vertex 207.451856003345 43.0851854342773 31.0
endloop
endfacet
facet normal 0.707106781186559 -0.707106781186536 0.0
outer loop
vertex 208.572575343555 43.7322330470336 31.0
vertex 208.054808390589 43.3349364905389 2.0
vertex 208.572575343555 43.7322330470336 2.0
endloop
endfacet
facet normal 0.499999999999993 -0.866025403784442 0.0
outer loop
vertex 208.054808390589 43.3349364905389 2.0
vertex 208.572575343555 43.7322330470336 31.0
vertex 208.054808390589 43.3349364905389 31.0
endloop
endfacet
facet normal 0.866025403784443 -0.499999999999993 0.0
outer loop
vertex 208.96987190005 44.25 2.0
vertex 208.572575343555 43.7322330470336 31.0
vertex 208.572575343555 43.7322330470336 2.0
endloop
endfacet
facet normal 0.707106781186559 -0.707106781186536 0.0
outer loop
vertex 208.572575343555 43.7322330470336 31.0
vertex 208.96987190005 44.25 2.0
vertex 208.96987190005 44.25 31.0
endloop
endfacet
facet normal 0.965925826289067 -0.258819045102525 0.0
outer loop
vertex 209.219622956311 44.8529523872437 2.0
vertex 208.96987190005 44.25 31.0
vertex 208.96987190005 44.25 2.0
endloop
endfacet
facet normal 0.866025403784443 -0.499999999999993 0.0
outer loop
vertex 208.96987190005 44.25 31.0
vertex 209.219622956311 44.8529523872437 2.0
vertex 209.219622956311 44.8529523872437 31.0
endloop
endfacet
facet normal 0.0 0.0 1.0
outer loop
vertex 205.364254587033 45.1140047716838 21.0
vertex 205.364254587033 45.8859952283162 21.0
vertex 205.313437351169 45.5 21.0
endloop
endfacet
facet normal 0.0 0.0 1.0
outer loop
vertex 205.364254587033 45.8859952283162 21.0
vertex 205.364254587033 45.1140047716838 21.0
vertex 205.513243183983 44.7543144802899 21.0
endloop
endfacet
facet normal 0.0 0.0 1.0
outer loop
vertex 205.364254587033 45.8859952283162 21.0
vertex 205.513243183983 44.7543144802899 21.0
vertex 205.513243183983 46.24568551971 21.0
endloop
endfacet
facet normal 0.0 0.0 1.0
outer loop
vertex 205.513243183983 46.24568551971 21.0
vertex 205.513243183983 44.7543144802899 21.0
vertex 205.750249815349 44.4454414247611 21.0
endloop
endfacet
facet normal 0.0 0.0 1.0
outer loop
vertex 205.513243183983 46.24568551971 21.0
vertex 205.750249815349 44.4454414247611 21.0
vertex 205.750249815349 46.554558575239 21.0
endloop
endfacet
facet normal 0.0 0.0 1.0
outer loop
vertex 205.750249815349 46.554558575239 21.0
vertex 205.750249815349 44.4454414247611 21.0
vertex 206.059122870879 44.208434793394 21.0
endloop
endfacet
facet normal 0.0 0.0 1.0
outer loop
vertex 205.750249815349 46.554558575239 21.0
vertex 206.059122870879 44.208434793394 21.0
vertex 206.059122870879 46.791565206606 21.0
endloop
endfacet
facet normal 0.0 0.0 1.0
outer loop
vertex 206.059122870879 46.791565206606 21.0
vertex 206.059122870879 44.208434793394 21.0
vertex 206.418813162272 46.9405538035552 21.0
endloop
endfacet
facet normal 0.0 0.0 1.0
outer loop
vertex 206.418813162272 46.9405538035552 21.0
vertex 206.059122870879 44.208434793394 21.0
vertex 206.418813162272 44.0594461964448 21.0
endloop
endfacet
facet normal 0.0 0.0 1.0
outer loop
vertex 206.418813162272 46.9405538035552 21.0
vertex 206.418813162272 44.0594461964448 21.0
vertex 206.804808390589 44.0086289605801 21.0
endloop
endfacet
facet normal 0.0 0.0 1.0
outer loop
vertex 206.418813162272 46.9405538035552 21.0
vertex 206.804808390589 44.0086289605801 21.0
vertex 206.804808390589 46.9913710394198 21.0
endloop
endfacet
facet normal 0.0 0.0 1.0
outer loop
vertex 206.804808390589 46.9913710394198 21.0
vertex 206.804808390589 44.0086289605801 21.0
vertex 207.190803618905 44.0594461964448 21.0
endloop
endfacet
facet normal 0.0 0.0 1.0
outer loop
vertex 206.804808390589 46.9913710394198 21.0
vertex 207.190803618905 44.0594461964448 21.0
vertex 207.190803618905 46.9405538035552 21.0
endloop
endfacet
facet normal 0.0 0.0 1.0
outer loop
vertex 207.190803618905 46.9405538035552 21.0
vertex 207.190803618905 44.0594461964448 21.0
vertex 207.550493910298 44.208434793394 21.0
endloop
endfacet
facet normal 0.0 0.0 1.0
outer loop
vertex 207.190803618905 46.9405538035552 21.0
vertex 207.550493910298 44.208434793394 21.0
vertex 207.550493910298 46.791565206606 21.0
endloop
endfacet
facet normal 0.0 0.0 1.0
outer loop
vertex 207.550493910298 46.791565206606 21.0
vertex 207.550493910298 44.208434793394 21.0
vertex 207.859366965828 46.5545585752389 21.0
endloop
endfacet
facet normal 0.0 0.0 1.0
outer loop
vertex 207.859366965828 46.5545585752389 21.0
vertex 207.550493910298 44.208434793394 21.0
vertex 207.859366965828 44.445441424761 21.0
endloop
endfacet
facet normal 0.0 0.0 1.0
outer loop
vertex 207.859366965828 46.5545585752389 21.0
vertex 207.859366965828 44.445441424761 21.0
vertex 208.096373597194 44.75431448029 21.0
endloop
endfacet
facet normal 0.0 0.0 1.0
outer loop
vertex 207.859366965828 46.5545585752389 21.0
vertex 208.096373597194 44.75431448029 21.0
vertex 208.096373597194 46.2456855197101 21.0
endloop
endfacet
facet normal 0.0 0.0 1.0
outer loop
vertex 208.096373597194 46.2456855197101 21.0
vertex 208.096373597194 44.75431448029 21.0
vertex 208.245362194144 45.1140047716838 21.0
endloop
endfacet
facet normal 0.0 0.0 1.0
outer loop
vertex 208.096373597194 46.2456855197101 21.0
vertex 208.245362194144 45.1140047716838 21.0
vertex 208.245362194144 45.8859952283162 21.0
endloop
endfacet
facet normal 0.0 0.0 1.0
outer loop
vertex 208.245362194144 45.8859952283162 21.0
vertex 208.245362194144 45.1140047716838 21.0
vertex 208.296179430008 45.5 21.0
endloop
endfacet
facet normal -0.707106781186534 -0.707106781186561 0.0
outer loop
vertex 207.859366965828 46.5545585752389 31.0
vertex 208.096373597194 46.2456855197101 21.0
vertex 208.096373597194 46.2456855197101 31.0
endloop
endfacet
facet normal -0.86602540378445 -0.499999999999981 0.0
outer loop
vertex 208.096373597194 46.2456855197101 21.0
vertex 207.859366965828 46.5545585752389 31.0
vertex 207.859366965828 46.5545585752389 21.0
endloop
endfacet
facet normal -0.707106781186534 -0.707106781186561 0.0
outer loop
vertex 207.859366965828 46.5545585752389 31.0
vertex 207.550493910298 46.791565206606 21.0
vertex 207.859366965828 46.5545585752389 21.0
endloop
endfacet
facet normal -0.499999999999989 -0.866025403784445 0.0
outer loop
vertex 207.550493910298 46.791565206606 21.0
vertex 207.859366965828 46.5545585752389 31.0
vertex 207.550493910298 46.791565206606 31.0
endloop
endfacet
facet normal -0.499999999999989 -0.866025403784445 0.0
outer loop
vertex 207.550493910298 46.791565206606 31.0
vertex 207.190803618905 46.9405538035552 21.0
vertex 207.550493910298 46.791565206606 21.0
endloop
endfacet
facet normal -0.2588190451025 -0.965925826289074 0.0
outer loop
vertex 207.190803618905 46.9405538035552 21.0
vertex 207.550493910298 46.791565206606 31.0
vertex 207.190803618905 46.9405538035552 31.0
endloop
endfacet
facet normal -0.2588190451025 -0.965925826289074 0.0
outer loop
vertex 207.190803618905 46.9405538035552 31.0
vertex 206.804808390589 46.9913710394198 21.0
vertex 207.190803618905 46.9405538035552 21.0
endloop
endfacet
facet normal -0.130526192220046 -0.991444861373811 -0.0
outer loop
vertex 206.804808390589 46.9913710394198 21.0
vertex 207.190803618905 46.9405538035552 31.0
vertex 206.804808390589 46.9913710394198 31.0
endloop
endfacet
facet normal 0.130526192220031 -0.991444861373813 0.0
outer loop
vertex 206.804808390589 46.9913710394198 31.0
vertex 206.418813162272 46.9405538035552 21.0
vertex 206.804808390589 46.9913710394198 21.0
endloop
endfacet
facet normal 0.258819045102491 -0.965925826289076 0.0
outer loop
vertex 206.418813162272 46.9405538035552 21.0
vertex 206.804808390589 46.9913710394198 31.0
vertex 206.418813162272 46.9405538035552 31.0
endloop
endfacet
facet normal 0.258819045102491 -0.965925826289076 0.0
outer loop
vertex 206.418813162272 46.9405538035552 31.0
vertex 206.059122870879 46.791565206606 21.0
vertex 206.418813162272 46.9405538035552 21.0
endloop
endfacet
facet normal 0.500000000000003 -0.866025403784437 0.0
outer loop
vertex 206.059122870879 46.791565206606 21.0
vertex 206.418813162272 46.9405538035552 31.0
vertex 206.059122870879 46.791565206606 31.0
endloop
endfacet
facet normal 0.500000000000003 -0.866025403784437 0.0
outer loop
vertex 206.059122870879 46.791565206606 31.0
vertex 205.750249815349 46.554558575239 21.0
vertex 206.059122870879 46.791565206606 21.0
endloop
endfacet
facet normal 0.707106781186556 -0.707106781186539 0.0
outer loop
vertex 205.750249815349 46.554558575239 21.0
vertex 206.059122870879 46.791565206606 31.0
vertex 205.750249815349 46.554558575239 31.0
endloop
endfacet
facet normal 0.707106781186556 -0.707106781186539 0.0
outer loop
vertex 205.750249815349 46.554558575239 21.0
vertex 205.513243183983 46.24568551971 31.0
vertex 205.513243183983 46.24568551971 21.0
endloop
endfacet
facet normal 0.866025403784452 -0.499999999999977 0.0
outer loop
vertex 205.513243183983 46.24568551971 31.0
vertex 205.750249815349 46.554558575239 21.0
vertex 205.750249815349 46.554558575239 31.0
endloop
endfacet
facet normal 0.866025403784452 -0.499999999999977 0.0
outer loop
vertex 205.513243183983 46.24568551971 21.0
vertex 205.364254587033 45.8859952283162 31.0
vertex 205.364254587033 45.8859952283162 21.0
endloop
endfacet
facet normal 0.965925826289065 -0.258819045102532 0.0
outer loop
vertex 205.364254587033 45.8859952283162 31.0
vertex 205.513243183983 46.24568551971 21.0
vertex 205.513243183983 46.24568551971 31.0
endloop
endfacet
facet normal 0.965925826289065 -0.258819045102532 0.0
outer loop
vertex 205.364254587033 45.8859952283162 21.0
vertex 205.313437351169 45.5 31.0
vertex 205.313437351169 45.5 21.0
endloop
endfacet
facet normal 1.0 -9.35666539042937e-016 0.0
outer loop
vertex 205.313437351169 45.5 31.0
vertex 205.364254587033 45.8859952283162 21.0
vertex 205.364254587033 45.8859952283162 31.0
endloop
endfacet
facet normal 1.0 -9.35666539042937e-016 0.0
outer loop
vertex 205.313437351169 45.5 21.0
vertex 205.364254587033 45.1140047716838 31.0
vertex 205.364254587033 45.1140047716838 21.0
endloop
endfacet
facet normal 0.965925826289068 0.258819045102523 0.0
outer loop
vertex 205.364254587033 45.1140047716838 31.0
vertex 205.313437351169 45.5 21.0
vertex 205.313437351169 45.5 31.0
endloop
endfacet
facet normal 0.965925826289068 0.258819045102523 0.0
outer loop
vertex 205.364254587033 45.1140047716838 21.0
vertex 205.513243183983 44.7543144802899 31.0
vertex 205.513243183983 44.7543144802899 21.0
endloop
endfacet
facet normal 0.86602540378445 0.499999999999981 0.0
outer loop
vertex 205.513243183983 44.7543144802899 31.0
vertex 205.364254587033 45.1140047716838 21.0
vertex 205.364254587033 45.1140047716838 31.0
endloop
endfacet
facet normal 0.86602540378445 0.499999999999981 0.0
outer loop
vertex 205.513243183983 44.7543144802899 21.0
vertex 205.750249815349 44.4454414247611 31.0
vertex 205.750249815349 44.4454414247611 21.0
endloop
endfacet
facet normal 0.707106781186534 0.707106781186561 0.0
outer loop
vertex 205.750249815349 44.4454414247611 31.0
vertex 205.513243183983 44.7543144802899 21.0
vertex 205.513243183983 44.7543144802899 31.0
endloop
endfacet
facet normal 0.707106781186534 0.707106781186561 0.0
outer loop
vertex 205.750249815349 44.4454414247611 31.0
vertex 206.059122870879 44.208434793394 21.0
vertex 205.750249815349 44.4454414247611 21.0
endloop
endfacet
facet normal 0.500000000000008 0.866025403784434 0.0
outer loop
vertex 206.059122870879 44.208434793394 21.0
vertex 205.750249815349 44.4454414247611 31.0
vertex 206.059122870879 44.208434793394 31.0
endloop
endfacet
facet normal 0.500000000000008 0.866025403784434 0.0
outer loop
vertex 206.059122870879 44.208434793394 31.0
vertex 206.418813162272 44.0594461964448 21.0
vertex 206.059122870879 44.208434793394 21.0
endloop
endfacet
facet normal 0.258819045102521 0.965925826289068 0.0
outer loop
vertex 206.418813162272 44.0594461964448 21.0
vertex 206.059122870879 44.208434793394 31.0
vertex 206.418813162272 44.0594461964448 31.0
endloop
endfacet
facet normal 0.258819045102521 0.965925826289068 0.0
outer loop
vertex 206.418813162272 44.0594461964448 31.0
vertex 206.804808390589 44.0086289605801 21.0
vertex 206.418813162272 44.0594461964448 21.0
endloop
endfacet
facet normal -7.57444341129987e-015 1.0 0.0
outer loop
vertex 206.804808390589 44.0086289605801 21.0
vertex 206.418813162272 44.0594461964448 31.0
vertex 206.804808390589 44.0086289605801 31.0
endloop
endfacet
facet normal -7.57444341129987e-015 1.0 0.0
outer loop
vertex 206.804808390589 44.0086289605801 31.0
vertex 207.190803618905 44.0594461964448 21.0
vertex 206.804808390589 44.0086289605801 21.0
endloop
endfacet
facet normal -0.258819045102499 0.965925826289074 0.0
outer loop
vertex 207.190803618905 44.0594461964448 21.0
vertex 206.804808390589 44.0086289605801 31.0
vertex 207.190803618905 44.0594461964448 31.0
endloop
endfacet
facet normal -0.258819045102499 0.965925826289074 0.0
outer loop
vertex 207.190803618905 44.0594461964448 31.0
vertex 207.550493910298 44.208434793394 21.0
vertex 207.190803618905 44.0594461964448 21.0
endloop
endfacet
facet normal -0.499999999999997 0.866025403784441 0.0
outer loop
vertex 207.550493910298 44.208434793394 21.0
vertex 207.190803618905 44.0594461964448 31.0
vertex 207.550493910298 44.208434793394 31.0
endloop
endfacet
facet normal -0.499999999999997 0.866025403784441 0.0
outer loop
vertex 207.550493910298 44.208434793394 31.0
vertex 207.859366965828 44.445441424761 21.0
vertex 207.550493910298 44.208434793394 21.0
endloop
endfacet
facet normal -0.707106781186556 0.707106781186539 0.0
outer loop
vertex 207.859366965828 44.445441424761 21.0
vertex 207.550493910298 44.208434793394 31.0
vertex 207.859366965828 44.445441424761 31.0
endloop
endfacet
facet normal -0.866025403784452 0.499999999999977 0.0
outer loop
vertex 208.096373597194 44.75431448029 31.0
vertex 207.859366965828 44.445441424761 21.0
vertex 207.859366965828 44.445441424761 31.0
endloop
endfacet
facet normal -0.707106781186556 0.707106781186539 0.0
outer loop
vertex 207.859366965828 44.445441424761 21.0
vertex 208.096373597194 44.75431448029 31.0
vertex 208.096373597194 44.75431448029 21.0
endloop
endfacet
facet normal -0.965925826289065 0.258819045102532 0.0
outer loop
vertex 208.245362194144 45.1140047716838 31.0
vertex 208.096373597194 44.75431448029 21.0
vertex 208.096373597194 44.75431448029 31.0
endloop
endfacet
facet normal -0.866025403784452 0.499999999999977 0.0
outer loop
vertex 208.096373597194 44.75431448029 21.0
vertex 208.245362194144 45.1140047716838 31.0
vertex 208.245362194144 45.1140047716838 21.0
endloop
endfacet
facet normal -0.991444861373797 0.130526192220151 0.0
outer loop
vertex 208.296179430008 45.5 31.0
vertex 208.245362194144 45.1140047716838 21.0
vertex 208.245362194144 45.1140047716838 31.0
endloop
endfacet
facet normal -0.965925826289065 0.258819045102532 0.0
outer loop
vertex 208.245362194144 45.1140047716838 21.0
vertex 208.296179430008 45.5 31.0
vertex 208.296179430008 45.5 21.0
endloop
endfacet
facet normal -0.965925826289068 -0.258819045102523 0.0
outer loop
vertex 208.245362194144 45.8859952283162 31.0
vertex 208.296179430008 45.5 21.0
vertex 208.296179430008 45.5 31.0
endloop
endfacet
facet normal -0.991444861373798 -0.130526192220149 -0.0
outer loop
vertex 208.296179430008 45.5 21.0
vertex 208.245362194144 45.8859952283162 31.0
vertex 208.245362194144 45.8859952283162 21.0
endloop
endfacet
facet normal -0.86602540378445 -0.499999999999981 0.0
outer loop
vertex 208.096373597194 46.2456855197101 31.0
vertex 208.245362194144 45.8859952283162 21.0
vertex 208.245362194144 45.8859952283162 31.0
endloop
endfacet
facet normal -0.965925826289068 -0.258819045102523 0.0
outer loop
vertex 208.245362194144 45.8859952283162 21.0
vertex 208.096373597194 46.2456855197101 31.0
vertex 208.096373597194 46.2456855197101 21.0
endloop
endfacet
facet normal 3.61178353387617e-033 -2.34765929701951e-032 1.0
outer loop
vertex 206.804808390589 2.0 2.0
vertex 166.451856003345 2.08518543427733 2.0
vertex 165.804808390589 2.0 2.0
endloop
endfacet
facet normal 3.61178353387617e-033 -2.34765929701951e-032 1.0
outer loop
vertex 166.451856003345 2.08518543427733 2.0
vertex 206.804808390589 2.0 2.0
vertex 167.054808390589 2.33493649053891 2.0
endloop
endfacet
facet normal 3.61178353387617e-033 -2.34765929701951e-032 1.0
outer loop
vertex 167.054808390589 2.33493649053891 2.0
vertex 206.804808390589 2.0 2.0
vertex 167.572575343555 2.73223304703363 2.0
endloop
endfacet
facet normal 3.61178353387617e-033 -2.34765929701951e-032 1.0
outer loop
vertex 167.572575343555 2.73223304703363 2.0
vertex 206.804808390589 2.0 2.0
vertex 167.96987190005 3.25 2.0
endloop
endfacet
facet normal 3.61178353387617e-033 -2.34765929701951e-032 1.0
outer loop
vertex 167.96987190005 3.25 2.0
vertex 206.804808390589 2.0 2.0
vertex 168.219622956311 3.85295238724369 2.0
endloop
endfacet
facet normal 3.61178353387617e-033 -2.34765929701951e-032 1.0
outer loop
vertex 168.219622956311 3.85295238724369 2.0
vertex 206.804808390589 2.0 2.0
vertex 168.304808390589 4.49999999999999 2.0
endloop
endfacet
facet normal 3.61178353387617e-033 -2.34765929701951e-032 1.0
outer loop
vertex 168.304808390589 4.49999999999999 2.0
vertex 206.804808390589 2.0 2.0
vertex 206.157760777832 2.08518543427731 2.0
endloop
endfacet
facet normal 3.61178353387617e-033 -2.34765929701951e-032 1.0
outer loop
vertex 168.304808390589 4.49999999999999 2.0
vertex 206.157760777832 2.08518543427731 2.0
vertex 205.554808390589 2.33493649053889 2.0
endloop
endfacet
facet normal 3.61178353387617e-033 -2.34765929701951e-032 1.0
outer loop
vertex 168.304808390589 4.49999999999999 2.0
vertex 205.554808390589 2.33493649053889 2.0
vertex 205.037041437622 2.73223304703362 2.0
endloop
endfacet
facet normal 3.61178353387617e-033 -2.34765929701951e-032 1.0
outer loop
vertex 168.304808390589 4.49999999999999 2.0
vertex 205.037041437622 2.73223304703362 2.0
vertex 168.304808390589 45.5 2.0
endloop
endfacet
facet normal 3.61178353387617e-033 -2.34765929701951e-032 1.0
outer loop
vertex 168.304808390589 45.5 2.0
vertex 205.037041437622 2.73223304703362 2.0
vertex 204.639744881127 3.24999999999999 2.0
endloop
endfacet
facet normal 3.61178353387617e-033 -2.34765929701951e-032 1.0
outer loop
vertex 168.304808390589 45.5 2.0
vertex 204.639744881127 3.24999999999999 2.0
vertex 204.389993824866 3.85295238724369 2.0
endloop
endfacet
facet normal 3.61178353387617e-033 -2.34765929701951e-032 1.0
outer loop
vertex 168.304808390589 45.5 2.0
vertex 204.389993824866 3.85295238724369 2.0
vertex 204.304808390589 4.5 2.0
endloop
endfacet
facet normal 3.61178353387617e-033 -2.34765929701951e-032 1.0
outer loop
vertex 204.389993824866 5.14704761275631 2.0
vertex 204.304808390589 45.5 2.0
vertex 204.304808390589 4.5 2.0
endloop
endfacet
facet normal 3.61178353387617e-033 -2.34765929701951e-032 1.0
outer loop
vertex 204.304808390589 45.5 2.0
vertex 204.389993824866 5.14704761275631 2.0
vertex 204.389993824866 44.8529523872437 2.0
endloop
endfacet
facet normal 3.61178353387617e-033 -2.34765929701951e-032 1.0
outer loop
vertex 204.389993824866 44.8529523872437 2.0
vertex 204.389993824866 5.14704761275631 2.0
vertex 204.639744881127 5.75000000000001 2.0
endloop
endfacet
facet normal 3.61178353387617e-033 -2.34765929701951e-032 1.0
outer loop
vertex 204.389993824866 44.8529523872437 2.0
vertex 204.639744881127 5.75000000000001 2.0
vertex 204.639744881127 44.25 2.0
endloop
endfacet
facet normal 3.61178353387617e-033 -2.34765929701951e-032 1.0
outer loop
vertex 204.639744881127 44.25 2.0
vertex 204.639744881127 5.75000000000001 2.0
vertex 205.037041437622 6.26776695296638 2.0
endloop
endfacet
facet normal 3.61178353387617e-033 -2.34765929701951e-032 1.0
outer loop
vertex 204.639744881127 44.25 2.0
vertex 205.037041437622 6.26776695296638 2.0
vertex 205.037041437622 43.7322330470336 2.0
endloop
endfacet
facet normal 3.61178353387617e-033 -2.34765929701951e-032 1.0
outer loop
vertex 205.037041437622 43.7322330470336 2.0
vertex 205.037041437622 6.26776695296638 2.0
vertex 205.554808390589 6.66506350946111 2.0
endloop
endfacet
facet normal 3.61178353387617e-033 -2.34765929701951e-032 1.0
outer loop
vertex 205.037041437622 43.7322330470336 2.0
vertex 205.554808390589 6.66506350946111 2.0
vertex 205.554808390589 43.3349364905389 2.0
endloop
endfacet
facet normal 3.61178353387617e-033 -2.34765929701951e-032 1.0
outer loop
vertex 205.554808390589 43.3349364905389 2.0
vertex 205.554808390589 6.66506350946111 2.0
vertex 206.157760777832 6.91481456572269 2.0
endloop
endfacet
facet normal 3.61178353387617e-033 -2.34765929701951e-032 1.0
outer loop
vertex 205.554808390589 43.3349364905389 2.0
vertex 206.157760777832 6.91481456572269 2.0
vertex 206.157760777832 43.0851854342773 2.0
endloop
endfacet
facet normal 3.61178353387617e-033 -2.34765929701951e-032 1.0
outer loop
vertex 206.157760777832 43.0851854342773 2.0
vertex 206.157760777832 6.91481456572269 2.0
vertex 206.804808390589 7.00000000000002 2.0
endloop
endfacet
facet normal 3.61178353387617e-033 -2.34765929701951e-032 1.0
outer loop
vertex 206.157760777832 43.0851854342773 2.0
vertex 206.804808390589 7.00000000000002 2.0
vertex 206.804808390589 43.0 2.0
endloop
endfacet
facet normal 3.61178353387617e-033 -2.34765929701951e-032 1.0
outer loop
vertex 206.804808390589 43.0 2.0
vertex 206.804808390589 7.00000000000002 2.0
vertex 207.451856003345 6.91481456572269 2.0
endloop
endfacet
facet normal 3.61178353387617e-033 -2.34765929701951e-032 1.0
outer loop
vertex 206.804808390589 43.0 2.0
vertex 207.451856003345 6.91481456572269 2.0
vertex 207.451856003345 43.0851854342773 2.0
endloop
endfacet
facet normal 3.61178353387617e-033 -2.34765929701951e-032 1.0
outer loop
vertex 207.451856003345 43.0851854342773 2.0
vertex 207.451856003345 6.91481456572269 2.0
vertex 208.054808390589 6.66506350946111 2.0
endloop
endfacet
facet normal 3.61178353387617e-033 -2.34765929701951e-032 1.0
outer loop
vertex 207.451856003345 43.0851854342773 2.0
vertex 208.054808390589 6.66506350946111 2.0
vertex 208.054808390589 43.3349364905389 2.0
endloop
endfacet
facet normal 3.61178353387617e-033 -2.34765929701951e-032 1.0
outer loop
vertex 208.054808390589 43.3349364905389 2.0
vertex 208.054808390589 6.66506350946111 2.0
vertex 208.572575343555 6.26776695296638 2.0
endloop
endfacet
facet normal 3.61178353387617e-033 -2.34765929701951e-032 1.0
outer loop
vertex 208.054808390589 43.3349364905389 2.0
vertex 208.572575343555 6.26776695296638 2.0
vertex 208.572575343555 43.7322330470336 2.0
endloop
endfacet
facet normal 3.61178353387617e-033 -2.34765929701951e-032 1.0
outer loop
vertex 208.572575343555 43.7322330470336 2.0
vertex 208.572575343555 6.26776695296638 2.0
vertex 208.96987190005 5.75000000000001 2.0
endloop
endfacet
facet normal 3.61178353387617e-033 -2.34765929701951e-032 1.0
outer loop
vertex 208.572575343555 43.7322330470336 2.0
vertex 208.96987190005 5.75000000000001 2.0
vertex 208.96987190005 44.25 2.0
endloop
endfacet
facet normal 3.61178353387617e-033 -2.34765929701951e-032 1.0
outer loop
vertex 208.96987190005 44.25 2.0
vertex 208.96987190005 5.75000000000001 2.0
vertex 209.219622956311 5.14704761275631 2.0
endloop
endfacet
facet normal 3.61178353387617e-033 -2.34765929701951e-032 1.0
outer loop
vertex 208.96987190005 44.25 2.0
vertex 209.219622956311 5.14704761275631 2.0
vertex 209.219622956311 44.8529523872437 2.0
endloop
endfacet
facet normal 3.61178353387617e-033 -2.34765929701951e-032 1.0
outer loop
vertex 209.219622956311 44.8529523872437 2.0
vertex 209.219622956311 5.14704761275631 2.0
vertex 209.304808390589 4.5 2.0
endloop
endfacet
facet normal 3.61178353387617e-033 -2.34765929701951e-032 1.0
outer loop
vertex 209.219622956311 44.8529523872437 2.0
vertex 209.304808390589 4.5 2.0
vertex 209.304808390589 45.5 2.0
endloop
endfacet
facet normal 3.61178353387617e-033 -2.34765929701951e-032 1.0
outer loop
vertex 166.451856003345 47.9148145657227 2.0
vertex 206.804808390589 48.0 2.0
vertex 165.804808390589 48.0 2.0
endloop
endfacet
facet normal 3.61178353387617e-033 -2.34765929701951e-032 1.0
outer loop
vertex 206.804808390589 48.0 2.0
vertex 166.451856003345 47.9148145657227 2.0
vertex 167.054808390589 47.6650635094611 2.0
endloop
endfacet
facet normal 3.61178353387617e-033 -2.34765929701951e-032 1.0
outer loop
vertex 206.804808390589 48.0 2.0
vertex 167.054808390589 47.6650635094611 2.0
vertex 167.572575343555 47.2677669529664 2.0
endloop
endfacet
facet normal 3.61178353387617e-033 -2.34765929701951e-032 1.0
outer loop
vertex 206.804808390589 48.0 2.0
vertex 167.572575343555 47.2677669529664 2.0
vertex 167.96987190005 46.75 2.0
endloop
endfacet
facet normal 3.61178353387617e-033 -2.34765929701951e-032 1.0
outer loop
vertex 206.804808390589 48.0 2.0
vertex 167.96987190005 46.75 2.0
vertex 168.219622956311 46.1470476127563 2.0
endloop
endfacet
facet normal 3.61178353387617e-033 -2.34765929701951e-032 1.0
outer loop
vertex 206.804808390589 48.0 2.0
vertex 168.219622956311 46.1470476127563 2.0
vertex 168.304808390589 45.5 2.0
endloop
endfacet
facet normal 3.61178353387617e-033 -2.34765929701951e-032 1.0
outer loop
vertex 206.804808390589 48.0 2.0
vertex 168.304808390589 45.5 2.0
vertex 206.157760777832 47.9148145657227 2.0
endloop
endfacet
facet normal 3.61178353387617e-033 -2.34765929701951e-032 1.0
outer loop
vertex 206.157760777832 47.9148145657227 2.0
vertex 168.304808390589 45.5 2.0
vertex 205.554808390589 47.6650635094611 2.0
endloop
endfacet
facet normal 3.61178353387617e-033 -2.34765929701951e-032 1.0
outer loop
vertex 205.554808390589 47.6650635094611 2.0
vertex 168.304808390589 45.5 2.0
vertex 205.037041437622 47.2677669529664 2.0
endloop
endfacet
facet normal 3.61178353387617e-033 -2.34765929701951e-032 1.0
outer loop
vertex 205.037041437622 47.2677669529664 2.0
vertex 168.304808390589 45.5 2.0
vertex 204.639744881127 46.75 2.0
endloop
endfacet
facet normal 3.61178353387617e-033 -2.34765929701951e-032 1.0
outer loop
vertex 204.639744881127 46.75 2.0
vertex 168.304808390589 45.5 2.0
vertex 204.389993824866 46.1470476127563 2.0
endloop
endfacet
facet normal 3.61178353387617e-033 -2.34765929701951e-032 1.0
outer loop
vertex 204.389993824866 46.1470476127563 2.0
vertex 168.304808390589 45.5 2.0
vertex 204.304808390589 45.5 2.0
endloop
endfacet
facet normal 3.61178353387617e-033 -2.34765929701951e-032 1.0
outer loop
vertex 204.304808390589 45.5 2.0
vertex 168.304808390589 45.5 2.0
vertex 204.304808390589 4.5 2.0
endloop
endfacet
facet normal 3.61178353387617e-033 -2.34765929701951e-032 1.0
outer loop
vertex 163.389993824866 5.14704761275631 2.0
vertex 163.304808390589 45.5 2.0
vertex 163.304808390589 4.50000000000001 2.0
endloop
endfacet
facet normal 3.61178353387617e-033 -2.34765929701951e-032 1.0
outer loop
vertex 163.304808390589 45.5 2.0
vertex 163.389993824866 5.14704761275631 2.0
vertex 163.389993824866 44.8529523872437 2.0
endloop
endfacet
facet normal 3.61178353387617e-033 -2.34765929701951e-032 1.0
outer loop
vertex 163.389993824866 44.8529523872437 2.0
vertex 163.389993824866 5.14704761275631 2.0
vertex 163.639744881127 5.75 2.0
endloop
endfacet
facet normal 3.61178353387617e-033 -2.34765929701951e-032 1.0
outer loop
vertex 163.389993824866 44.8529523872437 2.0
vertex 163.639744881127 5.75 2.0
vertex 163.639744881127 44.25 2.0
endloop
endfacet
facet normal 3.61178353387617e-033 -2.34765929701951e-032 1.0
outer loop
vertex 163.639744881127 44.25 2.0
vertex 163.639744881127 5.75 2.0
vertex 164.037041437622 6.26776695296637 2.0
endloop
endfacet
facet normal 3.61178353387617e-033 -2.34765929701951e-032 1.0
outer loop
vertex 163.639744881127 44.25 2.0
vertex 164.037041437622 6.26776695296637 2.0
vertex 164.037041437622 43.7322330470336 2.0
endloop
endfacet
facet normal 3.61178353387617e-033 -2.34765929701951e-032 1.0
outer loop
vertex 164.037041437622 43.7322330470336 2.0
vertex 164.037041437622 6.26776695296637 2.0
vertex 164.554808390589 43.3349364905389 2.0
endloop
endfacet
facet normal 3.61178353387617e-033 -2.34765929701951e-032 1.0
outer loop
vertex 164.554808390589 43.3349364905389 2.0
vertex 164.037041437622 6.26776695296637 2.0
vertex 164.554808390589 6.6650635094611 2.0
endloop
endfacet
facet normal 3.61178353387617e-033 -2.34765929701951e-032 1.0
outer loop
vertex 164.554808390589 43.3349364905389 2.0
vertex 164.554808390589 6.6650635094611 2.0
vertex 165.157760777832 6.91481456572267 2.0
endloop
endfacet
facet normal 3.61178353387617e-033 -2.34765929701951e-032 1.0
outer loop
vertex 164.554808390589 43.3349364905389 2.0
vertex 165.157760777832 6.91481456572267 2.0
vertex 165.157760777832 43.0851854342773 2.0
endloop
endfacet
facet normal 3.61178353387617e-033 -2.34765929701951e-032 1.0
outer loop
vertex 165.157760777832 43.0851854342773 2.0
vertex 165.157760777832 6.91481456572267 2.0
vertex 165.804808390589 7.0 2.0
endloop
endfacet
facet normal 3.61178353387617e-033 -2.34765929701951e-032 1.0
outer loop
vertex 165.157760777832 43.0851854342773 2.0
vertex 165.804808390589 7.0 2.0
vertex 165.804808390589 43.0 2.0
endloop
endfacet
facet normal 3.61178353387617e-033 -2.34765929701951e-032 1.0
outer loop
vertex 165.804808390589 43.0 2.0
vertex 165.804808390589 7.0 2.0
vertex 166.451856003345 6.91481456572267 2.0
endloop
endfacet
facet normal 3.61178353387617e-033 -2.34765929701951e-032 1.0
outer loop
vertex 165.804808390589 43.0 2.0
vertex 166.451856003345 6.91481456572267 2.0
vertex 166.451856003345 43.0851854342773 2.0
endloop
endfacet
facet normal 3.61178353387617e-033 -2.34765929701951e-032 1.0
outer loop
vertex 166.451856003345 43.0851854342773 2.0
vertex 166.451856003345 6.91481456572267 2.0
vertex 167.054808390589 6.66506350946109 2.0
endloop
endfacet
facet normal 3.61178353387617e-033 -2.34765929701951e-032 1.0
outer loop
vertex 166.451856003345 43.0851854342773 2.0
vertex 167.054808390589 6.66506350946109 2.0
vertex 167.054808390589 43.3349364905389 2.0
endloop
endfacet
facet normal 3.61178353387617e-033 -2.34765929701951e-032 1.0
outer loop
vertex 167.054808390589 43.3349364905389 2.0
vertex 167.054808390589 6.66506350946109 2.0
vertex 167.572575343555 6.26776695296636 2.0
endloop
endfacet
facet normal 3.61178353387617e-033 -2.34765929701951e-032 1.0
outer loop
vertex 167.054808390589 43.3349364905389 2.0
vertex 167.572575343555 6.26776695296636 2.0
vertex 167.572575343555 43.7322330470336 2.0
endloop
endfacet
facet normal 3.61178353387617e-033 -2.34765929701951e-032 1.0
outer loop
vertex 167.572575343555 43.7322330470336 2.0
vertex 167.572575343555 6.26776695296636 2.0
vertex 167.96987190005 5.74999999999999 2.0
endloop
endfacet
facet normal 3.61178353387617e-033 -2.34765929701951e-032 1.0
outer loop
vertex 167.572575343555 43.7322330470336 2.0
vertex 167.96987190005 5.74999999999999 2.0
vertex 167.96987190005 44.25 2.0
endloop
endfacet
facet normal 3.61178353387617e-033 -2.34765929701951e-032 1.0
outer loop
vertex 167.96987190005 44.25 2.0
vertex 167.96987190005 5.74999999999999 2.0
vertex 168.219622956311 44.8529523872437 2.0
endloop
endfacet
facet normal 3.61178353387617e-033 -2.34765929701951e-032 1.0
outer loop
vertex 168.219622956311 44.8529523872437 2.0
vertex 167.96987190005 5.74999999999999 2.0
vertex 168.219622956311 5.14704761275629 2.0
endloop
endfacet
facet normal 3.61178353387617e-033 -2.34765929701951e-032 1.0
outer loop
vertex 168.219622956311 44.8529523872437 2.0
vertex 168.219622956311 5.14704761275629 2.0
vertex 168.304808390589 4.49999999999999 2.0
endloop
endfacet
facet normal 3.61178353387617e-033 -2.34765929701951e-032 1.0
outer loop
vertex 168.219622956311 44.8529523872437 2.0
vertex 168.304808390589 4.49999999999999 2.0
vertex 168.304808390589 45.5 2.0
endloop
endfacet
facet normal 0.0 0.0 1.0
outer loop
vertex 204.389993824866 3.85295238724369 31.0
vertex 204.389993824866 5.14704761275631 31.0
vertex 204.304808390589 4.5 31.0
endloop
endfacet
facet normal 0.0 0.0 1.0
outer loop
vertex 204.389993824866 5.14704761275631 31.0
vertex 204.389993824866 3.85295238724369 31.0
vertex 204.639744881127 3.24999999999999 31.0
endloop
endfacet
facet normal 0.0 0.0 1.0
outer loop
vertex 204.389993824866 5.14704761275631 31.0
vertex 204.639744881127 3.24999999999999 31.0
vertex 204.639744881127 5.75000000000001 31.0
endloop
endfacet
facet normal 0.0 0.0 1.0
outer loop
vertex 204.639744881127 5.75000000000001 31.0
vertex 204.639744881127 3.24999999999999 31.0
vertex 205.037041437622 2.73223304703362 31.0
endloop
endfacet
facet normal 0.0 0.0 1.0
outer loop
vertex 204.639744881127 5.75000000000001 31.0
vertex 205.037041437622 2.73223304703362 31.0
vertex 205.037041437622 6.26776695296638 31.0
endloop
endfacet
facet normal 0.0 0.0 1.0
outer loop
vertex 205.037041437622 6.26776695296638 31.0
vertex 205.037041437622 2.73223304703362 31.0
vertex 205.554808390589 2.33493649053889 31.0
endloop
endfacet
facet normal 0.0 0.0 1.0
outer loop
vertex 205.037041437622 6.26776695296638 31.0
vertex 205.554808390589 2.33493649053889 31.0
vertex 205.313437351169 4.5 31.0
endloop
endfacet
facet normal 0.0 0.0 1.0
outer loop
vertex 205.313437351169 4.5 31.0
vertex 205.554808390589 2.33493649053889 31.0
vertex 205.364254587033 4.11400477168382 31.0
endloop
endfacet
facet normal 0.0 0.0 1.0
outer loop
vertex 205.364254587033 4.11400477168382 31.0
vertex 205.554808390589 2.33493649053889 31.0
vertex 205.513243183983 3.75431448028996 31.0
endloop
endfacet
facet normal 0.0 0.0 1.0
outer loop
vertex 205.513243183983 3.75431448028996 31.0
vertex 205.554808390589 2.33493649053889 31.0
vertex 205.750249815349 3.44544142476104 31.0
endloop
endfacet
facet normal 0.0 0.0 1.0
outer loop
vertex 205.750249815349 3.44544142476104 31.0
vertex 205.554808390589 2.33493649053889 31.0
vertex 206.157760777832 2.08518543427731 31.0
endloop
endfacet
facet normal 0.0 0.0 1.0
outer loop
vertex 205.750249815349 3.44544142476104 31.0
vertex 206.157760777832 2.08518543427731 31.0
vertex 206.059122870879 3.20843479339397 31.0
endloop
endfacet
facet normal 0.0 0.0 1.0
outer loop
vertex 206.059122870879 3.20843479339397 31.0
vertex 206.157760777832 2.08518543427731 31.0
vertex 206.418813162272 3.05944619644479 31.0
endloop
endfacet
facet normal 0.0 0.0 1.0
outer loop
vertex 206.418813162272 3.05944619644479 31.0
vertex 206.157760777832 2.08518543427731 31.0
vertex 206.804808390589 2.0 31.0
endloop
endfacet
facet normal 0.0 0.0 1.0
outer loop
vertex 206.418813162272 3.05944619644479 31.0
vertex 206.804808390589 2.0 31.0
vertex 206.804808390589 3.00862896058015 31.0
endloop
endfacet
facet normal 0.0 0.0 1.0
outer loop
vertex 206.804808390589 3.00862896058015 31.0
vertex 206.804808390589 2.0 31.0
vertex 207.451856003345 2.08518543427731 31.0
endloop
endfacet
facet normal 0.0 0.0 1.0
outer loop
vertex 206.804808390589 3.00862896058015 31.0
vertex 207.451856003345 2.08518543427731 31.0
vertex 207.190803618905 3.05944619644479 31.0
endloop
endfacet
facet normal 0.0 0.0 1.0
outer loop
vertex 207.190803618905 3.05944619644479 31.0
vertex 207.451856003345 2.08518543427731 31.0
vertex 207.550493910298 3.20843479339397 31.0
endloop
endfacet
facet normal 0.0 0.0 1.0
outer loop
vertex 207.550493910298 3.20843479339397 31.0
vertex 207.451856003345 2.08518543427731 31.0
vertex 208.054808390589 2.33493649053889 31.0
endloop
endfacet
facet normal 0.0 0.0 1.0
outer loop
vertex 207.550493910298 3.20843479339397 31.0
vertex 208.054808390589 2.33493649053889 31.0
vertex 207.859366965828 3.44544142476104 31.0
endloop
endfacet
facet normal 0.0 0.0 1.0
outer loop
vertex 207.859366965828 3.44544142476104 31.0
vertex 208.054808390589 2.33493649053889 31.0
vertex 208.096373597194 3.75431448028995 31.0
endloop
endfacet
facet normal 0.0 0.0 1.0
outer loop
vertex 208.096373597194 3.75431448028995 31.0
vertex 208.054808390589 2.33493649053889 31.0
vertex 208.572575343555 2.73223304703362 31.0
endloop
endfacet
facet normal 0.0 0.0 1.0
outer loop
vertex 208.096373597194 3.75431448028995 31.0
vertex 208.572575343555 2.73223304703362 31.0
vertex 208.245362194144 4.11400477168382 31.0
endloop
endfacet
facet normal 0.0 0.0 1.0
outer loop
vertex 208.245362194144 4.11400477168382 31.0
vertex 208.572575343555 2.73223304703362 31.0
vertex 208.296179430008 4.5 31.0
endloop
endfacet
facet normal 0.0 0.0 1.0
outer loop
vertex 205.313437351169 4.5 31.0
vertex 205.554808390589 6.66506350946111 31.0
vertex 205.037041437622 6.26776695296638 31.0
endloop
endfacet
facet normal 0.0 0.0 1.0
outer loop
vertex 205.554808390589 6.66506350946111 31.0
vertex 205.313437351169 4.5 31.0
vertex 205.364254587033 4.88599522831618 31.0
endloop
endfacet
facet normal 0.0 0.0 1.0
outer loop
vertex 205.554808390589 6.66506350946111 31.0
vertex 205.364254587033 4.88599522831618 31.0
vertex 205.513243183983 5.24568551971004 31.0
endloop
endfacet
facet normal 0.0 0.0 1.0
outer loop
vertex 205.554808390589 6.66506350946111 31.0
vertex 205.513243183983 5.24568551971004 31.0
vertex 205.750249815349 5.55455857523895 31.0
endloop
endfacet
facet normal 0.0 0.0 1.0
outer loop
vertex 205.554808390589 6.66506350946111 31.0
vertex 205.750249815349 5.55455857523895 31.0
vertex 206.157760777832 6.91481456572269 31.0
endloop
endfacet
facet normal 0.0 0.0 1.0
outer loop
vertex 206.157760777832 6.91481456572269 31.0
vertex 205.750249815349 5.55455857523895 31.0
vertex 206.059122870879 5.79156520660601 31.0
endloop
endfacet
facet normal 0.0 0.0 1.0
outer loop
vertex 206.157760777832 6.91481456572269 31.0
vertex 206.059122870879 5.79156520660601 31.0
vertex 206.418813162272 5.94055380355522 31.0
endloop
endfacet
facet normal 0.0 0.0 1.0
outer loop
vertex 206.157760777832 6.91481456572269 31.0
vertex 206.418813162272 5.94055380355522 31.0
vertex 206.804808390589 7.00000000000002 31.0
endloop
endfacet
facet normal 0.0 0.0 1.0
outer loop
vertex 206.804808390589 7.00000000000002 31.0
vertex 206.418813162272 5.94055380355522 31.0
vertex 206.804808390589 5.99137103941986 31.0
endloop
endfacet
facet normal 0.0 0.0 1.0
outer loop
vertex 206.804808390589 7.00000000000002 31.0
vertex 206.804808390589 5.99137103941986 31.0
vertex 207.190803618905 5.94055380355521 31.0
endloop
endfacet
facet normal 0.0 0.0 1.0
outer loop
vertex 206.804808390589 7.00000000000002 31.0
vertex 207.190803618905 5.94055380355521 31.0
vertex 207.451856003345 6.91481456572269 31.0
endloop
endfacet
facet normal 0.0 0.0 1.0
outer loop
vertex 207.451856003345 6.91481456572269 31.0
vertex 207.190803618905 5.94055380355521 31.0
vertex 207.550493910298 5.79156520660603 31.0
endloop
endfacet
facet normal 0.0 0.0 1.0
outer loop
vertex 207.451856003345 6.91481456572269 31.0
vertex 207.550493910298 5.79156520660603 31.0
vertex 208.054808390589 6.66506350946111 31.0
endloop
endfacet
facet normal 0.0 0.0 1.0
outer loop
vertex 208.054808390589 6.66506350946111 31.0
vertex 207.550493910298 5.79156520660603 31.0
vertex 207.859366965828 5.55455857523896 31.0
endloop
endfacet
facet normal 0.0 0.0 1.0
outer loop
vertex 208.054808390589 6.66506350946111 31.0
vertex 207.859366965828 5.55455857523896 31.0
vertex 208.096373597194 5.24568551971004 31.0
endloop
endfacet
facet normal 0.0 0.0 1.0
outer loop
vertex 208.054808390589 6.66506350946111 31.0
vertex 208.096373597194 5.24568551971004 31.0
vertex 208.572575343555 6.26776695296638 31.0
endloop
endfacet
facet normal 0.0 0.0 1.0
outer loop
vertex 208.572575343555 6.26776695296638 31.0
vertex 208.096373597194 5.24568551971004 31.0
vertex 208.245362194144 4.88599522831618 31.0
endloop
endfacet
facet normal 0.0 0.0 1.0
outer loop
vertex 208.572575343555 6.26776695296638 31.0
vertex 208.245362194144 4.88599522831618 31.0
vertex 208.296179430008 4.5 31.0
endloop
endfacet
facet normal 0.0 0.0 1.0
outer loop
vertex 208.572575343555 6.26776695296638 31.0
vertex 208.296179430008 4.5 31.0
vertex 208.572575343555 2.73223304703362 31.0
endloop
endfacet
facet normal 0.0 0.0 1.0
outer loop
vertex 208.572575343555 6.26776695296638 31.0
vertex 208.572575343555 2.73223304703362 31.0
vertex 208.96987190005 3.24999999999999 31.0
endloop
endfacet
facet normal 0.0 0.0 1.0
outer loop
vertex 208.572575343555 6.26776695296638 31.0
vertex 208.96987190005 3.24999999999999 31.0
vertex 208.96987190005 5.75000000000001 31.0
endloop
endfacet
facet normal 0.0 0.0 1.0
outer loop
vertex 208.96987190005 5.75000000000001 31.0
vertex 208.96987190005 3.24999999999999 31.0
vertex 209.219622956311 3.85295238724369 31.0
endloop
endfacet
facet normal 0.0 0.0 1.0
outer loop
vertex 208.96987190005 5.75000000000001 31.0
vertex 209.219622956311 3.85295238724369 31.0
vertex 209.219622956311 5.14704761275631 31.0
endloop
endfacet
facet normal 0.0 0.0 1.0
outer loop
vertex 209.219622956311 5.14704761275631 31.0
vertex 209.219622956311 3.85295238724369 31.0
vertex 209.304808390589 4.5 31.0
endloop
endfacet
facet normal 0.99144486137381 -0.130526192220055 0.0
outer loop
vertex 209.304808390589 4.5 2.0
vertex 209.219622956311 3.85295238724369 31.0
vertex 209.219622956311 3.85295238724369 2.0
endloop
endfacet
facet normal 0.965925826289067 -0.258819045102525 0.0
outer loop
vertex 209.219622956311 3.85295238724369 31.0
vertex 209.304808390589 4.5 2.0
vertex 209.304808390589 4.5 31.0
endloop
endfacet
facet normal 0.965925826289067 0.258819045102525 0.0
outer loop
vertex 209.219622956311 5.14704761275631 2.0
vertex 209.304808390589 4.5 31.0
vertex 209.304808390589 4.5 2.0
endloop
endfacet
facet normal 0.99144486137381 0.130526192220055 0.0
outer loop
vertex 209.304808390589 4.5 31.0
vertex 209.219622956311 5.14704761275631 2.0
vertex 209.219622956311 5.14704761275631 31.0
endloop
endfacet
facet normal 0.866025403784443 0.499999999999992 0.0
outer loop
vertex 208.96987190005 5.75000000000001 2.0
vertex 209.219622956311 5.14704761275631 31.0
vertex 209.219622956311 5.14704761275631 2.0
endloop
endfacet
facet normal 0.965925826289067 0.258819045102525 0.0
outer loop
vertex 209.219622956311 5.14704761275631 31.0
vertex 208.96987190005 5.75000000000001 2.0
vertex 208.96987190005 5.75000000000001 31.0
endloop
endfacet
facet normal 0.707106781186544 0.707106781186551 0.0
outer loop
vertex 208.572575343555 6.26776695296638 2.0
vertex 208.96987190005 5.75000000000001 31.0
vertex 208.96987190005 5.75000000000001 2.0
endloop
endfacet
facet normal 0.866025403784443 0.499999999999992 0.0
outer loop
vertex 208.96987190005 5.75000000000001 31.0
vertex 208.572575343555 6.26776695296638 2.0
vertex 208.572575343555 6.26776695296638 31.0
endloop
endfacet
facet normal 0.499999999999986 0.866025403784446 0.0
outer loop
vertex 208.054808390589 6.66506350946111 31.0
vertex 208.572575343555 6.26776695296638 2.0
vertex 208.054808390589 6.66506350946111 2.0
endloop
endfacet
facet normal 0.707106781186544 0.707106781186551 0.0
outer loop
vertex 208.572575343555 6.26776695296638 2.0
vertex 208.054808390589 6.66506350946111 31.0
vertex 208.572575343555 6.26776695296638 31.0
endloop
endfacet
facet normal 0.258819045102524 0.965925826289067 0.0
outer loop
vertex 207.451856003345 6.91481456572269 31.0
vertex 208.054808390589 6.66506350946111 2.0
vertex 207.451856003345 6.91481456572269 2.0
endloop
endfacet
facet normal 0.499999999999986 0.866025403784446 0.0
outer loop
vertex 208.054808390589 6.66506350946111 2.0
vertex 207.451856003345 6.91481456572269 31.0
vertex 208.054808390589 6.66506350946111 31.0
endloop
endfacet
facet normal 0.0 1.0 0.0
outer loop
vertex 206.804808390589 7.00000000000002 31.0
vertex 207.451856003345 6.91481456572269 2.0
vertex 206.804808390589 7.00000000000002 2.0
endloop
endfacet
facet normal 0.258819045102524 0.965925826289067 0.0
outer loop
vertex 207.451856003345 6.91481456572269 2.0
vertex 206.804808390589 7.00000000000002 31.0
vertex 207.451856003345 6.91481456572269 31.0
endloop
endfacet
facet normal -0.258819045102512 0.965925826289071 0.0
outer loop
vertex 206.157760777832 6.91481456572269 31.0
vertex 206.804808390589 7.00000000000002 2.0
vertex 206.157760777832 6.91481456572269 2.0
endloop
endfacet
facet normal 0.0 1.0 0.0
outer loop
vertex 206.804808390589 7.00000000000002 2.0
vertex 206.157760777832 6.91481456572269 31.0
vertex 206.804808390589 7.00000000000002 31.0
endloop
endfacet
facet normal -0.499999999999994 0.866025403784442 0.0
outer loop
vertex 205.554808390589 6.66506350946111 31.0
vertex 206.157760777832 6.91481456572269 2.0
vertex 205.554808390589 6.66506350946111 2.0
endloop
endfacet
facet normal -0.258819045102512 0.965925826289071 0.0
outer loop
vertex 206.157760777832 6.91481456572269 2.0
vertex 205.554808390589 6.66506350946111 31.0
vertex 206.157760777832 6.91481456572269 31.0
endloop
endfacet
facet normal -0.707106781186559 0.707106781186536 0.0
outer loop
vertex 205.037041437622 6.26776695296638 31.0
vertex 205.554808390589 6.66506350946111 2.0
vertex 205.037041437622 6.26776695296638 2.0
endloop
endfacet
facet normal -0.499999999999994 0.866025403784442 0.0
outer loop
vertex 205.554808390589 6.66506350946111 2.0
vertex 205.037041437622 6.26776695296638 31.0
vertex 205.554808390589 6.66506350946111 31.0
endloop
endfacet
facet normal -0.707106781186559 0.707106781186536 0.0
outer loop
vertex 205.037041437622 6.26776695296638 31.0
vertex 204.639744881127 5.75000000000001 2.0
vertex 204.639744881127 5.75000000000001 31.0
endloop
endfacet
facet normal -0.866025403784443 0.499999999999992 0.0
outer loop
vertex 204.639744881127 5.75000000000001 2.0
vertex 205.037041437622 6.26776695296638 31.0
vertex 205.037041437622 6.26776695296638 2.0
endloop
endfacet
facet normal -0.866025403784443 0.499999999999992 0.0
outer loop
vertex 204.639744881127 5.75000000000001 31.0
vertex 204.389993824866 5.14704761275631 2.0
vertex 204.389993824866 5.14704761275631 31.0
endloop
endfacet
facet normal -0.965925826289067 0.258819045102525 0.0
outer loop
vertex 204.389993824866 5.14704761275631 2.0
vertex 204.639744881127 5.75000000000001 31.0
vertex 204.639744881127 5.75000000000001 2.0
endloop
endfacet
facet normal -0.965925826289067 0.258819045102525 0.0
outer loop
vertex 204.389993824866 5.14704761275631 31.0
vertex 204.304808390589 4.5 2.0
vertex 204.304808390589 4.5 31.0
endloop
endfacet
facet normal -1.0 1.42577758330351e-016 0.0
outer loop
vertex 204.304808390589 4.5 2.0
vertex 204.389993824866 5.14704761275631 31.0
vertex 204.389993824866 5.14704761275631 2.0
endloop
endfacet
facet normal -1.0 1.42577758330351e-016 0.0
outer loop
vertex 204.304808390589 4.5 31.0
vertex 204.389993824866 3.85295238724369 2.0
vertex 204.389993824866 3.85295238724369 31.0
endloop
endfacet
facet normal -0.965925826289067 -0.258819045102525 0.0
outer loop
vertex 204.389993824866 3.85295238724369 2.0
vertex 204.304808390589 4.5 31.0
vertex 204.304808390589 4.5 2.0
endloop
endfacet
facet normal -0.965925826289067 -0.258819045102525 0.0
outer loop
vertex 204.389993824866 3.85295238724369 31.0
vertex 204.639744881127 3.24999999999999 2.0
vertex 204.639744881127 3.24999999999999 31.0
endloop
endfacet
facet normal -0.866025403784443 -0.499999999999992 0.0
outer loop
vertex 204.639744881127 3.24999999999999 2.0
vertex 204.389993824866 3.85295238724369 31.0
vertex 204.389993824866 3.85295238724369 2.0
endloop
endfacet
facet normal -0.866025403784443 -0.499999999999992 0.0
outer loop
vertex 204.639744881127 3.24999999999999 31.0
vertex 205.037041437622 2.73223304703362 2.0
vertex 205.037041437622 2.73223304703362 31.0
endloop
endfacet
facet normal -0.707106781186544 -0.707106781186551 0.0
outer loop
vertex 205.037041437622 2.73223304703362 2.0
vertex 204.639744881127 3.24999999999999 31.0
vertex 204.639744881127 3.24999999999999 2.0
endloop
endfacet
facet normal -0.499999999999987 -0.866025403784446 0.0
outer loop
vertex 205.554808390589 2.33493649053889 31.0
vertex 205.037041437622 2.73223304703362 2.0
vertex 205.554808390589 2.33493649053889 2.0
endloop
endfacet
facet normal -0.707106781186544 -0.707106781186551 0.0
outer loop
vertex 205.037041437622 2.73223304703362 2.0
vertex 205.554808390589 2.33493649053889 31.0
vertex 205.037041437622 2.73223304703362 31.0
endloop
endfacet
facet normal -0.258819045102511 -0.965925826289071 -9.95889117317751e-033
outer loop
vertex 206.157760777832 2.08518543427731 31.0
vertex 205.554808390589 2.33493649053889 2.0
vertex 206.157760777832 2.08518543427731 2.0
endloop
endfacet
facet normal -0.499999999999987 -0.866025403784446 0.0
outer loop
vertex 205.554808390589 2.33493649053889 2.0
vertex 206.157760777832 2.08518543427731 31.0
vertex 205.554808390589 2.33493649053889 31.0
endloop
endfacet
facet normal -0.130526192220028 -0.991444861373814 -1.97473829572556e-032
outer loop
vertex 206.804808390589 2.0 31.0
vertex 206.157760777832 2.08518543427731 2.0
vertex 206.804808390589 2.0 2.0
endloop
endfacet
facet normal -0.258819045102511 -0.965925826289071 -9.95889117317751e-033
outer loop
vertex 206.157760777832 2.08518543427731 2.0
vertex 206.804808390589 2.0 31.0
vertex 206.157760777832 2.08518543427731 31.0
endloop
endfacet
facet normal 0.25881904510251 -0.965925826289071 -9.36791235609263e-033
outer loop
vertex 207.451856003345 2.08518543427731 31.0
vertex 206.804808390589 2.0 2.0
vertex 207.451856003345 2.08518543427731 2.0
endloop
endfacet
facet normal 0.130526192220027 -0.991444861373814 -1.85755371344965e-032
outer loop
vertex 206.804808390589 2.0 2.0
vertex 207.451856003345 2.08518543427731 31.0
vertex 206.804808390589 2.0 31.0
endloop
endfacet
facet normal 0.499999999999987 -0.866025403784446 0.0
outer loop
vertex 208.054808390589 2.33493649053889 31.0
vertex 207.451856003345 2.08518543427731 2.0
vertex 208.054808390589 2.33493649053889 2.0
endloop
endfacet
facet normal 0.25881904510251 -0.965925826289071 -9.36791235609263e-033
outer loop
vertex 207.451856003345 2.08518543427731 2.0
vertex 208.054808390589 2.33493649053889 31.0
vertex 207.451856003345 2.08518543427731 31.0
endloop
endfacet
facet normal 0.707106781186544 -0.707106781186551 0.0
outer loop
vertex 208.572575343555 2.73223304703362 31.0
vertex 208.054808390589 2.33493649053889 2.0
vertex 208.572575343555 2.73223304703362 2.0
endloop
endfacet
facet normal 0.499999999999987 -0.866025403784446 0.0
outer loop
vertex 208.054808390589 2.33493649053889 2.0
vertex 208.572575343555 2.73223304703362 31.0
vertex 208.054808390589 2.33493649053889 31.0
endloop
endfacet
facet normal 0.866025403784443 -0.499999999999992 0.0
outer loop
vertex 208.96987190005 3.24999999999999 2.0
vertex 208.572575343555 2.73223304703362 31.0
vertex 208.572575343555 2.73223304703362 2.0
endloop
endfacet
facet normal 0.707106781186544 -0.707106781186551 0.0
outer loop
vertex 208.572575343555 2.73223304703362 31.0
vertex 208.96987190005 3.24999999999999 2.0
vertex 208.96987190005 3.24999999999999 31.0
endloop
endfacet
facet normal 0.965925826289067 -0.258819045102525 0.0
outer loop
vertex 209.219622956311 3.85295238724369 2.0
vertex 208.96987190005 3.24999999999999 31.0
vertex 208.96987190005 3.24999999999999 2.0
endloop
endfacet
facet normal 0.866025403784443 -0.499999999999992 0.0
outer loop
vertex 208.96987190005 3.24999999999999 31.0
vertex 209.219622956311 3.85295238724369 2.0
vertex 209.219622956311 3.85295238724369 31.0
endloop
endfacet
facet normal 0.0 0.0 1.0
outer loop
vertex 205.364254587033 4.11400477168382 21.0
vertex 205.364254587033 4.88599522831618 21.0
vertex 205.313437351169 4.5 21.0
endloop
endfacet
facet normal 0.0 0.0 1.0
outer loop
vertex 205.364254587033 4.88599522831618 21.0
vertex 205.364254587033 4.11400477168382 21.0
vertex 205.513243183983 3.75431448028996 21.0
endloop
endfacet
facet normal 0.0 0.0 1.0
outer loop
vertex 205.364254587033 4.88599522831618 21.0
vertex 205.513243183983 3.75431448028996 21.0
vertex 205.513243183983 5.24568551971004 21.0
endloop
endfacet
facet normal 0.0 0.0 1.0
outer loop
vertex 205.513243183983 5.24568551971004 21.0
vertex 205.513243183983 3.75431448028996 21.0
vertex 205.750249815349 3.44544142476104 21.0
endloop
endfacet
facet normal 0.0 0.0 1.0
outer loop
vertex 205.513243183983 5.24568551971004 21.0
vertex 205.750249815349 3.44544142476104 21.0
vertex 205.750249815349 5.55455857523895 21.0
endloop
endfacet
facet normal 0.0 0.0 1.0
outer loop
vertex 205.750249815349 5.55455857523895 21.0
vertex 205.750249815349 3.44544142476104 21.0
vertex 206.059122870879 3.20843479339397 21.0
endloop
endfacet
facet normal 0.0 0.0 1.0
outer loop
vertex 205.750249815349 5.55455857523895 21.0
vertex 206.059122870879 3.20843479339397 21.0
vertex 206.059122870879 5.79156520660601 21.0
endloop
endfacet
facet normal 0.0 0.0 1.0
outer loop
vertex 206.059122870879 5.79156520660601 21.0
vertex 206.059122870879 3.20843479339397 21.0
vertex 206.418813162272 5.94055380355522 21.0
endloop
endfacet
facet normal 0.0 0.0 1.0
outer loop
vertex 206.418813162272 5.94055380355522 21.0
vertex 206.059122870879 3.20843479339397 21.0
vertex 206.418813162272 3.05944619644479 21.0
endloop
endfacet
facet normal 0.0 0.0 1.0
outer loop
vertex 206.418813162272 5.94055380355522 21.0
vertex 206.418813162272 3.05944619644479 21.0
vertex 206.804808390589 3.00862896058015 21.0
endloop
endfacet
facet normal 0.0 0.0 1.0
outer loop
vertex 206.418813162272 5.94055380355522 21.0
vertex 206.804808390589 3.00862896058015 21.0
vertex 206.804808390589 5.99137103941986 21.0
endloop
endfacet
facet normal 0.0 0.0 1.0
outer loop
vertex 206.804808390589 5.99137103941986 21.0
vertex 206.804808390589 3.00862896058015 21.0
vertex 207.190803618905 3.05944619644479 21.0
endloop
endfacet
facet normal 0.0 0.0 1.0
outer loop
vertex 206.804808390589 5.99137103941986 21.0
vertex 207.190803618905 3.05944619644479 21.0
vertex 207.190803618905 5.94055380355521 21.0
endloop
endfacet
facet normal 0.0 0.0 1.0
outer loop
vertex 207.190803618905 5.94055380355521 21.0
vertex 207.190803618905 3.05944619644479 21.0
vertex 207.550493910298 5.79156520660603 21.0
endloop
endfacet
facet normal 0.0 0.0 1.0
outer loop
vertex 207.550493910298 5.79156520660603 21.0
vertex 207.190803618905 3.05944619644479 21.0
vertex 207.550493910298 3.20843479339397 21.0
endloop
endfacet
facet normal 0.0 0.0 1.0
outer loop
vertex 207.550493910298 5.79156520660603 21.0
vertex 207.550493910298 3.20843479339397 21.0
vertex 207.859366965828 3.44544142476104 21.0
endloop
endfacet
facet normal 0.0 0.0 1.0
outer loop
vertex 207.550493910298 5.79156520660603 21.0
vertex 207.859366965828 3.44544142476104 21.0
vertex 207.859366965828 5.55455857523896 21.0
endloop
endfacet
facet normal 0.0 0.0 1.0
outer loop
vertex 207.859366965828 5.55455857523896 21.0
vertex 207.859366965828 3.44544142476104 21.0
vertex 208.096373597194 3.75431448028995 21.0
endloop
endfacet
facet normal 0.0 0.0 1.0
outer loop
vertex 207.859366965828 5.55455857523896 21.0
vertex 208.096373597194 3.75431448028995 21.0
vertex 208.096373597194 5.24568551971004 21.0
endloop
endfacet
facet normal 0.0 0.0 1.0
outer loop
vertex 208.096373597194 5.24568551971004 21.0
vertex 208.096373597194 3.75431448028995 21.0
vertex 208.245362194144 4.11400477168382 21.0
endloop
endfacet
facet normal 0.0 0.0 1.0
outer loop
vertex 208.096373597194 5.24568551971004 21.0
vertex 208.245362194144 4.11400477168382 21.0
vertex 208.245362194144 4.88599522831618 21.0
endloop
endfacet
facet normal 0.0 0.0 1.0
outer loop
vertex 208.245362194144 4.88599522831618 21.0
vertex 208.245362194144 4.11400477168382 21.0
vertex 208.296179430008 4.5 21.0
endloop
endfacet
facet normal 0.707106781186536 0.707106781186559 0.0
outer loop
vertex 205.750249815349 3.44544142476104 31.0
vertex 206.059122870879 3.20843479339397 21.0
vertex 205.750249815349 3.44544142476104 21.0
endloop
endfacet
facet normal 0.499999999999997 0.86602540378444 0.0
outer loop
vertex 206.059122870879 3.20843479339397 21.0
vertex 205.750249815349 3.44544142476104 31.0
vertex 206.059122870879 3.20843479339397 31.0
endloop
endfacet
facet normal 0.499999999999997 0.86602540378444 0.0
outer loop
vertex 206.059122870879 3.20843479339397 31.0
vertex 206.418813162272 3.05944619644479 21.0
vertex 206.059122870879 3.20843479339397 21.0
endloop
endfacet
facet normal 0.258819045102511 0.965925826289071 0.0
outer loop
vertex 206.418813162272 3.05944619644479 21.0
vertex 206.059122870879 3.20843479339397 31.0
vertex 206.418813162272 3.05944619644479 31.0
endloop
endfacet
facet normal 0.258819045102511 0.965925826289071 0.0
outer loop
vertex 206.418813162272 3.05944619644479 31.0
vertex 206.804808390589 3.00862896058015 21.0
vertex 206.418813162272 3.05944619644479 21.0
endloop
endfacet
facet normal 0.130526192220023 0.991444861373814 0.0
outer loop
vertex 206.804808390589 3.00862896058015 21.0
vertex 206.418813162272 3.05944619644479 31.0
vertex 206.804808390589 3.00862896058015 31.0
endloop
endfacet
facet normal -0.130526192220024 0.991444861373814 0.0
outer loop
vertex 206.804808390589 3.00862896058015 31.0
vertex 207.190803618905 3.05944619644479 21.0
vertex 206.804808390589 3.00862896058015 21.0
endloop
endfacet
facet normal -0.258819045102511 0.965925826289071 0.0
outer loop
vertex 207.190803618905 3.05944619644479 21.0
vertex 206.804808390589 3.00862896058015 31.0
vertex 207.190803618905 3.05944619644479 31.0
endloop
endfacet
facet normal -0.258819045102511 0.965925826289071 0.0
outer loop
vertex 207.190803618905 3.05944619644479 31.0
vertex 207.550493910298 3.20843479339397 21.0
vertex 207.190803618905 3.05944619644479 21.0
endloop
endfacet
facet normal -0.499999999999997 0.866025403784441 0.0
outer loop
vertex 207.550493910298 3.20843479339397 21.0
vertex 207.190803618905 3.05944619644479 31.0
vertex 207.550493910298 3.20843479339397 31.0
endloop
endfacet
facet normal -0.499999999999997 0.866025403784441 0.0
outer loop
vertex 207.550493910298 3.20843479339397 31.0
vertex 207.859366965828 3.44544142476104 21.0
vertex 207.550493910298 3.20843479339397 21.0
endloop
endfacet
facet normal -0.707106781186535 0.70710678118656 0.0
outer loop
vertex 207.859366965828 3.44544142476104 21.0
vertex 207.550493910298 3.20843479339397 31.0
vertex 207.859366965828 3.44544142476104 31.0
endloop
endfacet
facet normal -0.866025403784453 0.499999999999975 0.0
outer loop
vertex 208.096373597194 3.75431448028995 31.0
vertex 207.859366965828 3.44544142476104 21.0
vertex 207.859366965828 3.44544142476104 31.0
endloop
endfacet
facet normal -0.707106781186535 0.70710678118656 0.0
outer loop
vertex 207.859366965828 3.44544142476104 21.0
vertex 208.096373597194 3.75431448028995 31.0
vertex 208.096373597194 3.75431448028995 21.0
endloop
endfacet
facet normal -0.965925826289066 0.25881904510253 0.0
outer loop
vertex 208.245362194144 4.11400477168382 31.0
vertex 208.096373597194 3.75431448028995 21.0
vertex 208.096373597194 3.75431448028995 31.0
endloop
endfacet
facet normal -0.866025403784453 0.499999999999975 0.0
outer loop
vertex 208.096373597194 3.75431448028995 21.0
vertex 208.245362194144 4.11400477168382 31.0
vertex 208.245362194144 4.11400477168382 21.0
endloop
endfacet
facet normal -0.991444861373798 0.130526192220149 0.0
outer loop
vertex 208.296179430008 4.5 31.0
vertex 208.245362194144 4.11400477168382 21.0
vertex 208.245362194144 4.11400477168382 31.0
endloop
endfacet
facet normal -0.965925826289066 0.25881904510253 0.0
outer loop
vertex 208.245362194144 4.11400477168382 21.0
vertex 208.296179430008 4.5 31.0
vertex 208.296179430008 4.5 21.0
endloop
endfacet
facet normal -0.965925826289066 -0.258819045102531 0.0
outer loop
vertex 208.245362194144 4.88599522831618 31.0
vertex 208.296179430008 4.5 21.0
vertex 208.296179430008 4.5 31.0
endloop
endfacet
facet normal -0.991444861373798 -0.130526192220148 -0.0
outer loop
vertex 208.296179430008 4.5 21.0
vertex 208.245362194144 4.88599522831618 31.0
vertex 208.245362194144 4.88599522831618 21.0
endloop
endfacet
facet normal -0.866025403784454 -0.499999999999973 0.0
outer loop
vertex 208.096373597194 5.24568551971004 31.0
vertex 208.245362194144 4.88599522831618 21.0
vertex 208.245362194144 4.88599522831618 31.0
endloop
endfacet
facet normal -0.965925826289066 -0.258819045102531 0.0
outer loop
vertex 208.245362194144 4.88599522831618 21.0
vertex 208.096373597194 5.24568551971004 31.0
vertex 208.096373597194 5.24568551971004 21.0
endloop
endfacet
facet normal -0.707106781186537 -0.707106781186558 0.0
outer loop
vertex 207.859366965828 5.55455857523896 31.0
vertex 208.096373597194 5.24568551971004 21.0
vertex 208.096373597194 5.24568551971004 31.0
endloop
endfacet
facet normal -0.866025403784454 -0.499999999999973 0.0
outer loop
vertex 208.096373597194 5.24568551971004 21.0
vertex 207.859366965828 5.55455857523896 31.0
vertex 207.859366965828 5.55455857523896 21.0
endloop
endfacet
facet normal -0.707106781186537 -0.707106781186558 0.0
outer loop
vertex 207.859366965828 5.55455857523896 31.0
vertex 207.550493910298 5.79156520660603 21.0
vertex 207.859366965828 5.55455857523896 21.0
endloop
endfacet
facet normal -0.499999999999981 -0.866025403784449 0.0
outer loop
vertex 207.550493910298 5.79156520660603 21.0
vertex 207.859366965828 5.55455857523896 31.0
vertex 207.550493910298 5.79156520660603 31.0
endloop
endfacet
facet normal -0.499999999999981 -0.866025403784449 0.0
outer loop
vertex 207.550493910298 5.79156520660603 31.0
vertex 207.190803618905 5.94055380355521 21.0
vertex 207.550493910298 5.79156520660603 21.0
endloop
endfacet
facet normal -0.258819045102514 -0.96592582628907 0.0
outer loop
vertex 207.190803618905 5.94055380355521 21.0
vertex 207.550493910298 5.79156520660603 31.0
vertex 207.190803618905 5.94055380355521 31.0
endloop
endfacet
facet normal -0.258819045102514 -0.96592582628907 0.0
outer loop
vertex 207.190803618905 5.94055380355521 31.0
vertex 206.804808390589 5.99137103941986 21.0
vertex 207.190803618905 5.94055380355521 21.0
endloop
endfacet
facet normal -3.60008839784135e-015 -1.0 0.0
outer loop
vertex 206.804808390589 5.99137103941986 21.0
vertex 207.190803618905 5.94055380355521 31.0
vertex 206.804808390589 5.99137103941986 31.0
endloop
endfacet
facet normal -3.60008839784135e-015 -1.0 0.0
outer loop
vertex 206.804808390589 5.99137103941986 31.0
vertex 206.418813162272 5.94055380355522 21.0
vertex 206.804808390589 5.99137103941986 21.0
endloop
endfacet
facet normal 0.258819045102505 -0.965925826289073 0.0
outer loop
vertex 206.418813162272 5.94055380355522 21.0
vertex 206.804808390589 5.99137103941986 31.0
vertex 206.418813162272 5.94055380355522 31.0
endloop
endfacet
facet normal 0.258819045102505 -0.965925826289073 0.0
outer loop
vertex 206.418813162272 5.94055380355522 31.0
vertex 206.059122870879 5.79156520660601 21.0
vertex 206.418813162272 5.94055380355522 21.0
endloop
endfacet
facet normal 0.5 -0.866025403784438 0.0
outer loop
vertex 206.059122870879 5.79156520660601 21.0
vertex 206.418813162272 5.94055380355522 31.0
vertex 206.059122870879 5.79156520660601 31.0
endloop
endfacet
facet normal 0.5 -0.866025403784438 0.0
outer loop
vertex 206.059122870879 5.79156520660601 31.0
vertex 205.750249815349 5.55455857523895 21.0
vertex 206.059122870879 5.79156520660601 21.0
endloop
endfacet
facet normal 0.707106781186553 -0.707106781186542 0.0
outer loop
vertex 205.750249815349 5.55455857523895 21.0
vertex 206.059122870879 5.79156520660601 31.0
vertex 205.750249815349 5.55455857523895 31.0
endloop
endfacet
facet normal 0.707106781186553 -0.707106781186542 0.0
outer loop
vertex 205.750249815349 5.55455857523895 21.0
vertex 205.513243183983 5.24568551971004 31.0
vertex 205.513243183983 5.24568551971004 21.0
endloop
endfacet
facet normal 0.866025403784452 -0.499999999999976 0.0
outer loop
vertex 205.513243183983 5.24568551971004 31.0
vertex 205.750249815349 5.55455857523895 21.0
vertex 205.750249815349 5.55455857523895 31.0
endloop
endfacet
facet normal 0.866025403784452 -0.499999999999976 0.0
outer loop
vertex 205.513243183983 5.24568551971004 21.0
vertex 205.364254587033 4.88599522831618 31.0
vertex 205.364254587033 4.88599522831618 21.0
endloop
endfacet
facet normal 0.965925826289066 -0.258819045102531 0.0
outer loop
vertex 205.364254587033 4.88599522831618 31.0
vertex 205.513243183983 5.24568551971004 21.0
vertex 205.513243183983 5.24568551971004 31.0
endloop
endfacet
facet normal 0.965925826289066 -0.258819045102531 0.0
outer loop
vertex 205.364254587033 4.88599522831618 21.0
vertex 205.313437351169 4.5 31.0
vertex 205.313437351169 4.5 21.0
endloop
endfacet
facet normal 1.0 -5.88133253112703e-016 0.0
outer loop
vertex 205.313437351169 4.5 31.0
vertex 205.364254587033 4.88599522831618 21.0
vertex 205.364254587033 4.88599522831618 31.0
endloop
endfacet
facet normal 1.0 -5.88133253112703e-016 0.0
outer loop
vertex 205.313437351169 4.5 21.0
vertex 205.364254587033 4.11400477168382 31.0
vertex 205.364254587033 4.11400477168382 21.0
endloop
endfacet
facet normal 0.965925826289066 0.25881904510253 0.0
outer loop
vertex 205.364254587033 4.11400477168382 31.0
vertex 205.313437351169 4.5 21.0
vertex 205.313437351169 4.5 31.0
endloop
endfacet
facet normal 0.965925826289066 0.25881904510253 0.0
outer loop
vertex 205.364254587033 4.11400477168382 21.0
vertex 205.513243183983 3.75431448028996 31.0
vertex 205.513243183983 3.75431448028996 21.0
endloop
endfacet
facet normal 0.866025403784454 0.499999999999973 0.0
outer loop
vertex 205.513243183983 3.75431448028996 31.0
vertex 205.364254587033 4.11400477168382 21.0
vertex 205.364254587033 4.11400477168382 31.0
endloop
endfacet
facet normal 0.866025403784454 0.499999999999973 0.0
outer loop
vertex 205.513243183983 3.75431448028996 21.0
vertex 205.750249815349 3.44544142476104 31.0
vertex 205.750249815349 3.44544142476104 21.0
endloop
endfacet
facet normal 0.707106781186536 0.707106781186559 0.0
outer loop
vertex 205.750249815349 3.44544142476104 31.0
vertex 205.513243183983 3.75431448028996 21.0
vertex 205.513243183983 3.75431448028996 31.0
endloop
endfacet
facet normal 0.0 0.0 1.0
outer loop
vertex 163.304808390589 2.0 2.0
vertex 163.389993824866 3.8529523872437 2.0
vertex 163.304808390589 4.50000000000001 2.0
endloop
endfacet
facet normal 0.0 0.0 1.0
outer loop
vertex 163.389993824866 3.8529523872437 2.0
vertex 163.304808390589 2.0 2.0
vertex 163.639744881127 3.25000000000001 2.0
endloop
endfacet
facet normal 0.0 0.0 1.0
outer loop
vertex 163.639744881127 3.25000000000001 2.0
vertex 163.304808390589 2.0 2.0
vertex 164.037041437622 2.73223304703364 2.0
endloop
endfacet
facet normal 0.0 0.0 1.0
outer loop
vertex 164.037041437622 2.73223304703364 2.0
vertex 163.304808390589 2.0 2.0
vertex 164.554808390589 2.33493649053891 2.0
endloop
endfacet
facet normal 0.0 0.0 1.0
outer loop
vertex 164.554808390589 2.33493649053891 2.0
vertex 163.304808390589 2.0 2.0
vertex 165.157760777832 2.08518543427734 2.0
endloop
endfacet
facet normal 0.0 0.0 1.0
outer loop
vertex 165.157760777832 2.08518543427734 2.0
vertex 163.304808390589 2.0 2.0
vertex 165.804808390589 2.0 2.0
endloop
endfacet
facet normal 0.0 0.0 1.0
outer loop
vertex 163.389993824866 3.8529523872437 31.0
vertex 163.389993824866 5.14704761275631 31.0
vertex 163.304808390589 4.50000000000001 31.0
endloop
endfacet
facet normal 0.0 0.0 1.0
outer loop
vertex 163.389993824866 5.14704761275631 31.0
vertex 163.389993824866 3.8529523872437 31.0
vertex 163.639744881127 3.25000000000001 31.0
endloop
endfacet
facet normal 0.0 0.0 1.0
outer loop
vertex 163.389993824866 5.14704761275631 31.0
vertex 163.639744881127 3.25000000000001 31.0
vertex 163.639744881127 5.75 31.0
endloop
endfacet
facet normal 0.0 0.0 1.0
outer loop
vertex 163.639744881127 5.75 31.0
vertex 163.639744881127 3.25000000000001 31.0
vertex 164.037041437622 2.73223304703364 31.0
endloop
endfacet
facet normal 0.0 0.0 1.0
outer loop
vertex 163.639744881127 5.75 31.0
vertex 164.037041437622 2.73223304703364 31.0
vertex 164.037041437622 6.26776695296637 31.0
endloop
endfacet
facet normal 0.0 0.0 1.0
outer loop
vertex 164.037041437622 6.26776695296637 31.0
vertex 164.037041437622 2.73223304703364 31.0
vertex 164.554808390589 2.33493649053891 31.0
endloop
endfacet
facet normal 0.0 0.0 1.0
outer loop
vertex 164.037041437622 6.26776695296637 31.0
vertex 164.554808390589 2.33493649053891 31.0
vertex 164.313437351169 4.5 31.0
endloop
endfacet
facet normal 0.0 0.0 1.0
outer loop
vertex 164.313437351169 4.5 31.0
vertex 164.554808390589 2.33493649053891 31.0
vertex 164.364254587033 4.11400477168386 31.0
endloop
endfacet
facet normal 0.0 0.0 1.0
outer loop
vertex 164.364254587033 4.11400477168386 31.0
vertex 164.554808390589 2.33493649053891 31.0
vertex 164.513243183983 3.75431448029006 31.0
endloop
endfacet
facet normal 0.0 0.0 1.0
outer loop
vertex 164.513243183983 3.75431448029006 31.0
vertex 164.554808390589 2.33493649053891 31.0
vertex 164.75024981535 3.445441424761 31.0
endloop
endfacet
facet normal 0.0 0.0 1.0
outer loop
vertex 164.75024981535 3.445441424761 31.0
vertex 164.554808390589 2.33493649053891 31.0
vertex 165.157760777832 2.08518543427734 31.0
endloop
endfacet
facet normal 0.0 0.0 1.0
outer loop
vertex 164.75024981535 3.445441424761 31.0
vertex 165.157760777832 2.08518543427734 31.0
vertex 165.059122870879 3.20843479339402 31.0
endloop
endfacet
facet normal 0.0 0.0 1.0
outer loop
vertex 165.059122870879 3.20843479339402 31.0
vertex 165.157760777832 2.08518543427734 31.0
vertex 165.418813162272 3.0594461964448 31.0
endloop
endfacet
facet normal 0.0 0.0 1.0
outer loop
vertex 165.418813162272 3.0594461964448 31.0
vertex 165.157760777832 2.08518543427734 31.0
vertex 165.804808390589 2.0 31.0
endloop
endfacet
facet normal 0.0 0.0 1.0
outer loop
vertex 165.418813162272 3.0594461964448 31.0
vertex 165.804808390589 2.0 31.0
vertex 165.804808390589 3.00862896058015 31.0
endloop
endfacet
facet normal 0.0 0.0 1.0
outer loop
vertex 165.804808390589 3.00862896058015 31.0
vertex 165.804808390589 2.0 31.0
vertex 166.451856003345 2.08518543427733 31.0
endloop
endfacet
facet normal 0.0 0.0 1.0
outer loop
vertex 165.804808390589 3.00862896058015 31.0
vertex 166.451856003345 2.08518543427733 31.0
vertex 166.190803618905 3.0594461964448 31.0
endloop
endfacet
facet normal 0.0 0.0 1.0
outer loop
vertex 166.190803618905 3.0594461964448 31.0
vertex 166.451856003345 2.08518543427733 31.0
vertex 166.550493910298 3.20843479339401 31.0
endloop
endfacet
facet normal 0.0 0.0 1.0
outer loop
vertex 166.550493910298 3.20843479339401 31.0
vertex 166.451856003345 2.08518543427733 31.0
vertex 167.054808390589 2.33493649053891 31.0
endloop
endfacet
facet normal 0.0 0.0 1.0
outer loop
vertex 166.550493910298 3.20843479339401 31.0
vertex 167.054808390589 2.33493649053891 31.0
vertex 166.859366965828 3.445441424761 31.0
endloop
endfacet
facet normal 0.0 0.0 1.0
outer loop
vertex 166.859366965828 3.445441424761 31.0
vertex 167.054808390589 2.33493649053891 31.0
vertex 167.096373597195 3.7543144802901 31.0
endloop
endfacet
facet normal 0.0 0.0 1.0
outer loop
vertex 167.096373597195 3.7543144802901 31.0
vertex 167.054808390589 2.33493649053891 31.0
vertex 167.572575343555 2.73223304703363 31.0
endloop
endfacet
facet normal 0.0 0.0 1.0
outer loop
vertex 167.096373597195 3.7543144802901 31.0
vertex 167.572575343555 2.73223304703363 31.0
vertex 167.245362194144 4.11400477168382 31.0
endloop
endfacet
facet normal 0.0 0.0 1.0
outer loop
vertex 167.245362194144 4.11400477168382 31.0
vertex 167.572575343555 2.73223304703363 31.0
vertex 167.296179430008 4.49999999999999 31.0
endloop
endfacet
facet normal 0.0 0.0 1.0
outer loop
vertex 164.313437351169 4.5 31.0
vertex 164.554808390589 6.6650635094611 31.0
vertex 164.037041437622 6.26776695296637 31.0
endloop
endfacet
facet normal 0.0 0.0 1.0
outer loop
vertex 164.554808390589 6.6650635094611 31.0
vertex 164.313437351169 4.5 31.0
vertex 164.364254587033 4.88599522831618 31.0
endloop
endfacet
facet normal 0.0 0.0 1.0
outer loop
vertex 164.554808390589 6.6650635094611 31.0
vertex 164.364254587033 4.88599522831618 31.0
vertex 164.513243183983 5.24568551970991 31.0
endloop
endfacet
facet normal 0.0 0.0 1.0
outer loop
vertex 164.554808390589 6.6650635094611 31.0
vertex 164.513243183983 5.24568551970991 31.0
vertex 164.75024981535 5.554558575239 31.0
endloop
endfacet
facet normal 0.0 0.0 1.0
outer loop
vertex 164.554808390589 6.6650635094611 31.0
vertex 164.75024981535 5.554558575239 31.0
vertex 165.157760777832 6.91481456572267 31.0
endloop
endfacet
facet normal 0.0 0.0 1.0
outer loop
vertex 165.157760777832 6.91481456572267 31.0
vertex 164.75024981535 5.554558575239 31.0
vertex 165.059122870879 5.79156520660598 31.0
endloop
endfacet
facet normal 0.0 0.0 1.0
outer loop
vertex 165.157760777832 6.91481456572267 31.0
vertex 165.059122870879 5.79156520660598 31.0
vertex 165.418813162272 5.9405538035552 31.0
endloop
endfacet
facet normal 0.0 0.0 1.0
outer loop
vertex 165.157760777832 6.91481456572267 31.0
vertex 165.418813162272 5.9405538035552 31.0
vertex 165.804808390589 7.0 31.0
endloop
endfacet
facet normal 0.0 0.0 1.0
outer loop
vertex 165.804808390589 7.0 31.0
vertex 165.418813162272 5.9405538035552 31.0
vertex 165.804808390589 5.99137103941984 31.0
endloop
endfacet
facet normal 0.0 0.0 1.0
outer loop
vertex 165.804808390589 7.0 31.0
vertex 165.804808390589 5.99137103941984 31.0
vertex 166.190803618905 5.9405538035552 31.0
endloop
endfacet
facet normal 0.0 0.0 1.0
outer loop
vertex 165.804808390589 7.0 31.0
vertex 166.190803618905 5.9405538035552 31.0
vertex 166.451856003345 6.91481456572267 31.0
endloop
endfacet
facet normal 0.0 0.0 1.0
outer loop
vertex 166.451856003345 6.91481456572267 31.0
vertex 166.190803618905 5.9405538035552 31.0
vertex 166.550493910298 5.79156520660598 31.0
endloop
endfacet
facet normal 0.0 0.0 1.0
outer loop
vertex 166.451856003345 6.91481456572267 31.0
vertex 166.550493910298 5.79156520660598 31.0
vertex 167.054808390589 6.66506350946109 31.0
endloop
endfacet
facet normal 0.0 0.0 1.0
outer loop
vertex 167.054808390589 6.66506350946109 31.0
vertex 166.550493910298 5.79156520660598 31.0
vertex 166.859366965828 5.554558575239 31.0
endloop
endfacet
facet normal 0.0 0.0 1.0
outer loop
vertex 167.054808390589 6.66506350946109 31.0
vertex 166.859366965828 5.554558575239 31.0
vertex 167.096373597195 5.24568551970994 31.0
endloop
endfacet
facet normal 0.0 0.0 1.0
outer loop
vertex 167.054808390589 6.66506350946109 31.0
vertex 167.096373597195 5.24568551970994 31.0
vertex 167.572575343555 6.26776695296636 31.0
endloop
endfacet
facet normal 0.0 0.0 1.0
outer loop
vertex 167.572575343555 6.26776695296636 31.0
vertex 167.096373597195 5.24568551970994 31.0
vertex 167.245362194144 4.88599522831614 31.0
endloop
endfacet
facet normal 0.0 0.0 1.0
outer loop
vertex 167.572575343555 6.26776695296636 31.0
vertex 167.245362194144 4.88599522831614 31.0
vertex 167.296179430008 4.49999999999999 31.0
endloop
endfacet
facet normal 0.0 0.0 1.0
outer loop
vertex 167.572575343555 6.26776695296636 31.0
vertex 167.296179430008 4.49999999999999 31.0
vertex 167.572575343555 2.73223304703363 31.0
endloop
endfacet
facet normal 0.0 0.0 1.0
outer loop
vertex 167.572575343555 6.26776695296636 31.0
vertex 167.572575343555 2.73223304703363 31.0
vertex 167.96987190005 3.25 31.0
endloop
endfacet
facet normal 0.0 0.0 1.0
outer loop
vertex 167.572575343555 6.26776695296636 31.0
vertex 167.96987190005 3.25 31.0
vertex 167.96987190005 5.74999999999999 31.0
endloop
endfacet
facet normal 0.0 0.0 1.0
outer loop
vertex 167.96987190005 5.74999999999999 31.0
vertex 167.96987190005 3.25 31.0
vertex 168.219622956311 3.85295238724369 31.0
endloop
endfacet
facet normal 0.0 0.0 1.0
outer loop
vertex 167.96987190005 5.74999999999999 31.0
vertex 168.219622956311 3.85295238724369 31.0
vertex 168.219622956311 5.14704761275629 31.0
endloop
endfacet
facet normal 0.0 0.0 1.0
outer loop
vertex 168.219622956311 5.14704761275629 31.0
vertex 168.219622956311 3.85295238724369 31.0
vertex 168.304808390589 4.49999999999999 31.0
endloop
endfacet
facet normal -0.965925826289067 0.258819045102527 0.0
outer loop
vertex 163.389993824866 5.14704761275631 31.0
vertex 163.304808390589 4.50000000000001 2.0
vertex 163.304808390589 4.50000000000001 31.0
endloop
endfacet
facet normal -0.99144486137381 0.130526192220056 0.0
outer loop
vertex 163.304808390589 4.50000000000001 2.0
vertex 163.389993824866 5.14704761275631 31.0
vertex 163.389993824866 5.14704761275631 2.0
endloop
endfacet
facet normal -0.99144486137381 -0.130526192220056 -0.0
outer loop
vertex 163.304808390589 4.50000000000001 31.0
vertex 163.389993824866 3.8529523872437 2.0
vertex 163.389993824866 3.8529523872437 31.0
endloop
endfacet
facet normal -0.965925826289071 -0.258819045102511 0.0
outer loop
vertex 163.389993824866 3.8529523872437 2.0
vertex 163.304808390589 4.50000000000001 31.0
vertex 163.304808390589 4.50000000000001 2.0
endloop
endfacet
facet normal -0.965925826289071 -0.258819045102511 0.0
outer loop
vertex 163.389993824866 3.8529523872437 31.0
vertex 163.639744881127 3.25000000000001 2.0
vertex 163.639744881127 3.25000000000001 31.0
endloop
endfacet
facet normal -0.866025403784443 -0.499999999999993 0.0
outer loop
vertex 163.639744881127 3.25000000000001 2.0
vertex 163.389993824866 3.8529523872437 31.0
vertex 163.389993824866 3.8529523872437 2.0
endloop
endfacet
facet normal -0.866025403784443 -0.499999999999993 0.0
outer loop
vertex 163.639744881127 3.25000000000001 31.0
vertex 164.037041437622 2.73223304703364 2.0
vertex 164.037041437622 2.73223304703364 31.0
endloop
endfacet
facet normal -0.707106781186547 -0.707106781186548 0.0
outer loop
vertex 164.037041437622 2.73223304703364 2.0
vertex 163.639744881127 3.25000000000001 31.0
vertex 163.639744881127 3.25000000000001 2.0
endloop
endfacet
facet normal -0.500000000000004 -0.866025403784437 0.0
outer loop
vertex 164.554808390589 2.33493649053891 31.0
vertex 164.037041437622 2.73223304703364 2.0
vertex 164.554808390589 2.33493649053891 2.0
endloop
endfacet
facet normal -0.707106781186547 -0.707106781186548 0.0
outer loop
vertex 164.037041437622 2.73223304703364 2.0
vertex 164.554808390589 2.33493649053891 31.0
vertex 164.037041437622 2.73223304703364 31.0
endloop
endfacet
facet normal -0.258819045102525 -0.965925826289067 4.37996665786637e-020
outer loop
vertex 165.157760777832 2.08518543427734 31.0
vertex 164.554808390589 2.33493649053891 2.0
vertex 165.157760777832 2.08518543427734 2.0
endloop
endfacet
facet normal -0.500000000000004 -0.866025403784437 0.0
outer loop
vertex 164.554808390589 2.33493649053891 2.0
vertex 165.157760777832 2.08518543427734 31.0
vertex 164.554808390589 2.33493649053891 31.0
endloop
endfacet
facet normal -0.130526192220059 -0.99144486137381 8.68499087186048e-020
outer loop
vertex 165.804808390589 2.0 31.0
vertex 165.157760777832 2.08518543427734 2.0
vertex 165.804808390589 2.0 2.0
endloop
endfacet
facet normal -0.258819045102525 -0.965925826289067 4.37996665786637e-020
outer loop
vertex 165.157760777832 2.08518543427734 2.0
vertex 165.804808390589 2.0 31.0
vertex 165.157760777832 2.08518543427734 31.0
endloop
endfacet
facet normal 0.258819045102524 -0.965925826289068 0.0
outer loop
vertex 166.451856003345 2.08518543427733 31.0
vertex 165.804808390589 2.0 2.0
vertex 166.451856003345 2.08518543427733 2.0
endloop
endfacet
facet normal 0.130526192220059 -0.991444861373809 0.0
outer loop
vertex 165.804808390589 2.0 2.0
vertex 166.451856003345 2.08518543427733 31.0
vertex 165.804808390589 2.0 31.0
endloop
endfacet
facet normal 0.5 -0.866025403784439 0.0
outer loop
vertex 167.054808390589 2.33493649053891 31.0
vertex 166.451856003345 2.08518543427733 2.0
vertex 167.054808390589 2.33493649053891 2.0
endloop
endfacet
facet normal 0.258819045102524 -0.965925826289068 0.0
outer loop
vertex 166.451856003345 2.08518543427733 2.0
vertex 167.054808390589 2.33493649053891 31.0
vertex 166.451856003345 2.08518543427733 31.0
endloop
endfacet
facet normal 0.707106781186545 -0.70710678118655 0.0
outer loop
vertex 167.572575343555 2.73223304703363 31.0
vertex 167.054808390589 2.33493649053891 2.0
vertex 167.572575343555 2.73223304703363 2.0
endloop
endfacet
facet normal 0.5 -0.866025403784439 0.0
outer loop
vertex 167.054808390589 2.33493649053891 2.0
vertex 167.572575343555 2.73223304703363 31.0
vertex 167.054808390589 2.33493649053891 31.0
endloop
endfacet
facet normal 0.866025403784434 -0.500000000000007 0.0
outer loop
vertex 167.96987190005 3.25 2.0
vertex 167.572575343555 2.73223304703363 31.0
vertex 167.572575343555 2.73223304703363 2.0
endloop
endfacet
facet normal 0.707106781186545 -0.70710678118655 0.0
outer loop
vertex 167.572575343555 2.73223304703363 31.0
vertex 167.96987190005 3.25 2.0
vertex 167.96987190005 3.25 31.0
endloop
endfacet
facet normal 0.965925826289067 -0.258819045102527 0.0
outer loop
vertex 168.219622956311 3.85295238724369 2.0
vertex 167.96987190005 3.25 31.0
vertex 167.96987190005 3.25 2.0
endloop
endfacet
facet normal 0.866025403784434 -0.500000000000007 0.0
outer loop
vertex 167.96987190005 3.25 31.0
vertex 168.219622956311 3.85295238724369 2.0
vertex 168.219622956311 3.85295238724369 31.0
endloop
endfacet
facet normal 1.0 -2.13866637495526e-016 0.0
outer loop
vertex 168.304808390589 4.49999999999999 2.0
vertex 168.219622956311 3.85295238724369 31.0
vertex 168.219622956311 3.85295238724369 2.0
endloop
endfacet
facet normal 0.965925826289067 -0.258819045102527 0.0
outer loop
vertex 168.219622956311 3.85295238724369 31.0
vertex 168.304808390589 4.49999999999999 2.0
vertex 168.304808390589 4.49999999999999 31.0
endloop
endfacet
facet normal 0.965925826289071 0.258819045102511 0.0
outer loop
vertex 168.219622956311 5.14704761275629 2.0
vertex 168.304808390589 4.49999999999999 31.0
vertex 168.304808390589 4.49999999999999 2.0
endloop
endfacet
facet normal 1.0 -2.13866637495526e-016 0.0
outer loop
vertex 168.304808390589 4.49999999999999 31.0
vertex 168.219622956311 5.14704761275629 2.0
vertex 168.219622956311 5.14704761275629 31.0
endloop
endfacet
facet normal 0.866025403784443 0.499999999999993 0.0
outer loop
vertex 167.96987190005 5.74999999999999 2.0
vertex 168.219622956311 5.14704761275629 31.0
vertex 168.219622956311 5.14704761275629 2.0
endloop
endfacet
facet normal 0.965925826289071 0.258819045102511 0.0
outer loop
vertex 168.219622956311 5.14704761275629 31.0
vertex 167.96987190005 5.74999999999999 2.0
vertex 167.96987190005 5.74999999999999 31.0
endloop
endfacet
facet normal 0.707106781186547 0.707106781186548 0.0
outer loop
vertex 167.572575343555 6.26776695296636 2.0
vertex 167.96987190005 5.74999999999999 31.0
vertex 167.96987190005 5.74999999999999 2.0
endloop
endfacet
facet normal 0.866025403784443 0.499999999999993 0.0
outer loop
vertex 167.96987190005 5.74999999999999 31.0
vertex 167.572575343555 6.26776695296636 2.0
vertex 167.572575343555 6.26776695296636 31.0
endloop
endfacet
facet normal 0.500000000000004 0.866025403784437 0.0
outer loop
vertex 167.054808390589 6.66506350946109 31.0
vertex 167.572575343555 6.26776695296636 2.0
vertex 167.054808390589 6.66506350946109 2.0
endloop
endfacet
facet normal 0.707106781186547 0.707106781186548 0.0
outer loop
vertex 167.572575343555 6.26776695296636 2.0
vertex 167.054808390589 6.66506350946109 31.0
vertex 167.572575343555 6.26776695296636 31.0
endloop
endfacet
facet normal 0.258819045102522 0.965925826289068 0.0
outer loop
vertex 166.451856003345 6.91481456572267 31.0
vertex 167.054808390589 6.66506350946109 2.0
vertex 166.451856003345 6.91481456572267 2.0
endloop
endfacet
facet normal 0.500000000000004 0.866025403784437 0.0
outer loop
vertex 167.054808390589 6.66506350946109 2.0
vertex 166.451856003345 6.91481456572267 31.0
vertex 167.054808390589 6.66506350946109 31.0
endloop
endfacet
facet normal -1.1584442864341e-016 1.0 0.0
outer loop
vertex 165.804808390589 7.0 31.0
vertex 166.451856003345 6.91481456572267 2.0
vertex 165.804808390589 7.0 2.0
endloop
endfacet
facet normal 0.258819045102522 0.965925826289068 0.0
outer loop
vertex 166.451856003345 6.91481456572267 2.0
vertex 165.804808390589 7.0 31.0
vertex 166.451856003345 6.91481456572267 31.0
endloop
endfacet
facet normal -0.258819045102519 0.965925826289069 0.0
outer loop
vertex 165.157760777832 6.91481456572267 31.0
vertex 165.804808390589 7.0 2.0
vertex 165.157760777832 6.91481456572267 2.0
endloop
endfacet
facet normal -1.1584442864341e-016 1.0 0.0
outer loop
vertex 165.804808390589 7.0 2.0
vertex 165.157760777832 6.91481456572267 31.0
vertex 165.804808390589 7.0 31.0
endloop
endfacet
facet normal -0.5 0.866025403784439 0.0
outer loop
vertex 164.554808390589 6.6650635094611 31.0
vertex 165.157760777832 6.91481456572267 2.0
vertex 164.554808390589 6.6650635094611 2.0
endloop
endfacet
facet normal -0.258819045102519 0.965925826289069 0.0
outer loop
vertex 165.157760777832 6.91481456572267 2.0
vertex 164.554808390589 6.6650635094611 31.0
vertex 165.157760777832 6.91481456572267 31.0
endloop
endfacet
facet normal -0.707106781186545 0.70710678118655 0.0
outer loop
vertex 164.037041437622 6.26776695296637 31.0
vertex 164.554808390589 6.6650635094611 2.0
vertex 164.037041437622 6.26776695296637 2.0
endloop
endfacet
facet normal -0.5 0.866025403784439 0.0
outer loop
vertex 164.554808390589 6.6650635094611 2.0
vertex 164.037041437622 6.26776695296637 31.0
vertex 164.554808390589 6.6650635094611 31.0
endloop
endfacet
facet normal -0.707106781186545 0.70710678118655 0.0
outer loop
vertex 164.037041437622 6.26776695296637 31.0
vertex 163.639744881127 5.75 2.0
vertex 163.639744881127 5.75 31.0
endloop
endfacet
facet normal -0.866025403784435 0.500000000000007 0.0
outer loop
vertex 163.639744881127 5.75 2.0
vertex 164.037041437622 6.26776695296637 31.0
vertex 164.037041437622 6.26776695296637 2.0
endloop
endfacet
facet normal -0.866025403784435 0.500000000000007 0.0
outer loop
vertex 163.639744881127 5.75 31.0
vertex 163.389993824866 5.14704761275631 2.0
vertex 163.389993824866 5.14704761275631 31.0
endloop
endfacet
facet normal -0.965925826289067 0.258819045102527 0.0
outer loop
vertex 163.389993824866 5.14704761275631 2.0
vertex 163.639744881127 5.75 31.0
vertex 163.639744881127 5.75 2.0
endloop
endfacet
facet normal 0.0 0.0 1.0
outer loop
vertex 164.364254587033 4.11400477168386 21.0
vertex 164.364254587033 4.88599522831618 21.0
vertex 164.313437351169 4.5 21.0
endloop
endfacet
facet normal 0.0 0.0 1.0
outer loop
vertex 164.364254587033 4.88599522831618 21.0
vertex 164.364254587033 4.11400477168386 21.0
vertex 164.513243183983 3.75431448029006 21.0
endloop
endfacet
facet normal 0.0 0.0 1.0
outer loop
vertex 164.364254587033 4.88599522831618 21.0
vertex 164.513243183983 3.75431448029006 21.0
vertex 164.513243183983 5.24568551970991 21.0
endloop
endfacet
facet normal 0.0 0.0 1.0
outer loop
vertex 164.513243183983 5.24568551970991 21.0
vertex 164.513243183983 3.75431448029006 21.0
vertex 164.75024981535 5.554558575239 21.0
endloop
endfacet
facet normal 0.0 0.0 1.0
outer loop
vertex 164.75024981535 5.554558575239 21.0
vertex 164.513243183983 3.75431448029006 21.0
vertex 164.75024981535 3.445441424761 21.0
endloop
endfacet
facet normal 0.0 0.0 1.0
outer loop
vertex 164.75024981535 5.554558575239 21.0
vertex 164.75024981535 3.445441424761 21.0
vertex 165.059122870879 3.20843479339402 21.0
endloop
endfacet
facet normal 0.0 0.0 1.0
outer loop
vertex 164.75024981535 5.554558575239 21.0
vertex 165.059122870879 3.20843479339402 21.0
vertex 165.059122870879 5.79156520660598 21.0
endloop
endfacet
facet normal 0.0 0.0 1.0
outer loop
vertex 165.059122870879 5.79156520660598 21.0
vertex 165.059122870879 3.20843479339402 21.0
vertex 165.418813162272 3.0594461964448 21.0
endloop
endfacet
facet normal 0.0 0.0 1.0
outer loop
vertex 165.059122870879 5.79156520660598 21.0
vertex 165.418813162272 3.0594461964448 21.0
vertex 165.418813162272 5.9405538035552 21.0
endloop
endfacet
facet normal 0.0 0.0 1.0
outer loop
vertex 165.418813162272 5.9405538035552 21.0
vertex 165.418813162272 3.0594461964448 21.0
vertex 165.804808390589 3.00862896058015 21.0
endloop
endfacet
facet normal 0.0 0.0 1.0
outer loop
vertex 165.418813162272 5.9405538035552 21.0
vertex 165.804808390589 3.00862896058015 21.0
vertex 165.804808390589 5.99137103941984 21.0
endloop
endfacet
facet normal 0.0 0.0 1.0
outer loop
vertex 165.804808390589 5.99137103941984 21.0
vertex 165.804808390589 3.00862896058015 21.0
vertex 166.190803618905 3.0594461964448 21.0
endloop
endfacet
facet normal 0.0 0.0 1.0
outer loop
vertex 165.804808390589 5.99137103941984 21.0
vertex 166.190803618905 3.0594461964448 21.0
vertex 166.190803618905 5.9405538035552 21.0
endloop
endfacet
facet normal 0.0 0.0 1.0
outer loop
vertex 166.190803618905 5.9405538035552 21.0
vertex 166.190803618905 3.0594461964448 21.0
vertex 166.550493910298 3.20843479339401 21.0
endloop
endfacet
facet normal 0.0 0.0 1.0
outer loop
vertex 166.190803618905 5.9405538035552 21.0
vertex 166.550493910298 3.20843479339401 21.0
vertex 166.550493910298 5.79156520660598 21.0
endloop
endfacet
facet normal 0.0 0.0 1.0
outer loop
vertex 166.550493910298 5.79156520660598 21.0
vertex 166.550493910298 3.20843479339401 21.0
vertex 166.859366965828 3.445441424761 21.0
endloop
endfacet
facet normal 0.0 0.0 1.0
outer loop
vertex 166.550493910298 5.79156520660598 21.0
vertex 166.859366965828 3.445441424761 21.0
vertex 166.859366965828 5.554558575239 21.0
endloop
endfacet
facet normal 0.0 0.0 1.0
outer loop
vertex 166.859366965828 5.554558575239 21.0
vertex 166.859366965828 3.445441424761 21.0
vertex 167.096373597195 3.7543144802901 21.0
endloop
endfacet
facet normal 0.0 0.0 1.0
outer loop
vertex 166.859366965828 5.554558575239 21.0
vertex 167.096373597195 3.7543144802901 21.0
vertex 167.096373597195 5.24568551970994 21.0
endloop
endfacet
facet normal 0.0 0.0 1.0
outer loop
vertex 167.096373597195 5.24568551970994 21.0
vertex 167.096373597195 3.7543144802901 21.0
vertex 167.245362194144 4.88599522831614 21.0
endloop
endfacet
facet normal 0.0 0.0 1.0
outer loop
vertex 167.245362194144 4.88599522831614 21.0
vertex 167.096373597195 3.7543144802901 21.0
vertex 167.245362194144 4.11400477168382 21.0
endloop
endfacet
facet normal 0.0 0.0 1.0
outer loop
vertex 167.245362194144 4.88599522831614 21.0
vertex 167.245362194144 4.11400477168382 21.0
vertex 167.296179430008 4.49999999999999 21.0
endloop
endfacet
facet normal 0.965925826289071 -0.258819045102513 0.0
outer loop
vertex 164.364254587033 4.88599522831618 21.0
vertex 164.313437351169 4.5 31.0
vertex 164.313437351169 4.5 21.0
endloop
endfacet
facet normal 0.991444861373812 -0.130526192220039 0.0
outer loop
vertex 164.313437351169 4.5 31.0
vertex 164.364254587033 4.88599522831618 21.0
vertex 164.364254587033 4.88599522831618 31.0
endloop
endfacet
facet normal 0.991444861373811 0.130526192220046 0.0
outer loop
vertex 164.313437351169 4.5 21.0
vertex 164.364254587033 4.11400477168386 31.0
vertex 164.364254587033 4.11400477168386 21.0
endloop
endfacet
facet normal 0.965925826289071 0.258819045102512 0.0
outer loop
vertex 164.364254587033 4.11400477168386 31.0
vertex 164.313437351169 4.5 21.0
vertex 164.313437351169 4.5 31.0
endloop
endfacet
facet normal 0.965925826289071 0.258819045102512 0.0
outer loop
vertex 164.364254587033 4.11400477168386 21.0
vertex 164.513243183983 3.75431448029006 31.0
vertex 164.513243183983 3.75431448029006 21.0
endloop
endfacet
facet normal 0.866025403784448 0.499999999999983 0.0
outer loop
vertex 164.513243183983 3.75431448029006 31.0
vertex 164.364254587033 4.11400477168386 21.0
vertex 164.364254587033 4.11400477168386 31.0
endloop
endfacet
facet normal 0.866025403784448 0.499999999999983 0.0
outer loop
vertex 164.513243183983 3.75431448029006 21.0
vertex 164.75024981535 3.445441424761 31.0
vertex 164.75024981535 3.445441424761 21.0
endloop
endfacet
facet normal 0.707106781186553 0.707106781186542 0.0
outer loop
vertex 164.75024981535 3.445441424761 31.0
vertex 164.513243183983 3.75431448029006 21.0
vertex 164.513243183983 3.75431448029006 31.0
endloop
endfacet
facet normal 0.707106781186553 0.707106781186542 0.0
outer loop
vertex 164.75024981535 3.445441424761 31.0
vertex 165.059122870879 3.20843479339402 21.0
vertex 164.75024981535 3.445441424761 21.0
endloop
endfacet
facet normal 0.499999999999996 0.866025403784441 0.0
outer loop
vertex 165.059122870879 3.20843479339402 21.0
vertex 164.75024981535 3.445441424761 31.0
vertex 165.059122870879 3.20843479339402 31.0
endloop
endfacet
facet normal 0.499999999999996 0.866025403784441 0.0
outer loop
vertex 165.059122870879 3.20843479339402 31.0
vertex 165.418813162272 3.0594461964448 21.0
vertex 165.059122870879 3.20843479339402 21.0
endloop
endfacet
facet normal 0.258819045102526 0.965925826289067 0.0
outer loop
vertex 165.418813162272 3.0594461964448 21.0
vertex 165.059122870879 3.20843479339402 31.0
vertex 165.418813162272 3.0594461964448 31.0
endloop
endfacet
facet normal 0.258819045102526 0.965925826289067 0.0
outer loop
vertex 165.418813162272 3.0594461964448 31.0
vertex 165.804808390589 3.00862896058015 21.0
vertex 165.418813162272 3.0594461964448 21.0
endloop
endfacet
facet normal 0.130526192220059 0.99144486137381 0.0
outer loop
vertex 165.804808390589 3.00862896058015 21.0
vertex 165.418813162272 3.0594461964448 31.0
vertex 165.804808390589 3.00862896058015 31.0
endloop
endfacet
facet normal -0.130526192220058 0.991444861373809 0.0
outer loop
vertex 165.804808390589 3.00862896058015 31.0
vertex 166.190803618905 3.0594461964448 21.0
vertex 165.804808390589 3.00862896058015 21.0
endloop
endfacet
facet normal -0.258819045102525 0.965925826289067 0.0
outer loop
vertex 166.190803618905 3.0594461964448 21.0
vertex 165.804808390589 3.00862896058015 31.0
vertex 166.190803618905 3.0594461964448 31.0
endloop
endfacet
facet normal -0.258819045102525 0.965925826289067 0.0
outer loop
vertex 166.190803618905 3.0594461964448 31.0
vertex 166.550493910298 3.20843479339401 21.0
vertex 166.190803618905 3.0594461964448 21.0
endloop
endfacet
facet normal -0.499999999999999 0.866025403784439 0.0
outer loop
vertex 166.550493910298 3.20843479339401 21.0
vertex 166.190803618905 3.0594461964448 31.0
vertex 166.550493910298 3.20843479339401 31.0
endloop
endfacet
facet normal -0.499999999999999 0.866025403784439 0.0
outer loop
vertex 166.550493910298 3.20843479339401 31.0
vertex 166.859366965828 3.445441424761 21.0
vertex 166.550493910298 3.20843479339401 21.0
endloop
endfacet
facet normal -0.707106781186543 0.707106781186552 0.0
outer loop
vertex 166.859366965828 3.445441424761 21.0
vertex 166.550493910298 3.20843479339401 31.0
vertex 166.859366965828 3.445441424761 31.0
endloop
endfacet
facet normal -0.866025403784436 0.500000000000005 0.0
outer loop
vertex 167.096373597195 3.7543144802901 31.0
vertex 166.859366965828 3.445441424761 21.0
vertex 166.859366965828 3.445441424761 31.0
endloop
endfacet
facet normal -0.707106781186543 0.707106781186552 0.0
outer loop
vertex 166.859366965828 3.445441424761 21.0
vertex 167.096373597195 3.7543144802901 31.0
vertex 167.096373597195 3.7543144802901 21.0
endloop
endfacet
facet normal -0.96592582628907 0.258819045102516 0.0
outer loop
vertex 167.245362194144 4.11400477168382 31.0
vertex 167.096373597195 3.7543144802901 21.0
vertex 167.096373597195 3.7543144802901 31.0
endloop
endfacet
facet normal -0.866025403784436 0.500000000000005 0.0
outer loop
vertex 167.096373597195 3.7543144802901 21.0
vertex 167.245362194144 4.11400477168382 31.0
vertex 167.245362194144 4.11400477168382 21.0
endloop
endfacet
facet normal -1.0 -3.07433291399818e-015 0.0
outer loop
vertex 167.296179430008 4.49999999999999 31.0
vertex 167.245362194144 4.11400477168382 21.0
vertex 167.245362194144 4.11400477168382 31.0
endloop
endfacet
facet normal -0.96592582628907 0.258819045102516 0.0
outer loop
vertex 167.245362194144 4.11400477168382 21.0
vertex 167.296179430008 4.49999999999999 31.0
vertex 167.296179430008 4.49999999999999 21.0
endloop
endfacet
facet normal -0.96592582628907 -0.258819045102513 0.0
outer loop
vertex 167.245362194144 4.88599522831614 31.0
vertex 167.296179430008 4.49999999999999 21.0
vertex 167.296179430008 4.49999999999999 31.0
endloop
endfacet
facet normal -1.0 -3.07433291399818e-015 0.0
outer loop
vertex 167.296179430008 4.49999999999999 21.0
vertex 167.245362194144 4.88599522831614 31.0
vertex 167.245362194144 4.88599522831614 21.0
endloop
endfacet
facet normal -0.866025403784448 -0.499999999999984 0.0
outer loop
vertex 167.096373597195 5.24568551970994 31.0
vertex 167.245362194144 4.88599522831614 21.0
vertex 167.245362194144 4.88599522831614 31.0
endloop
endfacet
facet normal -0.96592582628907 -0.258819045102513 0.0
outer loop
vertex 167.245362194144 4.88599522831614 21.0
vertex 167.096373597195 5.24568551970994 31.0
vertex 167.096373597195 5.24568551970994 21.0
endloop
endfacet
facet normal -0.707106781186556 -0.707106781186539 0.0
outer loop
vertex 166.859366965828 5.554558575239 31.0
vertex 167.096373597195 5.24568551970994 21.0
vertex 167.096373597195 5.24568551970994 31.0
endloop
endfacet
facet normal -0.866025403784448 -0.499999999999984 0.0
outer loop
vertex 167.096373597195 5.24568551970994 21.0
vertex 166.859366965828 5.554558575239 31.0
vertex 166.859366965828 5.554558575239 21.0
endloop
endfacet
facet normal -0.707106781186556 -0.707106781186539 0.0
outer loop
vertex 166.859366965828 5.554558575239 31.0
vertex 166.550493910298 5.79156520660598 21.0
vertex 166.859366965828 5.554558575239 21.0
endloop
endfacet
facet normal -0.499999999999995 -0.866025403784442 0.0
outer loop
vertex 166.550493910298 5.79156520660598 21.0
vertex 166.859366965828 5.554558575239 31.0
vertex 166.550493910298 5.79156520660598 31.0
endloop
endfacet
facet normal -0.499999999999995 -0.866025403784442 0.0
outer loop
vertex 166.550493910298 5.79156520660598 31.0
vertex 166.190803618905 5.9405538035552 21.0
vertex 166.550493910298 5.79156520660598 21.0
endloop
endfacet
facet normal -0.258819045102519 -0.965925826289069 0.0
outer loop
vertex 166.190803618905 5.9405538035552 21.0
vertex 166.550493910298 5.79156520660598 31.0
vertex 166.190803618905 5.9405538035552 31.0
endloop
endfacet
facet normal -0.258819045102519 -0.965925826289069 0.0
outer loop
vertex 166.190803618905 5.9405538035552 31.0
vertex 165.804808390589 5.99137103941984 21.0
vertex 166.190803618905 5.9405538035552 21.0
endloop
endfacet
facet normal -6.86155461964812e-016 -1.0 0.0
outer loop
vertex 165.804808390589 5.99137103941984 21.0
vertex 166.190803618905 5.9405538035552 31.0
vertex 165.804808390589 5.99137103941984 31.0
endloop
endfacet
facet normal -6.86155461964812e-016 -1.0 0.0
outer loop
vertex 165.804808390589 5.99137103941984 31.0
vertex 165.418813162272 5.9405538035552 21.0
vertex 165.804808390589 5.99137103941984 21.0
endloop
endfacet
facet normal 0.258819045102521 -0.965925826289068 0.0
outer loop
vertex 165.418813162272 5.9405538035552 21.0
vertex 165.804808390589 5.99137103941984 31.0
vertex 165.418813162272 5.9405538035552 31.0
endloop
endfacet
facet normal 0.258819045102521 -0.965925826289068 0.0
outer loop
vertex 165.418813162272 5.9405538035552 31.0
vertex 165.059122870879 5.79156520660598 21.0
vertex 165.418813162272 5.9405538035552 21.0
endloop
endfacet
facet normal 0.499999999999996 -0.866025403784441 0.0
outer loop
vertex 165.059122870879 5.79156520660598 21.0
vertex 165.418813162272 5.9405538035552 31.0
vertex 165.059122870879 5.79156520660598 31.0
endloop
endfacet
facet normal 0.499999999999996 -0.866025403784441 0.0
outer loop
vertex 165.059122870879 5.79156520660598 31.0
vertex 164.75024981535 5.554558575239 21.0
vertex 165.059122870879 5.79156520660598 21.0
endloop
endfacet
facet normal 0.707106781186539 -0.707106781186556 0.0
outer loop
vertex 164.75024981535 5.554558575239 21.0
vertex 165.059122870879 5.79156520660598 31.0
vertex 164.75024981535 5.554558575239 31.0
endloop
endfacet
facet normal 0.707106781186539 -0.707106781186556 0.0
outer loop
vertex 164.75024981535 5.554558575239 21.0
vertex 164.513243183983 5.24568551970991 31.0
vertex 164.513243183983 5.24568551970991 21.0
endloop
endfacet
facet normal 0.866025403784436 -0.500000000000004 0.0
outer loop
vertex 164.513243183983 5.24568551970991 31.0
vertex 164.75024981535 5.554558575239 21.0
vertex 164.75024981535 5.554558575239 31.0
endloop
endfacet
facet normal 0.866025403784436 -0.500000000000004 0.0
outer loop
vertex 164.513243183983 5.24568551970991 21.0
vertex 164.364254587033 4.88599522831618 31.0
vertex 164.364254587033 4.88599522831618 21.0
endloop
endfacet
facet normal 0.965925826289071 -0.258819045102513 0.0
outer loop
vertex 164.364254587033 4.88599522831618 31.0
vertex 164.513243183983 5.24568551970991 21.0
vertex 164.513243183983 5.24568551970991 31.0
endloop
endfacet
endsolid bouton
