solid bouton
facet normal 0.576370859854114 0.793306430989621 -0.196116135138183
outer loop
vertex 95.8109025694737 35.1936141291243 41.0
vertex 95.9566530831866 34.3257515374837 38.0
vertex 95.4582314180982 34.7082039324994 38.0
endloop
endfacet
facet normal 0.617099414281722 0.762054311995948 -0.196116135138183
outer loop
vertex 95.9566530831866 34.3257515374837 38.0
vertex 95.8109025694737 35.1936141291243 41.0
vertex 96.3342453178165 34.7920391143578 41.0
endloop
endfacet
facet normal -0.253792954128308 -0.947168199409845 -0.196116135138185
outer loop
vertex 85.1436884222968 12.8293345887577 41.0
vertex 84.6966044580892 13.5873218044582 38.0
vertex 85.2989798493583 13.4088900845312 38.0
endloop
endfacet
facet normal -0.303016093144161 -0.932587641368955 -0.196116135138185
outer loop
vertex 84.6966044580892 13.5873218044582 38.0
vertex 85.1436884222968 12.8293345887577 41.0
vertex 84.5111942614642 13.0166878946811 41.0
endloop
endfacet
facet normal -0.932587641368954 0.303016093144165 -0.196116135138185
outer loop
vertex 76.4214962852696 28.8936141291243 41.0
vertex 77.2018432726221 29.3004153945436 38.0
vertex 76.9921301950467 28.7082039324994 38.0
endloop
endfacet
facet normal -0.915450925426443 0.351408686111101 -0.196116135138184
outer loop
vertex 77.2018432726221 29.3004153945436 38.0
vertex 76.4214962852696 28.8936141291243 41.0
vertex 76.6416950167238 29.5154361642708 41.0
endloop
endfacet
facet normal -0.693375245281534 0.693375245281539 0.196116135138184
outer loop
vertex 79.91952701635 33.4852813742386 44.0
vertex 79.9737627504669 34.3636248010152 41.0
vertex 79.495262947638 33.9095454429505 41.0
endloop
endfacet
facet normal -0.656136542108843 0.728713455102835 0.196116135138184
outer loop
vertex 79.9737627504669 34.3636248010152 41.0
vertex 79.91952701635 33.4852813742386 44.0
vertex 80.3752411142822 33.9177379057287 44.0
endloop
endfacet
facet normal -0.873703779533648 -0.445174310991864 0.196116135138185
outer loop
vertex 77.7127301003281 19.5521140031254 44.0
vertex 76.8941356242918 19.8751182972449 41.0
vertex 77.1781261858151 19.2797197032817 41.0
endloop
endfacet
facet normal -0.895805022129552 -0.398838092295525 0.196116135138185
outer loop
vertex 76.8941356242918 19.8751182972449 41.0
vertex 77.7127301003281 19.5521140031254 44.0
vertex 77.4422628988773 20.1191602830904 44.0
endloop
endfacet
facet normal 0.822384152198012 0.534062512962686 0.196116135138183
outer loop
vertex 98.9720575467009 31.8624518411893 41.0
vertex 98.1130123230879 32.0534230275097 44.0
vertex 98.4688552059336 31.5356684201803 44.0
endloop
endfacet
facet normal 0.793306430989623 0.576370859854112 0.196116135138183
outer loop
vertex 98.1130123230879 32.0534230275097 44.0
vertex 98.9720575467009 31.8624518411893 41.0
vertex 98.5984225197129 32.4060941788852 41.0
endloop
endfacet
facet normal -0.793306430989622 0.576370859854113 -0.196116135138184
outer loop
vertex 78.2111942614642 32.4060941788852 41.0
vertex 79.0790568531049 32.5518446925981 38.0
vertex 78.6966044580892 32.0534230275097 38.0
endloop
endfacet
facet normal -0.762054311995947 0.617099414281723 -0.196116135138184
outer loop
vertex 79.0790568531049 32.5518446925981 38.0
vertex 78.2111942614642 32.4060941788852 41.0
vertex 78.6127692762307 32.929436927228 41.0
endloop
endfacet
facet normal 0.490290337845459 -0.849207775608448 0.196116135138184
outer loop
vertex 94.4048083905885 14.6076951545867 44.0
vertex 94.1250886873068 13.7733177952266 41.0
vertex 94.7048083905885 14.0880799123161 41.0
endloop
endfacet
facet normal 0.445174310991863 -0.873703779533648 0.196116135138185
outer loop
vertex 94.1250886873068 13.7733177952266 41.0
vertex 94.4048083905885 14.6076951545867 44.0
vertex 93.8526943874631 14.3079217097396 44.0
endloop
endfacet
facet normal -0.873703779533647 0.445174310991865 -0.196116135138184
outer loop
vertex 77.1781261858151 30.7202802967183 41.0
vertex 78.0125035451753 31.0 38.0
vertex 77.7127301003281 30.4478859968746 38.0
endloop
endfacet
facet normal -0.849207775608448 0.490290337845459 -0.196116135138184
outer loop
vertex 78.0125035451753 31.0 38.0
vertex 77.1781261858151 30.7202802967183 41.0
vertex 77.4928883029046 31.3 41.0
endloop
endfacet
facet normal 0.127993148409791 0.972204483434248 0.196051514532524
outer loop
vertex 89.9048083905885 36.9019211971361 44.0
vertex 90.3758826500954 37.4448730914987 41.0
vertex 89.9048083905885 37.506891194312 41.0
endloop
endfacet
facet normal 0.153396613430501 0.968508100392824 0.196116135138183
outer loop
vertex 90.3758826500954 37.4448730914987 41.0
vertex 89.9048083905885 36.9019211971361 44.0
vertex 90.2820219710713 36.8522600871417 44.0
endloop
endfacet
facet normal 0.707106781186545 -0.70710678118655 1.01187464702005e-018
outer loop
vertex 81.3337405787231 32.0710678118655 34.0
vertex 80.9733601358146 31.6913060635886 44.0
vertex 80.9733601358146 31.6913060635886 34.0
endloop
endfacet
facet normal 0.743144825477392 -0.669130606358861 1.15882109863456e-018
outer loop
vertex 80.9733601358146 31.6913060635886 44.0
vertex 81.3337405787231 32.0710678118655 34.0
vertex 81.3337405787231 32.0710678118655 44.0
endloop
endfacet
facet normal 0.809016994374948 -0.587785252292473 -4.88928714904721e-019
outer loop
vertex 80.3146384468391 30.8778525229247 34.0
vertex 80.0181027111343 30.4463903501503 44.0
vertex 80.0181027111343 30.4463903501503 34.0
endloop
endfacet
facet normal 0.838670567945423 -0.544639035015029 -3.47891607301497e-019
outer loop
vertex 80.0181027111343 30.4463903501503 44.0
vertex 80.3146384468391 30.8778525229247 34.0
vertex 80.3146384468391 30.8778525229247 44.0
endloop
endfacet
facet normal 0.891006524188369 -0.453990499739544 3.16346296754898e-021
outer loop
vertex 79.4947431487049 29.5399049973955 34.0
vertex 79.2693538141625 29.067366430758 44.0
vertex 79.2693538141625 29.067366430758 34.0
endloop
endfacet
facet normal 0.913545457642601 -0.406736643075801 1.11743618121345e-020
outer loop
vertex 79.2693538141625 29.067366430758 44.0
vertex 79.4947431487049 29.5399049973955 34.0
vertex 79.4947431487049 29.5399049973955 44.0
endloop
endfacet
facet normal 0.156434465040242 0.987688340595136 -2.08660719801346e-020
outer loop
vertex 86.8404637401862 15.1231165940486 44.0
vertex 86.9048083905885 15.1146454601168 34.0
vertex 86.8404637401862 15.1231165940486 34.0
endloop
endfacet
facet normal 0.130526192220071 0.991444861373808 4.56504832700594e-020
outer loop
vertex 86.9048083905885 15.1146454601168 34.0
vertex 86.8404637401862 15.1231165940486 44.0
vertex 86.9048083905885 15.1146454601168 44.0
endloop
endfacet
facet normal -0.951056516295153 -0.309016994374951 1.57544233697056e-020
outer loop
vertex 97.9153735535401 28.0901699437495 44.0
vertex 98.0640666534792 27.5881904510252 34.0
vertex 98.0640666534792 27.5881904510252 44.0
endloop
endfacet
facet normal -0.965925826289069 -0.258819045102519 -4.09539301520209e-019
outer loop
vertex 98.0640666534792 27.5881904510252 34.0
vertex 97.9153735535401 28.0901699437495 44.0
vertex 97.9153735535401 28.0901699437495 34.0
endloop
endfacet
facet normal -1.0 0.0 0.0
outer loop
vertex 65.4048083905885 48.0 32.0
vertex 65.4048083905885 2.0 31.0
vertex 65.4048083905885 2.0 32.0
endloop
endfacet
facet normal -1.0 0.0 0.0
outer loop
vertex 65.4048083905885 2.0 31.0
vertex 65.4048083905885 48.0 32.0
vertex 65.4048083905885 48.0 31.0
endloop
endfacet
facet normal 0.987688340595137 0.156434465040234 -5.46589992873632e-020
outer loop
vertex 100.25706847773 26.8772135804828 34.0
vertex 100.306729587725 26.5 38.0
vertex 100.306729587725 26.5 34.0
endloop
endfacet
facet normal 0.991444861373809 0.130526192220061 -1.09280538022622e-019
outer loop
vertex 100.306729587725 26.5 38.0
vertex 100.25706847773 26.8772135804828 34.0
vertex 100.25706847773 26.8772135804828 38.0
endloop
endfacet
facet normal -0.99144486137381 -0.130526192220058 0.0
outer loop
vertex 76.4705456461692 23.7456584407882 34.0
vertex 76.5028871934524 23.5 32.9336441091219
vertex 76.5028871934524 23.5 34.0
endloop
endfacet
facet normal -0.99144486137381 -0.130526192220058 0.0
outer loop
vertex 76.5028871934524 23.5 32.9336441091219
vertex 76.4705456461692 23.7456584407882 34.0
vertex 76.4705456461692 23.7456584407882 32.9336441091219
endloop
endfacet
facet normal -0.991444861373811 0.130526192220048 0.0
outer loop
vertex 76.5028871934524 26.5 34.0
vertex 76.4705456461692 26.2543415592118 32.9336441091219
vertex 76.4705456461692 26.2543415592118 34.0
endloop
endfacet
facet normal -0.991444861373811 0.130526192220048 0.0
outer loop
vertex 76.4705456461692 26.2543415592118 32.9336441091219
vertex 76.5028871934524 26.5 34.0
vertex 76.5028871934524 26.5 32.9336441091219
endloop
endfacet
facet normal 0.762054311995947 0.617099414281724 -0.196116135138183
outer loop
vertex 97.7305599280722 32.5518446925981 38.0
vertex 98.5984225197129 32.4060941788852 41.0
vertex 98.1130123230879 32.0534230275097 38.0
endloop
endfacet
facet normal 0.793306430989623 0.576370859854112 -0.196116135138183
outer loop
vertex 98.5984225197129 32.4060941788852 41.0
vertex 97.7305599280722 32.5518446925981 38.0
vertex 98.1968475049464 32.929436927228 41.0
endloop
endfacet
facet normal -0.406736643075801 -0.913545457642601 -1.49281278071115e-019
outer loop
vertex 92.4721748213465 34.135454576426 44.0
vertex 91.9884878860415 34.335804264972 34.0
vertex 92.4721748213465 34.135454576426 34.0
endloop
endfacet
facet normal -0.358367949545303 -0.933580426497201 1.64241190427643e-019
outer loop
vertex 91.9884878860415 34.335804264972 34.0
vertex 92.4721748213465 34.135454576426 44.0
vertex 91.9884878860415 34.335804264972 44.0
endloop
endfacet
facet normal -0.762054311995948 0.617099414281723 0.196116135138184
outer loop
vertex 79.0790568531049 32.5518446925981 44.0
vertex 78.2111942614642 32.4060941788852 41.0
vertex 78.6966044580892 32.0534230275097 44.0
endloop
endfacet
facet normal -0.793306430989622 0.576370859854113 0.196116135138184
outer loop
vertex 78.2111942614642 32.4060941788852 41.0
vertex 79.0790568531049 32.5518446925981 44.0
vertex 78.6127692762307 32.929436927228 41.0
endloop
endfacet
facet normal -0.891006524188368 -0.453990499739546 -8.05893806198693e-019
outer loop
vertex 97.3148736324722 29.5399049973955 44.0
vertex 97.5402629670146 29.067366430758 34.0
vertex 97.5402629670146 29.067366430758 44.0
endloop
endfacet
facet normal -0.913545457642602 -0.406736643075799 -5.59863210449411e-020
outer loop
vertex 97.5402629670146 29.067366430758 34.0
vertex 97.3148736324722 29.5399049973955 44.0
vertex 97.3148736324722 29.5399049973955 34.0
endloop
endfacet
facet normal -0.987688340595136 -0.156434465040244 1.46422669660046e-019
outer loop
vertex 98.2816917965399 26.5643446504023 44.0
vertex 98.2901629304718 26.5 34.0
vertex 98.2901629304718 26.5 44.0
endloop
endfacet
facet normal -0.991444861373808 -0.130526192220071 -1.15337625713437e-020
outer loop
vertex 98.2901629304718 26.5 34.0
vertex 98.2816917965399 26.5643446504023 44.0
vertex 98.2816917965399 26.5643446504023 34.0
endloop
endfacet
facet normal 0.849207775608448 0.490290337845458 -0.196116135138183
outer loop
vertex 98.7971132360018 31.0 38.0
vertex 99.631490595362 30.7202802967183 41.0
vertex 99.096886680849 30.4478859968746 38.0
endloop
endfacet
facet normal 0.873703779533648 0.445174310991864 -0.196116135138183
outer loop
vertex 99.631490595362 30.7202802967183 41.0
vertex 98.7971132360018 31.0 38.0
vertex 99.3167284782725 31.3 41.0
endloop
endfacet
facet normal -1.0 0.0 0.0
outer loop
vertex 63.4048083905885 2.0 34.0
vertex 63.4048083905885 0.0 32.0
vertex 63.4048083905885 0.0 34.0
endloop
endfacet
facet normal -1.0 0.0 0.0
outer loop
vertex 63.4048083905885 0.0 32.0
vertex 63.4048083905885 2.0 34.0
vertex 63.4048083905885 50.0 32.0
endloop
endfacet
facet normal -1.0 0.0 0.0
outer loop
vertex 63.4048083905885 50.0 32.0
vertex 63.4048083905885 2.0 34.0
vertex 63.4048083905885 50.0 34.0
endloop
endfacet
facet normal -0.398838092295527 -0.895805022129552 -0.196116135138185
outer loop
vertex 83.2799266878335 13.4893272337032 41.0
vertex 82.956922393714 14.3079217097396 38.0
vertex 83.5239686736789 14.0374545082888 38.0
endloop
endfacet
facet normal -0.445174310991866 -0.873703779533647 -0.196116135138184
outer loop
vertex 82.956922393714 14.3079217097396 38.0
vertex 83.2799266878335 13.4893272337032 41.0
vertex 82.6845280938702 13.7733177952266 41.0
endloop
endfacet
facet normal 0.0 0.0 1.0
outer loop
vertex 76.5525483034469 23.1227864195172 44.0
vertex 78.5194538507053 23.5 44.0
vertex 76.5028871934524 23.5 44.0
endloop
endfacet
facet normal 0.0 0.0 1.0
outer loop
vertex 78.5194538507053 23.5 44.0
vertex 76.5525483034469 23.1227864195172 44.0
vertex 76.6670371817829 22.5050597101869 44.0
endloop
endfacet
facet normal 0.0 0.0 1.0
outer loop
vertex 78.5194538507053 23.5 44.0
vertex 76.6670371817829 22.5050597101869 44.0
vertex 76.8136984751197 21.8941714587698 44.0
endloop
endfacet
facet normal 0.0 0.0 1.0
outer loop
vertex 78.5194538507053 23.5 44.0
vertex 76.8136984751197 21.8941714587698 44.0
vertex 76.9921301950467 21.2917960675006 44.0
endloop
endfacet
facet normal 0.0 0.0 1.0
outer loop
vertex 78.5194538507053 23.5 44.0
vertex 76.9921301950467 21.2917960675006 44.0
vertex 77.2018432726221 20.6995846054564 44.0
endloop
endfacet
facet normal 0.0 0.0 1.0
outer loop
vertex 78.5194538507053 23.5 44.0
vertex 77.2018432726221 20.6995846054564 44.0
vertex 77.4422628988773 20.1191602830904 44.0
endloop
endfacet
facet normal 0.0 0.0 1.0
outer loop
vertex 78.5194538507053 23.5 44.0
vertex 77.4422628988773 20.1191602830904 44.0
vertex 77.7127301003281 19.5521140031254 44.0
endloop
endfacet
facet normal 0.0 0.0 1.0
outer loop
vertex 78.5194538507053 23.5 44.0
vertex 77.7127301003281 19.5521140031254 44.0
vertex 78.0125035451753 19.0 44.0
endloop
endfacet
facet normal 0.0 0.0 1.0
outer loop
vertex 78.5194538507053 23.5 44.0
vertex 78.0125035451753 19.0 44.0
vertex 78.3407615752434 18.4643315798197 44.0
endloop
endfacet
facet normal 0.0 0.0 1.0
outer loop
vertex 78.5194538507053 23.5 44.0
vertex 78.3407615752434 18.4643315798197 44.0
vertex 78.6966044580892 17.9465769724903 44.0
endloop
endfacet
facet normal 0.0 0.0 1.0
outer loop
vertex 78.5194538507053 23.5 44.0
vertex 78.6966044580892 17.9465769724903 44.0
vertex 78.5279249846372 23.4356553495977 44.0
endloop
endfacet
facet normal 0.0 0.0 1.0
outer loop
vertex 78.5279249846372 23.4356553495977 44.0
vertex 78.6966044580892 17.9465769724903 44.0
vertex 78.6233323832505 22.9208830918224 44.0
endloop
endfacet
facet normal 0.0 0.0 1.0
outer loop
vertex 78.6233323832505 22.9208830918224 44.0
vertex 78.6966044580892 17.9465769724903 44.0
vertex 78.7455501276979 22.4118095489748 44.0
endloop
endfacet
facet normal 0.0 0.0 1.0
outer loop
vertex 78.7455501276979 22.4118095489748 44.0
vertex 78.6966044580892 17.9465769724903 44.0
vertex 79.0790568531049 17.4481553074019 44.0
endloop
endfacet
facet normal 0.0 0.0 1.0
outer loop
vertex 78.7455501276979 22.4118095489748 44.0
vertex 79.0790568531049 17.4481553074019 44.0
vertex 78.894243227637 21.9098300562505 44.0
endloop
endfacet
facet normal 0.0 0.0 1.0
outer loop
vertex 78.894243227637 21.9098300562505 44.0
vertex 79.0790568531049 17.4481553074019 44.0
vertex 79.0690041256165 21.416320504547 44.0
endloop
endfacet
facet normal 0.0 0.0 1.0
outer loop
vertex 79.0690041256165 21.416320504547 44.0
vertex 79.0790568531049 17.4481553074019 44.0
vertex 79.2693538141625 20.932633569242 44.0
endloop
endfacet
facet normal 0.0 0.0 1.0
outer loop
vertex 79.2693538141625 20.932633569242 44.0
vertex 79.0790568531049 17.4481553074019 44.0
vertex 79.4870704848598 16.9704327236937 44.0
endloop
endfacet
facet normal 0.0 0.0 1.0
outer loop
vertex 79.2693538141625 20.932633569242 44.0
vertex 79.4870704848598 16.9704327236937 44.0
vertex 79.4947431487049 20.4600950026045 44.0
endloop
endfacet
facet normal 0.0 0.0 1.0
outer loop
vertex 79.4947431487049 20.4600950026045 44.0
vertex 79.4870704848598 16.9704327236937 44.0
vertex 79.91952701635 16.5147186257614 44.0
endloop
endfacet
facet normal 0.0 0.0 1.0
outer loop
vertex 79.4947431487049 20.4600950026045 44.0
vertex 79.91952701635 16.5147186257614 44.0
vertex 79.7445543527442 20.0 44.0
endloop
endfacet
facet normal 0.0 0.0 1.0
outer loop
vertex 79.7445543527442 20.0 44.0
vertex 79.91952701635 16.5147186257614 44.0
vertex 80.0181027111343 19.5536096498497 44.0
endloop
endfacet
facet normal 0.0 0.0 1.0
outer loop
vertex 80.0181027111343 19.5536096498497 44.0
vertex 79.91952701635 16.5147186257614 44.0
vertex 80.3752411142822 16.0822620942713 44.0
endloop
endfacet
facet normal 0.0 0.0 1.0
outer loop
vertex 80.0181027111343 19.5536096498497 44.0
vertex 80.3752411142822 16.0822620942713 44.0
vertex 80.3146384468391 19.1221474770753 44.0
endloop
endfacet
facet normal 0.0 0.0 1.0
outer loop
vertex 80.3146384468391 19.1221474770753 44.0
vertex 80.3752411142822 16.0822620942713 44.0
vertex 80.6333487760188 18.7067960895016 44.0
endloop
endfacet
facet normal 0.0 0.0 1.0
outer loop
vertex 80.6333487760188 18.7067960895016 44.0
vertex 80.3752411142822 16.0822620942713 44.0
vertex 80.8529636979905 15.6742484625163 44.0
endloop
endfacet
facet normal 0.0 0.0 1.0
outer loop
vertex 80.6333487760188 18.7067960895016 44.0
vertex 80.8529636979905 15.6742484625163 44.0
vertex 80.9733601358146 18.3086939364114 44.0
endloop
endfacet
facet normal 0.0 0.0 1.0
outer loop
vertex 80.9733601358146 18.3086939364114 44.0
vertex 80.8529636979905 15.6742484625163 44.0
vertex 81.3513853630789 15.2917960675006 44.0
endloop
endfacet
facet normal 0.0 0.0 1.0
outer loop
vertex 80.9733601358146 18.3086939364114 44.0
vertex 81.3513853630789 15.2917960675006 44.0
vertex 81.3337405787231 17.9289321881345 44.0
endloop
endfacet
facet normal 0.0 0.0 1.0
outer loop
vertex 81.3337405787231 17.9289321881345 44.0
vertex 81.3513853630789 15.2917960675006 44.0
vertex 81.713502327 17.5685517452261 44.0
endloop
endfacet
facet normal 0.0 0.0 1.0
outer loop
vertex 81.713502327 17.5685517452261 44.0
vertex 81.3513853630789 15.2917960675006 44.0
vertex 81.8691399704082 14.9359531846549 44.0
endloop
endfacet
facet normal 0.0 0.0 1.0
outer loop
vertex 81.713502327 17.5685517452261 44.0
vertex 81.8691399704082 14.9359531846549 44.0
vertex 82.1116044800902 17.2285403854303 44.0
endloop
endfacet
facet normal 0.0 0.0 1.0
outer loop
vertex 82.1116044800902 17.2285403854303 44.0
vertex 81.8691399704082 14.9359531846549 44.0
vertex 82.4048083905885 14.6076951545867 44.0
endloop
endfacet
facet normal 0.0 0.0 1.0
outer loop
vertex 82.1116044800902 17.2285403854303 44.0
vertex 82.4048083905885 14.6076951545867 44.0
vertex 82.5269558676638 16.9098300562505 44.0
endloop
endfacet
facet normal 0.0 0.0 1.0
outer loop
vertex 82.5269558676638 16.9098300562505 44.0
vertex 82.4048083905885 14.6076951545867 44.0
vertex 82.956922393714 14.3079217097396 44.0
endloop
endfacet
facet normal 0.0 0.0 1.0
outer loop
vertex 82.5269558676638 16.9098300562505 44.0
vertex 82.956922393714 14.3079217097396 44.0
vertex 82.9584180404383 16.6132943205458 44.0
endloop
endfacet
facet normal 0.0 0.0 1.0
outer loop
vertex 82.9584180404383 16.6132943205458 44.0
vertex 82.956922393714 14.3079217097396 44.0
vertex 83.5239686736789 14.0374545082888 44.0
endloop
endfacet
facet normal 0.0 0.0 1.0
outer loop
vertex 82.9584180404383 16.6132943205458 44.0
vertex 83.5239686736789 14.0374545082888 44.0
vertex 83.4048083905885 16.3397459621556 44.0
endloop
endfacet
facet normal 0.0 0.0 1.0
outer loop
vertex 83.4048083905885 16.3397459621556 44.0
vertex 83.5239686736789 14.0374545082888 44.0
vertex 83.8649033931931 16.0899347581163 44.0
endloop
endfacet
facet normal 0.0 0.0 1.0
outer loop
vertex 83.8649033931931 16.0899347581163 44.0
vertex 83.5239686736789 14.0374545082888 44.0
vertex 84.1043929960449 13.7970348820336 44.0
endloop
endfacet
facet normal 0.0 0.0 1.0
outer loop
vertex 83.8649033931931 16.0899347581163 44.0
vertex 84.1043929960449 13.7970348820336 44.0
vertex 84.3374419598305 15.864545423574 44.0
endloop
endfacet
facet normal 0.0 0.0 1.0
outer loop
vertex 84.3374419598305 15.864545423574 44.0
vertex 84.1043929960449 13.7970348820336 44.0
vertex 84.6966044580892 13.5873218044582 44.0
endloop
endfacet
facet normal 0.0 0.0 1.0
outer loop
vertex 84.3374419598305 15.864545423574 44.0
vertex 84.6966044580892 13.5873218044582 44.0
vertex 84.8211288951355 15.664195735028 44.0
endloop
endfacet
facet normal 0.0 0.0 1.0
outer loop
vertex 84.8211288951355 15.664195735028 44.0
vertex 84.6966044580892 13.5873218044582 44.0
vertex 85.2989798493583 13.4088900845312 44.0
endloop
endfacet
facet normal 0.0 0.0 1.0
outer loop
vertex 84.8211288951355 15.664195735028 44.0
vertex 85.2989798493583 13.4088900845312 44.0
vertex 85.3146384468391 15.4894348370485 44.0
endloop
endfacet
facet normal 0.0 0.0 1.0
outer loop
vertex 85.3146384468391 15.4894348370485 44.0
vertex 85.2989798493583 13.4088900845312 44.0
vertex 85.9098681007754 13.2622287911943 44.0
endloop
endfacet
facet normal 0.0 0.0 1.0
outer loop
vertex 85.3146384468391 15.4894348370485 44.0
vertex 85.9098681007754 13.2622287911943 44.0
vertex 85.8166179395633 15.3407417371093 44.0
endloop
endfacet
facet normal 0.0 0.0 1.0
outer loop
vertex 85.8166179395633 15.3407417371093 44.0
vertex 85.9098681007754 13.2622287911943 44.0
vertex 86.3256914824109 15.2185239926619 44.0
endloop
endfacet
facet normal 0.0 0.0 1.0
outer loop
vertex 86.3256914824109 15.2185239926619 44.0
vertex 85.9098681007754 13.2622287911943 44.0
vertex 86.5275948101058 13.1477399128583 44.0
endloop
endfacet
facet normal 0.0 0.0 1.0
outer loop
vertex 86.3256914824109 15.2185239926619 44.0
vertex 86.5275948101058 13.1477399128583 44.0
vertex 86.8404637401862 15.1231165940486 44.0
endloop
endfacet
facet normal 0.0 0.0 1.0
outer loop
vertex 86.8404637401862 15.1231165940486 44.0
vertex 86.5275948101058 13.1477399128583 44.0
vertex 86.9048083905885 13.0980788028639 44.0
endloop
endfacet
facet normal 0.0 0.0 1.0
outer loop
vertex 86.8404637401862 15.1231165940486 44.0
vertex 86.9048083905885 13.0980788028639 44.0
vertex 86.9048083905885 15.1146454601168 44.0
endloop
endfacet
facet normal 0.0 0.0 1.0
outer loop
vertex 89.9691530409908 34.8768834059514 44.0
vertex 89.9048083905885 36.9019211971361 44.0
vertex 89.9048083905885 34.8853545398832 44.0
endloop
endfacet
facet normal 0.0 0.0 1.0
outer loop
vertex 89.9048083905885 36.9019211971361 44.0
vertex 89.9691530409908 34.8768834059514 44.0
vertex 90.2820219710713 36.8522600871417 44.0
endloop
endfacet
facet normal 0.0 0.0 1.0
outer loop
vertex 90.2820219710713 36.8522600871417 44.0
vertex 89.9691530409908 34.8768834059514 44.0
vertex 90.4839252987661 34.7814760073381 44.0
endloop
endfacet
facet normal 0.0 0.0 1.0
outer loop
vertex 90.2820219710713 36.8522600871417 44.0
vertex 90.4839252987661 34.7814760073381 44.0
vertex 90.8997486804016 36.7377712088057 44.0
endloop
endfacet
facet normal 0.0 0.0 1.0
outer loop
vertex 90.8997486804016 36.7377712088057 44.0
vertex 90.4839252987661 34.7814760073381 44.0
vertex 90.9929988416137 34.6592582628907 44.0
endloop
endfacet
facet normal 0.0 0.0 1.0
outer loop
vertex 90.8997486804016 36.7377712088057 44.0
vertex 90.9929988416137 34.6592582628907 44.0
vertex 91.5106369318188 36.5911099154688 44.0
endloop
endfacet
facet normal 0.0 0.0 1.0
outer loop
vertex 91.5106369318188 36.5911099154688 44.0
vertex 90.9929988416137 34.6592582628907 44.0
vertex 91.494978334338 34.5105651629515 44.0
endloop
endfacet
facet normal 0.0 0.0 1.0
outer loop
vertex 91.5106369318188 36.5911099154688 44.0
vertex 91.494978334338 34.5105651629515 44.0
vertex 91.9884878860415 34.335804264972 44.0
endloop
endfacet
facet normal 0.0 0.0 1.0
outer loop
vertex 91.5106369318188 36.5911099154688 44.0
vertex 91.9884878860415 34.335804264972 44.0
vertex 92.1130123230879 36.4126781955418 44.0
endloop
endfacet
facet normal 0.0 0.0 1.0
outer loop
vertex 92.1130123230879 36.4126781955418 44.0
vertex 91.9884878860415 34.335804264972 44.0
vertex 92.4721748213465 34.135454576426 44.0
endloop
endfacet
facet normal 0.0 0.0 1.0
outer loop
vertex 92.1130123230879 36.4126781955418 44.0
vertex 92.4721748213465 34.135454576426 44.0
vertex 92.7052237851321 36.2029651179664 44.0
endloop
endfacet
facet normal 0.0 0.0 1.0
outer loop
vertex 92.7052237851321 36.2029651179664 44.0
vertex 92.4721748213465 34.135454576426 44.0
vertex 92.944713387984 33.9100652418837 44.0
endloop
endfacet
facet normal 0.0 0.0 1.0
outer loop
vertex 92.7052237851321 36.2029651179664 44.0
vertex 92.944713387984 33.9100652418837 44.0
vertex 93.2856481074981 35.9625454917112 44.0
endloop
endfacet
facet normal 0.0 0.0 1.0
outer loop
vertex 93.2856481074981 35.9625454917112 44.0
vertex 92.944713387984 33.9100652418837 44.0
vertex 93.4048083905885 33.6602540378444 44.0
endloop
endfacet
facet normal 0.0 0.0 1.0
outer loop
vertex 93.2856481074981 35.9625454917112 44.0
vertex 93.4048083905885 33.6602540378444 44.0
vertex 93.8526943874631 35.6920782902604 44.0
endloop
endfacet
facet normal 0.0 0.0 1.0
outer loop
vertex 93.8526943874631 35.6920782902604 44.0
vertex 93.4048083905885 33.6602540378444 44.0
vertex 93.8511987407388 33.3867056794542 44.0
endloop
endfacet
facet normal 0.0 0.0 1.0
outer loop
vertex 93.8526943874631 35.6920782902604 44.0
vertex 93.8511987407388 33.3867056794542 44.0
vertex 94.2826609135133 33.0901699437495 44.0
endloop
endfacet
facet normal 0.0 0.0 1.0
outer loop
vertex 93.8526943874631 35.6920782902604 44.0
vertex 94.2826609135133 33.0901699437495 44.0
vertex 94.4048083905885 35.3923048454133 44.0
endloop
endfacet
facet normal 0.0 0.0 1.0
outer loop
vertex 94.4048083905885 35.3923048454133 44.0
vertex 94.2826609135133 33.0901699437495 44.0
vertex 94.6980123010869 32.7714596145697 44.0
endloop
endfacet
facet normal 0.0 0.0 1.0
outer loop
vertex 94.4048083905885 35.3923048454133 44.0
vertex 94.6980123010869 32.7714596145697 44.0
vertex 94.9404768107689 35.0640468153451 44.0
endloop
endfacet
facet normal 0.0 0.0 1.0
outer loop
vertex 94.9404768107689 35.0640468153451 44.0
vertex 94.6980123010869 32.7714596145697 44.0
vertex 95.0961144541771 32.4314482547739 44.0
endloop
endfacet
facet normal 0.0 0.0 1.0
outer loop
vertex 94.9404768107689 35.0640468153451 44.0
vertex 95.0961144541771 32.4314482547739 44.0
vertex 95.4582314180982 34.7082039324994 44.0
endloop
endfacet
facet normal 0.0 0.0 1.0
outer loop
vertex 95.4582314180982 34.7082039324994 44.0
vertex 95.0961144541771 32.4314482547739 44.0
vertex 95.475876202454 32.0710678118655 44.0
endloop
endfacet
facet normal 0.0 0.0 1.0
outer loop
vertex 95.4582314180982 34.7082039324994 44.0
vertex 95.475876202454 32.0710678118655 44.0
vertex 95.9566530831866 34.3257515374837 44.0
endloop
endfacet
facet normal 0.0 0.0 1.0
outer loop
vertex 95.9566530831866 34.3257515374837 44.0
vertex 95.475876202454 32.0710678118655 44.0
vertex 95.8362566453625 31.6913060635886 44.0
endloop
endfacet
facet normal 0.0 0.0 1.0
outer loop
vertex 95.9566530831866 34.3257515374837 44.0
vertex 95.8362566453625 31.6913060635886 44.0
vertex 96.1762680051582 31.2932039104984 44.0
endloop
endfacet
facet normal 0.0 0.0 1.0
outer loop
vertex 95.9566530831866 34.3257515374837 44.0
vertex 96.1762680051582 31.2932039104984 44.0
vertex 96.4343756668948 33.9177379057287 44.0
endloop
endfacet
facet normal 0.0 0.0 1.0
outer loop
vertex 96.4343756668948 33.9177379057287 44.0
vertex 96.1762680051582 31.2932039104984 44.0
vertex 96.494978334338 30.8778525229247 44.0
endloop
endfacet
facet normal 0.0 0.0 1.0
outer loop
vertex 96.4343756668948 33.9177379057287 44.0
vertex 96.494978334338 30.8778525229247 44.0
vertex 96.8900897648271 33.4852813742386 44.0
endloop
endfacet
facet normal 0.0 0.0 1.0
outer loop
vertex 96.8900897648271 33.4852813742386 44.0
vertex 96.494978334338 30.8778525229247 44.0
vertex 96.7915140700428 30.4463903501503 44.0
endloop
endfacet
facet normal 0.0 0.0 1.0
outer loop
vertex 96.8900897648271 33.4852813742386 44.0
vertex 96.7915140700428 30.4463903501503 44.0
vertex 97.0650624284329 30.0 44.0
endloop
endfacet
facet normal 0.0 0.0 1.0
outer loop
vertex 96.8900897648271 33.4852813742386 44.0
vertex 97.0650624284329 30.0 44.0
vertex 97.3225462963173 33.0295672763063 44.0
endloop
endfacet
facet normal 0.0 0.0 1.0
outer loop
vertex 97.3225462963173 33.0295672763063 44.0
vertex 97.0650624284329 30.0 44.0
vertex 97.3148736324722 29.5399049973955 44.0
endloop
endfacet
facet normal 0.0 0.0 1.0
outer loop
vertex 97.3225462963173 33.0295672763063 44.0
vertex 97.3148736324722 29.5399049973955 44.0
vertex 97.5402629670146 29.067366430758 44.0
endloop
endfacet
facet normal 0.0 0.0 1.0
outer loop
vertex 97.3225462963173 33.0295672763063 44.0
vertex 97.5402629670146 29.067366430758 44.0
vertex 97.7305599280722 32.5518446925981 44.0
endloop
endfacet
facet normal 0.0 0.0 1.0
outer loop
vertex 97.7305599280722 32.5518446925981 44.0
vertex 97.5402629670146 29.067366430758 44.0
vertex 97.7406126555606 28.583679495453 44.0
endloop
endfacet
facet normal 0.0 0.0 1.0
outer loop
vertex 97.7305599280722 32.5518446925981 44.0
vertex 97.7406126555606 28.583679495453 44.0
vertex 98.1130123230879 32.0534230275097 44.0
endloop
endfacet
facet normal 0.0 0.0 1.0
outer loop
vertex 98.1130123230879 32.0534230275097 44.0
vertex 97.7406126555606 28.583679495453 44.0
vertex 97.9153735535401 28.0901699437495 44.0
endloop
endfacet
facet normal 0.0 0.0 1.0
outer loop
vertex 98.1130123230879 32.0534230275097 44.0
vertex 97.9153735535401 28.0901699437495 44.0
vertex 98.0640666534792 27.5881904510252 44.0
endloop
endfacet
facet normal 0.0 0.0 1.0
outer loop
vertex 98.1130123230879 32.0534230275097 44.0
vertex 98.0640666534792 27.5881904510252 44.0
vertex 98.1862843979266 27.0791169081776 44.0
endloop
endfacet
facet normal 0.0 0.0 1.0
outer loop
vertex 98.1130123230879 32.0534230275097 44.0
vertex 98.1862843979266 27.0791169081776 44.0
vertex 98.4688552059336 31.5356684201803 44.0
endloop
endfacet
facet normal 0.0 0.0 1.0
outer loop
vertex 98.4688552059336 31.5356684201803 44.0
vertex 98.1862843979266 27.0791169081776 44.0
vertex 98.2816917965399 26.5643446504023 44.0
endloop
endfacet
facet normal 0.0 0.0 1.0
outer loop
vertex 98.4688552059336 31.5356684201803 44.0
vertex 98.2816917965399 26.5643446504023 44.0
vertex 98.2901629304718 26.5 44.0
endloop
endfacet
facet normal 0.0 0.0 1.0
outer loop
vertex 98.4688552059336 31.5356684201803 44.0
vertex 98.2901629304718 26.5 44.0
vertex 100.306729587725 26.5 44.0
endloop
endfacet
facet normal 0.0 0.0 1.0
outer loop
vertex 98.4688552059336 31.5356684201803 44.0
vertex 100.306729587725 26.5 44.0
vertex 98.7971132360018 31.0 44.0
endloop
endfacet
facet normal 0.0 0.0 1.0
outer loop
vertex 98.7971132360018 31.0 44.0
vertex 100.306729587725 26.5 44.0
vertex 99.096886680849 30.4478859968746 44.0
endloop
endfacet
facet normal 0.0 0.0 1.0
outer loop
vertex 99.096886680849 30.4478859968746 44.0
vertex 100.306729587725 26.5 44.0
vertex 99.3673538822997 29.8808397169096 44.0
endloop
endfacet
facet normal 0.0 0.0 1.0
outer loop
vertex 99.3673538822997 29.8808397169096 44.0
vertex 100.306729587725 26.5 44.0
vertex 99.607773508555 29.3004153945436 44.0
endloop
endfacet
facet normal 0.0 0.0 1.0
outer loop
vertex 99.607773508555 29.3004153945436 44.0
vertex 100.306729587725 26.5 44.0
vertex 99.8174865861304 28.7082039324994 44.0
endloop
endfacet
facet normal 0.0 0.0 1.0
outer loop
vertex 99.8174865861304 28.7082039324994 44.0
vertex 100.306729587725 26.5 44.0
vertex 99.9959183060574 28.1058285412303 44.0
endloop
endfacet
facet normal 0.0 0.0 1.0
outer loop
vertex 99.9959183060574 28.1058285412303 44.0
vertex 100.306729587725 26.5 44.0
vertex 100.142579599394 27.4949402898131 44.0
endloop
endfacet
facet normal 0.0 0.0 1.0
outer loop
vertex 100.142579599394 27.4949402898131 44.0
vertex 100.306729587725 26.5 44.0
vertex 100.25706847773 26.8772135804828 44.0
endloop
endfacet
facet normal 0.0 0.0 1.0
outer loop
vertex 90.2820219710713 13.1477399128583 44.0
vertex 89.9048083905885 15.1146454601168 44.0
vertex 89.9048083905885 13.0980788028639 44.0
endloop
endfacet
facet normal 0.0 0.0 1.0
outer loop
vertex 89.9048083905885 15.1146454601168 44.0
vertex 90.2820219710713 13.1477399128583 44.0
vertex 89.9691530409908 15.1231165940486 44.0
endloop
endfacet
facet normal 0.0 0.0 1.0
outer loop
vertex 89.9691530409908 15.1231165940486 44.0
vertex 90.2820219710713 13.1477399128583 44.0
vertex 90.4839252987661 15.2185239926619 44.0
endloop
endfacet
facet normal 0.0 0.0 1.0
outer loop
vertex 90.4839252987661 15.2185239926619 44.0
vertex 90.2820219710713 13.1477399128583 44.0
vertex 90.8997486804016 13.2622287911943 44.0
endloop
endfacet
facet normal 0.0 0.0 1.0
outer loop
vertex 90.4839252987661 15.2185239926619 44.0
vertex 90.8997486804016 13.2622287911943 44.0
vertex 90.9929988416137 15.3407417371093 44.0
endloop
endfacet
facet normal 0.0 0.0 1.0
outer loop
vertex 90.9929988416137 15.3407417371093 44.0
vertex 90.8997486804016 13.2622287911943 44.0
vertex 91.5106369318188 13.4088900845312 44.0
endloop
endfacet
facet normal 0.0 0.0 1.0
outer loop
vertex 90.9929988416137 15.3407417371093 44.0
vertex 91.5106369318188 13.4088900845312 44.0
vertex 91.494978334338 15.4894348370485 44.0
endloop
endfacet
facet normal 0.0 0.0 1.0
outer loop
vertex 91.494978334338 15.4894348370485 44.0
vertex 91.5106369318188 13.4088900845312 44.0
vertex 91.9884878860415 15.664195735028 44.0
endloop
endfacet
facet normal 0.0 0.0 1.0
outer loop
vertex 91.9884878860415 15.664195735028 44.0
vertex 91.5106369318188 13.4088900845312 44.0
vertex 92.1130123230879 13.5873218044582 44.0
endloop
endfacet
facet normal 0.0 0.0 1.0
outer loop
vertex 91.9884878860415 15.664195735028 44.0
vertex 92.1130123230879 13.5873218044582 44.0
vertex 92.4721748213465 15.864545423574 44.0
endloop
endfacet
facet normal 0.0 0.0 1.0
outer loop
vertex 92.4721748213465 15.864545423574 44.0
vertex 92.1130123230879 13.5873218044582 44.0
vertex 92.7052237851321 13.7970348820336 44.0
endloop
endfacet
facet normal 0.0 0.0 1.0
outer loop
vertex 92.4721748213465 15.864545423574 44.0
vertex 92.7052237851321 13.7970348820336 44.0
vertex 92.944713387984 16.0899347581163 44.0
endloop
endfacet
facet normal 0.0 0.0 1.0
outer loop
vertex 92.944713387984 16.0899347581163 44.0
vertex 92.7052237851321 13.7970348820336 44.0
vertex 93.2856481074981 14.0374545082888 44.0
endloop
endfacet
facet normal 0.0 0.0 1.0
outer loop
vertex 92.944713387984 16.0899347581163 44.0
vertex 93.2856481074981 14.0374545082888 44.0
vertex 93.4048083905885 16.3397459621556 44.0
endloop
endfacet
facet normal 0.0 0.0 1.0
outer loop
vertex 93.4048083905885 16.3397459621556 44.0
vertex 93.2856481074981 14.0374545082888 44.0
vertex 93.8526943874631 14.3079217097396 44.0
endloop
endfacet
facet normal 0.0 0.0 1.0
outer loop
vertex 93.4048083905885 16.3397459621556 44.0
vertex 93.8526943874631 14.3079217097396 44.0
vertex 93.8511987407388 16.6132943205458 44.0
endloop
endfacet
facet normal 0.0 0.0 1.0
outer loop
vertex 93.8511987407388 16.6132943205458 44.0
vertex 93.8526943874631 14.3079217097396 44.0
vertex 94.2826609135133 16.9098300562505 44.0
endloop
endfacet
facet normal 0.0 0.0 1.0
outer loop
vertex 94.2826609135133 16.9098300562505 44.0
vertex 93.8526943874631 14.3079217097396 44.0
vertex 94.4048083905885 14.6076951545867 44.0
endloop
endfacet
facet normal 0.0 0.0 1.0
outer loop
vertex 94.2826609135133 16.9098300562505 44.0
vertex 94.4048083905885 14.6076951545867 44.0
vertex 94.6980123010869 17.2285403854303 44.0
endloop
endfacet
facet normal 0.0 0.0 1.0
outer loop
vertex 94.6980123010869 17.2285403854303 44.0
vertex 94.4048083905885 14.6076951545867 44.0
vertex 94.9404768107689 14.9359531846549 44.0
endloop
endfacet
facet normal 0.0 0.0 1.0
outer loop
vertex 94.6980123010869 17.2285403854303 44.0
vertex 94.9404768107689 14.9359531846549 44.0
vertex 95.0961144541771 17.5685517452261 44.0
endloop
endfacet
facet normal 0.0 0.0 1.0
outer loop
vertex 95.0961144541771 17.5685517452261 44.0
vertex 94.9404768107689 14.9359531846549 44.0
vertex 95.4582314180982 15.2917960675006 44.0
endloop
endfacet
facet normal 0.0 0.0 1.0
outer loop
vertex 95.0961144541771 17.5685517452261 44.0
vertex 95.4582314180982 15.2917960675006 44.0
vertex 95.475876202454 17.9289321881345 44.0
endloop
endfacet
facet normal 0.0 0.0 1.0
outer loop
vertex 95.475876202454 17.9289321881345 44.0
vertex 95.4582314180982 15.2917960675006 44.0
vertex 95.9566530831866 15.6742484625163 44.0
endloop
endfacet
facet normal 0.0 0.0 1.0
outer loop
vertex 95.475876202454 17.9289321881345 44.0
vertex 95.9566530831866 15.6742484625163 44.0
vertex 95.8362566453625 18.3086939364114 44.0
endloop
endfacet
facet normal 0.0 0.0 1.0
outer loop
vertex 95.8362566453625 18.3086939364114 44.0
vertex 95.9566530831866 15.6742484625163 44.0
vertex 96.1762680051582 18.7067960895016 44.0
endloop
endfacet
facet normal 0.0 0.0 1.0
outer loop
vertex 96.1762680051582 18.7067960895016 44.0
vertex 95.9566530831866 15.6742484625163 44.0
vertex 96.4343756668948 16.0822620942713 44.0
endloop
endfacet
facet normal 0.0 0.0 1.0
outer loop
vertex 96.1762680051582 18.7067960895016 44.0
vertex 96.4343756668948 16.0822620942713 44.0
vertex 96.494978334338 19.1221474770753 44.0
endloop
endfacet
facet normal 0.0 0.0 1.0
outer loop
vertex 96.494978334338 19.1221474770753 44.0
vertex 96.4343756668948 16.0822620942713 44.0
vertex 96.8900897648271 16.5147186257614 44.0
endloop
endfacet
facet normal 0.0 0.0 1.0
outer loop
vertex 96.494978334338 19.1221474770753 44.0
vertex 96.8900897648271 16.5147186257614 44.0
vertex 96.7915140700428 19.5536096498497 44.0
endloop
endfacet
facet normal 0.0 0.0 1.0
outer loop
vertex 96.7915140700428 19.5536096498497 44.0
vertex 96.8900897648271 16.5147186257614 44.0
vertex 97.0650624284329 20.0 44.0
endloop
endfacet
facet normal 0.0 0.0 1.0
outer loop
vertex 97.0650624284329 20.0 44.0
vertex 96.8900897648271 16.5147186257614 44.0
vertex 97.3225462963173 16.9704327236937 44.0
endloop
endfacet
facet normal 0.0 0.0 1.0
outer loop
vertex 97.0650624284329 20.0 44.0
vertex 97.3225462963173 16.9704327236937 44.0
vertex 97.3148736324722 20.4600950026045 44.0
endloop
endfacet
facet normal 0.0 0.0 1.0
outer loop
vertex 97.3148736324722 20.4600950026045 44.0
vertex 97.3225462963173 16.9704327236937 44.0
vertex 97.5402629670146 20.932633569242 44.0
endloop
endfacet
facet normal 0.0 0.0 1.0
outer loop
vertex 97.5402629670146 20.932633569242 44.0
vertex 97.3225462963173 16.9704327236937 44.0
vertex 97.7305599280722 17.448155307402 44.0
endloop
endfacet
facet normal 0.0 0.0 1.0
outer loop
vertex 97.5402629670146 20.932633569242 44.0
vertex 97.7305599280722 17.448155307402 44.0
vertex 97.7406126555606 21.416320504547 44.0
endloop
endfacet
facet normal 0.0 0.0 1.0
outer loop
vertex 97.7406126555606 21.416320504547 44.0
vertex 97.7305599280722 17.448155307402 44.0
vertex 98.1130123230879 17.9465769724903 44.0
endloop
endfacet
facet normal 0.0 0.0 1.0
outer loop
vertex 97.7406126555606 21.416320504547 44.0
vertex 98.1130123230879 17.9465769724903 44.0
vertex 97.9153735535401 21.9098300562505 44.0
endloop
endfacet
facet normal 0.0 0.0 1.0
outer loop
vertex 97.9153735535401 21.9098300562505 44.0
vertex 98.1130123230879 17.9465769724903 44.0
vertex 98.0640666534792 22.4118095489748 44.0
endloop
endfacet
facet normal 0.0 0.0 1.0
outer loop
vertex 98.0640666534792 22.4118095489748 44.0
vertex 98.1130123230879 17.9465769724903 44.0
vertex 98.1862843979266 22.9208830918224 44.0
endloop
endfacet
facet normal 0.0 0.0 1.0
outer loop
vertex 98.1862843979266 22.9208830918224 44.0
vertex 98.1130123230879 17.9465769724903 44.0
vertex 98.4688552059336 18.4643315798197 44.0
endloop
endfacet
facet normal 0.0 0.0 1.0
outer loop
vertex 98.1862843979266 22.9208830918224 44.0
vertex 98.4688552059336 18.4643315798197 44.0
vertex 98.2816917965399 23.4356553495977 44.0
endloop
endfacet
facet normal 0.0 0.0 1.0
outer loop
vertex 98.2816917965399 23.4356553495977 44.0
vertex 98.4688552059336 18.4643315798197 44.0
vertex 98.2901629304718 23.5 44.0
endloop
endfacet
facet normal 0.0 0.0 1.0
outer loop
vertex 98.2901629304718 23.5 44.0
vertex 98.4688552059336 18.4643315798197 44.0
vertex 100.306729587725 23.5 44.0
endloop
endfacet
facet normal 0.0 0.0 1.0
outer loop
vertex 100.306729587725 23.5 44.0
vertex 98.4688552059336 18.4643315798197 44.0
vertex 98.7971132360018 19.0 44.0
endloop
endfacet
facet normal 0.0 0.0 1.0
outer loop
vertex 100.306729587725 23.5 44.0
vertex 98.7971132360018 19.0 44.0
vertex 99.096886680849 19.5521140031254 44.0
endloop
endfacet
facet normal 0.0 0.0 1.0
outer loop
vertex 100.306729587725 23.5 44.0
vertex 99.096886680849 19.5521140031254 44.0
vertex 99.3673538822998 20.1191602830904 44.0
endloop
endfacet
facet normal 0.0 0.0 1.0
outer loop
vertex 100.306729587725 23.5 44.0
vertex 99.3673538822998 20.1191602830904 44.0
vertex 99.607773508555 20.6995846054564 44.0
endloop
endfacet
facet normal 0.0 0.0 1.0
outer loop
vertex 100.306729587725 23.5 44.0
vertex 99.607773508555 20.6995846054564 44.0
vertex 99.8174865861304 21.2917960675006 44.0
endloop
endfacet
facet normal 0.0 0.0 1.0
outer loop
vertex 100.306729587725 23.5 44.0
vertex 99.8174865861304 21.2917960675006 44.0
vertex 99.9959183060574 21.8941714587698 44.0
endloop
endfacet
facet normal 0.0 0.0 1.0
outer loop
vertex 100.306729587725 23.5 44.0
vertex 99.9959183060574 21.8941714587698 44.0
vertex 100.142579599394 22.5050597101869 44.0
endloop
endfacet
facet normal 0.0 0.0 1.0
outer loop
vertex 100.306729587725 23.5 44.0
vertex 100.142579599394 22.5050597101869 44.0
vertex 100.25706847773 23.1227864195172 44.0
endloop
endfacet
facet normal 0.76205431199595 -0.61709941428172 -0.196116135138183
outer loop
vertex 97.7305599280722 17.448155307402 38.0
vertex 98.5984225197129 17.5939058211148 41.0
vertex 98.1968475049464 17.0705630727721 41.0
endloop
endfacet
facet normal 0.793306430989623 -0.576370859854112 -0.196116135138183
outer loop
vertex 98.5984225197129 17.5939058211148 41.0
vertex 97.7305599280722 17.448155307402 38.0
vertex 98.1130123230879 17.9465769724903 38.0
endloop
endfacet
facet normal 0.968508100392824 0.153396613430501 -0.196116135138183
outer loop
vertex 100.25706847773 26.8772135804828 38.0
vertex 100.9116995849 26.5 41.0
vertex 100.306729587725 26.5 38.0
endloop
endfacet
facet normal 0.972204483434248 0.127993148409792 -0.196051514532524
outer loop
vertex 100.9116995849 26.5 41.0
vertex 100.25706847773 26.8772135804828 38.0
vertex 100.849681482087 26.9710742595069 41.0
endloop
endfacet
facet normal 0.0 -1.0 0.0
outer loop
vertex 100.306729587725 26.5 38.0
vertex 98.2901629304718 26.5 34.0
vertex 100.306729587725 26.5 34.0
endloop
endfacet
facet normal 0.0 -1.0 0.0
outer loop
vertex 98.2901629304718 26.5 34.0
vertex 100.306729587725 26.5 38.0
vertex 98.2901629304718 26.5 44.0
endloop
endfacet
facet normal 0.0 -1.0 0.0
outer loop
vertex 98.2901629304718 26.5 44.0
vertex 100.306729587725 26.5 38.0
vertex 100.9116995849 26.5 41.0
endloop
endfacet
facet normal 0.0 -1.0 0.0
outer loop
vertex 98.2901629304718 26.5 44.0
vertex 100.9116995849 26.5 41.0
vertex 100.306729587725 26.5 44.0
endloop
endfacet
facet normal 0.968508100392824 0.1533966134305 0.196116135138183
outer loop
vertex 100.849681482087 26.9710742595069 41.0
vertex 100.306729587725 26.5 44.0
vertex 100.9116995849 26.5 41.0
endloop
endfacet
facet normal 0.972204483434248 0.127993148409792 0.196051514532524
outer loop
vertex 100.306729587725 26.5 44.0
vertex 100.849681482087 26.9710742595069 41.0
vertex 100.25706847773 26.8772135804828 44.0
endloop
endfacet
facet normal 0.153396613430498 -0.968508100392824 -0.196116135138184
outer loop
vertex 90.3758826500954 12.5551269085013 41.0
vertex 89.9048083905885 13.0980788028639 38.0
vertex 90.2820219710713 13.1477399128583 38.0
endloop
endfacet
facet normal 0.127993148409784 -0.972204483434249 -0.196051514532525
outer loop
vertex 89.9048083905885 13.0980788028639 38.0
vertex 90.3758826500954 12.5551269085013 41.0
vertex 89.9048083905885 12.493108805688 41.0
endloop
endfacet
facet normal 0.0 1.0 0.0
outer loop
vertex 98.2901629304718 23.5 44.0
vertex 100.306729587725 23.5 34.0
vertex 98.2901629304718 23.5 34.0
endloop
endfacet
facet normal 0.0 1.0 0.0
outer loop
vertex 100.306729587725 23.5 34.0
vertex 98.2901629304718 23.5 44.0
vertex 100.306729587725 23.5 38.0
endloop
endfacet
facet normal 0.0 1.0 0.0
outer loop
vertex 100.306729587725 23.5 38.0
vertex 98.2901629304718 23.5 44.0
vertex 100.9116995849 23.5 41.0
endloop
endfacet
facet normal 0.0 1.0 0.0
outer loop
vertex 100.9116995849 23.5 41.0
vertex 98.2901629304718 23.5 44.0
vertex 100.306729587725 23.5 44.0
endloop
endfacet
facet normal -1.0 0.0 0.0
outer loop
vertex 89.9048083905885 13.0980788028639 44.0
vertex 89.9048083905885 13.0980788028639 38.0
vertex 89.9048083905885 12.493108805688 41.0
endloop
endfacet
facet normal -1.0 0.0 0.0
outer loop
vertex 89.9048083905885 13.0980788028639 38.0
vertex 89.9048083905885 13.0980788028639 44.0
vertex 89.9048083905885 13.0980788028639 34.0
endloop
endfacet
facet normal -1.0 0.0 0.0
outer loop
vertex 89.9048083905885 13.0980788028639 34.0
vertex 89.9048083905885 13.0980788028639 44.0
vertex 89.9048083905885 15.1146454601168 44.0
endloop
endfacet
facet normal -1.0 0.0 0.0
outer loop
vertex 89.9048083905885 13.0980788028639 34.0
vertex 89.9048083905885 15.1146454601168 44.0
vertex 89.9048083905885 15.1146454601168 34.0
endloop
endfacet
facet normal 0.153396613430497 -0.968508100392824 0.196116135138185
outer loop
vertex 90.2820219710713 13.1477399128583 44.0
vertex 89.9048083905885 12.493108805688 41.0
vertex 90.3758826500954 12.5551269085013 41.0
endloop
endfacet
facet normal 0.127993148409781 -0.972204483434249 0.196051514532526
outer loop
vertex 89.9048083905885 12.493108805688 41.0
vertex 90.2820219710713 13.1477399128583 44.0
vertex 89.9048083905885 13.0980788028639 44.0
endloop
endfacet
facet normal -0.127993148409788 -0.972204483434248 -0.196051514532525
outer loop
vertex 86.9048083905885 12.493108805688 41.0
vertex 86.5275948101058 13.1477399128583 38.0
vertex 86.9048083905885 13.0980788028639 38.0
endloop
endfacet
facet normal -0.153396613430498 -0.968508100392824 -0.196116135138185
outer loop
vertex 86.5275948101058 13.1477399128583 38.0
vertex 86.9048083905885 12.493108805688 41.0
vertex 86.4337341310816 12.5551269085013 41.0
endloop
endfacet
facet normal -0.153396613430498 -0.968508100392824 -0.196116135138185
outer loop
vertex 86.4337341310816 12.5551269085013 41.0
vertex 86.9048083905885 12.493108805688 41.0
vertex 86.7 12.5200723418359 41.0
endloop
endfacet
facet normal 0.0 1.0 0.0
outer loop
vertex 76.5028871934524 23.5 38.0
vertex 78.5194538507053 23.5 34.0
vertex 76.5028871934524 23.5 34.0
endloop
endfacet
facet normal 0.0 1.0 0.0
outer loop
vertex 78.5194538507053 23.5 34.0
vertex 76.5028871934524 23.5 38.0
vertex 78.5194538507053 23.5 44.0
endloop
endfacet
facet normal 0.0 1.0 0.0
outer loop
vertex 78.5194538507053 23.5 44.0
vertex 76.5028871934524 23.5 38.0
vertex 75.8979171962766 23.5 41.0
endloop
endfacet
facet normal 0.0 1.0 0.0
outer loop
vertex 78.5194538507053 23.5 44.0
vertex 75.8979171962766 23.5 41.0
vertex 76.5028871934524 23.5 44.0
endloop
endfacet
facet normal 0.0 -1.0 0.0
outer loop
vertex 78.5194538507053 26.5 34.0
vertex 76.5028871934524 26.5 38.0
vertex 76.5028871934524 26.5 34.0
endloop
endfacet
facet normal 0.0 -1.0 0.0
outer loop
vertex 76.5028871934524 26.5 38.0
vertex 78.5194538507053 26.5 34.0
vertex 78.5194538507053 26.5 44.0
endloop
endfacet
facet normal 0.0 -1.0 0.0
outer loop
vertex 76.5028871934524 26.5 38.0
vertex 78.5194538507053 26.5 44.0
vertex 75.8979171962766 26.5 41.0
endloop
endfacet
facet normal 0.0 -1.0 0.0
outer loop
vertex 75.8979171962766 26.5 41.0
vertex 78.5194538507053 26.5 44.0
vertex 76.5028871934524 26.5 44.0
endloop
endfacet
facet normal 4.39420891576196e-017 -1.7423054424128e-017 1.0
outer loop
vertex 78.4185130430428 24.4766404375706 34.0
vertex 78.4185130430428 25.5233595624294 34.0
vertex 78.4048083905885 25.0 34.0
endloop
endfacet
facet normal 4.39420891576196e-017 -1.7423054424128e-017 1.0
outer loop
vertex 78.4185130430428 25.5233595624294 34.0
vertex 78.4185130430428 24.4766404375706 34.0
vertex 78.4595894369058 23.9547153673235 34.0
endloop
endfacet
facet normal 4.39420891576196e-017 -1.7423054424128e-017 1.0
outer loop
vertex 78.4185130430428 25.5233595624294 34.0
vertex 78.4595894369058 23.9547153673235 34.0
vertex 78.4595894369058 26.0452846326765 34.0
endloop
endfacet
facet normal 4.39420891576196e-017 -1.7423054424128e-017 1.0
outer loop
vertex 78.4595894369058 26.0452846326765 34.0
vertex 78.4595894369058 23.9547153673235 34.0
vertex 78.5194538507053 23.5 34.0
endloop
endfacet
facet normal 4.39420891576196e-017 -1.7423054424128e-017 1.0
outer loop
vertex 78.4595894369058 26.0452846326765 34.0
vertex 78.5194538507053 23.5 34.0
vertex 78.5194538507053 26.5 34.0
endloop
endfacet
facet normal 4.39420891576196e-017 -1.7423054424128e-017 1.0
outer loop
vertex 78.5194538507053 26.5 34.0
vertex 78.5194538507053 23.5 34.0
vertex 78.5279249846372 23.4356553495977 34.0
endloop
endfacet
facet normal 4.39420891576196e-017 -1.7423054424128e-017 1.0
outer loop
vertex 78.5194538507053 26.5 34.0
vertex 78.5279249846372 23.4356553495977 34.0
vertex 78.5279249846372 26.5643446504023 34.0
endloop
endfacet
facet normal 4.39420891576196e-017 -1.7423054424128e-017 1.0
outer loop
vertex 78.5279249846372 26.5643446504023 34.0
vertex 78.5279249846372 23.4356553495977 34.0
vertex 78.6233323832505 22.9208830918224 34.0
endloop
endfacet
facet normal 4.39420891576196e-017 -1.7423054424128e-017 1.0
outer loop
vertex 78.5279249846372 26.5643446504023 34.0
vertex 78.6233323832505 22.9208830918224 34.0
vertex 78.6233323832505 27.0791169081776 34.0
endloop
endfacet
facet normal 4.39420891576196e-017 -1.7423054424128e-017 1.0
outer loop
vertex 78.6233323832505 27.0791169081776 34.0
vertex 78.6233323832505 22.9208830918224 34.0
vertex 78.7455501276979 22.4118095489748 34.0
endloop
endfacet
facet normal 4.39420891576196e-017 -1.7423054424128e-017 1.0
outer loop
vertex 78.6233323832505 27.0791169081776 34.0
vertex 78.7455501276979 22.4118095489748 34.0
vertex 78.7455501276979 27.5881904510252 34.0
endloop
endfacet
facet normal 4.39420891576196e-017 -1.7423054424128e-017 1.0
outer loop
vertex 78.7455501276979 27.5881904510252 34.0
vertex 78.7455501276979 22.4118095489748 34.0
vertex 78.894243227637 21.9098300562505 34.0
endloop
endfacet
facet normal 4.39420891576196e-017 -1.7423054424128e-017 1.0
outer loop
vertex 78.7455501276979 27.5881904510252 34.0
vertex 78.894243227637 21.9098300562505 34.0
vertex 78.894243227637 28.0901699437495 34.0
endloop
endfacet
facet normal 4.39420891576196e-017 -1.7423054424128e-017 1.0
outer loop
vertex 78.894243227637 28.0901699437495 34.0
vertex 78.894243227637 21.9098300562505 34.0
vertex 79.0690041256165 21.416320504547 34.0
endloop
endfacet
facet normal 4.39420891576196e-017 -1.7423054424128e-017 1.0
outer loop
vertex 78.894243227637 28.0901699437495 34.0
vertex 79.0690041256165 21.416320504547 34.0
vertex 79.0690041256165 28.583679495453 34.0
endloop
endfacet
facet normal 4.39420891576196e-017 -1.7423054424128e-017 1.0
outer loop
vertex 79.0690041256165 28.583679495453 34.0
vertex 79.0690041256165 21.416320504547 34.0
vertex 79.2693538141625 20.932633569242 34.0
endloop
endfacet
facet normal 4.39420891576196e-017 -1.7423054424128e-017 1.0
outer loop
vertex 79.0690041256165 28.583679495453 34.0
vertex 79.2693538141625 20.932633569242 34.0
vertex 79.2693538141625 29.067366430758 34.0
endloop
endfacet
facet normal 4.39420891576196e-017 -1.7423054424128e-017 1.0
outer loop
vertex 79.2693538141625 29.067366430758 34.0
vertex 79.2693538141625 20.932633569242 34.0
vertex 79.4947431487049 20.4600950026045 34.0
endloop
endfacet
facet normal 4.39420891576196e-017 -1.7423054424128e-017 1.0
outer loop
vertex 79.2693538141625 29.067366430758 34.0
vertex 79.4947431487049 20.4600950026045 34.0
vertex 79.4947431487049 29.5399049973955 34.0
endloop
endfacet
facet normal 4.39420891576196e-017 -1.7423054424128e-017 1.0
outer loop
vertex 79.4947431487049 29.5399049973955 34.0
vertex 79.4947431487049 20.4600950026045 34.0
vertex 79.7445543527442 20.0 34.0
endloop
endfacet
facet normal 4.39420891576196e-017 -1.7423054424128e-017 1.0
outer loop
vertex 79.4947431487049 29.5399049973955 34.0
vertex 79.7445543527442 20.0 34.0
vertex 79.7445543527442 30.0 34.0
endloop
endfacet
facet normal 4.39420891576196e-017 -1.7423054424128e-017 1.0
outer loop
vertex 79.7445543527442 30.0 34.0
vertex 79.7445543527442 20.0 34.0
vertex 80.0181027111343 19.5536096498497 34.0
endloop
endfacet
facet normal 4.39420891576196e-017 -1.7423054424128e-017 1.0
outer loop
vertex 79.7445543527442 30.0 34.0
vertex 80.0181027111343 19.5536096498497 34.0
vertex 80.0181027111343 30.4463903501503 34.0
endloop
endfacet
facet normal 4.39420891576196e-017 -1.7423054424128e-017 1.0
outer loop
vertex 80.0181027111343 30.4463903501503 34.0
vertex 80.0181027111343 19.5536096498497 34.0
vertex 80.3146384468391 19.1221474770753 34.0
endloop
endfacet
facet normal 4.39420891576196e-017 -1.7423054424128e-017 1.0
outer loop
vertex 80.0181027111343 30.4463903501503 34.0
vertex 80.3146384468391 19.1221474770753 34.0
vertex 80.3146384468391 30.8778525229247 34.0
endloop
endfacet
facet normal 4.39420891576196e-017 -1.7423054424128e-017 1.0
outer loop
vertex 80.3146384468391 30.8778525229247 34.0
vertex 80.3146384468391 19.1221474770753 34.0
vertex 80.6333487760188 18.7067960895016 34.0
endloop
endfacet
facet normal 4.39420891576196e-017 -1.7423054424128e-017 1.0
outer loop
vertex 80.3146384468391 30.8778525229247 34.0
vertex 80.6333487760188 18.7067960895016 34.0
vertex 80.6333487760188 31.2932039104984 34.0
endloop
endfacet
facet normal 4.39420891576196e-017 -1.7423054424128e-017 1.0
outer loop
vertex 80.6333487760188 31.2932039104984 34.0
vertex 80.6333487760188 18.7067960895016 34.0
vertex 80.9733601358146 18.3086939364114 34.0
endloop
endfacet
facet normal 4.39420891576196e-017 -1.7423054424128e-017 1.0
outer loop
vertex 80.6333487760188 31.2932039104984 34.0
vertex 80.9733601358146 18.3086939364114 34.0
vertex 80.9733601358146 31.6913060635886 34.0
endloop
endfacet
facet normal 4.39420891576196e-017 -1.7423054424128e-017 1.0
outer loop
vertex 80.9733601358146 31.6913060635886 34.0
vertex 80.9733601358146 18.3086939364114 34.0
vertex 81.3337405787231 17.9289321881345 34.0
endloop
endfacet
facet normal 4.39420891576196e-017 -1.7423054424128e-017 1.0
outer loop
vertex 80.9733601358146 31.6913060635886 34.0
vertex 81.3337405787231 17.9289321881345 34.0
vertex 81.3337405787231 32.0710678118655 34.0
endloop
endfacet
facet normal 4.39420891576196e-017 -1.7423054424128e-017 1.0
outer loop
vertex 81.3337405787231 32.0710678118655 34.0
vertex 81.3337405787231 17.9289321881345 34.0
vertex 81.713502327 17.5685517452261 34.0
endloop
endfacet
facet normal 4.39420891576196e-017 -1.7423054424128e-017 1.0
outer loop
vertex 81.3337405787231 32.0710678118655 34.0
vertex 81.713502327 17.5685517452261 34.0
vertex 81.713502327 32.4314482547739 34.0
endloop
endfacet
facet normal 4.39420891576196e-017 -1.7423054424128e-017 1.0
outer loop
vertex 81.713502327 32.4314482547739 34.0
vertex 81.713502327 17.5685517452261 34.0
vertex 82.1116044800902 17.2285403854303 34.0
endloop
endfacet
facet normal 4.39420891576196e-017 -1.7423054424128e-017 1.0
outer loop
vertex 81.713502327 32.4314482547739 34.0
vertex 82.1116044800902 17.2285403854303 34.0
vertex 82.1116044800902 32.7714596145697 34.0
endloop
endfacet
facet normal 4.39420891576196e-017 -1.7423054424128e-017 1.0
outer loop
vertex 82.1116044800902 32.7714596145697 34.0
vertex 82.1116044800902 17.2285403854303 34.0
vertex 82.5269558676638 16.9098300562505 34.0
endloop
endfacet
facet normal 4.39420891576196e-017 -1.7423054424128e-017 1.0
outer loop
vertex 82.1116044800902 32.7714596145697 34.0
vertex 82.5269558676638 16.9098300562505 34.0
vertex 82.5269558676638 33.0901699437495 34.0
endloop
endfacet
facet normal 4.39420891576196e-017 -1.7423054424128e-017 1.0
outer loop
vertex 82.5269558676638 33.0901699437495 34.0
vertex 82.5269558676638 16.9098300562505 34.0
vertex 82.9584180404383 16.6132943205458 34.0
endloop
endfacet
facet normal 4.39420891576196e-017 -1.7423054424128e-017 1.0
outer loop
vertex 82.5269558676638 33.0901699437495 34.0
vertex 82.9584180404383 16.6132943205458 34.0
vertex 82.9584180404383 33.3867056794542 34.0
endloop
endfacet
facet normal 4.39420891576196e-017 -1.7423054424128e-017 1.0
outer loop
vertex 82.9584180404383 33.3867056794542 34.0
vertex 82.9584180404383 16.6132943205458 34.0
vertex 83.4048083905885 16.3397459621556 34.0
endloop
endfacet
facet normal 4.39420891576196e-017 -1.7423054424128e-017 1.0
outer loop
vertex 82.9584180404383 33.3867056794542 34.0
vertex 83.4048083905885 16.3397459621556 34.0
vertex 83.3845797695535 25.0 34.0
endloop
endfacet
facet normal 4.39420891576196e-017 -1.7423054424128e-017 1.0
outer loop
vertex 83.3845797695535 25.0 34.0
vertex 83.4048083905885 16.3397459621556 34.0
vertex 83.3914598184027 24.73726153456 34.0
endloop
endfacet
facet normal 4.39420891576196e-017 -1.7423054424128e-017 1.0
outer loop
vertex 83.3914598184027 24.73726153456 34.0
vertex 83.4048083905885 16.3397459621556 34.0
vertex 83.4120811072147 24.4752432169909 34.0
endloop
endfacet
facet normal 4.39420891576196e-017 -1.7423054424128e-017 1.0
outer loop
vertex 83.4120811072147 24.4752432169909 34.0
vertex 83.4048083905885 16.3397459621556 34.0
vertex 83.8649033931931 16.0899347581163 34.0
endloop
endfacet
facet normal 4.39420891576196e-017 -1.7423054424128e-017 1.0
outer loop
vertex 83.4120811072147 24.4752432169909 34.0
vertex 83.8649033931931 16.0899347581163 34.0
vertex 83.4428941929149 24.2411945945576 34.0
endloop
endfacet
facet normal 4.39420891576196e-017 -1.7423054424128e-017 1.0
outer loop
vertex 83.4428941929149 24.2411945945576 34.0
vertex 83.8649033931931 16.0899347581163 34.0
vertex 83.4611718636248 24.1023619020922 34.0
endloop
endfacet
facet normal 4.39420891576196e-017 -1.7423054424128e-017 1.0
outer loop
vertex 83.4611718636248 24.1023619020922 34.0
vertex 83.8649033931931 16.0899347581163 34.0
vertex 83.4991936404198 23.9357848627064 34.0
endloop
endfacet
facet normal 4.39420891576196e-017 -1.7423054424128e-017 1.0
outer loop
vertex 83.4991936404198 23.9357848627064 34.0
vertex 83.8649033931931 16.0899347581163 34.0
vertex 83.5556399116552 23.7006692221074 34.0
endloop
endfacet
facet normal 4.39420891576196e-017 -1.7423054424128e-017 1.0
outer loop
vertex 83.5556399116552 23.7006692221074 34.0
vertex 83.8649033931931 16.0899347581163 34.0
vertex 83.6302872472617 23.4486640404526 34.0
endloop
endfacet
facet normal 4.39420891576196e-017 -1.7423054424128e-017 1.0
outer loop
vertex 83.6302872472617 23.4486640404526 34.0
vertex 83.8649033931931 16.0899347581163 34.0
vertex 83.7180212134491 23.2009109628311 34.0
endloop
endfacet
facet normal 4.39420891576196e-017 -1.7423054424128e-017 1.0
outer loop
vertex 83.7180212134491 23.2009109628311 34.0
vertex 83.8649033931931 16.0899347581163 34.0
vertex 83.8186013375146 22.9580890632072 34.0
endloop
endfacet
facet normal 4.39420891576196e-017 -1.7423054424128e-017 1.0
outer loop
vertex 83.8186013375146 22.9580890632072 34.0
vertex 83.8649033931931 16.0899347581163 34.0
vertex 83.9317519363291 22.7208638995294 34.0
endloop
endfacet
facet normal 4.39420891576196e-017 -1.7423054424128e-017 1.0
outer loop
vertex 83.9317519363291 22.7208638995294 34.0
vertex 83.8649033931931 16.0899347581163 34.0
vertex 84.3374419598305 15.864545423574 34.0
endloop
endfacet
facet normal 4.39420891576196e-017 -1.7423054424128e-017 1.0
outer loop
vertex 83.9317519363291 22.7208638995294 34.0
vertex 84.3374419598305 15.864545423574 34.0
vertex 84.0571628719664 22.4898856894824 34.0
endloop
endfacet
facet normal 4.39420891576196e-017 -1.7423054424128e-017 1.0
outer loop
vertex 84.0571628719664 22.4898856894824 34.0
vertex 84.3374419598305 15.864545423574 34.0
vertex 84.1944904017692 22.2657875282846 34.0
endloop
endfacet
facet normal 4.39420891576196e-017 -1.7423054424128e-017 1.0
outer loop
vertex 84.1944904017692 22.2657875282846 34.0
vertex 84.3374419598305 15.864545423574 34.0
vertex 84.3433581205236 22.049183653419 34.0
endloop
endfacet
facet normal 4.39420891576196e-017 -1.7423054424128e-017 1.0
outer loop
vertex 84.3433581205236 22.049183653419 34.0
vertex 84.3374419598305 15.864545423574 34.0
vertex 84.8211288951355 15.664195735028 34.0
endloop
endfacet
facet normal 4.39420891576196e-017 -1.7423054424128e-017 1.0
outer loop
vertex 84.3433581205236 22.049183653419 34.0
vertex 84.8211288951355 15.664195735028 34.0
vertex 84.5033579921605 21.8406677610505 34.0
endloop
endfacet
facet normal 4.39420891576196e-017 -1.7423054424128e-017 1.0
outer loop
vertex 84.5033579921605 21.8406677610505 34.0
vertex 84.8211288951355 15.664195735028 34.0
vertex 84.6740514681528 21.6408113787467 34.0
endloop
endfacet
facet normal 4.39420891576196e-017 -1.7423054424128e-017 1.0
outer loop
vertex 84.6740514681528 21.6408113787467 34.0
vertex 84.8211288951355 15.664195735028 34.0
vertex 84.8549706895479 21.4501622989592 34.0
endloop
endfacet
facet normal 4.39420891576196e-017 -1.7423054424128e-017 1.0
outer loop
vertex 84.8549706895479 21.4501622989592 34.0
vertex 84.8211288951355 15.664195735028 34.0
vertex 85.3146384468391 15.4894348370485 34.0
endloop
endfacet
facet normal 4.39420891576196e-017 -1.7423054424128e-017 1.0
outer loop
vertex 84.8549706895479 21.4501622989592 34.0
vertex 85.3146384468391 15.4894348370485 34.0
vertex 85.0456197693352 21.2692430775643 34.0
endloop
endfacet
facet normal 4.39420891576196e-017 -1.7423054424128e-017 1.0
outer loop
vertex 85.0456197693352 21.2692430775643 34.0
vertex 85.3146384468391 15.4894348370485 34.0
vertex 85.2454761516393 21.0985496015718 34.0
endloop
endfacet
facet normal 4.39420891576196e-017 -1.7423054424128e-017 1.0
outer loop
vertex 85.2454761516393 21.0985496015718 34.0
vertex 85.3146384468391 15.4894348370485 34.0
vertex 85.4539920440075 20.9385497299351 34.0
endloop
endfacet
facet normal 4.39420891576196e-017 -1.7423054424128e-017 1.0
outer loop
vertex 85.4539920440075 20.9385497299351 34.0
vertex 85.3146384468391 15.4894348370485 34.0
vertex 85.8166179395633 15.3407417371093 34.0
endloop
endfacet
facet normal 4.39420891576196e-017 -1.7423054424128e-017 1.0
outer loop
vertex 85.4539920440075 20.9385497299351 34.0
vertex 85.8166179395633 15.3407417371093 34.0
vertex 85.6705959188732 20.7896820111806 34.0
endloop
endfacet
facet normal 4.39420891576196e-017 -1.7423054424128e-017 1.0
outer loop
vertex 85.6705959188732 20.7896820111806 34.0
vertex 85.8166179395633 15.3407417371093 34.0
vertex 85.894694080071 20.6523544813779 34.0
endloop
endfacet
facet normal 4.39420891576196e-017 -1.7423054424128e-017 1.0
outer loop
vertex 85.894694080071 20.6523544813779 34.0
vertex 85.8166179395633 15.3407417371093 34.0
vertex 86.3256914824109 15.2185239926619 34.0
endloop
endfacet
facet normal 4.39420891576196e-017 -1.7423054424128e-017 1.0
outer loop
vertex 85.894694080071 20.6523544813779 34.0
vertex 86.3256914824109 15.2185239926619 34.0
vertex 86.1256722901181 20.5269435457406 34.0
endloop
endfacet
facet normal 4.39420891576196e-017 -1.7423054424128e-017 1.0
outer loop
vertex 86.1256722901181 20.5269435457406 34.0
vertex 86.3256914824109 15.2185239926619 34.0
vertex 86.3628974537957 20.413792946926 34.0
endloop
endfacet
facet normal 4.39420891576196e-017 -1.7423054424128e-017 1.0
outer loop
vertex 86.3628974537957 20.413792946926 34.0
vertex 86.3256914824109 15.2185239926619 34.0
vertex 86.8404637401862 15.1231165940486 34.0
endloop
endfacet
facet normal 4.39420891576196e-017 -1.7423054424128e-017 1.0
outer loop
vertex 86.3628974537957 20.413792946926 34.0
vertex 86.8404637401862 15.1231165940486 34.0
vertex 86.6057193534195 20.3132128228606 34.0
endloop
endfacet
facet normal 4.39420891576196e-017 -1.7423054424128e-017 1.0
outer loop
vertex 86.6057193534195 20.3132128228606 34.0
vertex 86.8404637401862 15.1231165940486 34.0
vertex 86.8534724310412 20.2254788566732 34.0
endloop
endfacet
facet normal 4.39420891576196e-017 -1.7423054424128e-017 1.0
outer loop
vertex 86.8534724310412 20.2254788566732 34.0
vertex 86.8404637401862 15.1231165940486 34.0
vertex 86.9048083905885 15.1146454601168 34.0
endloop
endfacet
facet normal 4.39420891576196e-017 -1.7423054424128e-017 1.0
outer loop
vertex 86.8534724310412 20.2254788566732 34.0
vertex 86.9048083905885 15.1146454601168 34.0
vertex 87.1054776126959 20.1508315210667 34.0
endloop
endfacet
facet normal 4.39420891576196e-017 -1.7423054424128e-017 1.0
outer loop
vertex 87.1054776126959 20.1508315210667 34.0
vertex 86.9048083905885 15.1146454601168 34.0
vertex 87.359523757912 15.0547810463173 34.0
endloop
endfacet
facet normal 4.39420891576196e-017 -1.7423054424128e-017 1.0
outer loop
vertex 87.1054776126959 20.1508315210667 34.0
vertex 87.359523757912 15.0547810463173 34.0
vertex 87.3610441696974 20.0894754191994 34.0
endloop
endfacet
facet normal 4.39420891576196e-017 -1.7423054424128e-017 1.0
outer loop
vertex 87.3610441696974 20.0894754191994 34.0
vertex 87.359523757912 15.0547810463173 34.0
vertex 87.8814488281591 15.0137046524543 34.0
endloop
endfacet
facet normal 4.39420891576196e-017 -1.7423054424128e-017 1.0
outer loop
vertex 87.3610441696974 20.0894754191994 34.0
vertex 87.8814488281591 15.0137046524543 34.0
vertex 87.6194716118772 20.0415787238816 34.0
endloop
endfacet
facet normal 4.39420891576196e-017 -1.7423054424128e-017 1.0
outer loop
vertex 87.6194716118772 20.0415787238816 34.0
vertex 87.8814488281591 15.0137046524543 34.0
vertex 87.8800516075794 20.0072727166261 34.0
endloop
endfacet
facet normal 4.39420891576196e-017 -1.7423054424128e-017 1.0
outer loop
vertex 87.8800516075794 20.0072727166261 34.0
vertex 87.8814488281591 15.0137046524543 34.0
vertex 88.1420699251485 19.9866514278141 34.0
endloop
endfacet
facet normal 4.39420891576196e-017 -1.7423054424128e-017 1.0
outer loop
vertex 88.1420699251485 19.9866514278141 34.0
vertex 87.8814488281591 15.0137046524543 34.0
vertex 88.4048083905885 15.0 34.0
endloop
endfacet
facet normal 4.39420891576196e-017 -1.7423054424128e-017 1.0
outer loop
vertex 88.1420699251485 19.9866514278141 34.0
vertex 88.4048083905885 15.0 34.0
vertex 88.4048083905885 19.9797713789649 34.0
endloop
endfacet
facet normal 4.39420891576196e-017 -1.7423054424128e-017 1.0
outer loop
vertex 88.4048083905885 19.9797713789649 34.0
vertex 88.4048083905885 15.0 34.0
vertex 88.6675468560286 19.9866514278141 34.0
endloop
endfacet
facet normal 4.39420891576196e-017 -1.7423054424128e-017 1.0
outer loop
vertex 88.6675468560286 19.9866514278141 34.0
vertex 88.4048083905885 15.0 34.0
vertex 88.928167953018 15.0137046524543 34.0
endloop
endfacet
facet normal 4.39420891576196e-017 -1.7423054424128e-017 1.0
outer loop
vertex 88.6675468560286 19.9866514278141 34.0
vertex 88.928167953018 15.0137046524543 34.0
vertex 88.9295651735976 20.0072727166261 34.0
endloop
endfacet
facet normal 4.39420891576196e-017 -1.7423054424128e-017 1.0
outer loop
vertex 88.9295651735976 20.0072727166261 34.0
vertex 88.928167953018 15.0137046524543 34.0
vertex 89.4500930232651 15.0547810463173 34.0
endloop
endfacet
facet normal 4.39420891576196e-017 -1.7423054424128e-017 1.0
outer loop
vertex 88.9295651735976 20.0072727166261 34.0
vertex 89.4500930232651 15.0547810463173 34.0
vertex 89.1901451692998 20.0415787238816 34.0
endloop
endfacet
facet normal 4.39420891576196e-017 -1.7423054424128e-017 1.0
outer loop
vertex 89.1901451692998 20.0415787238816 34.0
vertex 89.4500930232651 15.0547810463173 34.0
vertex 89.4485726114796 20.0894754191993 34.0
endloop
endfacet
facet normal 4.39420891576196e-017 -1.7423054424128e-017 1.0
outer loop
vertex 89.4485726114796 20.0894754191993 34.0
vertex 89.4500930232651 15.0547810463173 34.0
vertex 89.7041391684812 20.1508315210667 34.0
endloop
endfacet
facet normal 4.39420891576196e-017 -1.7423054424128e-017 1.0
outer loop
vertex 89.7041391684812 20.1508315210667 34.0
vertex 89.4500930232651 15.0547810463173 34.0
vertex 89.9048083905885 15.1146454601168 34.0
endloop
endfacet
facet normal 4.39420891576196e-017 -1.7423054424128e-017 1.0
outer loop
vertex 89.7041391684812 20.1508315210667 34.0
vertex 89.9048083905885 15.1146454601168 34.0
vertex 89.956144350136 20.2254788566732 34.0
endloop
endfacet
facet normal 4.39420891576196e-017 -1.7423054424128e-017 1.0
outer loop
vertex 89.956144350136 20.2254788566732 34.0
vertex 89.9048083905885 15.1146454601168 34.0
vertex 89.9691530409908 15.1231165940486 34.0
endloop
endfacet
facet normal 4.39420891576196e-017 -1.7423054424128e-017 1.0
outer loop
vertex 89.956144350136 20.2254788566732 34.0
vertex 89.9691530409908 15.1231165940486 34.0
vertex 90.2038974277575 20.3132128228606 34.0
endloop
endfacet
facet normal 4.39420891576196e-017 -1.7423054424128e-017 1.0
outer loop
vertex 90.2038974277575 20.3132128228606 34.0
vertex 89.9691530409908 15.1231165940486 34.0
vertex 90.4839252987661 15.2185239926619 34.0
endloop
endfacet
facet normal 4.39420891576196e-017 -1.7423054424128e-017 1.0
outer loop
vertex 90.2038974277575 20.3132128228606 34.0
vertex 90.4839252987661 15.2185239926619 34.0
vertex 90.4467193273815 20.413792946926 34.0
endloop
endfacet
facet normal 4.39420891576196e-017 -1.7423054424128e-017 1.0
outer loop
vertex 90.4467193273815 20.413792946926 34.0
vertex 90.4839252987661 15.2185239926619 34.0
vertex 90.683944491059 20.5269435457406 34.0
endloop
endfacet
facet normal 4.39420891576196e-017 -1.7423054424128e-017 1.0
outer loop
vertex 90.683944491059 20.5269435457406 34.0
vertex 90.4839252987661 15.2185239926619 34.0
vertex 90.9929988416137 15.3407417371093 34.0
endloop
endfacet
facet normal 4.39420891576196e-017 -1.7423054424128e-017 1.0
outer loop
vertex 90.683944491059 20.5269435457406 34.0
vertex 90.9929988416137 15.3407417371093 34.0
vertex 90.9149227011061 20.6523544813779 34.0
endloop
endfacet
facet normal 4.39420891576196e-017 -1.7423054424128e-017 1.0
outer loop
vertex 90.9149227011061 20.6523544813779 34.0
vertex 90.9929988416137 15.3407417371093 34.0
vertex 91.139020862304 20.7896820111807 34.0
endloop
endfacet
facet normal 4.39420891576196e-017 -1.7423054424128e-017 1.0
outer loop
vertex 91.139020862304 20.7896820111807 34.0
vertex 90.9929988416137 15.3407417371093 34.0
vertex 91.494978334338 15.4894348370485 34.0
endloop
endfacet
facet normal 4.39420891576196e-017 -1.7423054424128e-017 1.0
outer loop
vertex 91.139020862304 20.7896820111807 34.0
vertex 91.494978334338 15.4894348370485 34.0
vertex 91.3556247371695 20.938549729935 34.0
endloop
endfacet
facet normal 4.39420891576196e-017 -1.7423054424128e-017 1.0
outer loop
vertex 91.3556247371695 20.938549729935 34.0
vertex 91.494978334338 15.4894348370485 34.0
vertex 91.5641406295379 21.0985496015719 34.0
endloop
endfacet
facet normal 4.39420891576196e-017 -1.7423054424128e-017 1.0
outer loop
vertex 91.5641406295379 21.0985496015719 34.0
vertex 91.494978334338 15.4894348370485 34.0
vertex 91.9884878860415 15.664195735028 34.0
endloop
endfacet
facet normal 4.39420891576196e-017 -1.7423054424128e-017 1.0
outer loop
vertex 91.5641406295379 21.0985496015719 34.0
vertex 91.9884878860415 15.664195735028 34.0
vertex 91.7639970118419 21.2692430775643 34.0
endloop
endfacet
facet normal 4.39420891576196e-017 -1.7423054424128e-017 1.0
outer loop
vertex 91.7639970118419 21.2692430775643 34.0
vertex 91.9884878860415 15.664195735028 34.0
vertex 91.9546460916292 21.4501622989592 34.0
endloop
endfacet
facet normal 4.39420891576196e-017 -1.7423054424128e-017 1.0
outer loop
vertex 91.9546460916292 21.4501622989592 34.0
vertex 91.9884878860415 15.664195735028 34.0
vertex 92.1355653130243 21.6408113787467 34.0
endloop
endfacet
facet normal 4.39420891576196e-017 -1.7423054424128e-017 1.0
outer loop
vertex 92.1355653130243 21.6408113787467 34.0
vertex 91.9884878860415 15.664195735028 34.0
vertex 92.4721748213465 15.864545423574 34.0
endloop
endfacet
facet normal 4.39420891576196e-017 -1.7423054424128e-017 1.0
outer loop
vertex 92.1355653130243 21.6408113787467 34.0
vertex 92.4721748213465 15.864545423574 34.0
vertex 92.3062587890166 21.8406677610506 34.0
endloop
endfacet
facet normal 4.39420891576196e-017 -1.7423054424128e-017 1.0
outer loop
vertex 92.3062587890166 21.8406677610506 34.0
vertex 92.4721748213465 15.864545423574 34.0
vertex 92.4662586606534 22.049183653419 34.0
endloop
endfacet
facet normal 4.39420891576196e-017 -1.7423054424128e-017 1.0
outer loop
vertex 92.4662586606534 22.049183653419 34.0
vertex 92.4721748213465 15.864545423574 34.0
vertex 92.6151263794079 22.2657875282846 34.0
endloop
endfacet
facet normal 4.39420891576196e-017 -1.7423054424128e-017 1.0
outer loop
vertex 92.6151263794079 22.2657875282846 34.0
vertex 92.4721748213465 15.864545423574 34.0
vertex 92.944713387984 16.0899347581163 34.0
endloop
endfacet
facet normal 4.39420891576196e-017 -1.7423054424128e-017 1.0
outer loop
vertex 92.6151263794079 22.2657875282846 34.0
vertex 92.944713387984 16.0899347581163 34.0
vertex 92.7524539092107 22.4898856894825 34.0
endloop
endfacet
facet normal 4.39420891576196e-017 -1.7423054424128e-017 1.0
outer loop
vertex 92.7524539092107 22.4898856894825 34.0
vertex 92.944713387984 16.0899347581163 34.0
vertex 92.8778648448479 22.7208638995294 34.0
endloop
endfacet
facet normal 4.39420891576196e-017 -1.7423054424128e-017 1.0
outer loop
vertex 92.8778648448479 22.7208638995294 34.0
vertex 92.944713387984 16.0899347581163 34.0
vertex 92.9910154436625 22.9580890632071 34.0
endloop
endfacet
facet normal 4.39420891576196e-017 -1.7423054424128e-017 1.0
outer loop
vertex 92.9910154436625 22.9580890632071 34.0
vertex 92.944713387984 16.0899347581163 34.0
vertex 93.4048083905885 16.3397459621556 34.0
endloop
endfacet
facet normal 4.39420891576196e-017 -1.7423054424128e-017 1.0
outer loop
vertex 92.9910154436625 22.9580890632071 34.0
vertex 93.4048083905885 16.3397459621556 34.0
vertex 93.091595567728 23.2009109628311 34.0
endloop
endfacet
facet normal 4.39420891576196e-017 -1.7423054424128e-017 1.0
outer loop
vertex 93.091595567728 23.2009109628311 34.0
vertex 93.4048083905885 16.3397459621556 34.0
vertex 93.1793295339154 23.4486640404526 34.0
endloop
endfacet
facet normal 4.39420891576196e-017 -1.7423054424128e-017 1.0
outer loop
vertex 93.1793295339154 23.4486640404526 34.0
vertex 93.4048083905885 16.3397459621556 34.0
vertex 93.2539768695219 23.7006692221073 34.0
endloop
endfacet
facet normal 4.39420891576196e-017 -1.7423054424128e-017 1.0
outer loop
vertex 93.2539768695219 23.7006692221073 34.0
vertex 93.4048083905885 16.3397459621556 34.0
vertex 93.3153329713891 23.9562357791087 34.0
endloop
endfacet
facet normal 4.39420891576196e-017 -1.7423054424128e-017 1.0
outer loop
vertex 93.3153329713891 23.9562357791087 34.0
vertex 93.4048083905885 16.3397459621556 34.0
vertex 93.3632296667069 24.2146632212888 34.0
endloop
endfacet
facet normal 4.39420891576196e-017 -1.7423054424128e-017 1.0
outer loop
vertex 93.3632296667069 24.2146632212888 34.0
vertex 93.4048083905885 16.3397459621556 34.0
vertex 93.3975356739624 24.4752432169909 34.0
endloop
endfacet
facet normal 4.39420891576196e-017 -1.7423054424128e-017 1.0
outer loop
vertex 93.3975356739624 24.4752432169909 34.0
vertex 93.4048083905885 16.3397459621556 34.0
vertex 93.4181569627744 24.73726153456 34.0
endloop
endfacet
facet normal 4.39420891576196e-017 -1.7423054424128e-017 1.0
outer loop
vertex 93.4181569627744 24.73726153456 34.0
vertex 93.4048083905885 16.3397459621556 34.0
vertex 93.8511987407388 16.6132943205458 34.0
endloop
endfacet
facet normal 4.39420891576196e-017 -1.7423054424128e-017 1.0
outer loop
vertex 93.4181569627744 24.73726153456 34.0
vertex 93.8511987407388 16.6132943205458 34.0
vertex 93.4250370116236 25.0 34.0
endloop
endfacet
facet normal 4.39420891576196e-017 -1.7423054424128e-017 1.0
outer loop
vertex 83.3845797695535 25.0 34.0
vertex 83.4048083905885 33.6602540378444 34.0
vertex 82.9584180404383 33.3867056794542 34.0
endloop
endfacet
facet normal 4.39420891576196e-017 -1.7423054424128e-017 1.0
outer loop
vertex 83.4048083905885 33.6602540378444 34.0
vertex 83.3845797695535 25.0 34.0
vertex 83.3914598184027 25.26273846544 34.0
endloop
endfacet
facet normal 4.39420891576196e-017 -1.7423054424128e-017 1.0
outer loop
vertex 83.4048083905885 33.6602540378444 34.0
vertex 83.3914598184027 25.26273846544 34.0
vertex 83.4120811072147 25.5247567830092 34.0
endloop
endfacet
facet normal 4.39420891576196e-017 -1.7423054424128e-017 1.0
outer loop
vertex 83.4048083905885 33.6602540378444 34.0
vertex 83.4120811072147 25.5247567830092 34.0
vertex 83.8649033931931 33.9100652418837 34.0
endloop
endfacet
facet normal 4.39420891576196e-017 -1.7423054424128e-017 1.0
outer loop
vertex 83.8649033931931 33.9100652418837 34.0
vertex 83.4120811072147 25.5247567830092 34.0
vertex 83.4428941929149 25.7588054054424 34.0
endloop
endfacet
facet normal 4.39420891576196e-017 -1.7423054424128e-017 1.0
outer loop
vertex 83.8649033931931 33.9100652418837 34.0
vertex 83.4428941929149 25.7588054054424 34.0
vertex 83.4611718636247 25.8976380979077 34.0
endloop
endfacet
facet normal 4.39420891576196e-017 -1.7423054424128e-017 1.0
outer loop
vertex 83.8649033931931 33.9100652418837 34.0
vertex 83.4611718636247 25.8976380979077 34.0
vertex 83.49919364042 26.0642151372945 34.0
endloop
endfacet
facet normal 4.39420891576196e-017 -1.7423054424128e-017 1.0
outer loop
vertex 83.8649033931931 33.9100652418837 34.0
vertex 83.49919364042 26.0642151372945 34.0
vertex 83.5556399116552 26.2993307778927 34.0
endloop
endfacet
facet normal 4.39420891576196e-017 -1.7423054424128e-017 1.0
outer loop
vertex 83.8649033931931 33.9100652418837 34.0
vertex 83.5556399116552 26.2993307778927 34.0
vertex 83.6302872472617 26.5513359595473 34.0
endloop
endfacet
facet normal 4.39420891576196e-017 -1.7423054424128e-017 1.0
outer loop
vertex 83.8649033931931 33.9100652418837 34.0
vertex 83.6302872472617 26.5513359595473 34.0
vertex 83.7180212134492 26.799089037169 34.0
endloop
endfacet
facet normal 4.39420891576196e-017 -1.7423054424128e-017 1.0
outer loop
vertex 83.8649033931931 33.9100652418837 34.0
vertex 83.7180212134492 26.799089037169 34.0
vertex 83.8186013375146 27.0419109367929 34.0
endloop
endfacet
facet normal 4.39420891576196e-017 -1.7423054424128e-017 1.0
outer loop
vertex 83.8649033931931 33.9100652418837 34.0
vertex 83.8186013375146 27.0419109367929 34.0
vertex 83.9317519363291 27.2791361004705 34.0
endloop
endfacet
facet normal 4.39420891576196e-017 -1.7423054424128e-017 1.0
outer loop
vertex 83.8649033931931 33.9100652418837 34.0
vertex 83.9317519363291 27.2791361004705 34.0
vertex 84.3374419598305 34.135454576426 34.0
endloop
endfacet
facet normal 4.39420891576196e-017 -1.7423054424128e-017 1.0
outer loop
vertex 84.3374419598305 34.135454576426 34.0
vertex 83.9317519363291 27.2791361004705 34.0
vertex 84.0571628719664 27.5101143105175 34.0
endloop
endfacet
facet normal 4.39420891576196e-017 -1.7423054424128e-017 1.0
outer loop
vertex 84.3374419598305 34.135454576426 34.0
vertex 84.0571628719664 27.5101143105175 34.0
vertex 84.1944904017692 27.7342124717154 34.0
endloop
endfacet
facet normal 4.39420891576196e-017 -1.7423054424128e-017 1.0
outer loop
vertex 84.3374419598305 34.135454576426 34.0
vertex 84.1944904017692 27.7342124717154 34.0
vertex 84.3433581205237 27.950816346581 34.0
endloop
endfacet
facet normal 4.39420891576196e-017 -1.7423054424128e-017 1.0
outer loop
vertex 84.3374419598305 34.135454576426 34.0
vertex 84.3433581205237 27.950816346581 34.0
vertex 84.8211288951355 34.335804264972 34.0
endloop
endfacet
facet normal 4.39420891576196e-017 -1.7423054424128e-017 1.0
outer loop
vertex 84.8211288951355 34.335804264972 34.0
vertex 84.3433581205237 27.950816346581 34.0
vertex 84.5033579921604 28.1593322389494 34.0
endloop
endfacet
facet normal 4.39420891576196e-017 -1.7423054424128e-017 1.0
outer loop
vertex 84.8211288951355 34.335804264972 34.0
vertex 84.5033579921604 28.1593322389494 34.0
vertex 84.6740514681528 28.3591886212534 34.0
endloop
endfacet
facet normal 4.39420891576196e-017 -1.7423054424128e-017 1.0
outer loop
vertex 84.8211288951355 34.335804264972 34.0
vertex 84.6740514681528 28.3591886212534 34.0
vertex 84.8549706895478 28.5498377010407 34.0
endloop
endfacet
facet normal 4.39420891576196e-017 -1.7423054424128e-017 1.0
outer loop
vertex 84.8211288951355 34.335804264972 34.0
vertex 84.8549706895478 28.5498377010407 34.0
vertex 85.3146384468391 34.5105651629515 34.0
endloop
endfacet
facet normal 4.39420891576196e-017 -1.7423054424128e-017 1.0
outer loop
vertex 85.3146384468391 34.5105651629515 34.0
vertex 84.8549706895478 28.5498377010407 34.0
vertex 85.0456197693353 28.7307569224358 34.0
endloop
endfacet
facet normal 4.39420891576196e-017 -1.7423054424128e-017 1.0
outer loop
vertex 85.3146384468391 34.5105651629515 34.0
vertex 85.0456197693353 28.7307569224358 34.0
vertex 85.2454761516392 28.9014503984281 34.0
endloop
endfacet
facet normal 4.39420891576196e-017 -1.7423054424128e-017 1.0
outer loop
vertex 85.3146384468391 34.5105651629515 34.0
vertex 85.2454761516392 28.9014503984281 34.0
vertex 85.4539920440075 29.0614502700649 34.0
endloop
endfacet
facet normal 4.39420891576196e-017 -1.7423054424128e-017 1.0
outer loop
vertex 85.3146384468391 34.5105651629515 34.0
vertex 85.4539920440075 29.0614502700649 34.0
vertex 85.8166179395633 34.6592582628907 34.0
endloop
endfacet
facet normal 4.39420891576196e-017 -1.7423054424128e-017 1.0
outer loop
vertex 85.8166179395633 34.6592582628907 34.0
vertex 85.4539920440075 29.0614502700649 34.0
vertex 85.6705959188732 29.2103179888194 34.0
endloop
endfacet
facet normal 4.39420891576196e-017 -1.7423054424128e-017 1.0
outer loop
vertex 85.8166179395633 34.6592582628907 34.0
vertex 85.6705959188732 29.2103179888194 34.0
vertex 85.8946940800709 29.3476455186221 34.0
endloop
endfacet
facet normal 4.39420891576196e-017 -1.7423054424128e-017 1.0
outer loop
vertex 85.8166179395633 34.6592582628907 34.0
vertex 85.8946940800709 29.3476455186221 34.0
vertex 86.3256914824109 34.7814760073381 34.0
endloop
endfacet
facet normal 4.39420891576196e-017 -1.7423054424128e-017 1.0
outer loop
vertex 86.3256914824109 34.7814760073381 34.0
vertex 85.8946940800709 29.3476455186221 34.0
vertex 86.1256722901181 29.4730564542595 34.0
endloop
endfacet
facet normal 4.39420891576196e-017 -1.7423054424128e-017 1.0
outer loop
vertex 86.3256914824109 34.7814760073381 34.0
vertex 86.1256722901181 29.4730564542595 34.0
vertex 86.3628974537957 29.586207053074 34.0
endloop
endfacet
facet normal 4.39420891576196e-017 -1.7423054424128e-017 1.0
outer loop
vertex 86.3256914824109 34.7814760073381 34.0
vertex 86.3628974537957 29.586207053074 34.0
vertex 86.8404637401862 34.8768834059514 34.0
endloop
endfacet
facet normal 4.39420891576196e-017 -1.7423054424128e-017 1.0
outer loop
vertex 86.8404637401862 34.8768834059514 34.0
vertex 86.3628974537957 29.586207053074 34.0
vertex 86.6057193534196 29.6867871771394 34.0
endloop
endfacet
facet normal 4.39420891576196e-017 -1.7423054424128e-017 1.0
outer loop
vertex 86.8404637401862 34.8768834059514 34.0
vertex 86.6057193534196 29.6867871771394 34.0
vertex 86.8534724310412 29.7745211433268 34.0
endloop
endfacet
facet normal 4.39420891576196e-017 -1.7423054424128e-017 1.0
outer loop
vertex 86.8404637401862 34.8768834059514 34.0
vertex 86.8534724310412 29.7745211433268 34.0
vertex 86.9048083905885 34.8853545398832 34.0
endloop
endfacet
facet normal 4.39420891576196e-017 -1.7423054424128e-017 1.0
outer loop
vertex 86.9048083905885 34.8853545398832 34.0
vertex 86.8534724310412 29.7745211433268 34.0
vertex 87.105477612696 29.8491684789334 34.0
endloop
endfacet
facet normal 4.39420891576196e-017 -1.7423054424128e-017 1.0
outer loop
vertex 86.9048083905885 34.8853545398832 34.0
vertex 87.105477612696 29.8491684789334 34.0
vertex 87.359523757912 34.9452189536827 34.0
endloop
endfacet
facet normal 4.39420891576196e-017 -1.7423054424128e-017 1.0
outer loop
vertex 87.359523757912 34.9452189536827 34.0
vertex 87.105477612696 29.8491684789334 34.0
vertex 87.3610441696974 29.9105245808007 34.0
endloop
endfacet
facet normal 4.39420891576196e-017 -1.7423054424128e-017 1.0
outer loop
vertex 87.359523757912 34.9452189536827 34.0
vertex 87.3610441696974 29.9105245808007 34.0
vertex 87.8814488281591 34.9862953475457 34.0
endloop
endfacet
facet normal 4.39420891576196e-017 -1.7423054424128e-017 1.0
outer loop
vertex 87.8814488281591 34.9862953475457 34.0
vertex 87.3610441696974 29.9105245808007 34.0
vertex 87.6194716118773 29.9584212761184 34.0
endloop
endfacet
facet normal 4.39420891576196e-017 -1.7423054424128e-017 1.0
outer loop
vertex 87.8814488281591 34.9862953475457 34.0
vertex 87.6194716118773 29.9584212761184 34.0
vertex 87.8800516075794 29.9927272833739 34.0
endloop
endfacet
facet normal 4.39420891576196e-017 -1.7423054424128e-017 1.0
outer loop
vertex 87.8814488281591 34.9862953475457 34.0
vertex 87.8800516075794 29.9927272833739 34.0
vertex 88.1420699251485 30.0133485721859 34.0
endloop
endfacet
facet normal 4.39420891576196e-017 -1.7423054424128e-017 1.0
outer loop
vertex 87.8814488281591 34.9862953475457 34.0
vertex 88.1420699251485 30.0133485721859 34.0
vertex 88.4048083905885 35.0 34.0
endloop
endfacet
facet normal 4.39420891576196e-017 -1.7423054424128e-017 1.0
outer loop
vertex 88.4048083905885 35.0 34.0
vertex 88.1420699251485 30.0133485721859 34.0
vertex 88.4048083905885 30.0202286210351 34.0
endloop
endfacet
facet normal 4.39420891576196e-017 -1.7423054424128e-017 1.0
outer loop
vertex 88.4048083905885 35.0 34.0
vertex 88.4048083905885 30.0202286210351 34.0
vertex 88.6675468560286 30.0133485721859 34.0
endloop
endfacet
facet normal 4.39420891576196e-017 -1.7423054424128e-017 1.0
outer loop
vertex 88.4048083905885 35.0 34.0
vertex 88.6675468560286 30.0133485721859 34.0
vertex 88.928167953018 34.9862953475457 34.0
endloop
endfacet
facet normal 4.39420891576196e-017 -1.7423054424128e-017 1.0
outer loop
vertex 88.928167953018 34.9862953475457 34.0
vertex 88.6675468560286 30.0133485721859 34.0
vertex 88.9295651735977 29.9927272833739 34.0
endloop
endfacet
facet normal 4.39420891576196e-017 -1.7423054424128e-017 1.0
outer loop
vertex 88.928167953018 34.9862953475457 34.0
vertex 88.9295651735977 29.9927272833739 34.0
vertex 89.4500930232651 34.9452189536827 34.0
endloop
endfacet
facet normal 4.39420891576196e-017 -1.7423054424128e-017 1.0
outer loop
vertex 89.4500930232651 34.9452189536827 34.0
vertex 88.9295651735977 29.9927272833739 34.0
vertex 89.1901451692997 29.9584212761184 34.0
endloop
endfacet
facet normal 4.39420891576196e-017 -1.7423054424128e-017 1.0
outer loop
vertex 89.4500930232651 34.9452189536827 34.0
vertex 89.1901451692997 29.9584212761184 34.0
vertex 89.4485726114798 29.9105245808006 34.0
endloop
endfacet
facet normal 4.39420891576196e-017 -1.7423054424128e-017 1.0
outer loop
vertex 89.4500930232651 34.9452189536827 34.0
vertex 89.4485726114798 29.9105245808006 34.0
vertex 89.7041391684811 29.8491684789334 34.0
endloop
endfacet
facet normal 4.39420891576196e-017 -1.7423054424128e-017 1.0
outer loop
vertex 89.4500930232651 34.9452189536827 34.0
vertex 89.7041391684811 29.8491684789334 34.0
vertex 89.9048083905885 34.8853545398832 34.0
endloop
endfacet
facet normal 4.39420891576196e-017 -1.7423054424128e-017 1.0
outer loop
vertex 89.9048083905885 34.8853545398832 34.0
vertex 89.7041391684811 29.8491684789334 34.0
vertex 89.9561443501358 29.7745211433269 34.0
endloop
endfacet
facet normal 4.39420891576196e-017 -1.7423054424128e-017 1.0
outer loop
vertex 89.9048083905885 34.8853545398832 34.0
vertex 89.9561443501358 29.7745211433269 34.0
vertex 89.9691530409908 34.8768834059514 34.0
endloop
endfacet
facet normal 4.39420891576196e-017 -1.7423054424128e-017 1.0
outer loop
vertex 89.9691530409908 34.8768834059514 34.0
vertex 89.9561443501358 29.7745211433269 34.0
vertex 90.2038974277575 29.6867871771394 34.0
endloop
endfacet
facet normal 4.39420891576196e-017 -1.7423054424128e-017 1.0
outer loop
vertex 89.9691530409908 34.8768834059514 34.0
vertex 90.2038974277575 29.6867871771394 34.0
vertex 90.4839252987661 34.7814760073381 34.0
endloop
endfacet
facet normal 4.39420891576196e-017 -1.7423054424128e-017 1.0
outer loop
vertex 90.4839252987661 34.7814760073381 34.0
vertex 90.2038974277575 29.6867871771394 34.0
vertex 90.4467193273815 29.586207053074 34.0
endloop
endfacet
facet normal 4.39420891576196e-017 -1.7423054424128e-017 1.0
outer loop
vertex 90.4839252987661 34.7814760073381 34.0
vertex 90.4467193273815 29.586207053074 34.0
vertex 90.683944491059 29.4730564542595 34.0
endloop
endfacet
facet normal 4.39420891576196e-017 -1.7423054424128e-017 1.0
outer loop
vertex 90.4839252987661 34.7814760073381 34.0
vertex 90.683944491059 29.4730564542595 34.0
vertex 90.9929988416137 34.6592582628907 34.0
endloop
endfacet
facet normal 4.39420891576196e-017 -1.7423054424128e-017 1.0
outer loop
vertex 90.9929988416137 34.6592582628907 34.0
vertex 90.683944491059 29.4730564542595 34.0
vertex 90.9149227011061 29.3476455186221 34.0
endloop
endfacet
facet normal 4.39420891576196e-017 -1.7423054424128e-017 1.0
outer loop
vertex 90.9929988416137 34.6592582628907 34.0
vertex 90.9149227011061 29.3476455186221 34.0
vertex 91.139020862304 29.2103179888193 34.0
endloop
endfacet
facet normal 4.39420891576196e-017 -1.7423054424128e-017 1.0
outer loop
vertex 90.9929988416137 34.6592582628907 34.0
vertex 91.139020862304 29.2103179888193 34.0
vertex 91.494978334338 34.5105651629515 34.0
endloop
endfacet
facet normal 4.39420891576196e-017 -1.7423054424128e-017 1.0
outer loop
vertex 91.494978334338 34.5105651629515 34.0
vertex 91.139020862304 29.2103179888193 34.0
vertex 91.3556247371695 29.061450270065 34.0
endloop
endfacet
facet normal 4.39420891576196e-017 -1.7423054424128e-017 1.0
outer loop
vertex 91.494978334338 34.5105651629515 34.0
vertex 91.3556247371695 29.061450270065 34.0
vertex 91.5641406295381 28.901450398428 34.0
endloop
endfacet
facet normal 4.39420891576196e-017 -1.7423054424128e-017 1.0
outer loop
vertex 91.494978334338 34.5105651629515 34.0
vertex 91.5641406295381 28.901450398428 34.0
vertex 91.9884878860415 34.335804264972 34.0
endloop
endfacet
facet normal 4.39420891576196e-017 -1.7423054424128e-017 1.0
outer loop
vertex 91.9884878860415 34.335804264972 34.0
vertex 91.5641406295381 28.901450398428 34.0
vertex 91.7639970118418 28.7307569224358 34.0
endloop
endfacet
facet normal 4.39420891576196e-017 -1.7423054424128e-017 1.0
outer loop
vertex 91.9884878860415 34.335804264972 34.0
vertex 91.7639970118418 28.7307569224358 34.0
vertex 91.9546460916292 28.5498377010407 34.0
endloop
endfacet
facet normal 4.39420891576196e-017 -1.7423054424128e-017 1.0
outer loop
vertex 91.9884878860415 34.335804264972 34.0
vertex 91.9546460916292 28.5498377010407 34.0
vertex 92.1355653130243 28.3591886212532 34.0
endloop
endfacet
facet normal 4.39420891576196e-017 -1.7423054424128e-017 1.0
outer loop
vertex 91.9884878860415 34.335804264972 34.0
vertex 92.1355653130243 28.3591886212532 34.0
vertex 92.4721748213465 34.135454576426 34.0
endloop
endfacet
facet normal 4.39420891576196e-017 -1.7423054424128e-017 1.0
outer loop
vertex 92.4721748213465 34.135454576426 34.0
vertex 92.1355653130243 28.3591886212532 34.0
vertex 92.3062587890167 28.1593322389494 34.0
endloop
endfacet
facet normal 4.39420891576196e-017 -1.7423054424128e-017 1.0
outer loop
vertex 92.4721748213465 34.135454576426 34.0
vertex 92.3062587890167 28.1593322389494 34.0
vertex 92.4662586606534 27.950816346581 34.0
endloop
endfacet
facet normal 4.39420891576196e-017 -1.7423054424128e-017 1.0
outer loop
vertex 92.4721748213465 34.135454576426 34.0
vertex 92.4662586606534 27.950816346581 34.0
vertex 92.6151263794079 27.7342124717154 34.0
endloop
endfacet
facet normal 4.39420891576196e-017 -1.7423054424128e-017 1.0
outer loop
vertex 92.4721748213465 34.135454576426 34.0
vertex 92.6151263794079 27.7342124717154 34.0
vertex 92.944713387984 33.9100652418837 34.0
endloop
endfacet
facet normal 4.39420891576196e-017 -1.7423054424128e-017 1.0
outer loop
vertex 92.944713387984 33.9100652418837 34.0
vertex 92.6151263794079 27.7342124717154 34.0
vertex 92.7524539092107 27.5101143105175 34.0
endloop
endfacet
facet normal 4.39420891576196e-017 -1.7423054424128e-017 1.0
outer loop
vertex 92.944713387984 33.9100652418837 34.0
vertex 92.7524539092107 27.5101143105175 34.0
vertex 92.8778648448479 27.2791361004706 34.0
endloop
endfacet
facet normal 4.39420891576196e-017 -1.7423054424128e-017 1.0
outer loop
vertex 92.944713387984 33.9100652418837 34.0
vertex 92.8778648448479 27.2791361004706 34.0
vertex 92.9910154436626 27.0419109367927 34.0
endloop
endfacet
facet normal 4.39420891576196e-017 -1.7423054424128e-017 1.0
outer loop
vertex 92.944713387984 33.9100652418837 34.0
vertex 92.9910154436626 27.0419109367927 34.0
vertex 93.4048083905885 33.6602540378444 34.0
endloop
endfacet
facet normal 4.39420891576196e-017 -1.7423054424128e-017 1.0
outer loop
vertex 93.4048083905885 33.6602540378444 34.0
vertex 92.9910154436626 27.0419109367927 34.0
vertex 93.0915955677279 26.799089037169 34.0
endloop
endfacet
facet normal 4.39420891576196e-017 -1.7423054424128e-017 1.0
outer loop
vertex 93.4048083905885 33.6602540378444 34.0
vertex 93.0915955677279 26.799089037169 34.0
vertex 93.1793295339154 26.5513359595473 34.0
endloop
endfacet
facet normal 4.39420891576196e-017 -1.7423054424128e-017 1.0
outer loop
vertex 93.4048083905885 33.6602540378444 34.0
vertex 93.1793295339154 26.5513359595473 34.0
vertex 93.2539768695219 26.2993307778928 34.0
endloop
endfacet
facet normal 4.39420891576196e-017 -1.7423054424128e-017 1.0
outer loop
vertex 93.4048083905885 33.6602540378444 34.0
vertex 93.2539768695219 26.2993307778928 34.0
vertex 93.3153329713892 26.0437642208911 34.0
endloop
endfacet
facet normal 4.39420891576196e-017 -1.7423054424128e-017 1.0
outer loop
vertex 93.4048083905885 33.6602540378444 34.0
vertex 93.3153329713892 26.0437642208911 34.0
vertex 93.3632296667069 25.7853367787113 34.0
endloop
endfacet
facet normal 4.39420891576196e-017 -1.7423054424128e-017 1.0
outer loop
vertex 93.4048083905885 33.6602540378444 34.0
vertex 93.3632296667069 25.7853367787113 34.0
vertex 93.3975356739624 25.5247567830091 34.0
endloop
endfacet
facet normal 4.39420891576196e-017 -1.7423054424128e-017 1.0
outer loop
vertex 93.4048083905885 33.6602540378444 34.0
vertex 93.3975356739624 25.5247567830091 34.0
vertex 93.4181569627744 25.26273846544 34.0
endloop
endfacet
facet normal 4.39420891576196e-017 -1.7423054424128e-017 1.0
outer loop
vertex 93.4048083905885 33.6602540378444 34.0
vertex 93.4181569627744 25.26273846544 34.0
vertex 93.8511987407388 33.3867056794542 34.0
endloop
endfacet
facet normal 4.39420891576196e-017 -1.7423054424128e-017 1.0
outer loop
vertex 93.8511987407388 33.3867056794542 34.0
vertex 93.4181569627744 25.26273846544 34.0
vertex 93.4250370116236 25.0 34.0
endloop
endfacet
facet normal 4.39420891576196e-017 -1.7423054424128e-017 1.0
outer loop
vertex 93.8511987407388 33.3867056794542 34.0
vertex 93.4250370116236 25.0 34.0
vertex 93.8511987407388 16.6132943205458 34.0
endloop
endfacet
facet normal 4.39420891576196e-017 -1.7423054424128e-017 1.0
outer loop
vertex 93.8511987407388 33.3867056794542 34.0
vertex 93.8511987407388 16.6132943205458 34.0
vertex 94.2826609135133 16.9098300562505 34.0
endloop
endfacet
facet normal 4.39420891576196e-017 -1.7423054424128e-017 1.0
outer loop
vertex 93.8511987407388 33.3867056794542 34.0
vertex 94.2826609135133 16.9098300562505 34.0
vertex 94.2826609135133 33.0901699437495 34.0
endloop
endfacet
facet normal 4.39420891576196e-017 -1.7423054424128e-017 1.0
outer loop
vertex 94.2826609135133 33.0901699437495 34.0
vertex 94.2826609135133 16.9098300562505 34.0
vertex 94.6980123010869 17.2285403854303 34.0
endloop
endfacet
facet normal 4.39420891576196e-017 -1.7423054424128e-017 1.0
outer loop
vertex 94.2826609135133 33.0901699437495 34.0
vertex 94.6980123010869 17.2285403854303 34.0
vertex 94.6980123010869 32.7714596145697 34.0
endloop
endfacet
facet normal 4.39420891576196e-017 -1.7423054424128e-017 1.0
outer loop
vertex 94.6980123010869 32.7714596145697 34.0
vertex 94.6980123010869 17.2285403854303 34.0
vertex 95.0961144541771 17.5685517452261 34.0
endloop
endfacet
facet normal 4.39420891576196e-017 -1.7423054424128e-017 1.0
outer loop
vertex 94.6980123010869 32.7714596145697 34.0
vertex 95.0961144541771 17.5685517452261 34.0
vertex 95.0961144541771 32.4314482547739 34.0
endloop
endfacet
facet normal 4.39420891576196e-017 -1.7423054424128e-017 1.0
outer loop
vertex 95.0961144541771 32.4314482547739 34.0
vertex 95.0961144541771 17.5685517452261 34.0
vertex 95.475876202454 17.9289321881345 34.0
endloop
endfacet
facet normal 4.39420891576196e-017 -1.7423054424128e-017 1.0
outer loop
vertex 95.0961144541771 32.4314482547739 34.0
vertex 95.475876202454 17.9289321881345 34.0
vertex 95.475876202454 32.0710678118655 34.0
endloop
endfacet
facet normal 4.39420891576196e-017 -1.7423054424128e-017 1.0
outer loop
vertex 95.475876202454 32.0710678118655 34.0
vertex 95.475876202454 17.9289321881345 34.0
vertex 95.8362566453625 18.3086939364114 34.0
endloop
endfacet
facet normal 4.39420891576196e-017 -1.7423054424128e-017 1.0
outer loop
vertex 95.475876202454 32.0710678118655 34.0
vertex 95.8362566453625 18.3086939364114 34.0
vertex 95.8362566453625 31.6913060635886 34.0
endloop
endfacet
facet normal 4.39420891576196e-017 -1.7423054424128e-017 1.0
outer loop
vertex 95.8362566453625 31.6913060635886 34.0
vertex 95.8362566453625 18.3086939364114 34.0
vertex 96.1762680051582 18.7067960895016 34.0
endloop
endfacet
facet normal 4.39420891576196e-017 -1.7423054424128e-017 1.0
outer loop
vertex 95.8362566453625 31.6913060635886 34.0
vertex 96.1762680051582 18.7067960895016 34.0
vertex 96.1762680051582 31.2932039104984 34.0
endloop
endfacet
facet normal 4.39420891576196e-017 -1.7423054424128e-017 1.0
outer loop
vertex 96.1762680051582 31.2932039104984 34.0
vertex 96.1762680051582 18.7067960895016 34.0
vertex 96.494978334338 19.1221474770753 34.0
endloop
endfacet
facet normal 4.39420891576196e-017 -1.7423054424128e-017 1.0
outer loop
vertex 96.1762680051582 31.2932039104984 34.0
vertex 96.494978334338 19.1221474770753 34.0
vertex 96.494978334338 30.8778525229247 34.0
endloop
endfacet
facet normal 4.39420891576196e-017 -1.7423054424128e-017 1.0
outer loop
vertex 96.494978334338 30.8778525229247 34.0
vertex 96.494978334338 19.1221474770753 34.0
vertex 96.7915140700428 19.5536096498497 34.0
endloop
endfacet
facet normal 4.39420891576196e-017 -1.7423054424128e-017 1.0
outer loop
vertex 96.494978334338 30.8778525229247 34.0
vertex 96.7915140700428 19.5536096498497 34.0
vertex 96.7915140700428 30.4463903501503 34.0
endloop
endfacet
facet normal 4.39420891576196e-017 -1.7423054424128e-017 1.0
outer loop
vertex 96.7915140700428 30.4463903501503 34.0
vertex 96.7915140700428 19.5536096498497 34.0
vertex 97.0650624284329 20.0 34.0
endloop
endfacet
facet normal 4.39420891576196e-017 -1.7423054424128e-017 1.0
outer loop
vertex 96.7915140700428 30.4463903501503 34.0
vertex 97.0650624284329 20.0 34.0
vertex 97.0650624284329 30.0 34.0
endloop
endfacet
facet normal 4.39420891576196e-017 -1.7423054424128e-017 1.0
outer loop
vertex 97.0650624284329 30.0 34.0
vertex 97.0650624284329 20.0 34.0
vertex 97.3148736324722 20.4600950026045 34.0
endloop
endfacet
facet normal 4.39420891576196e-017 -1.7423054424128e-017 1.0
outer loop
vertex 97.0650624284329 30.0 34.0
vertex 97.3148736324722 20.4600950026045 34.0
vertex 97.3148736324722 29.5399049973955 34.0
endloop
endfacet
facet normal 4.39420891576196e-017 -1.7423054424128e-017 1.0
outer loop
vertex 97.3148736324722 29.5399049973955 34.0
vertex 97.3148736324722 20.4600950026045 34.0
vertex 97.5402629670146 20.932633569242 34.0
endloop
endfacet
facet normal 4.39420891576196e-017 -1.7423054424128e-017 1.0
outer loop
vertex 97.3148736324722 29.5399049973955 34.0
vertex 97.5402629670146 20.932633569242 34.0
vertex 97.5402629670146 29.067366430758 34.0
endloop
endfacet
facet normal 4.39420891576196e-017 -1.7423054424128e-017 1.0
outer loop
vertex 97.5402629670146 29.067366430758 34.0
vertex 97.5402629670146 20.932633569242 34.0
vertex 97.7406126555606 21.416320504547 34.0
endloop
endfacet
facet normal 4.39420891576196e-017 -1.7423054424128e-017 1.0
outer loop
vertex 97.5402629670146 29.067366430758 34.0
vertex 97.7406126555606 21.416320504547 34.0
vertex 97.7406126555606 28.583679495453 34.0
endloop
endfacet
facet normal 4.39420891576196e-017 -1.7423054424128e-017 1.0
outer loop
vertex 97.7406126555606 28.583679495453 34.0
vertex 97.7406126555606 21.416320504547 34.0
vertex 97.9153735535401 21.9098300562505 34.0
endloop
endfacet
facet normal 4.39420891576196e-017 -1.7423054424128e-017 1.0
outer loop
vertex 97.7406126555606 28.583679495453 34.0
vertex 97.9153735535401 21.9098300562505 34.0
vertex 97.9153735535401 28.0901699437495 34.0
endloop
endfacet
facet normal 4.39420891576196e-017 -1.7423054424128e-017 1.0
outer loop
vertex 97.9153735535401 28.0901699437495 34.0
vertex 97.9153735535401 21.9098300562505 34.0
vertex 98.0640666534792 22.4118095489748 34.0
endloop
endfacet
facet normal 4.39420891576196e-017 -1.7423054424128e-017 1.0
outer loop
vertex 97.9153735535401 28.0901699437495 34.0
vertex 98.0640666534792 22.4118095489748 34.0
vertex 98.0640666534792 27.5881904510252 34.0
endloop
endfacet
facet normal 4.39420891576196e-017 -1.7423054424128e-017 1.0
outer loop
vertex 98.0640666534792 27.5881904510252 34.0
vertex 98.0640666534792 22.4118095489748 34.0
vertex 98.1862843979266 22.9208830918224 34.0
endloop
endfacet
facet normal 4.39420891576196e-017 -1.7423054424128e-017 1.0
outer loop
vertex 98.0640666534792 27.5881904510252 34.0
vertex 98.1862843979266 22.9208830918224 34.0
vertex 98.1862843979266 27.0791169081776 34.0
endloop
endfacet
facet normal 4.39420891576196e-017 -1.7423054424128e-017 1.0
outer loop
vertex 98.1862843979266 27.0791169081776 34.0
vertex 98.1862843979266 22.9208830918224 34.0
vertex 98.2816917965399 26.5643446504023 34.0
endloop
endfacet
facet normal 4.39420891576196e-017 -1.7423054424128e-017 1.0
outer loop
vertex 98.2816917965399 26.5643446504023 34.0
vertex 98.1862843979266 22.9208830918224 34.0
vertex 98.2816917965399 23.4356553495977 34.0
endloop
endfacet
facet normal 4.39420891576196e-017 -1.7423054424128e-017 1.0
outer loop
vertex 98.2816917965399 26.5643446504023 34.0
vertex 98.2816917965399 23.4356553495977 34.0
vertex 98.2901629304718 23.5 34.0
endloop
endfacet
facet normal 4.39420891576196e-017 -1.7423054424128e-017 1.0
outer loop
vertex 98.2816917965399 26.5643446504023 34.0
vertex 98.2901629304718 23.5 34.0
vertex 98.2901629304718 26.5 34.0
endloop
endfacet
facet normal 4.39420891576196e-017 -1.7423054424128e-017 1.0
outer loop
vertex 98.2901629304718 26.5 34.0
vertex 98.2901629304718 23.5 34.0
vertex 98.3500273442713 23.9547153673235 34.0
endloop
endfacet
facet normal 4.39420891576196e-017 -1.7423054424128e-017 1.0
outer loop
vertex 98.2901629304718 26.5 34.0
vertex 98.3500273442713 23.9547153673235 34.0
vertex 98.3500273442713 26.0452846326765 34.0
endloop
endfacet
facet normal 4.39420891576196e-017 -1.7423054424128e-017 1.0
outer loop
vertex 98.3500273442713 26.0452846326765 34.0
vertex 98.3500273442713 23.9547153673235 34.0
vertex 98.3911037381343 24.4766404375706 34.0
endloop
endfacet
facet normal 4.39420891576196e-017 -1.7423054424128e-017 1.0
outer loop
vertex 98.3500273442713 26.0452846326765 34.0
vertex 98.3911037381343 24.4766404375706 34.0
vertex 98.3911037381343 25.5233595624294 34.0
endloop
endfacet
facet normal 4.39420891576196e-017 -1.7423054424128e-017 1.0
outer loop
vertex 98.3911037381343 25.5233595624294 34.0
vertex 98.3911037381343 24.4766404375706 34.0
vertex 98.4048083905885 25.0 34.0
endloop
endfacet
facet normal 0.0 0.0 1.0
outer loop
vertex 78.5194538507053 26.5 44.0
vertex 76.5525483034469 26.8772135804828 44.0
vertex 76.5028871934524 26.5 44.0
endloop
endfacet
facet normal 0.0 0.0 1.0
outer loop
vertex 76.5525483034469 26.8772135804828 44.0
vertex 78.5194538507053 26.5 44.0
vertex 76.6670371817829 27.4949402898131 44.0
endloop
endfacet
facet normal 0.0 0.0 1.0
outer loop
vertex 76.6670371817829 27.4949402898131 44.0
vertex 78.5194538507053 26.5 44.0
vertex 76.8136984751197 28.1058285412302 44.0
endloop
endfacet
facet normal 0.0 0.0 1.0
outer loop
vertex 76.8136984751197 28.1058285412302 44.0
vertex 78.5194538507053 26.5 44.0
vertex 76.9921301950467 28.7082039324994 44.0
endloop
endfacet
facet normal 0.0 0.0 1.0
outer loop
vertex 76.9921301950467 28.7082039324994 44.0
vertex 78.5194538507053 26.5 44.0
vertex 77.2018432726221 29.3004153945436 44.0
endloop
endfacet
facet normal 0.0 0.0 1.0
outer loop
vertex 77.2018432726221 29.3004153945436 44.0
vertex 78.5194538507053 26.5 44.0
vertex 77.4422628988773 29.8808397169096 44.0
endloop
endfacet
facet normal 0.0 0.0 1.0
outer loop
vertex 77.4422628988773 29.8808397169096 44.0
vertex 78.5194538507053 26.5 44.0
vertex 77.7127301003281 30.4478859968746 44.0
endloop
endfacet
facet normal 0.0 0.0 1.0
outer loop
vertex 77.7127301003281 30.4478859968746 44.0
vertex 78.5194538507053 26.5 44.0
vertex 78.0125035451753 31.0 44.0
endloop
endfacet
facet normal 0.0 0.0 1.0
outer loop
vertex 78.0125035451753 31.0 44.0
vertex 78.5194538507053 26.5 44.0
vertex 78.3407615752434 31.5356684201803 44.0
endloop
endfacet
facet normal 0.0 0.0 1.0
outer loop
vertex 78.3407615752434 31.5356684201803 44.0
vertex 78.5194538507053 26.5 44.0
vertex 78.6966044580892 32.0534230275097 44.0
endloop
endfacet
facet normal 0.0 0.0 1.0
outer loop
vertex 78.6966044580892 32.0534230275097 44.0
vertex 78.5194538507053 26.5 44.0
vertex 78.5279249846372 26.5643446504023 44.0
endloop
endfacet
facet normal 0.0 0.0 1.0
outer loop
vertex 78.6966044580892 32.0534230275097 44.0
vertex 78.5279249846372 26.5643446504023 44.0
vertex 78.6233323832505 27.0791169081776 44.0
endloop
endfacet
facet normal 0.0 0.0 1.0
outer loop
vertex 78.6966044580892 32.0534230275097 44.0
vertex 78.6233323832505 27.0791169081776 44.0
vertex 78.7455501276979 27.5881904510252 44.0
endloop
endfacet
facet normal 0.0 0.0 1.0
outer loop
vertex 78.6966044580892 32.0534230275097 44.0
vertex 78.7455501276979 27.5881904510252 44.0
vertex 79.0790568531049 32.5518446925981 44.0
endloop
endfacet
facet normal 0.0 0.0 1.0
outer loop
vertex 79.0790568531049 32.5518446925981 44.0
vertex 78.7455501276979 27.5881904510252 44.0
vertex 78.894243227637 28.0901699437495 44.0
endloop
endfacet
facet normal 0.0 0.0 1.0
outer loop
vertex 79.0790568531049 32.5518446925981 44.0
vertex 78.894243227637 28.0901699437495 44.0
vertex 79.0690041256165 28.583679495453 44.0
endloop
endfacet
facet normal 0.0 0.0 1.0
outer loop
vertex 79.0790568531049 32.5518446925981 44.0
vertex 79.0690041256165 28.583679495453 44.0
vertex 79.2693538141625 29.067366430758 44.0
endloop
endfacet
facet normal 0.0 0.0 1.0
outer loop
vertex 79.0790568531049 32.5518446925981 44.0
vertex 79.2693538141625 29.067366430758 44.0
vertex 79.4870704848598 33.0295672763063 44.0
endloop
endfacet
facet normal 0.0 0.0 1.0
outer loop
vertex 79.4870704848598 33.0295672763063 44.0
vertex 79.2693538141625 29.067366430758 44.0
vertex 79.4947431487049 29.5399049973955 44.0
endloop
endfacet
facet normal 0.0 0.0 1.0
outer loop
vertex 79.4870704848598 33.0295672763063 44.0
vertex 79.4947431487049 29.5399049973955 44.0
vertex 79.91952701635 33.4852813742386 44.0
endloop
endfacet
facet normal 0.0 0.0 1.0
outer loop
vertex 79.91952701635 33.4852813742386 44.0
vertex 79.4947431487049 29.5399049973955 44.0
vertex 79.7445543527442 30.0 44.0
endloop
endfacet
facet normal 0.0 0.0 1.0
outer loop
vertex 79.91952701635 33.4852813742386 44.0
vertex 79.7445543527442 30.0 44.0
vertex 80.0181027111343 30.4463903501503 44.0
endloop
endfacet
facet normal 0.0 0.0 1.0
outer loop
vertex 79.91952701635 33.4852813742386 44.0
vertex 80.0181027111343 30.4463903501503 44.0
vertex 80.3752411142822 33.9177379057287 44.0
endloop
endfacet
facet normal 0.0 0.0 1.0
outer loop
vertex 80.3752411142822 33.9177379057287 44.0
vertex 80.0181027111343 30.4463903501503 44.0
vertex 80.3146384468391 30.8778525229247 44.0
endloop
endfacet
facet normal 0.0 0.0 1.0
outer loop
vertex 80.3752411142822 33.9177379057287 44.0
vertex 80.3146384468391 30.8778525229247 44.0
vertex 80.6333487760188 31.2932039104984 44.0
endloop
endfacet
facet normal 0.0 0.0 1.0
outer loop
vertex 80.3752411142822 33.9177379057287 44.0
vertex 80.6333487760188 31.2932039104984 44.0
vertex 80.8529636979905 34.3257515374836 44.0
endloop
endfacet
facet normal 0.0 0.0 1.0
outer loop
vertex 80.8529636979905 34.3257515374836 44.0
vertex 80.6333487760188 31.2932039104984 44.0
vertex 80.9733601358146 31.6913060635886 44.0
endloop
endfacet
facet normal 0.0 0.0 1.0
outer loop
vertex 80.8529636979905 34.3257515374836 44.0
vertex 80.9733601358146 31.6913060635886 44.0
vertex 81.3513853630789 34.7082039324994 44.0
endloop
endfacet
facet normal 0.0 0.0 1.0
outer loop
vertex 81.3513853630789 34.7082039324994 44.0
vertex 80.9733601358146 31.6913060635886 44.0
vertex 81.3337405787231 32.0710678118655 44.0
endloop
endfacet
facet normal 0.0 0.0 1.0
outer loop
vertex 81.3513853630789 34.7082039324994 44.0
vertex 81.3337405787231 32.0710678118655 44.0
vertex 81.713502327 32.4314482547739 44.0
endloop
endfacet
facet normal 0.0 0.0 1.0
outer loop
vertex 81.3513853630789 34.7082039324994 44.0
vertex 81.713502327 32.4314482547739 44.0
vertex 81.8691399704082 35.0640468153451 44.0
endloop
endfacet
facet normal 0.0 0.0 1.0
outer loop
vertex 81.8691399704082 35.0640468153451 44.0
vertex 81.713502327 32.4314482547739 44.0
vertex 82.1116044800902 32.7714596145697 44.0
endloop
endfacet
facet normal 0.0 0.0 1.0
outer loop
vertex 81.8691399704082 35.0640468153451 44.0
vertex 82.1116044800902 32.7714596145697 44.0
vertex 82.4048083905885 35.3923048454133 44.0
endloop
endfacet
facet normal 0.0 0.0 1.0
outer loop
vertex 82.4048083905885 35.3923048454133 44.0
vertex 82.1116044800902 32.7714596145697 44.0
vertex 82.5269558676638 33.0901699437495 44.0
endloop
endfacet
facet normal 0.0 0.0 1.0
outer loop
vertex 82.4048083905885 35.3923048454133 44.0
vertex 82.5269558676638 33.0901699437495 44.0
vertex 82.956922393714 35.6920782902604 44.0
endloop
endfacet
facet normal 0.0 0.0 1.0
outer loop
vertex 82.956922393714 35.6920782902604 44.0
vertex 82.5269558676638 33.0901699437495 44.0
vertex 82.9584180404383 33.3867056794542 44.0
endloop
endfacet
facet normal 0.0 0.0 1.0
outer loop
vertex 82.956922393714 35.6920782902604 44.0
vertex 82.9584180404383 33.3867056794542 44.0
vertex 83.5239686736789 35.9625454917112 44.0
endloop
endfacet
facet normal 0.0 0.0 1.0
outer loop
vertex 83.5239686736789 35.9625454917112 44.0
vertex 82.9584180404383 33.3867056794542 44.0
vertex 83.4048083905885 33.6602540378444 44.0
endloop
endfacet
facet normal 0.0 0.0 1.0
outer loop
vertex 83.5239686736789 35.9625454917112 44.0
vertex 83.4048083905885 33.6602540378444 44.0
vertex 83.8649033931931 33.9100652418837 44.0
endloop
endfacet
facet normal 0.0 0.0 1.0
outer loop
vertex 83.5239686736789 35.9625454917112 44.0
vertex 83.8649033931931 33.9100652418837 44.0
vertex 84.1043929960449 36.2029651179664 44.0
endloop
endfacet
facet normal 0.0 0.0 1.0
outer loop
vertex 84.1043929960449 36.2029651179664 44.0
vertex 83.8649033931931 33.9100652418837 44.0
vertex 84.3374419598305 34.135454576426 44.0
endloop
endfacet
facet normal 0.0 0.0 1.0
outer loop
vertex 84.1043929960449 36.2029651179664 44.0
vertex 84.3374419598305 34.135454576426 44.0
vertex 84.6966044580892 36.4126781955418 44.0
endloop
endfacet
facet normal 0.0 0.0 1.0
outer loop
vertex 84.6966044580892 36.4126781955418 44.0
vertex 84.3374419598305 34.135454576426 44.0
vertex 84.8211288951355 34.335804264972 44.0
endloop
endfacet
facet normal 0.0 0.0 1.0
outer loop
vertex 84.6966044580892 36.4126781955418 44.0
vertex 84.8211288951355 34.335804264972 44.0
vertex 85.2989798493583 36.5911099154688 44.0
endloop
endfacet
facet normal 0.0 0.0 1.0
outer loop
vertex 85.2989798493583 36.5911099154688 44.0
vertex 84.8211288951355 34.335804264972 44.0
vertex 85.3146384468391 34.5105651629515 44.0
endloop
endfacet
facet normal 0.0 0.0 1.0
outer loop
vertex 85.2989798493583 36.5911099154688 44.0
vertex 85.3146384468391 34.5105651629515 44.0
vertex 85.9098681007754 36.7377712088057 44.0
endloop
endfacet
facet normal 0.0 0.0 1.0
outer loop
vertex 85.9098681007754 36.7377712088057 44.0
vertex 85.3146384468391 34.5105651629515 44.0
vertex 85.8166179395633 34.6592582628907 44.0
endloop
endfacet
facet normal 0.0 0.0 1.0
outer loop
vertex 85.9098681007754 36.7377712088057 44.0
vertex 85.8166179395633 34.6592582628907 44.0
vertex 86.3256914824109 34.7814760073381 44.0
endloop
endfacet
facet normal 0.0 0.0 1.0
outer loop
vertex 85.9098681007754 36.7377712088057 44.0
vertex 86.3256914824109 34.7814760073381 44.0
vertex 86.5275948101058 36.8522600871417 44.0
endloop
endfacet
facet normal 0.0 0.0 1.0
outer loop
vertex 86.5275948101058 36.8522600871417 44.0
vertex 86.3256914824109 34.7814760073381 44.0
vertex 86.8404637401862 34.8768834059514 44.0
endloop
endfacet
facet normal 0.0 0.0 1.0
outer loop
vertex 86.5275948101058 36.8522600871417 44.0
vertex 86.8404637401862 34.8768834059514 44.0
vertex 86.9048083905885 36.9019211971361 44.0
endloop
endfacet
facet normal 0.0 0.0 1.0
outer loop
vertex 86.9048083905885 36.9019211971361 44.0
vertex 86.8404637401862 34.8768834059514 44.0
vertex 86.9048083905885 34.8853545398832 44.0
endloop
endfacet
facet normal -0.153396613430501 0.968508100392823 -0.196116135138183
outer loop
vertex 86.4337341310816 37.4448730914987 41.0
vertex 86.9048083905885 36.9019211971361 38.0
vertex 86.5275948101058 36.8522600871417 38.0
endloop
endfacet
facet normal -0.127993148409792 0.972204483434248 -0.196051514532524
outer loop
vertex 86.9048083905885 36.9019211971361 38.0
vertex 86.4337341310816 37.4448730914987 41.0
vertex 86.9048083905885 37.506891194312 41.0
endloop
endfacet
facet normal -0.895805022129552 -0.398838092295525 -0.196116135138185
outer loop
vertex 76.8941356242918 19.8751182972449 41.0
vertex 77.7127301003281 19.5521140031254 38.0
vertex 77.1781261858151 19.2797197032817 41.0
endloop
endfacet
facet normal -0.873703779533648 -0.445174310991864 -0.196116135138185
outer loop
vertex 77.7127301003281 19.5521140031254 38.0
vertex 76.8941356242918 19.8751182972449 41.0
vertex 77.4422628988773 20.1191602830904 38.0
endloop
endfacet
facet normal 1.0 0.0 0.0
outer loop
vertex 86.9048083905885 36.9019211971361 34.0
vertex 86.9048083905885 34.8853545398832 44.0
vertex 86.9048083905885 34.8853545398832 34.0
endloop
endfacet
facet normal 1.0 0.0 0.0
outer loop
vertex 86.9048083905885 34.8853545398832 44.0
vertex 86.9048083905885 36.9019211971361 34.0
vertex 86.9048083905885 36.9019211971361 44.0
endloop
endfacet
facet normal 1.0 0.0 0.0
outer loop
vertex 86.9048083905885 36.9019211971361 44.0
vertex 86.9048083905885 36.9019211971361 34.0
vertex 86.9048083905885 36.9019211971361 38.0
endloop
endfacet
facet normal 1.0 0.0 0.0
outer loop
vertex 86.9048083905885 36.9019211971361 44.0
vertex 86.9048083905885 36.9019211971361 38.0
vertex 86.9048083905885 37.506891194312 41.0
endloop
endfacet
facet normal -1.0 0.0 0.0
outer loop
vertex 89.9048083905885 37.506891194312 41.0
vertex 89.9048083905885 36.9019211971361 38.0
vertex 89.9048083905885 36.9019211971361 44.0
endloop
endfacet
facet normal -1.0 0.0 0.0
outer loop
vertex 89.9048083905885 36.9019211971361 44.0
vertex 89.9048083905885 34.8853545398832 34.0
vertex 89.9048083905885 34.8853545398832 44.0
endloop
endfacet
facet normal -1.0 0.0 0.0
outer loop
vertex 89.9048083905885 34.8853545398832 34.0
vertex 89.9048083905885 36.9019211971361 44.0
vertex 89.9048083905885 36.9019211971361 34.0
endloop
endfacet
facet normal -1.0 0.0 0.0
outer loop
vertex 89.9048083905885 36.9019211971361 34.0
vertex 89.9048083905885 36.9019211971361 44.0
vertex 89.9048083905885 36.9019211971361 38.0
endloop
endfacet
facet normal 1.0 0.0 0.0
outer loop
vertex 86.9048083905885 15.1146454601168 34.0
vertex 86.9048083905885 13.0980788028639 38.0
vertex 86.9048083905885 13.0980788028639 34.0
endloop
endfacet
facet normal 1.0 0.0 0.0
outer loop
vertex 86.9048083905885 13.0980788028639 38.0
vertex 86.9048083905885 15.1146454601168 34.0
vertex 86.9048083905885 13.0980788028639 44.0
endloop
endfacet
facet normal 1.0 0.0 0.0
outer loop
vertex 86.9048083905885 13.0980788028639 44.0
vertex 86.9048083905885 15.1146454601168 34.0
vertex 86.9048083905885 15.1146454601168 44.0
endloop
endfacet
facet normal 1.0 0.0 0.0
outer loop
vertex 86.9048083905885 13.0980788028639 44.0
vertex 86.9048083905885 12.493108805688 41.0
vertex 86.9048083905885 13.0980788028639 38.0
endloop
endfacet
facet normal 1.0 0.0 0.0
outer loop
vertex 111.404808390589 48.0 31.0
vertex 111.404808390589 2.0 32.0
vertex 111.404808390589 2.0 31.0
endloop
endfacet
facet normal 1.0 0.0 0.0
outer loop
vertex 111.404808390589 2.0 32.0
vertex 111.404808390589 48.0 31.0
vertex 111.404808390589 48.0 32.0
endloop
endfacet
facet normal 1.0 0.0 0.0
outer loop
vertex 113.404808390589 50.0 32.0
vertex 113.404808390589 0.0 34.0
vertex 113.404808390589 0.0 32.0
endloop
endfacet
facet normal 1.0 0.0 0.0
outer loop
vertex 113.404808390589 0.0 34.0
vertex 113.404808390589 50.0 32.0
vertex 113.404808390589 4.5 34.0
endloop
endfacet
facet normal 1.0 0.0 0.0
outer loop
vertex 113.404808390589 4.5 34.0
vertex 113.404808390589 50.0 32.0
vertex 113.404808390589 45.5 34.0
endloop
endfacet
facet normal 1.0 0.0 0.0
outer loop
vertex 113.404808390589 45.5 34.0
vertex 113.404808390589 50.0 32.0
vertex 113.404808390589 50.0 34.0
endloop
endfacet
facet normal 0.207911690817761 0.978147600733805 -1.81209013754577e-031
outer loop
vertex 90.8997486804016 36.7377712088057 38.0
vertex 91.5106369318188 36.5911099154688 34.0
vertex 90.8997486804016 36.7377712088057 34.0
endloop
endfacet
facet normal 0.25881904510252 0.965925826289069 1.90683762734701e-030
outer loop
vertex 91.5106369318188 36.5911099154688 34.0
vertex 90.8997486804016 36.7377712088057 38.0
vertex 91.5106369318188 36.5911099154688 38.0
endloop
endfacet
facet normal 0.0 -1.0 0.0
outer loop
vertex 113.404808390589 0.0 34.0
vertex 63.4048083905885 0.0 32.0
vertex 113.404808390589 0.0 32.0
endloop
endfacet
facet normal 0.0 -1.0 0.0
outer loop
vertex 63.4048083905885 0.0 32.0
vertex 113.404808390589 0.0 34.0
vertex 63.4048083905885 0.0 34.0
endloop
endfacet
facet normal 0.0 -1.0 0.0
outer loop
vertex 63.4048083905885 0.0 34.0
vertex 113.404808390589 0.0 34.0
vertex 108.904808390589 0.0 34.0
endloop
endfacet
facet normal 0.0 0.0 -1.0
outer loop
vertex 65.4048083905885 48.0 31.0
vertex 66.4048083905885 45.5 31.0
vertex 65.4048083905885 2.0 31.0
endloop
endfacet
facet normal 0.0 0.0 -1.0
outer loop
vertex 66.4048083905885 45.5 31.0
vertex 65.4048083905885 48.0 31.0
vertex 66.4559196511549 45.8882285676538 31.0
endloop
endfacet
facet normal 0.0 0.0 -1.0
outer loop
vertex 66.4559196511549 45.8882285676538 31.0
vertex 65.4048083905885 48.0 31.0
vertex 66.6057702849119 46.25 31.0
endloop
endfacet
facet normal 0.0 0.0 -1.0
outer loop
vertex 66.6057702849119 46.25 31.0
vertex 65.4048083905885 48.0 31.0
vertex 66.8441482188087 46.5606601717798 31.0
endloop
endfacet
facet normal 0.0 0.0 -1.0
outer loop
vertex 66.8441482188087 46.5606601717798 31.0
vertex 65.4048083905885 48.0 31.0
vertex 67.1548083905885 46.7990381056767 31.0
endloop
endfacet
facet normal 0.0 0.0 -1.0
outer loop
vertex 67.1548083905885 46.7990381056767 31.0
vertex 65.4048083905885 48.0 31.0
vertex 67.5165798229348 46.9488887394336 31.0
endloop
endfacet
facet normal 0.0 0.0 -1.0
outer loop
vertex 67.5165798229348 46.9488887394336 31.0
vertex 65.4048083905885 48.0 31.0
vertex 67.9048083905885 47.0 31.0
endloop
endfacet
facet normal 0.0 0.0 -1.0
outer loop
vertex 67.9048083905885 47.0 31.0
vertex 65.4048083905885 48.0 31.0
vertex 111.404808390589 48.0 31.0
endloop
endfacet
facet normal 0.0 0.0 -1.0
outer loop
vertex 67.9048083905885 47.0 31.0
vertex 111.404808390589 48.0 31.0
vertex 68.2930369582423 46.9488887394336 31.0
endloop
endfacet
facet normal 0.0 0.0 -1.0
outer loop
vertex 68.2930369582423 46.9488887394336 31.0
vertex 111.404808390589 48.0 31.0
vertex 68.6548083905885 46.7990381056767 31.0
endloop
endfacet
facet normal 0.0 0.0 -1.0
outer loop
vertex 68.6548083905885 46.7990381056767 31.0
vertex 111.404808390589 48.0 31.0
vertex 68.9654685623684 46.5606601717798 31.0
endloop
endfacet
facet normal 0.0 0.0 -1.0
outer loop
vertex 68.9654685623684 46.5606601717798 31.0
vertex 111.404808390589 48.0 31.0
vertex 69.2038464962652 46.25 31.0
endloop
endfacet
facet normal 0.0 0.0 -1.0
outer loop
vertex 69.2038464962652 46.25 31.0
vertex 111.404808390589 48.0 31.0
vertex 69.3536971300221 45.8882285676538 31.0
endloop
endfacet
facet normal 0.0 0.0 -1.0
outer loop
vertex 69.3536971300221 45.8882285676538 31.0
vertex 111.404808390589 48.0 31.0
vertex 69.4048083905885 45.5 31.0
endloop
endfacet
facet normal 0.0 0.0 -1.0
outer loop
vertex 69.4048083905885 45.5 31.0
vertex 111.404808390589 48.0 31.0
vertex 108.516579822935 46.9488887394336 31.0000000000001
endloop
endfacet
facet normal 0.0 0.0 -1.0
outer loop
vertex 69.4048083905885 45.5 31.0
vertex 108.516579822935 46.9488887394336 31.0000000000001
vertex 108.154808390589 46.7990381056766 31.0000000000001
endloop
endfacet
facet normal 0.0 0.0 -1.0
outer loop
vertex 69.4048083905885 45.5 31.0
vertex 108.154808390589 46.7990381056766 31.0000000000001
vertex 107.844148218809 46.5606601717798 31.0000000000001
endloop
endfacet
facet normal 0.0 0.0 -1.0
outer loop
vertex 69.4048083905885 45.5 31.0
vertex 107.844148218809 46.5606601717798 31.0000000000001
vertex 85.8888211842156 28.1069854470285 31.0
endloop
endfacet
facet normal 0.0 0.0 -1.0
outer loop
vertex 69.4048083905885 45.5 31.0
vertex 85.8888211842156 28.1069854470285 31.0
vertex 85.7296622028367 27.9710508351148 31.0
endloop
endfacet
facet normal 0.0 0.0 -1.0
outer loop
vertex 69.4048083905885 45.5 31.0
vertex 85.7296622028367 27.9710508351148 31.0
vertex 85.5778356112113 27.8269727793772 31.0
endloop
endfacet
facet normal 0.0 0.0 -1.0
outer loop
vertex 69.4048083905885 45.5 31.0
vertex 85.5778356112113 27.8269727793772 31.0
vertex 85.4337575554738 27.6751461877519 31.0
endloop
endfacet
facet normal 0.0 0.0 -1.0
outer loop
vertex 69.4048083905885 45.5 31.0
vertex 85.4337575554738 27.6751461877519 31.0
vertex 85.2978229435601 27.515987206373 31.0
endloop
endfacet
facet normal 0.0 0.0 -1.0
outer loop
vertex 69.4048083905885 45.5 31.0
vertex 85.2978229435601 27.515987206373 31.0
vertex 85.1704043627927 27.3499320789455 31.0
endloop
endfacet
facet normal 0.0 0.0 -1.0
outer loop
vertex 69.4048083905885 45.5 31.0
vertex 85.1704043627927 27.3499320789455 31.0
vertex 69.4048083905885 4.5 31.0
endloop
endfacet
facet normal 0.0 0.0 -1.0
outer loop
vertex 69.4048083905885 4.5 31.0
vertex 85.1704043627927 27.3499320789455 31.0
vertex 85.0518510586449 27.1774359510315 31.0
endloop
endfacet
facet normal 0.0 0.0 -1.0
outer loop
vertex 69.4048083905885 4.5 31.0
vertex 85.0518510586449 27.1774359510315 31.0
vertex 84.9424879774827 26.9989716225274 31.0
endloop
endfacet
facet normal 0.0 0.0 -1.0
outer loop
vertex 69.4048083905885 4.5 31.0
vertex 84.9424879774827 26.9989716225274 31.0
vertex 84.8426148759099 26.8150282517528 31.0
endloop
endfacet
facet normal 0.0 0.0 -1.0
outer loop
vertex 69.4048083905885 4.5 31.0
vertex 84.8426148759099 26.8150282517528 31.0
vertex 84.7525054991558 26.6261100147012 31.0
endloop
endfacet
facet normal 0.0 0.0 -1.0
outer loop
vertex 69.4048083905885 4.5 31.0
vertex 84.7525054991558 26.6261100147012 31.0
vertex 84.6724068307587 26.4327347231288 31.0
endloop
endfacet
facet normal 0.0 0.0 -1.0
outer loop
vertex 69.4048083905885 4.5 31.0
vertex 84.6724068307587 26.4327347231288 31.0
vertex 84.602538415601 26.2354324052684 31.0
endloop
endfacet
facet normal 0.0 0.0 -1.0
outer loop
vertex 69.4048083905885 4.5 31.0
vertex 84.602538415601 26.2354324052684 31.0
vertex 84.5430917581522 26.0347438530592 31.0
endloop
endfacet
facet normal 0.0 0.0 -1.0
outer loop
vertex 69.4048083905885 4.5 31.0
vertex 84.5430917581522 26.0347438530592 31.0
vertex 84.4942297975683 25.8312191398728 31.0
endloop
endfacet
facet normal 0.0 0.0 -1.0
outer loop
vertex 69.4048083905885 4.5 31.0
vertex 84.4942297975683 25.8312191398728 31.0
vertex 84.4681230189482 25.7168428466797 31.0
endloop
endfacet
facet normal 0.0 0.0 -1.0
outer loop
vertex 69.4048083905885 4.5 31.0
vertex 84.4681230189482 25.7168428466797 31.0
vertex 84.4287662969419 25.4178988636369 31.0
endloop
endfacet
facet normal 0.0 0.0 -1.0
outer loop
vertex 69.4048083905885 4.5 31.0
vertex 84.4287662969419 25.4178988636369 31.0
vertex 84.4123441878043 25.209236182735 31.0
endloop
endfacet
facet normal 0.0 0.0 -1.0
outer loop
vertex 69.4048083905885 4.5 31.0
vertex 84.4123441878043 25.209236182735 31.0
vertex 84.4068651455337 25.0 31.0
endloop
endfacet
facet normal 0.0 0.0 -1.0
outer loop
vertex 84.4287662969419 25.4178988636369 31.0
vertex 84.4681230189482 25.7168428466797 31.0
vertex 84.4560864610868 25.6254161128013 31.0
endloop
endfacet
facet normal 0.0 0.0 -1.0
outer loop
vertex 85.8888211842156 28.1069854470285 31.0
vertex 107.844148218809 46.5606601717798 31.0000000000001
vertex 86.054876311643 28.2344040277959 31.0
endloop
endfacet
facet normal 0.0 0.0 -1.0
outer loop
vertex 86.054876311643 28.2344040277959 31.0
vertex 107.844148218809 46.5606601717798 31.0000000000001
vertex 86.227372439557 28.3529573319437 31.0
endloop
endfacet
facet normal 0.0 0.0 -1.0
outer loop
vertex 86.227372439557 28.3529573319437 31.0
vertex 107.844148218809 46.5606601717798 31.0000000000001
vertex 86.4058367680611 28.4623204131058 31.0
endloop
endfacet
facet normal 0.0 0.0 -1.0
outer loop
vertex 86.4058367680611 28.4623204131058 31.0
vertex 107.844148218809 46.5606601717798 31.0000000000001
vertex 86.5897801388357 28.5621935146786 31.0
endloop
endfacet
facet normal 0.0 0.0 -1.0
outer loop
vertex 86.5897801388357 28.5621935146786 31.0
vertex 107.844148218809 46.5606601717798 31.0000000000001
vertex 86.7786983758874 28.6523028914327 31.0
endloop
endfacet
facet normal 0.0 0.0 -1.0
outer loop
vertex 86.7786983758874 28.6523028914327 31.0
vertex 107.844148218809 46.5606601717798 31.0000000000001
vertex 86.9720736674598 28.7324015598299 31.0
endloop
endfacet
facet normal 0.0 0.0 -1.0
outer loop
vertex 86.9720736674598 28.7324015598299 31.0
vertex 107.844148218809 46.5606601717798 31.0000000000001
vertex 87.1693759853201 28.8022699749876 31.0
endloop
endfacet
facet normal 0.0 0.0 -1.0
outer loop
vertex 87.1693759853201 28.8022699749876 31.0
vertex 107.844148218809 46.5606601717798 31.0000000000001
vertex 87.3700645375294 28.8617166324363 31.0
endloop
endfacet
facet normal 0.0 0.0 -1.0
outer loop
vertex 87.3700645375294 28.8617166324363 31.0
vertex 107.844148218809 46.5606601717798 31.0000000000001
vertex 87.5735892507158 28.9105785930203 31.0
endloop
endfacet
facet normal 0.0 0.0 -1.0
outer loop
vertex 87.5735892507158 28.9105785930203 31.0
vertex 107.844148218809 46.5606601717798 31.0000000000001
vertex 87.7793922777872 28.9487219295017 31.0
endloop
endfacet
facet normal 0.0 0.0 -1.0
outer loop
vertex 87.7793922777872 28.9487219295017 31.0
vertex 107.844148218809 46.5606601717798 31.0000000000001
vertex 87.9869095269517 28.9760420936467 31.0
endloop
endfacet
facet normal 0.0 0.0 -1.0
outer loop
vertex 87.9869095269517 28.9760420936467 31.0
vertex 107.844148218809 46.5606601717798 31.0000000000001
vertex 88.1955722078536 28.9924642027843 31.0
endloop
endfacet
facet normal 0.0 0.0 -1.0
outer loop
vertex 88.1955722078536 28.9924642027843 31.0
vertex 107.844148218809 46.5606601717798 31.0000000000001
vertex 88.4048083905885 28.9979432450548 31.0
endloop
endfacet
facet normal 0.0 0.0 -1.0
outer loop
vertex 88.4048083905885 28.9979432450548 31.0
vertex 107.844148218809 46.5606601717798 31.0000000000001
vertex 88.6140445733235 28.9924642027843 31.0
endloop
endfacet
facet normal 0.0 0.0 -1.0
outer loop
vertex 88.6140445733235 28.9924642027843 31.0
vertex 107.844148218809 46.5606601717798 31.0000000000001
vertex 88.8227072542254 28.9760420936467 31.0
endloop
endfacet
facet normal 0.0 0.0 -1.0
outer loop
vertex 88.8227072542254 28.9760420936467 31.0
vertex 107.844148218809 46.5606601717798 31.0000000000001
vertex 89.0302245033899 28.9487219295017 31.0
endloop
endfacet
facet normal 0.0 0.0 -1.0
outer loop
vertex 89.0302245033899 28.9487219295017 31.0
vertex 107.844148218809 46.5606601717798 31.0000000000001
vertex 89.2360275304614 28.9105785930203 31.0
endloop
endfacet
facet normal 0.0 0.0 -1.0
outer loop
vertex 89.2360275304614 28.9105785930203 31.0
vertex 107.844148218809 46.5606601717798 31.0000000000001
vertex 89.4395522436477 28.8617166324363 31.0
endloop
endfacet
facet normal 0.0 0.0 -1.0
outer loop
vertex 89.4395522436477 28.8617166324363 31.0
vertex 107.844148218809 46.5606601717798 31.0000000000001
vertex 89.6402407958569 28.8022699749876 31.0
endloop
endfacet
facet normal 0.0 0.0 -1.0
outer loop
vertex 89.6402407958569 28.8022699749876 31.0
vertex 107.844148218809 46.5606601717798 31.0000000000001
vertex 89.8375431137173 28.7324015598299 31.0
endloop
endfacet
facet normal 0.0 0.0 -1.0
outer loop
vertex 89.8375431137173 28.7324015598299 31.0
vertex 107.844148218809 46.5606601717798 31.0000000000001
vertex 90.0309184052897 28.6523028914327 31.0
endloop
endfacet
facet normal 0.0 0.0 -1.0
outer loop
vertex 90.0309184052897 28.6523028914327 31.0
vertex 107.844148218809 46.5606601717798 31.0000000000001
vertex 90.2198366423413 28.5621935146786 31.0
endloop
endfacet
facet normal 0.0 0.0 -1.0
outer loop
vertex 90.2198366423413 28.5621935146786 31.0
vertex 107.844148218809 46.5606601717798 31.0000000000001
vertex 90.4037800131159 28.4623204131058 31.0
endloop
endfacet
facet normal 0.0 0.0 -1.0
outer loop
vertex 90.4037800131159 28.4623204131058 31.0
vertex 107.844148218809 46.5606601717798 31.0000000000001
vertex 90.5822443416201 28.3529573319437 31.0
endloop
endfacet
facet normal 0.0 0.0 -1.0
outer loop
vertex 90.5822443416201 28.3529573319437 31.0
vertex 107.844148218809 46.5606601717798 31.0000000000001
vertex 90.754740469534 28.2344040277959 31.0
endloop
endfacet
facet normal 0.0 0.0 -1.0
outer loop
vertex 90.754740469534 28.2344040277959 31.0
vertex 107.844148218809 46.5606601717798 31.0000000000001
vertex 90.9207955969616 28.1069854470284 31.0
endloop
endfacet
facet normal 0.0 0.0 -1.0
outer loop
vertex 90.9207955969616 28.1069854470284 31.0
vertex 107.844148218809 46.5606601717798 31.0000000000001
vertex 91.0799545783403 27.9710508351148 31.0
endloop
endfacet
facet normal 0.0 0.0 -1.0
outer loop
vertex 91.0799545783403 27.9710508351148 31.0
vertex 107.844148218809 46.5606601717798 31.0000000000001
vertex 91.2317811699657 27.8269727793772 31.0
endloop
endfacet
facet normal 0.0 0.0 -1.0
outer loop
vertex 91.2317811699657 27.8269727793772 31.0
vertex 107.844148218809 46.5606601717798 31.0000000000001
vertex 91.3758592257034 27.6751461877517 31.0
endloop
endfacet
facet normal 0.0 0.0 -1.0
outer loop
vertex 91.3758592257034 27.6751461877517 31.0
vertex 107.844148218809 46.5606601717798 31.0000000000001
vertex 91.5117938376171 27.5159872063729 31.0
endloop
endfacet
facet normal 0.0 0.0 -1.0
outer loop
vertex 91.5117938376171 27.5159872063729 31.0
vertex 107.844148218809 46.5606601717798 31.0000000000001
vertex 91.6392124183844 27.3499320789456 31.0
endloop
endfacet
facet normal 0.0 0.0 -1.0
outer loop
vertex 91.6392124183844 27.3499320789456 31.0
vertex 107.844148218809 46.5606601717798 31.0000000000001
vertex 91.7577657225322 27.1774359510315 31.0
endloop
endfacet
facet normal 0.0 0.0 -1.0
outer loop
vertex 91.7577657225322 27.1774359510315 31.0
vertex 107.844148218809 46.5606601717798 31.0000000000001
vertex 91.8671288036944 26.9989716225274 31.0
endloop
endfacet
facet normal 0.0 0.0 -1.0
outer loop
vertex 91.8671288036944 26.9989716225274 31.0
vertex 107.844148218809 46.5606601717798 31.0000000000001
vertex 91.9670019052671 26.8150282517528 31.0
endloop
endfacet
facet normal 0.0 0.0 -1.0
outer loop
vertex 91.9670019052671 26.8150282517528 31.0
vertex 107.844148218809 46.5606601717798 31.0000000000001
vertex 92.0571112820213 26.6261100147011 31.0
endloop
endfacet
facet normal 0.0 0.0 -1.0
outer loop
vertex 92.0571112820213 26.6261100147011 31.0
vertex 107.844148218809 46.5606601717798 31.0000000000001
vertex 92.1372099504184 26.4327347231288 31.0
endloop
endfacet
facet normal 0.0 0.0 -1.0
outer loop
vertex 92.1372099504184 26.4327347231288 31.0
vertex 107.844148218809 46.5606601717798 31.0000000000001
vertex 92.2070783655761 26.2354324052684 31.0
endloop
endfacet
facet normal 0.0 0.0 -1.0
outer loop
vertex 92.2070783655761 26.2354324052684 31.0
vertex 107.844148218809 46.5606601717798 31.0000000000001
vertex 107.605770284912 46.25 31.0000000000001
endloop
endfacet
facet normal 0.0 0.0 -1.0
outer loop
vertex 92.2070783655761 26.2354324052684 31.0
vertex 107.605770284912 46.25 31.0000000000001
vertex 92.2665250230249 26.0347438530592 31.0
endloop
endfacet
facet normal 0.0 0.0 -1.0
outer loop
vertex 92.2665250230249 26.0347438530592 31.0
vertex 107.605770284912 46.25 31.0000000000001
vertex 92.3153869836088 25.8312191398728 31.0
endloop
endfacet
facet normal 0.0 0.0 -1.0
outer loop
vertex 92.3153869836088 25.8312191398728 31.0
vertex 107.605770284912 46.25 31.0000000000001
vertex 92.3535303200903 25.6254161128013 31.0
endloop
endfacet
facet normal 0.0 0.0 -1.0
outer loop
vertex 92.3535303200903 25.6254161128013 31.0
vertex 107.605770284912 46.25 31.0000000000001
vertex 92.3808504842352 25.4178988636368 31.0
endloop
endfacet
facet normal 0.0 0.0 -1.0
outer loop
vertex 92.3808504842352 25.4178988636368 31.0
vertex 107.605770284912 46.25 31.0000000000001
vertex 92.3972725933728 25.209236182735 31.0
endloop
endfacet
facet normal 0.0 0.0 -1.0
outer loop
vertex 92.3972725933728 25.209236182735 31.0
vertex 107.605770284912 46.25 31.0000000000001
vertex 92.4027516356433 25.0 31.0
endloop
endfacet
facet normal 0.0 0.0 -1.0
outer loop
vertex 92.4027516356433 25.0 31.0
vertex 107.605770284912 46.25 31.0000000000001
vertex 107.455919651155 45.8882285676538 31.0000000000001
endloop
endfacet
facet normal 0.0 0.0 -1.0
outer loop
vertex 92.4027516356433 25.0 31.0
vertex 107.455919651155 45.8882285676538 31.0000000000001
vertex 107.404808390589 45.5 31.0000000000001
endloop
endfacet
facet normal 0.0 0.0 -1.0
outer loop
vertex 108.516579822935 46.9488887394336 31.0000000000001
vertex 111.404808390589 48.0 31.0
vertex 108.904808390589 47.0 31.0000000000001
endloop
endfacet
facet normal 0.0 0.0 -1.0
outer loop
vertex 108.904808390589 47.0 31.0000000000001
vertex 111.404808390589 48.0 31.0
vertex 109.293036958242 46.9488887394336 31.0000000000001
endloop
endfacet
facet normal 0.0 0.0 -1.0
outer loop
vertex 109.293036958242 46.9488887394336 31.0000000000001
vertex 111.404808390589 48.0 31.0
vertex 109.654808390589 46.7990381056766 31.0000000000001
endloop
endfacet
facet normal 0.0 0.0 -1.0
outer loop
vertex 109.654808390589 46.7990381056766 31.0000000000001
vertex 111.404808390589 48.0 31.0
vertex 109.965468562368 46.5606601717798 31.0000000000001
endloop
endfacet
facet normal 0.0 0.0 -1.0
outer loop
vertex 109.965468562368 46.5606601717798 31.0000000000001
vertex 111.404808390589 48.0 31.0
vertex 110.203846496265 46.25 31.0000000000001
endloop
endfacet
facet normal 0.0 0.0 -1.0
outer loop
vertex 110.203846496265 46.25 31.0000000000001
vertex 111.404808390589 48.0 31.0
vertex 110.353697130022 45.8882285676538 31.0000000000001
endloop
endfacet
facet normal 0.0 0.0 -1.0
outer loop
vertex 110.353697130022 45.8882285676538 31.0000000000001
vertex 111.404808390589 48.0 31.0
vertex 110.404808390589 45.5 31.0000000000001
endloop
endfacet
facet normal 0.0 0.0 -1.0
outer loop
vertex 110.404808390589 45.5 31.0000000000001
vertex 111.404808390589 48.0 31.0
vertex 110.404808390589 4.5 31.0000000000001
endloop
endfacet
facet normal 0.0 0.0 -1.0
outer loop
vertex 65.4048083905885 2.0 31.0
vertex 67.9048083905885 3.0 31.0
vertex 111.404808390589 2.0 31.0
endloop
endfacet
facet normal 0.0 0.0 -1.0
outer loop
vertex 67.9048083905885 3.0 31.0
vertex 65.4048083905885 2.0 31.0
vertex 67.5165798229348 3.0511112605664 31.0
endloop
endfacet
facet normal 0.0 0.0 -1.0
outer loop
vertex 67.5165798229348 3.0511112605664 31.0
vertex 65.4048083905885 2.0 31.0
vertex 67.1548083905885 3.20096189432335 31.0
endloop
endfacet
facet normal 0.0 0.0 -1.0
outer loop
vertex 67.1548083905885 3.20096189432335 31.0
vertex 65.4048083905885 2.0 31.0
vertex 66.8441482188087 3.43933982822018 31.0
endloop
endfacet
facet normal 0.0 0.0 -1.0
outer loop
vertex 66.8441482188087 3.43933982822018 31.0
vertex 65.4048083905885 2.0 31.0
vertex 66.6057702849119 3.75 31.0
endloop
endfacet
facet normal 0.0 0.0 -1.0
outer loop
vertex 66.6057702849119 3.75 31.0
vertex 65.4048083905885 2.0 31.0
vertex 66.4559196511549 4.11177143234622 31.0
endloop
endfacet
facet normal 0.0 0.0 -1.0
outer loop
vertex 66.4559196511549 4.11177143234622 31.0
vertex 65.4048083905885 2.0 31.0
vertex 66.4048083905885 4.5 31.0
endloop
endfacet
facet normal 0.0 0.0 -1.0
outer loop
vertex 66.4048083905885 4.5 31.0
vertex 65.4048083905885 2.0 31.0
vertex 66.4048083905885 45.5 31.0
endloop
endfacet
facet normal 0.0 0.0 -1.0
outer loop
vertex 111.404808390589 2.0 31.0
vertex 67.9048083905885 3.0 31.0
vertex 68.2930369582423 3.0511112605664 31.0
endloop
endfacet
facet normal 0.0 0.0 -1.0
outer loop
vertex 111.404808390589 2.0 31.0
vertex 68.2930369582423 3.0511112605664 31.0
vertex 68.6548083905885 3.20096189432335 31.0
endloop
endfacet
facet normal 0.0 0.0 -1.0
outer loop
vertex 111.404808390589 2.0 31.0
vertex 68.6548083905885 3.20096189432335 31.0
vertex 68.9654685623684 3.43933982822018 31.0
endloop
endfacet
facet normal 0.0 0.0 -1.0
outer loop
vertex 111.404808390589 2.0 31.0
vertex 68.9654685623684 3.43933982822018 31.0
vertex 69.2038464962652 3.75 31.0
endloop
endfacet
facet normal 0.0 0.0 -1.0
outer loop
vertex 111.404808390589 2.0 31.0
vertex 69.2038464962652 3.75 31.0
vertex 69.3536971300221 4.11177143234622 31.0
endloop
endfacet
facet normal 0.0 0.0 -1.0
outer loop
vertex 111.404808390589 2.0 31.0
vertex 69.3536971300221 4.11177143234622 31.0
vertex 69.4048083905885 4.5 31.0
endloop
endfacet
facet normal 0.0 0.0 -1.0
outer loop
vertex 111.404808390589 2.0 31.0
vertex 69.4048083905885 4.5 31.0
vertex 108.516579822935 3.0511112605664 31.0000000000001
endloop
endfacet
facet normal 0.0 0.0 -1.0
outer loop
vertex 108.516579822935 3.0511112605664 31.0000000000001
vertex 69.4048083905885 4.5 31.0
vertex 108.154808390589 3.20096189432334 31.0000000000001
endloop
endfacet
facet normal 0.0 0.0 -1.0
outer loop
vertex 108.154808390589 3.20096189432334 31.0000000000001
vertex 69.4048083905885 4.5 31.0
vertex 107.844148218809 3.43933982822018 31.0000000000001
endloop
endfacet
facet normal 0.0 0.0 -1.0
outer loop
vertex 107.844148218809 3.43933982822018 31.0000000000001
vertex 69.4048083905885 4.5 31.0
vertex 85.8888211842157 21.8930145529714 31.0
endloop
endfacet
facet normal 0.0 0.0 -1.0
outer loop
vertex 85.8888211842157 21.8930145529714 31.0
vertex 69.4048083905885 4.5 31.0
vertex 85.7296622028367 22.0289491648853 31.0
endloop
endfacet
facet normal 0.0 0.0 -1.0
outer loop
vertex 85.7296622028367 22.0289491648853 31.0
vertex 69.4048083905885 4.5 31.0
vertex 85.5778356112114 22.1730272206228 31.0
endloop
endfacet
facet normal 0.0 0.0 -1.0
outer loop
vertex 85.5778356112114 22.1730272206228 31.0
vertex 69.4048083905885 4.5 31.0
vertex 85.4337575554737 22.3248538122482 31.0
endloop
endfacet
facet normal 0.0 0.0 -1.0
outer loop
vertex 85.4337575554737 22.3248538122482 31.0
vertex 69.4048083905885 4.5 31.0
vertex 85.2978229435601 22.484012793627 31.0
endloop
endfacet
facet normal 0.0 0.0 -1.0
outer loop
vertex 85.2978229435601 22.484012793627 31.0
vertex 69.4048083905885 4.5 31.0
vertex 85.1704043627927 22.6500679210545 31.0
endloop
endfacet
facet normal 0.0 0.0 -1.0
outer loop
vertex 85.1704043627927 22.6500679210545 31.0
vertex 69.4048083905885 4.5 31.0
vertex 85.0518510586449 22.8225640489685 31.0
endloop
endfacet
facet normal 0.0 0.0 -1.0
outer loop
vertex 85.0518510586449 22.8225640489685 31.0
vertex 69.4048083905885 4.5 31.0
vertex 84.9424879774827 23.0010283774726 31.0
endloop
endfacet
facet normal 0.0 0.0 -1.0
outer loop
vertex 84.9424879774827 23.0010283774726 31.0
vertex 69.4048083905885 4.5 31.0
vertex 84.8426148759099 23.1849717482472 31.0
endloop
endfacet
facet normal 0.0 0.0 -1.0
outer loop
vertex 84.8426148759099 23.1849717482472 31.0
vertex 69.4048083905885 4.5 31.0
vertex 84.7525054991558 23.3738899852988 31.0
endloop
endfacet
facet normal 0.0 0.0 -1.0
outer loop
vertex 84.7525054991558 23.3738899852988 31.0
vertex 69.4048083905885 4.5 31.0
vertex 84.6724068307587 23.5672652768713 31.0
endloop
endfacet
facet normal 0.0 0.0 -1.0
outer loop
vertex 84.6724068307587 23.5672652768713 31.0
vertex 69.4048083905885 4.5 31.0
vertex 84.602538415601 23.7645675947315 31.0
endloop
endfacet
facet normal 0.0 0.0 -1.0
outer loop
vertex 84.602538415601 23.7645675947315 31.0
vertex 69.4048083905885 4.5 31.0
vertex 84.5430917581522 23.9652561469408 31.0
endloop
endfacet
facet normal 0.0 0.0 -1.0
outer loop
vertex 84.5430917581522 23.9652561469408 31.0
vertex 69.4048083905885 4.5 31.0
vertex 84.4942297975683 24.1687808601273 31.0
endloop
endfacet
facet normal 0.0 0.0 -1.0
outer loop
vertex 84.4942297975683 24.1687808601273 31.0
vertex 69.4048083905885 4.5 31.0
vertex 84.4681230189482 24.2831571533202 31.0
endloop
endfacet
facet normal 0.0 0.0 -1.0
outer loop
vertex 84.4681230189482 24.2831571533202 31.0
vertex 69.4048083905885 4.5 31.0
vertex 84.4287662969419 24.5821011363631 31.0
endloop
endfacet
facet normal 0.0 0.0 -1.0
outer loop
vertex 84.4287662969419 24.5821011363631 31.0
vertex 69.4048083905885 4.5 31.0
vertex 84.4123441878043 24.790763817265 31.0
endloop
endfacet
facet normal 0.0 0.0 -1.0
outer loop
vertex 84.4123441878043 24.790763817265 31.0
vertex 69.4048083905885 4.5 31.0
vertex 84.4068651455337 25.0 31.0
endloop
endfacet
facet normal 0.0 0.0 -1.0
outer loop
vertex 107.844148218809 3.43933982822018 31.0000000000001
vertex 85.8888211842157 21.8930145529714 31.0
vertex 86.054876311643 21.7655959722042 31.0
endloop
endfacet
facet normal 0.0 0.0 -1.0
outer loop
vertex 107.844148218809 3.43933982822018 31.0000000000001
vertex 86.054876311643 21.7655959722042 31.0
vertex 86.2273724395571 21.6470426680563 31.0
endloop
endfacet
facet normal 0.0 0.0 -1.0
outer loop
vertex 107.844148218809 3.43933982822018 31.0000000000001
vertex 86.2273724395571 21.6470426680563 31.0
vertex 86.4058367680612 21.5376795868942 31.0
endloop
endfacet
facet normal 0.0 0.0 -1.0
outer loop
vertex 107.844148218809 3.43933982822018 31.0000000000001
vertex 86.4058367680612 21.5376795868942 31.0
vertex 86.5897801388358 21.4378064853214 31.0
endloop
endfacet
facet normal 0.0 0.0 -1.0
outer loop
vertex 107.844148218809 3.43933982822018 31.0000000000001
vertex 86.5897801388358 21.4378064853214 31.0
vertex 86.7786983758874 21.3476971085673 31.0
endloop
endfacet
facet normal 0.0 0.0 -1.0
outer loop
vertex 107.844148218809 3.43933982822018 31.0000000000001
vertex 86.7786983758874 21.3476971085673 31.0
vertex 86.9720736674597 21.2675984401702 31.0
endloop
endfacet
facet normal 0.0 0.0 -1.0
outer loop
vertex 107.844148218809 3.43933982822018 31.0000000000001
vertex 86.9720736674597 21.2675984401702 31.0
vertex 87.1693759853201 21.1977300250125 31.0
endloop
endfacet
facet normal 0.0 0.0 -1.0
outer loop
vertex 107.844148218809 3.43933982822018 31.0000000000001
vertex 87.1693759853201 21.1977300250125 31.0
vertex 87.3700645375293 21.1382833675637 31.0
endloop
endfacet
facet normal 0.0 0.0 -1.0
outer loop
vertex 107.844148218809 3.43933982822018 31.0000000000001
vertex 87.3700645375293 21.1382833675637 31.0
vertex 87.5735892507158 21.0894214069797 31.0
endloop
endfacet
facet normal 0.0 0.0 -1.0
outer loop
vertex 107.844148218809 3.43933982822018 31.0000000000001
vertex 87.5735892507158 21.0894214069797 31.0
vertex 87.7793922777872 21.0512780704983 31.0
endloop
endfacet
facet normal 0.0 0.0 -1.0
outer loop
vertex 107.844148218809 3.43933982822018 31.0000000000001
vertex 87.7793922777872 21.0512780704983 31.0
vertex 87.9869095269517 21.0239579063533 31.0
endloop
endfacet
facet normal 0.0 0.0 -1.0
outer loop
vertex 107.844148218809 3.43933982822018 31.0000000000001
vertex 87.9869095269517 21.0239579063533 31.0
vertex 88.1955722078536 21.0075357972157 31.0
endloop
endfacet
facet normal 0.0 0.0 -1.0
outer loop
vertex 107.844148218809 3.43933982822018 31.0000000000001
vertex 88.1955722078536 21.0075357972157 31.0
vertex 88.4048083905885 21.0020567549452 31.0
endloop
endfacet
facet normal 0.0 0.0 -1.0
outer loop
vertex 107.844148218809 3.43933982822018 31.0000000000001
vertex 88.4048083905885 21.0020567549452 31.0
vertex 88.6140445733235 21.0075357972157 31.0
endloop
endfacet
facet normal 0.0 0.0 -1.0
outer loop
vertex 107.844148218809 3.43933982822018 31.0000000000001
vertex 88.6140445733235 21.0075357972157 31.0
vertex 88.8227072542254 21.0239579063533 31.0
endloop
endfacet
facet normal 0.0 0.0 -1.0
outer loop
vertex 107.844148218809 3.43933982822018 31.0000000000001
vertex 88.8227072542254 21.0239579063533 31.0
vertex 89.0302245033899 21.0512780704983 31.0
endloop
endfacet
facet normal 0.0 0.0 -1.0
outer loop
vertex 107.844148218809 3.43933982822018 31.0000000000001
vertex 89.0302245033899 21.0512780704983 31.0
vertex 89.2360275304613 21.0894214069797 31.0
endloop
endfacet
facet normal 0.0 0.0 -1.0
outer loop
vertex 107.844148218809 3.43933982822018 31.0000000000001
vertex 89.2360275304613 21.0894214069797 31.0
vertex 89.4395522436477 21.1382833675637 31.0
endloop
endfacet
facet normal 0.0 0.0 -1.0
outer loop
vertex 107.844148218809 3.43933982822018 31.0000000000001
vertex 89.4395522436477 21.1382833675637 31.0
vertex 89.6402407958571 21.1977300250125 31.0
endloop
endfacet
facet normal 0.0 0.0 -1.0
outer loop
vertex 107.844148218809 3.43933982822018 31.0000000000001
vertex 89.6402407958571 21.1977300250125 31.0
vertex 89.8375431137173 21.2675984401701 31.0
endloop
endfacet
facet normal 0.0 0.0 -1.0
outer loop
vertex 107.844148218809 3.43933982822018 31.0000000000001
vertex 89.8375431137173 21.2675984401701 31.0
vertex 90.0309184052897 21.3476971085673 31.0
endloop
endfacet
facet normal 0.0 0.0 -1.0
outer loop
vertex 107.844148218809 3.43933982822018 31.0000000000001
vertex 90.0309184052897 21.3476971085673 31.0
vertex 90.2198366423413 21.4378064853214 31.0
endloop
endfacet
facet normal 0.0 0.0 -1.0
outer loop
vertex 107.844148218809 3.43933982822018 31.0000000000001
vertex 90.2198366423413 21.4378064853214 31.0
vertex 90.4037800131159 21.5376795868942 31.0
endloop
endfacet
facet normal 0.0 0.0 -1.0
outer loop
vertex 107.844148218809 3.43933982822018 31.0000000000001
vertex 90.4037800131159 21.5376795868942 31.0
vertex 90.5822443416201 21.6470426680563 31.0
endloop
endfacet
facet normal 0.0 0.0 -1.0
outer loop
vertex 107.844148218809 3.43933982822018 31.0000000000001
vertex 90.5822443416201 21.6470426680563 31.0
vertex 90.754740469534 21.7655959722041 31.0
endloop
endfacet
facet normal 0.0 0.0 -1.0
outer loop
vertex 107.844148218809 3.43933982822018 31.0000000000001
vertex 90.754740469534 21.7655959722041 31.0
vertex 90.9207955969615 21.8930145529715 31.0
endloop
endfacet
facet normal 0.0 0.0 -1.0
outer loop
vertex 107.844148218809 3.43933982822018 31.0000000000001
vertex 90.9207955969615 21.8930145529715 31.0
vertex 91.0799545783404 22.0289491648853 31.0
endloop
endfacet
facet normal 0.0 0.0 -1.0
outer loop
vertex 107.844148218809 3.43933982822018 31.0000000000001
vertex 91.0799545783404 22.0289491648853 31.0
vertex 91.2317811699657 22.1730272206228 31.0
endloop
endfacet
facet normal 0.0 0.0 -1.0
outer loop
vertex 107.844148218809 3.43933982822018 31.0000000000001
vertex 91.2317811699657 22.1730272206228 31.0
vertex 91.3758592257033 22.3248538122482 31.0
endloop
endfacet
facet normal 0.0 0.0 -1.0
outer loop
vertex 107.844148218809 3.43933982822018 31.0000000000001
vertex 91.3758592257033 22.3248538122482 31.0
vertex 91.511793837617 22.484012793627 31.0
endloop
endfacet
facet normal 0.0 0.0 -1.0
outer loop
vertex 107.844148218809 3.43933982822018 31.0000000000001
vertex 91.511793837617 22.484012793627 31.0
vertex 91.6392124183844 22.6500679210545 31.0
endloop
endfacet
facet normal 0.0 0.0 -1.0
outer loop
vertex 107.844148218809 3.43933982822018 31.0000000000001
vertex 91.6392124183844 22.6500679210545 31.0
vertex 91.7577657225322 22.8225640489685 31.0
endloop
endfacet
facet normal 0.0 0.0 -1.0
outer loop
vertex 107.844148218809 3.43933982822018 31.0000000000001
vertex 91.7577657225322 22.8225640489685 31.0
vertex 91.8671288036944 23.0010283774726 31.0
endloop
endfacet
facet normal 0.0 0.0 -1.0
outer loop
vertex 107.844148218809 3.43933982822018 31.0000000000001
vertex 91.8671288036944 23.0010283774726 31.0
vertex 91.9670019052671 23.1849717482472 31.0
endloop
endfacet
facet normal 0.0 0.0 -1.0
outer loop
vertex 107.844148218809 3.43933982822018 31.0000000000001
vertex 91.9670019052671 23.1849717482472 31.0
vertex 92.0571112820212 23.3738899852988 31.0
endloop
endfacet
facet normal 0.0 0.0 -1.0
outer loop
vertex 107.844148218809 3.43933982822018 31.0000000000001
vertex 92.0571112820212 23.3738899852988 31.0
vertex 92.1372099504184 23.5672652768713 31.0
endloop
endfacet
facet normal 0.0 0.0 -1.0
outer loop
vertex 107.844148218809 3.43933982822018 31.0000000000001
vertex 92.1372099504184 23.5672652768713 31.0
vertex 92.2070783655761 23.7645675947316 31.0
endloop
endfacet
facet normal 0.0 0.0 -1.0
outer loop
vertex 107.844148218809 3.43933982822018 31.0000000000001
vertex 92.2070783655761 23.7645675947316 31.0
vertex 107.605770284912 3.75 31.0000000000001
endloop
endfacet
facet normal 0.0 0.0 -1.0
outer loop
vertex 107.605770284912 3.75 31.0000000000001
vertex 92.2070783655761 23.7645675947316 31.0
vertex 92.2665250230249 23.9652561469408 31.0
endloop
endfacet
facet normal 0.0 0.0 -1.0
outer loop
vertex 107.605770284912 3.75 31.0000000000001
vertex 92.2665250230249 23.9652561469408 31.0
vertex 92.3153869836088 24.1687808601271 31.0
endloop
endfacet
facet normal 0.0 0.0 -1.0
outer loop
vertex 107.605770284912 3.75 31.0000000000001
vertex 92.3153869836088 24.1687808601271 31.0
vertex 92.3535303200903 24.3745838871987 31.0
endloop
endfacet
facet normal 0.0 0.0 -1.0
outer loop
vertex 107.605770284912 3.75 31.0000000000001
vertex 92.3535303200903 24.3745838871987 31.0
vertex 92.3808504842352 24.5821011363631 31.0
endloop
endfacet
facet normal 0.0 0.0 -1.0
outer loop
vertex 107.605770284912 3.75 31.0000000000001
vertex 92.3808504842352 24.5821011363631 31.0
vertex 92.3972725933728 24.790763817265 31.0
endloop
endfacet
facet normal 0.0 0.0 -1.0
outer loop
vertex 107.605770284912 3.75 31.0000000000001
vertex 92.3972725933728 24.790763817265 31.0
vertex 92.4027516356433 25.0 31.0
endloop
endfacet
facet normal 0.0 0.0 -1.0
outer loop
vertex 107.605770284912 3.75 31.0000000000001
vertex 92.4027516356433 25.0 31.0
vertex 107.455919651155 4.11177143234622 31.0000000000001
endloop
endfacet
facet normal 0.0 0.0 -1.0
outer loop
vertex 107.455919651155 4.11177143234622 31.0000000000001
vertex 92.4027516356433 25.0 31.0
vertex 107.404808390589 4.5 31.0000000000001
endloop
endfacet
facet normal 0.0 0.0 -1.0
outer loop
vertex 107.404808390589 4.5 31.0000000000001
vertex 92.4027516356433 25.0 31.0
vertex 107.404808390589 45.5 31.0000000000001
endloop
endfacet
facet normal 0.0 0.0 -1.0
outer loop
vertex 111.404808390589 2.0 31.0
vertex 108.516579822935 3.0511112605664 31.0000000000001
vertex 108.904808390589 3.0 31.0000000000001
endloop
endfacet
facet normal 0.0 0.0 -1.0
outer loop
vertex 111.404808390589 2.0 31.0
vertex 108.904808390589 3.0 31.0000000000001
vertex 109.293036958242 3.0511112605664 31.0000000000001
endloop
endfacet
facet normal 0.0 0.0 -1.0
outer loop
vertex 111.404808390589 2.0 31.0
vertex 109.293036958242 3.0511112605664 31.0000000000001
vertex 109.654808390589 3.20096189432334 31.0000000000001
endloop
endfacet
facet normal 0.0 0.0 -1.0
outer loop
vertex 111.404808390589 2.0 31.0
vertex 109.654808390589 3.20096189432334 31.0000000000001
vertex 109.965468562368 3.43933982822018 31.0000000000001
endloop
endfacet
facet normal 0.0 0.0 -1.0
outer loop
vertex 111.404808390589 2.0 31.0
vertex 109.965468562368 3.43933982822018 31.0000000000001
vertex 110.203846496265 3.75 31.0000000000001
endloop
endfacet
facet normal 0.0 0.0 -1.0
outer loop
vertex 111.404808390589 2.0 31.0
vertex 110.203846496265 3.75 31.0000000000001
vertex 110.353697130022 4.11177143234622 31.0000000000001
endloop
endfacet
facet normal 0.0 0.0 -1.0
outer loop
vertex 111.404808390589 2.0 31.0
vertex 110.353697130022 4.11177143234622 31.0000000000001
vertex 110.404808390589 4.5 31.0000000000001
endloop
endfacet
facet normal 0.0 0.0 -1.0
outer loop
vertex 111.404808390589 2.0 31.0
vertex 110.404808390589 4.5 31.0000000000001
vertex 111.404808390589 48.0 31.0
endloop
endfacet
facet normal 0.0 0.0 -1.0
outer loop
vertex 107.455919651155 45.1117714323462 31.0000000000001
vertex 107.404808390589 4.5 31.0000000000001
vertex 107.404808390589 45.5 31.0000000000001
endloop
endfacet
facet normal 0.0 0.0 -1.0
outer loop
vertex 107.404808390589 4.5 31.0000000000001
vertex 107.455919651155 45.1117714323462 31.0000000000001
vertex 107.455919651155 4.88822856765378 31.0000000000001
endloop
endfacet
facet normal 0.0 0.0 -1.0
outer loop
vertex 107.455919651155 4.88822856765378 31.0000000000001
vertex 107.455919651155 45.1117714323462 31.0000000000001
vertex 107.605770284912 44.75 31.0000000000001
endloop
endfacet
facet normal 0.0 0.0 -1.0
outer loop
vertex 107.455919651155 4.88822856765378 31.0000000000001
vertex 107.605770284912 44.75 31.0000000000001
vertex 107.605770284912 5.25 31.0000000000001
endloop
endfacet
facet normal 0.0 0.0 -1.0
outer loop
vertex 107.605770284912 5.25 31.0000000000001
vertex 107.605770284912 44.75 31.0000000000001
vertex 107.844148218809 44.4393398282202 31.0000000000001
endloop
endfacet
facet normal 0.0 0.0 -1.0
outer loop
vertex 107.605770284912 5.25 31.0000000000001
vertex 107.844148218809 44.4393398282202 31.0000000000001
vertex 107.844148218809 5.56066017177982 31.0000000000001
endloop
endfacet
facet normal 0.0 0.0 -1.0
outer loop
vertex 107.844148218809 5.56066017177982 31.0000000000001
vertex 107.844148218809 44.4393398282202 31.0000000000001
vertex 108.154808390589 44.2009618943233 31.0000000000001
endloop
endfacet
facet normal 0.0 0.0 -1.0
outer loop
vertex 107.844148218809 5.56066017177982 31.0000000000001
vertex 108.154808390589 44.2009618943233 31.0000000000001
vertex 108.154808390589 5.79903810567666 31.0000000000001
endloop
endfacet
facet normal 0.0 0.0 -1.0
outer loop
vertex 108.154808390589 5.79903810567666 31.0000000000001
vertex 108.154808390589 44.2009618943233 31.0000000000001
vertex 108.516579822935 5.9488887394336 31.0000000000001
endloop
endfacet
facet normal 0.0 0.0 -1.0
outer loop
vertex 108.516579822935 5.9488887394336 31.0000000000001
vertex 108.154808390589 44.2009618943233 31.0000000000001
vertex 108.516579822935 44.0511112605664 31.0000000000001
endloop
endfacet
facet normal 0.0 0.0 -1.0
outer loop
vertex 108.516579822935 5.9488887394336 31.0000000000001
vertex 108.516579822935 44.0511112605664 31.0000000000001
vertex 108.904808390589 44.0 31.0000000000001
endloop
endfacet
facet normal 0.0 0.0 -1.0
outer loop
vertex 108.516579822935 5.9488887394336 31.0000000000001
vertex 108.904808390589 44.0 31.0000000000001
vertex 108.904808390589 6.0 31.0000000000001
endloop
endfacet
facet normal 0.0 0.0 -1.0
outer loop
vertex 108.904808390589 6.0 31.0000000000001
vertex 108.904808390589 44.0 31.0000000000001
vertex 109.293036958242 44.0511112605664 31.0000000000001
endloop
endfacet
facet normal 0.0 0.0 -1.0
outer loop
vertex 108.904808390589 6.0 31.0000000000001
vertex 109.293036958242 44.0511112605664 31.0000000000001
vertex 109.293036958242 5.9488887394336 31.0000000000001
endloop
endfacet
facet normal 0.0 0.0 -1.0
outer loop
vertex 109.293036958242 5.9488887394336 31.0000000000001
vertex 109.293036958242 44.0511112605664 31.0000000000001
vertex 109.654808390589 44.2009618943233 31.0000000000001
endloop
endfacet
facet normal 0.0 0.0 -1.0
outer loop
vertex 109.293036958242 5.9488887394336 31.0000000000001
vertex 109.654808390589 44.2009618943233 31.0000000000001
vertex 109.654808390589 5.79903810567666 31.0000000000001
endloop
endfacet
facet normal 0.0 0.0 -1.0
outer loop
vertex 109.654808390589 5.79903810567666 31.0000000000001
vertex 109.654808390589 44.2009618943233 31.0000000000001
vertex 109.965468562368 44.4393398282202 31.0000000000001
endloop
endfacet
facet normal 0.0 0.0 -1.0
outer loop
vertex 109.654808390589 5.79903810567666 31.0000000000001
vertex 109.965468562368 44.4393398282202 31.0000000000001
vertex 109.965468562368 5.56066017177982 31.0000000000001
endloop
endfacet
facet normal 0.0 0.0 -1.0
outer loop
vertex 109.965468562368 5.56066017177982 31.0000000000001
vertex 109.965468562368 44.4393398282202 31.0000000000001
vertex 110.203846496265 44.75 31.0000000000001
endloop
endfacet
facet normal 0.0 0.0 -1.0
outer loop
vertex 109.965468562368 5.56066017177982 31.0000000000001
vertex 110.203846496265 44.75 31.0000000000001
vertex 110.203846496265 5.25 31.0000000000001
endloop
endfacet
facet normal 0.0 0.0 -1.0
outer loop
vertex 110.203846496265 5.25 31.0000000000001
vertex 110.203846496265 44.75 31.0000000000001
vertex 110.353697130022 45.1117714323462 31.0000000000001
endloop
endfacet
facet normal 0.0 0.0 -1.0
outer loop
vertex 110.203846496265 5.25 31.0000000000001
vertex 110.353697130022 45.1117714323462 31.0000000000001
vertex 110.353697130022 4.88822856765378 31.0000000000001
endloop
endfacet
facet normal 0.0 0.0 -1.0
outer loop
vertex 110.353697130022 4.88822856765378 31.0000000000001
vertex 110.353697130022 45.1117714323462 31.0000000000001
vertex 110.404808390589 45.5 31.0000000000001
endloop
endfacet
facet normal 0.0 0.0 -1.0
outer loop
vertex 110.353697130022 4.88822856765378 31.0000000000001
vertex 110.404808390589 45.5 31.0000000000001
vertex 110.404808390589 4.5 31.0000000000001
endloop
endfacet
facet normal 0.0 0.0 -1.0
outer loop
vertex 66.4559196511549 45.1117714323462 31.0
vertex 66.4048083905885 4.5 31.0
vertex 66.4048083905885 45.5 31.0
endloop
endfacet
facet normal 0.0 0.0 -1.0
outer loop
vertex 66.4048083905885 4.5 31.0
vertex 66.4559196511549 45.1117714323462 31.0
vertex 66.4559196511549 4.88822856765378 31.0
endloop
endfacet
facet normal 0.0 0.0 -1.0
outer loop
vertex 66.4559196511549 4.88822856765378 31.0
vertex 66.4559196511549 45.1117714323462 31.0
vertex 66.6057702849119 44.75 31.0
endloop
endfacet
facet normal 0.0 0.0 -1.0
outer loop
vertex 66.4559196511549 4.88822856765378 31.0
vertex 66.6057702849119 44.75 31.0
vertex 66.6057702849119 5.25 31.0
endloop
endfacet
facet normal 0.0 0.0 -1.0
outer loop
vertex 66.6057702849119 5.25 31.0
vertex 66.6057702849119 44.75 31.0
vertex 66.8441482188087 44.4393398282202 31.0
endloop
endfacet
facet normal 0.0 0.0 -1.0
outer loop
vertex 66.6057702849119 5.25 31.0
vertex 66.8441482188087 44.4393398282202 31.0
vertex 66.8441482188087 5.56066017177982 31.0
endloop
endfacet
facet normal 0.0 0.0 -1.0
outer loop
vertex 66.8441482188087 5.56066017177982 31.0
vertex 66.8441482188087 44.4393398282202 31.0
vertex 67.1548083905885 44.2009618943233 31.0
endloop
endfacet
facet normal 0.0 0.0 -1.0
outer loop
vertex 66.8441482188087 5.56066017177982 31.0
vertex 67.1548083905885 44.2009618943233 31.0
vertex 67.1548083905885 5.79903810567666 31.0
endloop
endfacet
facet normal 0.0 0.0 -1.0
outer loop
vertex 67.1548083905885 5.79903810567666 31.0
vertex 67.1548083905885 44.2009618943233 31.0
vertex 67.5165798229348 44.0511112605664 31.0
endloop
endfacet
facet normal 0.0 0.0 -1.0
outer loop
vertex 67.1548083905885 5.79903810567666 31.0
vertex 67.5165798229348 44.0511112605664 31.0
vertex 67.5165798229348 5.9488887394336 31.0
endloop
endfacet
facet normal 0.0 0.0 -1.0
outer loop
vertex 67.5165798229348 5.9488887394336 31.0
vertex 67.5165798229348 44.0511112605664 31.0
vertex 67.9048083905885 44.0 31.0
endloop
endfacet
facet normal 0.0 0.0 -1.0
outer loop
vertex 67.5165798229348 5.9488887394336 31.0
vertex 67.9048083905885 44.0 31.0
vertex 67.9048083905885 6.0 31.0
endloop
endfacet
facet normal 0.0 0.0 -1.0
outer loop
vertex 67.9048083905885 6.0 31.0
vertex 67.9048083905885 44.0 31.0
vertex 68.2930369582423 44.0511112605664 31.0
endloop
endfacet
facet normal 0.0 0.0 -1.0
outer loop
vertex 67.9048083905885 6.0 31.0
vertex 68.2930369582423 44.0511112605664 31.0
vertex 68.2930369582423 5.9488887394336 31.0
endloop
endfacet
facet normal 0.0 0.0 -1.0
outer loop
vertex 68.2930369582423 5.9488887394336 31.0
vertex 68.2930369582423 44.0511112605664 31.0
vertex 68.6548083905885 44.2009618943233 31.0
endloop
endfacet
facet normal 0.0 0.0 -1.0
outer loop
vertex 68.2930369582423 5.9488887394336 31.0
vertex 68.6548083905885 44.2009618943233 31.0
vertex 68.6548083905885 5.79903810567666 31.0
endloop
endfacet
facet normal 0.0 0.0 -1.0
outer loop
vertex 68.6548083905885 5.79903810567666 31.0
vertex 68.6548083905885 44.2009618943233 31.0
vertex 68.9654685623684 44.4393398282202 31.0
endloop
endfacet
facet normal 0.0 0.0 -1.0
outer loop
vertex 68.6548083905885 5.79903810567666 31.0
vertex 68.9654685623684 44.4393398282202 31.0
vertex 68.9654685623684 5.56066017177982 31.0
endloop
endfacet
facet normal 0.0 0.0 -1.0
outer loop
vertex 68.9654685623684 5.56066017177982 31.0
vertex 68.9654685623684 44.4393398282202 31.0
vertex 69.2038464962652 44.75 31.0
endloop
endfacet
facet normal 0.0 0.0 -1.0
outer loop
vertex 68.9654685623684 5.56066017177982 31.0
vertex 69.2038464962652 44.75 31.0
vertex 69.2038464962652 5.25 31.0
endloop
endfacet
facet normal 0.0 0.0 -1.0
outer loop
vertex 69.2038464962652 5.25 31.0
vertex 69.2038464962652 44.75 31.0
vertex 69.3536971300221 45.1117714323462 31.0
endloop
endfacet
facet normal 0.0 0.0 -1.0
outer loop
vertex 69.2038464962652 5.25 31.0
vertex 69.3536971300221 45.1117714323462 31.0
vertex 69.3536971300221 4.88822856765378 31.0
endloop
endfacet
facet normal 0.0 0.0 -1.0
outer loop
vertex 69.3536971300221 4.88822856765378 31.0
vertex 69.3536971300221 45.1117714323462 31.0
vertex 69.4048083905885 45.5 31.0
endloop
endfacet
facet normal 0.0 0.0 -1.0
outer loop
vertex 69.3536971300221 4.88822856765378 31.0
vertex 69.4048083905885 45.5 31.0
vertex 69.4048083905885 4.5 31.0
endloop
endfacet
facet normal -0.629320391049837 -0.777145961456972 6.95235166710742e-019
outer loop
vertex 94.6980123010869 32.7714596145697 44.0
vertex 94.2826609135133 33.0901699437495 34.0
vertex 94.6980123010869 32.7714596145697 34.0
endloop
endfacet
facet normal -0.587785252292476 -0.809016994374945 3.67068923786725e-019
outer loop
vertex 94.2826609135133 33.0901699437495 34.0
vertex 94.6980123010869 32.7714596145697 44.0
vertex 94.2826609135133 33.0901699437495 44.0
endloop
endfacet
facet normal 0.0 1.0 0.0
outer loop
vertex 63.4048083905885 50.0 34.0
vertex 113.404808390589 50.0 32.0
vertex 63.4048083905885 50.0 32.0
endloop
endfacet
facet normal 0.0 1.0 0.0
outer loop
vertex 113.404808390589 50.0 32.0
vertex 63.4048083905885 50.0 34.0
vertex 113.404808390589 50.0 34.0
endloop
endfacet
facet normal 0.0 1.0 0.0
outer loop
vertex 113.404808390589 50.0 34.0
vertex 63.4048083905885 50.0 34.0
vertex 67.9048083905885 50.0 34.0
endloop
endfacet
facet normal 0.0 1.0 0.0
outer loop
vertex 113.404808390589 50.0 34.0
vertex 67.9048083905885 50.0 34.0
vertex 112.2 50.0 34.0
endloop
endfacet
facet normal 0.0 1.0 0.0
outer loop
vertex 113.404808390589 50.0 34.0
vertex 112.2 50.0 34.0
vertex 113.2 50.0 34.0
endloop
endfacet
facet normal 0.0 0.0 -1.0
outer loop
vertex 63.4048083905885 50.0 32.0
vertex 65.4048083905885 48.0 32.0
vertex 63.4048083905885 0.0 32.0
endloop
endfacet
facet normal 0.0 0.0 -1.0
outer loop
vertex 65.4048083905885 48.0 32.0
vertex 63.4048083905885 50.0 32.0
vertex 113.404808390589 50.0 32.0
endloop
endfacet
facet normal 0.0 0.0 -1.0
outer loop
vertex 65.4048083905885 48.0 32.0
vertex 113.404808390589 50.0 32.0
vertex 111.404808390589 48.0 32.0
endloop
endfacet
facet normal 0.0 0.0 -1.0
outer loop
vertex 111.404808390589 48.0 32.0
vertex 113.404808390589 50.0 32.0
vertex 111.404808390589 2.0 32.0
endloop
endfacet
facet normal 0.0 0.0 -1.0
outer loop
vertex 63.4048083905885 0.0 32.0
vertex 65.4048083905885 2.0 32.0
vertex 113.404808390589 0.0 32.0
endloop
endfacet
facet normal 0.0 0.0 -1.0
outer loop
vertex 65.4048083905885 2.0 32.0
vertex 63.4048083905885 0.0 32.0
vertex 65.4048083905885 48.0 32.0
endloop
endfacet
facet normal 0.0 0.0 -1.0
outer loop
vertex 113.404808390589 0.0 32.0
vertex 65.4048083905885 2.0 32.0
vertex 111.404808390589 2.0 32.0
endloop
endfacet
facet normal 0.0 0.0 -1.0
outer loop
vertex 113.404808390589 0.0 32.0
vertex 111.404808390589 2.0 32.0
vertex 113.404808390589 50.0 32.0
endloop
endfacet
facet normal -0.0 -1.0 -0.0
outer loop
vertex 111.404808390589 2.0 32.0
vertex 65.4048083905885 2.0 31.0
vertex 111.404808390589 2.0 31.0
endloop
endfacet
facet normal -0.0 -1.0 -0.0
outer loop
vertex 65.4048083905885 2.0 31.0
vertex 111.404808390589 2.0 32.0
vertex 65.4048083905885 2.0 32.0
endloop
endfacet
facet normal 0.0 1.0 0.0
outer loop
vertex 65.4048083905885 48.0 32.0
vertex 111.404808390589 48.0 31.0
vertex 65.4048083905885 48.0 31.0
endloop
endfacet
facet normal 0.0 1.0 0.0
outer loop
vertex 111.404808390589 48.0 31.0
vertex 65.4048083905885 48.0 32.0
vertex 111.404808390589 48.0 32.0
endloop
endfacet
facet normal 0.44517431099186 0.87370377953365 0.196116135138183
outer loop
vertex 93.8526943874631 35.6920782902604 44.0
vertex 94.7048083905885 35.9119200876839 41.0
vertex 94.1250886873068 36.2266822047734 41.0
endloop
endfacet
facet normal 0.490290337845459 0.849207775608448 0.196116135138183
outer loop
vertex 94.7048083905885 35.9119200876839 41.0
vertex 93.8526943874631 35.6920782902604 44.0
vertex 94.4048083905885 35.3923048454133 44.0
endloop
endfacet
facet normal -0.203874186266121 -0.959152635253007 0.196116135138185
outer loop
vertex 85.9098681007754 13.2622287911943 44.0
vertex 85.1436884222968 12.8293345887577 41.0
vertex 85.7851210862848 12.675340230754 41.0
endloop
endfacet
facet normal -0.253792954128308 -0.947168199409845 0.196116135138185
outer loop
vertex 85.1436884222968 12.8293345887577 41.0
vertex 85.9098681007754 13.2622287911943 44.0
vertex 85.2989798493583 13.4088900845312 44.0
endloop
endfacet
facet normal 1.41888889913246e-016 -2.30985366287098e-018 1.0
outer loop
vertex 83.3914598184027 24.73726153456 34.9336441091219
vertex 83.3914598184027 25.26273846544 34.9336441091219
vertex 83.3845797695535 25.0 34.9336441091219
endloop
endfacet
facet normal 1.41888889913246e-016 -2.30985366287098e-018 1.0
outer loop
vertex 83.3914598184027 25.26273846544 34.9336441091219
vertex 83.3914598184027 24.73726153456 34.9336441091219
vertex 83.4120811072147 24.4752432169909 34.9336441091219
endloop
endfacet
facet normal 1.41888889913246e-016 -2.30985366287098e-018 1.0
outer loop
vertex 83.3914598184027 25.26273846544 34.9336441091219
vertex 83.4120811072147 24.4752432169909 34.9336441091219
vertex 83.4120811072147 25.5247567830092 34.9336441091219
endloop
endfacet
facet normal 1.41888889913246e-016 -2.30985366287098e-018 1.0
outer loop
vertex 83.4120811072147 25.5247567830092 34.9336441091219
vertex 83.4120811072147 24.4752432169909 34.9336441091219
vertex 83.4428941929149 24.2411945945576 34.9336441091219
endloop
endfacet
facet normal 1.41888889913246e-016 -2.30985366287098e-018 1.0
outer loop
vertex 83.4120811072147 25.5247567830092 34.9336441091219
vertex 83.4428941929149 24.2411945945576 34.9336441091219
vertex 83.4428941929149 25.7588054054424 34.9336441091219
endloop
endfacet
facet normal 1.41888889913246e-016 -2.30985366287098e-018 1.0
outer loop
vertex 83.4428941929149 25.7588054054424 34.9336441091219
vertex 83.4428941929149 24.2411945945576 34.9336441091219
vertex 83.4611718636247 25.8976380979077 34.9336441091219
endloop
endfacet
facet normal 1.41888889913246e-016 -2.30985366287098e-018 1.0
outer loop
vertex 83.4611718636247 25.8976380979077 34.9336441091219
vertex 83.4428941929149 24.2411945945576 34.9336441091219
vertex 83.4611718636248 24.1023619020922 34.9336441091219
endloop
endfacet
facet normal 1.41888889913246e-016 -2.30985366287098e-018 1.0
outer loop
vertex 83.4611718636247 25.8976380979077 34.9336441091219
vertex 83.4611718636248 24.1023619020922 34.9336441091219
vertex 83.49919364042 26.0642151372945 34.9336441091219
endloop
endfacet
facet normal 1.41888889913246e-016 -2.30985366287098e-018 1.0
outer loop
vertex 83.49919364042 26.0642151372945 34.9336441091219
vertex 83.4611718636248 24.1023619020922 34.9336441091219
vertex 83.4991936404198 23.9357848627064 34.9336441091219
endloop
endfacet
facet normal 1.41888889913246e-016 -2.30985366287098e-018 1.0
outer loop
vertex 83.49919364042 26.0642151372945 34.9336441091219
vertex 83.4991936404198 23.9357848627064 34.9336441091219
vertex 83.5556399116552 23.7006692221074 34.9336441091219
endloop
endfacet
facet normal 1.41888889913246e-016 -2.30985366287098e-018 1.0
outer loop
vertex 83.49919364042 26.0642151372945 34.9336441091219
vertex 83.5556399116552 23.7006692221074 34.9336441091219
vertex 83.5556399116552 26.2993307778927 34.9336441091219
endloop
endfacet
facet normal 1.41888889913246e-016 -2.30985366287098e-018 1.0
outer loop
vertex 83.5556399116552 26.2993307778927 34.9336441091219
vertex 83.5556399116552 23.7006692221074 34.9336441091219
vertex 83.6302872472617 23.4486640404526 34.9336441091219
endloop
endfacet
facet normal 1.41888889913246e-016 -2.30985366287098e-018 1.0
outer loop
vertex 83.5556399116552 26.2993307778927 34.9336441091219
vertex 83.6302872472617 23.4486640404526 34.9336441091219
vertex 83.6302872472617 26.5513359595473 34.9336441091219
endloop
endfacet
facet normal 1.41888889913246e-016 -2.30985366287098e-018 1.0
outer loop
vertex 83.6302872472617 26.5513359595473 34.9336441091219
vertex 83.6302872472617 23.4486640404526 34.9336441091219
vertex 83.7180212134492 26.799089037169 34.9336441091219
endloop
endfacet
facet normal 1.41888889913246e-016 -2.30985366287098e-018 1.0
outer loop
vertex 83.7180212134492 26.799089037169 34.9336441091219
vertex 83.6302872472617 23.4486640404526 34.9336441091219
vertex 83.7180212134491 23.2009109628311 34.9336441091219
endloop
endfacet
facet normal 1.41888889913246e-016 -2.30985366287098e-018 1.0
outer loop
vertex 83.7180212134492 26.799089037169 34.9336441091219
vertex 83.7180212134491 23.2009109628311 34.9336441091219
vertex 83.8186013375146 22.9580890632072 34.9336441091219
endloop
endfacet
facet normal 1.41888889913246e-016 -2.30985366287098e-018 1.0
outer loop
vertex 83.7180212134492 26.799089037169 34.9336441091219
vertex 83.8186013375146 22.9580890632072 34.9336441091219
vertex 83.8186013375146 27.0419109367929 34.9336441091219
endloop
endfacet
facet normal 1.41888889913246e-016 -2.30985366287098e-018 1.0
outer loop
vertex 83.8186013375146 27.0419109367929 34.9336441091219
vertex 83.8186013375146 22.9580890632072 34.9336441091219
vertex 83.9317519363291 22.7208638995294 34.9336441091219
endloop
endfacet
facet normal 1.41888889913246e-016 -2.30985366287098e-018 1.0
outer loop
vertex 83.8186013375146 27.0419109367929 34.9336441091219
vertex 83.9317519363291 22.7208638995294 34.9336441091219
vertex 83.9317519363291 27.2791361004705 34.9336441091219
endloop
endfacet
facet normal 1.41888889913246e-016 -2.30985366287098e-018 1.0
outer loop
vertex 83.9317519363291 27.2791361004705 34.9336441091219
vertex 83.9317519363291 22.7208638995294 34.9336441091219
vertex 84.0571628719664 22.4898856894824 34.9336441091219
endloop
endfacet
facet normal 1.41888889913246e-016 -2.30985366287098e-018 1.0
outer loop
vertex 83.9317519363291 27.2791361004705 34.9336441091219
vertex 84.0571628719664 22.4898856894824 34.9336441091219
vertex 84.0571628719664 27.5101143105175 34.9336441091219
endloop
endfacet
facet normal 1.41888889913246e-016 -2.30985366287098e-018 1.0
outer loop
vertex 84.0571628719664 27.5101143105175 34.9336441091219
vertex 84.0571628719664 22.4898856894824 34.9336441091219
vertex 84.1944904017692 22.2657875282846 34.9336441091219
endloop
endfacet
facet normal 1.41888889913246e-016 -2.30985366287098e-018 1.0
outer loop
vertex 84.0571628719664 27.5101143105175 34.9336441091219
vertex 84.1944904017692 22.2657875282846 34.9336441091219
vertex 84.1944904017692 27.7342124717154 34.9336441091219
endloop
endfacet
facet normal 1.41888889913246e-016 -2.30985366287098e-018 1.0
outer loop
vertex 84.1944904017692 27.7342124717154 34.9336441091219
vertex 84.1944904017692 22.2657875282846 34.9336441091219
vertex 84.3433581205236 22.049183653419 34.9336441091219
endloop
endfacet
facet normal 1.41888889913246e-016 -2.30985366287098e-018 1.0
outer loop
vertex 84.1944904017692 27.7342124717154 34.9336441091219
vertex 84.3433581205236 22.049183653419 34.9336441091219
vertex 84.3433581205237 27.950816346581 34.9336441091219
endloop
endfacet
facet normal 1.41888889913246e-016 -2.30985366287098e-018 1.0
outer loop
vertex 84.3433581205237 27.950816346581 34.9336441091219
vertex 84.3433581205236 22.049183653419 34.9336441091219
vertex 84.4068651455337 25.0 34.9336441091219
endloop
endfacet
facet normal 1.41888889913246e-016 -2.30985366287098e-018 1.0
outer loop
vertex 84.4068651455337 25.0 34.9336441091219
vertex 84.3433581205236 22.049183653419 34.9336441091219
vertex 84.4123441878043 24.790763817265 34.9336441091219
endloop
endfacet
facet normal 1.41888889913246e-016 -2.30985366287098e-018 1.0
outer loop
vertex 84.4123441878043 24.790763817265 34.9336441091219
vertex 84.3433581205236 22.049183653419 34.9336441091219
vertex 84.5033579921605 21.8406677610505 34.9336441091219
endloop
endfacet
facet normal 1.41888889913246e-016 -2.30985366287098e-018 1.0
outer loop
vertex 84.4123441878043 24.790763817265 34.9336441091219
vertex 84.5033579921605 21.8406677610505 34.9336441091219
vertex 84.4287662969419 24.5821011363631 34.9336441091219
endloop
endfacet
facet normal 1.41888889913246e-016 -2.30985366287098e-018 1.0
outer loop
vertex 84.4287662969419 24.5821011363631 34.9336441091219
vertex 84.5033579921605 21.8406677610505 34.9336441091219
vertex 84.4681230189482 24.2831571533202 34.9336441091219
endloop
endfacet
facet normal 1.41888889913246e-016 -2.30985366287098e-018 1.0
outer loop
vertex 84.4681230189482 24.2831571533202 34.9336441091219
vertex 84.5033579921605 21.8406677610505 34.9336441091219
vertex 84.4942297975683 24.1687808601273 34.9336441091219
endloop
endfacet
facet normal 1.41888889913246e-016 -2.30985366287098e-018 1.0
outer loop
vertex 84.4942297975683 24.1687808601273 34.9336441091219
vertex 84.5033579921605 21.8406677610505 34.9336441091219
vertex 84.5430917581522 23.9652561469408 34.9336441091219
endloop
endfacet
facet normal 1.41888889913246e-016 -2.30985366287098e-018 1.0
outer loop
vertex 84.5430917581522 23.9652561469408 34.9336441091219
vertex 84.5033579921605 21.8406677610505 34.9336441091219
vertex 84.6740514681528 21.6408113787467 34.9336441091219
endloop
endfacet
facet normal 1.41888889913246e-016 -2.30985366287098e-018 1.0
outer loop
vertex 84.5430917581522 23.9652561469408 34.9336441091219
vertex 84.6740514681528 21.6408113787467 34.9336441091219
vertex 84.602538415601 23.7645675947315 34.9336441091219
endloop
endfacet
facet normal 1.41888889913246e-016 -2.30985366287098e-018 1.0
outer loop
vertex 84.602538415601 23.7645675947315 34.9336441091219
vertex 84.6740514681528 21.6408113787467 34.9336441091219
vertex 84.6724068307587 23.5672652768713 34.9336441091219
endloop
endfacet
facet normal 1.41888889913246e-016 -2.30985366287098e-018 1.0
outer loop
vertex 84.6724068307587 23.5672652768713 34.9336441091219
vertex 84.6740514681528 21.6408113787467 34.9336441091219
vertex 84.7525054991558 23.3738899852988 34.9336441091219
endloop
endfacet
facet normal 1.41888889913246e-016 -2.30985366287098e-018 1.0
outer loop
vertex 84.7525054991558 23.3738899852988 34.9336441091219
vertex 84.6740514681528 21.6408113787467 34.9336441091219
vertex 84.8549706895479 21.4501622989592 34.9336441091219
endloop
endfacet
facet normal 1.41888889913246e-016 -2.30985366287098e-018 1.0
outer loop
vertex 84.7525054991558 23.3738899852988 34.9336441091219
vertex 84.8549706895479 21.4501622989592 34.9336441091219
vertex 84.8426148759099 23.1849717482472 34.9336441091219
endloop
endfacet
facet normal 1.41888889913246e-016 -2.30985366287098e-018 1.0
outer loop
vertex 84.8426148759099 23.1849717482472 34.9336441091219
vertex 84.8549706895479 21.4501622989592 34.9336441091219
vertex 84.9424879774827 23.0010283774726 34.9336441091219
endloop
endfacet
facet normal 1.41888889913246e-016 -2.30985366287098e-018 1.0
outer loop
vertex 84.9424879774827 23.0010283774726 34.9336441091219
vertex 84.8549706895479 21.4501622989592 34.9336441091219
vertex 85.0456197693352 21.2692430775643 34.9336441091219
endloop
endfacet
facet normal 1.41888889913246e-016 -2.30985366287098e-018 1.0
outer loop
vertex 84.9424879774827 23.0010283774726 34.9336441091219
vertex 85.0456197693352 21.2692430775643 34.9336441091219
vertex 85.0518510586449 22.8225640489685 34.9336441091219
endloop
endfacet
facet normal 1.41888889913246e-016 -2.30985366287098e-018 1.0
outer loop
vertex 85.0518510586449 22.8225640489685 34.9336441091219
vertex 85.0456197693352 21.2692430775643 34.9336441091219
vertex 85.2454761516393 21.0985496015718 34.9336441091219
endloop
endfacet
facet normal 1.41888889913246e-016 -2.30985366287098e-018 1.0
outer loop
vertex 85.0518510586449 22.8225640489685 34.9336441091219
vertex 85.2454761516393 21.0985496015718 34.9336441091219
vertex 85.1704043627927 22.6500679210545 34.9336441091219
endloop
endfacet
facet normal 1.41888889913246e-016 -2.30985366287098e-018 1.0
outer loop
vertex 85.1704043627927 22.6500679210545 34.9336441091219
vertex 85.2454761516393 21.0985496015718 34.9336441091219
vertex 85.2978229435601 22.484012793627 34.9336441091219
endloop
endfacet
facet normal 1.41888889913246e-016 -2.30985366287098e-018 1.0
outer loop
vertex 85.2978229435601 22.484012793627 34.9336441091219
vertex 85.2454761516393 21.0985496015718 34.9336441091219
vertex 85.4539920440075 20.9385497299351 34.9336441091219
endloop
endfacet
facet normal 1.41888889913246e-016 -2.30985366287098e-018 1.0
outer loop
vertex 85.2978229435601 22.484012793627 34.9336441091219
vertex 85.4539920440075 20.9385497299351 34.9336441091219
vertex 85.4337575554737 22.3248538122482 34.9336441091219
endloop
endfacet
facet normal 1.41888889913246e-016 -2.30985366287098e-018 1.0
outer loop
vertex 85.4337575554737 22.3248538122482 34.9336441091219
vertex 85.4539920440075 20.9385497299351 34.9336441091219
vertex 85.5778356112114 22.1730272206228 34.9336441091219
endloop
endfacet
facet normal 1.41888889913246e-016 -2.30985366287098e-018 1.0
outer loop
vertex 85.5778356112114 22.1730272206228 34.9336441091219
vertex 85.4539920440075 20.9385497299351 34.9336441091219
vertex 85.6705959188732 20.7896820111806 34.9336441091219
endloop
endfacet
facet normal 1.41888889913246e-016 -2.30985366287098e-018 1.0
outer loop
vertex 85.5778356112114 22.1730272206228 34.9336441091219
vertex 85.6705959188732 20.7896820111806 34.9336441091219
vertex 85.7296622028367 22.0289491648853 34.9336441091219
endloop
endfacet
facet normal 1.41888889913246e-016 -2.30985366287098e-018 1.0
outer loop
vertex 85.7296622028367 22.0289491648853 34.9336441091219
vertex 85.6705959188732 20.7896820111806 34.9336441091219
vertex 85.894694080071 20.6523544813779 34.9336441091219
endloop
endfacet
facet normal 1.41888889913246e-016 -2.30985366287098e-018 1.0
outer loop
vertex 85.7296622028367 22.0289491648853 34.9336441091219
vertex 85.894694080071 20.6523544813779 34.9336441091219
vertex 85.8888211842157 21.8930145529714 34.9336441091219
endloop
endfacet
facet normal 1.41888889913246e-016 -2.30985366287098e-018 1.0
outer loop
vertex 85.8888211842157 21.8930145529714 34.9336441091219
vertex 85.894694080071 20.6523544813779 34.9336441091219
vertex 86.054876311643 21.7655959722042 34.9336441091219
endloop
endfacet
facet normal 1.41888889913246e-016 -2.30985366287098e-018 1.0
outer loop
vertex 86.054876311643 21.7655959722042 34.9336441091219
vertex 85.894694080071 20.6523544813779 34.9336441091219
vertex 86.1256722901181 20.5269435457406 34.9336441091219
endloop
endfacet
facet normal 1.41888889913246e-016 -2.30985366287098e-018 1.0
outer loop
vertex 86.054876311643 21.7655959722042 34.9336441091219
vertex 86.1256722901181 20.5269435457406 34.9336441091219
vertex 86.2273724395571 21.6470426680563 34.9336441091219
endloop
endfacet
facet normal 1.41888889913246e-016 -2.30985366287098e-018 1.0
outer loop
vertex 86.2273724395571 21.6470426680563 34.9336441091219
vertex 86.1256722901181 20.5269435457406 34.9336441091219
vertex 86.3628974537957 20.413792946926 34.9336441091219
endloop
endfacet
facet normal 1.41888889913246e-016 -2.30985366287098e-018 1.0
outer loop
vertex 86.2273724395571 21.6470426680563 34.9336441091219
vertex 86.3628974537957 20.413792946926 34.9336441091219
vertex 86.4058367680612 21.5376795868942 34.9336441091219
endloop
endfacet
facet normal 1.41888889913246e-016 -2.30985366287098e-018 1.0
outer loop
vertex 86.4058367680612 21.5376795868942 34.9336441091219
vertex 86.3628974537957 20.413792946926 34.9336441091219
vertex 86.6057193534195 20.3132128228606 34.9336441091219
endloop
endfacet
facet normal 1.41888889913246e-016 -2.30985366287098e-018 1.0
outer loop
vertex 86.4058367680612 21.5376795868942 34.9336441091219
vertex 86.6057193534195 20.3132128228606 34.9336441091219
vertex 86.5897801388358 21.4378064853214 34.9336441091219
endloop
endfacet
facet normal 1.41888889913246e-016 -2.30985366287098e-018 1.0
outer loop
vertex 86.5897801388358 21.4378064853214 34.9336441091219
vertex 86.6057193534195 20.3132128228606 34.9336441091219
vertex 86.7786983758874 21.3476971085673 34.9336441091219
endloop
endfacet
facet normal 1.41888889913246e-016 -2.30985366287098e-018 1.0
outer loop
vertex 86.7786983758874 21.3476971085673 34.9336441091219
vertex 86.6057193534195 20.3132128228606 34.9336441091219
vertex 86.8534724310412 20.2254788566732 34.9336441091219
endloop
endfacet
facet normal 1.41888889913246e-016 -2.30985366287098e-018 1.0
outer loop
vertex 86.7786983758874 21.3476971085673 34.9336441091219
vertex 86.8534724310412 20.2254788566732 34.9336441091219
vertex 86.9720736674597 21.2675984401702 34.9336441091219
endloop
endfacet
facet normal 1.41888889913246e-016 -2.30985366287098e-018 1.0
outer loop
vertex 86.9720736674597 21.2675984401702 34.9336441091219
vertex 86.8534724310412 20.2254788566732 34.9336441091219
vertex 87.1054776126959 20.1508315210667 34.9336441091219
endloop
endfacet
facet normal 1.41888889913246e-016 -2.30985366287098e-018 1.0
outer loop
vertex 86.9720736674597 21.2675984401702 34.9336441091219
vertex 87.1054776126959 20.1508315210667 34.9336441091219
vertex 87.1693759853201 21.1977300250125 34.9336441091219
endloop
endfacet
facet normal 1.41888889913246e-016 -2.30985366287098e-018 1.0
outer loop
vertex 87.1693759853201 21.1977300250125 34.9336441091219
vertex 87.1054776126959 20.1508315210667 34.9336441091219
vertex 87.3610441696974 20.0894754191994 34.9336441091219
endloop
endfacet
facet normal 1.41888889913246e-016 -2.30985366287098e-018 1.0
outer loop
vertex 87.1693759853201 21.1977300250125 34.9336441091219
vertex 87.3610441696974 20.0894754191994 34.9336441091219
vertex 87.3700645375293 21.1382833675637 34.9336441091219
endloop
endfacet
facet normal 1.41888889913246e-016 -2.30985366287098e-018 1.0
outer loop
vertex 87.3700645375293 21.1382833675637 34.9336441091219
vertex 87.3610441696974 20.0894754191994 34.9336441091219
vertex 87.6194716118772 20.0415787238816 34.9336441091219
endloop
endfacet
facet normal 1.41888889913246e-016 -2.30985366287098e-018 1.0
outer loop
vertex 87.3700645375293 21.1382833675637 34.9336441091219
vertex 87.6194716118772 20.0415787238816 34.9336441091219
vertex 87.5735892507158 21.0894214069797 34.9336441091219
endloop
endfacet
facet normal 1.41888889913246e-016 -2.30985366287098e-018 1.0
outer loop
vertex 87.5735892507158 21.0894214069797 34.9336441091219
vertex 87.6194716118772 20.0415787238816 34.9336441091219
vertex 87.7793922777872 21.0512780704983 34.9336441091219
endloop
endfacet
facet normal 1.41888889913246e-016 -2.30985366287098e-018 1.0
outer loop
vertex 87.7793922777872 21.0512780704983 34.9336441091219
vertex 87.6194716118772 20.0415787238816 34.9336441091219
vertex 87.8800516075794 20.0072727166261 34.9336441091219
endloop
endfacet
facet normal 1.41888889913246e-016 -2.30985366287098e-018 1.0
outer loop
vertex 87.7793922777872 21.0512780704983 34.9336441091219
vertex 87.8800516075794 20.0072727166261 34.9336441091219
vertex 87.9869095269517 21.0239579063533 34.9336441091219
endloop
endfacet
facet normal 1.41888889913246e-016 -2.30985366287098e-018 1.0
outer loop
vertex 87.9869095269517 21.0239579063533 34.9336441091219
vertex 87.8800516075794 20.0072727166261 34.9336441091219
vertex 88.1420699251485 19.9866514278141 34.9336441091219
endloop
endfacet
facet normal 1.41888889913246e-016 -2.30985366287098e-018 1.0
outer loop
vertex 87.9869095269517 21.0239579063533 34.9336441091219
vertex 88.1420699251485 19.9866514278141 34.9336441091219
vertex 88.1955722078536 21.0075357972157 34.9336441091219
endloop
endfacet
facet normal 1.41888889913246e-016 -2.30985366287098e-018 1.0
outer loop
vertex 88.1955722078536 21.0075357972157 34.9336441091219
vertex 88.1420699251485 19.9866514278141 34.9336441091219
vertex 88.4048083905885 19.9797713789649 34.9336441091219
endloop
endfacet
facet normal 1.41888889913246e-016 -2.30985366287098e-018 1.0
outer loop
vertex 88.1955722078536 21.0075357972157 34.9336441091219
vertex 88.4048083905885 19.9797713789649 34.9336441091219
vertex 88.4048083905885 21.0020567549452 34.9336441091219
endloop
endfacet
facet normal 1.41888889913246e-016 -2.30985366287098e-018 1.0
outer loop
vertex 88.4048083905885 21.0020567549452 34.9336441091219
vertex 88.4048083905885 19.9797713789649 34.9336441091219
vertex 88.6675468560286 19.9866514278141 34.9336441091219
endloop
endfacet
facet normal 1.41888889913246e-016 -2.30985366287098e-018 1.0
outer loop
vertex 88.4048083905885 21.0020567549452 34.9336441091219
vertex 88.6675468560286 19.9866514278141 34.9336441091219
vertex 88.6140445733235 21.0075357972157 34.9336441091219
endloop
endfacet
facet normal 1.41888889913246e-016 -2.30985366287098e-018 1.0
outer loop
vertex 88.6140445733235 21.0075357972157 34.9336441091219
vertex 88.6675468560286 19.9866514278141 34.9336441091219
vertex 88.8227072542254 21.0239579063533 34.9336441091219
endloop
endfacet
facet normal 1.41888889913246e-016 -2.30985366287098e-018 1.0
outer loop
vertex 88.8227072542254 21.0239579063533 34.9336441091219
vertex 88.6675468560286 19.9866514278141 34.9336441091219
vertex 88.9295651735976 20.0072727166261 34.9336441091219
endloop
endfacet
facet normal 1.41888889913246e-016 -2.30985366287098e-018 1.0
outer loop
vertex 88.8227072542254 21.0239579063533 34.9336441091219
vertex 88.9295651735976 20.0072727166261 34.9336441091219
vertex 89.0302245033899 21.0512780704983 34.9336441091219
endloop
endfacet
facet normal 1.41888889913246e-016 -2.30985366287098e-018 1.0
outer loop
vertex 89.0302245033899 21.0512780704983 34.9336441091219
vertex 88.9295651735976 20.0072727166261 34.9336441091219
vertex 89.1901451692998 20.0415787238816 34.9336441091219
endloop
endfacet
facet normal 1.41888889913246e-016 -2.30985366287098e-018 1.0
outer loop
vertex 89.0302245033899 21.0512780704983 34.9336441091219
vertex 89.1901451692998 20.0415787238816 34.9336441091219
vertex 89.2360275304613 21.0894214069797 34.9336441091219
endloop
endfacet
facet normal 1.41888889913246e-016 -2.30985366287098e-018 1.0
outer loop
vertex 89.2360275304613 21.0894214069797 34.9336441091219
vertex 89.1901451692998 20.0415787238816 34.9336441091219
vertex 89.4485726114796 20.0894754191993 34.9336441091219
endloop
endfacet
facet normal 1.41888889913246e-016 -2.30985366287098e-018 1.0
outer loop
vertex 89.2360275304613 21.0894214069797 34.9336441091219
vertex 89.4485726114796 20.0894754191993 34.9336441091219
vertex 89.4395522436477 21.1382833675637 34.9336441091219
endloop
endfacet
facet normal 1.41888889913246e-016 -2.30985366287098e-018 1.0
outer loop
vertex 89.4395522436477 21.1382833675637 34.9336441091219
vertex 89.4485726114796 20.0894754191993 34.9336441091219
vertex 89.6402407958571 21.1977300250125 34.9336441091219
endloop
endfacet
facet normal 1.41888889913246e-016 -2.30985366287098e-018 1.0
outer loop
vertex 89.6402407958571 21.1977300250125 34.9336441091219
vertex 89.4485726114796 20.0894754191993 34.9336441091219
vertex 89.7041391684812 20.1508315210667 34.9336441091219
endloop
endfacet
facet normal 1.41888889913246e-016 -2.30985366287098e-018 1.0
outer loop
vertex 89.6402407958571 21.1977300250125 34.9336441091219
vertex 89.7041391684812 20.1508315210667 34.9336441091219
vertex 89.8375431137173 21.2675984401701 34.9336441091219
endloop
endfacet
facet normal 1.41888889913246e-016 -2.30985366287098e-018 1.0
outer loop
vertex 89.8375431137173 21.2675984401701 34.9336441091219
vertex 89.7041391684812 20.1508315210667 34.9336441091219
vertex 89.956144350136 20.2254788566732 34.9336441091219
endloop
endfacet
facet normal 1.41888889913246e-016 -2.30985366287098e-018 1.0
outer loop
vertex 89.8375431137173 21.2675984401701 34.9336441091219
vertex 89.956144350136 20.2254788566732 34.9336441091219
vertex 90.0309184052897 21.3476971085673 34.9336441091219
endloop
endfacet
facet normal 1.41888889913246e-016 -2.30985366287098e-018 1.0
outer loop
vertex 90.0309184052897 21.3476971085673 34.9336441091219
vertex 89.956144350136 20.2254788566732 34.9336441091219
vertex 90.2038974277575 20.3132128228606 34.9336441091219
endloop
endfacet
facet normal 1.41888889913246e-016 -2.30985366287098e-018 1.0
outer loop
vertex 90.0309184052897 21.3476971085673 34.9336441091219
vertex 90.2038974277575 20.3132128228606 34.9336441091219
vertex 90.2198366423413 21.4378064853214 34.9336441091219
endloop
endfacet
facet normal 1.41888889913246e-016 -2.30985366287098e-018 1.0
outer loop
vertex 90.2198366423413 21.4378064853214 34.9336441091219
vertex 90.2038974277575 20.3132128228606 34.9336441091219
vertex 90.4467193273815 20.413792946926 34.9336441091219
endloop
endfacet
facet normal 1.41888889913246e-016 -2.30985366287098e-018 1.0
outer loop
vertex 90.2198366423413 21.4378064853214 34.9336441091219
vertex 90.4467193273815 20.413792946926 34.9336441091219
vertex 90.4037800131159 21.5376795868942 34.9336441091219
endloop
endfacet
facet normal 1.41888889913246e-016 -2.30985366287098e-018 1.0
outer loop
vertex 90.4037800131159 21.5376795868942 34.9336441091219
vertex 90.4467193273815 20.413792946926 34.9336441091219
vertex 90.5822443416201 21.6470426680563 34.9336441091219
endloop
endfacet
facet normal 1.41888889913246e-016 -2.30985366287098e-018 1.0
outer loop
vertex 90.5822443416201 21.6470426680563 34.9336441091219
vertex 90.4467193273815 20.413792946926 34.9336441091219
vertex 90.683944491059 20.5269435457406 34.9336441091219
endloop
endfacet
facet normal 1.41888889913246e-016 -2.30985366287098e-018 1.0
outer loop
vertex 90.5822443416201 21.6470426680563 34.9336441091219
vertex 90.683944491059 20.5269435457406 34.9336441091219
vertex 90.754740469534 21.7655959722041 34.9336441091219
endloop
endfacet
facet normal 1.41888889913246e-016 -2.30985366287098e-018 1.0
outer loop
vertex 90.754740469534 21.7655959722041 34.9336441091219
vertex 90.683944491059 20.5269435457406 34.9336441091219
vertex 90.9149227011061 20.6523544813779 34.9336441091219
endloop
endfacet
facet normal 1.41888889913246e-016 -2.30985366287098e-018 1.0
outer loop
vertex 90.754740469534 21.7655959722041 34.9336441091219
vertex 90.9149227011061 20.6523544813779 34.9336441091219
vertex 90.9207955969615 21.8930145529715 34.9336441091219
endloop
endfacet
facet normal 1.41888889913246e-016 -2.30985366287098e-018 1.0
outer loop
vertex 90.9207955969615 21.8930145529715 34.9336441091219
vertex 90.9149227011061 20.6523544813779 34.9336441091219
vertex 91.139020862304 20.7896820111807 34.9336441091219
endloop
endfacet
facet normal 1.41888889913246e-016 -2.30985366287098e-018 1.0
outer loop
vertex 90.9207955969615 21.8930145529715 34.9336441091219
vertex 91.139020862304 20.7896820111807 34.9336441091219
vertex 91.0799545783404 22.0289491648853 34.9336441091219
endloop
endfacet
facet normal 1.41888889913246e-016 -2.30985366287098e-018 1.0
outer loop
vertex 91.0799545783404 22.0289491648853 34.9336441091219
vertex 91.139020862304 20.7896820111807 34.9336441091219
vertex 91.2317811699657 22.1730272206228 34.9336441091219
endloop
endfacet
facet normal 1.41888889913246e-016 -2.30985366287098e-018 1.0
outer loop
vertex 91.2317811699657 22.1730272206228 34.9336441091219
vertex 91.139020862304 20.7896820111807 34.9336441091219
vertex 91.3556247371695 20.938549729935 34.9336441091219
endloop
endfacet
facet normal 1.41888889913246e-016 -2.30985366287098e-018 1.0
outer loop
vertex 91.2317811699657 22.1730272206228 34.9336441091219
vertex 91.3556247371695 20.938549729935 34.9336441091219
vertex 91.3758592257033 22.3248538122482 34.9336441091219
endloop
endfacet
facet normal 1.41888889913246e-016 -2.30985366287098e-018 1.0
outer loop
vertex 91.3758592257033 22.3248538122482 34.9336441091219
vertex 91.3556247371695 20.938549729935 34.9336441091219
vertex 91.5641406295379 21.0985496015719 34.9336441091219
endloop
endfacet
facet normal 1.41888889913246e-016 -2.30985366287098e-018 1.0
outer loop
vertex 91.3758592257033 22.3248538122482 34.9336441091219
vertex 91.5641406295379 21.0985496015719 34.9336441091219
vertex 91.511793837617 22.484012793627 34.9336441091219
endloop
endfacet
facet normal 1.41888889913246e-016 -2.30985366287098e-018 1.0
outer loop
vertex 91.511793837617 22.484012793627 34.9336441091219
vertex 91.5641406295379 21.0985496015719 34.9336441091219
vertex 91.6392124183844 22.6500679210545 34.9336441091219
endloop
endfacet
facet normal 1.41888889913246e-016 -2.30985366287098e-018 1.0
outer loop
vertex 91.6392124183844 22.6500679210545 34.9336441091219
vertex 91.5641406295379 21.0985496015719 34.9336441091219
vertex 91.7639970118419 21.2692430775643 34.9336441091219
endloop
endfacet
facet normal 1.41888889913246e-016 -2.30985366287098e-018 1.0
outer loop
vertex 91.6392124183844 22.6500679210545 34.9336441091219
vertex 91.7639970118419 21.2692430775643 34.9336441091219
vertex 91.7577657225322 22.8225640489685 34.9336441091219
endloop
endfacet
facet normal 1.41888889913246e-016 -2.30985366287098e-018 1.0
outer loop
vertex 91.7577657225322 22.8225640489685 34.9336441091219
vertex 91.7639970118419 21.2692430775643 34.9336441091219
vertex 91.8671288036944 23.0010283774726 34.9336441091219
endloop
endfacet
facet normal 1.41888889913246e-016 -2.30985366287098e-018 1.0
outer loop
vertex 91.8671288036944 23.0010283774726 34.9336441091219
vertex 91.7639970118419 21.2692430775643 34.9336441091219
vertex 91.9546460916292 21.4501622989592 34.9336441091219
endloop
endfacet
facet normal 1.41888889913246e-016 -2.30985366287098e-018 1.0
outer loop
vertex 91.8671288036944 23.0010283774726 34.9336441091219
vertex 91.9546460916292 21.4501622989592 34.9336441091219
vertex 91.9670019052671 23.1849717482472 34.9336441091219
endloop
endfacet
facet normal 1.41888889913246e-016 -2.30985366287098e-018 1.0
outer loop
vertex 91.9670019052671 23.1849717482472 34.9336441091219
vertex 91.9546460916292 21.4501622989592 34.9336441091219
vertex 92.1355653130243 21.6408113787467 34.9336441091219
endloop
endfacet
facet normal 1.41888889913246e-016 -2.30985366287098e-018 1.0
outer loop
vertex 91.9670019052671 23.1849717482472 34.9336441091219
vertex 92.1355653130243 21.6408113787467 34.9336441091219
vertex 92.0571112820212 23.3738899852988 34.9336441091219
endloop
endfacet
facet normal 1.41888889913246e-016 -2.30985366287098e-018 1.0
outer loop
vertex 92.0571112820212 23.3738899852988 34.9336441091219
vertex 92.1355653130243 21.6408113787467 34.9336441091219
vertex 92.1372099504184 23.5672652768713 34.9336441091219
endloop
endfacet
facet normal 1.41888889913246e-016 -2.30985366287098e-018 1.0
outer loop
vertex 92.1372099504184 23.5672652768713 34.9336441091219
vertex 92.1355653130243 21.6408113787467 34.9336441091219
vertex 92.3062587890166 21.8406677610506 34.9336441091219
endloop
endfacet
facet normal 1.41888889913246e-016 -2.30985366287098e-018 1.0
outer loop
vertex 92.1372099504184 23.5672652768713 34.9336441091219
vertex 92.3062587890166 21.8406677610506 34.9336441091219
vertex 92.2070783655761 23.7645675947316 34.9336441091219
endloop
endfacet
facet normal 1.41888889913246e-016 -2.30985366287098e-018 1.0
outer loop
vertex 92.2070783655761 23.7645675947316 34.9336441091219
vertex 92.3062587890166 21.8406677610506 34.9336441091219
vertex 92.2665250230249 23.9652561469408 34.9336441091219
endloop
endfacet
facet normal 1.41888889913246e-016 -2.30985366287098e-018 1.0
outer loop
vertex 92.2665250230249 23.9652561469408 34.9336441091219
vertex 92.3062587890166 21.8406677610506 34.9336441091219
vertex 92.3153869836088 24.1687808601271 34.9336441091219
endloop
endfacet
facet normal 1.41888889913246e-016 -2.30985366287098e-018 1.0
outer loop
vertex 92.3153869836088 24.1687808601271 34.9336441091219
vertex 92.3062587890166 21.8406677610506 34.9336441091219
vertex 92.4662586606534 22.049183653419 34.9336441091219
endloop
endfacet
facet normal 1.41888889913246e-016 -2.30985366287098e-018 1.0
outer loop
vertex 92.3153869836088 24.1687808601271 34.9336441091219
vertex 92.4662586606534 22.049183653419 34.9336441091219
vertex 92.3535303200903 24.3745838871987 34.9336441091219
endloop
endfacet
facet normal 1.41888889913246e-016 -2.30985366287098e-018 1.0
outer loop
vertex 92.3535303200903 24.3745838871987 34.9336441091219
vertex 92.4662586606534 22.049183653419 34.9336441091219
vertex 92.3808504842352 24.5821011363631 34.9336441091219
endloop
endfacet
facet normal 1.41888889913246e-016 -2.30985366287098e-018 1.0
outer loop
vertex 92.3808504842352 24.5821011363631 34.9336441091219
vertex 92.4662586606534 22.049183653419 34.9336441091219
vertex 92.3972725933728 24.790763817265 34.9336441091219
endloop
endfacet
facet normal 1.41888889913246e-016 -2.30985366287098e-018 1.0
outer loop
vertex 92.3972725933728 24.790763817265 34.9336441091219
vertex 92.4662586606534 22.049183653419 34.9336441091219
vertex 92.4027516356433 25.0 34.9336441091219
endloop
endfacet
facet normal 1.41888889913246e-016 -2.30985366287098e-018 1.0
outer loop
vertex 92.4027516356433 25.0 34.9336441091219
vertex 92.4662586606534 22.049183653419 34.9336441091219
vertex 92.4662586606534 27.950816346581 34.9336441091219
endloop
endfacet
facet normal 1.41888889913246e-016 -2.30985366287098e-018 1.0
outer loop
vertex 92.4662586606534 27.950816346581 34.9336441091219
vertex 92.4662586606534 22.049183653419 34.9336441091219
vertex 92.6151263794079 27.7342124717154 34.9336441091219
endloop
endfacet
facet normal 1.41888889913246e-016 -2.30985366287098e-018 1.0
outer loop
vertex 92.6151263794079 27.7342124717154 34.9336441091219
vertex 92.4662586606534 22.049183653419 34.9336441091219
vertex 92.6151263794079 22.2657875282846 34.9336441091219
endloop
endfacet
facet normal 1.41888889913246e-016 -2.30985366287098e-018 1.0
outer loop
vertex 92.6151263794079 27.7342124717154 34.9336441091219
vertex 92.6151263794079 22.2657875282846 34.9336441091219
vertex 92.7524539092107 27.5101143105175 34.9336441091219
endloop
endfacet
facet normal 1.41888889913246e-016 -2.30985366287098e-018 1.0
outer loop
vertex 92.7524539092107 27.5101143105175 34.9336441091219
vertex 92.6151263794079 22.2657875282846 34.9336441091219
vertex 92.7524539092107 22.4898856894825 34.9336441091219
endloop
endfacet
facet normal 1.41888889913246e-016 -2.30985366287098e-018 1.0
outer loop
vertex 92.7524539092107 27.5101143105175 34.9336441091219
vertex 92.7524539092107 22.4898856894825 34.9336441091219
vertex 92.8778648448479 27.2791361004706 34.9336441091219
endloop
endfacet
facet normal 1.41888889913246e-016 -2.30985366287098e-018 1.0
outer loop
vertex 92.8778648448479 27.2791361004706 34.9336441091219
vertex 92.7524539092107 22.4898856894825 34.9336441091219
vertex 92.8778648448479 22.7208638995294 34.9336441091219
endloop
endfacet
facet normal 1.41888889913246e-016 -2.30985366287098e-018 1.0
outer loop
vertex 92.8778648448479 27.2791361004706 34.9336441091219
vertex 92.8778648448479 22.7208638995294 34.9336441091219
vertex 92.9910154436626 27.0419109367927 34.9336441091219
endloop
endfacet
facet normal 1.41888889913246e-016 -2.30985366287098e-018 1.0
outer loop
vertex 92.9910154436626 27.0419109367927 34.9336441091219
vertex 92.8778648448479 22.7208638995294 34.9336441091219
vertex 92.9910154436625 22.9580890632071 34.9336441091219
endloop
endfacet
facet normal 1.41888889913246e-016 -2.30985366287098e-018 1.0
outer loop
vertex 92.9910154436626 27.0419109367927 34.9336441091219
vertex 92.9910154436625 22.9580890632071 34.9336441091219
vertex 93.091595567728 23.2009109628311 34.9336441091219
endloop
endfacet
facet normal 1.41888889913246e-016 -2.30985366287098e-018 1.0
outer loop
vertex 92.9910154436626 27.0419109367927 34.9336441091219
vertex 93.091595567728 23.2009109628311 34.9336441091219
vertex 93.0915955677279 26.799089037169 34.9336441091219
endloop
endfacet
facet normal 1.41888889913246e-016 -2.30985366287098e-018 1.0
outer loop
vertex 93.0915955677279 26.799089037169 34.9336441091219
vertex 93.091595567728 23.2009109628311 34.9336441091219
vertex 93.1793295339154 26.5513359595473 34.9336441091219
endloop
endfacet
facet normal 1.41888889913246e-016 -2.30985366287098e-018 1.0
outer loop
vertex 93.1793295339154 26.5513359595473 34.9336441091219
vertex 93.091595567728 23.2009109628311 34.9336441091219
vertex 93.1793295339154 23.4486640404526 34.9336441091219
endloop
endfacet
facet normal 1.41888889913246e-016 -2.30985366287098e-018 1.0
outer loop
vertex 93.1793295339154 26.5513359595473 34.9336441091219
vertex 93.1793295339154 23.4486640404526 34.9336441091219
vertex 93.2539768695219 23.7006692221073 34.9336441091219
endloop
endfacet
facet normal 1.41888889913246e-016 -2.30985366287098e-018 1.0
outer loop
vertex 93.1793295339154 26.5513359595473 34.9336441091219
vertex 93.2539768695219 23.7006692221073 34.9336441091219
vertex 93.2539768695219 26.2993307778928 34.9336441091219
endloop
endfacet
facet normal 1.41888889913246e-016 -2.30985366287098e-018 1.0
outer loop
vertex 93.2539768695219 26.2993307778928 34.9336441091219
vertex 93.2539768695219 23.7006692221073 34.9336441091219
vertex 93.3153329713892 26.0437642208911 34.9336441091219
endloop
endfacet
facet normal 1.41888889913246e-016 -2.30985366287098e-018 1.0
outer loop
vertex 93.3153329713892 26.0437642208911 34.9336441091219
vertex 93.2539768695219 23.7006692221073 34.9336441091219
vertex 93.3153329713891 23.9562357791087 34.9336441091219
endloop
endfacet
facet normal 1.41888889913246e-016 -2.30985366287098e-018 1.0
outer loop
vertex 93.3153329713892 26.0437642208911 34.9336441091219
vertex 93.3153329713891 23.9562357791087 34.9336441091219
vertex 93.3632296667069 24.2146632212888 34.9336441091219
endloop
endfacet
facet normal 1.41888889913246e-016 -2.30985366287098e-018 1.0
outer loop
vertex 93.3153329713892 26.0437642208911 34.9336441091219
vertex 93.3632296667069 24.2146632212888 34.9336441091219
vertex 93.3632296667069 25.7853367787113 34.9336441091219
endloop
endfacet
facet normal 1.41888889913246e-016 -2.30985366287098e-018 1.0
outer loop
vertex 93.3632296667069 25.7853367787113 34.9336441091219
vertex 93.3632296667069 24.2146632212888 34.9336441091219
vertex 93.3975356739624 24.4752432169909 34.9336441091219
endloop
endfacet
facet normal 1.41888889913246e-016 -2.30985366287098e-018 1.0
outer loop
vertex 93.3632296667069 25.7853367787113 34.9336441091219
vertex 93.3975356739624 24.4752432169909 34.9336441091219
vertex 93.3975356739624 25.5247567830091 34.9336441091219
endloop
endfacet
facet normal 1.41888889913246e-016 -2.30985366287098e-018 1.0
outer loop
vertex 93.3975356739624 25.5247567830091 34.9336441091219
vertex 93.3975356739624 24.4752432169909 34.9336441091219
vertex 93.4181569627744 24.73726153456 34.9336441091219
endloop
endfacet
facet normal 1.41888889913246e-016 -2.30985366287098e-018 1.0
outer loop
vertex 93.3975356739624 25.5247567830091 34.9336441091219
vertex 93.4181569627744 24.73726153456 34.9336441091219
vertex 93.4181569627744 25.26273846544 34.9336441091219
endloop
endfacet
facet normal 1.41888889913246e-016 -2.30985366287098e-018 1.0
outer loop
vertex 93.4181569627744 25.26273846544 34.9336441091219
vertex 93.4181569627744 24.73726153456 34.9336441091219
vertex 93.4250370116236 25.0 34.9336441091219
endloop
endfacet
facet normal 1.41888889913246e-016 -2.30985366287098e-018 1.0
outer loop
vertex 84.3433581205237 27.950816346581 34.9336441091219
vertex 84.4123441878043 25.209236182735 34.9336441091219
vertex 84.5033579921604 28.1593322389494 34.9336441091219
endloop
endfacet
facet normal 1.41888889913246e-016 -2.30985366287098e-018 1.0
outer loop
vertex 84.4123441878043 25.209236182735 34.9336441091219
vertex 84.3433581205237 27.950816346581 34.9336441091219
vertex 84.4068651455337 25.0 34.9336441091219
endloop
endfacet
facet normal 1.41888889913246e-016 -2.30985366287098e-018 1.0
outer loop
vertex 84.5033579921604 28.1593322389494 34.9336441091219
vertex 84.4123441878043 25.209236182735 34.9336441091219
vertex 84.4287662969419 25.4178988636369 34.9336441091219
endloop
endfacet
facet normal 1.41888889913246e-016 -2.30985366287098e-018 1.0
outer loop
vertex 84.5033579921604 28.1593322389494 34.9336441091219
vertex 84.4287662969419 25.4178988636369 34.9336441091219
vertex 84.4560864610868 25.6254161128013 34.9336441091219
endloop
endfacet
facet normal 1.41888889913246e-016 -2.30985366287098e-018 1.0
outer loop
vertex 84.5033579921604 28.1593322389494 34.9336441091219
vertex 84.4560864610868 25.6254161128013 34.9336441091219
vertex 84.4681230189482 25.7168428466797 34.9336441091219
endloop
endfacet
facet normal 1.41888889913246e-016 -2.30985366287098e-018 1.0
outer loop
vertex 84.5033579921604 28.1593322389494 34.9336441091219
vertex 84.4681230189482 25.7168428466797 34.9336441091219
vertex 84.4942297975683 25.8312191398728 34.9336441091219
endloop
endfacet
facet normal 1.41888889913246e-016 -2.30985366287098e-018 1.0
outer loop
vertex 84.5033579921604 28.1593322389494 34.9336441091219
vertex 84.4942297975683 25.8312191398728 34.9336441091219
vertex 84.5430917581522 26.0347438530592 34.9336441091219
endloop
endfacet
facet normal 1.41888889913246e-016 -2.30985366287098e-018 1.0
outer loop
vertex 84.5033579921604 28.1593322389494 34.9336441091219
vertex 84.5430917581522 26.0347438530592 34.9336441091219
vertex 84.6740514681528 28.3591886212534 34.9336441091219
endloop
endfacet
facet normal 1.41888889913246e-016 -2.30985366287098e-018 1.0
outer loop
vertex 84.6740514681528 28.3591886212534 34.9336441091219
vertex 84.5430917581522 26.0347438530592 34.9336441091219
vertex 84.602538415601 26.2354324052684 34.9336441091219
endloop
endfacet
facet normal 1.41888889913246e-016 -2.30985366287098e-018 1.0
outer loop
vertex 84.6740514681528 28.3591886212534 34.9336441091219
vertex 84.602538415601 26.2354324052684 34.9336441091219
vertex 84.6724068307587 26.4327347231288 34.9336441091219
endloop
endfacet
facet normal 1.41888889913246e-016 -2.30985366287098e-018 1.0
outer loop
vertex 84.6740514681528 28.3591886212534 34.9336441091219
vertex 84.6724068307587 26.4327347231288 34.9336441091219
vertex 84.7525054991558 26.6261100147012 34.9336441091219
endloop
endfacet
facet normal 1.41888889913246e-016 -2.30985366287098e-018 1.0
outer loop
vertex 84.6740514681528 28.3591886212534 34.9336441091219
vertex 84.7525054991558 26.6261100147012 34.9336441091219
vertex 84.8549706895478 28.5498377010407 34.9336441091219
endloop
endfacet
facet normal 1.41888889913246e-016 -2.30985366287098e-018 1.0
outer loop
vertex 84.8549706895478 28.5498377010407 34.9336441091219
vertex 84.7525054991558 26.6261100147012 34.9336441091219
vertex 84.8426148759099 26.8150282517528 34.9336441091219
endloop
endfacet
facet normal 1.41888889913246e-016 -2.30985366287098e-018 1.0
outer loop
vertex 84.8549706895478 28.5498377010407 34.9336441091219
vertex 84.8426148759099 26.8150282517528 34.9336441091219
vertex 84.9424879774827 26.9989716225274 34.9336441091219
endloop
endfacet
facet normal 1.41888889913246e-016 -2.30985366287098e-018 1.0
outer loop
vertex 84.8549706895478 28.5498377010407 34.9336441091219
vertex 84.9424879774827 26.9989716225274 34.9336441091219
vertex 85.0456197693353 28.7307569224358 34.9336441091219
endloop
endfacet
facet normal 1.41888889913246e-016 -2.30985366287098e-018 1.0
outer loop
vertex 85.0456197693353 28.7307569224358 34.9336441091219
vertex 84.9424879774827 26.9989716225274 34.9336441091219
vertex 85.0518510586449 27.1774359510315 34.9336441091219
endloop
endfacet
facet normal 1.41888889913246e-016 -2.30985366287098e-018 1.0
outer loop
vertex 85.0456197693353 28.7307569224358 34.9336441091219
vertex 85.0518510586449 27.1774359510315 34.9336441091219
vertex 85.2454761516392 28.9014503984281 34.9336441091219
endloop
endfacet
facet normal 1.41888889913246e-016 -2.30985366287098e-018 1.0
outer loop
vertex 85.2454761516392 28.9014503984281 34.9336441091219
vertex 85.0518510586449 27.1774359510315 34.9336441091219
vertex 85.1704043627927 27.3499320789455 34.9336441091219
endloop
endfacet
facet normal 1.41888889913246e-016 -2.30985366287098e-018 1.0
outer loop
vertex 85.2454761516392 28.9014503984281 34.9336441091219
vertex 85.1704043627927 27.3499320789455 34.9336441091219
vertex 85.2978229435601 27.515987206373 34.9336441091219
endloop
endfacet
facet normal 1.41888889913246e-016 -2.30985366287098e-018 1.0
outer loop
vertex 85.2454761516392 28.9014503984281 34.9336441091219
vertex 85.2978229435601 27.515987206373 34.9336441091219
vertex 85.4539920440075 29.0614502700649 34.9336441091219
endloop
endfacet
facet normal 1.41888889913246e-016 -2.30985366287098e-018 1.0
outer loop
vertex 85.4539920440075 29.0614502700649 34.9336441091219
vertex 85.2978229435601 27.515987206373 34.9336441091219
vertex 85.4337575554738 27.6751461877519 34.9336441091219
endloop
endfacet
facet normal 1.41888889913246e-016 -2.30985366287098e-018 1.0
outer loop
vertex 85.4539920440075 29.0614502700649 34.9336441091219
vertex 85.4337575554738 27.6751461877519 34.9336441091219
vertex 85.5778356112113 27.8269727793772 34.9336441091219
endloop
endfacet
facet normal 1.41888889913246e-016 -2.30985366287098e-018 1.0
outer loop
vertex 85.4539920440075 29.0614502700649 34.9336441091219
vertex 85.5778356112113 27.8269727793772 34.9336441091219
vertex 85.6705959188732 29.2103179888194 34.9336441091219
endloop
endfacet
facet normal 1.41888889913246e-016 -2.30985366287098e-018 1.0
outer loop
vertex 85.6705959188732 29.2103179888194 34.9336441091219
vertex 85.5778356112113 27.8269727793772 34.9336441091219
vertex 85.7296622028367 27.9710508351148 34.9336441091219
endloop
endfacet
facet normal 1.41888889913246e-016 -2.30985366287098e-018 1.0
outer loop
vertex 85.6705959188732 29.2103179888194 34.9336441091219
vertex 85.7296622028367 27.9710508351148 34.9336441091219
vertex 85.8946940800709 29.3476455186221 34.9336441091219
endloop
endfacet
facet normal 1.41888889913246e-016 -2.30985366287098e-018 1.0
outer loop
vertex 85.8946940800709 29.3476455186221 34.9336441091219
vertex 85.7296622028367 27.9710508351148 34.9336441091219
vertex 85.8888211842156 28.1069854470285 34.9336441091219
endloop
endfacet
facet normal 1.41888889913246e-016 -2.30985366287098e-018 1.0
outer loop
vertex 85.8946940800709 29.3476455186221 34.9336441091219
vertex 85.8888211842156 28.1069854470285 34.9336441091219
vertex 86.054876311643 28.2344040277959 34.9336441091219
endloop
endfacet
facet normal 1.41888889913246e-016 -2.30985366287098e-018 1.0
outer loop
vertex 85.8946940800709 29.3476455186221 34.9336441091219
vertex 86.054876311643 28.2344040277959 34.9336441091219
vertex 86.1256722901181 29.4730564542595 34.9336441091219
endloop
endfacet
facet normal 1.41888889913246e-016 -2.30985366287098e-018 1.0
outer loop
vertex 86.1256722901181 29.4730564542595 34.9336441091219
vertex 86.054876311643 28.2344040277959 34.9336441091219
vertex 86.227372439557 28.3529573319437 34.9336441091219
endloop
endfacet
facet normal 1.41888889913246e-016 -2.30985366287098e-018 1.0
outer loop
vertex 86.1256722901181 29.4730564542595 34.9336441091219
vertex 86.227372439557 28.3529573319437 34.9336441091219
vertex 86.3628974537957 29.586207053074 34.9336441091219
endloop
endfacet
facet normal 1.41888889913246e-016 -2.30985366287098e-018 1.0
outer loop
vertex 86.3628974537957 29.586207053074 34.9336441091219
vertex 86.227372439557 28.3529573319437 34.9336441091219
vertex 86.4058367680611 28.4623204131058 34.9336441091219
endloop
endfacet
facet normal 1.41888889913246e-016 -2.30985366287098e-018 1.0
outer loop
vertex 86.3628974537957 29.586207053074 34.9336441091219
vertex 86.4058367680611 28.4623204131058 34.9336441091219
vertex 86.6057193534196 29.6867871771394 34.9336441091219
endloop
endfacet
facet normal 1.41888889913246e-016 -2.30985366287098e-018 1.0
outer loop
vertex 86.6057193534196 29.6867871771394 34.9336441091219
vertex 86.4058367680611 28.4623204131058 34.9336441091219
vertex 86.5897801388357 28.5621935146786 34.9336441091219
endloop
endfacet
facet normal 1.41888889913246e-016 -2.30985366287098e-018 1.0
outer loop
vertex 86.6057193534196 29.6867871771394 34.9336441091219
vertex 86.5897801388357 28.5621935146786 34.9336441091219
vertex 86.7786983758874 28.6523028914327 34.9336441091219
endloop
endfacet
facet normal 1.41888889913246e-016 -2.30985366287098e-018 1.0
outer loop
vertex 86.6057193534196 29.6867871771394 34.9336441091219
vertex 86.7786983758874 28.6523028914327 34.9336441091219
vertex 86.8534724310412 29.7745211433268 34.9336441091219
endloop
endfacet
facet normal 1.41888889913246e-016 -2.30985366287098e-018 1.0
outer loop
vertex 86.8534724310412 29.7745211433268 34.9336441091219
vertex 86.7786983758874 28.6523028914327 34.9336441091219
vertex 86.9720736674598 28.7324015598299 34.9336441091219
endloop
endfacet
facet normal 1.41888889913246e-016 -2.30985366287098e-018 1.0
outer loop
vertex 86.8534724310412 29.7745211433268 34.9336441091219
vertex 86.9720736674598 28.7324015598299 34.9336441091219
vertex 87.105477612696 29.8491684789334 34.9336441091219
endloop
endfacet
facet normal 1.41888889913246e-016 -2.30985366287098e-018 1.0
outer loop
vertex 87.105477612696 29.8491684789334 34.9336441091219
vertex 86.9720736674598 28.7324015598299 34.9336441091219
vertex 87.1693759853201 28.8022699749876 34.9336441091219
endloop
endfacet
facet normal 1.41888889913246e-016 -2.30985366287098e-018 1.0
outer loop
vertex 87.105477612696 29.8491684789334 34.9336441091219
vertex 87.1693759853201 28.8022699749876 34.9336441091219
vertex 87.3610441696974 29.9105245808007 34.9336441091219
endloop
endfacet
facet normal 1.41888889913246e-016 -2.30985366287098e-018 1.0
outer loop
vertex 87.3610441696974 29.9105245808007 34.9336441091219
vertex 87.1693759853201 28.8022699749876 34.9336441091219
vertex 87.3700645375294 28.8617166324363 34.9336441091219
endloop
endfacet
facet normal 1.41888889913246e-016 -2.30985366287098e-018 1.0
outer loop
vertex 87.3610441696974 29.9105245808007 34.9336441091219
vertex 87.3700645375294 28.8617166324363 34.9336441091219
vertex 87.6194716118773 29.9584212761184 34.9336441091219
endloop
endfacet
facet normal 1.41888889913246e-016 -2.30985366287098e-018 1.0
outer loop
vertex 87.6194716118773 29.9584212761184 34.9336441091219
vertex 87.3700645375294 28.8617166324363 34.9336441091219
vertex 87.5735892507158 28.9105785930203 34.9336441091219
endloop
endfacet
facet normal 1.41888889913246e-016 -2.30985366287098e-018 1.0
outer loop
vertex 87.6194716118773 29.9584212761184 34.9336441091219
vertex 87.5735892507158 28.9105785930203 34.9336441091219
vertex 87.7793922777872 28.9487219295017 34.9336441091219
endloop
endfacet
facet normal 1.41888889913246e-016 -2.30985366287098e-018 1.0
outer loop
vertex 87.6194716118773 29.9584212761184 34.9336441091219
vertex 87.7793922777872 28.9487219295017 34.9336441091219
vertex 87.8800516075794 29.9927272833739 34.9336441091219
endloop
endfacet
facet normal 1.41888889913246e-016 -2.30985366287098e-018 1.0
outer loop
vertex 87.8800516075794 29.9927272833739 34.9336441091219
vertex 87.7793922777872 28.9487219295017 34.9336441091219
vertex 87.9869095269517 28.9760420936467 34.9336441091219
endloop
endfacet
facet normal 1.41888889913246e-016 -2.30985366287098e-018 1.0
outer loop
vertex 87.8800516075794 29.9927272833739 34.9336441091219
vertex 87.9869095269517 28.9760420936467 34.9336441091219
vertex 88.1420699251485 30.0133485721859 34.9336441091219
endloop
endfacet
facet normal 1.41888889913246e-016 -2.30985366287098e-018 1.0
outer loop
vertex 88.1420699251485 30.0133485721859 34.9336441091219
vertex 87.9869095269517 28.9760420936467 34.9336441091219
vertex 88.1955722078536 28.9924642027843 34.9336441091219
endloop
endfacet
facet normal 1.41888889913246e-016 -2.30985366287098e-018 1.0
outer loop
vertex 88.1420699251485 30.0133485721859 34.9336441091219
vertex 88.1955722078536 28.9924642027843 34.9336441091219
vertex 88.4048083905885 30.0202286210351 34.9336441091219
endloop
endfacet
facet normal 1.41888889913246e-016 -2.30985366287098e-018 1.0
outer loop
vertex 88.4048083905885 30.0202286210351 34.9336441091219
vertex 88.1955722078536 28.9924642027843 34.9336441091219
vertex 88.4048083905885 28.9979432450548 34.9336441091219
endloop
endfacet
facet normal 1.41888889913246e-016 -2.30985366287098e-018 1.0
outer loop
vertex 88.4048083905885 30.0202286210351 34.9336441091219
vertex 88.4048083905885 28.9979432450548 34.9336441091219
vertex 88.6675468560286 30.0133485721859 34.9336441091219
endloop
endfacet
facet normal 1.41888889913246e-016 -2.30985366287098e-018 1.0
outer loop
vertex 88.6675468560286 30.0133485721859 34.9336441091219
vertex 88.4048083905885 28.9979432450548 34.9336441091219
vertex 88.6140445733235 28.9924642027843 34.9336441091219
endloop
endfacet
facet normal 1.41888889913246e-016 -2.30985366287098e-018 1.0
outer loop
vertex 88.6675468560286 30.0133485721859 34.9336441091219
vertex 88.6140445733235 28.9924642027843 34.9336441091219
vertex 88.8227072542254 28.9760420936467 34.9336441091219
endloop
endfacet
facet normal 1.41888889913246e-016 -2.30985366287098e-018 1.0
outer loop
vertex 88.6675468560286 30.0133485721859 34.9336441091219
vertex 88.8227072542254 28.9760420936467 34.9336441091219
vertex 88.9295651735977 29.9927272833739 34.9336441091219
endloop
endfacet
facet normal 1.41888889913246e-016 -2.30985366287098e-018 1.0
outer loop
vertex 88.9295651735977 29.9927272833739 34.9336441091219
vertex 88.8227072542254 28.9760420936467 34.9336441091219
vertex 89.0302245033899 28.9487219295017 34.9336441091219
endloop
endfacet
facet normal 1.41888889913246e-016 -2.30985366287098e-018 1.0
outer loop
vertex 88.9295651735977 29.9927272833739 34.9336441091219
vertex 89.0302245033899 28.9487219295017 34.9336441091219
vertex 89.1901451692997 29.9584212761184 34.9336441091219
endloop
endfacet
facet normal 1.41888889913246e-016 -2.30985366287098e-018 1.0
outer loop
vertex 89.1901451692997 29.9584212761184 34.9336441091219
vertex 89.0302245033899 28.9487219295017 34.9336441091219
vertex 89.2360275304614 28.9105785930203 34.9336441091219
endloop
endfacet
facet normal 1.41888889913246e-016 -2.30985366287098e-018 1.0
outer loop
vertex 89.1901451692997 29.9584212761184 34.9336441091219
vertex 89.2360275304614 28.9105785930203 34.9336441091219
vertex 89.4485726114798 29.9105245808006 34.9336441091219
endloop
endfacet
facet normal 1.41888889913246e-016 -2.30985366287098e-018 1.0
outer loop
vertex 89.4485726114798 29.9105245808006 34.9336441091219
vertex 89.2360275304614 28.9105785930203 34.9336441091219
vertex 89.4395522436477 28.8617166324363 34.9336441091219
endloop
endfacet
facet normal 1.41888889913246e-016 -2.30985366287098e-018 1.0
outer loop
vertex 89.4485726114798 29.9105245808006 34.9336441091219
vertex 89.4395522436477 28.8617166324363 34.9336441091219
vertex 89.6402407958569 28.8022699749876 34.9336441091219
endloop
endfacet
facet normal 1.41888889913246e-016 -2.30985366287098e-018 1.0
outer loop
vertex 89.4485726114798 29.9105245808006 34.9336441091219
vertex 89.6402407958569 28.8022699749876 34.9336441091219
vertex 89.7041391684811 29.8491684789334 34.9336441091219
endloop
endfacet
facet normal 1.41888889913246e-016 -2.30985366287098e-018 1.0
outer loop
vertex 89.7041391684811 29.8491684789334 34.9336441091219
vertex 89.6402407958569 28.8022699749876 34.9336441091219
vertex 89.8375431137173 28.7324015598299 34.9336441091219
endloop
endfacet
facet normal 1.41888889913246e-016 -2.30985366287098e-018 1.0
outer loop
vertex 89.7041391684811 29.8491684789334 34.9336441091219
vertex 89.8375431137173 28.7324015598299 34.9336441091219
vertex 89.9561443501358 29.7745211433269 34.9336441091219
endloop
endfacet
facet normal 1.41888889913246e-016 -2.30985366287098e-018 1.0
outer loop
vertex 89.9561443501358 29.7745211433269 34.9336441091219
vertex 89.8375431137173 28.7324015598299 34.9336441091219
vertex 90.0309184052897 28.6523028914327 34.9336441091219
endloop
endfacet
facet normal 1.41888889913246e-016 -2.30985366287098e-018 1.0
outer loop
vertex 89.9561443501358 29.7745211433269 34.9336441091219
vertex 90.0309184052897 28.6523028914327 34.9336441091219
vertex 90.2038974277575 29.6867871771394 34.9336441091219
endloop
endfacet
facet normal 1.41888889913246e-016 -2.30985366287098e-018 1.0
outer loop
vertex 90.2038974277575 29.6867871771394 34.9336441091219
vertex 90.0309184052897 28.6523028914327 34.9336441091219
vertex 90.2198366423413 28.5621935146786 34.9336441091219
endloop
endfacet
facet normal 1.41888889913246e-016 -2.30985366287098e-018 1.0
outer loop
vertex 90.2038974277575 29.6867871771394 34.9336441091219
vertex 90.2198366423413 28.5621935146786 34.9336441091219
vertex 90.4467193273815 29.586207053074 34.9336441091219
endloop
endfacet
facet normal 1.41888889913246e-016 -2.30985366287098e-018 1.0
outer loop
vertex 90.4467193273815 29.586207053074 34.9336441091219
vertex 90.2198366423413 28.5621935146786 34.9336441091219
vertex 90.4037800131159 28.4623204131058 34.9336441091219
endloop
endfacet
facet normal 1.41888889913246e-016 -2.30985366287098e-018 1.0
outer loop
vertex 90.4467193273815 29.586207053074 34.9336441091219
vertex 90.4037800131159 28.4623204131058 34.9336441091219
vertex 90.5822443416201 28.3529573319437 34.9336441091219
endloop
endfacet
facet normal 1.41888889913246e-016 -2.30985366287098e-018 1.0
outer loop
vertex 90.4467193273815 29.586207053074 34.9336441091219
vertex 90.5822443416201 28.3529573319437 34.9336441091219
vertex 90.683944491059 29.4730564542595 34.9336441091219
endloop
endfacet
facet normal 1.41888889913246e-016 -2.30985366287098e-018 1.0
outer loop
vertex 90.683944491059 29.4730564542595 34.9336441091219
vertex 90.5822443416201 28.3529573319437 34.9336441091219
vertex 90.754740469534 28.2344040277959 34.9336441091219
endloop
endfacet
facet normal 1.41888889913246e-016 -2.30985366287098e-018 1.0
outer loop
vertex 90.683944491059 29.4730564542595 34.9336441091219
vertex 90.754740469534 28.2344040277959 34.9336441091219
vertex 90.9149227011061 29.3476455186221 34.9336441091219
endloop
endfacet
facet normal 1.41888889913246e-016 -2.30985366287098e-018 1.0
outer loop
vertex 90.9149227011061 29.3476455186221 34.9336441091219
vertex 90.754740469534 28.2344040277959 34.9336441091219
vertex 90.9207955969616 28.1069854470284 34.9336441091219
endloop
endfacet
facet normal 1.41888889913246e-016 -2.30985366287098e-018 1.0
outer loop
vertex 90.9149227011061 29.3476455186221 34.9336441091219
vertex 90.9207955969616 28.1069854470284 34.9336441091219
vertex 91.139020862304 29.2103179888193 34.9336441091219
endloop
endfacet
facet normal 1.41888889913246e-016 -2.30985366287098e-018 1.0
outer loop
vertex 91.139020862304 29.2103179888193 34.9336441091219
vertex 90.9207955969616 28.1069854470284 34.9336441091219
vertex 91.0799545783403 27.9710508351148 34.9336441091219
endloop
endfacet
facet normal 1.41888889913246e-016 -2.30985366287098e-018 1.0
outer loop
vertex 91.139020862304 29.2103179888193 34.9336441091219
vertex 91.0799545783403 27.9710508351148 34.9336441091219
vertex 91.2317811699657 27.8269727793772 34.9336441091219
endloop
endfacet
facet normal 1.41888889913246e-016 -2.30985366287098e-018 1.0
outer loop
vertex 91.139020862304 29.2103179888193 34.9336441091219
vertex 91.2317811699657 27.8269727793772 34.9336441091219
vertex 91.3556247371695 29.061450270065 34.9336441091219
endloop
endfacet
facet normal 1.41888889913246e-016 -2.30985366287098e-018 1.0
outer loop
vertex 91.3556247371695 29.061450270065 34.9336441091219
vertex 91.2317811699657 27.8269727793772 34.9336441091219
vertex 91.3758592257034 27.6751461877517 34.9336441091219
endloop
endfacet
facet normal 1.41888889913246e-016 -2.30985366287098e-018 1.0
outer loop
vertex 91.3556247371695 29.061450270065 34.9336441091219
vertex 91.3758592257034 27.6751461877517 34.9336441091219
vertex 91.5641406295381 28.901450398428 34.9336441091219
endloop
endfacet
facet normal 1.41888889913246e-016 -2.30985366287098e-018 1.0
outer loop
vertex 91.5641406295381 28.901450398428 34.9336441091219
vertex 91.3758592257034 27.6751461877517 34.9336441091219
vertex 91.5117938376171 27.5159872063729 34.9336441091219
endloop
endfacet
facet normal 1.41888889913246e-016 -2.30985366287098e-018 1.0
outer loop
vertex 91.5641406295381 28.901450398428 34.9336441091219
vertex 91.5117938376171 27.5159872063729 34.9336441091219
vertex 91.6392124183844 27.3499320789456 34.9336441091219
endloop
endfacet
facet normal 1.41888889913246e-016 -2.30985366287098e-018 1.0
outer loop
vertex 91.5641406295381 28.901450398428 34.9336441091219
vertex 91.6392124183844 27.3499320789456 34.9336441091219
vertex 91.7639970118418 28.7307569224358 34.9336441091219
endloop
endfacet
facet normal 1.41888889913246e-016 -2.30985366287098e-018 1.0
outer loop
vertex 91.7639970118418 28.7307569224358 34.9336441091219
vertex 91.6392124183844 27.3499320789456 34.9336441091219
vertex 91.7577657225322 27.1774359510315 34.9336441091219
endloop
endfacet
facet normal 1.41888889913246e-016 -2.30985366287098e-018 1.0
outer loop
vertex 91.7639970118418 28.7307569224358 34.9336441091219
vertex 91.7577657225322 27.1774359510315 34.9336441091219
vertex 91.8671288036944 26.9989716225274 34.9336441091219
endloop
endfacet
facet normal 1.41888889913246e-016 -2.30985366287098e-018 1.0
outer loop
vertex 91.7639970118418 28.7307569224358 34.9336441091219
vertex 91.8671288036944 26.9989716225274 34.9336441091219
vertex 91.9546460916292 28.5498377010407 34.9336441091219
endloop
endfacet
facet normal 1.41888889913246e-016 -2.30985366287098e-018 1.0
outer loop
vertex 91.9546460916292 28.5498377010407 34.9336441091219
vertex 91.8671288036944 26.9989716225274 34.9336441091219
vertex 91.9670019052671 26.8150282517528 34.9336441091219
endloop
endfacet
facet normal 1.41888889913246e-016 -2.30985366287098e-018 1.0
outer loop
vertex 91.9546460916292 28.5498377010407 34.9336441091219
vertex 91.9670019052671 26.8150282517528 34.9336441091219
vertex 92.1355653130243 28.3591886212532 34.9336441091219
endloop
endfacet
facet normal 1.41888889913246e-016 -2.30985366287098e-018 1.0
outer loop
vertex 92.1355653130243 28.3591886212532 34.9336441091219
vertex 91.9670019052671 26.8150282517528 34.9336441091219
vertex 92.0571112820213 26.6261100147011 34.9336441091219
endloop
endfacet
facet normal 1.41888889913246e-016 -2.30985366287098e-018 1.0
outer loop
vertex 92.1355653130243 28.3591886212532 34.9336441091219
vertex 92.0571112820213 26.6261100147011 34.9336441091219
vertex 92.1372099504184 26.4327347231288 34.9336441091219
endloop
endfacet
facet normal 1.41888889913246e-016 -2.30985366287098e-018 1.0
outer loop
vertex 92.1355653130243 28.3591886212532 34.9336441091219
vertex 92.1372099504184 26.4327347231288 34.9336441091219
vertex 92.3062587890167 28.1593322389494 34.9336441091219
endloop
endfacet
facet normal 1.41888889913246e-016 -2.30985366287098e-018 1.0
outer loop
vertex 92.3062587890167 28.1593322389494 34.9336441091219
vertex 92.1372099504184 26.4327347231288 34.9336441091219
vertex 92.2070783655761 26.2354324052684 34.9336441091219
endloop
endfacet
facet normal 1.41888889913246e-016 -2.30985366287098e-018 1.0
outer loop
vertex 92.3062587890167 28.1593322389494 34.9336441091219
vertex 92.2070783655761 26.2354324052684 34.9336441091219
vertex 92.2665250230249 26.0347438530592 34.9336441091219
endloop
endfacet
facet normal 1.41888889913246e-016 -2.30985366287098e-018 1.0
outer loop
vertex 92.3062587890167 28.1593322389494 34.9336441091219
vertex 92.2665250230249 26.0347438530592 34.9336441091219
vertex 92.3153869836088 25.8312191398728 34.9336441091219
endloop
endfacet
facet normal 1.41888889913246e-016 -2.30985366287098e-018 1.0
outer loop
vertex 92.3062587890167 28.1593322389494 34.9336441091219
vertex 92.3153869836088 25.8312191398728 34.9336441091219
vertex 92.4662586606534 27.950816346581 34.9336441091219
endloop
endfacet
facet normal 1.41888889913246e-016 -2.30985366287098e-018 1.0
outer loop
vertex 92.4662586606534 27.950816346581 34.9336441091219
vertex 92.3153869836088 25.8312191398728 34.9336441091219
vertex 92.3535303200903 25.6254161128013 34.9336441091219
endloop
endfacet
facet normal 1.41888889913246e-016 -2.30985366287098e-018 1.0
outer loop
vertex 92.4662586606534 27.950816346581 34.9336441091219
vertex 92.3535303200903 25.6254161128013 34.9336441091219
vertex 92.3808504842352 25.4178988636368 34.9336441091219
endloop
endfacet
facet normal 1.41888889913246e-016 -2.30985366287098e-018 1.0
outer loop
vertex 92.4662586606534 27.950816346581 34.9336441091219
vertex 92.3808504842352 25.4178988636368 34.9336441091219
vertex 92.3972725933728 25.209236182735 34.9336441091219
endloop
endfacet
facet normal 1.41888889913246e-016 -2.30985366287098e-018 1.0
outer loop
vertex 92.4662586606534 27.950816346581 34.9336441091219
vertex 92.3972725933728 25.209236182735 34.9336441091219
vertex 92.4027516356433 25.0 34.9336441091219
endloop
endfacet
facet normal 0.0 0.0 1.0
outer loop
vertex 108.904808390589 0.0 34.0
vertex 63.4048083905885 2.0 34.0
vertex 63.4048083905885 0.0 34.0
endloop
endfacet
facet normal 0.0 0.0 1.0
outer loop
vertex 63.4048083905885 2.0 34.0
vertex 108.904808390589 0.0 34.0
vertex 67.9048083905885 3.0 34.0
endloop
endfacet
facet normal 0.0 0.0 1.0
outer loop
vertex 63.4048083905885 2.0 34.0
vertex 67.9048083905885 3.0 34.0
vertex 67.5165798229348 3.0511112605664 34.0
endloop
endfacet
facet normal 0.0 0.0 1.0
outer loop
vertex 63.4048083905885 2.0 34.0
vertex 67.5165798229348 3.0511112605664 34.0
vertex 67.1548083905885 3.20096189432335 34.0
endloop
endfacet
facet normal 0.0 0.0 1.0
outer loop
vertex 63.4048083905885 2.0 34.0
vertex 67.1548083905885 3.20096189432335 34.0
vertex 66.8441482188087 3.43933982822018 34.0
endloop
endfacet
facet normal 0.0 0.0 1.0
outer loop
vertex 63.4048083905885 2.0 34.0
vertex 66.8441482188087 3.43933982822018 34.0
vertex 66.6057702849119 3.75 34.0
endloop
endfacet
facet normal 0.0 0.0 1.0
outer loop
vertex 63.4048083905885 2.0 34.0
vertex 66.6057702849119 3.75 34.0
vertex 66.4559196511549 4.11177143234622 34.0
endloop
endfacet
facet normal 0.0 0.0 1.0
outer loop
vertex 63.4048083905885 2.0 34.0
vertex 66.4559196511549 4.11177143234622 34.0
vertex 66.4048083905885 4.5 34.0
endloop
endfacet
facet normal 0.0 0.0 1.0
outer loop
vertex 63.4048083905885 2.0 34.0
vertex 66.4048083905885 4.5 34.0
vertex 63.4048083905885 50.0 34.0
endloop
endfacet
facet normal 0.0 0.0 1.0
outer loop
vertex 67.9048083905885 3.0 34.0
vertex 108.904808390589 0.0 34.0
vertex 68.2930369582423 3.0511112605664 34.0
endloop
endfacet
facet normal 0.0 0.0 1.0
outer loop
vertex 68.2930369582423 3.0511112605664 34.0
vertex 108.904808390589 0.0 34.0
vertex 68.6548083905885 3.20096189432335 34.0
endloop
endfacet
facet normal 0.0 0.0 1.0
outer loop
vertex 68.6548083905885 3.20096189432335 34.0
vertex 108.904808390589 0.0 34.0
vertex 68.9654685623684 3.43933982822018 34.0
endloop
endfacet
facet normal 0.0 0.0 1.0
outer loop
vertex 68.9654685623684 3.43933982822018 34.0
vertex 108.904808390589 0.0 34.0
vertex 69.2038464962652 3.75 34.0
endloop
endfacet
facet normal 0.0 0.0 1.0
outer loop
vertex 69.2038464962652 3.75 34.0
vertex 108.904808390589 0.0 34.0
vertex 69.3536971300221 4.11177143234622 34.0
endloop
endfacet
facet normal 0.0 0.0 1.0
outer loop
vertex 69.3536971300221 4.11177143234622 34.0
vertex 108.904808390589 0.0 34.0
vertex 69.4048083905885 4.5 34.0
endloop
endfacet
facet normal 0.0 0.0 1.0
outer loop
vertex 69.4048083905885 4.5 34.0
vertex 108.904808390589 0.0 34.0
vertex 82.4048083905885 14.6076951545867 34.0
endloop
endfacet
facet normal 0.0 0.0 1.0
outer loop
vertex 69.4048083905885 4.5 34.0
vertex 82.4048083905885 14.6076951545867 34.0
vertex 81.8691399704082 14.9359531846549 34.0
endloop
endfacet
facet normal 0.0 0.0 1.0
outer loop
vertex 69.4048083905885 4.5 34.0
vertex 81.8691399704082 14.9359531846549 34.0
vertex 81.3513853630789 15.2917960675006 34.0
endloop
endfacet
facet normal 0.0 0.0 1.0
outer loop
vertex 69.4048083905885 4.5 34.0
vertex 81.3513853630789 15.2917960675006 34.0
vertex 80.8529636979905 15.6742484625163 34.0
endloop
endfacet
facet normal 0.0 0.0 1.0
outer loop
vertex 69.4048083905885 4.5 34.0
vertex 80.8529636979905 15.6742484625163 34.0
vertex 80.3752411142822 16.0822620942713 34.0
endloop
endfacet
facet normal 0.0 0.0 1.0
outer loop
vertex 69.4048083905885 4.5 34.0
vertex 80.3752411142822 16.0822620942713 34.0
vertex 79.91952701635 16.5147186257614 34.0
endloop
endfacet
facet normal 0.0 0.0 1.0
outer loop
vertex 69.4048083905885 4.5 34.0
vertex 79.91952701635 16.5147186257614 34.0
vertex 79.4870704848598 16.9704327236937 34.0
endloop
endfacet
facet normal 0.0 0.0 1.0
outer loop
vertex 69.4048083905885 4.5 34.0
vertex 79.4870704848598 16.9704327236937 34.0
vertex 79.0790568531049 17.4481553074019 34.0
endloop
endfacet
facet normal 0.0 0.0 1.0
outer loop
vertex 69.4048083905885 4.5 34.0
vertex 79.0790568531049 17.4481553074019 34.0
vertex 78.6966044580892 17.9465769724903 34.0
endloop
endfacet
facet normal 0.0 0.0 1.0
outer loop
vertex 69.4048083905885 4.5 34.0
vertex 78.6966044580892 17.9465769724903 34.0
vertex 78.3407615752434 18.4643315798197 34.0
endloop
endfacet
facet normal 0.0 0.0 1.0
outer loop
vertex 69.4048083905885 4.5 34.0
vertex 78.3407615752434 18.4643315798197 34.0
vertex 78.0125035451753 19.0 34.0
endloop
endfacet
facet normal 0.0 0.0 1.0
outer loop
vertex 69.4048083905885 4.5 34.0
vertex 78.0125035451753 19.0 34.0
vertex 77.7127301003281 19.5521140031254 34.0
endloop
endfacet
facet normal 0.0 0.0 1.0
outer loop
vertex 69.4048083905885 4.5 34.0
vertex 77.7127301003281 19.5521140031254 34.0
vertex 77.4422628988773 20.1191602830904 34.0
endloop
endfacet
facet normal 0.0 0.0 1.0
outer loop
vertex 69.4048083905885 4.5 34.0
vertex 77.4422628988773 20.1191602830904 34.0
vertex 77.2018432726221 20.6995846054564 34.0
endloop
endfacet
facet normal 0.0 0.0 1.0
outer loop
vertex 69.4048083905885 4.5 34.0
vertex 77.2018432726221 20.6995846054564 34.0
vertex 76.9921301950467 21.2917960675006 34.0
endloop
endfacet
facet normal 0.0 0.0 1.0
outer loop
vertex 69.4048083905885 4.5 34.0
vertex 76.9921301950467 21.2917960675006 34.0
vertex 69.4048083905885 45.5 34.0
endloop
endfacet
facet normal 0.0 0.0 1.0
outer loop
vertex 69.4048083905885 45.5 34.0
vertex 76.9921301950467 21.2917960675006 34.0
vertex 76.8136984751197 21.8941714587698 34.0
endloop
endfacet
facet normal 0.0 0.0 1.0
outer loop
vertex 69.4048083905885 45.5 34.0
vertex 76.8136984751197 21.8941714587698 34.0
vertex 76.6670371817829 22.5050597101869 34.0
endloop
endfacet
facet normal 0.0 0.0 1.0
outer loop
vertex 69.4048083905885 45.5 34.0
vertex 76.6670371817829 22.5050597101869 34.0
vertex 76.5525483034469 23.1227864195172 34.0
endloop
endfacet
facet normal 0.0 0.0 1.0
outer loop
vertex 69.4048083905885 45.5 34.0
vertex 76.5525483034469 23.1227864195172 34.0
vertex 76.4705456461692 23.7456584407882 34.0
endloop
endfacet
facet normal 0.0 0.0 1.0
outer loop
vertex 69.4048083905885 45.5 34.0
vertex 76.4705456461692 23.7456584407882 34.0
vertex 76.4212539735336 24.3719685250847 34.0
endloop
endfacet
facet normal 0.0 0.0 1.0
outer loop
vertex 69.4048083905885 45.5 34.0
vertex 76.4212539735336 24.3719685250847 34.0
vertex 76.4048083905885 25.0 34.0
endloop
endfacet
facet normal 0.0 0.0 1.0
outer loop
vertex 76.4705456461692 23.7456584407882 34.0
vertex 76.5525483034469 23.1227864195172 34.0
vertex 76.5028871934524 23.5 34.0
endloop
endfacet
facet normal 0.0 0.0 1.0
outer loop
vertex 82.4048083905885 14.6076951545867 34.0
vertex 108.904808390589 0.0 34.0
vertex 82.956922393714 14.3079217097396 34.0
endloop
endfacet
facet normal 0.0 0.0 1.0
outer loop
vertex 82.956922393714 14.3079217097396 34.0
vertex 108.904808390589 0.0 34.0
vertex 83.5239686736789 14.0374545082888 34.0
endloop
endfacet
facet normal 0.0 0.0 1.0
outer loop
vertex 83.5239686736789 14.0374545082888 34.0
vertex 108.904808390589 0.0 34.0
vertex 84.1043929960449 13.7970348820336 34.0
endloop
endfacet
facet normal 0.0 0.0 1.0
outer loop
vertex 84.1043929960449 13.7970348820336 34.0
vertex 108.904808390589 0.0 34.0
vertex 84.6966044580892 13.5873218044582 34.0
endloop
endfacet
facet normal 0.0 0.0 1.0
outer loop
vertex 84.6966044580892 13.5873218044582 34.0
vertex 108.904808390589 0.0 34.0
vertex 85.2989798493583 13.4088900845312 34.0
endloop
endfacet
facet normal 0.0 0.0 1.0
outer loop
vertex 85.2989798493583 13.4088900845312 34.0
vertex 108.904808390589 0.0 34.0
vertex 85.9098681007754 13.2622287911943 34.0
endloop
endfacet
facet normal 0.0 0.0 1.0
outer loop
vertex 85.9098681007754 13.2622287911943 34.0
vertex 108.904808390589 0.0 34.0
vertex 86.5275948101058 13.1477399128583 34.0
endloop
endfacet
facet normal 0.0 0.0 1.0
outer loop
vertex 86.5275948101058 13.1477399128583 34.0
vertex 108.904808390589 0.0 34.0
vertex 86.9048083905885 13.0980788028639 34.0
endloop
endfacet
facet normal 0.0 0.0 1.0
outer loop
vertex 86.9048083905885 13.0980788028639 34.0
vertex 108.904808390589 0.0 34.0
vertex 87.1504668313767 13.0657372555807 34.0
endloop
endfacet
facet normal 0.0 0.0 1.0
outer loop
vertex 87.1504668313767 13.0657372555807 34.0
vertex 108.904808390589 0.0 34.0
vertex 87.7767769156732 13.0164455829451 34.0
endloop
endfacet
facet normal 0.0 0.0 1.0
outer loop
vertex 87.7767769156732 13.0164455829451 34.0
vertex 108.904808390589 0.0 34.0
vertex 88.4048083905885 13.0 34.0
endloop
endfacet
facet normal 0.0 0.0 1.0
outer loop
vertex 88.4048083905885 13.0 34.0
vertex 108.904808390589 0.0 34.0
vertex 89.0328398655039 13.0164455829451 34.0
endloop
endfacet
facet normal 0.0 0.0 1.0
outer loop
vertex 89.0328398655039 13.0164455829451 34.0
vertex 108.904808390589 0.0 34.0
vertex 89.6591499498004 13.0657372555807 34.0
endloop
endfacet
facet normal 0.0 0.0 1.0
outer loop
vertex 89.6591499498004 13.0657372555807 34.0
vertex 108.904808390589 0.0 34.0
vertex 89.9048083905885 13.0980788028639 34.0
endloop
endfacet
facet normal 0.0 0.0 1.0
outer loop
vertex 89.9048083905885 13.0980788028639 34.0
vertex 108.904808390589 0.0 34.0
vertex 90.2820219710713 13.1477399128583 34.0
endloop
endfacet
facet normal 0.0 0.0 1.0
outer loop
vertex 90.2820219710713 13.1477399128583 34.0
vertex 108.904808390589 0.0 34.0
vertex 90.8997486804016 13.2622287911943 34.0
endloop
endfacet
facet normal 0.0 0.0 1.0
outer loop
vertex 90.8997486804016 13.2622287911943 34.0
vertex 108.904808390589 0.0 34.0
vertex 91.5106369318188 13.4088900845312 34.0
endloop
endfacet
facet normal 0.0 0.0 1.0
outer loop
vertex 91.5106369318188 13.4088900845312 34.0
vertex 108.904808390589 0.0 34.0
vertex 92.1130123230879 13.5873218044582 34.0
endloop
endfacet
facet normal 0.0 0.0 1.0
outer loop
vertex 92.1130123230879 13.5873218044582 34.0
vertex 108.904808390589 0.0 34.0
vertex 92.7052237851321 13.7970348820336 34.0
endloop
endfacet
facet normal 0.0 0.0 1.0
outer loop
vertex 92.7052237851321 13.7970348820336 34.0
vertex 108.904808390589 0.0 34.0
vertex 93.2856481074981 14.0374545082888 34.0
endloop
endfacet
facet normal 0.0 0.0 1.0
outer loop
vertex 93.2856481074981 14.0374545082888 34.0
vertex 108.904808390589 0.0 34.0
vertex 93.8526943874631 14.3079217097396 34.0
endloop
endfacet
facet normal 0.0 0.0 1.0
outer loop
vertex 93.8526943874631 14.3079217097396 34.0
vertex 108.904808390589 0.0 34.0
vertex 94.4048083905885 14.6076951545867 34.0
endloop
endfacet
facet normal 0.0 0.0 1.0
outer loop
vertex 94.4048083905885 14.6076951545867 34.0
vertex 108.904808390589 0.0 34.0
vertex 94.9404768107689 14.9359531846549 34.0
endloop
endfacet
facet normal 0.0 0.0 1.0
outer loop
vertex 94.9404768107689 14.9359531846549 34.0
vertex 108.904808390589 0.0 34.0
vertex 95.4582314180982 15.2917960675006 34.0
endloop
endfacet
facet normal 0.0 0.0 1.0
outer loop
vertex 95.4582314180982 15.2917960675006 34.0
vertex 108.904808390589 0.0 34.0
vertex 95.9566530831866 15.6742484625163 34.0
endloop
endfacet
facet normal 0.0 0.0 1.0
outer loop
vertex 95.9566530831866 15.6742484625163 34.0
vertex 108.904808390589 0.0 34.0
vertex 96.4343756668948 16.0822620942713 34.0
endloop
endfacet
facet normal 0.0 0.0 1.0
outer loop
vertex 96.4343756668948 16.0822620942713 34.0
vertex 108.904808390589 0.0 34.0
vertex 96.8900897648271 16.5147186257614 34.0
endloop
endfacet
facet normal 0.0 0.0 1.0
outer loop
vertex 96.8900897648271 16.5147186257614 34.0
vertex 108.904808390589 0.0 34.0
vertex 97.3225462963173 16.9704327236937 34.0
endloop
endfacet
facet normal 0.0 0.0 1.0
outer loop
vertex 97.3225462963173 16.9704327236937 34.0
vertex 108.904808390589 0.0 34.0
vertex 97.7305599280722 17.448155307402 34.0
endloop
endfacet
facet normal 0.0 0.0 1.0
outer loop
vertex 97.7305599280722 17.448155307402 34.0
vertex 108.904808390589 0.0 34.0
vertex 98.1130123230879 17.9465769724903 34.0
endloop
endfacet
facet normal 0.0 0.0 1.0
outer loop
vertex 98.1130123230879 17.9465769724903 34.0
vertex 108.904808390589 0.0 34.0
vertex 98.4688552059336 18.4643315798197 34.0
endloop
endfacet
facet normal 0.0 0.0 1.0
outer loop
vertex 98.4688552059336 18.4643315798197 34.0
vertex 108.904808390589 0.0 34.0
vertex 98.7971132360018 19.0 34.0
endloop
endfacet
facet normal 0.0 0.0 1.0
outer loop
vertex 98.7971132360018 19.0 34.0
vertex 108.904808390589 0.0 34.0
vertex 99.096886680849 19.5521140031254 34.0
endloop
endfacet
facet normal 0.0 0.0 1.0
outer loop
vertex 99.096886680849 19.5521140031254 34.0
vertex 108.904808390589 0.0 34.0
vertex 99.3673538822998 20.1191602830904 34.0
endloop
endfacet
facet normal 0.0 0.0 1.0
outer loop
vertex 99.3673538822998 20.1191602830904 34.0
vertex 108.904808390589 0.0 34.0
vertex 99.607773508555 20.6995846054564 34.0
endloop
endfacet
facet normal 0.0 0.0 1.0
outer loop
vertex 99.607773508555 20.6995846054564 34.0
vertex 108.904808390589 0.0 34.0
vertex 99.8174865861304 21.2917960675006 34.0
endloop
endfacet
facet normal 0.0 0.0 1.0
outer loop
vertex 99.8174865861304 21.2917960675006 34.0
vertex 108.904808390589 0.0 34.0
vertex 99.9959183060574 21.8941714587698 34.0
endloop
endfacet
facet normal 0.0 0.0 1.0
outer loop
vertex 99.9959183060574 21.8941714587698 34.0
vertex 108.904808390589 0.0 34.0
vertex 100.142579599394 22.5050597101869 34.0
endloop
endfacet
facet normal 0.0 0.0 1.0
outer loop
vertex 100.142579599394 22.5050597101869 34.0
vertex 108.904808390589 0.0 34.0
vertex 100.25706847773 23.1227864195172 34.0
endloop
endfacet
facet normal 0.0 0.0 1.0
outer loop
vertex 100.25706847773 23.1227864195172 34.0
vertex 108.904808390589 0.0 34.0
vertex 100.306729587725 23.5 34.0
endloop
endfacet
facet normal 0.0 0.0 1.0
outer loop
vertex 100.306729587725 23.5 34.0
vertex 108.904808390589 0.0 34.0
vertex 100.339071135008 23.7456584407882 34.0
endloop
endfacet
facet normal 0.0 0.0 1.0
outer loop
vertex 100.339071135008 23.7456584407882 34.0
vertex 108.904808390589 0.0 34.0
vertex 107.455919651155 4.11177143234622 34.0
endloop
endfacet
facet normal 0.0 0.0 1.0
outer loop
vertex 100.339071135008 23.7456584407882 34.0
vertex 107.455919651155 4.11177143234622 34.0
vertex 100.388362807643 24.3719685250847 34.0
endloop
endfacet
facet normal 0.0 0.0 1.0
outer loop
vertex 100.388362807643 24.3719685250847 34.0
vertex 107.455919651155 4.11177143234622 34.0
vertex 100.404808390589 25.0 34.0
endloop
endfacet
facet normal 0.0 0.0 1.0
outer loop
vertex 100.404808390589 25.0 34.0
vertex 107.455919651155 4.11177143234622 34.0
vertex 107.404808390589 4.5 34.0
endloop
endfacet
facet normal 0.0 0.0 1.0
outer loop
vertex 107.455919651155 4.11177143234622 34.0
vertex 108.904808390589 0.0 34.0
vertex 107.605770284912 3.75 34.0
endloop
endfacet
facet normal 0.0 0.0 1.0
outer loop
vertex 107.605770284912 3.75 34.0
vertex 108.904808390589 0.0 34.0
vertex 107.844148218809 3.43933982822018 34.0
endloop
endfacet
facet normal 0.0 0.0 1.0
outer loop
vertex 107.844148218809 3.43933982822018 34.0
vertex 108.904808390589 0.0 34.0
vertex 108.154808390589 3.20096189432334 34.0
endloop
endfacet
facet normal 0.0 0.0 1.0
outer loop
vertex 108.154808390589 3.20096189432334 34.0
vertex 108.904808390589 0.0 34.0
vertex 108.516579822935 3.0511112605664 34.0
endloop
endfacet
facet normal 0.0 0.0 1.0
outer loop
vertex 108.516579822935 3.0511112605664 34.0
vertex 108.904808390589 0.0 34.0
vertex 108.904808390589 3.0 34.0
endloop
endfacet
facet normal 0.0 0.0 1.0
outer loop
vertex 108.904808390589 3.0 34.0
vertex 108.904808390589 0.0 34.0
vertex 113.404808390589 0.0 34.0
endloop
endfacet
facet normal 0.0 0.0 1.0
outer loop
vertex 108.904808390589 3.0 34.0
vertex 113.404808390589 0.0 34.0
vertex 109.293036958242 3.0511112605664 34.0
endloop
endfacet
facet normal 0.0 0.0 1.0
outer loop
vertex 109.293036958242 3.0511112605664 34.0
vertex 113.404808390589 0.0 34.0
vertex 109.654808390589 3.20096189432334 34.0
endloop
endfacet
facet normal 0.0 0.0 1.0
outer loop
vertex 109.654808390589 3.20096189432334 34.0
vertex 113.404808390589 0.0 34.0
vertex 109.965468562368 3.43933982822018 34.0
endloop
endfacet
facet normal 0.0 0.0 1.0
outer loop
vertex 109.965468562368 3.43933982822018 34.0
vertex 113.404808390589 0.0 34.0
vertex 110.203846496265 3.75 34.0
endloop
endfacet
facet normal 0.0 0.0 1.0
outer loop
vertex 110.203846496265 3.75 34.0
vertex 113.404808390589 0.0 34.0
vertex 110.353697130022 4.11177143234622 34.0
endloop
endfacet
facet normal 0.0 0.0 1.0
outer loop
vertex 110.353697130022 4.11177143234622 34.0
vertex 113.404808390589 0.0 34.0
vertex 110.404808390589 4.5 34.0
endloop
endfacet
facet normal 0.0 0.0 1.0
outer loop
vertex 110.404808390589 4.5 34.0
vertex 113.404808390589 0.0 34.0
vertex 110.404808390589 45.5 34.0
endloop
endfacet
facet normal 0.0 0.0 1.0
outer loop
vertex 110.404808390589 45.5 34.0
vertex 113.404808390589 0.0 34.0
vertex 112.2 50.0 34.0
endloop
endfacet
facet normal 0.0 0.0 1.0
outer loop
vertex 112.2 50.0 34.0
vertex 113.404808390589 0.0 34.0
vertex 113.2 50.0 34.0
endloop
endfacet
facet normal 0.0 0.0 1.0
outer loop
vertex 113.2 50.0 34.0
vertex 113.404808390589 0.0 34.0
vertex 113.404808390589 50.0 34.0
endloop
endfacet
facet normal 0.0 0.0 1.0
outer loop
vertex 113.404808390589 50.0 34.0
vertex 113.404808390589 0.0 34.0
vertex 113.404808390589 4.5 34.0
endloop
endfacet
facet normal 0.0 0.0 1.0
outer loop
vertex 113.404808390589 50.0 34.0
vertex 113.404808390589 4.5 34.0
vertex 113.404808390589 45.5 34.0
endloop
endfacet
facet normal 0.0 0.0 1.0
outer loop
vertex 63.4048083905885 50.0 34.0
vertex 66.4559196511549 45.8882285676538 34.0
vertex 67.9048083905885 50.0 34.0
endloop
endfacet
facet normal 0.0 0.0 1.0
outer loop
vertex 66.4559196511549 45.8882285676538 34.0
vertex 63.4048083905885 50.0 34.0
vertex 66.4048083905885 45.5 34.0
endloop
endfacet
facet normal 0.0 0.0 1.0
outer loop
vertex 66.4048083905885 45.5 34.0
vertex 63.4048083905885 50.0 34.0
vertex 66.4048083905885 4.5 34.0
endloop
endfacet
facet normal 0.0 0.0 1.0
outer loop
vertex 67.9048083905885 50.0 34.0
vertex 66.4559196511549 45.8882285676538 34.0
vertex 66.6057702849119 46.25 34.0
endloop
endfacet
facet normal 0.0 0.0 1.0
outer loop
vertex 67.9048083905885 50.0 34.0
vertex 66.6057702849119 46.25 34.0
vertex 66.8441482188087 46.5606601717798 34.0
endloop
endfacet
facet normal 0.0 0.0 1.0
outer loop
vertex 67.9048083905885 50.0 34.0
vertex 66.8441482188087 46.5606601717798 34.0
vertex 67.1548083905885 46.7990381056767 34.0
endloop
endfacet
facet normal 0.0 0.0 1.0
outer loop
vertex 67.9048083905885 50.0 34.0
vertex 67.1548083905885 46.7990381056767 34.0
vertex 67.5165798229348 46.9488887394336 34.0
endloop
endfacet
facet normal 0.0 0.0 1.0
outer loop
vertex 67.9048083905885 50.0 34.0
vertex 67.5165798229348 46.9488887394336 34.0
vertex 67.9048083905885 47.0 34.0
endloop
endfacet
facet normal 0.0 0.0 1.0
outer loop
vertex 67.9048083905885 50.0 34.0
vertex 67.9048083905885 47.0 34.0
vertex 68.2930369582423 46.9488887394336 34.0
endloop
endfacet
facet normal 0.0 0.0 1.0
outer loop
vertex 67.9048083905885 50.0 34.0
vertex 68.2930369582423 46.9488887394336 34.0
vertex 112.2 50.0 34.0
endloop
endfacet
facet normal 0.0 0.0 1.0
outer loop
vertex 112.2 50.0 34.0
vertex 68.2930369582423 46.9488887394336 34.0
vertex 68.6548083905885 46.7990381056767 34.0
endloop
endfacet
facet normal 0.0 0.0 1.0
outer loop
vertex 112.2 50.0 34.0
vertex 68.6548083905885 46.7990381056767 34.0
vertex 68.9654685623684 46.5606601717798 34.0
endloop
endfacet
facet normal 0.0 0.0 1.0
outer loop
vertex 112.2 50.0 34.0
vertex 68.9654685623684 46.5606601717798 34.0
vertex 69.2038464962652 46.25 34.0
endloop
endfacet
facet normal 0.0 0.0 1.0
outer loop
vertex 112.2 50.0 34.0
vertex 69.2038464962652 46.25 34.0
vertex 69.3536971300221 45.8882285676538 34.0
endloop
endfacet
facet normal 0.0 0.0 1.0
outer loop
vertex 112.2 50.0 34.0
vertex 69.3536971300221 45.8882285676538 34.0
vertex 69.4048083905885 45.5 34.0
endloop
endfacet
facet normal 0.0 0.0 1.0
outer loop
vertex 112.2 50.0 34.0
vertex 69.4048083905885 45.5 34.0
vertex 82.956922393714 35.6920782902604 34.0
endloop
endfacet
facet normal 0.0 0.0 1.0
outer loop
vertex 82.956922393714 35.6920782902604 34.0
vertex 69.4048083905885 45.5 34.0
vertex 82.4048083905885 35.3923048454133 34.0
endloop
endfacet
facet normal 0.0 0.0 1.0
outer loop
vertex 82.4048083905885 35.3923048454133 34.0
vertex 69.4048083905885 45.5 34.0
vertex 81.8691399704082 35.0640468153451 34.0
endloop
endfacet
facet normal 0.0 0.0 1.0
outer loop
vertex 81.8691399704082 35.0640468153451 34.0
vertex 69.4048083905885 45.5 34.0
vertex 81.3513853630789 34.7082039324994 34.0
endloop
endfacet
facet normal 0.0 0.0 1.0
outer loop
vertex 81.3513853630789 34.7082039324994 34.0
vertex 69.4048083905885 45.5 34.0
vertex 80.8529636979905 34.3257515374836 34.0
endloop
endfacet
facet normal 0.0 0.0 1.0
outer loop
vertex 80.8529636979905 34.3257515374836 34.0
vertex 69.4048083905885 45.5 34.0
vertex 80.3752411142822 33.9177379057287 34.0
endloop
endfacet
facet normal 0.0 0.0 1.0
outer loop
vertex 80.3752411142822 33.9177379057287 34.0
vertex 69.4048083905885 45.5 34.0
vertex 79.91952701635 33.4852813742386 34.0
endloop
endfacet
facet normal 0.0 0.0 1.0
outer loop
vertex 79.91952701635 33.4852813742386 34.0
vertex 69.4048083905885 45.5 34.0
vertex 79.4870704848598 33.0295672763063 34.0
endloop
endfacet
facet normal 0.0 0.0 1.0
outer loop
vertex 79.4870704848598 33.0295672763063 34.0
vertex 69.4048083905885 45.5 34.0
vertex 79.0790568531049 32.5518446925981 34.0
endloop
endfacet
facet normal 0.0 0.0 1.0
outer loop
vertex 79.0790568531049 32.5518446925981 34.0
vertex 69.4048083905885 45.5 34.0
vertex 78.6966044580892 32.0534230275097 34.0
endloop
endfacet
facet normal 0.0 0.0 1.0
outer loop
vertex 78.6966044580892 32.0534230275097 34.0
vertex 69.4048083905885 45.5 34.0
vertex 78.3407615752434 31.5356684201803 34.0
endloop
endfacet
facet normal 0.0 0.0 1.0
outer loop
vertex 78.3407615752434 31.5356684201803 34.0
vertex 69.4048083905885 45.5 34.0
vertex 78.0125035451753 31.0 34.0
endloop
endfacet
facet normal 0.0 0.0 1.0
outer loop
vertex 78.0125035451753 31.0 34.0
vertex 69.4048083905885 45.5 34.0
vertex 77.7127301003281 30.4478859968746 34.0
endloop
endfacet
facet normal 0.0 0.0 1.0
outer loop
vertex 77.7127301003281 30.4478859968746 34.0
vertex 69.4048083905885 45.5 34.0
vertex 77.4422628988773 29.8808397169096 34.0
endloop
endfacet
facet normal 0.0 0.0 1.0
outer loop
vertex 77.4422628988773 29.8808397169096 34.0
vertex 69.4048083905885 45.5 34.0
vertex 77.2018432726221 29.3004153945436 34.0
endloop
endfacet
facet normal 0.0 0.0 1.0
outer loop
vertex 77.2018432726221 29.3004153945436 34.0
vertex 69.4048083905885 45.5 34.0
vertex 76.9921301950467 28.7082039324994 34.0
endloop
endfacet
facet normal 0.0 0.0 1.0
outer loop
vertex 76.9921301950467 28.7082039324994 34.0
vertex 69.4048083905885 45.5 34.0
vertex 76.8136984751197 28.1058285412302 34.0
endloop
endfacet
facet normal 0.0 0.0 1.0
outer loop
vertex 76.8136984751197 28.1058285412302 34.0
vertex 69.4048083905885 45.5 34.0
vertex 76.6670371817829 27.4949402898131 34.0
endloop
endfacet
facet normal 0.0 0.0 1.0
outer loop
vertex 76.6670371817829 27.4949402898131 34.0
vertex 69.4048083905885 45.5 34.0
vertex 76.5525483034469 26.8772135804828 34.0
endloop
endfacet
facet normal 0.0 0.0 1.0
outer loop
vertex 76.5525483034469 26.8772135804828 34.0
vertex 69.4048083905885 45.5 34.0
vertex 76.4705456461692 26.2543415592118 34.0
endloop
endfacet
facet normal 0.0 0.0 1.0
outer loop
vertex 76.4705456461692 26.2543415592118 34.0
vertex 69.4048083905885 45.5 34.0
vertex 76.4212539735337 25.6280314749153 34.0
endloop
endfacet
facet normal 0.0 0.0 1.0
outer loop
vertex 76.4212539735337 25.6280314749153 34.0
vertex 69.4048083905885 45.5 34.0
vertex 76.4048083905885 25.0 34.0
endloop
endfacet
facet normal 0.0 0.0 1.0
outer loop
vertex 76.5525483034469 26.8772135804828 34.0
vertex 76.4705456461692 26.2543415592118 34.0
vertex 76.5028871934524 26.5 34.0
endloop
endfacet
facet normal 0.0 0.0 1.0
outer loop
vertex 112.2 50.0 34.0
vertex 82.956922393714 35.6920782902604 34.0
vertex 83.5239686736789 35.9625454917112 34.0
endloop
endfacet
facet normal 0.0 0.0 1.0
outer loop
vertex 112.2 50.0 34.0
vertex 83.5239686736789 35.9625454917112 34.0
vertex 84.1043929960449 36.2029651179664 34.0
endloop
endfacet
facet normal 0.0 0.0 1.0
outer loop
vertex 112.2 50.0 34.0
vertex 84.1043929960449 36.2029651179664 34.0
vertex 84.6966044580892 36.4126781955418 34.0
endloop
endfacet
facet normal 0.0 0.0 1.0
outer loop
vertex 112.2 50.0 34.0
vertex 84.6966044580892 36.4126781955418 34.0
vertex 85.2989798493583 36.5911099154688 34.0
endloop
endfacet
facet normal 0.0 0.0 1.0
outer loop
vertex 112.2 50.0 34.0
vertex 85.2989798493583 36.5911099154688 34.0
vertex 85.9098681007754 36.7377712088057 34.0
endloop
endfacet
facet normal 0.0 0.0 1.0
outer loop
vertex 112.2 50.0 34.0
vertex 85.9098681007754 36.7377712088057 34.0
vertex 86.5275948101058 36.8522600871417 34.0
endloop
endfacet
facet normal 0.0 0.0 1.0
outer loop
vertex 112.2 50.0 34.0
vertex 86.5275948101058 36.8522600871417 34.0
vertex 86.9048083905885 36.9019211971361 34.0
endloop
endfacet
facet normal 0.0 0.0 1.0
outer loop
vertex 112.2 50.0 34.0
vertex 86.9048083905885 36.9019211971361 34.0
vertex 87.1504668313767 36.9342627444193 34.0
endloop
endfacet
facet normal 0.0 0.0 1.0
outer loop
vertex 112.2 50.0 34.0
vertex 87.1504668313767 36.9342627444193 34.0
vertex 87.7767769156732 36.9835544170549 34.0
endloop
endfacet
facet normal 0.0 0.0 1.0
outer loop
vertex 112.2 50.0 34.0
vertex 87.7767769156732 36.9835544170549 34.0
vertex 88.4048083905885 37.0 34.0
endloop
endfacet
facet normal 0.0 0.0 1.0
outer loop
vertex 112.2 50.0 34.0
vertex 88.4048083905885 37.0 34.0
vertex 89.0328398655039 36.9835544170549 34.0
endloop
endfacet
facet normal 0.0 0.0 1.0
outer loop
vertex 112.2 50.0 34.0
vertex 89.0328398655039 36.9835544170549 34.0
vertex 89.6591499498004 36.9342627444193 34.0
endloop
endfacet
facet normal 0.0 0.0 1.0
outer loop
vertex 112.2 50.0 34.0
vertex 89.6591499498004 36.9342627444193 34.0
vertex 89.9048083905885 36.9019211971361 34.0
endloop
endfacet
facet normal 0.0 0.0 1.0
outer loop
vertex 112.2 50.0 34.0
vertex 89.9048083905885 36.9019211971361 34.0
vertex 90.2820219710713 36.8522600871417 34.0
endloop
endfacet
facet normal 0.0 0.0 1.0
outer loop
vertex 112.2 50.0 34.0
vertex 90.2820219710713 36.8522600871417 34.0
vertex 90.8997486804016 36.7377712088057 34.0
endloop
endfacet
facet normal 0.0 0.0 1.0
outer loop
vertex 112.2 50.0 34.0
vertex 90.8997486804016 36.7377712088057 34.0
vertex 91.5106369318188 36.5911099154688 34.0
endloop
endfacet
facet normal 0.0 0.0 1.0
outer loop
vertex 112.2 50.0 34.0
vertex 91.5106369318188 36.5911099154688 34.0
vertex 92.1130123230879 36.4126781955418 34.0
endloop
endfacet
facet normal 0.0 0.0 1.0
outer loop
vertex 112.2 50.0 34.0
vertex 92.1130123230879 36.4126781955418 34.0
vertex 92.7052237851321 36.2029651179664 34.0
endloop
endfacet
facet normal 0.0 0.0 1.0
outer loop
vertex 112.2 50.0 34.0
vertex 92.7052237851321 36.2029651179664 34.0
vertex 93.2856481074981 35.9625454917112 34.0
endloop
endfacet
facet normal 0.0 0.0 1.0
outer loop
vertex 112.2 50.0 34.0
vertex 93.2856481074981 35.9625454917112 34.0
vertex 93.8526943874631 35.6920782902604 34.0
endloop
endfacet
facet normal 0.0 0.0 1.0
outer loop
vertex 112.2 50.0 34.0
vertex 93.8526943874631 35.6920782902604 34.0
vertex 107.844148218809 46.5606601717798 34.0
endloop
endfacet
facet normal 0.0 0.0 1.0
outer loop
vertex 107.844148218809 46.5606601717798 34.0
vertex 93.8526943874631 35.6920782902604 34.0
vertex 94.4048083905885 35.3923048454133 34.0
endloop
endfacet
facet normal 0.0 0.0 1.0
outer loop
vertex 107.844148218809 46.5606601717798 34.0
vertex 94.4048083905885 35.3923048454133 34.0
vertex 94.9404768107689 35.0640468153451 34.0
endloop
endfacet
facet normal 0.0 0.0 1.0
outer loop
vertex 107.844148218809 46.5606601717798 34.0
vertex 94.9404768107689 35.0640468153451 34.0
vertex 95.4582314180982 34.7082039324994 34.0
endloop
endfacet
facet normal 0.0 0.0 1.0
outer loop
vertex 107.844148218809 46.5606601717798 34.0
vertex 95.4582314180982 34.7082039324994 34.0
vertex 95.9566530831866 34.3257515374837 34.0
endloop
endfacet
facet normal 0.0 0.0 1.0
outer loop
vertex 107.844148218809 46.5606601717798 34.0
vertex 95.9566530831866 34.3257515374837 34.0
vertex 96.4343756668948 33.9177379057287 34.0
endloop
endfacet
facet normal 0.0 0.0 1.0
outer loop
vertex 107.844148218809 46.5606601717798 34.0
vertex 96.4343756668948 33.9177379057287 34.0
vertex 96.8900897648271 33.4852813742386 34.0
endloop
endfacet
facet normal 0.0 0.0 1.0
outer loop
vertex 107.844148218809 46.5606601717798 34.0
vertex 96.8900897648271 33.4852813742386 34.0
vertex 97.3225462963173 33.0295672763063 34.0
endloop
endfacet
facet normal 0.0 0.0 1.0
outer loop
vertex 107.844148218809 46.5606601717798 34.0
vertex 97.3225462963173 33.0295672763063 34.0
vertex 107.605770284912 46.25 34.0
endloop
endfacet
facet normal 0.0 0.0 1.0
outer loop
vertex 107.605770284912 46.25 34.0
vertex 97.3225462963173 33.0295672763063 34.0
vertex 97.7305599280722 32.5518446925981 34.0
endloop
endfacet
facet normal 0.0 0.0 1.0
outer loop
vertex 107.605770284912 46.25 34.0
vertex 97.7305599280722 32.5518446925981 34.0
vertex 98.1130123230879 32.0534230275097 34.0
endloop
endfacet
facet normal 0.0 0.0 1.0
outer loop
vertex 107.605770284912 46.25 34.0
vertex 98.1130123230879 32.0534230275097 34.0
vertex 98.4688552059336 31.5356684201803 34.0
endloop
endfacet
facet normal 0.0 0.0 1.0
outer loop
vertex 107.605770284912 46.25 34.0
vertex 98.4688552059336 31.5356684201803 34.0
vertex 98.7971132360018 31.0 34.0
endloop
endfacet
facet normal 0.0 0.0 1.0
outer loop
vertex 107.605770284912 46.25 34.0
vertex 98.7971132360018 31.0 34.0
vertex 99.096886680849 30.4478859968746 34.0
endloop
endfacet
facet normal 0.0 0.0 1.0
outer loop
vertex 107.605770284912 46.25 34.0
vertex 99.096886680849 30.4478859968746 34.0
vertex 99.3673538822997 29.8808397169096 34.0
endloop
endfacet
facet normal 0.0 0.0 1.0
outer loop
vertex 107.605770284912 46.25 34.0
vertex 99.3673538822997 29.8808397169096 34.0
vertex 99.607773508555 29.3004153945436 34.0
endloop
endfacet
facet normal 0.0 0.0 1.0
outer loop
vertex 107.605770284912 46.25 34.0
vertex 99.607773508555 29.3004153945436 34.0
vertex 99.8174865861304 28.7082039324994 34.0
endloop
endfacet
facet normal 0.0 0.0 1.0
outer loop
vertex 107.605770284912 46.25 34.0
vertex 99.8174865861304 28.7082039324994 34.0
vertex 99.9959183060574 28.1058285412303 34.0
endloop
endfacet
facet normal 0.0 0.0 1.0
outer loop
vertex 107.605770284912 46.25 34.0
vertex 99.9959183060574 28.1058285412303 34.0
vertex 107.455919651155 45.8882285676538 34.0
endloop
endfacet
facet normal 0.0 0.0 1.0
outer loop
vertex 107.455919651155 45.8882285676538 34.0
vertex 99.9959183060574 28.1058285412303 34.0
vertex 100.142579599394 27.4949402898131 34.0
endloop
endfacet
facet normal 0.0 0.0 1.0
outer loop
vertex 107.455919651155 45.8882285676538 34.0
vertex 100.142579599394 27.4949402898131 34.0
vertex 100.25706847773 26.8772135804828 34.0
endloop
endfacet
facet normal 0.0 0.0 1.0
outer loop
vertex 107.455919651155 45.8882285676538 34.0
vertex 100.25706847773 26.8772135804828 34.0
vertex 100.306729587725 26.5 34.0
endloop
endfacet
facet normal 0.0 0.0 1.0
outer loop
vertex 107.455919651155 45.8882285676538 34.0
vertex 100.306729587725 26.5 34.0
vertex 100.339071135008 26.2543415592118 34.0
endloop
endfacet
facet normal 0.0 0.0 1.0
outer loop
vertex 107.455919651155 45.8882285676538 34.0
vertex 100.339071135008 26.2543415592118 34.0
vertex 100.388362807643 25.6280314749153 34.0
endloop
endfacet
facet normal 0.0 0.0 1.0
outer loop
vertex 107.455919651155 45.8882285676538 34.0
vertex 100.388362807643 25.6280314749153 34.0
vertex 100.404808390589 25.0 34.0
endloop
endfacet
facet normal 0.0 0.0 1.0
outer loop
vertex 107.455919651155 45.8882285676538 34.0
vertex 100.404808390589 25.0 34.0
vertex 107.404808390589 45.5 34.0
endloop
endfacet
facet normal 0.0 0.0 1.0
outer loop
vertex 107.404808390589 45.5 34.0
vertex 100.404808390589 25.0 34.0
vertex 107.404808390589 4.5 34.0
endloop
endfacet
facet normal 0.0 0.0 1.0
outer loop
vertex 112.2 50.0 34.0
vertex 107.844148218809 46.5606601717798 34.0
vertex 108.154808390589 46.7990381056766 34.0
endloop
endfacet
facet normal 0.0 0.0 1.0
outer loop
vertex 112.2 50.0 34.0
vertex 108.154808390589 46.7990381056766 34.0
vertex 108.516579822935 46.9488887394336 34.0
endloop
endfacet
facet normal 0.0 0.0 1.0
outer loop
vertex 112.2 50.0 34.0
vertex 108.516579822935 46.9488887394336 34.0
vertex 108.904808390589 47.0 34.0
endloop
endfacet
facet normal 0.0 0.0 1.0
outer loop
vertex 112.2 50.0 34.0
vertex 108.904808390589 47.0 34.0
vertex 109.293036958242 46.9488887394336 34.0
endloop
endfacet
facet normal 0.0 0.0 1.0
outer loop
vertex 112.2 50.0 34.0
vertex 109.293036958242 46.9488887394336 34.0
vertex 109.654808390589 46.7990381056766 34.0
endloop
endfacet
facet normal 0.0 0.0 1.0
outer loop
vertex 112.2 50.0 34.0
vertex 109.654808390589 46.7990381056766 34.0
vertex 109.965468562368 46.5606601717798 34.0
endloop
endfacet
facet normal 0.0 0.0 1.0
outer loop
vertex 112.2 50.0 34.0
vertex 109.965468562368 46.5606601717798 34.0
vertex 110.203846496265 46.25 34.0
endloop
endfacet
facet normal 0.0 0.0 1.0
outer loop
vertex 112.2 50.0 34.0
vertex 110.203846496265 46.25 34.0
vertex 110.353697130022 45.8882285676538 34.0
endloop
endfacet
facet normal 0.0 0.0 1.0
outer loop
vertex 112.2 50.0 34.0
vertex 110.353697130022 45.8882285676538 34.0
vertex 110.404808390589 45.5 34.0
endloop
endfacet
facet normal 0.0 0.0 1.0
outer loop
vertex 107.455919651155 4.88822856765378 34.0
vertex 107.404808390589 45.5 34.0
vertex 107.404808390589 4.5 34.0
endloop
endfacet
facet normal 0.0 0.0 1.0
outer loop
vertex 107.404808390589 45.5 34.0
vertex 107.455919651155 4.88822856765378 34.0
vertex 107.455919651155 45.1117714323462 34.0
endloop
endfacet
facet normal 0.0 0.0 1.0
outer loop
vertex 107.455919651155 45.1117714323462 34.0
vertex 107.455919651155 4.88822856765378 34.0
vertex 107.605770284912 5.25 34.0
endloop
endfacet
facet normal 0.0 0.0 1.0
outer loop
vertex 107.455919651155 45.1117714323462 34.0
vertex 107.605770284912 5.25 34.0
vertex 107.605770284912 44.75 34.0
endloop
endfacet
facet normal 0.0 0.0 1.0
outer loop
vertex 107.605770284912 44.75 34.0
vertex 107.605770284912 5.25 34.0
vertex 107.844148218809 5.56066017177982 34.0
endloop
endfacet
facet normal 0.0 0.0 1.0
outer loop
vertex 107.605770284912 44.75 34.0
vertex 107.844148218809 5.56066017177982 34.0
vertex 107.844148218809 44.4393398282202 34.0
endloop
endfacet
facet normal 0.0 0.0 1.0
outer loop
vertex 107.844148218809 44.4393398282202 34.0
vertex 107.844148218809 5.56066017177982 34.0
vertex 108.154808390589 5.79903810567666 34.0
endloop
endfacet
facet normal 0.0 0.0 1.0
outer loop
vertex 107.844148218809 44.4393398282202 34.0
vertex 108.154808390589 5.79903810567666 34.0
vertex 108.154808390589 44.2009618943233 34.0
endloop
endfacet
facet normal 0.0 0.0 1.0
outer loop
vertex 108.154808390589 44.2009618943233 34.0
vertex 108.154808390589 5.79903810567666 34.0
vertex 108.516579822935 5.9488887394336 34.0
endloop
endfacet
facet normal 0.0 0.0 1.0
outer loop
vertex 108.154808390589 44.2009618943233 34.0
vertex 108.516579822935 5.9488887394336 34.0
vertex 108.516579822935 44.0511112605664 34.0
endloop
endfacet
facet normal 0.0 0.0 1.0
outer loop
vertex 108.516579822935 44.0511112605664 34.0
vertex 108.516579822935 5.9488887394336 34.0
vertex 108.904808390589 6.0 34.0
endloop
endfacet
facet normal 0.0 0.0 1.0
outer loop
vertex 108.516579822935 44.0511112605664 34.0
vertex 108.904808390589 6.0 34.0
vertex 108.904808390589 44.0 34.0
endloop
endfacet
facet normal 0.0 0.0 1.0
outer loop
vertex 108.904808390589 44.0 34.0
vertex 108.904808390589 6.0 34.0
vertex 109.293036958242 5.9488887394336 34.0
endloop
endfacet
facet normal 0.0 0.0 1.0
outer loop
vertex 108.904808390589 44.0 34.0
vertex 109.293036958242 5.9488887394336 34.0
vertex 109.293036958242 44.0511112605664 34.0
endloop
endfacet
facet normal 0.0 0.0 1.0
outer loop
vertex 109.293036958242 44.0511112605664 34.0
vertex 109.293036958242 5.9488887394336 34.0
vertex 109.654808390589 5.79903810567666 34.0
endloop
endfacet
facet normal 0.0 0.0 1.0
outer loop
vertex 109.293036958242 44.0511112605664 34.0
vertex 109.654808390589 5.79903810567666 34.0
vertex 109.654808390589 44.2009618943233 34.0
endloop
endfacet
facet normal 0.0 0.0 1.0
outer loop
vertex 109.654808390589 44.2009618943233 34.0
vertex 109.654808390589 5.79903810567666 34.0
vertex 109.965468562368 5.56066017177982 34.0
endloop
endfacet
facet normal 0.0 0.0 1.0
outer loop
vertex 109.654808390589 44.2009618943233 34.0
vertex 109.965468562368 5.56066017177982 34.0
vertex 109.965468562368 44.4393398282202 34.0
endloop
endfacet
facet normal 0.0 0.0 1.0
outer loop
vertex 109.965468562368 44.4393398282202 34.0
vertex 109.965468562368 5.56066017177982 34.0
vertex 110.203846496265 5.25 34.0
endloop
endfacet
facet normal 0.0 0.0 1.0
outer loop
vertex 109.965468562368 44.4393398282202 34.0
vertex 110.203846496265 5.25 34.0
vertex 110.203846496265 44.75 34.0
endloop
endfacet
facet normal 0.0 0.0 1.0
outer loop
vertex 110.203846496265 44.75 34.0
vertex 110.203846496265 5.25 34.0
vertex 110.353697130022 4.88822856765378 34.0
endloop
endfacet
facet normal 0.0 0.0 1.0
outer loop
vertex 110.203846496265 44.75 34.0
vertex 110.353697130022 4.88822856765378 34.0
vertex 110.353697130022 45.1117714323462 34.0
endloop
endfacet
facet normal 0.0 0.0 1.0
outer loop
vertex 110.353697130022 45.1117714323462 34.0
vertex 110.353697130022 4.88822856765378 34.0
vertex 110.404808390589 4.5 34.0
endloop
endfacet
facet normal 0.0 0.0 1.0
outer loop
vertex 110.353697130022 45.1117714323462 34.0
vertex 110.404808390589 4.5 34.0
vertex 110.404808390589 45.5 34.0
endloop
endfacet
facet normal 0.0 0.0 1.0
outer loop
vertex 66.4559196511549 4.88822856765378 34.0
vertex 66.4048083905885 45.5 34.0
vertex 66.4048083905885 4.5 34.0
endloop
endfacet
facet normal 0.0 0.0 1.0
outer loop
vertex 66.4048083905885 45.5 34.0
vertex 66.4559196511549 4.88822856765378 34.0
vertex 66.4559196511549 45.1117714323462 34.0
endloop
endfacet
facet normal 0.0 0.0 1.0
outer loop
vertex 66.4559196511549 45.1117714323462 34.0
vertex 66.4559196511549 4.88822856765378 34.0
vertex 66.6057702849119 5.25 34.0
endloop
endfacet
facet normal 0.0 0.0 1.0
outer loop
vertex 66.4559196511549 45.1117714323462 34.0
vertex 66.6057702849119 5.25 34.0
vertex 66.6057702849119 44.75 34.0
endloop
endfacet
facet normal 0.0 0.0 1.0
outer loop
vertex 66.6057702849119 44.75 34.0
vertex 66.6057702849119 5.25 34.0
vertex 66.8441482188087 5.56066017177982 34.0
endloop
endfacet
facet normal 0.0 0.0 1.0
outer loop
vertex 66.6057702849119 44.75 34.0
vertex 66.8441482188087 5.56066017177982 34.0
vertex 66.8441482188087 44.4393398282202 34.0
endloop
endfacet
facet normal 0.0 0.0 1.0
outer loop
vertex 66.8441482188087 44.4393398282202 34.0
vertex 66.8441482188087 5.56066017177982 34.0
vertex 67.1548083905885 5.79903810567666 34.0
endloop
endfacet
facet normal 0.0 0.0 1.0
outer loop
vertex 66.8441482188087 44.4393398282202 34.0
vertex 67.1548083905885 5.79903810567666 34.0
vertex 67.1548083905885 44.2009618943233 34.0
endloop
endfacet
facet normal 0.0 0.0 1.0
outer loop
vertex 67.1548083905885 44.2009618943233 34.0
vertex 67.1548083905885 5.79903810567666 34.0
vertex 67.5165798229348 5.9488887394336 34.0
endloop
endfacet
facet normal 0.0 0.0 1.0
outer loop
vertex 67.1548083905885 44.2009618943233 34.0
vertex 67.5165798229348 5.9488887394336 34.0
vertex 67.5165798229348 44.0511112605664 34.0
endloop
endfacet
facet normal 0.0 0.0 1.0
outer loop
vertex 67.5165798229348 44.0511112605664 34.0
vertex 67.5165798229348 5.9488887394336 34.0
vertex 67.9048083905885 6.0 34.0
endloop
endfacet
facet normal 0.0 0.0 1.0
outer loop
vertex 67.5165798229348 44.0511112605664 34.0
vertex 67.9048083905885 6.0 34.0
vertex 67.9048083905885 44.0 34.0
endloop
endfacet
facet normal 0.0 0.0 1.0
outer loop
vertex 67.9048083905885 44.0 34.0
vertex 67.9048083905885 6.0 34.0
vertex 68.2930369582423 5.9488887394336 34.0
endloop
endfacet
facet normal 0.0 0.0 1.0
outer loop
vertex 67.9048083905885 44.0 34.0
vertex 68.2930369582423 5.9488887394336 34.0
vertex 68.2930369582423 44.0511112605664 34.0
endloop
endfacet
facet normal 0.0 0.0 1.0
outer loop
vertex 68.2930369582423 44.0511112605664 34.0
vertex 68.2930369582423 5.9488887394336 34.0
vertex 68.6548083905885 5.79903810567666 34.0
endloop
endfacet
facet normal 0.0 0.0 1.0
outer loop
vertex 68.2930369582423 44.0511112605664 34.0
vertex 68.6548083905885 5.79903810567666 34.0
vertex 68.6548083905885 44.2009618943233 34.0
endloop
endfacet
facet normal 0.0 0.0 1.0
outer loop
vertex 68.6548083905885 44.2009618943233 34.0
vertex 68.6548083905885 5.79903810567666 34.0
vertex 68.9654685623684 5.56066017177982 34.0
endloop
endfacet
facet normal 0.0 0.0 1.0
outer loop
vertex 68.6548083905885 44.2009618943233 34.0
vertex 68.9654685623684 5.56066017177982 34.0
vertex 68.9654685623684 44.4393398282202 34.0
endloop
endfacet
facet normal 0.0 0.0 1.0
outer loop
vertex 68.9654685623684 44.4393398282202 34.0
vertex 68.9654685623684 5.56066017177982 34.0
vertex 69.2038464962652 5.25 34.0
endloop
endfacet
facet normal 0.0 0.0 1.0
outer loop
vertex 68.9654685623684 44.4393398282202 34.0
vertex 69.2038464962652 5.25 34.0
vertex 69.2038464962652 44.75 34.0
endloop
endfacet
facet normal 0.0 0.0 1.0
outer loop
vertex 69.2038464962652 44.75 34.0
vertex 69.2038464962652 5.25 34.0
vertex 69.3536971300221 4.88822856765378 34.0
endloop
endfacet
facet normal 0.0 0.0 1.0
outer loop
vertex 69.2038464962652 44.75 34.0
vertex 69.3536971300221 4.88822856765378 34.0
vertex 69.3536971300221 45.1117714323462 34.0
endloop
endfacet
facet normal 0.0 0.0 1.0
outer loop
vertex 69.3536971300221 45.1117714323462 34.0
vertex 69.3536971300221 4.88822856765378 34.0
vertex 69.4048083905885 4.5 34.0
endloop
endfacet
facet normal 0.0 0.0 1.0
outer loop
vertex 69.3536971300221 45.1117714323462 34.0
vertex 69.4048083905885 4.5 34.0
vertex 69.4048083905885 45.5 34.0
endloop
endfacet
facet normal 0.965925826289066 -0.258819045102531 -1.95284584397685e-016
outer loop
vertex 84.5430917581522 26.0347438530592 31.0
vertex 84.4942297975683 25.8312191398728 34.9336441091219
vertex 84.4942297975683 25.8312191398728 31.0
endloop
endfacet
facet normal 0.973663161593181 -0.227991332634317 -1.96607104491774e-016
outer loop
vertex 84.4942297975683 25.8312191398728 34.9336441091219
vertex 84.5430917581522 26.0347438530592 31.0
vertex 84.5430917581522 26.0347438530592 34.9336441091219
endloop
endfacet
facet normal -0.913545457642601 0.406736643075801 1.85884731678516e-016
outer loop
vertex 92.0571112820212 23.3738899852988 34.9336441091219
vertex 91.9670019052671 23.1849717482472 31.0
vertex 91.9670019052671 23.1849717482472 34.9336441091219
endloop
endfacet
facet normal -0.89100652418837 0.453990499739542 1.81719567930356e-016
outer loop
vertex 91.9670019052671 23.1849717482472 31.0
vertex 92.0571112820212 23.3738899852988 34.9336441091219
vertex 92.0571112820212 23.3738899852988 31.0
endloop
endfacet
facet normal -0.998629534754574 -0.0523359562429378 9.79451737545402e-017
outer loop
vertex 92.3972725933728 25.209236182735 34.9336441091219
vertex 92.4027516356433 25.0 31.0
vertex 92.4027516356433 25.0 34.9336441091219
endloop
endfacet
facet normal -1.0 1.11092436231069e-014 2.53071072379163e-020
outer loop
vertex 92.4027516356433 25.0 31.0
vertex 92.3972725933728 25.209236182735 34.9336441091219
vertex 92.3972725933728 25.209236182735 31.0
endloop
endfacet
facet normal 0.544639035015027 0.838670567945424 -1.02876445806196e-016
outer loop
vertex 86.2273724395571 21.6470426680563 34.9336441091219
vertex 86.4058367680612 21.5376795868942 31.0
vertex 86.2273724395571 21.6470426680563 31.0
endloop
endfacet
facet normal 0.499999999999995 0.866025403784441 -9.37384991633926e-017
outer loop
vertex 86.4058367680612 21.5376795868942 31.0
vertex 86.2273724395571 21.6470426680563 34.9336441091219
vertex 86.4058367680612 21.5376795868942 34.9336441091219
endloop
endfacet
facet normal 0.20791169081776 0.978147600733806 -3.44371975409253e-017
outer loop
vertex 87.5735892507158 21.0894214069797 34.9336441091219
vertex 87.7793922777872 21.0512780704983 31.0
vertex 87.5735892507158 21.0894214069797 31.0
endloop
endfacet
facet normal 0.156434465040232 0.987688340595138 -2.40611164294468e-017
outer loop
vertex 87.7793922777872 21.0512780704983 31.0
vertex 87.5735892507158 21.0894214069797 34.9336441091219
vertex 87.7793922777872 21.0512780704983 34.9336441091219
endloop
endfacet
facet normal 0.984260934477986 -0.176721285816171 -1.98352081946989e-016
outer loop
vertex 84.4681230189482 25.7168428466797 31.0
vertex 84.4560864610868 25.6254161128013 34.9336441091219
vertex 84.4560864610868 25.6254161128013 31.0
endloop
endfacet
facet normal 0.99144486137381 -0.130526192220055 -1.99450883967316e-016
outer loop
vertex 84.4560864610868 25.6254161128013 34.9336441091219
vertex 84.4681230189482 25.7168428466797 31.0
vertex 84.4681230189482 25.7168428466797 34.9336441091219
endloop
endfacet
facet normal 0.973663161593181 -0.227991332634317 -1.96607104491774e-016
outer loop
vertex 84.4942297975683 25.8312191398728 31.0
vertex 84.4681230189482 25.7168428466797 34.9336441091219
vertex 84.4681230189482 25.7168428466797 31.0
endloop
endfacet
facet normal 0.984260934477987 -0.176721285816168 -1.98352081946989e-016
outer loop
vertex 84.4681230189482 25.7168428466797 34.9336441091219
vertex 84.4942297975683 25.8312191398728 31.0
vertex 84.4942297975683 25.8312191398728 34.9336441091219
endloop
endfacet
facet normal 0.629320391049838 0.77714596145697 2.84228080756473e-019
outer loop
vertex 82.1116044800902 17.2285403854303 44.0
vertex 82.5269558676638 16.9098300562505 34.0
vertex 82.1116044800902 17.2285403854303 34.0
endloop
endfacet
facet normal 0.587785252292473 0.809016994374947 7.01253807970109e-019
outer loop
vertex 82.5269558676638 16.9098300562505 34.0
vertex 82.1116044800902 17.2285403854303 44.0
vertex 82.5269558676638 16.9098300562505 44.0
endloop
endfacet
facet normal 0.587785252292473 0.809016994374947 7.01253807970109e-019
outer loop
vertex 82.5269558676638 16.9098300562505 44.0
vertex 82.9584180404383 16.6132943205458 34.0
vertex 82.5269558676638 16.9098300562505 34.0
endloop
endfacet
facet normal 0.544639035015028 0.838670567945424 8.42290915573351e-019
outer loop
vertex 82.9584180404383 16.6132943205458 34.0
vertex 82.5269558676638 16.9098300562505 44.0
vertex 82.9584180404383 16.6132943205458 44.0
endloop
endfacet
facet normal 0.53406251296269 0.82238415219801 -0.196116135138183
outer loop
vertex 95.2672602317779 35.5672491561123 41.0
vertex 95.4582314180982 34.7082039324994 38.0
vertex 94.9404768107689 35.0640468153451 38.0
endloop
endfacet
facet normal 0.576370859854114 0.793306430989622 -0.196116135138183
outer loop
vertex 95.4582314180982 34.7082039324994 38.0
vertex 95.2672602317779 35.5672491561123 41.0
vertex 95.8109025694737 35.1936141291243 41.0
endloop
endfacet
facet normal 0.490290337845459 0.849207775608448 -0.196116135138183
outer loop
vertex 94.7048083905885 35.9119200876839 41.0
vertex 94.9404768107689 35.0640468153451 38.0
vertex 94.4048083905885 35.3923048454133 38.0
endloop
endfacet
facet normal 0.53406251296269 0.82238415219801 -0.196116135138183
outer loop
vertex 94.9404768107689 35.0640468153451 38.0
vertex 94.7048083905885 35.9119200876839 41.0
vertex 95.2672602317779 35.5672491561123 41.0
endloop
endfacet
facet normal 0.656136542108844 0.728713455102835 -0.196116135138183
outer loop
vertex 96.8358540307102 34.3636248010152 41.0
vertex 96.8900897648271 33.4852813742386 38.0
vertex 96.4343756668948 33.9177379057287 38.0
endloop
endfacet
facet normal 0.693375245281537 0.693375245281537 -0.196116135138183
outer loop
vertex 96.8900897648271 33.4852813742386 38.0
vertex 96.8358540307102 34.3636248010152 41.0
vertex 97.314353833539 33.9095454429505 41.0
endloop
endfacet
facet normal 0.617099414281722 0.762054311995948 -0.196116135138183
outer loop
vertex 96.3342453178165 34.7920391143578 41.0
vertex 96.4343756668948 33.9177379057287 38.0
vertex 95.9566530831866 34.3257515374837 38.0
endloop
endfacet
facet normal 0.656136542108844 0.728713455102835 -0.196116135138183
outer loop
vertex 96.4343756668948 33.9177379057287 38.0
vertex 96.3342453178165 34.7920391143578 41.0
vertex 96.8358540307102 34.3636248010152 41.0
endloop
endfacet
facet normal 0.3514086861111 0.915450925426444 0.196116135138184
outer loop
vertex 92.7052237851321 36.2029651179664 44.0
vertex 93.5296900933436 36.5106727662968 41.0
vertex 92.9202445548593 36.7631133738647 41.0
endloop
endfacet
facet normal 0.398838092295523 0.895805022129553 0.196116135138183
outer loop
vertex 93.5296900933436 36.5106727662968 41.0
vertex 92.7052237851321 36.2029651179664 44.0
vertex 93.2856481074981 35.9625454917112 44.0
endloop
endfacet
facet normal 0.398838092295523 0.895805022129553 0.196116135138183
outer loop
vertex 93.2856481074981 35.9625454917112 44.0
vertex 94.1250886873068 36.2266822047734 41.0
vertex 93.5296900933436 36.5106727662968 41.0
endloop
endfacet
facet normal 0.44517431099186 0.87370377953365 0.196116135138183
outer loop
vertex 94.1250886873068 36.2266822047734 41.0
vertex 93.2856481074981 35.9625454917112 44.0
vertex 93.8526943874631 35.6920782902604 44.0
endloop
endfacet
facet normal -0.576370859854112 -0.793306430989623 0.196116135138184
outer loop
vertex 81.3513853630789 15.2917960675006 44.0
vertex 80.4753714633606 15.2079608856422 41.0
vertex 80.9987142117034 14.8063858708757 41.0
endloop
endfacet
facet normal -0.617099414281724 -0.762054311995946 0.196116135138184
outer loop
vertex 80.4753714633606 15.2079608856422 41.0
vertex 81.3513853630789 15.2917960675006 44.0
vertex 80.8529636979905 15.6742484625163 44.0
endloop
endfacet
facet normal -0.534062512962685 -0.822384152198013 0.196116135138184
outer loop
vertex 81.8691399704082 14.9359531846549 44.0
vertex 80.9987142117034 14.8063858708757 41.0
vertex 81.5423565493992 14.4327508438877 41.0
endloop
endfacet
facet normal -0.576370859854112 -0.793306430989623 0.196116135138184
outer loop
vertex 80.9987142117034 14.8063858708757 41.0
vertex 81.8691399704082 14.9359531846549 44.0
vertex 81.3513853630789 15.2917960675006 44.0
endloop
endfacet
facet normal -0.3514086861111 -0.915450925426444 -0.196116135138185
outer loop
vertex 83.8893722263178 13.2368866261353 41.0
vertex 83.5239686736789 14.0374545082888 38.0
vertex 84.1043929960449 13.7970348820336 38.0
endloop
endfacet
facet normal -0.398838092295527 -0.895805022129551 -0.196116135138185
outer loop
vertex 83.5239686736789 14.0374545082888 38.0
vertex 83.8893722263178 13.2368866261353 41.0
vertex 83.2799266878335 13.4893272337032 41.0
endloop
endfacet
facet normal -0.303016093144162 -0.932587641368955 -0.196116135138185
outer loop
vertex 84.5111942614642 13.0166878946811 41.0
vertex 84.1043929960449 13.7970348820336 38.0
vertex 84.6966044580892 13.5873218044582 38.0
endloop
endfacet
facet normal -0.3514086861111 -0.915450925426443 -0.196116135138185
outer loop
vertex 84.1043929960449 13.7970348820336 38.0
vertex 84.5111942614642 13.0166878946811 41.0
vertex 83.8893722263178 13.2368866261353 41.0
endloop
endfacet
facet normal 0.44517431099186 0.87370377953365 -0.196116135138183
outer loop
vertex 94.1250886873068 36.2266822047734 41.0
vertex 94.4048083905885 35.3923048454133 38.0
vertex 93.8526943874631 35.6920782902604 38.0
endloop
endfacet
facet normal 0.490290337845459 0.849207775608448 -0.196116135138183
outer loop
vertex 94.4048083905885 35.3923048454133 38.0
vertex 94.1250886873068 36.2266822047734 41.0
vertex 94.7048083905885 35.9119200876839 41.0
endloop
endfacet
facet normal 0.398838092295523 0.895805022129553 -0.196116135138183
outer loop
vertex 93.5296900933436 36.5106727662968 41.0
vertex 93.8526943874631 35.6920782902604 38.0
vertex 93.2856481074981 35.9625454917112 38.0
endloop
endfacet
facet normal 0.44517431099186 0.87370377953365 -0.196116135138183
outer loop
vertex 93.8526943874631 35.6920782902604 38.0
vertex 93.5296900933436 36.5106727662968 41.0
vertex 94.1250886873068 36.2266822047734 41.0
endloop
endfacet
facet normal -0.490290337845457 0.849207775608448 -0.196116135138184
outer loop
vertex 82.1048083905885 35.9119200876839 41.0
vertex 82.956922393714 35.6920782902604 38.0
vertex 82.4048083905885 35.3923048454133 38.0
endloop
endfacet
facet normal -0.445174310991863 0.873703779533648 -0.196116135138184
outer loop
vertex 82.956922393714 35.6920782902604 38.0
vertex 82.1048083905885 35.9119200876839 41.0
vertex 82.6845280938702 36.2266822047734 41.0
endloop
endfacet
facet normal -0.534062512962686 0.822384152198012 -0.196116135138184
outer loop
vertex 81.5423565493992 35.5672491561123 41.0
vertex 82.4048083905885 35.3923048454133 38.0
vertex 81.8691399704082 35.0640468153451 38.0
endloop
endfacet
facet normal -0.490290337845457 0.849207775608449 -0.196116135138184
outer loop
vertex 82.4048083905885 35.3923048454133 38.0
vertex 81.5423565493992 35.5672491561123 41.0
vertex 82.1048083905885 35.9119200876839 41.0
endloop
endfacet
facet normal 0.693375245281537 0.693375245281537 -0.196116135138183
outer loop
vertex 96.8900897648271 33.4852813742386 38.0
vertex 97.7684331916037 33.4310456401216 41.0
vertex 97.3225462963173 33.0295672763063 38.0
endloop
endfacet
facet normal 0.728713455102833 0.656136542108845 -0.196116135138183
outer loop
vertex 97.7684331916037 33.4310456401216 41.0
vertex 96.8900897648271 33.4852813742386 38.0
vertex 97.314353833539 33.9095454429505 41.0
endloop
endfacet
facet normal 0.728713455102833 0.656136542108846 -0.196116135138183
outer loop
vertex 97.3225462963173 33.0295672763063 38.0
vertex 98.1968475049464 32.929436927228 41.0
vertex 97.7305599280722 32.5518446925981 38.0
endloop
endfacet
facet normal 0.762054311995947 0.617099414281723 -0.196116135138183
outer loop
vertex 98.1968475049464 32.929436927228 41.0
vertex 97.3225462963173 33.0295672763063 38.0
vertex 97.7684331916037 33.4310456401216 41.0
endloop
endfacet
facet normal 0.947168199409845 0.253792954128309 0.196116135138183
outer loop
vertex 100.575473801831 28.2611199682918 41.0
vertex 99.8174865861304 28.7082039324994 44.0
vertex 99.9959183060574 28.1058285412303 44.0
endloop
endfacet
facet normal 0.932587641368955 0.303016093144161 0.196116135138183
outer loop
vertex 99.8174865861304 28.7082039324994 44.0
vertex 100.575473801831 28.2611199682918 41.0
vertex 100.388120495907 28.8936141291243 41.0
endloop
endfacet
facet normal 0.932587641368955 0.303016093144161 0.196116135138183
outer loop
vertex 100.388120495907 28.8936141291243 41.0
vertex 99.607773508555 29.3004153945436 44.0
vertex 99.8174865861304 28.7082039324994 44.0
endloop
endfacet
facet normal 0.915450925426444 0.3514086861111 0.196116135138184
outer loop
vertex 99.607773508555 29.3004153945436 44.0
vertex 100.388120495907 28.8936141291243 41.0
vertex 100.167921764453 29.5154361642708 41.0
endloop
endfacet
facet normal -0.959152635253007 0.20387418626612 -0.196116135138185
outer loop
vertex 76.0801486213426 27.6196873043038 41.0
vertex 76.8136984751197 28.1058285412302 38.0
vertex 76.6670371817829 27.4949402898131 38.0
endloop
endfacet
facet normal -0.947168199409845 0.253792954128308 -0.196116135138185
outer loop
vertex 76.8136984751197 28.1058285412302 38.0
vertex 76.0801486213426 27.6196873043038 41.0
vertex 76.2341429793463 28.2611199682918 41.0
endloop
endfacet
facet normal -0.947168199409845 0.253792954128308 -0.196116135138185
outer loop
vertex 76.2341429793463 28.2611199682918 41.0
vertex 76.9921301950467 28.7082039324994 38.0
vertex 76.8136984751197 28.1058285412302 38.0
endloop
endfacet
facet normal -0.932587641368954 0.303016093144165 -0.196116135138185
outer loop
vertex 76.9921301950467 28.7082039324994 38.0
vertex 76.2341429793463 28.2611199682918 41.0
vertex 76.4214962852696 28.8936141291243 41.0
endloop
endfacet
facet normal 0.873703779533648 0.445174310991863 0.196116135138183
outer loop
vertex 99.631490595362 30.7202802967183 41.0
vertex 98.7971132360018 31.0 44.0
vertex 99.096886680849 30.4478859968746 44.0
endloop
endfacet
facet normal 0.849207775608448 0.490290337845458 0.196116135138183
outer loop
vertex 98.7971132360018 31.0 44.0
vertex 99.631490595362 30.7202802967183 41.0
vertex 99.3167284782725 31.3 41.0
endloop
endfacet
facet normal 0.849207775608448 0.490290337845458 0.196116135138183
outer loop
vertex 99.3167284782725 31.3 41.0
vertex 98.4688552059336 31.5356684201803 44.0
vertex 98.7971132360018 31.0 44.0
endloop
endfacet
facet normal 0.822384152198012 0.534062512962686 0.196116135138183
outer loop
vertex 98.4688552059336 31.5356684201803 44.0
vertex 99.3167284782725 31.3 41.0
vertex 98.9720575467009 31.8624518411893 41.0
endloop
endfacet
facet normal -0.915450925426443 0.3514086861111 -0.196116135138184
outer loop
vertex 76.6416950167238 29.5154361642708 41.0
vertex 77.4422628988773 29.8808397169096 38.0
vertex 77.2018432726221 29.3004153945436 38.0
endloop
endfacet
facet normal -0.895805022129552 0.398838092295526 -0.196116135138184
outer loop
vertex 77.4422628988773 29.8808397169096 38.0
vertex 76.6416950167238 29.5154361642708 41.0
vertex 76.8941356242918 30.1248817027551 41.0
endloop
endfacet
facet normal -0.895805022129552 0.398838092295526 -0.196116135138184
outer loop
vertex 76.8941356242918 30.1248817027551 41.0
vertex 77.7127301003281 30.4478859968746 38.0
vertex 77.4422628988773 29.8808397169096 38.0
endloop
endfacet
facet normal -0.873703779533647 0.445174310991865 -0.196116135138184
outer loop
vertex 77.7127301003281 30.4478859968746 38.0
vertex 76.8941356242918 30.1248817027551 41.0
vertex 77.1781261858151 30.7202802967183 41.0
endloop
endfacet
facet normal -0.398838092295527 0.895805022129552 -0.196116135138184
outer loop
vertex 83.2799266878335 36.5106727662968 41.0
vertex 84.1043929960449 36.2029651179664 38.0
vertex 83.5239686736789 35.9625454917112 38.0
endloop
endfacet
facet normal -0.351408686111099 0.915450925426444 -0.196116135138184
outer loop
vertex 84.1043929960449 36.2029651179664 38.0
vertex 83.2799266878335 36.5106727662968 41.0
vertex 83.8893722263178 36.7631133738647 41.0
endloop
endfacet
facet normal -0.445174310991864 0.873703779533648 -0.196116135138184
outer loop
vertex 82.6845280938702 36.2266822047734 41.0
vertex 83.5239686736789 35.9625454917112 38.0
vertex 82.956922393714 35.6920782902604 38.0
endloop
endfacet
facet normal -0.398838092295527 0.895805022129552 -0.196116135138184
outer loop
vertex 83.5239686736789 35.9625454917112 38.0
vertex 82.6845280938702 36.2266822047734 41.0
vertex 83.2799266878335 36.5106727662968 41.0
endloop
endfacet
facet normal 0.959152635253008 0.203874186266118 0.196116135138183
outer loop
vertex 100.729468159835 27.6196873043038 41.0
vertex 99.9959183060574 28.1058285412303 44.0
vertex 100.142579599394 27.4949402898131 44.0
endloop
endfacet
facet normal 0.947168199409845 0.253792954128309 0.196116135138183
outer loop
vertex 99.9959183060574 28.1058285412303 44.0
vertex 100.729468159835 27.6196873043038 41.0
vertex 100.575473801831 28.2611199682918 41.0
endloop
endfacet
facet normal 0.968508100392824 0.1533966134305 0.196116135138183
outer loop
vertex 100.849681482087 26.9710742595069 41.0
vertex 100.142579599394 27.4949402898131 44.0
vertex 100.25706847773 26.8772135804828 44.0
endloop
endfacet
facet normal 0.959152635253008 0.203874186266118 0.196116135138183
outer loop
vertex 100.142579599394 27.4949402898131 44.0
vertex 100.849681482087 26.9710742595069 41.0
vertex 100.729468159835 27.6196873043038 41.0
endloop
endfacet
facet normal -0.728713455102836 0.656136542108843 0.196116135138184
outer loop
vertex 79.4870704848598 33.0295672763063 44.0
vertex 78.6127692762307 32.929436927228 41.0
vertex 79.0790568531049 32.5518446925981 44.0
endloop
endfacet
facet normal -0.762054311995948 0.617099414281723 0.196116135138184
outer loop
vertex 78.6127692762307 32.929436927228 41.0
vertex 79.4870704848598 33.0295672763063 44.0
vertex 79.0411835895734 33.4310456401216 41.0
endloop
endfacet
facet normal -0.693375245281534 0.693375245281539 0.196116135138184
outer loop
vertex 79.91952701635 33.4852813742386 44.0
vertex 79.0411835895734 33.4310456401216 41.0
vertex 79.4870704848598 33.0295672763063 44.0
endloop
endfacet
facet normal -0.728713455102836 0.656136542108843 0.196116135138184
outer loop
vertex 79.0411835895734 33.4310456401216 41.0
vertex 79.91952701635 33.4852813742386 44.0
vertex 79.495262947638 33.9095454429505 41.0
endloop
endfacet
facet normal 0.728713455102833 0.656136542108845 0.196116135138183
outer loop
vertex 97.7684331916037 33.4310456401216 41.0
vertex 96.8900897648271 33.4852813742386 44.0
vertex 97.3225462963173 33.0295672763063 44.0
endloop
endfacet
facet normal 0.693375245281537 0.693375245281536 0.196116135138183
outer loop
vertex 96.8900897648271 33.4852813742386 44.0
vertex 97.7684331916037 33.4310456401216 41.0
vertex 97.314353833539 33.9095454429505 41.0
endloop
endfacet
facet normal 0.656136542108844 0.728713455102835 0.196116135138183
outer loop
vertex 96.4343756668948 33.9177379057287 44.0
vertex 97.314353833539 33.9095454429505 41.0
vertex 96.8358540307102 34.3636248010152 41.0
endloop
endfacet
facet normal 0.693375245281537 0.693375245281536 0.196116135138183
outer loop
vertex 97.314353833539 33.9095454429505 41.0
vertex 96.4343756668948 33.9177379057287 44.0
vertex 96.8900897648271 33.4852813742386 44.0
endloop
endfacet
facet normal -0.303016093144161 -0.932587641368955 0.196116135138185
outer loop
vertex 84.6966044580892 13.5873218044582 44.0
vertex 83.8893722263178 13.2368866261353 41.0
vertex 84.5111942614642 13.0166878946811 41.0
endloop
endfacet
facet normal -0.3514086861111 -0.915450925426444 0.196116135138185
outer loop
vertex 83.8893722263178 13.2368866261353 41.0
vertex 84.6966044580892 13.5873218044582 44.0
vertex 84.1043929960449 13.7970348820336 44.0
endloop
endfacet
facet normal -0.253792954128308 -0.947168199409845 0.196116135138185
outer loop
vertex 85.2989798493583 13.4088900845312 44.0
vertex 84.5111942614642 13.0166878946811 41.0
vertex 85.1436884222968 12.8293345887577 41.0
endloop
endfacet
facet normal -0.303016093144161 -0.932587641368955 0.196116135138185
outer loop
vertex 84.5111942614642 13.0166878946811 41.0
vertex 85.2989798493583 13.4088900845312 44.0
vertex 84.6966044580892 13.5873218044582 44.0
endloop
endfacet
facet normal -0.445174310991863 0.873703779533648 0.196116135138184
outer loop
vertex 82.956922393714 35.6920782902604 44.0
vertex 83.2799266878335 36.5106727662968 41.0
vertex 82.6845280938702 36.2266822047734 41.0
endloop
endfacet
facet normal -0.398838092295527 0.895805022129552 0.196116135138184
outer loop
vertex 83.2799266878335 36.5106727662968 41.0
vertex 82.956922393714 35.6920782902604 44.0
vertex 83.5239686736789 35.9625454917112 44.0
endloop
endfacet
facet normal -0.490290337845457 0.849207775608448 0.196116135138184
outer loop
vertex 82.4048083905885 35.3923048454133 44.0
vertex 82.6845280938702 36.2266822047734 41.0
vertex 82.1048083905885 35.9119200876839 41.0
endloop
endfacet
facet normal -0.445174310991864 0.873703779533648 0.196116135138184
outer loop
vertex 82.6845280938702 36.2266822047734 41.0
vertex 82.4048083905885 35.3923048454133 44.0
vertex 82.956922393714 35.6920782902604 44.0
endloop
endfacet
facet normal -0.398838092295527 0.895805022129552 0.196116135138184
outer loop
vertex 83.5239686736789 35.9625454917112 44.0
vertex 83.8893722263178 36.7631133738647 41.0
vertex 83.2799266878335 36.5106727662968 41.0
endloop
endfacet
facet normal -0.351408686111099 0.915450925426444 0.196116135138184
outer loop
vertex 83.8893722263178 36.7631133738647 41.0
vertex 83.5239686736789 35.9625454917112 44.0
vertex 84.1043929960449 36.2029651179664 44.0
endloop
endfacet
facet normal -0.351408686111099 0.915450925426444 0.196116135138184
outer loop
vertex 84.1043929960449 36.2029651179664 44.0
vertex 84.5111942614642 36.9833121053189 41.0
vertex 83.8893722263178 36.7631133738647 41.0
endloop
endfacet
facet normal -0.303016093144161 0.932587641368955 0.196116135138184
outer loop
vertex 84.5111942614642 36.9833121053189 41.0
vertex 84.1043929960449 36.2029651179664 44.0
vertex 84.6966044580892 36.4126781955418 44.0
endloop
endfacet
facet normal -0.534062512962686 0.822384152198012 0.196116135138184
outer loop
vertex 81.8691399704082 35.0640468153451 44.0
vertex 82.1048083905885 35.9119200876839 41.0
vertex 81.5423565493992 35.5672491561123 41.0
endloop
endfacet
facet normal -0.490290337845458 0.849207775608448 0.196116135138184
outer loop
vertex 82.1048083905885 35.9119200876839 41.0
vertex 81.8691399704082 35.0640468153451 44.0
vertex 82.4048083905885 35.3923048454133 44.0
endloop
endfacet
facet normal -0.576370859854114 0.793306430989621 0.196116135138184
outer loop
vertex 81.3513853630789 34.7082039324994 44.0
vertex 81.5423565493992 35.5672491561123 41.0
vertex 80.9987142117034 35.1936141291243 41.0
endloop
endfacet
facet normal -0.534062512962686 0.822384152198012 0.196116135138184
outer loop
vertex 81.5423565493992 35.5672491561123 41.0
vertex 81.3513853630789 34.7082039324994 44.0
vertex 81.8691399704082 35.0640468153451 44.0
endloop
endfacet
facet normal -0.617099414281725 0.762054311995946 0.196116135138184
outer loop
vertex 80.8529636979905 34.3257515374836 44.0
vertex 80.9987142117034 35.1936141291243 41.0
vertex 80.4753714633606 34.7920391143578 41.0
endloop
endfacet
facet normal -0.576370859854114 0.793306430989621 0.196116135138184
outer loop
vertex 80.9987142117034 35.1936141291243 41.0
vertex 80.8529636979905 34.3257515374836 44.0
vertex 81.3513853630789 34.7082039324994 44.0
endloop
endfacet
facet normal -0.656136542108843 0.728713455102835 0.196116135138184
outer loop
vertex 80.3752411142822 33.9177379057287 44.0
vertex 80.4753714633606 34.7920391143578 41.0
vertex 79.9737627504669 34.3636248010152 41.0
endloop
endfacet
facet normal -0.617099414281725 0.762054311995946 0.196116135138184
outer loop
vertex 80.4753714633606 34.7920391143578 41.0
vertex 80.3752411142822 33.9177379057287 44.0
vertex 80.8529636979905 34.3257515374836 44.0
endloop
endfacet
facet normal -0.49029033784546 -0.849207775608447 0.196116135138184
outer loop
vertex 82.4048083905885 14.6076951545867 44.0
vertex 81.5423565493992 14.4327508438877 41.0
vertex 82.1048083905885 14.0880799123161 41.0
endloop
endfacet
facet normal -0.534062512962684 -0.822384152198013 0.196116135138184
outer loop
vertex 81.5423565493992 14.4327508438877 41.0
vertex 82.4048083905885 14.6076951545867 44.0
vertex 81.8691399704082 14.9359531846549 44.0
endloop
endfacet
facet normal -0.445174310991866 -0.873703779533647 0.196116135138184
outer loop
vertex 82.956922393714 14.3079217097396 44.0
vertex 82.1048083905885 14.0880799123161 41.0
vertex 82.6845280938702 13.7733177952266 41.0
endloop
endfacet
facet normal -0.49029033784546 -0.849207775608447 0.196116135138184
outer loop
vertex 82.1048083905885 14.0880799123161 41.0
vertex 82.956922393714 14.3079217097396 44.0
vertex 82.4048083905885 14.6076951545867 44.0
endloop
endfacet
facet normal -0.849207775608448 0.490290337845459 -0.196116135138184
outer loop
vertex 77.4928883029046 31.3 41.0
vertex 78.3407615752434 31.5356684201803 38.0
vertex 78.0125035451753 31.0 38.0
endloop
endfacet
facet normal -0.822384152198013 0.534062512962684 -0.196116135138184
outer loop
vertex 78.3407615752434 31.5356684201803 38.0
vertex 77.4928883029046 31.3 41.0
vertex 77.8375592344762 31.8624518411893 41.0
endloop
endfacet
facet normal -0.822384152198013 0.534062512962684 -0.196116135138184
outer loop
vertex 77.8375592344762 31.8624518411893 41.0
vertex 78.6966044580892 32.0534230275097 38.0
vertex 78.3407615752434 31.5356684201803 38.0
endloop
endfacet
facet normal -0.793306430989622 0.576370859854113 -0.196116135138184
outer loop
vertex 78.6966044580892 32.0534230275097 38.0
vertex 77.8375592344762 31.8624518411893 41.0
vertex 78.2111942614642 32.4060941788852 41.0
endloop
endfacet
facet normal 0.895805022129551 0.398838092295529 0.196116135138183
outer loop
vertex 99.9154811568853 30.1248817027551 41.0
vertex 99.096886680849 30.4478859968746 44.0
vertex 99.3673538822997 29.8808397169096 44.0
endloop
endfacet
facet normal 0.873703779533648 0.445174310991863 0.196116135138183
outer loop
vertex 99.096886680849 30.4478859968746 44.0
vertex 99.9154811568853 30.1248817027551 41.0
vertex 99.631490595362 30.7202802967183 41.0
endloop
endfacet
facet normal 0.915450925426444 0.3514086861111 0.196116135138184
outer loop
vertex 100.167921764453 29.5154361642708 41.0
vertex 99.3673538822997 29.8808397169096 44.0
vertex 99.607773508555 29.3004153945436 44.0
endloop
endfacet
facet normal 0.895805022129551 0.398838092295529 0.196116135138183
outer loop
vertex 99.3673538822997 29.8808397169096 44.0
vertex 100.167921764453 29.5154361642708 41.0
vertex 99.9154811568853 30.1248817027551 41.0
endloop
endfacet
facet normal -0.398838092295527 -0.895805022129551 0.196116135138185
outer loop
vertex 83.5239686736789 14.0374545082888 44.0
vertex 82.6845280938702 13.7733177952266 41.0
vertex 83.2799266878335 13.4893272337032 41.0
endloop
endfacet
facet normal -0.445174310991866 -0.873703779533647 0.196116135138184
outer loop
vertex 82.6845280938702 13.7733177952266 41.0
vertex 83.5239686736789 14.0374545082888 44.0
vertex 82.956922393714 14.3079217097396 44.0
endloop
endfacet
facet normal -0.3514086861111 -0.915450925426444 0.196116135138185
outer loop
vertex 84.1043929960449 13.7970348820336 44.0
vertex 83.2799266878335 13.4893272337032 41.0
vertex 83.8893722263178 13.2368866261353 41.0
endloop
endfacet
facet normal -0.398838092295527 -0.895805022129551 0.196116135138185
outer loop
vertex 83.2799266878335 13.4893272337032 41.0
vertex 84.1043929960449 13.7970348820336 44.0
vertex 83.5239686736789 14.0374545082888 44.0
endloop
endfacet
facet normal -0.617099414281724 -0.762054311995946 0.196116135138184
outer loop
vertex 80.8529636979905 15.6742484625163 44.0
vertex 79.9737627504669 15.6363751989848 41.0
vertex 80.4753714633606 15.2079608856422 41.0
endloop
endfacet
facet normal -0.656136542108842 -0.728713455102836 0.196116135138185
outer loop
vertex 79.9737627504669 15.6363751989848 41.0
vertex 80.8529636979905 15.6742484625163 44.0
vertex 80.3752411142822 16.0822620942713 44.0
endloop
endfacet
facet normal -0.656136542108842 -0.728713455102836 0.196116135138185
outer loop
vertex 80.3752411142822 16.0822620942713 44.0
vertex 79.495262947638 16.0904545570495 41.0
vertex 79.9737627504669 15.6363751989848 41.0
endloop
endfacet
facet normal -0.693375245281536 -0.693375245281536 0.196116135138185
outer loop
vertex 79.495262947638 16.0904545570495 41.0
vertex 80.3752411142822 16.0822620942713 44.0
vertex 79.91952701635 16.5147186257614 44.0
endloop
endfacet
facet normal -0.822384152198012 -0.534062512962685 0.196116135138185
outer loop
vertex 78.3407615752434 18.4643315798197 44.0
vertex 77.4928883029046 18.7 41.0
vertex 77.8375592344762 18.1375481588107 41.0
endloop
endfacet
facet normal -0.849207775608448 -0.490290337845458 0.196116135138185
outer loop
vertex 77.4928883029046 18.7 41.0
vertex 78.3407615752434 18.4643315798197 44.0
vertex 78.0125035451753 19.0 44.0
endloop
endfacet
facet normal -0.849207775608448 -0.490290337845458 0.196116135138185
outer loop
vertex 78.0125035451753 19.0 44.0
vertex 77.1781261858151 19.2797197032817 41.0
vertex 77.4928883029046 18.7 41.0
endloop
endfacet
facet normal -0.873703779533648 -0.445174310991864 0.196116135138185
outer loop
vertex 77.1781261858151 19.2797197032817 41.0
vertex 78.0125035451753 19.0 44.0
vertex 77.7127301003281 19.5521140031254 44.0
endloop
endfacet
facet normal -0.762054311995946 -0.617099414281724 0.196116135138184
outer loop
vertex 79.0790568531049 17.4481553074019 44.0
vertex 78.2111942614642 17.5939058211148 41.0
vertex 78.6127692762307 17.0705630727721 41.0
endloop
endfacet
facet normal -0.793306430989624 -0.576370859854111 0.196116135138185
outer loop
vertex 78.2111942614642 17.5939058211148 41.0
vertex 79.0790568531049 17.4481553074019 44.0
vertex 78.6966044580892 17.9465769724903 44.0
endloop
endfacet
facet normal -0.793306430989624 -0.576370859854111 0.196116135138185
outer loop
vertex 78.6966044580892 17.9465769724903 44.0
vertex 77.8375592344762 18.1375481588107 41.0
vertex 78.2111942614642 17.5939058211148 41.0
endloop
endfacet
facet normal -0.822384152198012 -0.534062512962685 0.196116135138185
outer loop
vertex 77.8375592344762 18.1375481588107 41.0
vertex 78.6966044580892 17.9465769724903 44.0
vertex 78.3407615752434 18.4643315798197 44.0
endloop
endfacet
facet normal -0.693375245281536 -0.693375245281536 0.196116135138185
outer loop
vertex 79.91952701635 16.5147186257614 44.0
vertex 79.0411835895734 16.5689543598784 41.0
vertex 79.495262947638 16.0904545570495 41.0
endloop
endfacet
facet normal -0.728713455102834 -0.656136542108844 0.196116135138185
outer loop
vertex 79.0411835895734 16.5689543598784 41.0
vertex 79.91952701635 16.5147186257614 44.0
vertex 79.4870704848598 16.9704327236937 44.0
endloop
endfacet
facet normal -0.728713455102834 -0.656136542108845 0.196116135138185
outer loop
vertex 79.4870704848598 16.9704327236937 44.0
vertex 78.6127692762307 17.0705630727721 41.0
vertex 79.0411835895734 16.5689543598784 41.0
endloop
endfacet
facet normal -0.762054311995946 -0.617099414281724 0.196116135138185
outer loop
vertex 78.6127692762307 17.0705630727721 41.0
vertex 79.4870704848598 16.9704327236937 44.0
vertex 79.0790568531049 17.4481553074019 44.0
endloop
endfacet
facet normal -0.932587641368955 -0.303016093144161 0.196116135138184
outer loop
vertex 76.9921301950467 21.2917960675006 44.0
vertex 76.2341429793463 21.7388800317082 41.0
vertex 76.4214962852696 21.1063858708757 41.0
endloop
endfacet
facet normal -0.947168199409845 -0.253792954128308 0.196116135138184
outer loop
vertex 76.2341429793463 21.7388800317082 41.0
vertex 76.9921301950467 21.2917960675006 44.0
vertex 76.8136984751197 21.8941714587698 44.0
endloop
endfacet
facet normal -0.947168199409845 -0.253792954128308 0.196116135138184
outer loop
vertex 76.8136984751197 21.8941714587698 44.0
vertex 76.0801486213426 22.3803126956962 41.0
vertex 76.2341429793463 21.7388800317082 41.0
endloop
endfacet
facet normal -0.959152635253007 -0.203874186266121 0.196116135138185
outer loop
vertex 76.0801486213426 22.3803126956962 41.0
vertex 76.8136984751197 21.8941714587698 44.0
vertex 76.6670371817829 22.5050597101869 44.0
endloop
endfacet
facet normal 0.544639035015028 0.838670567945424 8.42290915573351e-019
outer loop
vertex 82.9584180404383 16.6132943205458 44.0
vertex 83.4048083905885 16.3397459621556 34.0
vertex 82.9584180404383 16.6132943205458 34.0
endloop
endfacet
facet normal 0.499999999999999 0.866025403784439 -7.7752585000132e-033
outer loop
vertex 83.4048083905885 16.3397459621556 34.0
vertex 82.9584180404383 16.6132943205458 44.0
vertex 83.4048083905885 16.3397459621556 44.0
endloop
endfacet
facet normal 0.499999999999999 0.866025403784439 -7.7752585000132e-033
outer loop
vertex 83.4048083905885 16.3397459621556 44.0
vertex 83.8649033931931 16.0899347581163 34.0
vertex 83.4048083905885 16.3397459621556 34.0
endloop
endfacet
facet normal 0.453990499739549 0.891006524188367 -3.06133657231045e-019
outer loop
vertex 83.8649033931931 16.0899347581163 34.0
vertex 83.4048083905885 16.3397459621556 44.0
vertex 83.8649033931931 16.0899347581163 44.0
endloop
endfacet
facet normal 0.453990499739549 0.891006524188367 -3.06133657231045e-019
outer loop
vertex 83.8649033931931 16.0899347581163 44.0
vertex 84.3374419598305 15.864545423574 34.0
vertex 83.8649033931931 16.0899347581163 34.0
endloop
endfacet
facet normal 0.406736643075802 0.9135454576426 2.66293104649204e-019
outer loop
vertex 84.3374419598305 15.864545423574 34.0
vertex 83.8649033931931 16.0899347581163 44.0
vertex 84.3374419598305 15.864545423574 44.0
endloop
endfacet
facet normal 0.406736643075802 0.9135454576426 2.66293104649204e-019
outer loop
vertex 84.3374419598305 15.864545423574 44.0
vertex 84.8211288951355 15.664195735028 34.0
vertex 84.3374419598305 15.864545423574 34.0
endloop
endfacet
facet normal 0.358367949545299 0.933580426497202 3.55957576902792e-019
outer loop
vertex 84.8211288951355 15.664195735028 34.0
vertex 84.3374419598305 15.864545423574 44.0
vertex 84.8211288951355 15.664195735028 44.0
endloop
endfacet
facet normal 0.838670567945423 -0.544639035015029 -3.47891607301497e-019
outer loop
vertex 80.0181027111343 30.4463903501503 34.0
vertex 79.7445543527442 30.0 44.0
vertex 79.7445543527442 30.0 34.0
endloop
endfacet
facet normal 0.86602540378444 -0.499999999999998 1.56230291583054e-019
outer loop
vertex 79.7445543527442 30.0 44.0
vertex 80.0181027111343 30.4463903501503 34.0
vertex 80.0181027111343 30.4463903501503 44.0
endloop
endfacet
facet normal 0.86602540378444 -0.499999999999998 1.56230291583054e-019
outer loop
vertex 79.7445543527442 30.0 34.0
vertex 79.4947431487049 29.5399049973955 44.0
vertex 79.4947431487049 29.5399049973955 34.0
endloop
endfacet
facet normal 0.891006524188369 -0.453990499739544 3.16346296754898e-021
outer loop
vertex 79.4947431487049 29.5399049973955 44.0
vertex 79.7445543527442 30.0 34.0
vertex 79.7445543527442 30.0 44.0
endloop
endfacet
facet normal -0.156434465040241 -0.987688340595136 -3.55590003621511e-019
outer loop
vertex 89.9691530409908 34.8768834059514 44.0
vertex 89.9048083905885 34.8853545398832 34.0
vertex 89.9691530409908 34.8768834059514 34.0
endloop
endfacet
facet normal -0.130526192220071 -0.991444861373808 -5.71842458414862e-020
outer loop
vertex 89.9048083905885 34.8853545398832 34.0
vertex 89.9691530409908 34.8768834059514 44.0
vertex 89.9048083905885 34.8853545398832 44.0
endloop
endfacet
facet normal 0.358367949545301 -0.933580426497202 6.47970875255926e-019
outer loop
vertex 84.8211288951355 34.335804264972 44.0
vertex 84.3374419598305 34.135454576426 34.0
vertex 84.8211288951355 34.335804264972 34.0
endloop
endfacet
facet normal 0.406736643075799 -0.913545457642601 2.50147336185876e-019
outer loop
vertex 84.3374419598305 34.135454576426 34.0
vertex 84.8211288951355 34.335804264972 44.0
vertex 84.3374419598305 34.135454576426 44.0
endloop
endfacet
facet normal 0.406736643075799 -0.913545457642601 2.50147336185876e-019
outer loop
vertex 84.3374419598305 34.135454576426 44.0
vertex 83.8649033931931 33.9100652418837 34.0
vertex 84.3374419598305 34.135454576426 34.0
endloop
endfacet
facet normal 0.453990499739545 -0.891006524188369 -1.60455639883225e-019
outer loop
vertex 83.8649033931931 33.9100652418837 34.0
vertex 84.3374419598305 34.135454576426 44.0
vertex 83.8649033931931 33.9100652418837 44.0
endloop
endfacet
facet normal 0.777145961456972 -0.629320391049837 5.15137234656178e-019
outer loop
vertex 80.6333487760188 31.2932039104984 34.0
vertex 80.3146384468391 30.8778525229247 44.0
vertex 80.3146384468391 30.8778525229247 34.0
endloop
endfacet
facet normal 0.809016994374948 -0.587785252292473 -4.88928714904721e-019
outer loop
vertex 80.3146384468391 30.8778525229247 44.0
vertex 80.6333487760188 31.2932039104984 34.0
vertex 80.6333487760188 31.2932039104984 44.0
endloop
endfacet
facet normal 0.743144825477392 -0.669130606358861 1.15882109863456e-018
outer loop
vertex 80.9733601358146 31.6913060635886 34.0
vertex 80.6333487760188 31.2932039104984 44.0
vertex 80.6333487760188 31.2932039104984 34.0
endloop
endfacet
facet normal 0.777145961456972 -0.629320391049837 5.15137234656178e-019
outer loop
vertex 80.6333487760188 31.2932039104984 44.0
vertex 80.9733601358146 31.6913060635886 34.0
vertex 80.9733601358146 31.6913060635886 44.0
endloop
endfacet
facet normal 0.629320391049839 -0.77714596145697 4.17254156533875e-019
outer loop
vertex 82.1116044800902 32.7714596145697 44.0
vertex 81.713502327 32.4314482547739 34.0
vertex 82.1116044800902 32.7714596145697 34.0
endloop
endfacet
facet normal 0.669130606358858 -0.743144825477394 6.4440783197234e-019
outer loop
vertex 81.713502327 32.4314482547739 34.0
vertex 82.1116044800902 32.7714596145697 44.0
vertex 81.713502327 32.4314482547739 44.0
endloop
endfacet
facet normal 0.669130606358858 -0.743144825477394 6.4440783197234e-019
outer loop
vertex 81.713502327 32.4314482547739 44.0
vertex 81.3337405787231 32.0710678118655 34.0
vertex 81.713502327 32.4314482547739 34.0
endloop
endfacet
facet normal 0.707106781186545 -0.70710678118655 1.01187464702005e-018
outer loop
vertex 81.3337405787231 32.0710678118655 34.0
vertex 81.713502327 32.4314482547739 44.0
vertex 81.3337405787231 32.0710678118655 44.0
endloop
endfacet
facet normal 0.453990499739545 -0.891006524188369 -1.60455639883225e-019
outer loop
vertex 83.8649033931931 33.9100652418837 44.0
vertex 83.4048083905885 33.6602540378444 34.0
vertex 83.8649033931931 33.9100652418837 34.0
endloop
endfacet
facet normal 0.499999999999997 -0.86602540378444 1.51576726913136e-019
outer loop
vertex 83.4048083905885 33.6602540378444 34.0
vertex 83.8649033931931 33.9100652418837 44.0
vertex 83.4048083905885 33.6602540378444 44.0
endloop
endfacet
facet normal 0.499999999999997 -0.86602540378444 1.51576726913136e-019
outer loop
vertex 83.4048083905885 33.6602540378444 44.0
vertex 82.9584180404383 33.3867056794542 34.0
vertex 83.4048083905885 33.6602540378444 34.0
endloop
endfacet
facet normal 0.544639035015027 -0.838670567945424 -6.90714188660246e-019
outer loop
vertex 82.9584180404383 33.3867056794542 34.0
vertex 83.4048083905885 33.6602540378444 44.0
vertex 82.9584180404383 33.3867056794542 44.0
endloop
endfacet
facet normal 0.544639035015027 -0.838670567945424 -6.90714188660246e-019
outer loop
vertex 82.9584180404383 33.3867056794542 44.0
vertex 82.5269558676638 33.0901699437495 34.0
vertex 82.9584180404383 33.3867056794542 34.0
endloop
endfacet
facet normal 0.587785252292475 -0.809016994374946 -5.60216700366958e-019
outer loop
vertex 82.5269558676638 33.0901699437495 34.0
vertex 82.9584180404383 33.3867056794542 44.0
vertex 82.5269558676638 33.0901699437495 44.0
endloop
endfacet
facet normal 0.587785252292475 -0.809016994374946 -5.60216700366958e-019
outer loop
vertex 82.5269558676638 33.0901699437495 44.0
vertex 82.1116044800902 32.7714596145697 34.0
vertex 82.5269558676638 33.0901699437495 34.0
endloop
endfacet
facet normal 0.629320391049839 -0.77714596145697 4.17254156533875e-019
outer loop
vertex 82.1116044800902 32.7714596145697 34.0
vertex 82.5269558676638 33.0901699437495 44.0
vertex 82.1116044800902 32.7714596145697 44.0
endloop
endfacet
facet normal 0.258819045102523 -0.965925826289068 5.93651803695657e-020
outer loop
vertex 85.8166179395633 34.6592582628907 44.0
vertex 85.3146384468391 34.5105651629515 34.0
vertex 85.8166179395633 34.6592582628907 34.0
endloop
endfacet
facet normal 0.309016994374948 -0.951056516295153 5.11608473969818e-020
outer loop
vertex 85.3146384468391 34.5105651629515 34.0
vertex 85.8166179395633 34.6592582628907 44.0
vertex 85.3146384468391 34.5105651629515 44.0
endloop
endfacet
facet normal 0.309016994374948 -0.951056516295153 5.11608473969818e-020
outer loop
vertex 85.3146384468391 34.5105651629515 44.0
vertex 84.8211288951355 34.335804264972 34.0
vertex 85.3146384468391 34.5105651629515 34.0
endloop
endfacet
facet normal 0.358367949545301 -0.933580426497202 6.47970875255926e-019
outer loop
vertex 84.8211288951355 34.335804264972 34.0
vertex 85.3146384468391 34.5105651629515 44.0
vertex 84.8211288951355 34.335804264972 44.0
endloop
endfacet
facet normal 0.156434465040239 -0.987688340595137 -2.03170433832986e-019
outer loop
vertex 86.8404637401862 34.8768834059514 44.0
vertex 86.3256914824109 34.7814760073381 34.0
vertex 86.8404637401862 34.8768834059514 34.0
endloop
endfacet
facet normal 0.207911690817759 -0.978147600733806 4.81706564557368e-020
outer loop
vertex 86.3256914824109 34.7814760073381 34.0
vertex 86.8404637401862 34.8768834059514 44.0
vertex 86.3256914824109 34.7814760073381 44.0
endloop
endfacet
facet normal 0.207911690817759 -0.978147600733806 4.81706564557368e-020
outer loop
vertex 86.3256914824109 34.7814760073381 44.0
vertex 85.8166179395633 34.6592582628907 34.0
vertex 86.3256914824109 34.7814760073381 34.0
endloop
endfacet
facet normal 0.258819045102523 -0.965925826289068 5.93651803695657e-020
outer loop
vertex 85.8166179395633 34.6592582628907 34.0
vertex 86.3256914824109 34.7814760073381 44.0
vertex 85.8166179395633 34.6592582628907 44.0
endloop
endfacet
facet normal 0.130526192220071 -0.991444861373808 -1.15337625714267e-020
outer loop
vertex 86.9048083905885 34.8853545398832 34.0
vertex 86.8404637401862 34.8768834059514 44.0
vertex 86.8404637401862 34.8768834059514 34.0
endloop
endfacet
facet normal 0.156434465040239 -0.987688340595137 -2.03170433832986e-019
outer loop
vertex 86.8404637401862 34.8768834059514 44.0
vertex 86.9048083905885 34.8853545398832 34.0
vertex 86.9048083905885 34.8853545398832 44.0
endloop
endfacet
facet normal -0.933580426497197 0.358367949545313 1.89540398297834e-016
outer loop
vertex 92.1372099504184 23.5672652768713 34.9336441091219
vertex 92.0571112820212 23.3738899852988 31.0
vertex 92.0571112820212 23.3738899852988 34.9336441091219
endloop
endfacet
facet normal -0.913545457642601 0.406736643075801 1.85884731678516e-016
outer loop
vertex 92.0571112820212 23.3738899852988 31.0
vertex 92.1372099504184 23.5672652768713 34.9336441091219
vertex 92.1372099504184 23.5672652768713 31.0
endloop
endfacet
facet normal -0.951056516295149 0.309016994374963 1.92676547860211e-016
outer loop
vertex 92.2070783655761 23.7645675947316 34.9336441091219
vertex 92.1372099504184 23.5672652768713 31.0
vertex 92.1372099504184 23.5672652768713 34.9336441091219
endloop
endfacet
facet normal -0.933580426497197 0.358367949545313 1.89540398297834e-016
outer loop
vertex 92.1372099504184 23.5672652768713 31.0
vertex 92.2070783655761 23.7645675947316 34.9336441091219
vertex 92.2070783655761 23.7645675947316 31.0
endloop
endfacet
facet normal -0.994521895368273 -0.104528463267656 1.98339682035256e-016
outer loop
vertex 92.3808504842352 25.4178988636368 34.9336441091219
vertex 92.3972725933728 25.209236182735 31.0
vertex 92.3972725933728 25.209236182735 34.9336441091219
endloop
endfacet
facet normal -0.998629534754574 -0.0523359562429378 9.79451737545402e-017
outer loop
vertex 92.3972725933728 25.209236182735 31.0
vertex 92.3808504842352 25.4178988636368 34.9336441091219
vertex 92.3808504842352 25.4178988636368 31.0
endloop
endfacet
facet normal -0.987688340595137 -0.156434465040237 1.96590155691022e-016
outer loop
vertex 92.3535303200903 25.6254161128013 34.9336441091219
vertex 92.3808504842352 25.4178988636368 31.0
vertex 92.3808504842352 25.4178988636368 34.9336441091219
endloop
endfacet
facet normal -0.994521895368273 -0.104528463267656 1.98339682035256e-016
outer loop
vertex 92.3808504842352 25.4178988636368 31.0
vertex 92.3535303200903 25.6254161128013 34.9336441091219
vertex 92.3535303200903 25.6254161128013 31.0
endloop
endfacet
facet normal -0.203874186266121 -0.959152635253007 -0.196116135138185
outer loop
vertex 85.7851210862848 12.675340230754 41.0
vertex 85.2989798493583 13.4088900845312 38.0
vertex 85.9098681007754 13.2622287911943 38.0
endloop
endfacet
facet normal -0.253792954128308 -0.947168199409845 -0.196116135138185
outer loop
vertex 85.2989798493583 13.4088900845312 38.0
vertex 85.7851210862848 12.675340230754 41.0
vertex 85.1436884222968 12.8293345887577 41.0
endloop
endfacet
facet normal -0.153396613430498 -0.968508100392824 -0.196116135138185
outer loop
vertex 86.4337341310816 12.5551269085013 41.0
vertex 85.9098681007754 13.2622287911943 38.0
vertex 86.5275948101058 13.1477399128583 38.0
endloop
endfacet
facet normal -0.203874186266121 -0.959152635253007 -0.196116135138185
outer loop
vertex 85.9098681007754 13.2622287911943 38.0
vertex 86.4337341310816 12.5551269085013 41.0
vertex 85.7851210862848 12.675340230754 41.0
endloop
endfacet
facet normal 0.20387418626612 0.959152635253008 0.196116135138183
outer loop
vertex 90.8997486804016 36.7377712088057 44.0
vertex 91.6659283588803 37.1706654112423 41.0
vertex 91.0244956948923 37.3246597692459 41.0
endloop
endfacet
facet normal 0.253792954128307 0.947168199409846 0.196116135138183
outer loop
vertex 91.6659283588803 37.1706654112423 41.0
vertex 90.8997486804016 36.7377712088057 44.0
vertex 91.5106369318188 36.5911099154688 44.0
endloop
endfacet
facet normal 0.153396613430501 0.968508100392823 0.196116135138183
outer loop
vertex 90.2820219710713 36.8522600871417 44.0
vertex 91.0244956948923 37.3246597692459 41.0
vertex 90.3758826500954 37.4448730914987 41.0
endloop
endfacet
facet normal 0.20387418626612 0.959152635253008 0.196116135138183
outer loop
vertex 91.0244956948923 37.3246597692459 41.0
vertex 90.2820219710713 36.8522600871417 44.0
vertex 90.8997486804016 36.7377712088057 44.0
endloop
endfacet
facet normal 0.253792954128307 0.947168199409846 0.196116135138183
outer loop
vertex 91.5106369318188 36.5911099154688 44.0
vertex 92.2984225197129 36.9833121053189 41.0
vertex 91.6659283588803 37.1706654112423 41.0
endloop
endfacet
facet normal 0.303016093144162 0.932587641368955 0.196116135138183
outer loop
vertex 92.2984225197129 36.9833121053189 41.0
vertex 91.5106369318188 36.5911099154688 44.0
vertex 92.1130123230879 36.4126781955418 44.0
endloop
endfacet
facet normal 0.303016093144162 0.932587641368955 0.196116135138184
outer loop
vertex 92.1130123230879 36.4126781955418 44.0
vertex 92.9202445548593 36.7631133738647 41.0
vertex 92.2984225197129 36.9833121053189 41.0
endloop
endfacet
facet normal 0.3514086861111 0.915450925426444 0.196116135138184
outer loop
vertex 92.9202445548593 36.7631133738647 41.0
vertex 92.1130123230879 36.4126781955418 44.0
vertex 92.7052237851321 36.2029651179664 44.0
endloop
endfacet
facet normal -0.30901699437495 -0.951056516295153 1.86207051790078e-019
outer loop
vertex 91.494978334338 34.5105651629515 44.0
vertex 90.9929988416137 34.6592582628907 34.0
vertex 91.494978334338 34.5105651629515 34.0
endloop
endfacet
facet normal -0.258819045102519 -0.965925826289069 -1.49225926734501e-019
outer loop
vertex 90.9929988416137 34.6592582628907 34.0
vertex 91.494978334338 34.5105651629515 44.0
vertex 90.9929988416137 34.6592582628907 44.0
endloop
endfacet
facet normal -0.358367949545303 -0.933580426497201 1.64241190427643e-019
outer loop
vertex 91.9884878860415 34.335804264972 44.0
vertex 91.494978334338 34.5105651629515 34.0
vertex 91.9884878860415 34.335804264972 34.0
endloop
endfacet
facet normal -0.30901699437495 -0.951056516295153 1.86207051790078e-019
outer loop
vertex 91.494978334338 34.5105651629515 34.0
vertex 91.9884878860415 34.335804264972 44.0
vertex 91.494978334338 34.5105651629515 44.0
endloop
endfacet
facet normal -0.258819045102519 -0.965925826289069 -1.49225926734501e-019
outer loop
vertex 90.9929988416137 34.6592582628907 44.0
vertex 90.4839252987661 34.7814760073381 34.0
vertex 90.9929988416137 34.6592582628907 34.0
endloop
endfacet
facet normal -0.207911690817761 -0.978147600733805 -6.62421058060339e-019
outer loop
vertex 90.4839252987661 34.7814760073381 34.0
vertex 90.9929988416137 34.6592582628907 44.0
vertex 90.4839252987661 34.7814760073381 44.0
endloop
endfacet
facet normal -0.207911690817761 -0.978147600733805 -6.62421058060339e-019
outer loop
vertex 90.4839252987661 34.7814760073381 44.0
vertex 89.9691530409908 34.8768834059514 34.0
vertex 90.4839252987661 34.7814760073381 34.0
endloop
endfacet
facet normal -0.156434465040241 -0.987688340595136 -3.55590003621519e-019
outer loop
vertex 89.9691530409908 34.8768834059514 34.0
vertex 90.4839252987661 34.7814760073381 44.0
vertex 89.9691530409908 34.8768834059514 44.0
endloop
endfacet
facet normal 0.707106781186548 0.707106781186548 1.28952256228579e-019
outer loop
vertex 81.3337405787231 17.9289321881345 44.0
vertex 81.713502327 17.5685517452261 34.0
vertex 81.3337405787231 17.9289321881345 34.0
endloop
endfacet
facet normal 0.66913060635886 0.743144825477393 4.49895539434425e-020
outer loop
vertex 81.713502327 17.5685517452261 34.0
vertex 81.3337405787231 17.9289321881345 44.0
vertex 81.713502327 17.5685517452261 44.0
endloop
endfacet
facet normal 0.66913060635886 0.743144825477393 4.49895539434425e-020
outer loop
vertex 81.713502327 17.5685517452261 44.0
vertex 82.1116044800902 17.2285403854303 34.0
vertex 81.713502327 17.5685517452261 34.0
endloop
endfacet
facet normal 0.629320391049838 0.77714596145697 2.84228080756473e-019
outer loop
vertex 82.1116044800902 17.2285403854303 34.0
vertex 81.713502327 17.5685517452261 44.0
vertex 82.1116044800902 17.2285403854303 44.0
endloop
endfacet
facet normal 0.777145961456971 0.629320391049837 -2.8422808075661e-019
outer loop
vertex 80.6333487760188 18.7067960895016 34.0
vertex 80.9733601358146 18.3086939364114 44.0
vertex 80.9733601358146 18.3086939364114 34.0
endloop
endfacet
facet normal 0.743144825477393 0.66913060635886 8.39627022851368e-020
outer loop
vertex 80.9733601358146 18.3086939364114 44.0
vertex 80.6333487760188 18.7067960895016 34.0
vertex 80.6333487760188 18.7067960895016 44.0
endloop
endfacet
facet normal 0.743144825477393 0.66913060635886 8.39627022851368e-020
outer loop
vertex 80.9733601358146 18.3086939364114 34.0
vertex 81.3337405787231 17.9289321881345 44.0
vertex 81.3337405787231 17.9289321881345 34.0
endloop
endfacet
facet normal 0.707106781186548 0.707106781186548 1.28952256228579e-019
outer loop
vertex 81.3337405787231 17.9289321881345 44.0
vertex 80.9733601358146 18.3086939364114 34.0
vertex 80.9733601358146 18.3086939364114 44.0
endloop
endfacet
facet normal 0.838670567945424 0.544639035015027 -6.79777520475656e-020
outer loop
vertex 80.0181027111343 19.5536096498497 34.0
vertex 80.3146384468391 19.1221474770753 44.0
vertex 80.3146384468391 19.1221474770753 34.0
endloop
endfacet
facet normal 0.809016994374948 0.587785252292472 -2.98485995308257e-019
outer loop
vertex 80.3146384468391 19.1221474770753 44.0
vertex 80.0181027111343 19.5536096498497 34.0
vertex 80.0181027111343 19.5536096498497 44.0
endloop
endfacet
facet normal 0.809016994374948 0.587785252292472 -2.98485995308257e-019
outer loop
vertex 80.3146384468391 19.1221474770753 34.0
vertex 80.6333487760188 18.7067960895016 44.0
vertex 80.6333487760188 18.7067960895016 34.0
endloop
endfacet
facet normal 0.777145961456971 0.629320391049837 -2.8422808075661e-019
outer loop
vertex 80.6333487760188 18.7067960895016 44.0
vertex 80.3146384468391 19.1221474770753 34.0
vertex 80.3146384468391 19.1221474770753 44.0
endloop
endfacet
facet normal 0.891006524188369 0.453990499739545 -1.60455639883298e-019
outer loop
vertex 79.4947431487049 20.4600950026045 34.0
vertex 79.7445543527442 20.0 44.0
vertex 79.7445543527442 20.0 34.0
endloop
endfacet
facet normal 0.866025403784438 0.500000000000001 3.71545350863767e-019
outer loop
vertex 79.7445543527442 20.0 44.0
vertex 79.4947431487049 20.4600950026045 34.0
vertex 79.4947431487049 20.4600950026045 44.0
endloop
endfacet
facet normal 0.866025403784438 0.500000000000001 3.71545350863767e-019
outer loop
vertex 79.7445543527442 20.0 34.0
vertex 80.0181027111343 19.5536096498497 44.0
vertex 80.0181027111343 19.5536096498497 34.0
endloop
endfacet
facet normal 0.838670567945424 0.544639035015027 -6.79777520475656e-020
outer loop
vertex 80.0181027111343 19.5536096498497 44.0
vertex 79.7445543527442 20.0 34.0
vertex 79.7445543527442 20.0 44.0
endloop
endfacet
facet normal 0.933580426497202 0.3583679495453 -7.42046990321967e-021
outer loop
vertex 79.0690041256165 21.416320504547 34.0
vertex 79.2693538141625 20.932633569242 44.0
vertex 79.2693538141625 20.932633569242 34.0
endloop
endfacet
facet normal 0.913545457642601 0.406736643075801 8.34887411417065e-020
outer loop
vertex 79.2693538141625 20.932633569242 44.0
vertex 79.0690041256165 21.416320504547 34.0
vertex 79.0690041256165 21.416320504547 44.0
endloop
endfacet
facet normal 0.913545457642601 0.406736643075801 8.34887411417065e-020
outer loop
vertex 79.2693538141625 20.932633569242 34.0
vertex 79.4947431487049 20.4600950026045 44.0
vertex 79.4947431487049 20.4600950026045 34.0
endloop
endfacet
facet normal 0.891006524188369 0.453990499739545 -1.60455639883298e-019
outer loop
vertex 79.4947431487049 20.4600950026045 44.0
vertex 79.2693538141625 20.932633569242 34.0
vertex 79.2693538141625 20.932633569242 44.0
endloop
endfacet
facet normal 0.965925826289068 0.258819045102523 2.32226671118187e-019
outer loop
vertex 78.7455501276979 22.4118095489748 34.0
vertex 78.894243227637 21.9098300562505 44.0
vertex 78.894243227637 21.9098300562505 34.0
endloop
endfacet
facet normal 0.951056516295155 0.309016994374944 -4.37571902718032e-019
outer loop
vertex 78.894243227637 21.9098300562505 44.0
vertex 78.7455501276979 22.4118095489748 34.0
vertex 78.7455501276979 22.4118095489748 44.0
endloop
endfacet
facet normal 0.951056516295155 0.309016994374944 -4.37571902718032e-019
outer loop
vertex 78.894243227637 21.9098300562505 34.0
vertex 79.0690041256165 21.416320504547 44.0
vertex 79.0690041256165 21.416320504547 34.0
endloop
endfacet
facet normal 0.933580426497202 0.3583679495453 -7.42046990321967e-021
outer loop
vertex 79.0690041256165 21.416320504547 44.0
vertex 78.894243227637 21.9098300562505 34.0
vertex 78.894243227637 21.9098300562505 44.0
endloop
endfacet
facet normal 0.987688340595136 0.156434465040245 3.20065449780617e-019
outer loop
vertex 78.5279249846372 23.4356553495977 34.0
vertex 78.6233323832505 22.9208830918224 44.0
vertex 78.6233323832505 22.9208830918224 34.0
endloop
endfacet
facet normal 0.978147600733806 0.207911690817759 7.45421802443777e-019
outer loop
vertex 78.6233323832505 22.9208830918224 44.0
vertex 78.5279249846372 23.4356553495977 34.0
vertex 78.5279249846372 23.4356553495977 44.0
endloop
endfacet
facet normal 0.978147600733806 0.207911690817759 7.45421802443777e-019
outer loop
vertex 78.6233323832505 22.9208830918224 34.0
vertex 78.7455501276979 22.4118095489748 44.0
vertex 78.7455501276979 22.4118095489748 34.0
endloop
endfacet
facet normal 0.965925826289068 0.258819045102523 2.32226671118187e-019
outer loop
vertex 78.7455501276979 22.4118095489748 44.0
vertex 78.6233323832505 22.9208830918224 34.0
vertex 78.6233323832505 22.9208830918224 44.0
endloop
endfacet
facet normal 0.987688340595137 -0.156434465040235 1.91632717574425e-019
outer loop
vertex 78.5279249846372 26.5643446504023 34.0
vertex 78.5194538507053 26.5 44.0
vertex 78.5194538507053 26.5 34.0
endloop
endfacet
facet normal 0.991444861373809 -0.13052619222006 -1.15337625713029e-020
outer loop
vertex 78.5194538507053 26.5 44.0
vertex 78.5279249846372 26.5643446504023 34.0
vertex 78.5279249846372 26.5643446504023 44.0
endloop
endfacet
facet normal 0.978147600733805 -0.207911690817761 1.10970830329282e-019
outer loop
vertex 78.6233323832505 27.0791169081776 34.0
vertex 78.5279249846372 26.5643446504023 44.0
vertex 78.5279249846372 26.5643446504023 34.0
endloop
endfacet
facet normal 0.987688340595137 -0.156434465040234 1.91632717574419e-019
outer loop
vertex 78.5279249846372 26.5643446504023 44.0
vertex 78.6233323832505 27.0791169081776 34.0
vertex 78.6233323832505 27.0791169081776 44.0
endloop
endfacet
facet normal 0.965925826289068 -0.258819045102523 9.97763064154466e-020
outer loop
vertex 78.7455501276979 27.5881904510252 34.0
vertex 78.6233323832505 27.0791169081776 44.0
vertex 78.6233323832505 27.0791169081776 34.0
endloop
endfacet
facet normal 0.978147600733805 -0.207911690817761 1.10970830329282e-019
outer loop
vertex 78.6233323832505 27.0791169081776 44.0
vertex 78.7455501276979 27.5881904510252 34.0
vertex 78.7455501276979 27.5881904510252 44.0
endloop
endfacet
facet normal 0.951056516295153 -0.309016994374948 -1.48946082781054e-019
outer loop
vertex 78.894243227637 28.0901699437495 34.0
vertex 78.7455501276979 27.5881904510252 44.0
vertex 78.7455501276979 27.5881904510252 34.0
endloop
endfacet
facet normal 0.965925826289068 -0.258819045102523 9.97763064154466e-020
outer loop
vertex 78.7455501276979 27.5881904510252 44.0
vertex 78.894243227637 28.0901699437495 34.0
vertex 78.894243227637 28.0901699437495 44.0
endloop
endfacet
facet normal 0.933580426497202 -0.358367949545301 -1.7091194414325e-019
outer loop
vertex 79.0690041256165 28.583679495453 34.0
vertex 78.894243227637 28.0901699437495 44.0
vertex 78.894243227637 28.0901699437495 34.0
endloop
endfacet
facet normal 0.951056516295153 -0.309016994374948 -1.48946082781054e-019
outer loop
vertex 78.894243227637 28.0901699437495 44.0
vertex 79.0690041256165 28.583679495453 34.0
vertex 79.0690041256165 28.583679495453 44.0
endloop
endfacet
facet normal 0.913545457642601 -0.406736643075801 1.11743618121345e-020
outer loop
vertex 79.2693538141625 29.067366430758 34.0
vertex 79.0690041256165 28.583679495453 44.0
vertex 79.0690041256165 28.583679495453 34.0
endloop
endfacet
facet normal 0.933580426497202 -0.358367949545301 -1.7091194414325e-019
outer loop
vertex 79.0690041256165 28.583679495453 44.0
vertex 79.2693538141625 29.067366430758 34.0
vertex 79.2693538141625 29.067366430758 44.0
endloop
endfacet
facet normal -0.499999999999995 -0.866025403784441 -1.8772778217149e-019
outer loop
vertex 93.4048083905885 33.6602540378444 44.0
vertex 92.944713387984 33.9100652418837 34.0
vertex 93.4048083905885 33.6602540378444 34.0
endloop
endfacet
facet normal -0.453990499739547 -0.891006524188368 -6.52826977583368e-019
outer loop
vertex 92.944713387984 33.9100652418837 34.0
vertex 93.4048083905885 33.6602540378444 44.0
vertex 92.944713387984 33.9100652418837 44.0
endloop
endfacet
facet normal -0.453990499739547 -0.891006524188368 -6.52826977583368e-019
outer loop
vertex 92.944713387984 33.9100652418837 44.0
vertex 92.4721748213465 34.135454576426 34.0
vertex 92.944713387984 33.9100652418837 34.0
endloop
endfacet
facet normal -0.406736643075801 -0.913545457642601 -1.49281278071115e-019
outer loop
vertex 92.4721748213465 34.135454576426 34.0
vertex 92.944713387984 33.9100652418837 44.0
vertex 92.4721748213465 34.135454576426 44.0
endloop
endfacet
facet normal -0.544639035015027 -0.838670567945424 -1.96314880388403e-019
outer loop
vertex 93.8511987407388 33.3867056794542 44.0
vertex 93.4048083905885 33.6602540378444 34.0
vertex 93.8511987407388 33.3867056794542 34.0
endloop
endfacet
facet normal -0.499999999999995 -0.866025403784441 -1.8772778217149e-019
outer loop
vertex 93.4048083905885 33.6602540378444 34.0
vertex 93.8511987407388 33.3867056794542 44.0
vertex 93.4048083905885 33.6602540378444 44.0
endloop
endfacet
facet normal -0.587785252292476 -0.809016994374945 3.67068923786725e-019
outer loop
vertex 94.2826609135133 33.0901699437495 44.0
vertex 93.8511987407388 33.3867056794542 34.0
vertex 94.2826609135133 33.0901699437495 34.0
endloop
endfacet
facet normal -0.544639035015027 -0.838670567945424 -1.96314880388403e-019
outer loop
vertex 93.8511987407388 33.3867056794542 34.0
vertex 94.2826609135133 33.0901699437495 44.0
vertex 93.8511987407388 33.3867056794542 44.0
endloop
endfacet
facet normal -0.707106781186548 -0.707106781186547 8.82922390791524e-019
outer loop
vertex 95.475876202454 32.0710678118655 44.0
vertex 95.0961144541771 32.4314482547739 34.0
vertex 95.475876202454 32.0710678118655 34.0
endloop
endfacet
facet normal -0.669130606358858 -0.743144825477394 3.53969135769102e-019
outer loop
vertex 95.0961144541771 32.4314482547739 34.0
vertex 95.475876202454 32.0710678118655 44.0
vertex 95.0961144541771 32.4314482547739 44.0
endloop
endfacet
facet normal -0.669130606358858 -0.743144825477394 3.53969135769102e-019
outer loop
vertex 95.0961144541771 32.4314482547739 44.0
vertex 94.6980123010869 32.7714596145697 34.0
vertex 95.0961144541771 32.4314482547739 34.0
endloop
endfacet
facet normal -0.629320391049837 -0.777145961456972 6.95235166710742e-019
outer loop
vertex 94.6980123010869 32.7714596145697 34.0
vertex 95.0961144541771 32.4314482547739 44.0
vertex 94.6980123010869 32.7714596145697 44.0
endloop
endfacet
facet normal 0.104528463267654 0.994521895368273 -1.36190854703027e-017
outer loop
vertex 87.9869095269517 21.0239579063533 34.9336441091219
vertex 88.1955722078536 21.0075357972157 31.0
vertex 87.9869095269517 21.0239579063533 31.0
endloop
endfacet
facet normal 0.0523359562429482 0.998629534754574 -8.93765825053186e-018
outer loop
vertex 88.1955722078536 21.0075357972157 31.0
vertex 87.9869095269517 21.0239579063533 34.9336441091219
vertex 88.1955722078536 21.0075357972157 34.9336441091219
endloop
endfacet
facet normal 0.156434465040232 0.987688340595138 -2.40611164294468e-017
outer loop
vertex 87.7793922777872 21.0512780704983 34.9336441091219
vertex 87.9869095269517 21.0239579063533 31.0
vertex 87.7793922777872 21.0512780704983 31.0
endloop
endfacet
facet normal 0.104528463267654 0.994521895368273 -1.36190854703027e-017
outer loop
vertex 87.9869095269517 21.0239579063533 31.0
vertex 87.7793922777872 21.0512780704983 34.9336441091219
vertex 87.9869095269517 21.0239579063533 34.9336441091219
endloop
endfacet
facet normal 0.959152635253008 -0.20387418626612 -0.196116135138183
outer loop
vertex 100.142579599394 22.5050597101869 38.0
vertex 100.849681482087 23.0289257404931 41.0
vertex 100.729468159835 22.3803126956962 41.0
endloop
endfacet
facet normal 0.968508100392823 -0.153396613430502 -0.196116135138183
outer loop
vertex 100.849681482087 23.0289257404931 41.0
vertex 100.142579599394 22.5050597101869 38.0
vertex 100.25706847773 23.1227864195172 38.0
endloop
endfacet
facet normal 0.968508100392823 -0.153396613430502 -0.196116135138183
outer loop
vertex 100.25706847773 23.1227864195172 38.0
vertex 100.9116995849 23.5 41.0
vertex 100.849681482087 23.0289257404931 41.0
endloop
endfacet
facet normal 0.972204483434248 -0.127993148409792 -0.196051514532524
outer loop
vertex 100.9116995849 23.5 41.0
vertex 100.25706847773 23.1227864195172 38.0
vertex 100.306729587725 23.5 38.0
endloop
endfacet
facet normal 0.947168199409846 -0.253792954128306 -0.196116135138184
outer loop
vertex 99.9959183060574 21.8941714587698 38.0
vertex 100.729468159835 22.3803126956962 41.0
vertex 100.575473801831 21.7388800317082 41.0
endloop
endfacet
facet normal 0.959152635253008 -0.20387418626612 -0.196116135138183
outer loop
vertex 100.729468159835 22.3803126956962 41.0
vertex 99.9959183060574 21.8941714587698 38.0
vertex 100.142579599394 22.5050597101869 38.0
endloop
endfacet
facet normal 0.932587641368955 -0.303016093144163 -0.196116135138184
outer loop
vertex 99.8174865861304 21.2917960675006 38.0
vertex 100.575473801831 21.7388800317082 41.0
vertex 100.388120495907 21.1063858708757 41.0
endloop
endfacet
facet normal 0.947168199409846 -0.253792954128306 -0.196116135138184
outer loop
vertex 100.575473801831 21.7388800317082 41.0
vertex 99.8174865861304 21.2917960675006 38.0
vertex 99.9959183060574 21.8941714587698 38.0
endloop
endfacet
facet normal 0.303016093144162 0.932587641368955 -0.196116135138184
outer loop
vertex 92.2984225197129 36.9833121053189 41.0
vertex 92.7052237851321 36.2029651179664 38.0
vertex 92.1130123230879 36.4126781955418 38.0
endloop
endfacet
facet normal 0.3514086861111 0.915450925426444 -0.196116135138184
outer loop
vertex 92.7052237851321 36.2029651179664 38.0
vertex 92.2984225197129 36.9833121053189 41.0
vertex 92.9202445548593 36.7631133738647 41.0
endloop
endfacet
facet normal 0.3514086861111 0.915450925426444 -0.196116135138184
outer loop
vertex 92.9202445548593 36.7631133738647 41.0
vertex 93.2856481074981 35.9625454917112 38.0
vertex 92.7052237851321 36.2029651179664 38.0
endloop
endfacet
facet normal 0.398838092295523 0.895805022129553 -0.196116135138183
outer loop
vertex 93.2856481074981 35.9625454917112 38.0
vertex 92.9202445548593 36.7631133738647 41.0
vertex 93.5296900933436 36.5106727662968 41.0
endloop
endfacet
facet normal 0.793306430989623 0.576370859854112 -0.196116135138183
outer loop
vertex 98.1130123230879 32.0534230275097 38.0
vertex 98.9720575467009 31.8624518411893 41.0
vertex 98.4688552059336 31.5356684201803 38.0
endloop
endfacet
facet normal 0.822384152198012 0.534062512962686 -0.196116135138183
outer loop
vertex 98.9720575467009 31.8624518411893 41.0
vertex 98.1130123230879 32.0534230275097 38.0
vertex 98.5984225197129 32.4060941788852 41.0
endloop
endfacet
facet normal 0.822384152198012 0.534062512962686 -0.196116135138183
outer loop
vertex 98.4688552059336 31.5356684201803 38.0
vertex 99.3167284782725 31.3 41.0
vertex 98.7971132360018 31.0 38.0
endloop
endfacet
facet normal 0.849207775608448 0.490290337845458 -0.196116135138183
outer loop
vertex 99.3167284782725 31.3 41.0
vertex 98.4688552059336 31.5356684201803 38.0
vertex 98.9720575467009 31.8624518411893 41.0
endloop
endfacet
facet normal 0.895805022129551 0.398838092295529 -0.196116135138183
outer loop
vertex 99.3673538822997 29.8808397169096 38.0
vertex 100.167921764453 29.5154361642708 41.0
vertex 99.607773508555 29.3004153945436 38.0
endloop
endfacet
facet normal 0.915450925426444 0.3514086861111 -0.196116135138184
outer loop
vertex 100.167921764453 29.5154361642708 41.0
vertex 99.3673538822997 29.8808397169096 38.0
vertex 99.9154811568853 30.1248817027551 41.0
endloop
endfacet
facet normal 0.873703779533648 0.445174310991863 -0.196116135138183
outer loop
vertex 99.096886680849 30.4478859968746 38.0
vertex 99.9154811568853 30.1248817027551 41.0
vertex 99.3673538822997 29.8808397169096 38.0
endloop
endfacet
facet normal 0.895805022129551 0.398838092295529 -0.196116135138183
outer loop
vertex 99.9154811568853 30.1248817027551 41.0
vertex 99.096886680849 30.4478859968746 38.0
vertex 99.631490595362 30.7202802967183 41.0
endloop
endfacet
facet normal 0.693375245281536 -0.693375245281537 -0.196116135138184
outer loop
vertex 96.8900897648271 16.5147186257614 38.0
vertex 97.7684331916037 16.5689543598784 41.0
vertex 97.314353833539 16.0904545570495 41.0
endloop
endfacet
facet normal 0.728713455102834 -0.656136542108844 -0.196116135138184
outer loop
vertex 97.7684331916037 16.5689543598784 41.0
vertex 96.8900897648271 16.5147186257614 38.0
vertex 97.3225462963173 16.9704327236937 38.0
endloop
endfacet
facet normal 0.728713455102834 -0.656136542108844 -0.196116135138184
outer loop
vertex 97.3225462963173 16.9704327236937 38.0
vertex 98.1968475049464 17.0705630727721 41.0
vertex 97.7684331916037 16.5689543598784 41.0
endloop
endfacet
facet normal 0.762054311995949 -0.61709941428172 -0.196116135138183
outer loop
vertex 98.1968475049464 17.0705630727721 41.0
vertex 97.3225462963173 16.9704327236937 38.0
vertex 97.7305599280722 17.448155307402 38.0
endloop
endfacet
facet normal 0.693375245281536 -0.693375245281537 -0.196116135138184
outer loop
vertex 97.314353833539 16.0904545570495 41.0
vertex 96.4343756668948 16.0822620942713 38.0
vertex 96.8900897648271 16.5147186257614 38.0
endloop
endfacet
facet normal 0.656136542108843 -0.728713455102835 -0.196116135138185
outer loop
vertex 96.4343756668948 16.0822620942713 38.0
vertex 97.314353833539 16.0904545570495 41.0
vertex 96.8358540307102 15.6363751989848 41.0
endloop
endfacet
facet normal 0.656136542108843 -0.728713455102835 -0.196116135138185
outer loop
vertex 96.8358540307102 15.6363751989848 41.0
vertex 95.9566530831866 15.6742484625163 38.0
vertex 96.4343756668948 16.0822620942713 38.0
endloop
endfacet
facet normal 0.617099414281722 -0.762054311995947 -0.196116135138184
outer loop
vertex 95.9566530831866 15.6742484625163 38.0
vertex 96.8358540307102 15.6363751989848 41.0
vertex 96.3342453178165 15.2079608856422 41.0
endloop
endfacet
facet normal -0.576370859854112 -0.793306430989623 -0.196116135138184
outer loop
vertex 80.9987142117034 14.8063858708757 41.0
vertex 80.8529636979905 15.6742484625163 38.0
vertex 81.3513853630789 15.2917960675006 38.0
endloop
endfacet
facet normal -0.617099414281724 -0.762054311995946 -0.196116135138184
outer loop
vertex 80.8529636979905 15.6742484625163 38.0
vertex 80.9987142117034 14.8063858708757 41.0
vertex 80.4753714633606 15.2079608856422 41.0
endloop
endfacet
facet normal -0.534062512962685 -0.822384152198013 -0.196116135138184
outer loop
vertex 81.5423565493992 14.4327508438877 41.0
vertex 81.3513853630789 15.2917960675006 38.0
vertex 81.8691399704082 14.9359531846549 38.0
endloop
endfacet
facet normal -0.576370859854112 -0.793306430989623 -0.196116135138184
outer loop
vertex 81.3513853630789 15.2917960675006 38.0
vertex 81.5423565493992 14.4327508438877 41.0
vertex 80.9987142117034 14.8063858708757 41.0
endloop
endfacet
facet normal 0.915450925426444 0.3514086861111 -0.196116135138184
outer loop
vertex 99.607773508555 29.3004153945436 38.0
vertex 100.388120495907 28.8936141291243 41.0
vertex 99.8174865861304 28.7082039324994 38.0
endloop
endfacet
facet normal 0.932587641368955 0.303016093144161 -0.196116135138183
outer loop
vertex 100.388120495907 28.8936141291243 41.0
vertex 99.607773508555 29.3004153945436 38.0
vertex 100.167921764453 29.5154361642708 41.0
endloop
endfacet
facet normal 0.932587641368955 0.303016093144161 -0.196116135138183
outer loop
vertex 99.8174865861304 28.7082039324994 38.0
vertex 100.575473801831 28.2611199682918 41.0
vertex 99.9959183060574 28.1058285412303 38.0
endloop
endfacet
facet normal 0.947168199409845 0.253792954128309 -0.196116135138183
outer loop
vertex 100.575473801831 28.2611199682918 41.0
vertex 99.8174865861304 28.7082039324994 38.0
vertex 100.388120495907 28.8936141291243 41.0
endloop
endfacet
facet normal 0.617099414281723 -0.762054311995947 -0.196116135138184
outer loop
vertex 96.3342453178165 15.2079608856422 41.0
vertex 95.4582314180982 15.2917960675006 38.0
vertex 95.9566530831866 15.6742484625163 38.0
endloop
endfacet
facet normal 0.576370859854113 -0.793306430989623 -0.196116135138184
outer loop
vertex 95.4582314180982 15.2917960675006 38.0
vertex 96.3342453178165 15.2079608856422 41.0
vertex 95.8109025694737 14.8063858708757 41.0
endloop
endfacet
facet normal 0.576370859854113 -0.793306430989622 -0.196116135138184
outer loop
vertex 95.8109025694737 14.8063858708757 41.0
vertex 94.9404768107689 14.9359531846549 38.0
vertex 95.4582314180982 15.2917960675006 38.0
endloop
endfacet
facet normal 0.534062512962686 -0.822384152198012 -0.196116135138184
outer loop
vertex 94.9404768107689 14.9359531846549 38.0
vertex 95.8109025694737 14.8063858708757 41.0
vertex 95.2672602317779 14.4327508438877 41.0
endloop
endfacet
facet normal -0.49029033784546 -0.849207775608447 -0.196116135138184
outer loop
vertex 82.1048083905885 14.0880799123161 41.0
vertex 81.8691399704082 14.9359531846549 38.0
vertex 82.4048083905885 14.6076951545867 38.0
endloop
endfacet
facet normal -0.534062512962685 -0.822384152198013 -0.196116135138184
outer loop
vertex 81.8691399704082 14.9359531846549 38.0
vertex 82.1048083905885 14.0880799123161 41.0
vertex 81.5423565493992 14.4327508438877 41.0
endloop
endfacet
facet normal -0.445174310991866 -0.873703779533647 -0.196116135138184
outer loop
vertex 82.6845280938702 13.7733177952266 41.0
vertex 82.4048083905885 14.6076951545867 38.0
vertex 82.956922393714 14.3079217097396 38.0
endloop
endfacet
facet normal -0.49029033784546 -0.849207775608447 -0.196116135138184
outer loop
vertex 82.4048083905885 14.6076951545867 38.0
vertex 82.6845280938702 13.7733177952266 41.0
vertex 82.1048083905885 14.0880799123161 41.0
endloop
endfacet
facet normal -0.762054311995947 0.617099414281723 -0.196116135138184
outer loop
vertex 78.6127692762307 32.929436927228 41.0
vertex 79.4870704848598 33.0295672763063 38.0
vertex 79.0790568531049 32.5518446925981 38.0
endloop
endfacet
facet normal -0.728713455102836 0.656136542108843 -0.196116135138184
outer loop
vertex 79.4870704848598 33.0295672763063 38.0
vertex 78.6127692762307 32.929436927228 41.0
vertex 79.0411835895734 33.4310456401216 41.0
endloop
endfacet
facet normal -0.728713455102836 0.656136542108843 -0.196116135138184
outer loop
vertex 79.0411835895734 33.4310456401216 41.0
vertex 79.91952701635 33.4852813742386 38.0
vertex 79.4870704848598 33.0295672763063 38.0
endloop
endfacet
facet normal -0.693375245281534 0.693375245281539 -0.196116135138184
outer loop
vertex 79.91952701635 33.4852813742386 38.0
vertex 79.0411835895734 33.4310456401216 41.0
vertex 79.495262947638 33.9095454429505 41.0
endloop
endfacet
facet normal 0.534062512962686 -0.822384152198012 -0.196116135138184
outer loop
vertex 95.2672602317779 14.4327508438877 41.0
vertex 94.4048083905885 14.6076951545867 38.0
vertex 94.9404768107689 14.9359531846549 38.0
endloop
endfacet
facet normal 0.490290337845459 -0.849207775608448 -0.196116135138184
outer loop
vertex 94.4048083905885 14.6076951545867 38.0
vertex 95.2672602317779 14.4327508438877 41.0
vertex 94.7048083905885 14.0880799123161 41.0
endloop
endfacet
facet normal 0.490290337845459 -0.849207775608448 -0.196116135138184
outer loop
vertex 94.7048083905885 14.0880799123161 41.0
vertex 93.8526943874631 14.3079217097396 38.0
vertex 94.4048083905885 14.6076951545867 38.0
endloop
endfacet
facet normal 0.445174310991862 -0.873703779533648 -0.196116135138185
outer loop
vertex 93.8526943874631 14.3079217097396 38.0
vertex 94.7048083905885 14.0880799123161 41.0
vertex 94.1250886873068 13.7733177952266 41.0
endloop
endfacet
facet normal -0.915450925426444 -0.351408686111099 0.196116135138184
outer loop
vertex 77.2018432726221 20.6995846054564 44.0
vertex 76.4214962852696 21.1063858708757 41.0
vertex 76.6416950167238 20.4845638357292 41.0
endloop
endfacet
facet normal -0.932587641368955 -0.303016093144161 0.196116135138184
outer loop
vertex 76.4214962852696 21.1063858708757 41.0
vertex 77.2018432726221 20.6995846054564 44.0
vertex 76.9921301950467 21.2917960675006 44.0
endloop
endfacet
facet normal -0.895805022129552 -0.398838092295525 0.196116135138185
outer loop
vertex 77.4422628988773 20.1191602830904 44.0
vertex 76.6416950167238 20.4845638357292 41.0
vertex 76.8941356242918 19.8751182972449 41.0
endloop
endfacet
facet normal -0.915450925426444 -0.351408686111099 0.196116135138184
outer loop
vertex 76.6416950167238 20.4845638357292 41.0
vertex 77.4422628988773 20.1191602830904 44.0
vertex 77.2018432726221 20.6995846054564 44.0
endloop
endfacet
facet normal -0.959152635253007 -0.203874186266121 0.196116135138185
outer loop
vertex 76.6670371817829 22.5050597101869 44.0
vertex 75.9599352990898 23.0289257404931 41.0
vertex 76.0801486213426 22.3803126956962 41.0
endloop
endfacet
facet normal -0.968508100392824 -0.153396613430497 0.196116135138185
outer loop
vertex 75.9599352990898 23.0289257404931 41.0
vertex 76.6670371817829 22.5050597101869 44.0
vertex 76.5525483034469 23.1227864195172 44.0
endloop
endfacet
facet normal -0.968508100392824 -0.153396613430497 0.196116135138185
outer loop
vertex 76.5525483034469 23.1227864195172 44.0
vertex 75.8979171962766 23.5 41.0
vertex 75.9599352990898 23.0289257404931 41.0
endloop
endfacet
facet normal -0.972204483434248 -0.127993148409786 0.196051514532526
outer loop
vertex 75.8979171962766 23.5 41.0
vertex 76.5525483034469 23.1227864195172 44.0
vertex 76.5028871934524 23.5 44.0
endloop
endfacet
facet normal -0.968508100392824 0.153396613430497 0.196116135138184
outer loop
vertex 76.5525483034469 26.8772135804828 44.0
vertex 75.8979171962766 26.5 41.0
vertex 76.5028871934524 26.5 44.0
endloop
endfacet
facet normal -0.972204483434249 0.127993148409783 0.196051514532525
outer loop
vertex 75.8979171962766 26.5 41.0
vertex 76.5525483034469 26.8772135804828 44.0
vertex 75.9599352990898 26.9710742595069 41.0
endloop
endfacet
facet normal -0.959152635253008 0.20387418626612 0.196116135138185
outer loop
vertex 76.6670371817829 27.4949402898131 44.0
vertex 75.9599352990898 26.9710742595069 41.0
vertex 76.5525483034469 26.8772135804828 44.0
endloop
endfacet
facet normal -0.968508100392824 0.153396613430497 0.196116135138184
outer loop
vertex 75.9599352990898 26.9710742595069 41.0
vertex 76.6670371817829 27.4949402898131 44.0
vertex 76.0801486213426 27.6196873043038 41.0
endloop
endfacet
facet normal -0.947168199409845 0.253792954128308 0.196116135138185
outer loop
vertex 76.8136984751197 28.1058285412302 44.0
vertex 76.0801486213426 27.6196873043038 41.0
vertex 76.6670371817829 27.4949402898131 44.0
endloop
endfacet
facet normal -0.959152635253007 0.20387418626612 0.196116135138185
outer loop
vertex 76.0801486213426 27.6196873043038 41.0
vertex 76.8136984751197 28.1058285412302 44.0
vertex 76.2341429793463 28.2611199682918 41.0
endloop
endfacet
facet normal -0.932587641368954 0.303016093144165 0.196116135138185
outer loop
vertex 76.9921301950467 28.7082039324994 44.0
vertex 76.2341429793463 28.2611199682918 41.0
vertex 76.8136984751197 28.1058285412302 44.0
endloop
endfacet
facet normal -0.947168199409845 0.253792954128308 0.196116135138185
outer loop
vertex 76.2341429793463 28.2611199682918 41.0
vertex 76.9921301950467 28.7082039324994 44.0
vertex 76.4214962852696 28.8936141291243 41.0
endloop
endfacet
facet normal -0.915450925426443 0.3514086861111 0.196116135138184
outer loop
vertex 77.2018432726221 29.3004153945436 44.0
vertex 76.4214962852696 28.8936141291243 41.0
vertex 76.9921301950467 28.7082039324994 44.0
endloop
endfacet
facet normal -0.932587641368954 0.303016093144165 0.196116135138185
outer loop
vertex 76.4214962852696 28.8936141291243 41.0
vertex 77.2018432726221 29.3004153945436 44.0
vertex 76.6416950167238 29.5154361642708 41.0
endloop
endfacet
facet normal -0.895805022129552 0.398838092295526 0.196116135138184
outer loop
vertex 77.4422628988773 29.8808397169096 44.0
vertex 76.6416950167238 29.5154361642708 41.0
vertex 77.2018432726221 29.3004153945436 44.0
endloop
endfacet
facet normal -0.915450925426443 0.3514086861111 0.196116135138184
outer loop
vertex 76.6416950167238 29.5154361642708 41.0
vertex 77.4422628988773 29.8808397169096 44.0
vertex 76.8941356242918 30.1248817027551 41.0
endloop
endfacet
facet normal -0.873703779533647 0.445174310991865 0.196116135138184
outer loop
vertex 77.7127301003281 30.4478859968746 44.0
vertex 76.8941356242918 30.1248817027551 41.0
vertex 77.4422628988773 29.8808397169096 44.0
endloop
endfacet
facet normal -0.895805022129552 0.398838092295526 0.196116135138184
outer loop
vertex 76.8941356242918 30.1248817027551 41.0
vertex 77.7127301003281 30.4478859968746 44.0
vertex 77.1781261858151 30.7202802967183 41.0
endloop
endfacet
facet normal -0.849207775608448 0.490290337845459 0.196116135138184
outer loop
vertex 78.0125035451753 31.0 44.0
vertex 77.1781261858151 30.7202802967183 41.0
vertex 77.7127301003281 30.4478859968746 44.0
endloop
endfacet
facet normal -0.873703779533647 0.445174310991865 0.196116135138184
outer loop
vertex 77.1781261858151 30.7202802967183 41.0
vertex 78.0125035451753 31.0 44.0
vertex 77.4928883029046 31.3 41.0
endloop
endfacet
facet normal -0.822384152198013 0.534062512962684 0.196116135138184
outer loop
vertex 78.3407615752434 31.5356684201803 44.0
vertex 77.4928883029046 31.3 41.0
vertex 78.0125035451753 31.0 44.0
endloop
endfacet
facet normal -0.849207775608448 0.490290337845459 0.196116135138184
outer loop
vertex 77.4928883029046 31.3 41.0
vertex 78.3407615752434 31.5356684201803 44.0
vertex 77.8375592344762 31.8624518411893 41.0
endloop
endfacet
facet normal -0.793306430989622 0.576370859854113 0.196116135138184
outer loop
vertex 78.6966044580892 32.0534230275097 44.0
vertex 77.8375592344762 31.8624518411893 41.0
vertex 78.3407615752434 31.5356684201803 44.0
endloop
endfacet
facet normal -0.822384152198013 0.534062512962684 0.196116135138184
outer loop
vertex 77.8375592344762 31.8624518411893 41.0
vertex 78.6966044580892 32.0534230275097 44.0
vertex 78.2111942614642 32.4060941788852 41.0
endloop
endfacet
facet normal -0.693375245281534 0.693375245281539 -0.196116135138184
outer loop
vertex 79.495262947638 33.9095454429505 41.0
vertex 80.3752411142822 33.9177379057287 38.0
vertex 79.91952701635 33.4852813742386 38.0
endloop
endfacet
facet normal -0.656136542108843 0.728713455102835 -0.196116135138184
outer loop
vertex 80.3752411142822 33.9177379057287 38.0
vertex 79.495262947638 33.9095454429505 41.0
vertex 79.9737627504669 34.3636248010152 41.0
endloop
endfacet
facet normal -0.656136542108843 0.728713455102835 -0.196116135138184
outer loop
vertex 79.9737627504669 34.3636248010152 41.0
vertex 80.8529636979905 34.3257515374836 38.0
vertex 80.3752411142822 33.9177379057287 38.0
endloop
endfacet
facet normal -0.617099414281725 0.762054311995946 -0.196116135138184
outer loop
vertex 80.8529636979905 34.3257515374836 38.0
vertex 79.9737627504669 34.3636248010152 41.0
vertex 80.4753714633606 34.7920391143578 41.0
endloop
endfacet
facet normal -0.617099414281725 0.762054311995946 -0.196116135138184
outer loop
vertex 80.4753714633606 34.7920391143578 41.0
vertex 81.3513853630789 34.7082039324994 38.0
vertex 80.8529636979905 34.3257515374836 38.0
endloop
endfacet
facet normal -0.576370859854114 0.793306430989621 -0.196116135138184
outer loop
vertex 81.3513853630789 34.7082039324994 38.0
vertex 80.4753714633606 34.7920391143578 41.0
vertex 80.9987142117034 35.1936141291243 41.0
endloop
endfacet
facet normal -0.576370859854114 0.793306430989621 -0.196116135138184
outer loop
vertex 80.9987142117034 35.1936141291243 41.0
vertex 81.8691399704082 35.0640468153451 38.0
vertex 81.3513853630789 34.7082039324994 38.0
endloop
endfacet
facet normal -0.534062512962686 0.822384152198012 -0.196116135138184
outer loop
vertex 81.8691399704082 35.0640468153451 38.0
vertex 80.9987142117034 35.1936141291243 41.0
vertex 81.5423565493992 35.5672491561123 41.0
endloop
endfacet
facet normal 0.762054311995947 0.617099414281723 0.196116135138183
outer loop
vertex 98.1968475049464 32.929436927228 41.0
vertex 97.3225462963173 33.0295672763063 44.0
vertex 97.7305599280722 32.5518446925981 44.0
endloop
endfacet
facet normal 0.728713455102833 0.656136542108846 0.196116135138183
outer loop
vertex 97.3225462963173 33.0295672763063 44.0
vertex 98.1968475049464 32.929436927228 41.0
vertex 97.7684331916037 33.4310456401216 41.0
endloop
endfacet
facet normal 0.793306430989623 0.576370859854112 0.196116135138183
outer loop
vertex 98.5984225197129 32.4060941788852 41.0
vertex 97.7305599280722 32.5518446925981 44.0
vertex 98.1130123230879 32.0534230275097 44.0
endloop
endfacet
facet normal 0.762054311995947 0.617099414281723 0.196116135138183
outer loop
vertex 97.7305599280722 32.5518446925981 44.0
vertex 98.5984225197129 32.4060941788852 41.0
vertex 98.1968475049464 32.929436927228 41.0
endloop
endfacet
facet normal 0.972204483434248 -0.127993148409792 0.196051514532524
outer loop
vertex 100.9116995849 23.5 41.0
vertex 100.25706847773 23.1227864195172 44.0
vertex 100.849681482087 23.0289257404931 41.0
endloop
endfacet
facet normal 0.968508100392823 -0.153396613430502 0.196116135138183
outer loop
vertex 100.25706847773 23.1227864195172 44.0
vertex 100.9116995849 23.5 41.0
vertex 100.306729587725 23.5 44.0
endloop
endfacet
facet normal 0.968508100392823 -0.153396613430502 0.196116135138183
outer loop
vertex 100.849681482087 23.0289257404931 41.0
vertex 100.142579599394 22.5050597101869 44.0
vertex 100.729468159835 22.3803126956962 41.0
endloop
endfacet
facet normal 0.959152635253008 -0.20387418626612 0.196116135138183
outer loop
vertex 100.142579599394 22.5050597101869 44.0
vertex 100.849681482087 23.0289257404931 41.0
vertex 100.25706847773 23.1227864195172 44.0
endloop
endfacet
facet normal 0.959152635253008 -0.20387418626612 0.196116135138183
outer loop
vertex 100.729468159835 22.3803126956962 41.0
vertex 99.9959183060574 21.8941714587698 44.0
vertex 100.575473801831 21.7388800317082 41.0
endloop
endfacet
facet normal 0.947168199409846 -0.253792954128306 0.196116135138184
outer loop
vertex 99.9959183060574 21.8941714587698 44.0
vertex 100.729468159835 22.3803126956962 41.0
vertex 100.142579599394 22.5050597101869 44.0
endloop
endfacet
facet normal 0.947168199409846 -0.253792954128306 0.196116135138184
outer loop
vertex 100.575473801831 21.7388800317082 41.0
vertex 99.8174865861304 21.2917960675006 44.0
vertex 100.388120495907 21.1063858708757 41.0
endloop
endfacet
facet normal 0.932587641368955 -0.303016093144163 0.196116135138184
outer loop
vertex 99.8174865861304 21.2917960675006 44.0
vertex 100.575473801831 21.7388800317082 41.0
vertex 99.9959183060574 21.8941714587698 44.0
endloop
endfacet
facet normal 0.932587641368955 -0.303016093144163 0.196116135138184
outer loop
vertex 100.388120495907 21.1063858708757 41.0
vertex 99.607773508555 20.6995846054564 44.0
vertex 100.167921764453 20.4845638357292 41.0
endloop
endfacet
facet normal 0.915450925426443 -0.351408686111101 0.196116135138184
outer loop
vertex 99.607773508555 20.6995846054564 44.0
vertex 100.388120495907 21.1063858708757 41.0
vertex 99.8174865861304 21.2917960675006 44.0
endloop
endfacet
facet normal 0.915450925426443 -0.351408686111101 0.196116135138184
outer loop
vertex 100.167921764453 20.4845638357292 41.0
vertex 99.3673538822998 20.1191602830904 44.0
vertex 99.9154811568853 19.8751182972449 41.0
endloop
endfacet
facet normal 0.895805022129553 -0.398838092295523 0.196116135138183
outer loop
vertex 99.3673538822998 20.1191602830904 44.0
vertex 100.167921764453 20.4845638357292 41.0
vertex 99.607773508555 20.6995846054564 44.0
endloop
endfacet
facet normal 0.895805022129553 -0.398838092295523 0.196116135138183
outer loop
vertex 99.9154811568853 19.8751182972449 41.0
vertex 99.096886680849 19.5521140031254 44.0
vertex 99.631490595362 19.2797197032817 41.0
endloop
endfacet
facet normal 0.873703779533649 -0.445174310991862 0.196116135138183
outer loop
vertex 99.096886680849 19.5521140031254 44.0
vertex 99.9154811568853 19.8751182972449 41.0
vertex 99.3673538822998 20.1191602830904 44.0
endloop
endfacet
facet normal 0.873703779533649 -0.445174310991862 0.196116135138183
outer loop
vertex 99.631490595362 19.2797197032817 41.0
vertex 98.7971132360018 19.0 44.0
vertex 99.3167284782725 18.7 41.0
endloop
endfacet
facet normal 0.849207775608448 -0.490290337845459 0.196116135138184
outer loop
vertex 98.7971132360018 19.0 44.0
vertex 99.631490595362 19.2797197032817 41.0
vertex 99.096886680849 19.5521140031254 44.0
endloop
endfacet
facet normal 0.849207775608448 -0.490290337845459 0.196116135138184
outer loop
vertex 99.3167284782725 18.7 41.0
vertex 98.4688552059336 18.4643315798197 44.0
vertex 98.9720575467009 18.1375481588107 41.0
endloop
endfacet
facet normal 0.82238415219801 -0.534062512962688 0.196116135138184
outer loop
vertex 98.4688552059336 18.4643315798197 44.0
vertex 99.3167284782725 18.7 41.0
vertex 98.7971132360018 19.0 44.0
endloop
endfacet
facet normal 0.822384152198011 -0.534062512962688 0.196116135138184
outer loop
vertex 98.9720575467009 18.1375481588107 41.0
vertex 98.1130123230879 17.9465769724903 44.0
vertex 98.5984225197129 17.5939058211148 41.0
endloop
endfacet
facet normal 0.793306430989623 -0.576370859854112 0.196116135138183
outer loop
vertex 98.1130123230879 17.9465769724903 44.0
vertex 98.9720575467009 18.1375481588107 41.0
vertex 98.4688552059336 18.4643315798197 44.0
endloop
endfacet
facet normal 0.793306430989623 -0.576370859854112 0.196116135138183
outer loop
vertex 98.5984225197129 17.5939058211148 41.0
vertex 97.7305599280722 17.448155307402 44.0
vertex 98.1968475049464 17.0705630727721 41.0
endloop
endfacet
facet normal 0.76205431199595 -0.61709941428172 0.196116135138183
outer loop
vertex 97.7305599280722 17.448155307402 44.0
vertex 98.5984225197129 17.5939058211148 41.0
vertex 98.1130123230879 17.9465769724903 44.0
endloop
endfacet
facet normal 0.762054311995949 -0.61709941428172 0.196116135138183
outer loop
vertex 98.1968475049464 17.0705630727721 41.0
vertex 97.3225462963173 16.9704327236937 44.0
vertex 97.7684331916037 16.5689543598784 41.0
endloop
endfacet
facet normal 0.728713455102834 -0.656136542108844 0.196116135138184
outer loop
vertex 97.3225462963173 16.9704327236937 44.0
vertex 98.1968475049464 17.0705630727721 41.0
vertex 97.7305599280722 17.448155307402 44.0
endloop
endfacet
facet normal 0.728713455102834 -0.656136542108844 0.196116135138184
outer loop
vertex 97.7684331916037 16.5689543598784 41.0
vertex 96.8900897648271 16.5147186257614 44.0
vertex 97.314353833539 16.0904545570495 41.0
endloop
endfacet
facet normal 0.693375245281536 -0.693375245281537 0.196116135138184
outer loop
vertex 96.8900897648271 16.5147186257614 44.0
vertex 97.7684331916037 16.5689543598784 41.0
vertex 97.3225462963173 16.9704327236937 44.0
endloop
endfacet
facet normal 0.693375245281536 -0.693375245281537 0.196116135138184
outer loop
vertex 96.8900897648271 16.5147186257614 44.0
vertex 96.8358540307102 15.6363751989848 41.0
vertex 97.314353833539 16.0904545570495 41.0
endloop
endfacet
facet normal 0.656136542108843 -0.728713455102835 0.196116135138185
outer loop
vertex 96.8358540307102 15.6363751989848 41.0
vertex 96.8900897648271 16.5147186257614 44.0
vertex 96.4343756668948 16.0822620942713 44.0
endloop
endfacet
facet normal 0.656136542108843 -0.728713455102835 0.196116135138185
outer loop
vertex 96.4343756668948 16.0822620942713 44.0
vertex 96.3342453178165 15.2079608856422 41.0
vertex 96.8358540307102 15.6363751989848 41.0
endloop
endfacet
facet normal 0.617099414281722 -0.762054311995948 0.196116135138184
outer loop
vertex 96.3342453178165 15.2079608856422 41.0
vertex 96.4343756668948 16.0822620942713 44.0
vertex 95.9566530831866 15.6742484625163 44.0
endloop
endfacet
facet normal 0.617099414281722 -0.762054311995947 0.196116135138184
outer loop
vertex 95.9566530831866 15.6742484625163 44.0
vertex 95.8109025694737 14.8063858708757 41.0
vertex 96.3342453178165 15.2079608856422 41.0
endloop
endfacet
facet normal 0.576370859854113 -0.793306430989623 0.196116135138184
outer loop
vertex 95.8109025694737 14.8063858708757 41.0
vertex 95.9566530831866 15.6742484625163 44.0
vertex 95.4582314180982 15.2917960675006 44.0
endloop
endfacet
facet normal 0.576370859854113 -0.793306430989623 0.196116135138184
outer loop
vertex 95.4582314180982 15.2917960675006 44.0
vertex 95.2672602317779 14.4327508438877 41.0
vertex 95.8109025694737 14.8063858708757 41.0
endloop
endfacet
facet normal 0.534062512962686 -0.822384152198012 0.196116135138184
outer loop
vertex 95.2672602317779 14.4327508438877 41.0
vertex 95.4582314180982 15.2917960675006 44.0
vertex 94.9404768107689 14.9359531846549 44.0
endloop
endfacet
facet normal 0.534062512962686 -0.822384152198012 0.196116135138184
outer loop
vertex 94.9404768107689 14.9359531846549 44.0
vertex 94.7048083905885 14.0880799123161 41.0
vertex 95.2672602317779 14.4327508438877 41.0
endloop
endfacet
facet normal 0.490290337845459 -0.849207775608448 0.196116135138184
outer loop
vertex 94.7048083905885 14.0880799123161 41.0
vertex 94.9404768107689 14.9359531846549 44.0
vertex 94.4048083905885 14.6076951545867 44.0
endloop
endfacet
facet normal 0.398838092295523 -0.895805022129553 0.196116135138185
outer loop
vertex 93.2856481074981 14.0374545082888 44.0
vertex 92.9202445548593 13.2368866261353 41.0
vertex 93.5296900933436 13.4893272337032 41.0
endloop
endfacet
facet normal 0.3514086861111 -0.915450925426444 0.196116135138184
outer loop
vertex 92.9202445548593 13.2368866261353 41.0
vertex 93.2856481074981 14.0374545082888 44.0
vertex 92.7052237851321 13.7970348820336 44.0
endloop
endfacet
facet normal 0.445174310991862 -0.873703779533648 0.196116135138185
outer loop
vertex 93.8526943874631 14.3079217097396 44.0
vertex 93.5296900933436 13.4893272337032 41.0
vertex 94.1250886873068 13.7733177952266 41.0
endloop
endfacet
facet normal 0.398838092295523 -0.895805022129553 0.196116135138185
outer loop
vertex 93.5296900933436 13.4893272337032 41.0
vertex 93.8526943874631 14.3079217097396 44.0
vertex 93.2856481074981 14.0374545082888 44.0
endloop
endfacet
facet normal 0.3514086861111 -0.915450925426444 0.196116135138184
outer loop
vertex 92.7052237851321 13.7970348820336 44.0
vertex 92.2984225197129 13.0166878946811 41.0
vertex 92.9202445548593 13.2368866261353 41.0
endloop
endfacet
facet normal 0.303016093144165 -0.932587641368954 0.196116135138184
outer loop
vertex 92.2984225197129 13.0166878946811 41.0
vertex 92.7052237851321 13.7970348820336 44.0
vertex 92.1130123230879 13.5873218044582 44.0
endloop
endfacet
facet normal 0.303016093144165 -0.932587641368954 0.196116135138184
outer loop
vertex 92.1130123230879 13.5873218044582 44.0
vertex 91.6659283588803 12.8293345887577 41.0
vertex 92.2984225197129 13.0166878946811 41.0
endloop
endfacet
facet normal 0.253792954128307 -0.947168199409845 0.196116135138185
outer loop
vertex 91.6659283588803 12.8293345887577 41.0
vertex 92.1130123230879 13.5873218044582 44.0
vertex 91.5106369318188 13.4088900845312 44.0
endloop
endfacet
facet normal 0.253792954128308 -0.947168199409845 0.196116135138185
outer loop
vertex 91.5106369318188 13.4088900845312 44.0
vertex 91.0244956948923 12.675340230754 41.0
vertex 91.6659283588803 12.8293345887577 41.0
endloop
endfacet
facet normal 0.20387418626612 -0.959152635253008 0.196116135138185
outer loop
vertex 91.0244956948923 12.675340230754 41.0
vertex 91.5106369318188 13.4088900845312 44.0
vertex 90.8997486804016 13.2622287911943 44.0
endloop
endfacet
facet normal 0.20387418626612 -0.959152635253007 0.196116135138185
outer loop
vertex 90.8997486804016 13.2622287911943 44.0
vertex 90.3758826500954 12.5551269085013 41.0
vertex 91.0244956948923 12.675340230754 41.0
endloop
endfacet
facet normal 0.153396613430497 -0.968508100392824 0.196116135138185
outer loop
vertex 90.3758826500954 12.5551269085013 41.0
vertex 90.8997486804016 13.2622287911943 44.0
vertex 90.2820219710713 13.1477399128583 44.0
endloop
endfacet
facet normal -0.303016093144161 0.932587641368955 0.196116135138184
outer loop
vertex 84.6966044580892 36.4126781955418 44.0
vertex 85.1436884222968 37.1706654112423 41.0
vertex 84.5111942614642 36.9833121053189 41.0
endloop
endfacet
facet normal -0.253792954128309 0.947168199409845 0.196116135138184
outer loop
vertex 85.1436884222968 37.1706654112423 41.0
vertex 84.6966044580892 36.4126781955418 44.0
vertex 85.2989798493583 36.5911099154688 44.0
endloop
endfacet
facet normal -0.253792954128309 0.947168199409845 0.196116135138184
outer loop
vertex 85.2989798493583 36.5911099154688 44.0
vertex 85.7851210862848 37.3246597692459 41.0
vertex 85.1436884222968 37.1706654112423 41.0
endloop
endfacet
facet normal -0.203874186266119 0.959152635253008 0.196116135138183
outer loop
vertex 85.7851210862848 37.3246597692459 41.0
vertex 85.2989798493583 36.5911099154688 44.0
vertex 85.9098681007754 36.7377712088057 44.0
endloop
endfacet
facet normal -0.203874186266119 0.959152635253008 0.196116135138183
outer loop
vertex 85.9098681007754 36.7377712088057 44.0
vertex 86.4337341310816 37.4448730914987 41.0
vertex 85.7851210862848 37.3246597692459 41.0
endloop
endfacet
facet normal -0.153396613430501 0.968508100392823 0.196116135138183
outer loop
vertex 86.4337341310816 37.4448730914987 41.0
vertex 85.9098681007754 36.7377712088057 44.0
vertex 86.5275948101058 36.8522600871417 44.0
endloop
endfacet
facet normal -0.153396613430501 0.968508100392823 0.196116135138183
outer loop
vertex 86.5275948101058 36.8522600871417 44.0
vertex 86.9048083905885 37.506891194312 41.0
vertex 86.4337341310816 37.4448730914987 41.0
endloop
endfacet
facet normal -0.127993148409792 0.972204483434248 0.196051514532524
outer loop
vertex 86.9048083905885 37.506891194312 41.0
vertex 86.5275948101058 36.8522600871417 44.0
vertex 86.9048083905885 36.9019211971361 44.0
endloop
endfacet
facet normal 0.629320391049831 0.777145961456976 -1.20282133933789e-016
outer loop
vertex 85.8888211842157 21.8930145529714 34.9336441091219
vertex 86.054876311643 21.7655959722042 31.0
vertex 85.8888211842157 21.8930145529714 31.0
endloop
endfacet
facet normal 0.587785252292471 0.809016994374949 -1.11732415261896e-016
outer loop
vertex 86.054876311643 21.7655959722042 31.0
vertex 85.8888211842157 21.8930145529714 34.9336441091219
vertex 86.054876311643 21.7655959722042 34.9336441091219
endloop
endfacet
facet normal 0.587785252292471 0.809016994374949 -1.11732415261896e-016
outer loop
vertex 86.054876311643 21.7655959722042 34.9336441091219
vertex 86.2273724395571 21.6470426680563 31.0
vertex 86.054876311643 21.7655959722042 31.0
endloop
endfacet
facet normal 0.544639035015027 0.838670567945424 -1.02876445806196e-016
outer loop
vertex 86.2273724395571 21.6470426680563 31.0
vertex 86.054876311643 21.7655959722042 34.9336441091219
vertex 86.2273724395571 21.6470426680563 34.9336441091219
endloop
endfacet
facet normal -0.972204483434248 -0.127993148409786 -0.196051514532526
outer loop
vertex 75.8979171962766 23.5 41.0
vertex 76.5525483034469 23.1227864195172 38.0
vertex 75.9599352990898 23.0289257404931 41.0
endloop
endfacet
facet normal -0.968508100392824 -0.153396613430497 -0.196116135138185
outer loop
vertex 76.5525483034469 23.1227864195172 38.0
vertex 75.8979171962766 23.5 41.0
vertex 76.5028871934524 23.5 38.0
endloop
endfacet
facet normal -0.968508100392824 -0.153396613430497 -0.196116135138185
outer loop
vertex 75.9599352990898 23.0289257404931 41.0
vertex 76.6670371817829 22.5050597101869 38.0
vertex 76.0801486213426 22.3803126956962 41.0
endloop
endfacet
facet normal -0.959152635253007 -0.203874186266121 -0.196116135138185
outer loop
vertex 76.6670371817829 22.5050597101869 38.0
vertex 75.9599352990898 23.0289257404931 41.0
vertex 76.5525483034469 23.1227864195172 38.0
endloop
endfacet
facet normal 0.987688340595137 -0.156434465040235 -1.67728510194279e-019
outer loop
vertex 100.25706847773 23.1227864195172 34.0
vertex 100.142579599394 22.5050597101869 38.0
vertex 100.142579599394 22.5050597101869 34.0
endloop
endfacet
facet normal 0.978147600733805 -0.20791169081776 -3.98482835361864e-019
outer loop
vertex 100.142579599394 22.5050597101869 38.0
vertex 100.25706847773 23.1227864195172 34.0
vertex 100.25706847773 23.1227864195172 38.0
endloop
endfacet
facet normal 0.991444861373809 -0.130526192220061 4.61350502847142e-019
outer loop
vertex 100.306729587725 23.5 34.0
vertex 100.25706847773 23.1227864195172 38.0
vertex 100.25706847773 23.1227864195172 34.0
endloop
endfacet
facet normal 0.987688340595137 -0.156434465040235 -1.67728510194276e-019
outer loop
vertex 100.25706847773 23.1227864195172 38.0
vertex 100.306729587725 23.5 34.0
vertex 100.306729587725 23.5 38.0
endloop
endfacet
facet normal 0.253792954128307 0.947168199409846 -0.196116135138183
outer loop
vertex 91.6659283588803 37.1706654112423 41.0
vertex 92.1130123230879 36.4126781955418 38.0
vertex 91.5106369318188 36.5911099154688 38.0
endloop
endfacet
facet normal 0.303016093144162 0.932587641368955 -0.196116135138184
outer loop
vertex 92.1130123230879 36.4126781955418 38.0
vertex 91.6659283588803 37.1706654112423 41.0
vertex 92.2984225197129 36.9833121053189 41.0
endloop
endfacet
facet normal 0.20387418626612 0.959152635253008 -0.196116135138183
outer loop
vertex 91.0244956948923 37.3246597692459 41.0
vertex 91.5106369318188 36.5911099154688 38.0
vertex 90.8997486804016 36.7377712088057 38.0
endloop
endfacet
facet normal 0.253792954128307 0.947168199409846 -0.196116135138183
outer loop
vertex 91.5106369318188 36.5911099154688 38.0
vertex 91.0244956948923 37.3246597692459 41.0
vertex 91.6659283588803 37.1706654112423 41.0
endloop
endfacet
facet normal -0.968508100392824 0.153396613430497 -0.196116135138185
outer loop
vertex 75.9599352990898 26.9710742595069 41.0
vertex 76.5028871934524 26.5 38.0
vertex 75.8979171962766 26.5 41.0
endloop
endfacet
facet normal -0.972204483434249 0.127993148409783 -0.196051514532525
outer loop
vertex 76.5028871934524 26.5 38.0
vertex 75.9599352990898 26.9710742595069 41.0
vertex 76.5525483034469 26.8772135804828 38.0
endloop
endfacet
facet normal -0.968508100392824 0.153396613430497 -0.196116135138185
outer loop
vertex 75.9599352990898 26.9710742595069 41.0
vertex 76.6670371817829 27.4949402898131 38.0
vertex 76.5525483034469 26.8772135804828 38.0
endloop
endfacet
facet normal -0.959152635253008 0.20387418626612 -0.196116135138185
outer loop
vertex 76.6670371817829 27.4949402898131 38.0
vertex 75.9599352990898 26.9710742595069 41.0
vertex 76.0801486213426 27.6196873043038 41.0
endloop
endfacet
facet normal 0.959152635253008 0.203874186266118 -0.196116135138183
outer loop
vertex 100.142579599394 27.4949402898131 38.0
vertex 100.849681482087 26.9710742595069 41.0
vertex 100.25706847773 26.8772135804828 38.0
endloop
endfacet
facet normal 0.968508100392824 0.1533966134305 -0.196116135138183
outer loop
vertex 100.849681482087 26.9710742595069 41.0
vertex 100.142579599394 27.4949402898131 38.0
vertex 100.729468159835 27.6196873043038 41.0
endloop
endfacet
facet normal 0.947168199409845 0.253792954128309 -0.196116135138183
outer loop
vertex 99.9959183060574 28.1058285412303 38.0
vertex 100.729468159835 27.6196873043038 41.0
vertex 100.142579599394 27.4949402898131 38.0
endloop
endfacet
facet normal 0.959152635253008 0.203874186266118 -0.196116135138183
outer loop
vertex 100.729468159835 27.6196873043038 41.0
vertex 99.9959183060574 28.1058285412303 38.0
vertex 100.575473801831 28.2611199682918 41.0
endloop
endfacet
facet normal 0.258819045102521 0.965925826289068 -5.93651803693454e-020
outer loop
vertex 85.8166179395633 15.3407417371093 44.0
vertex 86.3256914824109 15.2185239926619 34.0
vertex 85.8166179395633 15.3407417371093 34.0
endloop
endfacet
facet normal 0.20791169081776 0.978147600733806 -2.89271370095804e-019
outer loop
vertex 86.3256914824109 15.2185239926619 34.0
vertex 85.8166179395633 15.3407417371093 44.0
vertex 86.3256914824109 15.2185239926619 44.0
endloop
endfacet
facet normal 0.20791169081776 0.978147600733806 -2.89271370095804e-019
outer loop
vertex 86.3256914824109 15.2185239926619 44.0
vertex 86.8404637401862 15.1231165940486 34.0
vertex 86.3256914824109 15.2185239926619 34.0
endloop
endfacet
facet normal 0.156434465040242 0.987688340595136 -2.08660719801346e-020
outer loop
vertex 86.8404637401862 15.1231165940486 34.0
vertex 86.3256914824109 15.2185239926619 44.0
vertex 86.8404637401862 15.1231165940486 44.0
endloop
endfacet
facet normal 0.358367949545299 0.933580426497202 3.55957576902792e-019
outer loop
vertex 84.8211288951355 15.664195735028 44.0
vertex 85.3146384468391 15.4894348370485 34.0
vertex 84.8211288951355 15.664195735028 34.0
endloop
endfacet
facet normal 0.309016994374949 0.951056516295153 -3.02621331875978e-020
outer loop
vertex 85.3146384468391 15.4894348370485 34.0
vertex 84.8211288951355 15.664195735028 44.0
vertex 85.3146384468391 15.4894348370485 44.0
endloop
endfacet
facet normal 0.309016994374949 0.951056516295153 -3.02621331875978e-020
outer loop
vertex 85.3146384468391 15.4894348370485 44.0
vertex 85.8166179395633 15.3407417371093 34.0
vertex 85.3146384468391 15.4894348370485 34.0
endloop
endfacet
facet normal 0.258819045102521 0.965925826289068 -5.93651803693454e-020
outer loop
vertex 85.8166179395633 15.3407417371093 34.0
vertex 85.3146384468391 15.4894348370485 44.0
vertex 85.8166179395633 15.3407417371093 44.0
endloop
endfacet
facet normal -0.933580426497202 -0.358367949545299 4.1060297606916e-019
outer loop
vertex 97.7406126555606 28.583679495453 44.0
vertex 97.9153735535401 28.0901699437495 34.0
vertex 97.9153735535401 28.0901699437495 44.0
endloop
endfacet
facet normal -0.951056516295153 -0.309016994374951 1.57544233697056e-020
outer loop
vertex 97.9153735535401 28.0901699437495 34.0
vertex 97.7406126555606 28.583679495453 44.0
vertex 97.7406126555606 28.583679495453 34.0
endloop
endfacet
facet normal -0.913545457642602 -0.406736643075799 -5.59863210449411e-020
outer loop
vertex 97.5402629670146 29.067366430758 44.0
vertex 97.7406126555606 28.583679495453 34.0
vertex 97.7406126555606 28.583679495453 44.0
endloop
endfacet
facet normal -0.933580426497202 -0.358367949545299 4.1060297606916e-019
outer loop
vertex 97.7406126555606 28.583679495453 34.0
vertex 97.5402629670146 29.067366430758 44.0
vertex 97.5402629670146 29.067366430758 34.0
endloop
endfacet
facet normal -0.99144486137381 -0.130526192220055 1.11526881402675e-030
outer loop
vertex 76.5028871934524 23.5 38.0
vertex 76.5525483034469 23.1227864195172 34.0
vertex 76.5525483034469 23.1227864195172 38.0
endloop
endfacet
facet normal -0.987688340595138 -0.156434465040231 3.76616546146174e-031
outer loop
vertex 76.5525483034469 23.1227864195172 34.0
vertex 76.5028871934524 23.5 38.0
vertex 76.5028871934524 23.5 34.0
endloop
endfacet
facet normal -0.987688340595138 -0.156434465040231 3.76616546146174e-031
outer loop
vertex 76.5525483034469 23.1227864195172 38.0
vertex 76.6670371817829 22.5050597101869 34.0
vertex 76.6670371817829 22.5050597101869 38.0
endloop
endfacet
facet normal -0.978147600733806 -0.20791169081776 -5.10460132513895e-019
outer loop
vertex 76.6670371817829 22.5050597101869 34.0
vertex 76.5525483034469 23.1227864195172 38.0
vertex 76.5525483034469 23.1227864195172 34.0
endloop
endfacet
facet normal 0.707106781186546 -0.707106781186549 -1.50518117867659e-018
outer loop
vertex 96.8900897648271 16.5147186257614 38.0
vertex 96.4343756668948 16.0822620942713 34.0
vertex 96.8900897648271 16.5147186257614 34.0
endloop
endfacet
facet normal 0.669130606358857 -0.743144825477395 -1.50518117867686e-018
outer loop
vertex 96.4343756668948 16.0822620942713 34.0
vertex 96.8900897648271 16.5147186257614 38.0
vertex 96.4343756668948 16.0822620942713 38.0
endloop
endfacet
facet normal 0.743144825477394 -0.669130606358859 -3.79049843876359e-031
outer loop
vertex 97.3225462963173 16.9704327236937 34.0
vertex 96.8900897648271 16.5147186257614 38.0
vertex 96.8900897648271 16.5147186257614 34.0
endloop
endfacet
facet normal 0.707106781186546 -0.707106781186549 -1.50518117867659e-018
outer loop
vertex 96.8900897648271 16.5147186257614 38.0
vertex 97.3225462963173 16.9704327236937 34.0
vertex 97.3225462963173 16.9704327236937 38.0
endloop
endfacet
facet normal -0.978147600733806 -0.207911690817759 -2.73102197100569e-019
outer loop
vertex 98.1862843979266 27.0791169081776 44.0
vertex 98.2816917965399 26.5643446504023 34.0
vertex 98.2816917965399 26.5643446504023 44.0
endloop
endfacet
facet normal -0.987688340595136 -0.156434465040245 1.4642266966005e-019
outer loop
vertex 98.2816917965399 26.5643446504023 34.0
vertex 98.1862843979266 27.0791169081776 44.0
vertex 98.1862843979266 27.0791169081776 34.0
endloop
endfacet
facet normal -0.965925826289069 -0.258819045102519 -4.09539301520209e-019
outer loop
vertex 98.0640666534792 27.5881904510252 44.0
vertex 98.1862843979266 27.0791169081776 34.0
vertex 98.1862843979266 27.0791169081776 44.0
endloop
endfacet
facet normal -0.978147600733806 -0.207911690817759 -2.73102197100569e-019
outer loop
vertex 98.1862843979266 27.0791169081776 34.0
vertex 98.0640666534792 27.5881904510252 44.0
vertex 98.0640666534792 27.5881904510252 34.0
endloop
endfacet
facet normal 0.978147600733805 -0.20791169081776 -3.98482835361864e-019
outer loop
vertex 100.142579599394 22.5050597101869 34.0
vertex 99.9959183060574 21.8941714587698 38.0
vertex 99.9959183060574 21.8941714587698 34.0
endloop
endfacet
facet normal 0.965925826289069 -0.25881904510252 1.90683762734701e-030
outer loop
vertex 99.9959183060574 21.8941714587698 38.0
vertex 100.142579599394 22.5050597101869 34.0
vertex 100.142579599394 22.5050597101869 38.0
endloop
endfacet
facet normal 0.965925826289069 -0.25881904510252 1.90683762734701e-030
outer loop
vertex 99.9959183060574 21.8941714587698 34.0
vertex 99.8174865861304 21.2917960675006 38.0
vertex 99.8174865861304 21.2917960675006 34.0
endloop
endfacet
facet normal 0.951056516295154 -0.309016994374946 1.90683762734701e-030
outer loop
vertex 99.8174865861304 21.2917960675006 38.0
vertex 99.9959183060574 21.8941714587698 34.0
vertex 99.9959183060574 21.8941714587698 38.0
endloop
endfacet
facet normal 0.978147600733806 0.207911690817758 -1.90451131246938e-030
outer loop
vertex 100.142579599394 27.4949402898131 34.0
vertex 100.25706847773 26.8772135804828 38.0
vertex 100.25706847773 26.8772135804828 34.0
endloop
endfacet
facet normal 0.987688340595137 0.156434465040234 -5.46589992873635e-020
outer loop
vertex 100.25706847773 26.8772135804828 38.0
vertex 100.142579599394 27.4949402898131 34.0
vertex 100.142579599394 27.4949402898131 38.0
endloop
endfacet
facet normal 0.965925826289068 0.258819045102522 6.21038293924168e-019
outer loop
vertex 99.9959183060574 28.1058285412303 34.0
vertex 100.142579599394 27.4949402898131 38.0
vertex 100.142579599394 27.4949402898131 34.0
endloop
endfacet
facet normal 0.978147600733806 0.207911690817758 -1.90451131246938e-030
outer loop
vertex 100.142579599394 27.4949402898131 38.0
vertex 99.9959183060574 28.1058285412303 34.0
vertex 99.9959183060574 28.1058285412303 38.0
endloop
endfacet
facet normal 0.951056516295154 0.309016994374946 6.21038293923936e-019
outer loop
vertex 99.8174865861304 28.7082039324994 34.0
vertex 99.9959183060574 28.1058285412303 38.0
vertex 99.9959183060574 28.1058285412303 34.0
endloop
endfacet
facet normal 0.965925826289068 0.258819045102522 6.21038293924168e-019
outer loop
vertex 99.9959183060574 28.1058285412303 38.0
vertex 99.8174865861304 28.7082039324994 34.0
vertex 99.8174865861304 28.7082039324994 38.0
endloop
endfacet
facet normal 0.933580426497202 0.3583679495453 0.0
outer loop
vertex 99.607773508555 29.3004153945436 34.0
vertex 99.8174865861304 28.7082039324994 38.0
vertex 99.8174865861304 28.7082039324994 34.0
endloop
endfacet
facet normal 0.951056516295154 0.309016994374946 6.21038293923936e-019
outer loop
vertex 99.8174865861304 28.7082039324994 38.0
vertex 99.607773508555 29.3004153945436 34.0
vertex 99.607773508555 29.3004153945436 38.0
endloop
endfacet
facet normal 0.9135454576426 0.406736643075803 0.0
outer loop
vertex 99.3673538822997 29.8808397169096 34.0
vertex 99.607773508555 29.3004153945436 38.0
vertex 99.607773508555 29.3004153945436 34.0
endloop
endfacet
facet normal 0.933580426497202 0.3583679495453 0.0
outer loop
vertex 99.607773508555 29.3004153945436 38.0
vertex 99.3673538822997 29.8808397169096 34.0
vertex 99.3673538822997 29.8808397169096 38.0
endloop
endfacet
facet normal 0.891006524188368 0.453990499739547 -9.60826748440222e-019
outer loop
vertex 99.096886680849 30.4478859968746 34.0
vertex 99.3673538822997 29.8808397169096 38.0
vertex 99.3673538822997 29.8808397169096 34.0
endloop
endfacet
facet normal 0.9135454576426 0.406736643075803 0.0
outer loop
vertex 99.3673538822997 29.8808397169096 38.0
vertex 99.096886680849 30.4478859968746 34.0
vertex 99.096886680849 30.4478859968746 38.0
endloop
endfacet
facet normal 0.866025403784439 0.499999999999999 -9.60826748439702e-019
outer loop
vertex 98.7971132360018 31.0 34.0
vertex 99.096886680849 30.4478859968746 38.0
vertex 99.096886680849 30.4478859968746 34.0
endloop
endfacet
facet normal 0.891006524188368 0.453990499739547 -9.60826748440222e-019
outer loop
vertex 99.096886680849 30.4478859968746 38.0
vertex 98.7971132360018 31.0 34.0
vertex 98.7971132360018 31.0 38.0
endloop
endfacet
facet normal 0.838670567945425 0.544639035015025 -4.36603453456426e-032
outer loop
vertex 98.4688552059336 31.5356684201803 34.0
vertex 98.7971132360018 31.0 38.0
vertex 98.7971132360018 31.0 34.0
endloop
endfacet
facet normal 0.866025403784439 0.499999999999999 -9.60826748439702e-019
outer loop
vertex 98.7971132360018 31.0 38.0
vertex 98.4688552059336 31.5356684201803 34.0
vertex 98.4688552059336 31.5356684201803 38.0
endloop
endfacet
facet normal 0.809016994374948 0.587785252292473 1.73477530042027e-018
outer loop
vertex 98.1130123230879 32.0534230275097 34.0
vertex 98.4688552059336 31.5356684201803 38.0
vertex 98.4688552059336 31.5356684201803 34.0
endloop
endfacet
facet normal 0.838670567945425 0.544639035015025 -4.36603453456426e-032
outer loop
vertex 98.4688552059336 31.5356684201803 38.0
vertex 98.1130123230879 32.0534230275097 34.0
vertex 98.1130123230879 32.0534230275097 38.0
endloop
endfacet
facet normal 0.77714596145697 0.629320391049838 1.73477530042083e-018
outer loop
vertex 97.7305599280722 32.5518446925981 34.0
vertex 98.1130123230879 32.0534230275097 38.0
vertex 98.1130123230879 32.0534230275097 34.0
endloop
endfacet
facet normal 0.809016994374948 0.587785252292473 1.73477530042027e-018
outer loop
vertex 98.1130123230879 32.0534230275097 38.0
vertex 97.7305599280722 32.5518446925981 34.0
vertex 97.7305599280722 32.5518446925981 38.0
endloop
endfacet
facet normal 0.743144825477393 0.669130606358859 -1.58613001103596e-018
outer loop
vertex 97.3225462963173 33.0295672763063 34.0
vertex 97.7305599280722 32.5518446925981 38.0
vertex 97.7305599280722 32.5518446925981 34.0
endloop
endfacet
facet normal 0.77714596145697 0.629320391049838 1.73477530042083e-018
outer loop
vertex 97.7305599280722 32.5518446925981 38.0
vertex 97.3225462963173 33.0295672763063 34.0
vertex 97.3225462963173 33.0295672763063 38.0
endloop
endfacet
facet normal 0.707106781186548 0.707106781186547 -8.0948832359748e-020
outer loop
vertex 96.8900897648271 33.4852813742386 34.0
vertex 97.3225462963173 33.0295672763063 38.0
vertex 97.3225462963173 33.0295672763063 34.0
endloop
endfacet
facet normal 0.743144825477393 0.669130606358859 -1.58613001103596e-018
outer loop
vertex 97.3225462963173 33.0295672763063 38.0
vertex 96.8900897648271 33.4852813742386 34.0
vertex 96.8900897648271 33.4852813742386 38.0
endloop
endfacet
facet normal -0.707106781186548 -0.707106781186547 8.82922390791524e-019
outer loop
vertex 95.475876202454 32.0710678118655 44.0
vertex 95.8362566453625 31.6913060635886 34.0
vertex 95.8362566453625 31.6913060635886 44.0
endloop
endfacet
facet normal -0.743144825477394 -0.669130606358858 6.44407831972447e-019
outer loop
vertex 95.8362566453625 31.6913060635886 34.0
vertex 95.475876202454 32.0710678118655 44.0
vertex 95.475876202454 32.0710678118655 34.0
endloop
endfacet
facet normal -0.743144825477394 -0.669130606358858 6.44407831972447e-019
outer loop
vertex 95.8362566453625 31.6913060635886 44.0
vertex 96.1762680051582 31.2932039104984 34.0
vertex 96.1762680051582 31.2932039104984 44.0
endloop
endfacet
facet normal -0.777145961456971 -0.629320391049837 2.00810998593156e-019
outer loop
vertex 96.1762680051582 31.2932039104984 34.0
vertex 95.8362566453625 31.6913060635886 44.0
vertex 95.8362566453625 31.6913060635886 34.0
endloop
endfacet
facet normal -0.777145961456971 -0.629320391049837 2.00810998593156e-019
outer loop
vertex 96.1762680051582 31.2932039104984 44.0
vertex 96.494978334338 30.8778525229247 34.0
vertex 96.494978334338 30.8778525229247 44.0
endloop
endfacet
facet normal -0.809016994374948 -0.587785252292472 4.135226645671e-019
outer loop
vertex 96.494978334338 30.8778525229247 34.0
vertex 96.1762680051582 31.2932039104984 44.0
vertex 96.1762680051582 31.2932039104984 34.0
endloop
endfacet
facet normal -0.809016994374948 -0.587785252292472 4.135226645671e-019
outer loop
vertex 96.494978334338 30.8778525229247 44.0
vertex 96.7915140700428 30.4463903501503 34.0
vertex 96.7915140700428 30.4463903501503 44.0
endloop
endfacet
facet normal -0.838670567945425 -0.544639035015026 4.99468334214557e-019
outer loop
vertex 96.7915140700428 30.4463903501503 34.0
vertex 96.494978334338 30.8778525229247 44.0
vertex 96.494978334338 30.8778525229247 34.0
endloop
endfacet
facet normal -0.838670567945425 -0.544639035015026 4.99468334214557e-019
outer loop
vertex 96.7915140700428 30.4463903501503 44.0
vertex 97.0650624284329 30.0 34.0
vertex 97.0650624284329 30.0 44.0
endloop
endfacet
facet normal -0.866025403784438 -0.500000000000001 -1.87727782171511e-019
outer loop
vertex 97.0650624284329 30.0 34.0
vertex 96.7915140700428 30.4463903501503 44.0
vertex 96.7915140700428 30.4463903501503 34.0
endloop
endfacet
facet normal -0.866025403784438 -0.500000000000001 -1.87727782171511e-019
outer loop
vertex 97.0650624284329 30.0 44.0
vertex 97.3148736324722 29.5399049973955 34.0
vertex 97.3148736324722 29.5399049973955 44.0
endloop
endfacet
facet normal -0.891006524188368 -0.453990499739546 -8.05893806198693e-019
outer loop
vertex 97.3148736324722 29.5399049973955 34.0
vertex 97.0650624284329 30.0 44.0
vertex 97.0650624284329 30.0 34.0
endloop
endfacet
facet normal -0.838670567945426 0.544639035015024 5.0690259427011e-021
outer loop
vertex 96.7915140700428 19.5536096498497 44.0
vertex 96.494978334338 19.1221474770753 34.0
vertex 96.494978334338 19.1221474770753 44.0
endloop
endfacet
facet normal -0.809016994374946 0.587785252292476 -4.28581916176906e-019
outer loop
vertex 96.494978334338 19.1221474770753 34.0
vertex 96.7915140700428 19.5536096498497 44.0
vertex 96.7915140700428 19.5536096498497 34.0
endloop
endfacet
facet normal -0.866025403784439 0.499999999999999 3.21228981455485e-019
outer loop
vertex 97.0650624284329 20.0 44.0
vertex 96.7915140700428 19.5536096498497 34.0
vertex 96.7915140700428 19.5536096498497 44.0
endloop
endfacet
facet normal -0.838670567945426 0.544639035015024 5.0690259427011e-021
outer loop
vertex 96.7915140700428 19.5536096498497 34.0
vertex 97.0650624284329 20.0 44.0
vertex 97.0650624284329 20.0 34.0
endloop
endfacet
facet normal -0.991444861373808 0.130526192220071 -1.15337625713437e-020
outer loop
vertex 98.2901629304718 23.5 44.0
vertex 98.2816917965399 23.4356553495977 34.0
vertex 98.2816917965399 23.4356553495977 44.0
endloop
endfacet
facet normal -0.987688340595136 0.15643446504024 -2.67963685748989e-019
outer loop
vertex 98.2816917965399 23.4356553495977 34.0
vertex 98.2901629304718 23.5 44.0
vertex 98.2901629304718 23.5 34.0
endloop
endfacet
facet normal -0.987688340595136 0.15643446504024 -2.67963685748981e-019
outer loop
vertex 98.2816917965399 23.4356553495977 44.0
vertex 98.1862843979266 22.9208830918224 34.0
vertex 98.1862843979266 22.9208830918224 44.0
endloop
endfacet
facet normal -0.978147600733806 0.20791169081776 -1.82624084227293e-019
outer loop
vertex 98.1862843979266 22.9208830918224 34.0
vertex 98.2816917965399 23.4356553495977 44.0
vertex 98.2816917965399 23.4356553495977 34.0
endloop
endfacet
facet normal -0.978147600733806 0.20791169081776 -1.82624084227293e-019
outer loop
vertex 98.1862843979266 22.9208830918224 44.0
vertex 98.0640666534792 22.4118095489748 34.0
vertex 98.0640666534792 22.4118095489748 44.0
endloop
endfacet
facet normal -0.965925826289069 0.25881904510252 2.65777795182534e-019
outer loop
vertex 98.0640666534792 22.4118095489748 34.0
vertex 98.1862843979266 22.9208830918224 44.0
vertex 98.1862843979266 22.9208830918224 34.0
endloop
endfacet
facet normal -0.965925826289069 0.25881904510252 2.65777795182534e-019
outer loop
vertex 98.0640666534792 22.4118095489748 44.0
vertex 97.9153735535401 21.9098300562505 34.0
vertex 97.9153735535401 21.9098300562505 44.0
endloop
endfacet
facet normal -0.951056516295153 0.30901699437495 6.75231021966822e-020
outer loop
vertex 97.9153735535401 21.9098300562505 34.0
vertex 98.0640666534792 22.4118095489748 44.0
vertex 98.0640666534792 22.4118095489748 34.0
endloop
endfacet
facet normal -0.951056516295153 0.30901699437495 6.75231021966822e-020
outer loop
vertex 97.9153735535401 21.9098300562505 44.0
vertex 97.7406126555606 21.416320504547 34.0
vertex 97.7406126555606 21.416320504547 44.0
endloop
endfacet
facet normal -0.933580426497201 0.358367949545303 1.81619097985054e-019
outer loop
vertex 97.7406126555606 21.416320504547 34.0
vertex 97.9153735535401 21.9098300562505 44.0
vertex 97.9153735535401 21.9098300562505 34.0
endloop
endfacet
facet normal -0.933580426497201 0.358367949545303 1.81619097985054e-019
outer loop
vertex 97.7406126555606 21.416320504547 44.0
vertex 97.5402629670146 20.932633569242 34.0
vertex 97.5402629670146 20.932633569242 44.0
endloop
endfacet
facet normal -0.913545457642602 0.406736643075797 3.07691858846265e-019
outer loop
vertex 97.5402629670146 20.932633569242 34.0
vertex 97.7406126555606 21.416320504547 44.0
vertex 97.7406126555606 21.416320504547 34.0
endloop
endfacet
facet normal -0.913545457642602 0.406736643075797 3.07691858846265e-019
outer loop
vertex 97.5402629670146 20.932633569242 44.0
vertex 97.3148736324722 20.4600950026045 34.0
vertex 97.3148736324722 20.4600950026045 44.0
endloop
endfacet
facet normal -0.891006524188368 0.453990499739547 1.77041065810126e-019
outer loop
vertex 97.3148736324722 20.4600950026045 34.0
vertex 97.5402629670146 20.932633569242 44.0
vertex 97.5402629670146 20.932633569242 34.0
endloop
endfacet
facet normal -0.891006524188368 0.453990499739547 1.77041065810126e-019
outer loop
vertex 97.3148736324722 20.4600950026045 44.0
vertex 97.0650624284329 20.0 34.0
vertex 97.0650624284329 20.0 44.0
endloop
endfacet
facet normal -0.866025403784439 0.499999999999999 3.21228981455485e-019
outer loop
vertex 97.0650624284329 20.0 34.0
vertex 97.3148736324722 20.4600950026045 44.0
vertex 97.3148736324722 20.4600950026045 34.0
endloop
endfacet
facet normal -0.809016994374946 0.587785252292476 -4.28581916176906e-019
outer loop
vertex 96.494978334338 19.1221474770753 44.0
vertex 96.1762680051582 18.7067960895016 34.0
vertex 96.1762680051582 18.7067960895016 44.0
endloop
endfacet
facet normal -0.77714596145697 0.629320391049839 -3.01799579584056e-019
outer loop
vertex 96.1762680051582 18.7067960895016 34.0
vertex 96.494978334338 19.1221474770753 44.0
vertex 96.494978334338 19.1221474770753 34.0
endloop
endfacet
facet normal -0.77714596145697 0.629320391049839 -3.01799579584056e-019
outer loop
vertex 96.1762680051582 18.7067960895016 44.0
vertex 95.8362566453625 18.3086939364114 34.0
vertex 95.8362566453625 18.3086939364114 44.0
endloop
endfacet
facet normal -0.743144825477394 0.669130606358858 -1.31442301078632e-020
outer loop
vertex 95.8362566453625 18.3086939364114 34.0
vertex 96.1762680051582 18.7067960895016 44.0
vertex 96.1762680051582 18.7067960895016 34.0
endloop
endfacet
facet normal 0.669130606358858 0.743144825477395 1.50518117867697e-018
outer loop
vertex 96.4343756668948 33.9177379057287 38.0
vertex 96.8900897648271 33.4852813742386 34.0
vertex 96.4343756668948 33.9177379057287 34.0
endloop
endfacet
facet normal 0.707106781186548 0.707106781186547 -8.0948832359748e-020
outer loop
vertex 96.8900897648271 33.4852813742386 34.0
vertex 96.4343756668948 33.9177379057287 38.0
vertex 96.8900897648271 33.4852813742386 38.0
endloop
endfacet
facet normal 0.629320391049837 0.777145961456971 5.72570560032757e-031
outer loop
vertex 95.9566530831866 34.3257515374837 38.0
vertex 96.4343756668948 33.9177379057287 34.0
vertex 95.9566530831866 34.3257515374837 34.0
endloop
endfacet
facet normal 0.669130606358858 0.743144825477395 1.50518117867697e-018
outer loop
vertex 96.4343756668948 33.9177379057287 34.0
vertex 95.9566530831866 34.3257515374837 38.0
vertex 96.4343756668948 33.9177379057287 38.0
endloop
endfacet
facet normal 0.587785252292476 0.809016994374945 1.2385245009009e-018
outer loop
vertex 95.4582314180982 34.7082039324994 38.0
vertex 95.9566530831866 34.3257515374837 34.0
vertex 95.4582314180982 34.7082039324994 34.0
endloop
endfacet
facet normal 0.629320391049837 0.777145961456971 5.72570560032757e-031
outer loop
vertex 95.9566530831866 34.3257515374837 34.0
vertex 95.4582314180982 34.7082039324994 38.0
vertex 95.9566530831866 34.3257515374837 38.0
endloop
endfacet
facet normal 0.544639035015029 0.838670567945423 1.23852450090278e-018
outer loop
vertex 94.9404768107689 35.0640468153451 38.0
vertex 95.4582314180982 34.7082039324994 34.0
vertex 94.9404768107689 35.0640468153451 34.0
endloop
endfacet
facet normal 0.587785252292476 0.809016994374945 1.2385245009009e-018
outer loop
vertex 95.4582314180982 34.7082039324994 34.0
vertex 94.9404768107689 35.0640468153451 38.0
vertex 95.4582314180982 34.7082039324994 38.0
endloop
endfacet
facet normal -0.978147600733806 -0.20791169081776 -5.10460132513895e-019
outer loop
vertex 76.6670371817829 22.5050597101869 38.0
vertex 76.8136984751197 21.8941714587698 34.0
vertex 76.8136984751197 21.8941714587698 38.0
endloop
endfacet
facet normal -0.965925826289069 -0.25881904510252 1.15887323318468e-018
outer loop
vertex 76.8136984751197 21.8941714587698 34.0
vertex 76.6670371817829 22.5050597101869 38.0
vertex 76.6670371817829 22.5050597101869 34.0
endloop
endfacet
facet normal -0.965925826289069 -0.25881904510252 1.15887323318468e-018
outer loop
vertex 76.8136984751197 21.8941714587698 38.0
vertex 76.9921301950467 21.2917960675006 34.0
vertex 76.9921301950467 21.2917960675006 38.0
endloop
endfacet
facet normal -0.951056516295154 -0.309016994374945 2.69994046902247e-018
outer loop
vertex 76.9921301950467 21.2917960675006 34.0
vertex 76.8136984751197 21.8941714587698 38.0
vertex 76.8136984751197 21.8941714587698 34.0
endloop
endfacet
facet normal -0.951056516295154 -0.309016994374945 2.69994046902247e-018
outer loop
vertex 76.9921301950467 21.2917960675006 38.0
vertex 77.2018432726221 20.6995846054564 34.0
vertex 77.2018432726221 20.6995846054564 38.0
endloop
endfacet
facet normal -0.933580426497202 -0.358367949545301 1.93817576347391e-019
outer loop
vertex 77.2018432726221 20.6995846054564 34.0
vertex 76.9921301950467 21.2917960675006 38.0
vertex 76.9921301950467 21.2917960675006 34.0
endloop
endfacet
facet normal -0.933580426497202 -0.358367949545301 1.93817576347391e-019
outer loop
vertex 77.2018432726221 20.6995846054564 38.0
vertex 77.4422628988773 20.1191602830904 34.0
vertex 77.4422628988773 20.1191602830904 38.0
endloop
endfacet
facet normal -0.913545457642601 -0.406736643075801 -8.36789526976471e-019
outer loop
vertex 77.4422628988773 20.1191602830904 34.0
vertex 77.2018432726221 20.6995846054564 38.0
vertex 77.2018432726221 20.6995846054564 34.0
endloop
endfacet
facet normal -0.617099414281724 -0.762054311995946 -0.196116135138184
outer loop
vertex 80.4753714633606 15.2079608856422 41.0
vertex 80.3752411142822 16.0822620942713 38.0
vertex 80.8529636979905 15.6742484625163 38.0
endloop
endfacet
facet normal -0.656136542108842 -0.728713455102836 -0.196116135138185
outer loop
vertex 80.3752411142822 16.0822620942713 38.0
vertex 80.4753714633606 15.2079608856422 41.0
vertex 79.9737627504669 15.6363751989848 41.0
endloop
endfacet
facet normal -0.656136542108842 -0.728713455102836 -0.196116135138185
outer loop
vertex 79.9737627504669 15.6363751989848 41.0
vertex 79.91952701635 16.5147186257614 38.0
vertex 80.3752411142822 16.0822620942713 38.0
endloop
endfacet
facet normal -0.693375245281536 -0.693375245281536 -0.196116135138185
outer loop
vertex 79.91952701635 16.5147186257614 38.0
vertex 79.9737627504669 15.6363751989848 41.0
vertex 79.495262947638 16.0904545570495 41.0
endloop
endfacet
facet normal 0.445174310991862 -0.873703779533648 -0.196116135138185
outer loop
vertex 94.1250886873068 13.7733177952266 41.0
vertex 93.2856481074981 14.0374545082888 38.0
vertex 93.8526943874631 14.3079217097396 38.0
endloop
endfacet
facet normal 0.398838092295523 -0.895805022129553 -0.196116135138185
outer loop
vertex 93.2856481074981 14.0374545082888 38.0
vertex 94.1250886873068 13.7733177952266 41.0
vertex 93.5296900933436 13.4893272337032 41.0
endloop
endfacet
facet normal 0.398838092295523 -0.895805022129553 -0.196116135138185
outer loop
vertex 93.5296900933436 13.4893272337032 41.0
vertex 92.7052237851321 13.7970348820336 38.0
vertex 93.2856481074981 14.0374545082888 38.0
endloop
endfacet
facet normal 0.3514086861111 -0.915450925426444 -0.196116135138184
outer loop
vertex 92.7052237851321 13.7970348820336 38.0
vertex 93.5296900933436 13.4893272337032 41.0
vertex 92.9202445548593 13.2368866261353 41.0
endloop
endfacet
facet normal -0.849207775608448 -0.490290337845458 -0.196116135138185
outer loop
vertex 77.4928883029046 18.7 41.0
vertex 78.3407615752434 18.4643315798197 38.0
vertex 77.8375592344762 18.1375481588107 41.0
endloop
endfacet
facet normal -0.822384152198012 -0.534062512962685 -0.196116135138185
outer loop
vertex 78.3407615752434 18.4643315798197 38.0
vertex 77.4928883029046 18.7 41.0
vertex 78.0125035451753 19.0 38.0
endloop
endfacet
facet normal -0.873703779533648 -0.445174310991864 -0.196116135138185
outer loop
vertex 77.1781261858151 19.2797197032817 41.0
vertex 78.0125035451753 19.0 38.0
vertex 77.4928883029046 18.7 41.0
endloop
endfacet
facet normal -0.849207775608448 -0.490290337845458 -0.196116135138185
outer loop
vertex 78.0125035451753 19.0 38.0
vertex 77.1781261858151 19.2797197032817 41.0
vertex 77.7127301003281 19.5521140031254 38.0
endloop
endfacet
facet normal 0.915450925426443 -0.351408686111101 -0.196116135138184
outer loop
vertex 99.607773508555 20.6995846054564 38.0
vertex 100.388120495907 21.1063858708757 41.0
vertex 100.167921764453 20.4845638357292 41.0
endloop
endfacet
facet normal 0.932587641368955 -0.303016093144163 -0.196116135138184
outer loop
vertex 100.388120495907 21.1063858708757 41.0
vertex 99.607773508555 20.6995846054564 38.0
vertex 99.8174865861304 21.2917960675006 38.0
endloop
endfacet
facet normal 0.895805022129553 -0.398838092295523 -0.196116135138183
outer loop
vertex 99.3673538822998 20.1191602830904 38.0
vertex 100.167921764453 20.4845638357292 41.0
vertex 99.9154811568853 19.8751182972449 41.0
endloop
endfacet
facet normal 0.915450925426443 -0.351408686111101 -0.196116135138184
outer loop
vertex 100.167921764453 20.4845638357292 41.0
vertex 99.3673538822998 20.1191602830904 38.0
vertex 99.607773508555 20.6995846054564 38.0
endloop
endfacet
facet normal -0.793306430989624 -0.576370859854111 -0.196116135138185
outer loop
vertex 78.2111942614642 17.5939058211148 41.0
vertex 79.0790568531049 17.4481553074019 38.0
vertex 78.6127692762307 17.0705630727721 41.0
endloop
endfacet
facet normal -0.762054311995946 -0.617099414281724 -0.196116135138184
outer loop
vertex 79.0790568531049 17.4481553074019 38.0
vertex 78.2111942614642 17.5939058211148 41.0
vertex 78.6966044580892 17.9465769724903 38.0
endloop
endfacet
facet normal -0.822384152198012 -0.534062512962685 -0.196116135138185
outer loop
vertex 77.8375592344762 18.1375481588107 41.0
vertex 78.6966044580892 17.9465769724903 38.0
vertex 78.2111942614642 17.5939058211148 41.0
endloop
endfacet
facet normal -0.793306430989624 -0.576370859854111 -0.196116135138185
outer loop
vertex 78.6966044580892 17.9465769724903 38.0
vertex 77.8375592344762 18.1375481588107 41.0
vertex 78.3407615752434 18.4643315798197 38.0
endloop
endfacet
facet normal 0.873703779533649 -0.445174310991862 -0.196116135138183
outer loop
vertex 99.096886680849 19.5521140031254 38.0
vertex 99.9154811568853 19.8751182972449 41.0
vertex 99.631490595362 19.2797197032817 41.0
endloop
endfacet
facet normal 0.895805022129553 -0.398838092295523 -0.196116135138183
outer loop
vertex 99.9154811568853 19.8751182972449 41.0
vertex 99.096886680849 19.5521140031254 38.0
vertex 99.3673538822998 20.1191602830904 38.0
endloop
endfacet
facet normal 0.849207775608448 -0.490290337845459 -0.196116135138184
outer loop
vertex 98.7971132360018 19.0 38.0
vertex 99.631490595362 19.2797197032817 41.0
vertex 99.3167284782725 18.7 41.0
endloop
endfacet
facet normal 0.873703779533649 -0.445174310991862 -0.196116135138183
outer loop
vertex 99.631490595362 19.2797197032817 41.0
vertex 98.7971132360018 19.0 38.0
vertex 99.096886680849 19.5521140031254 38.0
endloop
endfacet
facet normal 0.3514086861111 -0.915450925426444 -0.196116135138184
outer loop
vertex 92.9202445548593 13.2368866261353 41.0
vertex 92.1130123230879 13.5873218044582 38.0
vertex 92.7052237851321 13.7970348820336 38.0
endloop
endfacet
facet normal 0.303016093144165 -0.932587641368954 -0.196116135138184
outer loop
vertex 92.1130123230879 13.5873218044582 38.0
vertex 92.9202445548593 13.2368866261353 41.0
vertex 92.2984225197129 13.0166878946811 41.0
endloop
endfacet
facet normal 0.303016093144165 -0.932587641368954 -0.196116135138184
outer loop
vertex 92.2984225197129 13.0166878946811 41.0
vertex 91.5106369318188 13.4088900845312 38.0
vertex 92.1130123230879 13.5873218044582 38.0
endloop
endfacet
facet normal 0.253792954128308 -0.947168199409845 -0.196116135138185
outer loop
vertex 91.5106369318188 13.4088900845312 38.0
vertex 92.2984225197129 13.0166878946811 41.0
vertex 91.6659283588803 12.8293345887577 41.0
endloop
endfacet
facet normal 0.82238415219801 -0.534062512962688 -0.196116135138184
outer loop
vertex 98.4688552059336 18.4643315798197 38.0
vertex 99.3167284782725 18.7 41.0
vertex 98.9720575467009 18.1375481588107 41.0
endloop
endfacet
facet normal 0.849207775608448 -0.490290337845459 -0.196116135138184
outer loop
vertex 99.3167284782725 18.7 41.0
vertex 98.4688552059336 18.4643315798197 38.0
vertex 98.7971132360018 19.0 38.0
endloop
endfacet
facet normal 0.793306430989623 -0.576370859854112 -0.196116135138183
outer loop
vertex 98.1130123230879 17.9465769724903 38.0
vertex 98.9720575467009 18.1375481588107 41.0
vertex 98.5984225197129 17.5939058211148 41.0
endloop
endfacet
facet normal 0.822384152198011 -0.534062512962688 -0.196116135138184
outer loop
vertex 98.9720575467009 18.1375481588107 41.0
vertex 98.1130123230879 17.9465769724903 38.0
vertex 98.4688552059336 18.4643315798197 38.0
endloop
endfacet
facet normal -0.728713455102834 -0.656136542108844 -0.196116135138185
outer loop
vertex 79.0411835895734 16.5689543598784 41.0
vertex 79.91952701635 16.5147186257614 38.0
vertex 79.495262947638 16.0904545570495 41.0
endloop
endfacet
facet normal -0.693375245281536 -0.693375245281536 -0.196116135138185
outer loop
vertex 79.91952701635 16.5147186257614 38.0
vertex 79.0411835895734 16.5689543598784 41.0
vertex 79.4870704848598 16.9704327236937 38.0
endloop
endfacet
facet normal -0.762054311995946 -0.617099414281724 -0.196116135138184
outer loop
vertex 78.6127692762307 17.0705630727721 41.0
vertex 79.4870704848598 16.9704327236937 38.0
vertex 79.0411835895734 16.5689543598784 41.0
endloop
endfacet
facet normal -0.728713455102834 -0.656136542108845 -0.196116135138185
outer loop
vertex 79.4870704848598 16.9704327236937 38.0
vertex 78.6127692762307 17.0705630727721 41.0
vertex 79.0790568531049 17.4481553074019 38.0
endloop
endfacet
facet normal 0.253792954128307 -0.947168199409845 -0.196116135138185
outer loop
vertex 91.6659283588803 12.8293345887577 41.0
vertex 90.8997486804016 13.2622287911943 38.0
vertex 91.5106369318188 13.4088900845312 38.0
endloop
endfacet
facet normal 0.20387418626612 -0.959152635253007 -0.196116135138185
outer loop
vertex 90.8997486804016 13.2622287911943 38.0
vertex 91.6659283588803 12.8293345887577 41.0
vertex 91.0244956948923 12.675340230754 41.0
endloop
endfacet
facet normal 0.20387418626612 -0.959152635253008 -0.196116135138185
outer loop
vertex 91.0244956948923 12.675340230754 41.0
vertex 90.2820219710713 13.1477399128583 38.0
vertex 90.8997486804016 13.2622287911943 38.0
endloop
endfacet
facet normal 0.153396613430498 -0.968508100392824 -0.196116135138184
outer loop
vertex 90.2820219710713 13.1477399128583 38.0
vertex 91.0244956948923 12.675340230754 41.0
vertex 90.3758826500954 12.5551269085013 41.0
endloop
endfacet
facet normal -0.947168199409845 -0.253792954128308 -0.196116135138184
outer loop
vertex 76.2341429793463 21.7388800317082 41.0
vertex 76.9921301950467 21.2917960675006 38.0
vertex 76.4214962852696 21.1063858708757 41.0
endloop
endfacet
facet normal -0.932587641368955 -0.303016093144161 -0.196116135138184
outer loop
vertex 76.9921301950467 21.2917960675006 38.0
vertex 76.2341429793463 21.7388800317082 41.0
vertex 76.8136984751197 21.8941714587698 38.0
endloop
endfacet
facet normal -0.959152635253007 -0.203874186266121 -0.196116135138185
outer loop
vertex 76.0801486213426 22.3803126956962 41.0
vertex 76.8136984751197 21.8941714587698 38.0
vertex 76.2341429793463 21.7388800317082 41.0
endloop
endfacet
facet normal -0.947168199409845 -0.253792954128308 -0.196116135138184
outer loop
vertex 76.8136984751197 21.8941714587698 38.0
vertex 76.0801486213426 22.3803126956962 41.0
vertex 76.6670371817829 22.5050597101869 38.0
endloop
endfacet
facet normal -0.127993148409788 -0.972204483434248 0.196051514532525
outer loop
vertex 86.9048083905885 13.0980788028639 44.0
vertex 86.7 12.5200723418359 41.0
vertex 86.9048083905885 12.493108805688 41.0
endloop
endfacet
facet normal -0.127993148409788 -0.972204483434248 0.196051514532525
outer loop
vertex 86.7 12.5200723418359 41.0
vertex 86.9048083905885 13.0980788028639 44.0
vertex 86.4337341310816 12.5551269085013 41.0
endloop
endfacet
facet normal -0.153396613430498 -0.968508100392824 0.196116135138185
outer loop
vertex 86.4337341310816 12.5551269085013 41.0
vertex 86.9048083905885 13.0980788028639 44.0
vertex 86.5275948101058 13.1477399128583 44.0
endloop
endfacet
facet normal -0.153396613430498 -0.968508100392824 0.196116135138184
outer loop
vertex 86.5275948101058 13.1477399128583 44.0
vertex 85.7851210862848 12.675340230754 41.0
vertex 86.4337341310816 12.5551269085013 41.0
endloop
endfacet
facet normal -0.203874186266121 -0.959152635253007 0.196116135138185
outer loop
vertex 85.7851210862848 12.675340230754 41.0
vertex 86.5275948101058 13.1477399128583 44.0
vertex 85.9098681007754 13.2622287911943 44.0
endloop
endfacet
facet normal -0.351408686111099 0.915450925426444 -0.196116135138184
outer loop
vertex 83.8893722263178 36.7631133738647 41.0
vertex 84.6966044580892 36.4126781955418 38.0
vertex 84.1043929960449 36.2029651179664 38.0
endloop
endfacet
facet normal -0.303016093144161 0.932587641368955 -0.196116135138184
outer loop
vertex 84.6966044580892 36.4126781955418 38.0
vertex 83.8893722263178 36.7631133738647 41.0
vertex 84.5111942614642 36.9833121053189 41.0
endloop
endfacet
facet normal -0.303016093144161 0.932587641368955 -0.196116135138184
outer loop
vertex 84.5111942614642 36.9833121053189 41.0
vertex 85.2989798493583 36.5911099154688 38.0
vertex 84.6966044580892 36.4126781955418 38.0
endloop
endfacet
facet normal -0.253792954128309 0.947168199409845 -0.196116135138184
outer loop
vertex 85.2989798493583 36.5911099154688 38.0
vertex 84.5111942614642 36.9833121053189 41.0
vertex 85.1436884222968 37.1706654112423 41.0
endloop
endfacet
facet normal -0.932587641368955 -0.303016093144161 -0.196116135138184
outer loop
vertex 76.4214962852696 21.1063858708757 41.0
vertex 77.2018432726221 20.6995846054564 38.0
vertex 76.6416950167238 20.4845638357292 41.0
endloop
endfacet
facet normal -0.915450925426444 -0.351408686111099 -0.196116135138184
outer loop
vertex 77.2018432726221 20.6995846054564 38.0
vertex 76.4214962852696 21.1063858708757 41.0
vertex 76.9921301950467 21.2917960675006 38.0
endloop
endfacet
facet normal -0.915450925426444 -0.351408686111099 -0.196116135138184
outer loop
vertex 76.6416950167238 20.4845638357292 41.0
vertex 77.4422628988773 20.1191602830904 38.0
vertex 76.8941356242918 19.8751182972449 41.0
endloop
endfacet
facet normal -0.895805022129552 -0.398838092295525 -0.196116135138185
outer loop
vertex 77.4422628988773 20.1191602830904 38.0
vertex 76.6416950167238 20.4845638357292 41.0
vertex 77.2018432726221 20.6995846054564 38.0
endloop
endfacet
facet normal -0.987688340595138 0.156434465040232 -5.37505245465725e-019
outer loop
vertex 76.5525483034469 26.8772135804828 38.0
vertex 76.5028871934524 26.5 34.0
vertex 76.5028871934524 26.5 38.0
endloop
endfacet
facet normal -0.99144486137381 0.130526192220052 9.85522336940378e-031
outer loop
vertex 76.5028871934524 26.5 34.0
vertex 76.5525483034469 26.8772135804828 38.0
vertex 76.5525483034469 26.8772135804828 34.0
endloop
endfacet
facet normal -0.978147600733806 0.20791169081776 -5.95037731594054e-021
outer loop
vertex 76.6670371817829 27.4949402898131 38.0
vertex 76.5525483034469 26.8772135804828 34.0
vertex 76.5525483034469 26.8772135804828 38.0
endloop
endfacet
facet normal -0.987688340595138 0.156434465040232 -5.37505245465725e-019
outer loop
vertex 76.5525483034469 26.8772135804828 34.0
vertex 76.6670371817829 27.4949402898131 38.0
vertex 76.6670371817829 27.4949402898131 34.0
endloop
endfacet
facet normal -0.253792954128309 0.947168199409845 -0.196116135138184
outer loop
vertex 85.1436884222968 37.1706654112423 41.0
vertex 85.9098681007754 36.7377712088057 38.0
vertex 85.2989798493583 36.5911099154688 38.0
endloop
endfacet
facet normal -0.203874186266119 0.959152635253008 -0.196116135138183
outer loop
vertex 85.9098681007754 36.7377712088057 38.0
vertex 85.1436884222968 37.1706654112423 41.0
vertex 85.7851210862848 37.3246597692459 41.0
endloop
endfacet
facet normal -0.203874186266119 0.959152635253008 -0.196116135138183
outer loop
vertex 85.7851210862848 37.3246597692459 41.0
vertex 86.5275948101058 36.8522600871417 38.0
vertex 85.9098681007754 36.7377712088057 38.0
endloop
endfacet
facet normal -0.153396613430501 0.968508100392823 -0.196116135138183
outer loop
vertex 86.5275948101058 36.8522600871417 38.0
vertex 85.7851210862848 37.3246597692459 41.0
vertex 86.4337341310816 37.4448730914987 41.0
endloop
endfacet
facet normal 0.130526192220059 0.991444861373809 -1.09280538030762e-019
outer loop
vertex 89.9048083905885 36.9019211971361 34.0
vertex 90.2820219710713 36.8522600871417 38.0
vertex 90.2820219710713 36.8522600871417 34.0
endloop
endfacet
facet normal 0.156434465040234 0.987688340595137 -5.46589992894797e-020
outer loop
vertex 90.2820219710713 36.8522600871417 38.0
vertex 89.9048083905885 36.9019211971361 34.0
vertex 89.9048083905885 36.9019211971361 38.0
endloop
endfacet
facet normal 0.156434465040234 0.987688340595137 -5.46589992894797e-020
outer loop
vertex 90.2820219710713 36.8522600871417 38.0
vertex 90.8997486804016 36.7377712088057 34.0
vertex 90.2820219710713 36.8522600871417 34.0
endloop
endfacet
facet normal 0.207911690817761 0.978147600733805 -1.81209013754577e-031
outer loop
vertex 90.8997486804016 36.7377712088057 34.0
vertex 90.2820219710713 36.8522600871417 38.0
vertex 90.8997486804016 36.7377712088057 38.0
endloop
endfacet
facet normal 0.127993148409791 0.972204483434248 -0.196051514532524
outer loop
vertex 89.9048083905885 37.506891194312 41.0
vertex 90.2820219710713 36.8522600871417 38.0
vertex 89.9048083905885 36.9019211971361 38.0
endloop
endfacet
facet normal 0.153396613430501 0.968508100392823 -0.196116135138183
outer loop
vertex 90.2820219710713 36.8522600871417 38.0
vertex 89.9048083905885 37.506891194312 41.0
vertex 90.3758826500954 37.4448730914987 41.0
endloop
endfacet
facet normal 0.153396613430501 0.968508100392824 -0.196116135138183
outer loop
vertex 90.3758826500954 37.4448730914987 41.0
vertex 90.8997486804016 36.7377712088057 38.0
vertex 90.2820219710713 36.8522600871417 38.0
endloop
endfacet
facet normal 0.20387418626612 0.959152635253008 -0.196116135138183
outer loop
vertex 90.8997486804016 36.7377712088057 38.0
vertex 90.3758826500954 37.4448730914987 41.0
vertex 91.0244956948923 37.3246597692459 41.0
endloop
endfacet
facet normal -0.13052619222006 -0.991444861373809 1.29746477086376e-031
outer loop
vertex 86.9048083905885 13.0980788028639 38.0
vertex 86.5275948101058 13.1477399128583 34.0
vertex 86.9048083905885 13.0980788028639 34.0
endloop
endfacet
facet normal -0.156434465040234 -0.987688340595137 6.4895476602219e-032
outer loop
vertex 86.5275948101058 13.1477399128583 34.0
vertex 86.9048083905885 13.0980788028639 38.0
vertex 86.5275948101058 13.1477399128583 38.0
endloop
endfacet
facet normal -0.156434465040234 -0.987688340595137 6.4895476602219e-032
outer loop
vertex 86.5275948101058 13.1477399128583 38.0
vertex 85.9098681007754 13.2622287911943 34.0
vertex 86.5275948101058 13.1477399128583 34.0
endloop
endfacet
facet normal -0.20791169081776 -0.978147600733806 0.0
outer loop
vertex 85.9098681007754 13.2622287911943 34.0
vertex 86.5275948101058 13.1477399128583 38.0
vertex 85.9098681007754 13.2622287911943 38.0
endloop
endfacet
facet normal -0.913545457642601 -0.406736643075801 -8.36789526976471e-019
outer loop
vertex 77.4422628988773 20.1191602830904 38.0
vertex 77.7127301003281 19.5521140031254 34.0
vertex 77.7127301003281 19.5521140031254 38.0
endloop
endfacet
facet normal -0.891006524188368 -0.453990499739546 -2.22890379835923e-031
outer loop
vertex 77.7127301003281 19.5521140031254 34.0
vertex 77.4422628988773 20.1191602830904 38.0
vertex 77.4422628988773 20.1191602830904 34.0
endloop
endfacet
facet normal -0.891006524188368 -0.453990499739546 -2.22890379835923e-031
outer loop
vertex 77.7127301003281 19.5521140031254 38.0
vertex 78.0125035451753 19.0 34.0
vertex 78.0125035451753 19.0 38.0
endloop
endfacet
facet normal -0.866025403784439 -0.499999999999999 -4.36933418514444e-031
outer loop
vertex 78.0125035451753 19.0 34.0
vertex 77.7127301003281 19.5521140031254 38.0
vertex 77.7127301003281 19.5521140031254 34.0
endloop
endfacet
facet normal -0.866025403784439 -0.499999999999999 -4.36933418514444e-031
outer loop
vertex 78.0125035451753 19.0 38.0
vertex 78.3407615752434 18.4643315798197 34.0
vertex 78.3407615752434 18.4643315798197 38.0
endloop
endfacet
facet normal -0.838670567945424 -0.544639035015027 -4.09741990334232e-031
outer loop
vertex 78.3407615752434 18.4643315798197 34.0
vertex 78.0125035451753 19.0 38.0
vertex 78.0125035451753 19.0 34.0
endloop
endfacet
facet normal -0.838670567945424 -0.544639035015027 -4.09741990334232e-031
outer loop
vertex 78.3407615752434 18.4643315798197 38.0
vertex 78.6966044580892 17.9465769724903 34.0
vertex 78.6966044580892 17.9465769724903 38.0
endloop
endfacet
facet normal -0.809016994374949 -0.587785252292472 -4.09741990334232e-031
outer loop
vertex 78.6966044580892 17.9465769724903 34.0
vertex 78.3407615752434 18.4643315798197 38.0
vertex 78.3407615752434 18.4643315798197 34.0
endloop
endfacet
facet normal -0.809016994374949 -0.587785252292472 -4.09741990334232e-031
outer loop
vertex 78.6966044580892 17.9465769724903 38.0
vertex 79.0790568531049 17.4481553074019 34.0
vertex 79.0790568531049 17.4481553074019 38.0
endloop
endfacet
facet normal -0.777145961456971 -0.629320391049838 1.6627313712852e-018
outer loop
vertex 79.0790568531049 17.4481553074019 34.0
vertex 78.6966044580892 17.9465769724903 38.0
vertex 78.6966044580892 17.9465769724903 34.0
endloop
endfacet
facet normal -0.777145961456971 -0.629320391049838 1.6627313712852e-018
outer loop
vertex 79.0790568531049 17.4481553074019 38.0
vertex 79.4870704848598 16.9704327236937 34.0
vertex 79.4870704848598 16.9704327236937 38.0
endloop
endfacet
facet normal -0.743144825477393 -0.66913060635886 1.74368020364493e-018
outer loop
vertex 79.4870704848598 16.9704327236937 34.0
vertex 79.0790568531049 17.4481553074019 38.0
vertex 79.0790568531049 17.4481553074019 34.0
endloop
endfacet
facet normal -0.743144825477393 -0.66913060635886 1.74368020364493e-018
outer loop
vertex 79.4870704848598 16.9704327236937 38.0
vertex 79.91952701635 16.5147186257614 34.0
vertex 79.91952701635 16.5147186257614 38.0
endloop
endfacet
facet normal -0.707106781186548 -0.707106781186547 8.09488323597295e-020
outer loop
vertex 79.91952701635 16.5147186257614 34.0
vertex 79.4870704848598 16.9704327236937 38.0
vertex 79.4870704848598 16.9704327236937 34.0
endloop
endfacet
facet normal -0.669130606358857 -0.743144825477395 0.0
outer loop
vertex 80.3752411142822 16.0822620942713 38.0
vertex 79.91952701635 16.5147186257614 34.0
vertex 80.3752411142822 16.0822620942713 34.0
endloop
endfacet
facet normal -0.707106781186548 -0.707106781186547 8.09488323597295e-020
outer loop
vertex 79.91952701635 16.5147186257614 34.0
vertex 80.3752411142822 16.0822620942713 38.0
vertex 79.91952701635 16.5147186257614 38.0
endloop
endfacet
facet normal -0.629320391049839 -0.77714596145697 3.94442236124998e-031
outer loop
vertex 80.8529636979905 15.6742484625163 38.0
vertex 80.3752411142822 16.0822620942713 34.0
vertex 80.8529636979905 15.6742484625163 34.0
endloop
endfacet
facet normal -0.669130606358857 -0.743144825477395 0.0
outer loop
vertex 80.3752411142822 16.0822620942713 34.0
vertex 80.8529636979905 15.6742484625163 38.0
vertex 80.3752411142822 16.0822620942713 38.0
endloop
endfacet
facet normal -0.587785252292473 -0.809016994374947 1.23852450090187e-018
outer loop
vertex 81.3513853630789 15.2917960675006 38.0
vertex 80.8529636979905 15.6742484625163 34.0
vertex 81.3513853630789 15.2917960675006 34.0
endloop
endfacet
facet normal -0.629320391049839 -0.77714596145697 3.94442236124998e-031
outer loop
vertex 80.8529636979905 15.6742484625163 34.0
vertex 81.3513853630789 15.2917960675006 38.0
vertex 80.8529636979905 15.6742484625163 38.0
endloop
endfacet
facet normal -0.544639035015026 -0.838670567945425 1.23852450090121e-018
outer loop
vertex 81.8691399704082 14.9359531846549 38.0
vertex 81.3513853630789 15.2917960675006 34.0
vertex 81.8691399704082 14.9359531846549 34.0
endloop
endfacet
facet normal -0.587785252292473 -0.809016994374947 1.23852450090187e-018
outer loop
vertex 81.3513853630789 15.2917960675006 34.0
vertex 81.8691399704082 14.9359531846549 38.0
vertex 81.3513853630789 15.2917960675006 38.0
endloop
endfacet
facet normal -0.500000000000001 -0.866025403784438 -1.0433727188619e-018
outer loop
vertex 82.4048083905885 14.6076951545867 38.0
vertex 81.8691399704082 14.9359531846549 34.0
vertex 82.4048083905885 14.6076951545867 34.0
endloop
endfacet
facet normal -0.544639035015026 -0.838670567945425 1.23852450090121e-018
outer loop
vertex 81.8691399704082 14.9359531846549 34.0
vertex 82.4048083905885 14.6076951545867 38.0
vertex 81.8691399704082 14.9359531846549 38.0
endloop
endfacet
facet normal -0.453990499739548 -0.891006524188367 -2.0301856421173e-018
outer loop
vertex 82.956922393714 14.3079217097396 38.0
vertex 82.4048083905885 14.6076951545867 34.0
vertex 82.956922393714 14.3079217097396 34.0
endloop
endfacet
facet normal -0.500000000000001 -0.866025403784438 -1.0433727188619e-018
outer loop
vertex 82.4048083905885 14.6076951545867 34.0
vertex 82.956922393714 14.3079217097396 38.0
vertex 82.4048083905885 14.6076951545867 38.0
endloop
endfacet
facet normal -0.406736643075802 -0.9135454576426 -1.50023396278974e-019
outer loop
vertex 83.5239686736789 14.0374545082888 38.0
vertex 82.956922393714 14.3079217097396 34.0
vertex 83.5239686736789 14.0374545082888 34.0
endloop
endfacet
facet normal -0.453990499739548 -0.891006524188367 -2.0301856421173e-018
outer loop
vertex 82.956922393714 14.3079217097396 34.0
vertex 83.5239686736789 14.0374545082888 38.0
vertex 82.956922393714 14.3079217097396 38.0
endloop
endfacet
facet normal -0.358367949545299 -0.933580426497202 8.36789526976519e-019
outer loop
vertex 84.1043929960449 13.7970348820336 38.0
vertex 83.5239686736789 14.0374545082888 34.0
vertex 84.1043929960449 13.7970348820336 34.0
endloop
endfacet
facet normal -0.406736643075802 -0.9135454576426 -1.50023396278974e-019
outer loop
vertex 83.5239686736789 14.0374545082888 34.0
vertex 84.1043929960449 13.7970348820336 38.0
vertex 83.5239686736789 14.0374545082888 38.0
endloop
endfacet
facet normal -0.309016994374945 -0.951056516295154 1.16452237150357e-031
outer loop
vertex 84.6966044580892 13.5873218044582 38.0
vertex 84.1043929960449 13.7970348820336 34.0
vertex 84.6966044580892 13.5873218044582 34.0
endloop
endfacet
facet normal -0.358367949545299 -0.933580426497202 8.36789526976519e-019
outer loop
vertex 84.1043929960449 13.7970348820336 34.0
vertex 84.6966044580892 13.5873218044582 38.0
vertex 84.1043929960449 13.7970348820336 38.0
endloop
endfacet
facet normal -0.258819045102521 -0.965925826289068 2.82415518960826e-031
outer loop
vertex 85.2989798493583 13.4088900845312 38.0
vertex 84.6966044580892 13.5873218044582 34.0
vertex 85.2989798493583 13.4088900845312 34.0
endloop
endfacet
facet normal -0.309016994374945 -0.951056516295154 1.16452237150357e-031
outer loop
vertex 84.6966044580892 13.5873218044582 34.0
vertex 85.2989798493583 13.4088900845312 38.0
vertex 84.6966044580892 13.5873218044582 38.0
endloop
endfacet
facet normal -0.20791169081776 -0.978147600733806 0.0
outer loop
vertex 85.9098681007754 13.2622287911943 38.0
vertex 85.2989798493583 13.4088900845312 34.0
vertex 85.9098681007754 13.2622287911943 34.0
endloop
endfacet
facet normal -0.258819045102521 -0.965925826289068 2.82415518960826e-031
outer loop
vertex 85.2989798493583 13.4088900845312 34.0
vertex 85.9098681007754 13.2622287911943 38.0
vertex 85.2989798493583 13.4088900845312 38.0
endloop
endfacet
facet normal -0.743144825477394 0.669130606358858 -1.31442301078632e-020
outer loop
vertex 95.8362566453625 18.3086939364114 44.0
vertex 95.475876202454 17.9289321881345 34.0
vertex 95.475876202454 17.9289321881345 44.0
endloop
endfacet
facet normal -0.707106781186548 0.707106781186548 0.0
outer loop
vertex 95.475876202454 17.9289321881345 34.0
vertex 95.8362566453625 18.3086939364114 44.0
vertex 95.8362566453625 18.3086939364114 34.0
endloop
endfacet
facet normal -0.669130606358858 0.743144825477394 1.31442301078632e-020
outer loop
vertex 95.0961144541771 17.5685517452261 44.0
vertex 95.475876202454 17.9289321881345 34.0
vertex 95.0961144541771 17.5685517452261 34.0
endloop
endfacet
facet normal -0.707106781186548 0.707106781186548 0.0
outer loop
vertex 95.475876202454 17.9289321881345 34.0
vertex 95.0961144541771 17.5685517452261 44.0
vertex 95.475876202454 17.9289321881345 44.0
endloop
endfacet
facet normal -0.629320391049834 0.777145961456974 1.60762471980745e-019
outer loop
vertex 94.6980123010869 17.2285403854303 44.0
vertex 95.0961144541771 17.5685517452261 34.0
vertex 94.6980123010869 17.2285403854303 34.0
endloop
endfacet
facet normal -0.669130606358858 0.743144825477394 1.31442301078632e-020
outer loop
vertex 95.0961144541771 17.5685517452261 34.0
vertex 94.6980123010869 17.2285403854303 44.0
vertex 95.0961144541771 17.5685517452261 44.0
endloop
endfacet
facet normal -0.587785252292472 0.809016994374948 -7.01253807970198e-019
outer loop
vertex 94.2826609135133 16.9098300562505 44.0
vertex 94.6980123010869 17.2285403854303 34.0
vertex 94.2826609135133 16.9098300562505 34.0
endloop
endfacet
facet normal -0.629320391049834 0.777145961456974 1.60762471980745e-019
outer loop
vertex 94.6980123010869 17.2285403854303 34.0
vertex 94.2826609135133 16.9098300562505 44.0
vertex 94.6980123010869 17.2285403854303 44.0
endloop
endfacet
facet normal 0.576370859854115 0.793306430989622 0.196116135138183
outer loop
vertex 95.4582314180982 34.7082039324994 44.0
vertex 96.3342453178165 34.7920391143578 41.0
vertex 95.8109025694737 35.1936141291243 41.0
endloop
endfacet
facet normal 0.617099414281723 0.762054311995948 0.196116135138183
outer loop
vertex 96.3342453178165 34.7920391143578 41.0
vertex 95.4582314180982 34.7082039324994 44.0
vertex 95.9566530831866 34.3257515374837 44.0
endloop
endfacet
facet normal 0.617099414281723 0.762054311995948 0.196116135138183
outer loop
vertex 95.9566530831866 34.3257515374837 44.0
vertex 96.8358540307102 34.3636248010152 41.0
vertex 96.3342453178165 34.7920391143578 41.0
endloop
endfacet
facet normal 0.656136542108844 0.728713455102835 0.196116135138183
outer loop
vertex 96.8358540307102 34.3636248010152 41.0
vertex 95.9566530831866 34.3257515374837 44.0
vertex 96.4343756668948 33.9177379057287 44.0
endloop
endfacet
facet normal 0.490290337845459 0.849207775608448 0.196116135138183
outer loop
vertex 94.4048083905885 35.3923048454133 44.0
vertex 95.2672602317779 35.5672491561123 41.0
vertex 94.7048083905885 35.9119200876839 41.0
endloop
endfacet
facet normal 0.534062512962689 0.82238415219801 0.196116135138183
outer loop
vertex 95.2672602317779 35.5672491561123 41.0
vertex 94.4048083905885 35.3923048454133 44.0
vertex 94.9404768107689 35.0640468153451 44.0
endloop
endfacet
facet normal 0.534062512962689 0.82238415219801 0.196116135138183
outer loop
vertex 94.9404768107689 35.0640468153451 44.0
vertex 95.8109025694737 35.1936141291243 41.0
vertex 95.2672602317779 35.5672491561123 41.0
endloop
endfacet
facet normal 0.576370859854115 0.793306430989621 0.196116135138183
outer loop
vertex 95.8109025694737 35.1936141291243 41.0
vertex 94.9404768107689 35.0640468153451 44.0
vertex 95.4582314180982 34.7082039324994 44.0
endloop
endfacet
facet normal -0.15643446504022 0.987688340595139 8.56593238962674e-020
outer loop
vertex 89.9691530409908 15.1231165940486 44.0
vertex 90.4839252987661 15.2185239926619 34.0
vertex 89.9691530409908 15.1231165940486 34.0
endloop
endfacet
facet normal -0.207911690817761 0.978147600733805 -2.23510587680984e-019
outer loop
vertex 90.4839252987661 15.2185239926619 34.0
vertex 89.9691530409908 15.1231165940486 44.0
vertex 90.4839252987661 15.2185239926619 44.0
endloop
endfacet
facet normal -0.130526192220028 0.991444861373814 -4.56504832698868e-020
outer loop
vertex 89.9048083905885 15.1146454601168 44.0
vertex 89.9691530409908 15.1231165940486 34.0
vertex 89.9048083905885 15.1146454601168 34.0
endloop
endfacet
facet normal -0.15643446504022 0.987688340595139 8.56593238962674e-020
outer loop
vertex 89.9691530409908 15.1231165940486 34.0
vertex 89.9048083905885 15.1146454601168 44.0
vertex 89.9691530409908 15.1231165940486 44.0
endloop
endfacet
facet normal -0.258819045102522 0.965925826289068 -1.30041502374232e-019
outer loop
vertex 90.9929988416137 15.3407417371093 44.0
vertex 91.494978334338 15.4894348370485 34.0
vertex 90.9929988416137 15.3407417371093 34.0
endloop
endfacet
facet normal -0.309016994374944 0.951056516295155 -4.94033757687913e-020
outer loop
vertex 91.494978334338 15.4894348370485 34.0
vertex 90.9929988416137 15.3407417371093 44.0
vertex 91.494978334338 15.4894348370485 44.0
endloop
endfacet
facet normal -0.207911690817761 0.978147600733805 -2.23510587680984e-019
outer loop
vertex 90.4839252987661 15.2185239926619 44.0
vertex 90.9929988416137 15.3407417371093 34.0
vertex 90.4839252987661 15.2185239926619 34.0
endloop
endfacet
facet normal -0.258819045102522 0.965925826289068 -1.30041502374232e-019
outer loop
vertex 90.9929988416137 15.3407417371093 34.0
vertex 90.4839252987661 15.2185239926619 44.0
vertex 90.9929988416137 15.3407417371093 44.0
endloop
endfacet
facet normal -0.358367949545299 0.933580426497202 -5.51667898506701e-019
outer loop
vertex 91.9884878860415 15.664195735028 44.0
vertex 92.4721748213465 15.864545423574 34.0
vertex 91.9884878860415 15.664195735028 34.0
endloop
endfacet
facet normal -0.406736643075803 0.9135454576426 -5.99047893541641e-019
outer loop
vertex 92.4721748213465 15.864545423574 34.0
vertex 91.9884878860415 15.664195735028 44.0
vertex 92.4721748213465 15.864545423574 44.0
endloop
endfacet
facet normal -0.309016994374944 0.951056516295155 -4.94033757687913e-020
outer loop
vertex 91.494978334338 15.4894348370485 44.0
vertex 91.9884878860415 15.664195735028 34.0
vertex 91.494978334338 15.4894348370485 34.0
endloop
endfacet
facet normal -0.358367949545299 0.933580426497202 -5.51667898506701e-019
outer loop
vertex 91.9884878860415 15.664195735028 34.0
vertex 91.494978334338 15.4894348370485 44.0
vertex 91.9884878860415 15.664195735028 44.0
endloop
endfacet
facet normal -0.453990499739546 0.891006524188368 -6.38049355047747e-019
outer loop
vertex 92.944713387984 16.0899347581163 44.0
vertex 93.4048083905885 16.3397459621556 34.0
vertex 92.944713387984 16.0899347581163 34.0
endloop
endfacet
facet normal -0.5 0.866025403784439 -1.53531833652622e-019
outer loop
vertex 93.4048083905885 16.3397459621556 34.0
vertex 92.944713387984 16.0899347581163 44.0
vertex 93.4048083905885 16.3397459621556 44.0
endloop
endfacet
facet normal -0.406736643075803 0.9135454576426 -5.99047893541641e-019
outer loop
vertex 92.4721748213465 15.864545423574 44.0
vertex 92.944713387984 16.0899347581163 34.0
vertex 92.4721748213465 15.864545423574 34.0
endloop
endfacet
facet normal -0.453990499739546 0.891006524188368 -6.38049355047747e-019
outer loop
vertex 92.944713387984 16.0899347581163 34.0
vertex 92.4721748213465 15.864545423574 44.0
vertex 92.944713387984 16.0899347581163 44.0
endloop
endfacet
facet normal -0.544639035015028 0.838670567945424 -6.56518240141361e-019
outer loop
vertex 93.8511987407388 16.6132943205458 44.0
vertex 94.2826609135133 16.9098300562505 34.0
vertex 93.8511987407388 16.6132943205458 34.0
endloop
endfacet
facet normal -0.587785252292472 0.809016994374948 -7.01253807970198e-019
outer loop
vertex 94.2826609135133 16.9098300562505 34.0
vertex 93.8511987407388 16.6132943205458 44.0
vertex 94.2826609135133 16.9098300562505 44.0
endloop
endfacet
facet normal -0.5 0.866025403784439 -1.53531833652622e-019
outer loop
vertex 93.4048083905885 16.3397459621556 44.0
vertex 93.8511987407388 16.6132943205458 34.0
vertex 93.4048083905885 16.3397459621556 34.0
endloop
endfacet
facet normal -0.544639035015028 0.838670567945424 -6.56518240141361e-019
outer loop
vertex 93.8511987407388 16.6132943205458 34.0
vertex 93.4048083905885 16.3397459621556 44.0
vertex 93.8511987407388 16.6132943205458 44.0
endloop
endfacet
facet normal 0.499999999999999 0.866025403784439 1.04337271886354e-018
outer loop
vertex 94.4048083905885 35.3923048454133 38.0
vertex 94.9404768107689 35.0640468153451 34.0
vertex 94.4048083905885 35.3923048454133 34.0
endloop
endfacet
facet normal 0.544639035015029 0.838670567945423 1.23852450090278e-018
outer loop
vertex 94.9404768107689 35.0640468153451 34.0
vertex 94.4048083905885 35.3923048454133 38.0
vertex 94.9404768107689 35.0640468153451 38.0
endloop
endfacet
facet normal 0.453990499739544 0.891006524188369 2.03018564211838e-018
outer loop
vertex 93.8526943874631 35.6920782902604 38.0
vertex 94.4048083905885 35.3923048454133 34.0
vertex 93.8526943874631 35.6920782902604 34.0
endloop
endfacet
facet normal 0.499999999999999 0.866025403784439 1.04337271886354e-018
outer loop
vertex 94.4048083905885 35.3923048454133 34.0
vertex 93.8526943874631 35.6920782902604 38.0
vertex 94.4048083905885 35.3923048454133 38.0
endloop
endfacet
facet normal 0.406736643075797 0.913545457642602 -2.32813891835898e-020
outer loop
vertex 93.2856481074981 35.9625454917112 38.0
vertex 93.8526943874631 35.6920782902604 34.0
vertex 93.2856481074981 35.9625454917112 34.0
endloop
endfacet
facet normal 0.453990499739544 0.891006524188369 2.03018564211838e-018
outer loop
vertex 93.8526943874631 35.6920782902604 34.0
vertex 93.2856481074981 35.9625454917112 38.0
vertex 93.8526943874631 35.6920782902604 38.0
endloop
endfacet
facet normal 0.358367949545301 0.933580426497202 -1.0100943124398e-018
outer loop
vertex 92.7052237851321 36.2029651179664 38.0
vertex 93.2856481074981 35.9625454917112 34.0
vertex 92.7052237851321 36.2029651179664 34.0
endloop
endfacet
facet normal 0.406736643075797 0.913545457642602 -2.32813891835898e-020
outer loop
vertex 93.2856481074981 35.9625454917112 34.0
vertex 92.7052237851321 36.2029651179664 38.0
vertex 93.2856481074981 35.9625454917112 38.0
endloop
endfacet
facet normal 0.309016994374946 0.951056516295154 2.23876419096795e-030
outer loop
vertex 92.1130123230879 36.4126781955418 38.0
vertex 92.7052237851321 36.2029651179664 34.0
vertex 92.1130123230879 36.4126781955418 34.0
endloop
endfacet
facet normal 0.358367949545301 0.933580426497202 -1.0100943124398e-018
outer loop
vertex 92.7052237851321 36.2029651179664 34.0
vertex 92.1130123230879 36.4126781955418 38.0
vertex 92.7052237851321 36.2029651179664 38.0
endloop
endfacet
facet normal 0.25881904510252 0.965925826289069 1.90683762734701e-030
outer loop
vertex 91.5106369318188 36.5911099154688 38.0
vertex 92.1130123230879 36.4126781955418 34.0
vertex 91.5106369318188 36.5911099154688 34.0
endloop
endfacet
facet normal 0.309016994374946 0.951056516295154 2.23876419096795e-030
outer loop
vertex 92.1130123230879 36.4126781955418 34.0
vertex 91.5106369318188 36.5911099154688 38.0
vertex 92.1130123230879 36.4126781955418 38.0
endloop
endfacet
facet normal -0.156434465040234 0.987688340595137 -5.46589992873632e-020
outer loop
vertex 86.5275948101058 36.8522600871417 38.0
vertex 86.9048083905885 36.9019211971361 34.0
vertex 86.5275948101058 36.8522600871417 34.0
endloop
endfacet
facet normal -0.130526192220062 0.991444861373809 -1.09280538022621e-019
outer loop
vertex 86.9048083905885 36.9019211971361 34.0
vertex 86.5275948101058 36.8522600871417 38.0
vertex 86.9048083905885 36.9019211971361 38.0
endloop
endfacet
facet normal -0.207911690817759 0.978147600733806 -2.13664170546308e-030
outer loop
vertex 85.9098681007754 36.7377712088057 38.0
vertex 86.5275948101058 36.8522600871417 34.0
vertex 85.9098681007754 36.7377712088057 34.0
endloop
endfacet
facet normal -0.156434465040234 0.987688340595137 -5.4658999287363e-020
outer loop
vertex 86.5275948101058 36.8522600871417 34.0
vertex 85.9098681007754 36.7377712088057 38.0
vertex 86.5275948101058 36.8522600871417 38.0
endloop
endfacet
facet normal -0.258819045102522 0.965925826289068 0.0
outer loop
vertex 85.2989798493583 36.5911099154688 38.0
vertex 85.9098681007754 36.7377712088057 34.0
vertex 85.2989798493583 36.5911099154688 34.0
endloop
endfacet
facet normal -0.207911690817759 0.978147600733806 -2.13664170546308e-030
outer loop
vertex 85.9098681007754 36.7377712088057 34.0
vertex 85.2989798493583 36.5911099154688 38.0
vertex 85.9098681007754 36.7377712088057 38.0
endloop
endfacet
facet normal -0.309016994374945 0.951056516295154 -1.65963281810468e-031
outer loop
vertex 84.6966044580892 36.4126781955418 38.0
vertex 85.2989798493583 36.5911099154688 34.0
vertex 84.6966044580892 36.4126781955418 34.0
endloop
endfacet
facet normal -0.258819045102522 0.965925826289068 0.0
outer loop
vertex 85.2989798493583 36.5911099154688 34.0
vertex 84.6966044580892 36.4126781955418 38.0
vertex 85.2989798493583 36.5911099154688 38.0
endloop
endfacet
facet normal -0.358367949545299 0.933580426497202 1.01009431243996e-018
outer loop
vertex 84.1043929960449 36.2029651179664 38.0
vertex 84.6966044580892 36.4126781955418 34.0
vertex 84.1043929960449 36.2029651179664 34.0
endloop
endfacet
facet normal -0.309016994374945 0.951056516295154 -1.65963281810468e-031
outer loop
vertex 84.6966044580892 36.4126781955418 34.0
vertex 84.1043929960449 36.2029651179664 38.0
vertex 84.6966044580892 36.4126781955418 38.0
endloop
endfacet
facet normal -0.406736643075801 0.913545457642601 2.32813891840185e-020
outer loop
vertex 83.5239686736789 35.9625454917112 38.0
vertex 84.1043929960449 36.2029651179664 34.0
vertex 83.5239686736789 35.9625454917112 34.0
endloop
endfacet
facet normal -0.358367949545299 0.933580426497202 1.01009431243996e-018
outer loop
vertex 84.1043929960449 36.2029651179664 34.0
vertex 83.5239686736789 35.9625454917112 38.0
vertex 84.1043929960449 36.2029651179664 38.0
endloop
endfacet
facet normal -0.453990499739547 0.891006524188368 -1.94763967169633e-018
outer loop
vertex 82.956922393714 35.6920782902604 38.0
vertex 83.5239686736789 35.9625454917112 34.0
vertex 82.956922393714 35.6920782902604 34.0
endloop
endfacet
facet normal -0.406736643075801 0.913545457642601 2.32813891840185e-020
outer loop
vertex 83.5239686736789 35.9625454917112 34.0
vertex 82.956922393714 35.6920782902604 38.0
vertex 83.5239686736789 35.9625454917112 38.0
endloop
endfacet
facet normal -0.499999999999998 0.86602540378444 9.035872801507e-019
outer loop
vertex 82.4048083905885 35.3923048454133 38.0
vertex 82.956922393714 35.6920782902604 34.0
vertex 82.4048083905885 35.3923048454133 34.0
endloop
endfacet
facet normal -0.453990499739547 0.891006524188368 -1.94763967169633e-018
outer loop
vertex 82.956922393714 35.6920782902604 34.0
vertex 82.4048083905885 35.3923048454133 38.0
vertex 82.956922393714 35.6920782902604 38.0
endloop
endfacet
facet normal -0.544639035015026 0.838670567945425 6.23496975494675e-020
outer loop
vertex 81.8691399704082 35.0640468153451 38.0
vertex 82.4048083905885 35.3923048454133 34.0
vertex 81.8691399704082 35.0640468153451 34.0
endloop
endfacet
facet normal -0.499999999999998 0.86602540378444 9.035872801507e-019
outer loop
vertex 82.4048083905885 35.3923048454133 34.0
vertex 81.8691399704082 35.0640468153451 38.0
vertex 82.4048083905885 35.3923048454133 38.0
endloop
endfacet
facet normal -0.587785252292475 0.809016994374946 -6.72890306209309e-020
outer loop
vertex 81.3513853630789 34.7082039324994 38.0
vertex 81.8691399704082 35.0640468153451 34.0
vertex 81.3513853630789 34.7082039324994 34.0
endloop
endfacet
facet normal -0.544639035015026 0.838670567945425 6.23496975494675e-020
outer loop
vertex 81.8691399704082 35.0640468153451 34.0
vertex 81.3513853630789 34.7082039324994 38.0
vertex 81.8691399704082 35.0640468153451 38.0
endloop
endfacet
facet normal -0.629320391049839 0.777145961456969 1.73477530042052e-018
outer loop
vertex 80.8529636979905 34.3257515374836 38.0
vertex 81.3513853630789 34.7082039324994 34.0
vertex 80.8529636979905 34.3257515374836 34.0
endloop
endfacet
facet normal -0.587785252292475 0.809016994374946 -6.72890306209309e-020
outer loop
vertex 81.3513853630789 34.7082039324994 34.0
vertex 80.8529636979905 34.3257515374836 38.0
vertex 81.3513853630789 34.7082039324994 38.0
endloop
endfacet
facet normal -0.669130606358857 0.743144825477395 -1.58613001103597e-018
outer loop
vertex 80.3752411142822 33.9177379057287 38.0
vertex 80.8529636979905 34.3257515374836 34.0
vertex 80.3752411142822 33.9177379057287 34.0
endloop
endfacet
facet normal -0.629320391049839 0.777145961456969 1.73477530042052e-018
outer loop
vertex 80.8529636979905 34.3257515374836 34.0
vertex 80.3752411142822 33.9177379057287 38.0
vertex 80.8529636979905 34.3257515374836 38.0
endloop
endfacet
facet normal -0.707106781186545 0.70710678118655 -8.09488323597573e-020
outer loop
vertex 79.91952701635 33.4852813742386 38.0
vertex 80.3752411142822 33.9177379057287 34.0
vertex 79.91952701635 33.4852813742386 34.0
endloop
endfacet
facet normal -0.669130606358857 0.743144825477395 -1.58613001103597e-018
outer loop
vertex 80.3752411142822 33.9177379057287 34.0
vertex 79.91952701635 33.4852813742386 38.0
vertex 80.3752411142822 33.9177379057287 38.0
endloop
endfacet
facet normal -0.707106781186545 0.70710678118655 -8.09488323597573e-020
outer loop
vertex 79.91952701635 33.4852813742386 38.0
vertex 79.4870704848598 33.0295672763063 34.0
vertex 79.4870704848598 33.0295672763063 38.0
endloop
endfacet
facet normal -0.743144825477396 0.669130606358856 1.50518117867724e-018
outer loop
vertex 79.4870704848598 33.0295672763063 34.0
vertex 79.91952701635 33.4852813742386 38.0
vertex 79.91952701635 33.4852813742386 34.0
endloop
endfacet
facet normal -0.743144825477396 0.669130606358856 1.50518117867724e-018
outer loop
vertex 79.4870704848598 33.0295672763063 38.0
vertex 79.0790568531049 32.5518446925981 34.0
vertex 79.0790568531049 32.5518446925981 38.0
endloop
endfacet
facet normal -0.777145961456971 0.629320391049837 1.4182933615222e-030
outer loop
vertex 79.0790568531049 32.5518446925981 34.0
vertex 79.4870704848598 33.0295672763063 38.0
vertex 79.4870704848598 33.0295672763063 34.0
endloop
endfacet
facet normal -0.777145961456971 0.629320391049837 1.4182933615222e-030
outer loop
vertex 79.0790568531049 32.5518446925981 38.0
vertex 78.6966044580892 32.0534230275097 34.0
vertex 78.6966044580892 32.0534230275097 38.0
endloop
endfacet
facet normal -0.809016994374946 0.587785252292475 1.23852450090146e-018
outer loop
vertex 78.6966044580892 32.0534230275097 34.0
vertex 79.0790568531049 32.5518446925981 38.0
vertex 79.0790568531049 32.5518446925981 34.0
endloop
endfacet
facet normal -0.809016994374946 0.587785252292475 1.23852450090146e-018
outer loop
vertex 78.6966044580892 32.0534230275097 38.0
vertex 78.3407615752434 31.5356684201803 34.0
vertex 78.3407615752434 31.5356684201803 38.0
endloop
endfacet
facet normal -0.838670567945426 0.544639035015025 3.10293852949215e-018
outer loop
vertex 78.3407615752434 31.5356684201803 34.0
vertex 78.6966044580892 32.0534230275097 38.0
vertex 78.6966044580892 32.0534230275097 34.0
endloop
endfacet
facet normal -0.838670567945426 0.544639035015025 3.10293852949215e-018
outer loop
vertex 78.3407615752434 31.5356684201803 38.0
vertex 78.0125035451753 31.0 34.0
vertex 78.0125035451753 31.0 38.0
endloop
endfacet
facet normal -0.866025403784439 0.499999999999999 2.90778674745337e-018
outer loop
vertex 78.0125035451753 31.0 34.0
vertex 78.3407615752434 31.5356684201803 38.0
vertex 78.3407615752434 31.5356684201803 34.0
endloop
endfacet
facet normal -0.866025403784439 0.499999999999999 2.90778674745337e-018
outer loop
vertex 78.0125035451753 31.0 38.0
vertex 77.7127301003281 30.4478859968746 34.0
vertex 77.7127301003281 30.4478859968746 38.0
endloop
endfacet
facet normal -0.891006524188368 0.453990499739547 5.65597956070528e-020
outer loop
vertex 77.7127301003281 30.4478859968746 34.0
vertex 78.0125035451753 31.0 38.0
vertex 78.0125035451753 31.0 34.0
endloop
endfacet
facet normal -0.891006524188368 0.453990499739547 5.65597956070528e-020
outer loop
vertex 77.7127301003281 30.4478859968746 38.0
vertex 77.4422628988773 29.8808397169096 34.0
vertex 77.4422628988773 29.8808397169096 38.0
endloop
endfacet
facet normal -0.913545457642601 0.406736643075801 -9.86812923255613e-019
outer loop
vertex 77.4422628988773 29.8808397169096 34.0
vertex 77.7127301003281 30.4478859968746 38.0
vertex 77.7127301003281 30.4478859968746 34.0
endloop
endfacet
facet normal -0.913545457642601 0.406736643075801 -9.86812923255613e-019
outer loop
vertex 77.4422628988773 29.8808397169096 38.0
vertex 77.2018432726221 29.3004153945436 34.0
vertex 77.2018432726221 29.3004153945436 38.0
endloop
endfacet
facet normal -0.933580426497202 0.358367949545301 -3.805278206421e-031
outer loop
vertex 77.2018432726221 29.3004153945436 34.0
vertex 77.4422628988773 29.8808397169096 38.0
vertex 77.4422628988773 29.8808397169096 34.0
endloop
endfacet
facet normal -0.933580426497202 0.358367949545301 -3.805278206421e-031
outer loop
vertex 77.2018432726221 29.3004153945436 38.0
vertex 76.9921301950467 28.7082039324994 34.0
vertex 76.9921301950467 28.7082039324994 38.0
endloop
endfacet
facet normal -0.951056516295153 0.309016994374948 7.59124925797581e-031
outer loop
vertex 76.9921301950467 28.7082039324994 34.0
vertex 77.2018432726221 29.3004153945436 38.0
vertex 77.2018432726221 29.3004153945436 34.0
endloop
endfacet
facet normal -0.951056516295153 0.309016994374948 7.59124925797581e-031
outer loop
vertex 76.9921301950467 28.7082039324994 38.0
vertex 76.8136984751197 28.1058285412302 34.0
vertex 76.8136984751197 28.1058285412302 38.0
endloop
endfacet
facet normal -0.965925826289068 0.258819045102521 5.31554868151037e-019
outer loop
vertex 76.8136984751197 28.1058285412302 34.0
vertex 76.9921301950467 28.7082039324994 38.0
vertex 76.9921301950467 28.7082039324994 34.0
endloop
endfacet
facet normal -0.965925826289068 0.258819045102521 5.31554868151037e-019
outer loop
vertex 76.8136984751197 28.1058285412302 38.0
vertex 76.6670371817829 27.4949402898131 34.0
vertex 76.6670371817829 27.4949402898131 38.0
endloop
endfacet
facet normal -0.978147600733806 0.20791169081776 -5.95037731594054e-021
outer loop
vertex 76.6670371817829 27.4949402898131 34.0
vertex 76.8136984751197 28.1058285412302 38.0
vertex 76.8136984751197 28.1058285412302 34.0
endloop
endfacet
facet normal 0.20791169081776 -0.978147600733806 -5.95037731594054e-021
outer loop
vertex 90.8997486804016 13.2622287911943 38.0
vertex 90.2820219710713 13.1477399128583 34.0
vertex 90.8997486804016 13.2622287911943 34.0
endloop
endfacet
facet normal 0.156434465040231 -0.987688340595138 -1.7532681578668e-016
outer loop
vertex 90.2820219710713 13.1477399128583 34.0
vertex 90.8997486804016 13.2622287911943 38.0
vertex 90.2820219710713 13.1477399128583 38.0
endloop
endfacet
facet normal 0.156434465040231 -0.987688340595138 -1.7532681578668e-016
outer loop
vertex 90.2820219710713 13.1477399128583 38.0
vertex 89.9048083905885 13.0980788028639 34.0
vertex 90.2820219710713 13.1477399128583 34.0
endloop
endfacet
facet normal 0.13052619222005 -0.991444861373811 -3.49458829219903e-016
outer loop
vertex 89.9048083905885 13.0980788028639 34.0
vertex 90.2820219710713 13.1477399128583 38.0
vertex 89.9048083905885 13.0980788028639 38.0
endloop
endfacet
facet normal 0.258819045102519 -0.965925826289069 5.31554868149995e-019
outer loop
vertex 91.5106369318188 13.4088900845312 38.0
vertex 90.8997486804016 13.2622287911943 34.0
vertex 91.5106369318188 13.4088900845312 34.0
endloop
endfacet
facet normal 0.20791169081776 -0.978147600733806 -5.95037731594054e-021
outer loop
vertex 90.8997486804016 13.2622287911943 34.0
vertex 91.5106369318188 13.4088900845312 38.0
vertex 90.8997486804016 13.2622287911943 38.0
endloop
endfacet
facet normal 0.309016994374948 -0.951056516295154 1.03060710332379e-018
outer loop
vertex 92.1130123230879 13.5873218044582 38.0
vertex 91.5106369318188 13.4088900845312 34.0
vertex 92.1130123230879 13.5873218044582 34.0
endloop
endfacet
facet normal 0.258819045102519 -0.965925826289069 5.31554868149995e-019
outer loop
vertex 91.5106369318188 13.4088900845312 34.0
vertex 92.1130123230879 13.5873218044582 38.0
vertex 91.5106369318188 13.4088900845312 38.0
endloop
endfacet
facet normal 0.406736643075799 -0.913545457642602 0.0
outer loop
vertex 93.2856481074981 14.0374545082888 38.0
vertex 92.7052237851321 13.7970348820336 34.0
vertex 93.2856481074981 14.0374545082888 34.0
endloop
endfacet
facet normal 0.358367949545301 -0.933580426497202 1.03060710332407e-018
outer loop
vertex 92.7052237851321 13.7970348820336 34.0
vertex 93.2856481074981 14.0374545082888 38.0
vertex 92.7052237851321 13.7970348820336 38.0
endloop
endfacet
facet normal 0.358367949545301 -0.933580426497202 1.03060710332407e-018
outer loop
vertex 92.7052237851321 13.7970348820336 38.0
vertex 92.1130123230879 13.5873218044582 34.0
vertex 92.7052237851321 13.7970348820336 34.0
endloop
endfacet
facet normal 0.309016994374948 -0.951056516295154 1.03060710332379e-018
outer loop
vertex 92.1130123230879 13.5873218044582 34.0
vertex 92.7052237851321 13.7970348820336 38.0
vertex 92.1130123230879 13.5873218044582 38.0
endloop
endfacet
facet normal 0.453990499739545 -0.891006524188369 -4.36933418514444e-031
outer loop
vertex 93.8526943874631 14.3079217097396 38.0
vertex 93.2856481074981 14.0374545082888 34.0
vertex 93.8526943874631 14.3079217097396 34.0
endloop
endfacet
facet normal 0.406736643075799 -0.913545457642602 0.0
outer loop
vertex 93.2856481074981 14.0374545082888 34.0
vertex 93.8526943874631 14.3079217097396 38.0
vertex 93.2856481074981 14.0374545082888 38.0
endloop
endfacet
facet normal 0.499999999999997 -0.86602540378444 1.86441402859065e-018
outer loop
vertex 94.4048083905885 14.6076951545867 38.0
vertex 93.8526943874631 14.3079217097396 34.0
vertex 94.4048083905885 14.6076951545867 34.0
endloop
endfacet
facet normal 0.453990499739545 -0.891006524188369 -4.36933418514444e-031
outer loop
vertex 93.8526943874631 14.3079217097396 34.0
vertex 94.4048083905885 14.6076951545867 38.0
vertex 93.8526943874631 14.3079217097396 38.0
endloop
endfacet
facet normal 0.544639035015027 -0.838670567945424 1.86441402859108e-018
outer loop
vertex 94.9404768107689 14.9359531846549 38.0
vertex 94.4048083905885 14.6076951545867 34.0
vertex 94.9404768107689 14.9359531846549 34.0
endloop
endfacet
facet normal 0.499999999999997 -0.86602540378444 1.86441402859065e-018
outer loop
vertex 94.4048083905885 14.6076951545867 34.0
vertex 94.9404768107689 14.9359531846549 38.0
vertex 94.4048083905885 14.6076951545867 38.0
endloop
endfacet
facet normal 0.587785252292476 -0.809016994374946 0.0
outer loop
vertex 95.4582314180982 15.2917960675006 38.0
vertex 94.9404768107689 14.9359531846549 34.0
vertex 95.4582314180982 15.2917960675006 34.0
endloop
endfacet
facet normal 0.544639035015027 -0.838670567945424 1.86441402859108e-018
outer loop
vertex 94.9404768107689 14.9359531846549 34.0
vertex 95.4582314180982 15.2917960675006 38.0
vertex 94.9404768107689 14.9359531846549 38.0
endloop
endfacet
facet normal 0.669130606358857 -0.743144825477395 -1.50518117867686e-018
outer loop
vertex 96.4343756668948 16.0822620942713 38.0
vertex 95.9566530831866 15.6742484625163 34.0
vertex 96.4343756668948 16.0822620942713 34.0
endloop
endfacet
facet normal 0.629320391049837 -0.777145961456971 -6.45789782233312e-031
outer loop
vertex 95.9566530831866 15.6742484625163 34.0
vertex 96.4343756668948 16.0822620942713 38.0
vertex 95.9566530831866 15.6742484625163 38.0
endloop
endfacet
facet normal 0.629320391049837 -0.777145961456971 -6.45789782233312e-031
outer loop
vertex 95.9566530831866 15.6742484625163 38.0
vertex 95.4582314180982 15.2917960675006 34.0
vertex 95.9566530831866 15.6742484625163 34.0
endloop
endfacet
facet normal 0.587785252292476 -0.809016994374946 0.0
outer loop
vertex 95.4582314180982 15.2917960675006 34.0
vertex 95.9566530831866 15.6742484625163 38.0
vertex 95.4582314180982 15.2917960675006 38.0
endloop
endfacet
facet normal 0.777145961456973 -0.629320391049835 -7.88884472250003e-031
outer loop
vertex 97.7305599280722 17.448155307402 34.0
vertex 97.3225462963173 16.9704327236937 38.0
vertex 97.3225462963173 16.9704327236937 34.0
endloop
endfacet
facet normal 0.743144825477394 -0.669130606358859 -3.79049843876359e-031
outer loop
vertex 97.3225462963173 16.9704327236937 38.0
vertex 97.7305599280722 17.448155307402 34.0
vertex 97.7305599280722 17.448155307402 38.0
endloop
endfacet
facet normal 0.809016994374947 -0.587785252292474 -7.88884472250003e-031
outer loop
vertex 98.1130123230879 17.9465769724903 34.0
vertex 97.7305599280722 17.448155307402 38.0
vertex 97.7305599280722 17.448155307402 34.0
endloop
endfacet
facet normal 0.777145961456973 -0.629320391049835 -7.88884472250003e-031
outer loop
vertex 97.7305599280722 17.448155307402 38.0
vertex 98.1130123230879 17.9465769724903 34.0
vertex 98.1130123230879 17.9465769724903 38.0
endloop
endfacet
facet normal 0.838670567945423 -0.544639035015028 -1.14251438613858e-018
outer loop
vertex 98.4688552059336 18.4643315798197 34.0
vertex 98.1130123230879 17.9465769724903 38.0
vertex 98.1130123230879 17.9465769724903 34.0
endloop
endfacet
facet normal 0.809016994374947 -0.587785252292474 -7.88884472250003e-031
outer loop
vertex 98.1130123230879 17.9465769724903 38.0
vertex 98.4688552059336 18.4643315798197 34.0
vertex 98.4688552059336 18.4643315798197 38.0
endloop
endfacet
facet normal 0.866025403784439 -0.5 -1.14251438613858e-018
outer loop
vertex 98.7971132360018 19.0 34.0
vertex 98.4688552059336 18.4643315798197 38.0
vertex 98.4688552059336 18.4643315798197 34.0
endloop
endfacet
facet normal 0.838670567945423 -0.544639035015028 -1.14251438613858e-018
outer loop
vertex 98.4688552059336 18.4643315798197 38.0
vertex 98.7971132360018 19.0 34.0
vertex 98.7971132360018 19.0 38.0
endloop
endfacet
facet normal 0.891006524188368 -0.453990499739546 9.8681292325654e-019
outer loop
vertex 99.096886680849 19.5521140031254 34.0
vertex 98.7971132360018 19.0 38.0
vertex 98.7971132360018 19.0 34.0
endloop
endfacet
facet normal 0.866025403784439 -0.5 -1.14251438613858e-018
outer loop
vertex 98.7971132360018 19.0 38.0
vertex 99.096886680849 19.5521140031254 34.0
vertex 99.096886680849 19.5521140031254 38.0
endloop
endfacet
facet normal 0.913545457642602 -0.406736643075797 -2.32813891835898e-020
outer loop
vertex 99.3673538822998 20.1191602830904 34.0
vertex 99.096886680849 19.5521140031254 38.0
vertex 99.096886680849 19.5521140031254 34.0
endloop
endfacet
facet normal 0.891006524188368 -0.453990499739546 9.8681292325654e-019
outer loop
vertex 99.096886680849 19.5521140031254 38.0
vertex 99.3673538822998 20.1191602830904 34.0
vertex 99.3673538822998 20.1191602830904 38.0
endloop
endfacet
facet normal 0.933580426497202 -0.358367949545301 -1.01009431244013e-018
outer loop
vertex 99.607773508555 20.6995846054564 34.0
vertex 99.3673538822998 20.1191602830904 38.0
vertex 99.3673538822998 20.1191602830904 34.0
endloop
endfacet
facet normal 0.913545457642602 -0.406736643075797 -2.32813891835898e-020
outer loop
vertex 99.3673538822998 20.1191602830904 38.0
vertex 99.607773508555 20.6995846054564 34.0
vertex 99.607773508555 20.6995846054564 38.0
endloop
endfacet
facet normal 0.951056516295154 -0.309016994374946 1.90683762734701e-030
outer loop
vertex 99.8174865861304 21.2917960675006 34.0
vertex 99.607773508555 20.6995846054564 38.0
vertex 99.607773508555 20.6995846054564 34.0
endloop
endfacet
facet normal 0.933580426497202 -0.358367949545301 -1.01009431244013e-018
outer loop
vertex 99.607773508555 20.6995846054564 38.0
vertex 99.8174865861304 21.2917960675006 34.0
vertex 99.8174865861304 21.2917960675006 38.0
endloop
endfacet
facet normal -0.965925826289063 0.258819045102542 1.37651977350041e-016
outer loop
vertex 83.5556399116552 26.2993307778927 34.9336441091219
vertex 83.49919364042 26.0642151372945 34.0
vertex 83.49919364042 26.0642151372945 34.9336441091219
endloop
endfacet
facet normal -0.973663161593177 0.227991332634334 1.38678611762666e-016
outer loop
vertex 83.49919364042 26.0642151372945 34.0
vertex 83.5556399116552 26.2993307778927 34.9336441091219
vertex 83.5556399116552 26.2993307778927 34.0
endloop
endfacet
facet normal -0.951056516295151 0.309016994374956 1.35658137378224e-016
outer loop
vertex 83.6302872472617 26.5513359595473 34.9336441091219
vertex 83.5556399116552 26.2993307778927 34.0
vertex 83.5556399116552 26.2993307778927 34.9336441091219
endloop
endfacet
facet normal -0.965925826289063 0.258819045102542 1.37651977350041e-016
outer loop
vertex 83.5556399116552 26.2993307778927 34.0
vertex 83.6302872472617 26.5513359595473 34.9336441091219
vertex 83.6302872472617 26.5513359595473 34.0
endloop
endfacet
facet normal -0.973663161593177 0.227991332634334 1.38678611762666e-016
outer loop
vertex 83.49919364042 26.0642151372945 34.9336441091219
vertex 83.4611718636247 25.8976380979077 34.0
vertex 83.4611718636247 25.8976380979077 34.9336441091219
endloop
endfacet
facet normal -0.984260934477986 0.176721285816174 1.40063891687406e-016
outer loop
vertex 83.4611718636247 25.8976380979077 34.0
vertex 83.49919364042 26.0642151372945 34.9336441091219
vertex 83.49919364042 26.0642151372945 34.0
endloop
endfacet
facet normal -0.984260934477986 0.176721285816171 1.40063891687406e-016
outer loop
vertex 83.4611718636247 25.8976380979077 34.9336441091219
vertex 83.4428941929149 25.7588054054424 34.0
vertex 83.4428941929149 25.7588054054424 34.9336441091219
endloop
endfacet
facet normal -0.991444861373811 0.130526192220047 1.40976507193722e-016
outer loop
vertex 83.4428941929149 25.7588054054424 34.0
vertex 83.4611718636247 25.8976380979077 34.9336441091219
vertex 83.4611718636247 25.8976380979077 34.0
endloop
endfacet
facet normal 0.9335804264972 -0.358367949545304 -1.89540398297835e-016
outer loop
vertex 84.6724068307587 26.4327347231288 31.0
vertex 84.602538415601 26.2354324052684 34.9336441091219
vertex 84.602538415601 26.2354324052684 31.0
endloop
endfacet
facet normal 0.951056516295152 -0.309016994374954 -1.92676547860211e-016
outer loop
vertex 84.602538415601 26.2354324052684 34.9336441091219
vertex 84.6724068307587 26.4327347231288 31.0
vertex 84.6724068307587 26.4327347231288 34.9336441091219
endloop
endfacet
facet normal 0.951056516295152 -0.309016994374954 -1.92676547860211e-016
outer loop
vertex 84.602538415601 26.2354324052684 31.0
vertex 84.5430917581522 26.0347438530592 34.9336441091219
vertex 84.5430917581522 26.0347438530592 31.0
endloop
endfacet
facet normal 0.965925826289066 -0.258819045102531 -1.95284584397685e-016
outer loop
vertex 84.5430917581522 26.0347438530592 34.9336441091219
vertex 84.602538415601 26.2354324052684 31.0
vertex 84.602538415601 26.2354324052684 34.9336441091219
endloop
endfacet
facet normal 0.991444861373807 0.130526192220082 -1.38405150856364e-020
outer loop
vertex 78.5194538507053 23.5 34.0
vertex 78.5279249846372 23.4356553495977 44.0
vertex 78.5279249846372 23.4356553495977 34.0
endloop
endfacet
facet normal 0.987688340595136 0.156434465040244 3.20065449780608e-019
outer loop
vertex 78.5279249846372 23.4356553495977 44.0
vertex 78.5194538507053 23.5 34.0
vertex 78.5194538507053 23.5 44.0
endloop
endfacet
facet normal -1.0 1.11092436231069e-014 2.53071072379163e-020
outer loop
vertex 92.4027516356433 25.0 34.9336441091219
vertex 92.3972725933728 24.790763817265 31.0
vertex 92.3972725933728 24.790763817265 34.9336441091219
endloop
endfacet
facet normal -0.998629534754573 0.0523359562429576 1.01735910283552e-016
outer loop
vertex 92.3972725933728 24.790763817265 31.0
vertex 92.4027516356433 25.0 34.9336441091219
vertex 92.4027516356433 25.0 31.0
endloop
endfacet
facet normal -0.998629534754573 0.0523359562429576 1.01735910283552e-016
outer loop
vertex 92.3972725933728 24.790763817265 34.9336441091219
vertex 92.3808504842352 24.5821011363631 31.0
vertex 92.3808504842352 24.5821011363631 34.9336441091219
endloop
endfacet
facet normal -0.994521895368273 0.104528463267659 1.99875882536607e-016
outer loop
vertex 92.3808504842352 24.5821011363631 31.0
vertex 92.3972725933728 24.790763817265 34.9336441091219
vertex 92.3972725933728 24.790763817265 31.0
endloop
endfacet
facet normal -0.994521895368273 0.104528463267659 1.99875882536607e-016
outer loop
vertex 92.3808504842352 24.5821011363631 34.9336441091219
vertex 92.3535303200903 24.3745838871987 31.0
vertex 92.3535303200903 24.3745838871987 34.9336441091219
endloop
endfacet
facet normal -0.987688340595139 0.156434465040223 1.98889191724949e-016
outer loop
vertex 92.3535303200903 24.3745838871987 31.0
vertex 92.3808504842352 24.5821011363631 34.9336441091219
vertex 92.3808504842352 24.5821011363631 31.0
endloop
endfacet
facet normal -0.987688340595139 0.156434465040223 1.98889191724949e-016
outer loop
vertex 92.3535303200903 24.3745838871987 34.9336441091219
vertex 92.3153869836088 24.1687808601271 31.0
vertex 92.3153869836088 24.1687808601271 34.9336441091219
endloop
endfacet
facet normal -0.978147600733807 0.207911690817754 1.97357359463391e-016
outer loop
vertex 92.3153869836088 24.1687808601271 31.0
vertex 92.3535303200903 24.3745838871987 34.9336441091219
vertex 92.3535303200903 24.3745838871987 31.0
endloop
endfacet
facet normal -0.978147600733807 0.207911690817754 1.97357359463391e-016
outer loop
vertex 92.3153869836088 24.1687808601271 34.9336441091219
vertex 92.2665250230249 23.9652561469408 31.0
vertex 92.2665250230249 23.9652561469408 34.9336441091219
endloop
endfacet
facet normal -0.965925826289067 0.258819045102527 1.95284584397686e-016
outer loop
vertex 92.2665250230249 23.9652561469408 31.0
vertex 92.3153869836088 24.1687808601271 34.9336441091219
vertex 92.3153869836088 24.1687808601271 31.0
endloop
endfacet
facet normal -0.965925826289067 0.258819045102527 1.95284584397686e-016
outer loop
vertex 92.2665250230249 23.9652561469408 34.9336441091219
vertex 92.2070783655761 23.7645675947316 31.0
vertex 92.2070783655761 23.7645675947316 34.9336441091219
endloop
endfacet
facet normal -0.951056516295149 0.309016994374963 1.92676547860211e-016
outer loop
vertex 92.2070783655761 23.7645675947316 31.0
vertex 92.2665250230249 23.9652561469408 34.9336441091219
vertex 92.2665250230249 23.9652561469408 31.0
endloop
endfacet
facet normal -0.309016994374951 -0.951056516295152 5.48780084688435e-017
outer loop
vertex 89.6402407958569 28.8022699749876 34.9336441091219
vertex 89.4395522436477 28.8617166324363 31.0
vertex 89.6402407958569 28.8022699749876 31.0
endloop
endfacet
facet normal -0.258819045102536 -0.965925826289064 4.47188886876476e-017
outer loop
vertex 89.4395522436477 28.8617166324363 31.0
vertex 89.6402407958569 28.8022699749876 34.9336441091219
vertex 89.4395522436477 28.8617166324363 34.9336441091219
endloop
endfacet
facet normal -0.358367949545293 -0.933580426497204 6.48867114433501e-017
outer loop
vertex 89.8375431137173 28.7324015598299 34.9336441091219
vertex 89.6402407958569 28.8022699749876 31.0
vertex 89.8375431137173 28.7324015598299 31.0
endloop
endfacet
facet normal -0.309016994374951 -0.951056516295152 5.48780084688435e-017
outer loop
vertex 89.6402407958569 28.8022699749876 31.0
vertex 89.8375431137173 28.7324015598299 34.9336441091219
vertex 89.6402407958569 28.8022699749876 34.9336441091219
endloop
endfacet
facet normal -0.406736643075794 -0.913545457642604 7.47175644520128e-017
outer loop
vertex 90.0309184052897 28.6523028914327 34.9336441091219
vertex 89.8375431137173 28.7324015598299 31.0
vertex 90.0309184052897 28.6523028914327 31.0
endloop
endfacet
facet normal -0.358367949545293 -0.933580426497204 6.48867114433501e-017
outer loop
vertex 89.8375431137173 28.7324015598299 31.0
vertex 90.0309184052897 28.6523028914327 34.9336441091219
vertex 89.8375431137173 28.7324015598299 34.9336441091219
endloop
endfacet
facet normal -0.453990499739545 -0.891006524188369 8.43436218100675e-017
outer loop
vertex 90.2198366423413 28.5621935146786 34.9336441091219
vertex 90.0309184052897 28.6523028914327 31.0
vertex 90.2198366423413 28.5621935146786 31.0
endloop
endfacet
facet normal -0.406736643075794 -0.913545457642604 7.47175644520128e-017
outer loop
vertex 90.0309184052897 28.6523028914327 31.0
vertex 90.2198366423413 28.5621935146786 34.9336441091219
vertex 90.0309184052897 28.6523028914327 34.9336441091219
endloop
endfacet
facet normal -0.500000000000002 -0.866025403784438 9.37384991633939e-017
outer loop
vertex 90.4037800131159 28.4623204131058 34.9336441091219
vertex 90.2198366423413 28.5621935146786 31.0
vertex 90.4037800131159 28.4623204131058 31.0
endloop
endfacet
facet normal -0.453990499739545 -0.891006524188369 8.43436218100675e-017
outer loop
vertex 90.2198366423413 28.5621935146786 31.0
vertex 90.4037800131159 28.4623204131058 34.9336441091219
vertex 90.2198366423413 28.5621935146786 34.9336441091219
endloop
endfacet
facet normal -0.544639035015025 -0.838670567945426 1.02876445806195e-016
outer loop
vertex 90.5822443416201 28.3529573319437 34.9336441091219
vertex 90.4037800131159 28.4623204131058 31.0
vertex 90.5822443416201 28.3529573319437 31.0
endloop
endfacet
facet normal -0.500000000000002 -0.866025403784438 9.37384991633939e-017
outer loop
vertex 90.4037800131159 28.4623204131058 31.0
vertex 90.5822443416201 28.3529573319437 34.9336441091219
vertex 90.4037800131159 28.4623204131058 34.9336441091219
endloop
endfacet
facet normal -0.587785252292469 -0.80901699437495 1.11732415261896e-016
outer loop
vertex 90.754740469534 28.2344040277959 34.9336441091219
vertex 90.5822443416201 28.3529573319437 31.0
vertex 90.754740469534 28.2344040277959 31.0
endloop
endfacet
facet normal -0.544639035015025 -0.838670567945426 1.02876445806195e-016
outer loop
vertex 90.5822443416201 28.3529573319437 31.0
vertex 90.754740469534 28.2344040277959 34.9336441091219
vertex 90.5822443416201 28.3529573319437 34.9336441091219
endloop
endfacet
facet normal -0.629320391049837 -0.777145961456971 1.2028213393379e-016
outer loop
vertex 90.9207955969616 28.1069854470284 34.9336441091219
vertex 90.754740469534 28.2344040277959 31.0
vertex 90.9207955969616 28.1069854470284 31.0
endloop
endfacet
facet normal -0.587785252292469 -0.80901699437495 1.11732415261896e-016
outer loop
vertex 90.754740469534 28.2344040277959 31.0
vertex 90.9207955969616 28.1069854470284 34.9336441091219
vertex 90.754740469534 28.2344040277959 34.9336441091219
endloop
endfacet
facet normal -0.669130606358857 -0.743144825477395 1.2850216763728e-016
outer loop
vertex 91.0799545783403 27.9710508351148 34.9336441091219
vertex 90.9207955969616 28.1069854470284 31.0
vertex 91.0799545783403 27.9710508351148 31.0
endloop
endfacet
facet normal -0.629320391049837 -0.777145961456971 1.2028213393379e-016
outer loop
vertex 90.9207955969616 28.1069854470284 31.0
vertex 91.0799545783403 27.9710508351148 34.9336441091219
vertex 90.9207955969616 28.1069854470284 34.9336441091219
endloop
endfacet
facet normal -0.707106781186553 -0.707106781186542 1.36369985831353e-016
outer loop
vertex 91.2317811699657 27.8269727793772 34.9336441091219
vertex 91.0799545783403 27.9710508351148 31.0
vertex 91.2317811699657 27.8269727793772 31.0
endloop
endfacet
facet normal -0.669130606358857 -0.743144825477395 1.2850216763728e-016
outer loop
vertex 91.0799545783403 27.9710508351148 31.0
vertex 91.2317811699657 27.8269727793772 34.9336441091219
vertex 91.0799545783403 27.9710508351148 34.9336441091219
endloop
endfacet
facet normal -0.707106781186553 -0.707106781186542 1.36369985831353e-016
outer loop
vertex 91.2317811699657 27.8269727793772 34.9336441091219
vertex 91.3758592257034 27.6751461877517 31.0
vertex 91.3758592257034 27.6751461877517 34.9336441091219
endloop
endfacet
facet normal -0.743144825477398 -0.669130606358854 1.43864023373222e-016
outer loop
vertex 91.3758592257034 27.6751461877517 31.0
vertex 91.2317811699657 27.8269727793772 34.9336441091219
vertex 91.2317811699657 27.8269727793772 31.0
endloop
endfacet
facet normal -0.743144825477398 -0.669130606358854 1.43864023373222e-016
outer loop
vertex 91.3758592257034 27.6751461877517 34.9336441091219
vertex 91.5117938376171 27.5159872063729 31.0
vertex 91.5117938376171 27.5159872063729 34.9336441091219
endloop
endfacet
facet normal -0.777145961456978 -0.629320391049829 1.50963739626892e-016
outer loop
vertex 91.5117938376171 27.5159872063729 31.0
vertex 91.3758592257034 27.6751461877517 34.9336441091219
vertex 91.3758592257034 27.6751461877517 31.0
endloop
endfacet
facet normal -0.777145961456978 -0.629320391049829 1.50963739626892e-016
outer loop
vertex 91.5117938376171 27.5159872063729 34.9336441091219
vertex 91.6392124183844 27.3499320789456 31.0
vertex 91.6392124183844 27.3499320789456 34.9336441091219
endloop
endfacet
facet normal -0.809016994374955 -0.587785252292463 1.57649674763605e-016
outer loop
vertex 91.6392124183844 27.3499320789456 31.0
vertex 91.5117938376171 27.5159872063729 34.9336441091219
vertex 91.5117938376171 27.5159872063729 31.0
endloop
endfacet
facet normal -0.809016994374955 -0.587785252292463 1.57649674763605e-016
outer loop
vertex 91.6392124183844 27.3499320789456 34.9336441091219
vertex 91.7577657225322 27.1774359510315 31.0
vertex 91.7577657225322 27.1774359510315 34.9336441091219
endloop
endfacet
facet normal -0.838670567945423 -0.544639035015029 1.63903503099883e-016
outer loop
vertex 91.7577657225322 27.1774359510315 31.0
vertex 91.6392124183844 27.3499320789456 34.9336441091219
vertex 91.6392124183844 27.3499320789456 31.0
endloop
endfacet
facet normal -0.838670567945423 -0.544639035015029 1.63903503099883e-016
outer loop
vertex 91.7577657225322 27.1774359510315 34.9336441091219
vertex 91.8671288036944 26.9989716225274 31.0
vertex 91.8671288036944 26.9989716225274 34.9336441091219
endloop
endfacet
facet normal -0.866025403784437 -0.500000000000003 1.6970808332696e-016
outer loop
vertex 91.8671288036944 26.9989716225274 31.0
vertex 91.7577657225322 27.1774359510315 34.9336441091219
vertex 91.7577657225322 27.1774359510315 31.0
endloop
endfacet
facet normal -0.866025403784437 -0.500000000000003 1.6970808332696e-016
outer loop
vertex 91.8671288036944 26.9989716225274 34.9336441091219
vertex 91.9670019052671 26.8150282517528 31.0
vertex 91.9670019052671 26.8150282517528 34.9336441091219
endloop
endfacet
facet normal -0.891006524188369 -0.453990499739544 1.75047505493902e-016
outer loop
vertex 91.9670019052671 26.8150282517528 31.0
vertex 91.8671288036944 26.9989716225274 34.9336441091219
vertex 91.8671288036944 26.9989716225274 31.0
endloop
endfacet
facet normal -0.891006524188369 -0.453990499739544 1.75047505493902e-016
outer loop
vertex 91.9670019052671 26.8150282517528 34.9336441091219
vertex 92.0571112820213 26.6261100147011 31.0
vertex 92.0571112820213 26.6261100147011 34.9336441091219
endloop
endfacet
facet normal -0.913545457642601 -0.4067366430758 1.79907134615687e-016
outer loop
vertex 92.0571112820213 26.6261100147011 31.0
vertex 91.9670019052671 26.8150282517528 34.9336441091219
vertex 91.9670019052671 26.8150282517528 31.0
endloop
endfacet
facet normal -0.913545457642601 -0.4067366430758 1.79907134615687e-016
outer loop
vertex 92.0571112820213 26.6261100147011 34.9336441091219
vertex 92.1372099504184 26.4327347231288 31.0
vertex 92.1372099504184 26.4327347231288 34.9336441091219
endloop
endfacet
facet normal -0.933580426497199 -0.358367949545308 1.84273650786682e-016
outer loop
vertex 92.1372099504184 26.4327347231288 31.0
vertex 92.0571112820213 26.6261100147011 34.9336441091219
vertex 92.0571112820213 26.6261100147011 31.0
endloop
endfacet
facet normal -0.933580426497199 -0.358367949545308 1.84273650786682e-016
outer loop
vertex 92.1372099504184 26.4327347231288 34.9336441091219
vertex 92.2070783655761 26.2354324052684 31.0
vertex 92.2070783655761 26.2354324052684 34.9336441091219
endloop
endfacet
facet normal -0.951056516295152 -0.309016994374952 1.88135085689576e-016
outer loop
vertex 92.2070783655761 26.2354324052684 31.0
vertex 92.1372099504184 26.4327347231288 34.9336441091219
vertex 92.1372099504184 26.4327347231288 31.0
endloop
endfacet
facet normal -0.951056516295152 -0.309016994374952 1.88135085689576e-016
outer loop
vertex 92.2070783655761 26.2354324052684 34.9336441091219
vertex 92.2665250230249 26.0347438530592 31.0
vertex 92.2665250230249 26.0347438530592 34.9336441091219
endloop
endfacet
facet normal -0.965925826289069 -0.258819045102519 1.91480855399705e-016
outer loop
vertex 92.2665250230249 26.0347438530592 31.0
vertex 92.2070783655761 26.2354324052684 34.9336441091219
vertex 92.2070783655761 26.2354324052684 31.0
endloop
endfacet
facet normal -0.965925826289069 -0.258819045102519 1.91480855399705e-016
outer loop
vertex 92.2665250230249 26.0347438530592 34.9336441091219
vertex 92.3153869836088 25.8312191398728 31.0
vertex 92.3153869836088 25.8312191398728 34.9336441091219
endloop
endfacet
facet normal -0.978147600733806 -0.207911690817758 1.94301789394853e-016
outer loop
vertex 92.3153869836088 25.8312191398728 31.0
vertex 92.2665250230249 26.0347438530592 34.9336441091219
vertex 92.2665250230249 26.0347438530592 31.0
endloop
endfacet
facet normal -0.978147600733806 -0.207911690817758 1.94301789394853e-016
outer loop
vertex 92.3153869836088 25.8312191398728 34.9336441091219
vertex 92.3535303200903 25.6254161128013 31.0
vertex 92.3535303200903 25.6254161128013 34.9336441091219
endloop
endfacet
facet normal -0.987688340595137 -0.156434465040237 1.96590155691022e-016
outer loop
vertex 92.3535303200903 25.6254161128013 31.0
vertex 92.3153869836088 25.8312191398728 34.9336441091219
vertex 92.3153869836088 25.8312191398728 31.0
endloop
endfacet
facet normal 8.75216526555578e-017 2.24040313026077e-030 1.0
outer loop
vertex 100.306729587725 23.5 34.0
vertex 98.3500273442713 23.9547153673235 34.0
vertex 98.2901629304718 23.5 34.0
endloop
endfacet
facet normal 8.75216526555578e-017 2.24040313026077e-030 1.0
outer loop
vertex 98.3500273442713 23.9547153673235 34.0
vertex 100.306729587725 23.5 34.0
vertex 98.3911037381343 24.4766404375706 34.0
endloop
endfacet
facet normal 8.75216526555578e-017 2.24040313026077e-030 1.0
outer loop
vertex 98.3911037381343 24.4766404375706 34.0
vertex 100.306729587725 23.5 34.0
vertex 98.4048083905885 25.0 34.0
endloop
endfacet
facet normal 8.75216526555578e-017 2.24040313026077e-030 1.0
outer loop
vertex 98.3500273442713 26.0452846326765 34.0
vertex 100.306729587725 26.5 34.0
vertex 98.2901629304718 26.5 34.0
endloop
endfacet
facet normal 8.75216526555578e-017 2.24040313026077e-030 1.0
outer loop
vertex 100.306729587725 26.5 34.0
vertex 98.3500273442713 26.0452846326765 34.0
vertex 98.3911037381343 25.5233595624294 34.0
endloop
endfacet
facet normal 8.75216526555578e-017 2.24040313026077e-030 1.0
outer loop
vertex 100.306729587725 26.5 34.0
vertex 98.3911037381343 25.5233595624294 34.0
vertex 98.4048083905885 25.0 34.0
endloop
endfacet
facet normal 8.75216526555578e-017 2.24040313026077e-030 1.0
outer loop
vertex 100.306729587725 26.5 34.0
vertex 98.4048083905885 25.0 34.0
vertex 100.306729587725 23.5 34.0
endloop
endfacet
facet normal 8.75216526555578e-017 2.24040313026077e-030 1.0
outer loop
vertex 100.306729587725 26.5 34.0
vertex 100.306729587725 23.5 34.0
vertex 100.339071135008 23.7456584407882 34.0
endloop
endfacet
facet normal 8.75216526555578e-017 2.24040313026077e-030 1.0
outer loop
vertex 100.306729587725 26.5 34.0
vertex 100.339071135008 23.7456584407882 34.0
vertex 100.339071135008 26.2543415592118 34.0
endloop
endfacet
facet normal 8.75216526555578e-017 2.24040313026077e-030 1.0
outer loop
vertex 100.339071135008 26.2543415592118 34.0
vertex 100.339071135008 23.7456584407882 34.0
vertex 100.388362807643 24.3719685250847 34.0
endloop
endfacet
facet normal 8.75216526555578e-017 2.24040313026077e-030 1.0
outer loop
vertex 100.339071135008 26.2543415592118 34.0
vertex 100.388362807643 24.3719685250847 34.0
vertex 100.388362807643 25.6280314749153 34.0
endloop
endfacet
facet normal 8.75216526555578e-017 2.24040313026077e-030 1.0
outer loop
vertex 100.388362807643 25.6280314749153 34.0
vertex 100.388362807643 24.3719685250847 34.0
vertex 100.404808390589 25.0 34.0
endloop
endfacet
facet normal 0.453990499739546 0.891006524188368 -8.43436218100677e-017
outer loop
vertex 86.5897801388358 21.4378064853214 34.9336441091219
vertex 86.7786983758874 21.3476971085673 31.0
vertex 86.5897801388358 21.4378064853214 31.0
endloop
endfacet
facet normal 0.406736643075805 0.913545457642599 -7.4717564452015e-017
outer loop
vertex 86.7786983758874 21.3476971085673 31.0
vertex 86.5897801388358 21.4378064853214 34.9336441091219
vertex 86.7786983758874 21.3476971085673 34.9336441091219
endloop
endfacet
facet normal 0.499999999999995 0.866025403784441 -9.37384991633926e-017
outer loop
vertex 86.4058367680612 21.5376795868942 34.9336441091219
vertex 86.5897801388358 21.4378064853214 31.0
vertex 86.4058367680612 21.5376795868942 31.0
endloop
endfacet
facet normal 0.453990499739546 0.891006524188368 -8.43436218100677e-017
outer loop
vertex 86.5897801388358 21.4378064853214 31.0
vertex 86.4058367680612 21.5376795868942 34.9336441091219
vertex 86.5897801388358 21.4378064853214 34.9336441091219
endloop
endfacet
facet normal 0.358367949545311 0.933580426497198 -6.48867114433537e-017
outer loop
vertex 86.9720736674597 21.2675984401702 34.9336441091219
vertex 87.1693759853201 21.1977300250125 31.0
vertex 86.9720736674597 21.2675984401702 31.0
endloop
endfacet
facet normal 0.309016994374958 0.95105651629515 -5.48780084688448e-017
outer loop
vertex 87.1693759853201 21.1977300250125 31.0
vertex 86.9720736674597 21.2675984401702 34.9336441091219
vertex 87.1693759853201 21.1977300250125 34.9336441091219
endloop
endfacet
facet normal 0.406736643075805 0.913545457642599 -7.4717564452015e-017
outer loop
vertex 86.7786983758874 21.3476971085673 34.9336441091219
vertex 86.9720736674597 21.2675984401702 31.0
vertex 86.7786983758874 21.3476971085673 31.0
endloop
endfacet
facet normal 0.358367949545311 0.933580426497198 -6.48867114433537e-017
outer loop
vertex 86.9720736674597 21.2675984401702 31.0
vertex 86.7786983758874 21.3476971085673 34.9336441091219
vertex 86.9720736674597 21.2675984401702 34.9336441091219
endloop
endfacet
facet normal 0.258819045102523 0.965925826289068 -4.4718888687645e-017
outer loop
vertex 87.3700645375293 21.1382833675637 34.9336441091219
vertex 87.5735892507158 21.0894214069797 31.0
vertex 87.3700645375293 21.1382833675637 31.0
endloop
endfacet
facet normal 0.20791169081776 0.978147600733806 -3.44371975409253e-017
outer loop
vertex 87.5735892507158 21.0894214069797 31.0
vertex 87.3700645375293 21.1382833675637 34.9336441091219
vertex 87.5735892507158 21.0894214069797 34.9336441091219
endloop
endfacet
facet normal 0.309016994374958 0.95105651629515 -5.48780084688448e-017
outer loop
vertex 87.1693759853201 21.1977300250125 34.9336441091219
vertex 87.3700645375293 21.1382833675637 31.0
vertex 87.1693759853201 21.1977300250125 31.0
endloop
endfacet
facet normal 0.258819045102523 0.965925826289068 -4.4718888687645e-017
outer loop
vertex 87.3700645375293 21.1382833675637 31.0
vertex 87.1693759853201 21.1977300250125 34.9336441091219
vertex 87.3700645375293 21.1382833675637 34.9336441091219
endloop
endfacet
facet normal 0.66913060635886 0.743144825477393 -1.2850216763728e-016
outer loop
vertex 85.7296622028367 22.0289491648853 34.9336441091219
vertex 85.8888211842157 21.8930145529714 31.0
vertex 85.7296622028367 22.0289491648853 31.0
endloop
endfacet
facet normal 0.629320391049831 0.777145961456976 -1.20282133933789e-016
outer loop
vertex 85.8888211842157 21.8930145529714 31.0
vertex 85.7296622028367 22.0289491648853 34.9336441091219
vertex 85.8888211842157 21.8930145529714 34.9336441091219
endloop
endfacet
facet normal 0.707106781186546 0.707106781186549 -1.36369985831351e-016
outer loop
vertex 85.5778356112114 22.1730272206228 34.9336441091219
vertex 85.7296622028367 22.0289491648853 31.0
vertex 85.5778356112114 22.1730272206228 31.0
endloop
endfacet
facet normal 0.66913060635886 0.743144825477393 -1.2850216763728e-016
outer loop
vertex 85.7296622028367 22.0289491648853 31.0
vertex 85.5778356112114 22.1730272206228 34.9336441091219
vertex 85.7296622028367 22.0289491648853 34.9336441091219
endloop
endfacet
facet normal 0.743144825477388 0.669130606358865 -1.4386402337322e-016
outer loop
vertex 85.4337575554737 22.3248538122482 31.0
vertex 85.5778356112114 22.1730272206228 34.9336441091219
vertex 85.5778356112114 22.1730272206228 31.0
endloop
endfacet
facet normal 0.707106781186546 0.707106781186549 -1.36369985831351e-016
outer loop
vertex 85.5778356112114 22.1730272206228 34.9336441091219
vertex 85.4337575554737 22.3248538122482 31.0
vertex 85.4337575554737 22.3248538122482 34.9336441091219
endloop
endfacet
facet normal 0.777145961456967 0.629320391049842 -1.5096373962689e-016
outer loop
vertex 85.2978229435601 22.484012793627 31.0
vertex 85.4337575554737 22.3248538122482 34.9336441091219
vertex 85.4337575554737 22.3248538122482 31.0
endloop
endfacet
facet normal 0.743144825477388 0.669130606358865 -1.4386402337322e-016
outer loop
vertex 85.4337575554737 22.3248538122482 34.9336441091219
vertex 85.2978229435601 22.484012793627 31.0
vertex 85.2978229435601 22.484012793627 34.9336441091219
endloop
endfacet
facet normal 0.809016994374945 0.587785252292476 -1.57649674763603e-016
outer loop
vertex 85.1704043627927 22.6500679210545 31.0
vertex 85.2978229435601 22.484012793627 34.9336441091219
vertex 85.2978229435601 22.484012793627 31.0
endloop
endfacet
facet normal 0.777145961456967 0.629320391049842 -1.5096373962689e-016
outer loop
vertex 85.2978229435601 22.484012793627 34.9336441091219
vertex 85.1704043627927 22.6500679210545 31.0
vertex 85.1704043627927 22.6500679210545 34.9336441091219
endloop
endfacet
facet normal 0.838670567945424 0.544639035015027 -1.63903503099884e-016
outer loop
vertex 85.0518510586449 22.8225640489685 31.0
vertex 85.1704043627927 22.6500679210545 34.9336441091219
vertex 85.1704043627927 22.6500679210545 31.0
endloop
endfacet
facet normal 0.809016994374945 0.587785252292476 -1.57649674763603e-016
outer loop
vertex 85.1704043627927 22.6500679210545 34.9336441091219
vertex 85.0518510586449 22.8225640489685 31.0
vertex 85.0518510586449 22.8225640489685 34.9336441091219
endloop
endfacet
facet normal 0.866025403784436 0.500000000000005 -1.6970808332696e-016
outer loop
vertex 84.9424879774827 23.0010283774726 31.0
vertex 85.0518510586449 22.8225640489685 34.9336441091219
vertex 85.0518510586449 22.8225640489685 31.0
endloop
endfacet
facet normal 0.838670567945424 0.544639035015027 -1.63903503099884e-016
outer loop
vertex 85.0518510586449 22.8225640489685 34.9336441091219
vertex 84.9424879774827 23.0010283774726 31.0
vertex 84.9424879774827 23.0010283774726 34.9336441091219
endloop
endfacet
facet normal 0.891006524188364 0.453990499739555 -1.75047505493901e-016
outer loop
vertex 84.8426148759099 23.1849717482472 31.0
vertex 84.9424879774827 23.0010283774726 34.9336441091219
vertex 84.9424879774827 23.0010283774726 31.0
endloop
endfacet
facet normal 0.866025403784436 0.500000000000005 -1.6970808332696e-016
outer loop
vertex 84.9424879774827 23.0010283774726 34.9336441091219
vertex 84.8426148759099 23.1849717482472 31.0
vertex 84.8426148759099 23.1849717482472 34.9336441091219
endloop
endfacet
facet normal 0.9135454576426 0.406736643075803 -1.79907134615687e-016
outer loop
vertex 84.7525054991558 23.3738899852988 31.0
vertex 84.8426148759099 23.1849717482472 34.9336441091219
vertex 84.8426148759099 23.1849717482472 31.0
endloop
endfacet
facet normal 0.891006524188364 0.453990499739555 -1.75047505493901e-016
outer loop
vertex 84.8426148759099 23.1849717482472 34.9336441091219
vertex 84.7525054991558 23.3738899852988 31.0
vertex 84.7525054991558 23.3738899852988 34.9336441091219
endloop
endfacet
facet normal 0.933580426497202 0.3583679495453 -1.84273650786683e-016
outer loop
vertex 84.6724068307587 23.5672652768713 31.0
vertex 84.7525054991558 23.3738899852988 34.9336441091219
vertex 84.7525054991558 23.3738899852988 31.0
endloop
endfacet
facet normal 0.9135454576426 0.406736643075803 -1.79907134615687e-016
outer loop
vertex 84.7525054991558 23.3738899852988 34.9336441091219
vertex 84.6724068307587 23.5672652768713 31.0
vertex 84.6724068307587 23.5672652768713 34.9336441091219
endloop
endfacet
facet normal 0.951056516295152 0.309016994374951 -1.88135085689576e-016
outer loop
vertex 84.602538415601 23.7645675947315 31.0
vertex 84.6724068307587 23.5672652768713 34.9336441091219
vertex 84.6724068307587 23.5672652768713 31.0
endloop
endfacet
facet normal 0.933580426497202 0.3583679495453 -1.84273650786683e-016
outer loop
vertex 84.6724068307587 23.5672652768713 34.9336441091219
vertex 84.602538415601 23.7645675947315 31.0
vertex 84.602538415601 23.7645675947315 34.9336441091219
endloop
endfacet
facet normal 0.965925826289066 0.258819045102528 -1.91480855399704e-016
outer loop
vertex 84.5430917581522 23.9652561469408 31.0
vertex 84.602538415601 23.7645675947315 34.9336441091219
vertex 84.602538415601 23.7645675947315 31.0
endloop
endfacet
facet normal 0.951056516295152 0.309016994374951 -1.88135085689576e-016
outer loop
vertex 84.602538415601 23.7645675947315 34.9336441091219
vertex 84.5430917581522 23.9652561469408 31.0
vertex 84.5430917581522 23.9652561469408 34.9336441091219
endloop
endfacet
facet normal 0.97366316159318 0.227991332634321 -1.93256434362819e-016
outer loop
vertex 84.4942297975683 24.1687808601273 31.0
vertex 84.5430917581522 23.9652561469408 34.9336441091219
vertex 84.5430917581522 23.9652561469408 31.0
endloop
endfacet
facet normal 0.965925826289066 0.258819045102528 -1.91480855399704e-016
outer loop
vertex 84.5430917581522 23.9652561469408 34.9336441091219
vertex 84.4942297975683 24.1687808601273 31.0
vertex 84.4942297975683 24.1687808601273 34.9336441091219
endloop
endfacet
facet normal 0.984260934477985 0.176721285816181 -9.6945217942808e-017
outer loop
vertex 84.4681230189482 24.2831571533202 31.0
vertex 84.4942297975683 24.1687808601273 34.9336441091219
vertex 84.4942297975683 24.1687808601273 31.0
endloop
endfacet
facet normal 0.97366316159318 0.227991332634321 -1.93256434362819e-016
outer loop
vertex 84.4942297975683 24.1687808601273 34.9336441091219
vertex 84.4681230189482 24.2831571533202 31.0
vertex 84.4681230189482 24.2831571533202 34.9336441091219
endloop
endfacet
facet normal -0.89100652418837 0.453990499739542 1.81719567930356e-016
outer loop
vertex 91.9670019052671 23.1849717482472 34.9336441091219
vertex 91.8671288036944 23.0010283774726 31.0
vertex 91.8671288036944 23.0010283774726 34.9336441091219
endloop
endfacet
facet normal -0.866025403784439 0.5 1.7705632347767e-016
outer loop
vertex 91.8671288036944 23.0010283774726 31.0
vertex 91.9670019052671 23.1849717482472 34.9336441091219
vertex 91.9670019052671 23.1849717482472 31.0
endloop
endfacet
facet normal -0.866025403784439 0.5 1.7705632347767e-016
outer loop
vertex 91.8671288036944 23.0010283774726 34.9336441091219
vertex 91.7577657225322 22.8225640489685 31.0
vertex 91.7577657225322 22.8225640489685 34.9336441091219
endloop
endfacet
facet normal -0.838670567945425 0.544639035015025 1.71907779949366e-016
outer loop
vertex 91.7577657225322 22.8225640489685 31.0
vertex 91.8671288036944 23.0010283774726 34.9336441091219
vertex 91.8671288036944 23.0010283774726 31.0
endloop
endfacet
facet normal -0.838670567945425 0.544639035015025 1.71907779949366e-016
outer loop
vertex 91.7577657225322 22.8225640489685 34.9336441091219
vertex 91.6392124183844 22.6500679210545 31.0
vertex 91.6392124183844 22.6500679210545 34.9336441091219
endloop
endfacet
facet normal -0.809016994374946 0.587785252292475 1.66288049145384e-016
outer loop
vertex 91.6392124183844 22.6500679210545 31.0
vertex 91.7577657225322 22.8225640489685 34.9336441091219
vertex 91.7577657225322 22.8225640489685 31.0
endloop
endfacet
facet normal -0.809016994374946 0.587785252292475 1.66288049145384e-016
outer loop
vertex 91.6392124183844 22.6500679210545 34.9336441091219
vertex 91.511793837617 22.484012793627 31.0
vertex 91.511793837617 22.484012793627 34.9336441091219
endloop
endfacet
facet normal -0.777145961456967 0.629320391049843 1.60212534357235e-016
outer loop
vertex 91.511793837617 22.484012793627 31.0
vertex 91.6392124183844 22.6500679210545 34.9336441091219
vertex 91.6392124183844 22.6500679210545 31.0
endloop
endfacet
facet normal -0.777145961456967 0.629320391049843 1.60212534357235e-016
outer loop
vertex 91.511793837617 22.484012793627 34.9336441091219
vertex 91.3758592257033 22.3248538122482 31.0
vertex 91.3758592257033 22.3248538122482 34.9336441091219
endloop
endfacet
facet normal -0.743144825477394 0.669130606358858 1.53697888148651e-016
outer loop
vertex 91.3758592257033 22.3248538122482 31.0
vertex 91.511793837617 22.484012793627 34.9336441091219
vertex 91.511793837617 22.484012793627 31.0
endloop
endfacet
facet normal -0.743144825477394 0.669130606358858 1.53697888148651e-016
outer loop
vertex 91.3758592257033 22.3248538122482 34.9336441091219
vertex 91.2317811699657 22.1730272206228 31.0
vertex 91.2317811699657 22.1730272206228 34.9336441091219
endloop
endfacet
facet normal -0.707106781186538 0.707106781186557 1.46761966712058e-016
outer loop
vertex 91.2317811699657 22.1730272206228 31.0
vertex 91.3758592257033 22.3248538122482 34.9336441091219
vertex 91.3758592257033 22.3248538122482 31.0
endloop
endfacet
facet normal -0.669130606358854 0.743144825477398 1.39423780926009e-016
outer loop
vertex 91.0799545783404 22.0289491648853 34.9336441091219
vertex 91.2317811699657 22.1730272206228 31.0
vertex 91.0799545783404 22.0289491648853 31.0
endloop
endfacet
facet normal -0.707106781186538 0.707106781186557 1.46761966712058e-016
outer loop
vertex 91.2317811699657 22.1730272206228 31.0
vertex 91.0799545783404 22.0289491648853 34.9336441091219
vertex 91.2317811699657 22.1730272206228 34.9336441091219
endloop
endfacet
facet normal -0.629320391049839 0.77714596145697 1.31703444247671e-016
outer loop
vertex 90.9207955969615 21.8930145529715 34.9336441091219
vertex 91.0799545783404 22.0289491648853 31.0
vertex 90.9207955969615 21.8930145529715 31.0
endloop
endfacet
facet normal -0.669130606358854 0.743144825477398 1.39423780926009e-016
outer loop
vertex 91.0799545783404 22.0289491648853 31.0
vertex 90.9207955969615 21.8930145529715 34.9336441091219
vertex 91.0799545783404 22.0289491648853 34.9336441091219
endloop
endfacet
facet normal -0.587785252292467 0.809016994374952 1.23622117583241e-016
outer loop
vertex 90.754740469534 21.7655959722041 34.9336441091219
vertex 90.9207955969615 21.8930145529715 31.0
vertex 90.754740469534 21.7655959722041 31.0
endloop
endfacet
facet normal -0.629320391049839 0.77714596145697 1.31703444247671e-016
outer loop
vertex 90.9207955969615 21.8930145529715 31.0
vertex 90.754740469534 21.7655959722041 34.9336441091219
vertex 90.9207955969615 21.8930145529715 34.9336441091219
endloop
endfacet
facet normal -0.544639035015028 0.838670567945423 1.15201951287386e-016
outer loop
vertex 90.5822443416201 21.6470426680563 34.9336441091219
vertex 90.754740469534 21.7655959722041 31.0
vertex 90.5822443416201 21.6470426680563 31.0
endloop
endfacet
facet normal -0.587785252292467 0.809016994374952 1.23622117583241e-016
outer loop
vertex 90.754740469534 21.7655959722041 31.0
vertex 90.5822443416201 21.6470426680563 34.9336441091219
vertex 90.754740469534 21.7655959722041 34.9336441091219
endloop
endfacet
facet normal -0.500000000000009 0.866025403784434 1.06466024450642e-016
outer loop
vertex 90.4037800131159 21.5376795868942 34.9336441091219
vertex 90.5822443416201 21.6470426680563 31.0
vertex 90.4037800131159 21.5376795868942 31.0
endloop
endfacet
facet normal -0.544639035015028 0.838670567945423 1.15201951287386e-016
outer loop
vertex 90.5822443416201 21.6470426680563 31.0
vertex 90.4037800131159 21.5376795868942 34.9336441091219
vertex 90.5822443416201 21.6470426680563 34.9336441091219
endloop
endfacet
facet normal -0.453990499739549 0.891006524188367 9.7438281641239e-017
outer loop
vertex 90.2198366423413 21.4378064853214 34.9336441091219
vertex 90.4037800131159 21.5376795868942 31.0
vertex 90.2198366423413 21.4378064853214 31.0
endloop
endfacet
facet normal -0.500000000000009 0.866025403784434 1.06466024450642e-016
outer loop
vertex 90.4037800131159 21.5376795868942 31.0
vertex 90.2198366423413 21.4378064853214 34.9336441091219
vertex 90.4037800131159 21.5376795868942 34.9336441091219
endloop
endfacet
facet normal -0.406736643075801 0.913545457642601 8.814346727471e-017
outer loop
vertex 90.0309184052897 21.3476971085673 34.9336441091219
vertex 90.2198366423413 21.4378064853214 31.0
vertex 90.0309184052897 21.3476971085673 31.0
endloop
endfacet
facet normal -0.453990499739549 0.891006524188367 9.7438281641239e-017
outer loop
vertex 90.2198366423413 21.4378064853214 31.0
vertex 90.0309184052897 21.3476971085673 34.9336441091219
vertex 90.2198366423413 21.4378064853214 34.9336441091219
endloop
endfacet
facet normal -0.358367949545302 0.933580426497201 7.86070577911589e-017
outer loop
vertex 89.8375431137173 21.2675984401701 34.9336441091219
vertex 90.0309184052897 21.3476971085673 31.0
vertex 89.8375431137173 21.2675984401701 31.0
endloop
endfacet
facet normal -0.406736643075801 0.913545457642601 8.814346727471e-017
outer loop
vertex 90.0309184052897 21.3476971085673 31.0
vertex 89.8375431137173 21.2675984401701 34.9336441091219
vertex 90.0309184052897 21.3476971085673 34.9336441091219
endloop
endfacet
facet normal -0.309016994374954 0.951056516295152 6.88551918261125e-017
outer loop
vertex 89.6402407958571 21.1977300250125 34.9336441091219
vertex 89.8375431137173 21.2675984401701 31.0
vertex 89.6402407958571 21.1977300250125 31.0
endloop
endfacet
facet normal -0.358367949545302 0.933580426497201 7.86070577911589e-017
outer loop
vertex 89.8375431137173 21.2675984401701 31.0
vertex 89.6402407958571 21.1977300250125 34.9336441091219
vertex 89.8375431137173 21.2675984401701 34.9336441091219
endloop
endfacet
facet normal -0.258819045102526 0.965925826289067 5.89145985663353e-017
outer loop
vertex 89.4395522436477 21.1382833675637 34.9336441091219
vertex 89.6402407958571 21.1977300250125 31.0
vertex 89.4395522436477 21.1382833675637 31.0
endloop
endfacet
facet normal -0.309016994374954 0.951056516295152 6.88551918261125e-017
outer loop
vertex 89.6402407958571 21.1977300250125 31.0
vertex 89.4395522436477 21.1382833675637 34.9336441091219
vertex 89.6402407958571 21.1977300250125 34.9336441091219
endloop
endfacet
facet normal -0.207911690817756 0.978147600733806 4.88125244869898e-017
outer loop
vertex 89.2360275304613 21.0894214069797 34.9336441091219
vertex 89.4395522436477 21.1382833675637 31.0
vertex 89.2360275304613 21.0894214069797 31.0
endloop
endfacet
facet normal -0.258819045102526 0.965925826289067 5.89145985663353e-017
outer loop
vertex 89.4395522436477 21.1382833675637 31.0
vertex 89.2360275304613 21.0894214069797 34.9336441091219
vertex 89.4395522436477 21.1382833675637 34.9336441091219
endloop
endfacet
facet normal -0.156434465040229 0.987688340595138 3.85766586709444e-017
outer loop
vertex 89.0302245033899 21.0512780704983 34.9336441091219
vertex 89.2360275304613 21.0894214069797 31.0
vertex 89.0302245033899 21.0512780704983 31.0
endloop
endfacet
facet normal -0.207911690817756 0.978147600733806 4.88125244869898e-017
outer loop
vertex 89.2360275304613 21.0894214069797 31.0
vertex 89.0302245033899 21.0512780704983 34.9336441091219
vertex 89.2360275304613 21.0894214069797 34.9336441091219
endloop
endfacet
facet normal -0.104528463267647 0.994521895368274 2.82350569149115e-017
outer loop
vertex 88.8227072542254 21.0239579063533 34.9336441091219
vertex 89.0302245033899 21.0512780704983 31.0
vertex 88.8227072542254 21.0239579063533 31.0
endloop
endfacet
facet normal -0.156434465040229 0.987688340595138 3.85766586709444e-017
outer loop
vertex 89.0302245033899 21.0512780704983 31.0
vertex 88.8227072542254 21.0239579063533 34.9336441091219
vertex 89.0302245033899 21.0512780704983 34.9336441091219
endloop
endfacet
facet normal -0.0523359562429414 0.998629534754574 1.62531038321381e-017
outer loop
vertex 88.6140445733235 21.0075357972157 34.9336441091219
vertex 88.8227072542254 21.0239579063533 31.0
vertex 88.6140445733235 21.0075357972157 31.0
endloop
endfacet
facet normal -0.104528463267647 0.994521895368274 2.82350569149115e-017
outer loop
vertex 88.8227072542254 21.0239579063533 31.0
vertex 88.6140445733235 21.0075357972157 34.9336441091219
vertex 88.8227072542254 21.0239579063533 34.9336441091219
endloop
endfacet
facet normal -5.17017304655332e-016 1.0 -1.26535536188765e-020
outer loop
vertex 88.4048083905885 21.0020567549452 34.9336441091219
vertex 88.6140445733235 21.0075357972157 31.0
vertex 88.4048083905885 21.0020567549452 31.0
endloop
endfacet
facet normal -0.0523359562429414 0.998629534754574 1.62531038321381e-017
outer loop
vertex 88.6140445733235 21.0075357972157 31.0
vertex 88.4048083905885 21.0020567549452 34.9336441091219
vertex 88.6140445733235 21.0075357972157 34.9336441091219
endloop
endfacet
facet normal 0.0523359562429482 0.998629534754574 -8.93765825053186e-018
outer loop
vertex 88.1955722078536 21.0075357972157 34.9336441091219
vertex 88.4048083905885 21.0020567549452 31.0
vertex 88.1955722078536 21.0075357972157 31.0
endloop
endfacet
facet normal -5.17017304655332e-016 1.0 -1.26535536188765e-020
outer loop
vertex 88.4048083905885 21.0020567549452 31.0
vertex 88.1955722078536 21.0075357972157 34.9336441091219
vertex 88.4048083905885 21.0020567549452 34.9336441091219
endloop
endfacet
facet normal 0.0 0.0 1.0
outer loop
vertex 87.1504668313767 13.0657372555807 34.0
vertex 86.9048083905885 15.1146454601168 34.0
vertex 86.9048083905885 13.0980788028639 34.0
endloop
endfacet
facet normal 0.0 0.0 1.0
outer loop
vertex 86.9048083905885 15.1146454601168 34.0
vertex 87.1504668313767 13.0657372555807 34.0
vertex 87.359523757912 15.0547810463173 34.0
endloop
endfacet
facet normal 0.0 0.0 1.0
outer loop
vertex 87.359523757912 15.0547810463173 34.0
vertex 87.1504668313767 13.0657372555807 34.0
vertex 87.7767769156732 13.0164455829451 34.0
endloop
endfacet
facet normal 0.0 0.0 1.0
outer loop
vertex 87.359523757912 15.0547810463173 34.0
vertex 87.7767769156732 13.0164455829451 34.0
vertex 87.8814488281591 15.0137046524543 34.0
endloop
endfacet
facet normal 0.0 0.0 1.0
outer loop
vertex 87.8814488281591 15.0137046524543 34.0
vertex 87.7767769156732 13.0164455829451 34.0
vertex 88.4048083905885 13.0 34.0
endloop
endfacet
facet normal 0.0 0.0 1.0
outer loop
vertex 87.8814488281591 15.0137046524543 34.0
vertex 88.4048083905885 13.0 34.0
vertex 88.4048083905885 15.0 34.0
endloop
endfacet
facet normal 0.0 0.0 1.0
outer loop
vertex 88.4048083905885 15.0 34.0
vertex 88.4048083905885 13.0 34.0
vertex 89.0328398655039 13.0164455829451 34.0
endloop
endfacet
facet normal 0.0 0.0 1.0
outer loop
vertex 88.4048083905885 15.0 34.0
vertex 89.0328398655039 13.0164455829451 34.0
vertex 88.928167953018 15.0137046524543 34.0
endloop
endfacet
facet normal 0.0 0.0 1.0
outer loop
vertex 88.928167953018 15.0137046524543 34.0
vertex 89.0328398655039 13.0164455829451 34.0
vertex 89.4500930232651 15.0547810463173 34.0
endloop
endfacet
facet normal 0.0 0.0 1.0
outer loop
vertex 89.4500930232651 15.0547810463173 34.0
vertex 89.0328398655039 13.0164455829451 34.0
vertex 89.6591499498004 13.0657372555807 34.0
endloop
endfacet
facet normal 0.0 0.0 1.0
outer loop
vertex 89.4500930232651 15.0547810463173 34.0
vertex 89.6591499498004 13.0657372555807 34.0
vertex 89.9048083905885 15.1146454601168 34.0
endloop
endfacet
facet normal 0.0 0.0 1.0
outer loop
vertex 89.9048083905885 15.1146454601168 34.0
vertex 89.6591499498004 13.0657372555807 34.0
vertex 89.9048083905885 13.0980788028639 34.0
endloop
endfacet
facet normal -0.258819045102536 -0.965925826289064 4.47188886876476e-017
outer loop
vertex 89.4395522436477 28.8617166324363 34.9336441091219
vertex 89.2360275304614 28.9105785930203 31.0
vertex 89.4395522436477 28.8617166324363 31.0
endloop
endfacet
facet normal -0.207911690817776 -0.978147600733802 3.44371975409285e-017
outer loop
vertex 89.2360275304614 28.9105785930203 31.0
vertex 89.4395522436477 28.8617166324363 34.9336441091219
vertex 89.2360275304614 28.9105785930203 34.9336441091219
endloop
endfacet
facet normal -0.207911690817776 -0.978147600733802 3.44371975409285e-017
outer loop
vertex 89.2360275304614 28.9105785930203 34.9336441091219
vertex 89.0302245033899 28.9487219295017 31.0
vertex 89.2360275304614 28.9105785930203 31.0
endloop
endfacet
facet normal -0.156434465040228 -0.987688340595138 2.4061116429446e-017
outer loop
vertex 89.0302245033899 28.9487219295017 31.0
vertex 89.2360275304614 28.9105785930203 34.9336441091219
vertex 89.0302245033899 28.9487219295017 34.9336441091219
endloop
endfacet
facet normal -0.156434465040228 -0.987688340595138 2.4061116429446e-017
outer loop
vertex 89.0302245033899 28.9487219295017 34.9336441091219
vertex 88.8227072542254 28.9760420936467 31.0
vertex 89.0302245033899 28.9487219295017 31.0
endloop
endfacet
facet normal -0.104528463267652 -0.994521895368274 1.36190854703022e-017
outer loop
vertex 88.8227072542254 28.9760420936467 31.0
vertex 89.0302245033899 28.9487219295017 34.9336441091219
vertex 88.8227072542254 28.9760420936467 34.9336441091219
endloop
endfacet
facet normal -0.104528463267652 -0.994521895368274 1.36190854703022e-017
outer loop
vertex 88.8227072542254 28.9760420936467 34.9336441091219
vertex 88.6140445733235 28.9924642027843 31.0
vertex 88.8227072542254 28.9760420936467 31.0
endloop
endfacet
facet normal -0.052335956242953 -0.998629534754574 1.25793225924331e-016
outer loop
vertex 88.6140445733235 28.9924642027843 31.0
vertex 88.8227072542254 28.9760420936467 34.9336441091219
vertex 88.6140445733235 28.9924642027843 34.9336441091219
endloop
endfacet
facet normal -0.052335956242953 -0.998629534754574 1.25793225924331e-016
outer loop
vertex 88.6140445733235 28.9924642027843 34.9336441091219
vertex 88.4048083905885 28.9979432450548 31.0
vertex 88.6140445733235 28.9924642027843 31.0
endloop
endfacet
facet normal 2.43042322701224e-016 -1.0 2.40025258603605e-016
outer loop
vertex 88.4048083905885 28.9979432450548 31.0
vertex 88.6140445733235 28.9924642027843 34.9336441091219
vertex 88.4048083905885 28.9979432450548 34.9336441091219
endloop
endfacet
facet normal 2.43042322701224e-016 -1.0 2.40025258603605e-016
outer loop
vertex 88.4048083905885 28.9979432450548 34.9336441091219
vertex 88.1955722078536 28.9924642027843 31.0
vertex 88.4048083905885 28.9979432450548 31.0
endloop
endfacet
facet normal 0.0523359562429483 -0.998629534754574 1.06903933544048e-016
outer loop
vertex 88.1955722078536 28.9924642027843 31.0
vertex 88.4048083905885 28.9979432450548 34.9336441091219
vertex 88.1955722078536 28.9924642027843 34.9336441091219
endloop
endfacet
facet normal 0.0523359562429483 -0.998629534754574 1.06903933544048e-016
outer loop
vertex 88.1955722078536 28.9924642027843 34.9336441091219
vertex 87.9869095269517 28.9760420936467 31.0
vertex 88.1955722078536 28.9924642027843 31.0
endloop
endfacet
facet normal 0.104528463267648 -0.994521895368274 -2.82350569149117e-017
outer loop
vertex 87.9869095269517 28.9760420936467 31.0
vertex 88.1955722078536 28.9924642027843 34.9336441091219
vertex 87.9869095269517 28.9760420936467 34.9336441091219
endloop
endfacet
facet normal 0.104528463267648 -0.994521895368274 -2.82350569149117e-017
outer loop
vertex 87.9869095269517 28.9760420936467 34.9336441091219
vertex 87.7793922777872 28.9487219295017 31.0
vertex 87.9869095269517 28.9760420936467 31.0
endloop
endfacet
facet normal 0.156434465040224 -0.987688340595139 -3.85766586709433e-017
outer loop
vertex 87.7793922777872 28.9487219295017 31.0
vertex 87.9869095269517 28.9760420936467 34.9336441091219
vertex 87.7793922777872 28.9487219295017 34.9336441091219
endloop
endfacet
facet normal 0.156434465040224 -0.987688340595139 -3.85766586709433e-017
outer loop
vertex 87.7793922777872 28.9487219295017 34.9336441091219
vertex 87.5735892507158 28.9105785930203 31.0
vertex 87.7793922777872 28.9487219295017 31.0
endloop
endfacet
facet normal 0.207911690817761 -0.978147600733805 -4.88125244869907e-017
outer loop
vertex 87.5735892507158 28.9105785930203 31.0
vertex 87.7793922777872 28.9487219295017 34.9336441091219
vertex 87.5735892507158 28.9105785930203 34.9336441091219
endloop
endfacet
facet normal 0.207911690817761 -0.978147600733805 -4.88125244869907e-017
outer loop
vertex 87.5735892507158 28.9105785930203 34.9336441091219
vertex 87.3700645375294 28.8617166324363 31.0
vertex 87.5735892507158 28.9105785930203 31.0
endloop
endfacet
facet normal 0.258819045102526 -0.965925826289067 -5.89145985663353e-017
outer loop
vertex 87.3700645375294 28.8617166324363 31.0
vertex 87.5735892507158 28.9105785930203 34.9336441091219
vertex 87.3700645375294 28.8617166324363 34.9336441091219
endloop
endfacet
facet normal 0.258819045102526 -0.965925826289067 -5.89145985663353e-017
outer loop
vertex 87.3700645375294 28.8617166324363 34.9336441091219
vertex 87.1693759853201 28.8022699749876 31.0
vertex 87.3700645375294 28.8617166324363 31.0
endloop
endfacet
facet normal 0.309016994374954 -0.951056516295152 -6.88551918261126e-017
outer loop
vertex 87.1693759853201 28.8022699749876 31.0
vertex 87.3700645375294 28.8617166324363 34.9336441091219
vertex 87.1693759853201 28.8022699749876 34.9336441091219
endloop
endfacet
facet normal 0.309016994374954 -0.951056516295152 -6.88551918261126e-017
outer loop
vertex 87.1693759853201 28.8022699749876 34.9336441091219
vertex 86.9720736674598 28.7324015598299 31.0
vertex 87.1693759853201 28.8022699749876 31.0
endloop
endfacet
facet normal 0.358367949545297 -0.933580426497203 -7.86070577911578e-017
outer loop
vertex 86.9720736674598 28.7324015598299 31.0
vertex 87.1693759853201 28.8022699749876 34.9336441091219
vertex 86.9720736674598 28.7324015598299 34.9336441091219
endloop
endfacet
facet normal 0.358367949545297 -0.933580426497203 -7.86070577911578e-017
outer loop
vertex 86.9720736674598 28.7324015598299 34.9336441091219
vertex 86.7786983758874 28.6523028914327 31.0
vertex 86.9720736674598 28.7324015598299 31.0
endloop
endfacet
facet normal 0.406736643075785 -0.913545457642608 -8.81434672747068e-017
outer loop
vertex 86.7786983758874 28.6523028914327 31.0
vertex 86.9720736674598 28.7324015598299 34.9336441091219
vertex 86.7786983758874 28.6523028914327 34.9336441091219
endloop
endfacet
facet normal 0.406736643075785 -0.913545457642608 -8.81434672747068e-017
outer loop
vertex 86.7786983758874 28.6523028914327 34.9336441091219
vertex 86.5897801388357 28.5621935146786 31.0
vertex 86.7786983758874 28.6523028914327 31.0
endloop
endfacet
facet normal 0.453990499739541 -0.891006524188371 -9.74382816412374e-017
outer loop
vertex 86.5897801388357 28.5621935146786 31.0
vertex 86.7786983758874 28.6523028914327 34.9336441091219
vertex 86.5897801388357 28.5621935146786 34.9336441091219
endloop
endfacet
facet normal 0.453990499739541 -0.891006524188371 -9.74382816412374e-017
outer loop
vertex 86.5897801388357 28.5621935146786 34.9336441091219
vertex 86.4058367680611 28.4623204131058 31.0
vertex 86.5897801388357 28.5621935146786 31.0
endloop
endfacet
facet normal 0.500000000000003 -0.866025403784437 -1.06466024450641e-016
outer loop
vertex 86.4058367680611 28.4623204131058 31.0
vertex 86.5897801388357 28.5621935146786 34.9336441091219
vertex 86.4058367680611 28.4623204131058 34.9336441091219
endloop
endfacet
facet normal 0.500000000000003 -0.866025403784437 -1.06466024450641e-016
outer loop
vertex 86.4058367680611 28.4623204131058 34.9336441091219
vertex 86.227372439557 28.3529573319437 31.0
vertex 86.4058367680611 28.4623204131058 31.0
endloop
endfacet
facet normal 0.544639035015025 -0.838670567945426 -1.15201951287385e-016
outer loop
vertex 86.227372439557 28.3529573319437 31.0
vertex 86.4058367680611 28.4623204131058 34.9336441091219
vertex 86.227372439557 28.3529573319437 34.9336441091219
endloop
endfacet
facet normal 0.544639035015025 -0.838670567945426 -1.15201951287385e-016
outer loop
vertex 86.227372439557 28.3529573319437 34.9336441091219
vertex 86.054876311643 28.2344040277959 31.0
vertex 86.227372439557 28.3529573319437 31.0
endloop
endfacet
facet normal 0.587785252292473 -0.809016994374947 -1.23622117583242e-016
outer loop
vertex 86.054876311643 28.2344040277959 31.0
vertex 86.227372439557 28.3529573319437 34.9336441091219
vertex 86.054876311643 28.2344040277959 34.9336441091219
endloop
endfacet
facet normal 0.587785252292473 -0.809016994374947 -1.23622117583242e-016
outer loop
vertex 86.054876311643 28.2344040277959 34.9336441091219
vertex 85.8888211842156 28.1069854470285 31.0
vertex 86.054876311643 28.2344040277959 31.0
endloop
endfacet
facet normal 0.629320391049839 -0.77714596145697 -1.31703444247671e-016
outer loop
vertex 85.8888211842156 28.1069854470285 31.0
vertex 86.054876311643 28.2344040277959 34.9336441091219
vertex 85.8888211842156 28.1069854470285 34.9336441091219
endloop
endfacet
facet normal 0.629320391049839 -0.77714596145697 -1.31703444247671e-016
outer loop
vertex 85.8888211842156 28.1069854470285 34.9336441091219
vertex 85.7296622028367 27.9710508351148 31.0
vertex 85.8888211842156 28.1069854470285 31.0
endloop
endfacet
facet normal 0.669130606358856 -0.743144825477397 -1.3942378092601e-016
outer loop
vertex 85.7296622028367 27.9710508351148 31.0
vertex 85.8888211842156 28.1069854470285 34.9336441091219
vertex 85.7296622028367 27.9710508351148 34.9336441091219
endloop
endfacet
facet normal 0.669130606358856 -0.743144825477397 -1.3942378092601e-016
outer loop
vertex 85.7296622028367 27.9710508351148 34.9336441091219
vertex 85.5778356112113 27.8269727793772 31.0
vertex 85.7296622028367 27.9710508351148 31.0
endloop
endfacet
facet normal 0.707106781186536 -0.707106781186559 -1.46761966712058e-016
outer loop
vertex 85.5778356112113 27.8269727793772 31.0
vertex 85.7296622028367 27.9710508351148 34.9336441091219
vertex 85.5778356112113 27.8269727793772 34.9336441091219
endloop
endfacet
facet normal 0.707106781186536 -0.707106781186559 -1.46761966712058e-016
outer loop
vertex 85.5778356112113 27.8269727793772 31.0
vertex 85.4337575554738 27.6751461877519 34.9336441091219
vertex 85.4337575554738 27.6751461877519 31.0
endloop
endfacet
facet normal 0.743144825477386 -0.669130606358868 -1.53697888148649e-016
outer loop
vertex 85.4337575554738 27.6751461877519 34.9336441091219
vertex 85.5778356112113 27.8269727793772 31.0
vertex 85.5778356112113 27.8269727793772 34.9336441091219
endloop
endfacet
facet normal 0.743144825477386 -0.669130606358868 -1.53697888148649e-016
outer loop
vertex 85.4337575554738 27.6751461877519 31.0
vertex 85.2978229435601 27.515987206373 34.9336441091219
vertex 85.2978229435601 27.515987206373 31.0
endloop
endfacet
facet normal 0.77714596145697 -0.629320391049838 -1.60212534357236e-016
outer loop
vertex 85.2978229435601 27.515987206373 34.9336441091219
vertex 85.4337575554738 27.6751461877519 31.0
vertex 85.4337575554738 27.6751461877519 34.9336441091219
endloop
endfacet
facet normal 0.77714596145697 -0.629320391049838 -1.60212534357236e-016
outer loop
vertex 85.2978229435601 27.515987206373 31.0
vertex 85.1704043627927 27.3499320789455 34.9336441091219
vertex 85.1704043627927 27.3499320789455 31.0
endloop
endfacet
facet normal 0.809016994374944 -0.587785252292478 -1.66288049145384e-016
outer loop
vertex 85.1704043627927 27.3499320789455 34.9336441091219
vertex 85.2978229435601 27.515987206373 31.0
vertex 85.2978229435601 27.515987206373 34.9336441091219
endloop
endfacet
facet normal 0.809016994374944 -0.587785252292478 -1.66288049145384e-016
outer loop
vertex 85.1704043627927 27.3499320789455 31.0
vertex 85.0518510586449 27.1774359510315 34.9336441091219
vertex 85.0518510586449 27.1774359510315 31.0
endloop
endfacet
facet normal 0.838670567945423 -0.544639035015029 -1.71907779949366e-016
outer loop
vertex 85.0518510586449 27.1774359510315 34.9336441091219
vertex 85.1704043627927 27.3499320789455 31.0
vertex 85.1704043627927 27.3499320789455 34.9336441091219
endloop
endfacet
facet normal 0.838670567945423 -0.544639035015029 -1.71907779949366e-016
outer loop
vertex 85.0518510586449 27.1774359510315 31.0
vertex 84.9424879774827 26.9989716225274 34.9336441091219
vertex 84.9424879774827 26.9989716225274 31.0
endloop
endfacet
facet normal 0.866025403784438 -0.500000000000001 -1.7705632347767e-016
outer loop
vertex 84.9424879774827 26.9989716225274 34.9336441091219
vertex 85.0518510586449 27.1774359510315 31.0
vertex 85.0518510586449 27.1774359510315 34.9336441091219
endloop
endfacet
facet normal 0.866025403784438 -0.500000000000001 -1.7705632347767e-016
outer loop
vertex 84.9424879774827 26.9989716225274 31.0
vertex 84.8426148759099 26.8150282517528 34.9336441091219
vertex 84.8426148759099 26.8150282517528 31.0
endloop
endfacet
facet normal 0.891006524188365 -0.453990499739552 -1.81719567930355e-016
outer loop
vertex 84.8426148759099 26.8150282517528 34.9336441091219
vertex 84.9424879774827 26.9989716225274 31.0
vertex 84.9424879774827 26.9989716225274 34.9336441091219
endloop
endfacet
facet normal 0.891006524188365 -0.453990499739552 -1.81719567930355e-016
outer loop
vertex 84.8426148759099 26.8150282517528 31.0
vertex 84.7525054991558 26.6261100147012 34.9336441091219
vertex 84.7525054991558 26.6261100147012 31.0
endloop
endfacet
facet normal 0.9135454576426 -0.406736643075803 -1.85884731678516e-016
outer loop
vertex 84.7525054991558 26.6261100147012 34.9336441091219
vertex 84.8426148759099 26.8150282517528 31.0
vertex 84.8426148759099 26.8150282517528 34.9336441091219
endloop
endfacet
facet normal 0.9135454576426 -0.406736643075803 -1.85884731678516e-016
outer loop
vertex 84.7525054991558 26.6261100147012 31.0
vertex 84.6724068307587 26.4327347231288 34.9336441091219
vertex 84.6724068307587 26.4327347231288 31.0
endloop
endfacet
facet normal 0.9335804264972 -0.358367949545304 -1.89540398297835e-016
outer loop
vertex 84.6724068307587 26.4327347231288 34.9336441091219
vertex 84.7525054991558 26.6261100147012 31.0
vertex 84.7525054991558 26.6261100147012 34.9336441091219
endloop
endfacet
facet normal 0.991444861373811 -0.130526192220049 -1.99450883967316e-016
outer loop
vertex 84.4560864610868 25.6254161128013 31.0
vertex 84.4287662969419 25.4178988636369 34.9336441091219
vertex 84.4287662969419 25.4178988636369 31.0
endloop
endfacet
facet normal 0.994521895368273 -0.104528463267656 -1.99875882536607e-016
outer loop
vertex 84.4287662969419 25.4178988636369 34.9336441091219
vertex 84.4560864610868 25.6254161128013 31.0
vertex 84.4560864610868 25.6254161128013 34.9336441091219
endloop
endfacet
facet normal 0.994521895368273 -0.104528463267655 -1.99875882536607e-016
outer loop
vertex 84.4287662969419 25.4178988636369 31.0
vertex 84.4123441878043 25.209236182735 34.9336441091219
vertex 84.4123441878043 25.209236182735 31.0
endloop
endfacet
facet normal 0.998629534754574 -0.0523359562429526 -4.48455332114099e-017
outer loop
vertex 84.4123441878043 25.209236182735 34.9336441091219
vertex 84.4287662969419 25.4178988636369 31.0
vertex 84.4287662969419 25.4178988636369 34.9336441091219
endloop
endfacet
facet normal 0.998629534754574 -0.0523359562429526 -4.48455332114099e-017
outer loop
vertex 84.4123441878043 25.209236182735 31.0
vertex 84.4068651455337 25.0 34.9336441091219
vertex 84.4068651455337 25.0 31.0
endloop
endfacet
facet normal 1.0 3.38049776120794e-016 1.19980995417719e-016
outer loop
vertex 84.4068651455337 25.0 34.9336441091219
vertex 84.4123441878043 25.209236182735 31.0
vertex 84.4123441878043 25.209236182735 34.9336441091219
endloop
endfacet
facet normal 1.0 3.38049776120794e-016 1.19980995417719e-016
outer loop
vertex 84.4068651455337 25.0 31.0
vertex 84.4123441878043 24.790763817265 34.9336441091219
vertex 84.4123441878043 24.790763817265 31.0
endloop
endfacet
facet normal 0.998629534754574 0.0523359562429469 -3.48292483017248e-017
outer loop
vertex 84.4123441878043 24.790763817265 34.9336441091219
vertex 84.4068651455337 25.0 31.0
vertex 84.4068651455337 25.0 34.9336441091219
endloop
endfacet
facet normal 0.994521895368274 0.104528463267653 -9.96041437222004e-017
outer loop
vertex 84.4287662969419 24.5821011363631 31.0
vertex 84.4681230189482 24.2831571533202 34.9336441091219
vertex 84.4681230189482 24.2831571533202 31.0
endloop
endfacet
facet normal 0.984260934477985 0.17672128581618 -9.6945217942805e-017
outer loop
vertex 84.4681230189482 24.2831571533202 34.9336441091219
vertex 84.4287662969419 24.5821011363631 31.0
vertex 84.4287662969419 24.5821011363631 34.9336441091219
endloop
endfacet
facet normal 0.998629534754574 0.0523359562429469 -3.48292483017248e-017
outer loop
vertex 84.4123441878043 24.790763817265 31.0
vertex 84.4287662969419 24.5821011363631 34.9336441091219
vertex 84.4287662969419 24.5821011363631 31.0
endloop
endfacet
facet normal 0.994521895368274 0.104528463267653 -9.96041437222004e-017
outer loop
vertex 84.4287662969419 24.5821011363631 34.9336441091219
vertex 84.4123441878043 24.790763817265 31.0
vertex 84.4123441878043 24.790763817265 34.9336441091219
endloop
endfacet
facet normal -2.8141202242234e-015 1.0302363739548e-030 1.0
outer loop
vertex 76.4212539735336 24.3719685250847 34.0
vertex 76.4212539735337 25.6280314749153 34.0
vertex 76.4048083905885 25.0 34.0
endloop
endfacet
facet normal -2.8141202242234e-015 1.0302363739548e-030 1.0
outer loop
vertex 76.4212539735337 25.6280314749153 34.0
vertex 76.4212539735336 24.3719685250847 34.0
vertex 76.4705456461692 23.7456584407882 34.0
endloop
endfacet
facet normal -2.8141202242234e-015 1.0302363739548e-030 1.0
outer loop
vertex 76.4212539735337 25.6280314749153 34.0
vertex 76.4705456461692 23.7456584407882 34.0
vertex 76.4705456461692 26.2543415592118 34.0
endloop
endfacet
facet normal -2.8141202242234e-015 1.0302363739548e-030 1.0
outer loop
vertex 76.4705456461692 26.2543415592118 34.0
vertex 76.4705456461692 23.7456584407882 34.0
vertex 76.5028871934524 23.5 34.0
endloop
endfacet
facet normal -2.8141202242234e-015 1.0302363739548e-030 1.0
outer loop
vertex 76.4705456461692 26.2543415592118 34.0
vertex 76.5028871934524 23.5 34.0
vertex 76.5028871934524 26.5 34.0
endloop
endfacet
facet normal -2.8141202242234e-015 1.0302363739548e-030 1.0
outer loop
vertex 76.5028871934524 26.5 34.0
vertex 76.5028871934524 23.5 34.0
vertex 78.5194538507053 23.5 34.0
endloop
endfacet
facet normal -2.8141202242234e-015 1.0302363739548e-030 1.0
outer loop
vertex 76.5028871934524 26.5 34.0
vertex 78.5194538507053 23.5 34.0
vertex 78.4595894369058 23.9547153673235 34.0
endloop
endfacet
facet normal -2.8141202242234e-015 1.0302363739548e-030 1.0
outer loop
vertex 76.5028871934524 26.5 34.0
vertex 78.4595894369058 23.9547153673235 34.0
vertex 78.4185130430428 24.4766404375706 34.0
endloop
endfacet
facet normal -2.8141202242234e-015 1.0302363739548e-030 1.0
outer loop
vertex 76.5028871934524 26.5 34.0
vertex 78.4185130430428 24.4766404375706 34.0
vertex 78.4048083905885 25.0 34.0
endloop
endfacet
facet normal -2.8141202242234e-015 1.0302363739548e-030 1.0
outer loop
vertex 76.5028871934524 26.5 34.0
vertex 78.4595894369058 26.0452846326765 34.0
vertex 78.5194538507053 26.5 34.0
endloop
endfacet
facet normal -2.8141202242234e-015 1.0302363739548e-030 1.0
outer loop
vertex 78.4595894369058 26.0452846326765 34.0
vertex 76.5028871934524 26.5 34.0
vertex 78.4185130430428 25.5233595624294 34.0
endloop
endfacet
facet normal -2.8141202242234e-015 1.0302363739548e-030 1.0
outer loop
vertex 78.4185130430428 25.5233595624294 34.0
vertex 76.5028871934524 26.5 34.0
vertex 78.4048083905885 25.0 34.0
endloop
endfacet
facet normal -2.9788667721218e-015 1.3416578164422e-016 1.0
outer loop
vertex 88.928167953018 34.9862953475457 34.0
vertex 88.4048083905885 37.0 34.0
vertex 88.4048083905885 35.0 34.0
endloop
endfacet
facet normal -2.9788667721218e-015 1.3416578164422e-016 1.0
outer loop
vertex 88.4048083905885 37.0 34.0
vertex 88.928167953018 34.9862953475457 34.0
vertex 89.0328398655039 36.9835544170549 34.0
endloop
endfacet
facet normal -2.9788667721218e-015 1.3416578164422e-016 1.0
outer loop
vertex 89.0328398655039 36.9835544170549 34.0
vertex 88.928167953018 34.9862953475457 34.0
vertex 89.4500930232651 34.9452189536827 34.0
endloop
endfacet
facet normal -2.9788667721218e-015 1.3416578164422e-016 1.0
outer loop
vertex 89.0328398655039 36.9835544170549 34.0
vertex 89.4500930232651 34.9452189536827 34.0
vertex 89.6591499498004 36.9342627444193 34.0
endloop
endfacet
facet normal -2.9788667721218e-015 1.3416578164422e-016 1.0
outer loop
vertex 89.6591499498004 36.9342627444193 34.0
vertex 89.4500930232651 34.9452189536827 34.0
vertex 89.9048083905885 34.8853545398832 34.0
endloop
endfacet
facet normal -2.9788667721218e-015 1.3416578164422e-016 1.0
outer loop
vertex 89.6591499498004 36.9342627444193 34.0
vertex 89.9048083905885 34.8853545398832 34.0
vertex 89.9048083905885 36.9019211971361 34.0
endloop
endfacet
facet normal 2.9788667721218e-015 1.34165781644223e-016 1.0
outer loop
vertex 87.359523757912 34.9452189536827 34.0
vertex 86.9048083905885 36.9019211971361 34.0
vertex 86.9048083905885 34.8853545398832 34.0
endloop
endfacet
facet normal 2.9788667721218e-015 1.34165781644223e-016 1.0
outer loop
vertex 86.9048083905885 36.9019211971361 34.0
vertex 87.359523757912 34.9452189536827 34.0
vertex 87.1504668313767 36.9342627444193 34.0
endloop
endfacet
facet normal 2.9788667721218e-015 1.34165781644223e-016 1.0
outer loop
vertex 87.1504668313767 36.9342627444193 34.0
vertex 87.359523757912 34.9452189536827 34.0
vertex 87.7767769156732 36.9835544170549 34.0
endloop
endfacet
facet normal 2.9788667721218e-015 1.34165781644223e-016 1.0
outer loop
vertex 87.7767769156732 36.9835544170549 34.0
vertex 87.359523757912 34.9452189536827 34.0
vertex 87.8814488281591 34.9862953475457 34.0
endloop
endfacet
facet normal 2.9788667721218e-015 1.34165781644223e-016 1.0
outer loop
vertex 87.7767769156732 36.9835544170549 34.0
vertex 87.8814488281591 34.9862953475457 34.0
vertex 88.4048083905885 37.0 34.0
endloop
endfacet
facet normal 2.9788667721218e-015 1.34165781644223e-016 1.0
outer loop
vertex 88.4048083905885 37.0 34.0
vertex 87.8814488281591 34.9862953475457 34.0
vertex 88.4048083905885 35.0 34.0
endloop
endfacet
facet normal -0.991444861373811 0.130526192220049 1.40976507193722e-016
outer loop
vertex 83.4428941929149 25.7588054054424 34.9336441091219
vertex 83.4120811072147 25.5247567830092 34.0
vertex 83.4120811072147 25.5247567830092 34.9336441091219
endloop
endfacet
facet normal -0.994521895368274 0.104528463267648 1.41353053181975e-016
outer loop
vertex 83.4120811072147 25.5247567830092 34.0
vertex 83.4428941929149 25.7588054054424 34.9336441091219
vertex 83.4428941929149 25.7588054054424 34.0
endloop
endfacet
facet normal -0.994521895368274 0.104528463267649 1.41353053181975e-016
outer loop
vertex 83.4120811072147 25.5247567830092 34.9336441091219
vertex 83.3914598184027 25.26273846544 34.0
vertex 83.3914598184027 25.26273846544 34.9336441091219
endloop
endfacet
facet normal -0.998629534754574 0.0523359562429428 8.7895730149654e-017
outer loop
vertex 83.3914598184027 25.26273846544 34.0
vertex 83.4120811072147 25.5247567830092 34.9336441091219
vertex 83.4120811072147 25.5247567830092 34.0
endloop
endfacet
facet normal -0.998629534754574 0.0523359562429428 8.7895730149654e-017
outer loop
vertex 83.3914598184027 25.26273846544 34.9336441091219
vertex 83.3845797695535 25.0 34.0
vertex 83.3845797695535 25.0 34.9336441091219
endloop
endfacet
facet normal -1.0 7.37522975615169e-015 3.09749698837604e-017
outer loop
vertex 83.3845797695535 25.0 34.0
vertex 83.3914598184027 25.26273846544 34.9336441091219
vertex 83.3914598184027 25.26273846544 34.0
endloop
endfacet
facet normal -1.0 7.37522975615169e-015 3.09749698837604e-017
outer loop
vertex 83.3845797695535 25.0 34.9336441091219
vertex 83.3914598184027 24.73726153456 34.0
vertex 83.3914598184027 24.73726153456 34.9336441091219
endloop
endfacet
facet normal -0.998629534754574 -0.052335956242941 8.45792220626763e-017
outer loop
vertex 83.3914598184027 24.73726153456 34.0
vertex 83.3845797695535 25.0 34.9336441091219
vertex 83.3845797695535 25.0 34.0
endloop
endfacet
facet normal -0.998629534754574 -0.052335956242941 8.45792220626763e-017
outer loop
vertex 83.3914598184027 24.73726153456 34.9336441091219
vertex 83.4120811072147 24.4752432169909 34.0
vertex 83.4120811072147 24.4752432169909 34.9336441091219
endloop
endfacet
facet normal -0.994521895368274 -0.104528463267653 1.40870162274469e-016
outer loop
vertex 83.4120811072147 24.4752432169909 34.0
vertex 83.3914598184027 24.73726153456 34.9336441091219
vertex 83.3914598184027 24.73726153456 34.0
endloop
endfacet
facet normal -0.994521895368274 -0.104528463267653 1.40870162274469e-016
outer loop
vertex 83.4120811072147 24.4752432169909 34.9336441091219
vertex 83.4428941929149 24.2411945945576 34.0
vertex 83.4428941929149 24.2411945945576 34.9336441091219
endloop
endfacet
facet normal -0.991444861373811 -0.130526192220047 1.40373514387322e-016
outer loop
vertex 83.4428941929149 24.2411945945576 34.0
vertex 83.4120811072147 24.4752432169909 34.9336441091219
vertex 83.4120811072147 24.4752432169909 34.0
endloop
endfacet
facet normal -0.99144486137381 -0.130526192220054 1.40373514387322e-016
outer loop
vertex 83.4428941929149 24.2411945945576 34.9336441091219
vertex 83.4611718636248 24.1023619020922 34.0
vertex 83.4611718636248 24.1023619020922 34.9336441091219
endloop
endfacet
facet normal -0.984260934477986 -0.176721285816176 1.39247491068706e-016
outer loop
vertex 83.4611718636248 24.1023619020922 34.0
vertex 83.4428941929149 24.2411945945576 34.9336441091219
vertex 83.4428941929149 24.2411945945576 34.0
endloop
endfacet
facet normal -0.984260934477986 -0.176721285816176 1.39247491068706e-016
outer loop
vertex 83.4611718636248 24.1023619020922 34.9336441091219
vertex 83.4991936404198 23.9357848627064 34.0
vertex 83.4991936404198 23.9357848627064 34.9336441091219
endloop
endfacet
facet normal -0.973663161593182 -0.227991332634313 1.3762535853309e-016
outer loop
vertex 83.4991936404198 23.9357848627064 34.0
vertex 83.4611718636248 24.1023619020922 34.9336441091219
vertex 83.4611718636248 24.1023619020922 34.0
endloop
endfacet
facet normal -0.973663161593182 -0.227991332634313 1.3762535853309e-016
outer loop
vertex 83.4991936404198 23.9357848627064 34.9336441091219
vertex 83.5556399116552 23.7006692221074 34.0
vertex 83.5556399116552 23.7006692221074 34.9336441091219
endloop
endfacet
facet normal -0.965925826289066 -0.258819045102528 1.3645630911134e-016
outer loop
vertex 83.5556399116552 23.7006692221074 34.0
vertex 83.4991936404198 23.9357848627064 34.9336441091219
vertex 83.4991936404198 23.9357848627064 34.0
endloop
endfacet
facet normal -0.965925826289066 -0.258819045102528 1.3645630911134e-016
outer loop
vertex 83.5556399116552 23.7006692221074 34.9336441091219
vertex 83.6302872472617 23.4486640404526 34.0
vertex 83.6302872472617 23.4486640404526 34.9336441091219
endloop
endfacet
facet normal -0.951056516295151 -0.309016994374954 1.34230569305532e-016
outer loop
vertex 83.6302872472617 23.4486640404526 34.0
vertex 83.5556399116552 23.7006692221074 34.9336441091219
vertex 83.5556399116552 23.7006692221074 34.0
endloop
endfacet
facet normal -0.951056516295151 -0.309016994374954 1.34230569305532e-016
outer loop
vertex 83.6302872472617 23.4486640404526 34.9336441091219
vertex 83.7180212134491 23.2009109628311 34.0
vertex 83.7180212134491 23.2009109628311 34.9336441091219
endloop
endfacet
facet normal -0.933580426497203 -0.358367949545297 1.3163691283951e-016
outer loop
vertex 83.7180212134491 23.2009109628311 34.0
vertex 83.6302872472617 23.4486640404526 34.9336441091219
vertex 83.6302872472617 23.4486640404526 34.0
endloop
endfacet
facet normal -0.933580426497203 -0.358367949545297 1.3163691283951e-016
outer loop
vertex 83.7180212134491 23.2009109628311 34.9336441091219
vertex 83.8186013375146 22.9580890632072 34.0
vertex 83.8186013375146 22.9580890632072 34.9336441091219
endloop
endfacet
facet normal -0.9135454576426 -0.406736643075802 1.28682448745365e-016
outer loop
vertex 83.8186013375146 22.9580890632072 34.0
vertex 83.7180212134491 23.2009109628311 34.9336441091219
vertex 83.7180212134491 23.2009109628311 34.0
endloop
endfacet
facet normal -0.9135454576426 -0.406736643075802 1.28682448745365e-016
outer loop
vertex 83.8186013375146 22.9580890632072 34.9336441091219
vertex 83.9317519363291 22.7208638995294 34.0
vertex 83.9317519363291 22.7208638995294 34.9336441091219
endloop
endfacet
facet normal -0.891006524188363 -0.453990499739556 1.25375275003815e-016
outer loop
vertex 83.9317519363291 22.7208638995294 34.0
vertex 83.8186013375146 22.9580890632072 34.9336441091219
vertex 83.8186013375146 22.9580890632072 34.0
endloop
endfacet
facet normal -0.891006524188363 -0.453990499739556 1.25375275003815e-016
outer loop
vertex 83.9317519363291 22.7208638995294 34.9336441091219
vertex 84.0571628719664 22.4898856894824 34.0
vertex 84.0571628719664 22.4898856894824 34.9336441091219
endloop
endfacet
facet normal -0.866025403784435 -0.500000000000006 1.21724456348209e-016
outer loop
vertex 84.0571628719664 22.4898856894824 34.0
vertex 83.9317519363291 22.7208638995294 34.9336441091219
vertex 83.9317519363291 22.7208638995294 34.0
endloop
endfacet
facet normal -0.866025403784435 -0.500000000000006 1.21724456348209e-016
outer loop
vertex 84.0571628719664 22.4898856894824 34.9336441091219
vertex 84.1944904017692 22.2657875282846 34.0
vertex 84.1944904017692 22.2657875282846 34.9336441091219
endloop
endfacet
facet normal -0.838670567945424 -0.544639035015028 1.17739999418716e-016
outer loop
vertex 84.1944904017692 22.2657875282846 34.0
vertex 84.0571628719664 22.4898856894824 34.9336441091219
vertex 84.0571628719664 22.4898856894824 34.0
endloop
endfacet
facet normal -0.838670567945424 -0.544639035015028 1.17739999418716e-016
outer loop
vertex 84.1944904017692 22.2657875282846 34.9336441091219
vertex 84.3433581205236 22.049183653419 34.0
vertex 84.3433581205236 22.049183653419 34.9336441091219
endloop
endfacet
facet normal -0.809016994374945 -0.587785252292476 1.13432825334823e-016
outer loop
vertex 84.3433581205236 22.049183653419 34.0
vertex 84.1944904017692 22.2657875282846 34.9336441091219
vertex 84.1944904017692 22.2657875282846 34.0
endloop
endfacet
facet normal -0.809016994374945 -0.587785252292476 1.13432825334823e-016
outer loop
vertex 84.3433581205236 22.049183653419 34.9336441091219
vertex 84.5033579921605 21.8406677610505 34.0
vertex 84.5033579921605 21.8406677610505 34.9336441091219
endloop
endfacet
facet normal -0.777145961456966 -0.629320391049843 1.08814739761306e-016
outer loop
vertex 84.5033579921605 21.8406677610505 34.0
vertex 84.3433581205236 22.049183653419 34.9336441091219
vertex 84.3433581205236 22.049183653419 34.0
endloop
endfacet
facet normal -0.777145961456966 -0.629320391049843 1.08814739761306e-016
outer loop
vertex 84.5033579921605 21.8406677610505 34.9336441091219
vertex 84.6740514681528 21.6408113787467 34.0
vertex 84.6740514681528 21.6408113787467 34.9336441091219
endloop
endfacet
facet normal -0.743144825477384 -0.669130606358869 1.03898400549722e-016
outer loop
vertex 84.6740514681528 21.6408113787467 34.0
vertex 84.5033579921605 21.8406677610505 34.9336441091219
vertex 84.5033579921605 21.8406677610505 34.0
endloop
endfacet
facet normal -0.743144825477384 -0.669130606358869 1.03898400549722e-016
outer loop
vertex 84.6740514681528 21.6408113787467 34.9336441091219
vertex 84.8549706895479 21.4501622989592 34.0
vertex 84.8549706895479 21.4501622989592 34.9336441091219
endloop
endfacet
facet normal -0.70710678118654 -0.707106781186555 9.86972830441222e-017
outer loop
vertex 84.8549706895479 21.4501622989592 34.0
vertex 84.6740514681528 21.6408113787467 34.9336441091219
vertex 84.6740514681528 21.6408113787467 34.0
endloop
endfacet
facet normal -0.669130606358858 -0.743144825477394 9.32256431460632e-017
outer loop
vertex 85.0456197693352 21.2692430775643 34.9336441091219
vertex 84.8549706895479 21.4501622989592 34.0
vertex 85.0456197693352 21.2692430775643 34.0
endloop
endfacet
facet normal -0.70710678118654 -0.707106781186555 9.86972830441222e-017
outer loop
vertex 84.8549706895479 21.4501622989592 34.0
vertex 85.0456197693352 21.2692430775643 34.9336441091219
vertex 84.8549706895479 21.4501622989592 34.9336441091219
endloop
endfacet
facet normal -0.629320391049833 -0.777145961456974 8.74984782401741e-017
outer loop
vertex 85.2454761516393 21.0985496015718 34.9336441091219
vertex 85.0456197693352 21.2692430775643 34.0
vertex 85.2454761516393 21.0985496015718 34.0
endloop
endfacet
facet normal -0.669130606358858 -0.743144825477394 9.32256431460632e-017
outer loop
vertex 85.0456197693352 21.2692430775643 34.0
vertex 85.2454761516393 21.0985496015718 34.9336441091219
vertex 85.0456197693352 21.2692430775643 34.9336441091219
endloop
endfacet
facet normal -0.587785252292468 -0.809016994374951 8.15314860873739e-017
outer loop
vertex 85.4539920440075 20.9385497299351 34.9336441091219
vertex 85.2454761516393 21.0985496015718 34.0
vertex 85.4539920440075 20.9385497299351 34.0
endloop
endfacet
facet normal -0.629320391049833 -0.777145961456974 8.74984782401741e-017
outer loop
vertex 85.2454761516393 21.0985496015718 34.0
vertex 85.4539920440075 20.9385497299351 34.9336441091219
vertex 85.2454761516393 21.0985496015718 34.9336441091219
endloop
endfacet
facet normal -0.544639035015026 -0.838670567945425 7.53410217983929e-017
outer loop
vertex 85.6705959188732 20.7896820111806 34.9336441091219
vertex 85.4539920440075 20.9385497299351 34.0
vertex 85.6705959188732 20.7896820111806 34.0
endloop
endfacet
facet normal -0.587785252292468 -0.809016994374951 8.15314860873739e-017
outer loop
vertex 85.4539920440075 20.9385497299351 34.0
vertex 85.6705959188732 20.7896820111806 34.9336441091219
vertex 85.4539920440075 20.9385497299351 34.9336441091219
endloop
endfacet
facet normal -0.499999999999995 -0.866025403784442 6.89440530055516e-017
outer loop
vertex 85.894694080071 20.6523544813779 34.9336441091219
vertex 85.6705959188732 20.7896820111806 34.0
vertex 85.894694080071 20.6523544813779 34.0
endloop
endfacet
facet normal -0.544639035015026 -0.838670567945425 7.53410217983929e-017
outer loop
vertex 85.6705959188732 20.7896820111806 34.0
vertex 85.894694080071 20.6523544813779 34.9336441091219
vertex 85.6705959188732 20.7896820111806 34.9336441091219
endloop
endfacet
facet normal -0.453990499739544 -0.891006524188369 6.23581133556654e-017
outer loop
vertex 86.1256722901181 20.5269435457406 34.9336441091219
vertex 85.894694080071 20.6523544813779 34.0
vertex 86.1256722901181 20.5269435457406 34.0
endloop
endfacet
facet normal -0.499999999999995 -0.866025403784442 6.89440530055516e-017
outer loop
vertex 85.894694080071 20.6523544813779 34.0
vertex 86.1256722901181 20.5269435457406 34.9336441091219
vertex 85.894694080071 20.6523544813779 34.9336441091219
endloop
endfacet
facet normal -0.406736643075804 -0.913545457642599 5.56012544515312e-017
outer loop
vertex 86.3628974537957 20.413792946926 34.9336441091219
vertex 86.1256722901181 20.5269435457406 34.0
vertex 86.3628974537957 20.413792946926 34.0
endloop
endfacet
facet normal -0.453990499739544 -0.891006524188369 6.23581133556654e-017
outer loop
vertex 86.1256722901181 20.5269435457406 34.0
vertex 86.3628974537957 20.413792946926 34.9336441091219
vertex 86.1256722901181 20.5269435457406 34.9336441091219
endloop
endfacet
facet normal -0.358367949545311 -0.933580426497198 4.86919963737412e-017
outer loop
vertex 86.6057193534195 20.3132128228606 34.9336441091219
vertex 86.3628974537957 20.413792946926 34.0
vertex 86.6057193534195 20.3132128228606 34.0
endloop
endfacet
facet normal -0.406736643075804 -0.913545457642599 5.56012544515312e-017
outer loop
vertex 86.3628974537957 20.413792946926 34.0
vertex 86.6057193534195 20.3132128228606 34.9336441091219
vertex 86.3628974537957 20.413792946926 34.9336441091219
endloop
endfacet
facet normal -0.309016994374959 -0.95105651629515 4.16492769184291e-017
outer loop
vertex 86.8534724310412 20.2254788566732 34.9336441091219
vertex 86.6057193534195 20.3132128228606 34.0
vertex 86.8534724310412 20.2254788566732 34.0
endloop
endfacet
facet normal -0.358367949545311 -0.933580426497198 4.86919963737412e-017
outer loop
vertex 86.6057193534195 20.3132128228606 34.0
vertex 86.8534724310412 20.2254788566732 34.9336441091219
vertex 86.6057193534195 20.3132128228606 34.9336441091219
endloop
endfacet
facet normal -0.258819045102525 -0.965925826289067 3.44923996900882e-017
outer loop
vertex 87.1054776126959 20.1508315210667 34.9336441091219
vertex 86.8534724310412 20.2254788566732 34.0
vertex 87.1054776126959 20.1508315210667 34.0
endloop
endfacet
facet normal -0.309016994374959 -0.95105651629515 4.16492769184291e-017
outer loop
vertex 86.8534724310412 20.2254788566732 34.0
vertex 87.1054776126959 20.1508315210667 34.9336441091219
vertex 86.8534724310412 20.2254788566732 34.9336441091219
endloop
endfacet
facet normal -0.207911690817757 -0.978147600733806 2.72409811917342e-017
outer loop
vertex 87.3610441696974 20.0894754191994 34.9336441091219
vertex 87.1054776126959 20.1508315210667 34.0
vertex 87.3610441696974 20.0894754191994 34.0
endloop
endfacet
facet normal -0.258819045102525 -0.965925826289067 3.44923996900882e-017
outer loop
vertex 87.1054776126959 20.1508315210667 34.0
vertex 87.3610441696974 20.0894754191994 34.9336441091219
vertex 87.1054776126959 20.1508315210667 34.9336441091219
endloop
endfacet
facet normal -0.156434465040231 -0.987688340595138 1.99148970574323e-017
outer loop
vertex 87.6194716118772 20.0415787238816 34.9336441091219
vertex 87.3610441696974 20.0894754191994 34.0
vertex 87.6194716118772 20.0415787238816 34.0
endloop
endfacet
facet normal -0.207911690817757 -0.978147600733806 2.72409811917342e-017
outer loop
vertex 87.3610441696974 20.0894754191994 34.0
vertex 87.6194716118772 20.0415787238816 34.9336441091219
vertex 87.3610441696974 20.0894754191994 34.9336441091219
endloop
endfacet
facet normal -0.104528463267652 -0.994521895368274 1.25342275745629e-017
outer loop
vertex 87.8800516075794 20.0072727166261 34.9336441091219
vertex 87.6194716118772 20.0415787238816 34.0
vertex 87.8800516075794 20.0072727166261 34.0
endloop
endfacet
facet normal -0.156434465040231 -0.987688340595138 1.99148970574323e-017
outer loop
vertex 87.6194716118772 20.0415787238816 34.0
vertex 87.8800516075794 20.0072727166261 34.9336441091219
vertex 87.6194716118772 20.0415787238816 34.9336441091219
endloop
endfacet
facet normal -0.0523359562429451 -0.998629534754574 6.05902657105381e-018
outer loop
vertex 88.1420699251485 19.9866514278141 34.9336441091219
vertex 87.8800516075794 20.0072727166261 34.0
vertex 88.1420699251485 19.9866514278141 34.0
endloop
endfacet
facet normal -0.104528463267652 -0.994521895368274 1.25342275745629e-017
outer loop
vertex 87.8800516075794 20.0072727166261 34.0
vertex 88.1420699251485 19.9866514278141 34.9336441091219
vertex 87.8800516075794 20.0072727166261 34.9336441091219
endloop
endfacet
facet normal -2.57182966931114e-015 -1.0 -8.11181612767014e-020
outer loop
vertex 88.4048083905885 19.9797713789649 34.9336441091219
vertex 88.1420699251485 19.9866514278141 34.0
vertex 88.4048083905885 19.9797713789649 34.0
endloop
endfacet
facet normal -0.0523359562429451 -0.998629534754574 6.05902657105381e-018
outer loop
vertex 88.1420699251485 19.9866514278141 34.0
vertex 88.4048083905885 19.9797713789649 34.9336441091219
vertex 88.1420699251485 19.9866514278141 34.9336441091219
endloop
endfacet
facet normal 0.0523359562429392 -0.998629534754574 -8.44366724686704e-018
outer loop
vertex 88.6675468560286 19.9866514278141 34.9336441091219
vertex 88.4048083905885 19.9797713789649 34.0
vertex 88.6675468560286 19.9866514278141 34.0
endloop
endfacet
facet normal -2.57182966931114e-015 -1.0 -8.11181612767014e-020
outer loop
vertex 88.4048083905885 19.9797713789649 34.0
vertex 88.6675468560286 19.9866514278141 34.9336441091219
vertex 88.4048083905885 19.9797713789649 34.9336441091219
endloop
endfacet
facet normal 0.104528463267646 -0.994521895368274 -1.71286276602057e-017
outer loop
vertex 88.9295651735976 20.0072727166261 34.9336441091219
vertex 88.6675468560286 19.9866514278141 34.0
vertex 88.9295651735976 20.0072727166261 34.0
endloop
endfacet
facet normal 0.0523359562429392 -0.998629534754574 -8.44366724686704e-018
outer loop
vertex 88.6675468560286 19.9866514278141 34.0
vertex 88.9295651735976 20.0072727166261 34.9336441091219
vertex 88.6675468560286 19.9866514278141 34.9336441091219
endloop
endfacet
facet normal 0.156434465040231 -0.987688340595138 -2.44777281200295e-017
outer loop
vertex 89.1901451692998 20.0415787238816 34.9336441091219
vertex 88.9295651735976 20.0072727166261 34.0
vertex 89.1901451692998 20.0415787238816 34.0
endloop
endfacet
facet normal 0.104528463267646 -0.994521895368274 -1.71286276602057e-017
outer loop
vertex 88.9295651735976 20.0072727166261 34.0
vertex 89.1901451692998 20.0415787238816 34.9336441091219
vertex 88.9295651735976 20.0072727166261 34.9336441091219
endloop
endfacet
facet normal 0.207911690817762 -0.978147600733805 -3.17597368285017e-017
outer loop
vertex 89.4485726114796 20.0894754191993 34.9336441091219
vertex 89.1901451692998 20.0415787238816 34.0
vertex 89.4485726114796 20.0894754191993 34.0
endloop
endfacet
facet normal 0.156434465040231 -0.987688340595138 -2.44777281200295e-017
outer loop
vertex 89.1901451692998 20.0415787238816 34.0
vertex 89.4485726114796 20.0894754191993 34.9336441091219
vertex 89.1901451692998 20.0415787238816 34.9336441091219
endloop
endfacet
facet normal 0.25881904510253 -0.965925826289066 -3.89546943059198e-017
outer loop
vertex 89.7041391684812 20.1508315210667 34.9336441091219
vertex 89.4485726114796 20.0894754191993 34.0
vertex 89.7041391684812 20.1508315210667 34.0
endloop
endfacet
facet normal 0.207911690817762 -0.978147600733805 -3.17597368285017e-017
outer loop
vertex 89.4485726114796 20.0894754191993 34.0
vertex 89.7041391684812 20.1508315210667 34.9336441091219
vertex 89.4485726114796 20.0894754191993 34.9336441091219
endloop
endfacet
facet normal 0.309016994374952 -0.951056516295152 -4.60428796739515e-017
outer loop
vertex 89.956144350136 20.2254788566732 34.9336441091219
vertex 89.7041391684812 20.1508315210667 34.0
vertex 89.956144350136 20.2254788566732 34.0
endloop
endfacet
facet normal 0.25881904510253 -0.965925826289066 -3.89546943059198e-017
outer loop
vertex 89.7041391684812 20.1508315210667 34.0
vertex 89.956144350136 20.2254788566732 34.9336441091219
vertex 89.7041391684812 20.1508315210667 34.9336441091219
endloop
endfacet
facet normal 0.358367949545299 -0.933580426497202 -5.3004864709198e-017
outer loop
vertex 90.2038974277575 20.3132128228606 34.9336441091219
vertex 89.956144350136 20.2254788566732 34.0
vertex 90.2038974277575 20.3132128228606 34.0
endloop
endfacet
facet normal 0.309016994374952 -0.951056516295152 -4.60428796739515e-017
outer loop
vertex 89.956144350136 20.2254788566732 34.0
vertex 90.2038974277575 20.3132128228606 34.9336441091219
vertex 89.956144350136 20.2254788566732 34.9336441091219
endloop
endfacet
facet normal 0.406736643075798 -0.913545457642602 -5.98215670946002e-017
outer loop
vertex 90.4467193273815 20.413792946926 34.9336441091219
vertex 90.2038974277575 20.3132128228606 34.0
vertex 90.4467193273815 20.413792946926 34.0
endloop
endfacet
facet normal 0.358367949545299 -0.933580426497202 -5.3004864709198e-017
outer loop
vertex 90.2038974277575 20.3132128228606 34.0
vertex 90.4467193273815 20.413792946926 34.9336441091219
vertex 90.2038974277575 20.3132128228606 34.9336441091219
endloop
endfacet
facet normal 0.453990499739547 -0.891006524188368 -6.64743027227427e-017
outer loop
vertex 90.683944491059 20.5269435457406 34.9336441091219
vertex 90.4467193273815 20.413792946926 34.0
vertex 90.683944491059 20.5269435457406 34.0
endloop
endfacet
facet normal 0.406736643075798 -0.913545457642602 -5.98215670946002e-017
outer loop
vertex 90.4467193273815 20.413792946926 34.0
vertex 90.683944491059 20.5269435457406 34.9336441091219
vertex 90.4467193273815 20.413792946926 34.9336441091219
endloop
endfacet
facet normal 0.500000000000013 -0.866025403784431 -7.29448369076957e-017
outer loop
vertex 90.9149227011061 20.6523544813779 34.9336441091219
vertex 90.683944491059 20.5269435457406 34.0
vertex 90.9149227011061 20.6523544813779 34.0
endloop
endfacet
facet normal 0.453990499739547 -0.891006524188368 -6.64743027227427e-017
outer loop
vertex 90.683944491059 20.5269435457406 34.0
vertex 90.9149227011061 20.6523544813779 34.9336441091219
vertex 90.683944491059 20.5269435457406 34.9336441091219
endloop
endfacet
facet normal 0.544639035015031 -0.838670567945421 -7.92154343650153e-017
outer loop
vertex 91.139020862304 20.7896820111807 34.9336441091219
vertex 90.9149227011061 20.6523544813779 34.0
vertex 91.139020862304 20.7896820111807 34.0
endloop
endfacet
facet normal 0.500000000000013 -0.866025403784431 -7.29448369076957e-017
outer loop
vertex 90.9149227011061 20.6523544813779 34.0
vertex 91.139020862304 20.7896820111807 34.9336441091219
vertex 90.9149227011061 20.6523544813779 34.9336441091219
endloop
endfacet
facet normal 0.587785252292464 -0.809016994374954 -8.5268907822937e-017
outer loop
vertex 91.3556247371695 20.938549729935 34.9336441091219
vertex 91.139020862304 20.7896820111807 34.0
vertex 91.3556247371695 20.938549729935 34.0
endloop
endfacet
facet normal 0.544639035015031 -0.838670567945421 -7.92154343650153e-017
outer loop
vertex 91.139020862304 20.7896820111807 34.0
vertex 91.3556247371695 20.938549729935 34.9336441091219
vertex 91.139020862304 20.7896820111807 34.9336441091219
endloop
endfacet
facet normal 0.629320391049834 -0.777145961456974 -9.10886651314877e-017
outer loop
vertex 91.5641406295379 21.0985496015719 34.9336441091219
vertex 91.3556247371695 20.938549729935 34.0
vertex 91.5641406295379 21.0985496015719 34.0
endloop
endfacet
facet normal 0.587785252292464 -0.809016994374954 -8.5268907822937e-017
outer loop
vertex 91.3556247371695 20.938549729935 34.0
vertex 91.5641406295379 21.0985496015719 34.9336441091219
vertex 91.3556247371695 20.938549729935 34.9336441091219
endloop
endfacet
facet normal 0.669130606358853 -0.743144825477399 -9.66587547404076e-017
outer loop
vertex 91.7639970118419 21.2692430775643 34.9336441091219
vertex 91.5641406295379 21.0985496015719 34.0
vertex 91.7639970118419 21.2692430775643 34.0
endloop
endfacet
facet normal 0.629320391049834 -0.777145961456974 -9.10886651314877e-017
outer loop
vertex 91.5641406295379 21.0985496015719 34.0
vertex 91.7639970118419 21.2692430775643 34.9336441091219
vertex 91.5641406295379 21.0985496015719 34.9336441091219
endloop
endfacet
facet normal 0.707106781186536 -0.707106781186559 -1.01963909421251e-016
outer loop
vertex 91.9546460916292 21.4501622989592 34.9336441091219
vertex 91.7639970118419 21.2692430775643 34.0
vertex 91.9546460916292 21.4501622989592 34.0
endloop
endfacet
facet normal 0.669130606358853 -0.743144825477399 -9.66587547404076e-017
outer loop
vertex 91.7639970118419 21.2692430775643 34.0
vertex 91.9546460916292 21.4501622989592 34.9336441091219
vertex 91.7639970118419 21.2692430775643 34.9336441091219
endloop
endfacet
facet normal 0.743144825477394 -0.669130606358859 -1.06989588113798e-016
outer loop
vertex 92.1355653130243 21.6408113787467 34.0
vertex 91.9546460916292 21.4501622989592 34.9336441091219
vertex 91.9546460916292 21.4501622989592 34.0
endloop
endfacet
facet normal 0.707106781186536 -0.707106781186559 -1.01963909421251e-016
outer loop
vertex 91.9546460916292 21.4501622989592 34.9336441091219
vertex 92.1355653130243 21.6408113787467 34.0
vertex 92.1355653130243 21.6408113787467 34.9336441091219
endloop
endfacet
facet normal 0.777145961456973 -0.629320391049834 -1.11722015782078e-016
outer loop
vertex 92.3062587890166 21.8406677610506 34.0
vertex 92.1355653130243 21.6408113787467 34.9336441091219
vertex 92.1355653130243 21.6408113787467 34.0
endloop
endfacet
facet normal 0.743144825477394 -0.669130606358859 -1.06989588113798e-016
outer loop
vertex 92.1355653130243 21.6408113787467 34.9336441091219
vertex 92.3062587890166 21.8406677610506 34.0
vertex 92.3062587890166 21.8406677610506 34.9336441091219
endloop
endfacet
facet normal 0.809016994374944 -0.587785252292478 -1.16148221170801e-016
outer loop
vertex 92.4662586606534 22.049183653419 34.0
vertex 92.3062587890166 21.8406677610506 34.9336441091219
vertex 92.3062587890166 21.8406677610506 34.0
endloop
endfacet
facet normal 0.777145961456973 -0.629320391049834 -1.11722015782078e-016
outer loop
vertex 92.3062587890166 21.8406677610506 34.9336441091219
vertex 92.4662586606534 22.049183653419 34.0
vertex 92.4662586606534 22.049183653419 34.9336441091219
endloop
endfacet
facet normal 0.838670567945421 -0.544639035015031 -1.2025607235866e-016
outer loop
vertex 92.6151263794079 22.2657875282846 34.0
vertex 92.4662586606534 22.049183653419 34.9336441091219
vertex 92.4662586606534 22.049183653419 34.0
endloop
endfacet
facet normal 0.809016994374944 -0.587785252292478 -1.16148221170801e-016
outer loop
vertex 92.4662586606534 22.049183653419 34.9336441091219
vertex 92.6151263794079 22.2657875282846 34.0
vertex 92.6151263794079 22.2657875282846 34.9336441091219
endloop
endfacet
facet normal 0.866025403784441 -0.499999999999996 -1.24034310011081e-016
outer loop
vertex 92.7524539092107 22.4898856894825 34.0
vertex 92.6151263794079 22.2657875282846 34.9336441091219
vertex 92.6151263794079 22.2657875282846 34.0
endloop
endfacet
facet normal 0.838670567945421 -0.544639035015031 -1.2025607235866e-016
outer loop
vertex 92.6151263794079 22.2657875282846 34.9336441091219
vertex 92.7524539092107 22.4898856894825 34.0
vertex 92.7524539092107 22.4898856894825 34.9336441091219
endloop
endfacet
facet normal 0.891006524188369 -0.453990499739545 -1.2747257824128e-016
outer loop
vertex 92.8778648448479 22.7208638995294 34.0
vertex 92.7524539092107 22.4898856894825 34.9336441091219
vertex 92.7524539092107 22.4898856894825 34.0
endloop
endfacet
facet normal 0.866025403784441 -0.499999999999996 -1.24034310011081e-016
outer loop
vertex 92.7524539092107 22.4898856894825 34.9336441091219
vertex 92.8778648448479 22.7208638995294 34.0
vertex 92.8778648448479 22.7208638995294 34.9336441091219
endloop
endfacet
facet normal 0.913545457642601 -0.4067366430758 -1.3056145299503e-016
outer loop
vertex 92.9910154436625 22.9580890632071 34.0
vertex 92.8778648448479 22.7208638995294 34.9336441091219
vertex 92.8778648448479 22.7208638995294 34.0
endloop
endfacet
facet normal 0.891006524188369 -0.453990499739545 -1.2747257824128e-016
outer loop
vertex 92.8778648448479 22.7208638995294 34.9336441091219
vertex 92.9910154436625 22.9580890632071 34.0
vertex 92.9910154436625 22.9580890632071 34.9336441091219
endloop
endfacet
facet normal 0.9335804264972 -0.358367949545305 -1.33292467881335e-016
outer loop
vertex 93.091595567728 23.2009109628311 34.0
vertex 92.9910154436625 22.9580890632071 34.9336441091219
vertex 92.9910154436625 22.9580890632071 34.0
endloop
endfacet
facet normal 0.913545457642601 -0.4067366430758 -1.3056145299503e-016
outer loop
vertex 92.9910154436625 22.9580890632071 34.9336441091219
vertex 93.091595567728 23.2009109628311 34.0
vertex 93.091595567728 23.2009109628311 34.9336441091219
endloop
endfacet
facet normal 0.951056516295146 -0.309016994374972 -1.35658137378224e-016
outer loop
vertex 93.1793295339154 23.4486640404526 34.0
vertex 93.091595567728 23.2009109628311 34.9336441091219
vertex 93.091595567728 23.2009109628311 34.0
endloop
endfacet
facet normal 0.9335804264972 -0.358367949545305 -1.33292467881335e-016
outer loop
vertex 93.091595567728 23.2009109628311 34.9336441091219
vertex 93.1793295339154 23.4486640404526 34.0
vertex 93.1793295339154 23.4486640404526 34.9336441091219
endloop
endfacet
facet normal 0.965925826289064 -0.258819045102536 -1.37651977350041e-016
outer loop
vertex 93.2539768695219 23.7006692221073 34.0
vertex 93.1793295339154 23.4486640404526 34.9336441091219
vertex 93.1793295339154 23.4486640404526 34.0
endloop
endfacet
facet normal 0.951056516295146 -0.309016994374972 -1.35658137378224e-016
outer loop
vertex 93.1793295339154 23.4486640404526 34.9336441091219
vertex 93.2539768695219 23.7006692221073 34.0
vertex 93.2539768695219 23.7006692221073 34.9336441091219
endloop
endfacet
facet normal 0.978147600733807 -0.207911690817753 -1.39268522820014e-016
outer loop
vertex 93.3153329713891 23.9562357791087 34.0
vertex 93.2539768695219 23.7006692221073 34.9336441091219
vertex 93.2539768695219 23.7006692221073 34.0
endloop
endfacet
facet normal 0.965925826289064 -0.258819045102536 -1.37651977350041e-016
outer loop
vertex 93.2539768695219 23.7006692221073 34.9336441091219
vertex 93.3153329713891 23.9562357791087 34.0
vertex 93.3153329713891 23.9562357791087 34.9336441091219
endloop
endfacet
facet normal 0.987688340595139 -0.156434465040226 -1.40503342949373e-016
outer loop
vertex 93.3632296667069 24.2146632212888 34.0
vertex 93.3153329713891 23.9562357791087 34.9336441091219
vertex 93.3153329713891 23.9562357791087 34.0
endloop
endfacet
facet normal 0.978147600733807 -0.207911690817753 -1.39268522820014e-016
outer loop
vertex 93.3153329713891 23.9562357791087 34.9336441091219
vertex 93.3632296667069 24.2146632212888 34.0
vertex 93.3632296667069 24.2146632212888 34.9336441091219
endloop
endfacet
facet normal 0.994521895368273 -0.10452846326766 -1.41353053181975e-016
outer loop
vertex 93.3975356739624 24.4752432169909 34.0
vertex 93.3632296667069 24.2146632212888 34.9336441091219
vertex 93.3632296667069 24.2146632212888 34.0
endloop
endfacet
facet normal 0.987688340595139 -0.156434465040226 -1.40503342949373e-016
outer loop
vertex 93.3632296667069 24.2146632212888 34.9336441091219
vertex 93.3975356739624 24.4752432169909 34.0
vertex 93.3975356739624 24.4752432169909 34.9336441091219
endloop
endfacet
facet normal 0.998629534754573 -0.0523359562429568 -6.79974451883144e-017
outer loop
vertex 93.4181569627744 24.73726153456 34.0
vertex 93.3975356739624 24.4752432169909 34.9336441091219
vertex 93.3975356739624 24.4752432169909 34.0
endloop
endfacet
facet normal 0.994521895368273 -0.10452846326766 -1.41353053181975e-016
outer loop
vertex 93.3975356739624 24.4752432169909 34.9336441091219
vertex 93.4181569627744 24.73726153456 34.0
vertex 93.4181569627744 24.73726153456 34.9336441091219
endloop
endfacet
facet normal 1.0 -1.25962207429062e-014 4.05590806467825e-021
outer loop
vertex 93.4250370116236 25.0 34.0
vertex 93.4181569627744 24.73726153456 34.9336441091219
vertex 93.4181569627744 24.73726153456 34.0
endloop
endfacet
facet normal 0.998629534754573 -0.0523359562429568 -6.79974451883144e-017
outer loop
vertex 93.4181569627744 24.73726153456 34.9336441091219
vertex 93.4250370116236 25.0 34.0
vertex 93.4250370116236 25.0 34.9336441091219
endloop
endfacet
facet normal 0.998629534754574 0.0523359562429463 -7.34984812321907e-017
outer loop
vertex 93.4181569627744 25.26273846544 34.0
vertex 93.4250370116236 25.0 34.9336441091219
vertex 93.4250370116236 25.0 34.0
endloop
endfacet
facet normal 1.0 -1.25962207429062e-014 4.05590806467825e-021
outer loop
vertex 93.4250370116236 25.0 34.9336441091219
vertex 93.4181569627744 25.26273846544 34.0
vertex 93.4181569627744 25.26273846544 34.9336441091219
endloop
endfacet
facet normal 0.994521895368272 0.104528463267663 -1.40870162274469e-016
outer loop
vertex 93.3975356739624 25.5247567830091 34.0
vertex 93.4181569627744 25.26273846544 34.9336441091219
vertex 93.4181569627744 25.26273846544 34.0
endloop
endfacet
facet normal 0.998629534754574 0.0523359562429463 -7.34984812321907e-017
outer loop
vertex 93.4181569627744 25.26273846544 34.9336441091219
vertex 93.3975356739624 25.5247567830091 34.0
vertex 93.3975356739624 25.5247567830091 34.9336441091219
endloop
endfacet
facet normal 0.987688340595138 0.156434465040228 -1.39780661505228e-016
outer loop
vertex 93.3632296667069 25.7853367787113 34.0
vertex 93.3975356739624 25.5247567830091 34.9336441091219
vertex 93.3975356739624 25.5247567830091 34.0
endloop
endfacet
facet normal 0.994521895368272 0.104528463267663 -1.40870162274469e-016
outer loop
vertex 93.3975356739624 25.5247567830091 34.9336441091219
vertex 93.3632296667069 25.7853367787113 34.0
vertex 93.3632296667069 25.7853367787113 34.9336441091219
endloop
endfacet
facet normal 0.978147600733807 0.207911690817753 -1.38308031658836e-016
outer loop
vertex 93.3153329713892 26.0437642208911 34.0
vertex 93.3632296667069 25.7853367787113 34.9336441091219
vertex 93.3632296667069 25.7853367787113 34.0
endloop
endfacet
facet normal 0.987688340595138 0.156434465040228 -1.39780661505228e-016
outer loop
vertex 93.3632296667069 25.7853367787113 34.9336441091219
vertex 93.3153329713892 26.0437642208911 34.0
vertex 93.3153329713892 26.0437642208911 34.9336441091219
endloop
endfacet
facet normal 0.965925826289069 0.25881904510252 -1.3645630911134e-016
outer loop
vertex 93.2539768695219 26.2993307778928 34.0
vertex 93.3153329713892 26.0437642208911 34.9336441091219
vertex 93.3153329713892 26.0437642208911 34.0
endloop
endfacet
facet normal 0.978147600733807 0.207911690817753 -1.38308031658836e-016
outer loop
vertex 93.3153329713892 26.0437642208911 34.9336441091219
vertex 93.2539768695219 26.2993307778928 34.0
vertex 93.2539768695219 26.2993307778928 34.9336441091219
endloop
endfacet
facet normal 0.951056516295153 0.30901699437495 -1.34230569305532e-016
outer loop
vertex 93.1793295339154 26.5513359595473 34.0
vertex 93.2539768695219 26.2993307778928 34.9336441091219
vertex 93.2539768695219 26.2993307778928 34.0
endloop
endfacet
facet normal 0.965925826289069 0.25881904510252 -1.3645630911134e-016
outer loop
vertex 93.2539768695219 26.2993307778928 34.9336441091219
vertex 93.1793295339154 26.5513359595473 34.0
vertex 93.1793295339154 26.5513359595473 34.9336441091219
endloop
endfacet
facet normal 0.933580426497199 0.358367949545308 -1.3163691283951e-016
outer loop
vertex 93.0915955677279 26.799089037169 34.0
vertex 93.1793295339154 26.5513359595473 34.9336441091219
vertex 93.1793295339154 26.5513359595473 34.0
endloop
endfacet
facet normal 0.951056516295153 0.30901699437495 -1.34230569305532e-016
outer loop
vertex 93.1793295339154 26.5513359595473 34.9336441091219
vertex 93.0915955677279 26.799089037169 34.0
vertex 93.0915955677279 26.799089037169 34.9336441091219
endloop
endfacet
facet normal 0.913545457642599 0.406736643075804 -1.28682448745364e-016
outer loop
vertex 92.9910154436626 27.0419109367927 34.0
vertex 93.0915955677279 26.799089037169 34.9336441091219
vertex 93.0915955677279 26.799089037169 34.0
endloop
endfacet
facet normal 0.933580426497199 0.358367949545308 -1.3163691283951e-016
outer loop
vertex 93.0915955677279 26.799089037169 34.9336441091219
vertex 92.9910154436626 27.0419109367927 34.0
vertex 92.9910154436626 27.0419109367927 34.9336441091219
endloop
endfacet
facet normal 0.891006524188369 0.453990499739545 -1.25375275003816e-016
outer loop
vertex 92.8778648448479 27.2791361004706 34.0
vertex 92.9910154436626 27.0419109367927 34.9336441091219
vertex 92.9910154436626 27.0419109367927 34.0
endloop
endfacet
facet normal 0.913545457642599 0.406736643075804 -1.28682448745364e-016
outer loop
vertex 92.9910154436626 27.0419109367927 34.9336441091219
vertex 92.8778648448479 27.2791361004706 34.0
vertex 92.8778648448479 27.2791361004706 34.9336441091219
endloop
endfacet
facet normal 0.866025403784437 0.500000000000003 -1.21724456348209e-016
outer loop
vertex 92.7524539092107 27.5101143105175 34.0
vertex 92.8778648448479 27.2791361004706 34.9336441091219
vertex 92.8778648448479 27.2791361004706 34.0
endloop
endfacet
facet normal 0.891006524188369 0.453990499739545 -1.25375275003816e-016
outer loop
vertex 92.8778648448479 27.2791361004706 34.9336441091219
vertex 92.7524539092107 27.5101143105175 34.0
vertex 92.7524539092107 27.5101143105175 34.9336441091219
endloop
endfacet
facet normal 0.838670567945421 0.544639035015032 -1.17739999418716e-016
outer loop
vertex 92.6151263794079 27.7342124717154 34.0
vertex 92.7524539092107 27.5101143105175 34.9336441091219
vertex 92.7524539092107 27.5101143105175 34.0
endloop
endfacet
facet normal 0.866025403784437 0.500000000000003 -1.21724456348209e-016
outer loop
vertex 92.7524539092107 27.5101143105175 34.9336441091219
vertex 92.6151263794079 27.7342124717154 34.0
vertex 92.6151263794079 27.7342124717154 34.9336441091219
endloop
endfacet
facet normal 0.809016994374951 0.587785252292468 -1.13432825334823e-016
outer loop
vertex 92.4662586606534 27.950816346581 34.0
vertex 92.6151263794079 27.7342124717154 34.9336441091219
vertex 92.6151263794079 27.7342124717154 34.0
endloop
endfacet
facet normal 0.838670567945421 0.544639035015032 -1.17739999418716e-016
outer loop
vertex 92.6151263794079 27.7342124717154 34.9336441091219
vertex 92.4662586606534 27.950816346581 34.0
vertex 92.4662586606534 27.950816346581 34.9336441091219
endloop
endfacet
facet normal 0.777145961456978 0.629320391049829 -1.08814739761307e-016
outer loop
vertex 92.3062587890167 28.1593322389494 34.0
vertex 92.4662586606534 27.950816346581 34.9336441091219
vertex 92.4662586606534 27.950816346581 34.0
endloop
endfacet
facet normal 0.809016994374951 0.587785252292468 -1.13432825334823e-016
outer loop
vertex 92.4662586606534 27.950816346581 34.9336441091219
vertex 92.3062587890167 28.1593322389494 34.0
vertex 92.3062587890167 28.1593322389494 34.9336441091219
endloop
endfacet
facet normal 0.743144825477402 0.669130606358849 -1.03898400549725e-016
outer loop
vertex 92.1355653130243 28.3591886212532 34.0
vertex 92.3062587890167 28.1593322389494 34.9336441091219
vertex 92.3062587890167 28.1593322389494 34.0
endloop
endfacet
facet normal 0.777145961456978 0.629320391049829 -1.08814739761307e-016
outer loop
vertex 92.3062587890167 28.1593322389494 34.9336441091219
vertex 92.1355653130243 28.3591886212532 34.0
vertex 92.1355653130243 28.3591886212532 34.9336441091219
endloop
endfacet
facet normal 0.707106781186551 0.707106781186544 -9.86972830441238e-017
outer loop
vertex 91.9546460916292 28.5498377010407 34.0
vertex 92.1355653130243 28.3591886212532 34.9336441091219
vertex 92.1355653130243 28.3591886212532 34.0
endloop
endfacet
facet normal 0.743144825477402 0.669130606358849 -1.03898400549725e-016
outer loop
vertex 92.1355653130243 28.3591886212532 34.9336441091219
vertex 91.9546460916292 28.5498377010407 34.0
vertex 91.9546460916292 28.5498377010407 34.9336441091219
endloop
endfacet
facet normal 0.669130606358852 0.7431448254774 -9.32256431460623e-017
outer loop
vertex 91.7639970118418 28.7307569224358 34.9336441091219
vertex 91.9546460916292 28.5498377010407 34.0
vertex 91.7639970118418 28.7307569224358 34.0
endloop
endfacet
facet normal 0.707106781186551 0.707106781186544 -9.86972830441238e-017
outer loop
vertex 91.9546460916292 28.5498377010407 34.0
vertex 91.7639970118418 28.7307569224358 34.9336441091219
vertex 91.9546460916292 28.5498377010407 34.9336441091219
endloop
endfacet
facet normal 0.629320391049841 0.777145961456968 -8.74984782401752e-017
outer loop
vertex 91.5641406295381 28.901450398428 34.9336441091219
vertex 91.7639970118418 28.7307569224358 34.0
vertex 91.5641406295381 28.901450398428 34.0
endloop
endfacet
facet normal 0.669130606358852 0.7431448254774 -9.32256431460623e-017
outer loop
vertex 91.7639970118418 28.7307569224358 34.0
vertex 91.5641406295381 28.901450398428 34.9336441091219
vertex 91.7639970118418 28.7307569224358 34.9336441091219
endloop
endfacet
facet normal 0.587785252292466 0.809016994374953 -8.15314860873735e-017
outer loop
vertex 91.3556247371695 29.061450270065 34.9336441091219
vertex 91.5641406295381 28.901450398428 34.0
vertex 91.3556247371695 29.061450270065 34.0
endloop
endfacet
facet normal 0.629320391049841 0.777145961456968 -8.74984782401752e-017
outer loop
vertex 91.5641406295381 28.901450398428 34.0
vertex 91.3556247371695 29.061450270065 34.9336441091219
vertex 91.5641406295381 28.901450398428 34.9336441091219
endloop
endfacet
facet normal 0.54463903501502 0.838670567945429 -7.5341021798392e-017
outer loop
vertex 91.139020862304 29.2103179888193 34.9336441091219
vertex 91.3556247371695 29.061450270065 34.0
vertex 91.139020862304 29.2103179888193 34.0
endloop
endfacet
facet normal 0.587785252292466 0.809016994374953 -8.15314860873735e-017
outer loop
vertex 91.3556247371695 29.061450270065 34.0
vertex 91.139020862304 29.2103179888193 34.9336441091219
vertex 91.3556247371695 29.061450270065 34.9336441091219
endloop
endfacet
facet normal 0.500000000000003 0.866025403784437 -6.89440530055528e-017
outer loop
vertex 90.9149227011061 29.3476455186221 34.9336441091219
vertex 91.139020862304 29.2103179888193 34.0
vertex 90.9149227011061 29.3476455186221 34.0
endloop
endfacet
facet normal 0.54463903501502 0.838670567945429 -7.5341021798392e-017
outer loop
vertex 91.139020862304 29.2103179888193 34.0
vertex 90.9149227011061 29.3476455186221 34.9336441091219
vertex 91.139020862304 29.2103179888193 34.9336441091219
endloop
endfacet
facet normal 0.453990499739545 0.891006524188369 -6.23581133556655e-017
outer loop
vertex 90.683944491059 29.4730564542595 34.9336441091219
vertex 90.9149227011061 29.3476455186221 34.0
vertex 90.683944491059 29.4730564542595 34.0
endloop
endfacet
facet normal 0.500000000000003 0.866025403784437 -6.89440530055528e-017
outer loop
vertex 90.9149227011061 29.3476455186221 34.0
vertex 90.683944491059 29.4730564542595 34.9336441091219
vertex 90.9149227011061 29.3476455186221 34.9336441091219
endloop
endfacet
facet normal 0.4067366430758 0.913545457642601 -5.56012544515306e-017
outer loop
vertex 90.4467193273815 29.586207053074 34.9336441091219
vertex 90.683944491059 29.4730564542595 34.0
vertex 90.4467193273815 29.586207053074 34.0
endloop
endfacet
facet normal 0.453990499739545 0.891006524188369 -6.23581133556655e-017
outer loop
vertex 90.683944491059 29.4730564542595 34.0
vertex 90.4467193273815 29.586207053074 34.9336441091219
vertex 90.683944491059 29.4730564542595 34.9336441091219
endloop
endfacet
facet normal 0.358367949545292 0.933580426497205 -4.86919963737385e-017
outer loop
vertex 90.2038974277575 29.6867871771394 34.9336441091219
vertex 90.4467193273815 29.586207053074 34.0
vertex 90.2038974277575 29.6867871771394 34.0
endloop
endfacet
facet normal 0.4067366430758 0.913545457642601 -5.56012544515306e-017
outer loop
vertex 90.4467193273815 29.586207053074 34.0
vertex 90.2038974277575 29.6867871771394 34.9336441091219
vertex 90.4467193273815 29.586207053074 34.9336441091219
endloop
endfacet
facet normal 0.309016994374945 0.951056516295155 -4.16492769184271e-017
outer loop
vertex 89.9561443501358 29.7745211433269 34.9336441091219
vertex 90.2038974277575 29.6867871771394 34.0
vertex 89.9561443501358 29.7745211433269 34.0
endloop
endfacet
facet normal 0.358367949545292 0.933580426497205 -4.86919963737385e-017
outer loop
vertex 90.2038974277575 29.6867871771394 34.0
vertex 89.9561443501358 29.7745211433269 34.9336441091219
vertex 90.2038974277575 29.6867871771394 34.9336441091219
endloop
endfacet
facet normal 0.258819045102527 0.965925826289067 -3.44923996900885e-017
outer loop
vertex 89.7041391684811 29.8491684789334 34.9336441091219
vertex 89.9561443501358 29.7745211433269 34.0
vertex 89.7041391684811 29.8491684789334 34.0
endloop
endfacet
facet normal 0.309016994374945 0.951056516295155 -4.16492769184271e-017
outer loop
vertex 89.9561443501358 29.7745211433269 34.0
vertex 89.7041391684811 29.8491684789334 34.9336441091219
vertex 89.9561443501358 29.7745211433269 34.9336441091219
endloop
endfacet
facet normal 0.207911690817777 0.978147600733802 -2.7240981191737e-017
outer loop
vertex 89.4485726114798 29.9105245808006 34.9336441091219
vertex 89.7041391684811 29.8491684789334 34.0
vertex 89.4485726114798 29.9105245808006 34.0
endloop
endfacet
facet normal 0.258819045102527 0.965925826289067 -3.44923996900885e-017
outer loop
vertex 89.7041391684811 29.8491684789334 34.0
vertex 89.4485726114798 29.9105245808006 34.9336441091219
vertex 89.7041391684811 29.8491684789334 34.9336441091219
endloop
endfacet
facet normal 0.156434465040232 0.987688340595138 -1.99148970574324e-017
outer loop
vertex 89.1901451692997 29.9584212761184 34.9336441091219
vertex 89.4485726114798 29.9105245808006 34.0
vertex 89.1901451692997 29.9584212761184 34.0
endloop
endfacet
facet normal 0.207911690817777 0.978147600733802 -2.7240981191737e-017
outer loop
vertex 89.4485726114798 29.9105245808006 34.0
vertex 89.1901451692997 29.9584212761184 34.9336441091219
vertex 89.4485726114798 29.9105245808006 34.9336441091219
endloop
endfacet
facet normal 0.10452846326764 0.994521895368275 -1.25342275745612e-017
outer loop
vertex 88.9295651735977 29.9927272833739 34.9336441091219
vertex 89.1901451692997 29.9584212761184 34.0
vertex 88.9295651735977 29.9927272833739 34.0
endloop
endfacet
facet normal 0.156434465040232 0.987688340595138 -1.99148970574324e-017
outer loop
vertex 89.1901451692997 29.9584212761184 34.0
vertex 88.9295651735977 29.9927272833739 34.9336441091219
vertex 89.1901451692997 29.9584212761184 34.9336441091219
endloop
endfacet
facet normal 0.052335956242939 0.998629534754574 -7.3082462547245e-018
outer loop
vertex 88.6675468560286 30.0133485721859 34.9336441091219
vertex 88.9295651735977 29.9927272833739 34.0
vertex 88.6675468560286 30.0133485721859 34.0
endloop
endfacet
facet normal 0.10452846326764 0.994521895368275 -1.25342275745612e-017
outer loop
vertex 88.9295651735977 29.9927272833739 34.0
vertex 88.6675468560286 30.0133485721859 34.9336441091219
vertex 88.9295651735977 29.9927272833739 34.9336441091219
endloop
endfacet
facet normal 6.74331971712851e-015 1.0 -1.62236322537182e-020
outer loop
vertex 88.4048083905885 30.0202286210351 34.9336441091219
vertex 88.6675468560286 30.0133485721859 34.0
vertex 88.4048083905885 30.0202286210351 34.0
endloop
endfacet
facet normal 0.052335956242939 0.998629534754574 -7.3082462547245e-018
outer loop
vertex 88.6675468560286 30.0133485721859 34.0
vertex 88.4048083905885 30.0202286210351 34.9336441091219
vertex 88.6675468560286 30.0133485721859 34.9336441091219
endloop
endfacet
facet normal -0.0523359562429344 0.998629534754574 9.59554513700808e-018
outer loop
vertex 88.1420699251485 30.0133485721859 34.9336441091219
vertex 88.4048083905885 30.0202286210351 34.0
vertex 88.1420699251485 30.0133485721859 34.0
endloop
endfacet
facet normal 6.74331971712851e-015 1.0 -1.62236322537182e-020
outer loop
vertex 88.4048083905885 30.0202286210351 34.0
vertex 88.1420699251485 30.0133485721859 34.9336441091219
vertex 88.4048083905885 30.0202286210351 34.9336441091219
endloop
endfacet
facet normal -0.104528463267653 0.994521895368273 1.71286276602066e-017
outer loop
vertex 87.8800516075794 29.9927272833739 34.9336441091219
vertex 88.1420699251485 30.0133485721859 34.0
vertex 87.8800516075794 29.9927272833739 34.0
endloop
endfacet
facet normal -0.0523359562429344 0.998629534754574 9.59554513700808e-018
outer loop
vertex 88.1420699251485 30.0133485721859 34.0
vertex 87.8800516075794 29.9927272833739 34.9336441091219
vertex 88.1420699251485 30.0133485721859 34.9336441091219
endloop
endfacet
facet normal -0.156434465040239 0.987688340595137 2.44777281200307e-017
outer loop
vertex 87.6194716118773 29.9584212761184 34.9336441091219
vertex 87.8800516075794 29.9927272833739 34.0
vertex 87.6194716118773 29.9584212761184 34.0
endloop
endfacet
facet normal -0.104528463267653 0.994521895368273 1.71286276602066e-017
outer loop
vertex 87.8800516075794 29.9927272833739 34.0
vertex 87.6194716118773 29.9584212761184 34.9336441091219
vertex 87.8800516075794 29.9927272833739 34.9336441091219
endloop
endfacet
facet normal -0.207911690817768 0.978147600733804 3.17597368285026e-017
outer loop
vertex 87.3610441696974 29.9105245808007 34.9336441091219
vertex 87.6194716118773 29.9584212761184 34.0
vertex 87.3610441696974 29.9105245808007 34.0
endloop
endfacet
facet normal -0.156434465040239 0.987688340595137 2.44777281200307e-017
outer loop
vertex 87.6194716118773 29.9584212761184 34.0
vertex 87.3610441696974 29.9105245808007 34.9336441091219
vertex 87.6194716118773 29.9584212761184 34.9336441091219
endloop
endfacet
facet normal -0.258819045102514 0.96592582628907 3.89546943059176e-017
outer loop
vertex 87.105477612696 29.8491684789334 34.9336441091219
vertex 87.3610441696974 29.9105245808007 34.0
vertex 87.105477612696 29.8491684789334 34.0
endloop
endfacet
facet normal -0.207911690817768 0.978147600733804 3.17597368285026e-017
outer loop
vertex 87.3610441696974 29.9105245808007 34.0
vertex 87.105477612696 29.8491684789334 34.9336441091219
vertex 87.3610441696974 29.9105245808007 34.9336441091219
endloop
endfacet
facet normal -0.309016994374954 0.951056516295152 4.60428796739517e-017
outer loop
vertex 86.8534724310412 29.7745211433268 34.9336441091219
vertex 87.105477612696 29.8491684789334 34.0
vertex 86.8534724310412 29.7745211433268 34.0
endloop
endfacet
facet normal -0.258819045102514 0.96592582628907 3.89546943059176e-017
outer loop
vertex 87.105477612696 29.8491684789334 34.0
vertex 86.8534724310412 29.7745211433268 34.9336441091219
vertex 87.105477612696 29.8491684789334 34.9336441091219
endloop
endfacet
facet normal -0.358367949545296 0.933580426497203 5.30048647091976e-017
outer loop
vertex 86.6057193534196 29.6867871771394 34.9336441091219
vertex 86.8534724310412 29.7745211433268 34.0
vertex 86.6057193534196 29.6867871771394 34.0
endloop
endfacet
facet normal -0.309016994374954 0.951056516295152 4.60428796739517e-017
outer loop
vertex 86.8534724310412 29.7745211433268 34.0
vertex 86.6057193534196 29.6867871771394 34.9336441091219
vertex 86.8534724310412 29.7745211433268 34.9336441091219
endloop
endfacet
facet normal -0.406736643075778 0.913545457642611 5.98215670945974e-017
outer loop
vertex 86.3628974537957 29.586207053074 34.9336441091219
vertex 86.6057193534196 29.6867871771394 34.0
vertex 86.3628974537957 29.586207053074 34.0
endloop
endfacet
facet normal -0.358367949545296 0.933580426497203 5.30048647091976e-017
outer loop
vertex 86.6057193534196 29.6867871771394 34.0
vertex 86.3628974537957 29.586207053074 34.9336441091219
vertex 86.6057193534196 29.6867871771394 34.9336441091219
endloop
endfacet
facet normal -0.453990499739548 0.891006524188367 6.64743027227428e-017
outer loop
vertex 86.1256722901181 29.4730564542595 34.9336441091219
vertex 86.3628974537957 29.586207053074 34.0
vertex 86.1256722901181 29.4730564542595 34.0
endloop
endfacet
facet normal -0.406736643075778 0.913545457642611 5.98215670945974e-017
outer loop
vertex 86.3628974537957 29.586207053074 34.0
vertex 86.1256722901181 29.4730564542595 34.9336441091219
vertex 86.3628974537957 29.586207053074 34.9336441091219
endloop
endfacet
facet normal -0.500000000000004 0.866025403784436 7.29448369076945e-017
outer loop
vertex 85.8946940800709 29.3476455186221 34.9336441091219
vertex 86.1256722901181 29.4730564542595 34.0
vertex 85.8946940800709 29.3476455186221 34.0
endloop
endfacet
facet normal -0.453990499739548 0.891006524188367 6.64743027227428e-017
outer loop
vertex 86.1256722901181 29.4730564542595 34.0
vertex 85.8946940800709 29.3476455186221 34.9336441091219
vertex 86.1256722901181 29.4730564542595 34.9336441091219
endloop
endfacet
facet normal -0.544639035015014 0.838670567945433 7.92154343650129e-017
outer loop
vertex 85.6705959188732 29.2103179888194 34.9336441091219
vertex 85.8946940800709 29.3476455186221 34.0
vertex 85.6705959188732 29.2103179888194 34.0
endloop
endfacet
facet normal -0.500000000000004 0.866025403784436 7.29448369076945e-017
outer loop
vertex 85.8946940800709 29.3476455186221 34.0
vertex 85.6705959188732 29.2103179888194 34.9336441091219
vertex 85.8946940800709 29.3476455186221 34.9336441091219
endloop
endfacet
facet normal -0.587785252292469 0.80901699437495 8.52689078229377e-017
outer loop
vertex 85.4539920440075 29.0614502700649 34.9336441091219
vertex 85.6705959188732 29.2103179888194 34.0
vertex 85.4539920440075 29.0614502700649 34.0
endloop
endfacet
facet normal -0.544639035015014 0.838670567945433 7.92154343650129e-017
outer loop
vertex 85.6705959188732 29.2103179888194 34.0
vertex 85.4539920440075 29.0614502700649 34.9336441091219
vertex 85.6705959188732 29.2103179888194 34.9336441091219
endloop
endfacet
facet normal -0.629320391049838 0.77714596145697 9.10886651314884e-017
outer loop
vertex 85.2454761516392 28.9014503984281 34.9336441091219
vertex 85.4539920440075 29.0614502700649 34.0
vertex 85.2454761516392 28.9014503984281 34.0
endloop
endfacet
facet normal -0.587785252292469 0.80901699437495 8.52689078229377e-017
outer loop
vertex 85.4539920440075 29.0614502700649 34.0
vertex 85.2454761516392 28.9014503984281 34.9336441091219
vertex 85.4539920440075 29.0614502700649 34.9336441091219
endloop
endfacet
facet normal -0.669130606358854 0.743144825477398 9.66587547404078e-017
outer loop
vertex 85.0456197693353 28.7307569224358 34.9336441091219
vertex 85.2454761516392 28.9014503984281 34.0
vertex 85.0456197693353 28.7307569224358 34.0
endloop
endfacet
facet normal -0.629320391049838 0.77714596145697 9.10886651314884e-017
outer loop
vertex 85.2454761516392 28.9014503984281 34.0
vertex 85.0456197693353 28.7307569224358 34.9336441091219
vertex 85.2454761516392 28.9014503984281 34.9336441091219
endloop
endfacet
facet normal -0.707106781186536 0.707106781186559 1.01963909421251e-016
outer loop
vertex 84.8549706895478 28.5498377010407 34.9336441091219
vertex 85.0456197693353 28.7307569224358 34.0
vertex 84.8549706895478 28.5498377010407 34.0
endloop
endfacet
facet normal -0.669130606358854 0.743144825477398 9.66587547404078e-017
outer loop
vertex 85.0456197693353 28.7307569224358 34.0
vertex 84.8549706895478 28.5498377010407 34.9336441091219
vertex 85.0456197693353 28.7307569224358 34.9336441091219
endloop
endfacet
facet normal -0.707106781186536 0.707106781186559 1.01963909421251e-016
outer loop
vertex 84.8549706895478 28.5498377010407 34.9336441091219
vertex 84.6740514681528 28.3591886212534 34.0
vertex 84.6740514681528 28.3591886212534 34.9336441091219
endloop
endfacet
facet normal -0.743144825477387 0.669130606358866 1.06989588113797e-016
outer loop
vertex 84.6740514681528 28.3591886212534 34.0
vertex 84.8549706895478 28.5498377010407 34.9336441091219
vertex 84.8549706895478 28.5498377010407 34.0
endloop
endfacet
facet normal -0.743144825477387 0.669130606358866 1.06989588113797e-016
outer loop
vertex 84.6740514681528 28.3591886212534 34.9336441091219
vertex 84.5033579921604 28.1593322389494 34.0
vertex 84.5033579921604 28.1593322389494 34.9336441091219
endloop
endfacet
facet normal -0.777145961456974 0.629320391049834 1.11722015782078e-016
outer loop
vertex 84.5033579921604 28.1593322389494 34.0
vertex 84.6740514681528 28.3591886212534 34.9336441091219
vertex 84.6740514681528 28.3591886212534 34.0
endloop
endfacet
facet normal -0.777145961456974 0.629320391049834 1.11722015782078e-016
outer loop
vertex 84.5033579921604 28.1593322389494 34.9336441091219
vertex 84.3433581205237 27.950816346581 34.0
vertex 84.3433581205237 27.950816346581 34.9336441091219
endloop
endfacet
facet normal -0.809016994374942 0.587785252292481 1.16148221170801e-016
outer loop
vertex 84.3433581205237 27.950816346581 34.0
vertex 84.5033579921604 28.1593322389494 34.9336441091219
vertex 84.5033579921604 28.1593322389494 34.0
endloop
endfacet
facet normal -0.809016994374942 0.587785252292481 1.16148221170801e-016
outer loop
vertex 84.3433581205237 27.950816346581 34.9336441091219
vertex 84.1944904017692 27.7342124717154 34.0
vertex 84.1944904017692 27.7342124717154 34.9336441091219
endloop
endfacet
facet normal -0.838670567945424 0.544639035015028 1.2025607235866e-016
outer loop
vertex 84.1944904017692 27.7342124717154 34.0
vertex 84.3433581205237 27.950816346581 34.9336441091219
vertex 84.3433581205237 27.950816346581 34.0
endloop
endfacet
facet normal -0.838670567945424 0.544639035015028 1.2025607235866e-016
outer loop
vertex 84.1944904017692 27.7342124717154 34.9336441091219
vertex 84.0571628719664 27.5101143105175 34.0
vertex 84.0571628719664 27.5101143105175 34.9336441091219
endloop
endfacet
facet normal -0.866025403784437 0.500000000000003 1.2403431001108e-016
outer loop
vertex 84.0571628719664 27.5101143105175 34.0
vertex 84.1944904017692 27.7342124717154 34.9336441091219
vertex 84.1944904017692 27.7342124717154 34.0
endloop
endfacet
facet normal -0.866025403784437 0.500000000000003 1.2403431001108e-016
outer loop
vertex 84.0571628719664 27.5101143105175 34.9336441091219
vertex 83.9317519363291 27.2791361004705 34.0
vertex 83.9317519363291 27.2791361004705 34.9336441091219
endloop
endfacet
facet normal -0.891006524188361 0.45399049973956 1.27472578241279e-016
outer loop
vertex 83.9317519363291 27.2791361004705 34.0
vertex 84.0571628719664 27.5101143105175 34.9336441091219
vertex 84.0571628719664 27.5101143105175 34.0
endloop
endfacet
facet normal -0.891006524188361 0.45399049973956 1.27472578241279e-016
outer loop
vertex 83.9317519363291 27.2791361004705 34.9336441091219
vertex 83.8186013375146 27.0419109367929 34.0
vertex 83.8186013375146 27.0419109367929 34.9336441091219
endloop
endfacet
facet normal -0.913545457642602 0.406736643075799 1.3056145299503e-016
outer loop
vertex 83.8186013375146 27.0419109367929 34.0
vertex 83.9317519363291 27.2791361004705 34.9336441091219
vertex 83.9317519363291 27.2791361004705 34.0
endloop
endfacet
facet normal -0.913545457642602 0.406736643075799 1.3056145299503e-016
outer loop
vertex 83.8186013375146 27.0419109367929 34.9336441091219
vertex 83.7180212134492 26.799089037169 34.0
vertex 83.7180212134492 26.799089037169 34.9336441091219
endloop
endfacet
facet normal -0.933580426497202 0.358367949545301 1.33292467881336e-016
outer loop
vertex 83.7180212134492 26.799089037169 34.0
vertex 83.8186013375146 27.0419109367929 34.9336441091219
vertex 83.8186013375146 27.0419109367929 34.0
endloop
endfacet
facet normal -0.933580426497202 0.358367949545301 1.33292467881336e-016
outer loop
vertex 83.7180212134492 26.799089037169 34.9336441091219
vertex 83.6302872472617 26.5513359595473 34.0
vertex 83.6302872472617 26.5513359595473 34.9336441091219
endloop
endfacet
facet normal -0.951056516295151 0.309016994374956 1.35658137378224e-016
outer loop
vertex 83.6302872472617 26.5513359595473 34.0
vertex 83.7180212134492 26.799089037169 34.9336441091219
vertex 83.7180212134492 26.799089037169 34.0
endloop
endfacet
facet normal 0.0 1.0 0.0
outer loop
vertex 108.904808390589 3.0 34.0
vertex 109.293036958242 3.0511112605664 31.0000000000001
vertex 108.904808390589 3.0 31.0000000000001
endloop
endfacet
facet normal -0.258819045102516 0.96592582628907 0.0
outer loop
vertex 109.293036958242 3.0511112605664 31.0000000000001
vertex 108.904808390589 3.0 34.0
vertex 109.293036958242 3.0511112605664 34.0
endloop
endfacet
facet normal -0.258819045102516 0.96592582628907 0.0
outer loop
vertex 109.293036958242 3.0511112605664 34.0
vertex 109.654808390589 3.20096189432334 31.0000000000001
vertex 109.293036958242 3.0511112605664 31.0000000000001
endloop
endfacet
facet normal -0.5 0.866025403784439 0.0
outer loop
vertex 109.654808390589 3.20096189432334 31.0000000000001
vertex 109.293036958242 3.0511112605664 34.0
vertex 109.654808390589 3.20096189432334 34.0
endloop
endfacet
facet normal -0.5 0.866025403784439 0.0
outer loop
vertex 109.654808390589 3.20096189432334 34.0
vertex 109.965468562368 3.43933982822018 31.0000000000001
vertex 109.654808390589 3.20096189432334 31.0000000000001
endloop
endfacet
facet normal -0.707106781186559 0.707106781186536 0.0
outer loop
vertex 109.965468562368 3.43933982822018 31.0000000000001
vertex 109.654808390589 3.20096189432334 34.0
vertex 109.965468562368 3.43933982822018 34.0
endloop
endfacet
facet normal -0.86602540378444 0.499999999999999 0.0
outer loop
vertex 110.203846496265 3.75 34.0
vertex 109.965468562368 3.43933982822018 31.0000000000001
vertex 109.965468562368 3.43933982822018 34.0
endloop
endfacet
facet normal -0.707106781186559 0.707106781186536 0.0
outer loop
vertex 109.965468562368 3.43933982822018 31.0000000000001
vertex 110.203846496265 3.75 34.0
vertex 110.203846496265 3.75 31.0000000000001
endloop
endfacet
facet normal -0.965925826289067 0.258819045102526 0.0
outer loop
vertex 110.353697130022 4.11177143234622 34.0
vertex 110.203846496265 3.75 31.0000000000001
vertex 110.203846496265 3.75 34.0
endloop
endfacet
facet normal -0.86602540378444 0.499999999999999 0.0
outer loop
vertex 110.203846496265 3.75 31.0000000000001
vertex 110.353697130022 4.11177143234622 34.0
vertex 110.353697130022 4.11177143234622 31.0000000000001
endloop
endfacet
facet normal -1.0 1.1584442864341e-016 0.0
outer loop
vertex 110.404808390589 4.5 34.0
vertex 110.353697130022 4.11177143234622 31.0000000000001
vertex 110.353697130022 4.11177143234622 34.0
endloop
endfacet
facet normal -0.965925826289067 0.258819045102526 0.0
outer loop
vertex 110.353697130022 4.11177143234622 31.0000000000001
vertex 110.404808390589 4.5 34.0
vertex 110.404808390589 4.5 31.0000000000001
endloop
endfacet
facet normal -0.965925826289067 -0.258819045102526 0.0
outer loop
vertex 110.353697130022 4.88822856765378 34.0
vertex 110.404808390589 4.5 31.0000000000001
vertex 110.404808390589 4.5 34.0
endloop
endfacet
facet normal -1.0 1.1584442864341e-016 0.0
outer loop
vertex 110.404808390589 4.5 31.0000000000001
vertex 110.353697130022 4.88822856765378 34.0
vertex 110.353697130022 4.88822856765378 31.0000000000001
endloop
endfacet
facet normal -0.866025403784439 -0.499999999999999 0.0
outer loop
vertex 110.203846496265 5.25 34.0
vertex 110.353697130022 4.88822856765378 31.0000000000001
vertex 110.353697130022 4.88822856765378 34.0
endloop
endfacet
facet normal -0.965925826289067 -0.258819045102526 0.0
outer loop
vertex 110.353697130022 4.88822856765378 31.0000000000001
vertex 110.203846496265 5.25 34.0
vertex 110.203846496265 5.25 31.0000000000001
endloop
endfacet
facet normal -0.707106781186559 -0.707106781186536 0.0
outer loop
vertex 109.965468562368 5.56066017177982 34.0
vertex 110.203846496265 5.25 31.0000000000001
vertex 110.203846496265 5.25 34.0
endloop
endfacet
facet normal -0.866025403784439 -0.499999999999999 0.0
outer loop
vertex 110.203846496265 5.25 31.0000000000001
vertex 109.965468562368 5.56066017177982 34.0
vertex 109.965468562368 5.56066017177982 31.0000000000001
endloop
endfacet
facet normal -0.707106781186559 -0.707106781186536 0.0
outer loop
vertex 109.965468562368 5.56066017177982 34.0
vertex 109.654808390589 5.79903810567666 31.0000000000001
vertex 109.965468562368 5.56066017177982 31.0000000000001
endloop
endfacet
facet normal -0.5 -0.866025403784439 0.0
outer loop
vertex 109.654808390589 5.79903810567666 31.0000000000001
vertex 109.965468562368 5.56066017177982 34.0
vertex 109.654808390589 5.79903810567666 34.0
endloop
endfacet
facet normal -0.5 -0.866025403784439 0.0
outer loop
vertex 109.654808390589 5.79903810567666 34.0
vertex 109.293036958242 5.9488887394336 31.0000000000001
vertex 109.654808390589 5.79903810567666 31.0000000000001
endloop
endfacet
facet normal -0.258819045102515 -0.96592582628907 0.0
outer loop
vertex 109.293036958242 5.9488887394336 31.0000000000001
vertex 109.654808390589 5.79903810567666 34.0
vertex 109.293036958242 5.9488887394336 34.0
endloop
endfacet
facet normal -0.258819045102515 -0.96592582628907 0.0
outer loop
vertex 109.293036958242 5.9488887394336 34.0
vertex 108.904808390589 6.0 31.0000000000001
vertex 109.293036958242 5.9488887394336 31.0000000000001
endloop
endfacet
facet normal 0.0 -1.0 0.0
outer loop
vertex 108.904808390589 6.0 31.0000000000001
vertex 109.293036958242 5.9488887394336 34.0
vertex 108.904808390589 6.0 34.0
endloop
endfacet
facet normal 0.0 -1.0 0.0
outer loop
vertex 108.904808390589 6.0 34.0
vertex 108.516579822935 5.9488887394336 31.0000000000001
vertex 108.904808390589 6.0 31.0000000000001
endloop
endfacet
facet normal 0.258819045102516 -0.96592582628907 0.0
outer loop
vertex 108.516579822935 5.9488887394336 31.0000000000001
vertex 108.904808390589 6.0 34.0
vertex 108.516579822935 5.9488887394336 34.0
endloop
endfacet
facet normal 0.258819045102516 -0.96592582628907 0.0
outer loop
vertex 108.516579822935 5.9488887394336 34.0
vertex 108.154808390589 5.79903810567666 31.0000000000001
vertex 108.516579822935 5.9488887394336 31.0000000000001
endloop
endfacet
facet normal 0.5 -0.866025403784439 0.0
outer loop
vertex 108.154808390589 5.79903810567666 31.0000000000001
vertex 108.516579822935 5.9488887394336 34.0
vertex 108.154808390589 5.79903810567666 34.0
endloop
endfacet
facet normal 0.5 -0.866025403784439 0.0
outer loop
vertex 108.154808390589 5.79903810567666 34.0
vertex 107.844148218809 5.56066017177982 31.0000000000001
vertex 108.154808390589 5.79903810567666 31.0000000000001
endloop
endfacet
facet normal 0.707106781186559 -0.707106781186536 0.0
outer loop
vertex 107.844148218809 5.56066017177982 31.0000000000001
vertex 108.154808390589 5.79903810567666 34.0
vertex 107.844148218809 5.56066017177982 34.0
endloop
endfacet
facet normal 0.707106781186559 -0.707106781186536 0.0
outer loop
vertex 107.844148218809 5.56066017177982 31.0000000000001
vertex 107.605770284912 5.25 34.0
vertex 107.605770284912 5.25 31.0000000000001
endloop
endfacet
facet normal 0.86602540378444 -0.499999999999998 0.0
outer loop
vertex 107.605770284912 5.25 34.0
vertex 107.844148218809 5.56066017177982 31.0000000000001
vertex 107.844148218809 5.56066017177982 34.0
endloop
endfacet
facet normal 0.86602540378444 -0.499999999999998 0.0
outer loop
vertex 107.605770284912 5.25 31.0000000000001
vertex 107.455919651155 4.88822856765378 34.0
vertex 107.455919651155 4.88822856765378 31.0000000000001
endloop
endfacet
facet normal 0.965925826289067 -0.258819045102527 0.0
outer loop
vertex 107.455919651155 4.88822856765378 34.0
vertex 107.605770284912 5.25 31.0000000000001
vertex 107.605770284912 5.25 34.0
endloop
endfacet
facet normal 0.965925826289067 -0.258819045102527 0.0
outer loop
vertex 107.455919651155 4.88822856765378 31.0000000000001
vertex 107.404808390589 4.5 34.0
vertex 107.404808390589 4.5 31.0000000000001
endloop
endfacet
facet normal 1.0 -2.40599967182466e-016 0.0
outer loop
vertex 107.404808390589 4.5 34.0
vertex 107.455919651155 4.88822856765378 31.0000000000001
vertex 107.455919651155 4.88822856765378 34.0
endloop
endfacet
facet normal 1.0 -2.40599967182466e-016 0.0
outer loop
vertex 107.404808390589 4.5 31.0000000000001
vertex 107.455919651155 4.11177143234622 34.0
vertex 107.455919651155 4.11177143234622 31.0000000000001
endloop
endfacet
facet normal 0.965925826289067 0.258819045102526 0.0
outer loop
vertex 107.455919651155 4.11177143234622 34.0
vertex 107.404808390589 4.5 31.0000000000001
vertex 107.404808390589 4.5 34.0
endloop
endfacet
facet normal 0.965925826289067 0.258819045102526 0.0
outer loop
vertex 107.455919651155 4.11177143234622 31.0000000000001
vertex 107.605770284912 3.75 34.0
vertex 107.605770284912 3.75 31.0000000000001
endloop
endfacet
facet normal 0.866025403784439 0.499999999999999 0.0
outer loop
vertex 107.605770284912 3.75 34.0
vertex 107.455919651155 4.11177143234622 31.0000000000001
vertex 107.455919651155 4.11177143234622 34.0
endloop
endfacet
facet normal 0.866025403784439 0.499999999999999 0.0
outer loop
vertex 107.605770284912 3.75 31.0000000000001
vertex 107.844148218809 3.43933982822018 34.0
vertex 107.844148218809 3.43933982822018 31.0000000000001
endloop
endfacet
facet normal 0.707106781186559 0.707106781186537 0.0
outer loop
vertex 107.844148218809 3.43933982822018 34.0
vertex 107.605770284912 3.75 31.0000000000001
vertex 107.605770284912 3.75 34.0
endloop
endfacet
facet normal 0.707106781186559 0.707106781186537 0.0
outer loop
vertex 107.844148218809 3.43933982822018 34.0
vertex 108.154808390589 3.20096189432334 31.0000000000001
vertex 107.844148218809 3.43933982822018 31.0000000000001
endloop
endfacet
facet normal 0.499999999999999 0.866025403784439 0.0
outer loop
vertex 108.154808390589 3.20096189432334 31.0000000000001
vertex 107.844148218809 3.43933982822018 34.0
vertex 108.154808390589 3.20096189432334 34.0
endloop
endfacet
facet normal 0.499999999999999 0.866025403784439 0.0
outer loop
vertex 108.154808390589 3.20096189432334 34.0
vertex 108.516579822935 3.0511112605664 31.0000000000001
vertex 108.154808390589 3.20096189432334 31.0000000000001
endloop
endfacet
facet normal 0.258819045102515 0.96592582628907 0.0
outer loop
vertex 108.516579822935 3.0511112605664 31.0000000000001
vertex 108.154808390589 3.20096189432334 34.0
vertex 108.516579822935 3.0511112605664 34.0
endloop
endfacet
facet normal 0.258819045102515 0.96592582628907 0.0
outer loop
vertex 108.516579822935 3.0511112605664 34.0
vertex 108.904808390589 3.0 31.0000000000001
vertex 108.516579822935 3.0511112605664 31.0000000000001
endloop
endfacet
facet normal 0.0 1.0 0.0
outer loop
vertex 108.904808390589 3.0 31.0000000000001
vertex 108.516579822935 3.0511112605664 34.0
vertex 108.904808390589 3.0 34.0
endloop
endfacet
facet normal 0.258819045102525 0.965925826289067 0.0
outer loop
vertex 108.516579822935 44.0511112605664 34.0
vertex 108.904808390589 44.0 31.0000000000001
vertex 108.516579822935 44.0511112605664 31.0000000000001
endloop
endfacet
facet normal -7.11997680662188e-015 1.0 0.0
outer loop
vertex 108.904808390589 44.0 31.0000000000001
vertex 108.516579822935 44.0511112605664 34.0
vertex 108.904808390589 44.0 34.0
endloop
endfacet
facet normal -7.11997680662188e-015 1.0 0.0
outer loop
vertex 108.904808390589 44.0 34.0
vertex 109.293036958242 44.0511112605664 31.0000000000001
vertex 108.904808390589 44.0 31.0000000000001
endloop
endfacet
facet normal -0.258819045102515 0.96592582628907 0.0
outer loop
vertex 109.293036958242 44.0511112605664 31.0000000000001
vertex 108.904808390589 44.0 34.0
vertex 109.293036958242 44.0511112605664 34.0
endloop
endfacet
facet normal -0.258819045102515 0.96592582628907 0.0
outer loop
vertex 109.293036958242 44.0511112605664 34.0
vertex 109.654808390589 44.2009618943233 31.0000000000001
vertex 109.293036958242 44.0511112605664 31.0000000000001
endloop
endfacet
facet normal -0.499999999999997 0.866025403784441 0.0
outer loop
vertex 109.654808390589 44.2009618943233 31.0000000000001
vertex 109.293036958242 44.0511112605664 34.0
vertex 109.654808390589 44.2009618943233 34.0
endloop
endfacet
facet normal -0.499999999999997 0.866025403784441 0.0
outer loop
vertex 109.654808390589 44.2009618943233 34.0
vertex 109.965468562368 44.4393398282202 31.0000000000001
vertex 109.654808390589 44.2009618943233 31.0000000000001
endloop
endfacet
facet normal -0.707106781186559 0.707106781186536 0.0
outer loop
vertex 109.965468562368 44.4393398282202 31.0000000000001
vertex 109.654808390589 44.2009618943233 34.0
vertex 109.965468562368 44.4393398282202 34.0
endloop
endfacet
facet normal -0.866025403784439 0.499999999999999 0.0
outer loop
vertex 110.203846496265 44.75 34.0
vertex 109.965468562368 44.4393398282202 31.0000000000001
vertex 109.965468562368 44.4393398282202 34.0
endloop
endfacet
facet normal -0.707106781186559 0.707106781186536 0.0
outer loop
vertex 109.965468562368 44.4393398282202 31.0000000000001
vertex 110.203846496265 44.75 34.0
vertex 110.203846496265 44.75 31.0000000000001
endloop
endfacet
facet normal -0.965925826289067 0.258819045102526 0.0
outer loop
vertex 110.353697130022 45.1117714323462 34.0
vertex 110.203846496265 44.75 31.0000000000001
vertex 110.203846496265 44.75 34.0
endloop
endfacet
facet normal -0.866025403784439 0.499999999999999 0.0
outer loop
vertex 110.203846496265 44.75 31.0000000000001
vertex 110.353697130022 45.1117714323462 34.0
vertex 110.353697130022 45.1117714323462 31.0000000000001
endloop
endfacet
facet normal -1.0 0.0 0.0
outer loop
vertex 110.404808390589 45.5 34.0
vertex 110.353697130022 45.1117714323462 31.0000000000001
vertex 110.353697130022 45.1117714323462 34.0
endloop
endfacet
facet normal -0.965925826289067 0.258819045102526 0.0
outer loop
vertex 110.353697130022 45.1117714323462 31.0000000000001
vertex 110.404808390589 45.5 34.0
vertex 110.404808390589 45.5 31.0000000000001
endloop
endfacet
facet normal -0.965925826289067 -0.258819045102526 0.0
outer loop
vertex 110.353697130022 45.8882285676538 34.0
vertex 110.404808390589 45.5 31.0000000000001
vertex 110.404808390589 45.5 34.0
endloop
endfacet
facet normal -1.0 0.0 0.0
outer loop
vertex 110.404808390589 45.5 31.0000000000001
vertex 110.353697130022 45.8882285676538 34.0
vertex 110.353697130022 45.8882285676538 31.0000000000001
endloop
endfacet
facet normal -0.866025403784439 -0.499999999999999 0.0
outer loop
vertex 110.203846496265 46.25 34.0
vertex 110.353697130022 45.8882285676538 31.0000000000001
vertex 110.353697130022 45.8882285676538 34.0
endloop
endfacet
facet normal -0.965925826289067 -0.258819045102526 0.0
outer loop
vertex 110.353697130022 45.8882285676538 31.0000000000001
vertex 110.203846496265 46.25 34.0
vertex 110.203846496265 46.25 31.0000000000001
endloop
endfacet
facet normal -0.707106781186546 -0.707106781186549 0.0
outer loop
vertex 109.965468562368 46.5606601717798 34.0
vertex 110.203846496265 46.25 31.0000000000001
vertex 110.203846496265 46.25 34.0
endloop
endfacet
facet normal -0.866025403784439 -0.499999999999999 0.0
outer loop
vertex 110.203846496265 46.25 31.0000000000001
vertex 109.965468562368 46.5606601717798 34.0
vertex 109.965468562368 46.5606601717798 31.0000000000001
endloop
endfacet
facet normal -0.707106781186546 -0.707106781186549 0.0
outer loop
vertex 109.965468562368 46.5606601717798 34.0
vertex 109.654808390589 46.7990381056766 31.0000000000001
vertex 109.965468562368 46.5606601717798 31.0000000000001
endloop
endfacet
facet normal -0.499999999999997 -0.866025403784441 0.0
outer loop
vertex 109.654808390589 46.7990381056766 31.0000000000001
vertex 109.965468562368 46.5606601717798 34.0
vertex 109.654808390589 46.7990381056766 34.0
endloop
endfacet
facet normal -0.499999999999997 -0.866025403784441 0.0
outer loop
vertex 109.654808390589 46.7990381056766 34.0
vertex 109.293036958242 46.9488887394336 31.0000000000001
vertex 109.654808390589 46.7990381056766 31.0000000000001
endloop
endfacet
facet normal -0.258819045102525 -0.965925826289067 0.0
outer loop
vertex 109.293036958242 46.9488887394336 31.0000000000001
vertex 109.654808390589 46.7990381056766 34.0
vertex 109.293036958242 46.9488887394336 34.0
endloop
endfacet
facet normal -0.258819045102525 -0.965925826289067 0.0
outer loop
vertex 109.293036958242 46.9488887394336 34.0
vertex 108.904808390589 47.0 31.0000000000001
vertex 109.293036958242 46.9488887394336 31.0000000000001
endloop
endfacet
facet normal 7.11997680662188e-015 -1.0 0.0
outer loop
vertex 108.904808390589 47.0 31.0000000000001
vertex 109.293036958242 46.9488887394336 34.0
vertex 108.904808390589 47.0 34.0
endloop
endfacet
facet normal 7.11997680662188e-015 -1.0 0.0
outer loop
vertex 108.904808390589 47.0 34.0
vertex 108.516579822935 46.9488887394336 31.0000000000001
vertex 108.904808390589 47.0 31.0000000000001
endloop
endfacet
facet normal 0.258819045102515 -0.96592582628907 0.0
outer loop
vertex 108.516579822935 46.9488887394336 31.0000000000001
vertex 108.904808390589 47.0 34.0
vertex 108.516579822935 46.9488887394336 34.0
endloop
endfacet
facet normal 0.258819045102515 -0.96592582628907 0.0
outer loop
vertex 108.516579822935 46.9488887394336 34.0
vertex 108.154808390589 46.7990381056766 31.0000000000001
vertex 108.516579822935 46.9488887394336 31.0000000000001
endloop
endfacet
facet normal 0.499999999999997 -0.866025403784441 0.0
outer loop
vertex 108.154808390589 46.7990381056766 31.0000000000001
vertex 108.516579822935 46.9488887394336 34.0
vertex 108.154808390589 46.7990381056766 34.0
endloop
endfacet
facet normal 0.499999999999997 -0.866025403784441 0.0
outer loop
vertex 108.154808390589 46.7990381056766 34.0
vertex 107.844148218809 46.5606601717798 31.0000000000001
vertex 108.154808390589 46.7990381056766 31.0000000000001
endloop
endfacet
facet normal 0.707106781186559 -0.707106781186536 0.0
outer loop
vertex 107.844148218809 46.5606601717798 31.0000000000001
vertex 108.154808390589 46.7990381056766 34.0
vertex 107.844148218809 46.5606601717798 34.0
endloop
endfacet
facet normal 0.707106781186559 -0.707106781186536 0.0
outer loop
vertex 107.844148218809 46.5606601717798 31.0000000000001
vertex 107.605770284912 46.25 34.0
vertex 107.605770284912 46.25 31.0000000000001
endloop
endfacet
facet normal 0.866025403784439 -0.499999999999999 0.0
outer loop
vertex 107.605770284912 46.25 34.0
vertex 107.844148218809 46.5606601717798 31.0000000000001
vertex 107.844148218809 46.5606601717798 34.0
endloop
endfacet
facet normal 0.866025403784439 -0.499999999999999 0.0
outer loop
vertex 107.605770284912 46.25 31.0000000000001
vertex 107.455919651155 45.8882285676538 34.0
vertex 107.455919651155 45.8882285676538 31.0000000000001
endloop
endfacet
facet normal 0.965925826289067 -0.258819045102526 0.0
outer loop
vertex 107.455919651155 45.8882285676538 34.0
vertex 107.605770284912 46.25 31.0000000000001
vertex 107.605770284912 46.25 34.0
endloop
endfacet
facet normal 0.965925826289067 -0.258819045102526 0.0
outer loop
vertex 107.455919651155 45.8882285676538 31.0000000000001
vertex 107.404808390589 45.5 34.0
vertex 107.404808390589 45.5 31.0000000000001
endloop
endfacet
facet normal 1.0 -9.44577648938571e-016 0.0
outer loop
vertex 107.404808390589 45.5 34.0
vertex 107.455919651155 45.8882285676538 31.0000000000001
vertex 107.455919651155 45.8882285676538 34.0
endloop
endfacet
facet normal 1.0 -9.44577648938571e-016 0.0
outer loop
vertex 107.404808390589 45.5 31.0000000000001
vertex 107.455919651155 45.1117714323462 34.0
vertex 107.455919651155 45.1117714323462 31.0000000000001
endloop
endfacet
facet normal 0.965925826289066 0.258819045102528 0.0
outer loop
vertex 107.455919651155 45.1117714323462 34.0
vertex 107.404808390589 45.5 31.0000000000001
vertex 107.404808390589 45.5 34.0
endloop
endfacet
facet normal 0.965925826289066 0.258819045102528 0.0
outer loop
vertex 107.455919651155 45.1117714323462 31.0000000000001
vertex 107.605770284912 44.75 34.0
vertex 107.605770284912 44.75 31.0000000000001
endloop
endfacet
facet normal 0.866025403784438 0.500000000000002 0.0
outer loop
vertex 107.605770284912 44.75 34.0
vertex 107.455919651155 45.1117714323462 31.0000000000001
vertex 107.455919651155 45.1117714323462 34.0
endloop
endfacet
facet normal 0.866025403784438 0.500000000000002 0.0
outer loop
vertex 107.605770284912 44.75 31.0000000000001
vertex 107.844148218809 44.4393398282202 34.0
vertex 107.844148218809 44.4393398282202 31.0000000000001
endloop
endfacet
facet normal 0.707106781186546 0.707106781186549 0.0
outer loop
vertex 107.844148218809 44.4393398282202 34.0
vertex 107.605770284912 44.75 31.0000000000001
vertex 107.605770284912 44.75 34.0
endloop
endfacet
facet normal 0.707106781186546 0.707106781186549 0.0
outer loop
vertex 107.844148218809 44.4393398282202 34.0
vertex 108.154808390589 44.2009618943233 31.0000000000001
vertex 107.844148218809 44.4393398282202 31.0000000000001
endloop
endfacet
facet normal 0.499999999999997 0.866025403784441 0.0
outer loop
vertex 108.154808390589 44.2009618943233 31.0000000000001
vertex 107.844148218809 44.4393398282202 34.0
vertex 108.154808390589 44.2009618943233 34.0
endloop
endfacet
facet normal 0.499999999999997 0.866025403784441 0.0
outer loop
vertex 108.154808390589 44.2009618943233 34.0
vertex 108.516579822935 44.0511112605664 31.0000000000001
vertex 108.154808390589 44.2009618943233 31.0000000000001
endloop
endfacet
facet normal 0.258819045102525 0.965925826289067 0.0
outer loop
vertex 108.516579822935 44.0511112605664 31.0000000000001
vertex 108.154808390589 44.2009618943233 34.0
vertex 108.516579822935 44.0511112605664 34.0
endloop
endfacet
facet normal -0.25881904510252 -0.965925826289069 0.0
outer loop
vertex 68.2930369582423 5.9488887394336 34.0
vertex 67.9048083905885 6.0 31.0
vertex 68.2930369582423 5.9488887394336 31.0
endloop
endfacet
facet normal 0.0 -1.0 0.0
outer loop
vertex 67.9048083905885 6.0 31.0
vertex 68.2930369582423 5.9488887394336 34.0
vertex 67.9048083905885 6.0 34.0
endloop
endfacet
facet normal 0.0 -1.0 0.0
outer loop
vertex 67.9048083905885 6.0 34.0
vertex 67.5165798229348 5.9488887394336 31.0
vertex 67.9048083905885 6.0 31.0
endloop
endfacet
facet normal 0.258819045102521 -0.965925826289068 0.0
outer loop
vertex 67.5165798229348 5.9488887394336 31.0
vertex 67.9048083905885 6.0 34.0
vertex 67.5165798229348 5.9488887394336 34.0
endloop
endfacet
facet normal 0.258819045102521 -0.965925826289068 0.0
outer loop
vertex 67.5165798229348 5.9488887394336 34.0
vertex 67.1548083905885 5.79903810567666 31.0
vertex 67.5165798229348 5.9488887394336 31.0
endloop
endfacet
facet normal 0.499999999999996 -0.866025403784441 0.0
outer loop
vertex 67.1548083905885 5.79903810567666 31.0
vertex 67.5165798229348 5.9488887394336 34.0
vertex 67.1548083905885 5.79903810567666 34.0
endloop
endfacet
facet normal 0.499999999999996 -0.866025403784441 0.0
outer loop
vertex 67.1548083905885 5.79903810567666 34.0
vertex 66.8441482188087 5.56066017177982 31.0
vertex 67.1548083905885 5.79903810567666 31.0
endloop
endfacet
facet normal 0.707106781186552 -0.707106781186543 0.0
outer loop
vertex 66.8441482188087 5.56066017177982 31.0
vertex 67.1548083905885 5.79903810567666 34.0
vertex 66.8441482188087 5.56066017177982 34.0
endloop
endfacet
facet normal 0.707106781186552 -0.707106781186543 0.0
outer loop
vertex 66.8441482188087 5.56066017177982 31.0
vertex 66.6057702849119 5.25 34.0
vertex 66.6057702849119 5.25 31.0
endloop
endfacet
facet normal 0.866025403784439 -0.499999999999999 0.0
outer loop
vertex 66.6057702849119 5.25 34.0
vertex 66.8441482188087 5.56066017177982 31.0
vertex 66.8441482188087 5.56066017177982 34.0
endloop
endfacet
facet normal 0.866025403784439 -0.499999999999999 0.0
outer loop
vertex 66.6057702849119 5.25 31.0
vertex 66.4559196511549 4.88822856765378 34.0
vertex 66.4559196511549 4.88822856765378 31.0
endloop
endfacet
facet normal 0.965925826289067 -0.258819045102527 0.0
outer loop
vertex 66.4559196511549 4.88822856765378 34.0
vertex 66.6057702849119 5.25 31.0
vertex 66.6057702849119 5.25 34.0
endloop
endfacet
facet normal 0.965925826289067 -0.258819045102527 0.0
outer loop
vertex 66.4559196511549 4.88822856765378 31.0
vertex 66.4048083905885 4.5 34.0
vertex 66.4048083905885 4.5 31.0
endloop
endfacet
facet normal 1.0 -1.24755538539057e-016 0.0
outer loop
vertex 66.4048083905885 4.5 34.0
vertex 66.4559196511549 4.88822856765378 31.0
vertex 66.4559196511549 4.88822856765378 34.0
endloop
endfacet
facet normal 1.0 -1.24755538539057e-016 0.0
outer loop
vertex 66.4048083905885 4.5 31.0
vertex 66.4559196511549 4.11177143234622 34.0
vertex 66.4559196511549 4.11177143234622 31.0
endloop
endfacet
facet normal 0.965925826289067 0.258819045102526 0.0
outer loop
vertex 66.4559196511549 4.11177143234622 34.0
vertex 66.4048083905885 4.5 31.0
vertex 66.4048083905885 4.5 34.0
endloop
endfacet
facet normal 0.965925826289067 0.258819045102526 0.0
outer loop
vertex 66.4559196511549 4.11177143234622 31.0
vertex 66.6057702849119 3.75 34.0
vertex 66.6057702849119 3.75 31.0
endloop
endfacet
facet normal 0.866025403784439 0.499999999999999 0.0
outer loop
vertex 66.6057702849119 3.75 34.0
vertex 66.4559196511549 4.11177143234622 31.0
vertex 66.4559196511549 4.11177143234622 34.0
endloop
endfacet
facet normal 0.866025403784439 0.499999999999999 0.0
outer loop
vertex 66.6057702849119 3.75 31.0
vertex 66.8441482188087 3.43933982822018 34.0
vertex 66.8441482188087 3.43933982822018 31.0
endloop
endfacet
facet normal 0.707106781186552 0.707106781186543 0.0
outer loop
vertex 66.8441482188087 3.43933982822018 34.0
vertex 66.6057702849119 3.75 31.0
vertex 66.6057702849119 3.75 34.0
endloop
endfacet
facet normal 0.707106781186552 0.707106781186543 0.0
outer loop
vertex 66.8441482188087 3.43933982822018 34.0
vertex 67.1548083905885 3.20096189432335 31.0
vertex 66.8441482188087 3.43933982822018 31.0
endloop
endfacet
facet normal 0.499999999999996 0.866025403784441 0.0
outer loop
vertex 67.1548083905885 3.20096189432335 31.0
vertex 66.8441482188087 3.43933982822018 34.0
vertex 67.1548083905885 3.20096189432335 34.0
endloop
endfacet
facet normal 0.499999999999996 0.866025403784441 0.0
outer loop
vertex 67.1548083905885 3.20096189432335 34.0
vertex 67.5165798229348 3.0511112605664 31.0
vertex 67.1548083905885 3.20096189432335 31.0
endloop
endfacet
facet normal 0.25881904510252 0.965925826289069 0.0
outer loop
vertex 67.5165798229348 3.0511112605664 31.0
vertex 67.1548083905885 3.20096189432335 34.0
vertex 67.5165798229348 3.0511112605664 34.0
endloop
endfacet
facet normal 0.25881904510252 0.965925826289069 0.0
outer loop
vertex 67.5165798229348 3.0511112605664 34.0
vertex 67.9048083905885 3.0 31.0
vertex 67.5165798229348 3.0511112605664 31.0
endloop
endfacet
facet normal 0.0 1.0 0.0
outer loop
vertex 67.9048083905885 3.0 31.0
vertex 67.5165798229348 3.0511112605664 34.0
vertex 67.9048083905885 3.0 34.0
endloop
endfacet
facet normal 0.0 1.0 0.0
outer loop
vertex 67.9048083905885 3.0 34.0
vertex 68.2930369582423 3.0511112605664 31.0
vertex 67.9048083905885 3.0 31.0
endloop
endfacet
facet normal -0.25881904510252 0.965925826289069 0.0
outer loop
vertex 68.2930369582423 3.0511112605664 31.0
vertex 67.9048083905885 3.0 34.0
vertex 68.2930369582423 3.0511112605664 34.0
endloop
endfacet
facet normal -0.25881904510252 0.965925826289069 0.0
outer loop
vertex 68.2930369582423 3.0511112605664 34.0
vertex 68.6548083905885 3.20096189432335 31.0
vertex 68.2930369582423 3.0511112605664 31.0
endloop
endfacet
facet normal -0.499999999999996 0.866025403784441 0.0
outer loop
vertex 68.6548083905885 3.20096189432335 31.0
vertex 68.2930369582423 3.0511112605664 34.0
vertex 68.6548083905885 3.20096189432335 34.0
endloop
endfacet
facet normal -0.499999999999996 0.866025403784441 0.0
outer loop
vertex 68.6548083905885 3.20096189432335 34.0
vertex 68.9654685623684 3.43933982822018 31.0
vertex 68.6548083905885 3.20096189432335 31.0
endloop
endfacet
facet normal -0.707106781186552 0.707106781186543 0.0
outer loop
vertex 68.9654685623684 3.43933982822018 31.0
vertex 68.6548083905885 3.20096189432335 34.0
vertex 68.9654685623684 3.43933982822018 34.0
endloop
endfacet
facet normal -0.866025403784439 0.5 0.0
outer loop
vertex 69.2038464962652 3.75 34.0
vertex 68.9654685623684 3.43933982822018 31.0
vertex 68.9654685623684 3.43933982822018 34.0
endloop
endfacet
facet normal -0.707106781186552 0.707106781186543 0.0
outer loop
vertex 68.9654685623684 3.43933982822018 31.0
vertex 69.2038464962652 3.75 34.0
vertex 69.2038464962652 3.75 31.0
endloop
endfacet
facet normal -0.965925826289067 0.258819045102527 0.0
outer loop
vertex 69.3536971300221 4.11177143234622 34.0
vertex 69.2038464962652 3.75 31.0
vertex 69.2038464962652 3.75 34.0
endloop
endfacet
facet normal -0.866025403784439 0.5 0.0
outer loop
vertex 69.2038464962652 3.75 31.0
vertex 69.3536971300221 4.11177143234622 34.0
vertex 69.3536971300221 4.11177143234622 31.0
endloop
endfacet
facet normal -1.0 1.1584442864341e-016 0.0
outer loop
vertex 69.4048083905885 4.5 34.0
vertex 69.3536971300221 4.11177143234622 31.0
vertex 69.3536971300221 4.11177143234622 34.0
endloop
endfacet
facet normal -0.965925826289067 0.258819045102527 0.0
outer loop
vertex 69.3536971300221 4.11177143234622 31.0
vertex 69.4048083905885 4.5 34.0
vertex 69.4048083905885 4.5 31.0
endloop
endfacet
facet normal -0.965925826289067 -0.258819045102527 0.0
outer loop
vertex 69.3536971300221 4.88822856765378 34.0
vertex 69.4048083905885 4.5 31.0
vertex 69.4048083905885 4.5 34.0
endloop
endfacet
facet normal -1.0 1.1584442864341e-016 0.0
outer loop
vertex 69.4048083905885 4.5 31.0
vertex 69.3536971300221 4.88822856765378 34.0
vertex 69.3536971300221 4.88822856765378 31.0
endloop
endfacet
facet normal -0.866025403784439 -0.5 0.0
outer loop
vertex 69.2038464962652 5.25 34.0
vertex 69.3536971300221 4.88822856765378 31.0
vertex 69.3536971300221 4.88822856765378 34.0
endloop
endfacet
facet normal -0.965925826289067 -0.258819045102527 0.0
outer loop
vertex 69.3536971300221 4.88822856765378 31.0
vertex 69.2038464962652 5.25 34.0
vertex 69.2038464962652 5.25 31.0
endloop
endfacet
facet normal -0.707106781186552 -0.707106781186543 0.0
outer loop
vertex 68.9654685623684 5.56066017177982 34.0
vertex 69.2038464962652 5.25 31.0
vertex 69.2038464962652 5.25 34.0
endloop
endfacet
facet normal -0.866025403784439 -0.5 0.0
outer loop
vertex 69.2038464962652 5.25 31.0
vertex 68.9654685623684 5.56066017177982 34.0
vertex 68.9654685623684 5.56066017177982 31.0
endloop
endfacet
facet normal -0.707106781186552 -0.707106781186543 0.0
outer loop
vertex 68.9654685623684 5.56066017177982 34.0
vertex 68.6548083905885 5.79903810567666 31.0
vertex 68.9654685623684 5.56066017177982 31.0
endloop
endfacet
facet normal -0.499999999999996 -0.866025403784441 0.0
outer loop
vertex 68.6548083905885 5.79903810567666 31.0
vertex 68.9654685623684 5.56066017177982 34.0
vertex 68.6548083905885 5.79903810567666 34.0
endloop
endfacet
facet normal -0.499999999999996 -0.866025403784441 0.0
outer loop
vertex 68.6548083905885 5.79903810567666 34.0
vertex 68.2930369582423 5.9488887394336 31.0
vertex 68.6548083905885 5.79903810567666 31.0
endloop
endfacet
facet normal -0.25881904510252 -0.965925826289069 0.0
outer loop
vertex 68.2930369582423 5.9488887394336 31.0
vertex 68.6548083905885 5.79903810567666 34.0
vertex 68.2930369582423 5.9488887394336 34.0
endloop
endfacet
facet normal -1.0 9.44577648938571e-016 0.0
outer loop
vertex 69.4048083905885 45.5 34.0
vertex 69.3536971300221 45.1117714323462 31.0
vertex 69.3536971300221 45.1117714323462 34.0
endloop
endfacet
facet normal -0.965925826289067 0.258819045102526 0.0
outer loop
vertex 69.3536971300221 45.1117714323462 31.0
vertex 69.4048083905885 45.5 34.0
vertex 69.4048083905885 45.5 31.0
endloop
endfacet
facet normal -0.965925826289066 -0.258819045102528 0.0
outer loop
vertex 69.3536971300221 45.8882285676538 34.0
vertex 69.4048083905885 45.5 31.0
vertex 69.4048083905885 45.5 34.0
endloop
endfacet
facet normal -1.0 9.44577648938571e-016 0.0
outer loop
vertex 69.4048083905885 45.5 31.0
vertex 69.3536971300221 45.8882285676538 34.0
vertex 69.3536971300221 45.8882285676538 31.0
endloop
endfacet
facet normal -0.866025403784438 -0.500000000000002 0.0
outer loop
vertex 69.2038464962652 46.25 34.0
vertex 69.3536971300221 45.8882285676538 31.0
vertex 69.3536971300221 45.8882285676538 34.0
endloop
endfacet
facet normal -0.965925826289066 -0.258819045102528 0.0
outer loop
vertex 69.3536971300221 45.8882285676538 31.0
vertex 69.2038464962652 46.25 34.0
vertex 69.2038464962652 46.25 31.0
endloop
endfacet
facet normal -0.707106781186553 -0.707106781186542 0.0
outer loop
vertex 68.9654685623684 46.5606601717798 34.0
vertex 69.2038464962652 46.25 31.0
vertex 69.2038464962652 46.25 34.0
endloop
endfacet
facet normal -0.866025403784438 -0.500000000000002 0.0
outer loop
vertex 69.2038464962652 46.25 31.0
vertex 68.9654685623684 46.5606601717798 34.0
vertex 68.9654685623684 46.5606601717798 31.0
endloop
endfacet
facet normal -0.707106781186553 -0.707106781186542 0.0
outer loop
vertex 68.9654685623684 46.5606601717798 34.0
vertex 68.6548083905885 46.7990381056767 31.0
vertex 68.9654685623684 46.5606601717798 31.0
endloop
endfacet
facet normal -0.5 -0.866025403784439 0.0
outer loop
vertex 68.6548083905885 46.7990381056767 31.0
vertex 68.9654685623684 46.5606601717798 34.0
vertex 68.6548083905885 46.7990381056767 34.0
endloop
endfacet
facet normal -0.5 -0.866025403784439 0.0
outer loop
vertex 68.6548083905885 46.7990381056767 34.0
vertex 68.2930369582423 46.9488887394336 31.0
vertex 68.6548083905885 46.7990381056767 31.0
endloop
endfacet
facet normal -0.25881904510252 -0.965925826289069 0.0
outer loop
vertex 68.2930369582423 46.9488887394336 31.0
vertex 68.6548083905885 46.7990381056767 34.0
vertex 68.2930369582423 46.9488887394336 34.0
endloop
endfacet
facet normal -0.25881904510252 -0.965925826289069 0.0
outer loop
vertex 68.2930369582423 46.9488887394336 34.0
vertex 67.9048083905885 47.0 31.0
vertex 68.2930369582423 46.9488887394336 31.0
endloop
endfacet
facet normal 7.11997680662188e-015 -1.0 0.0
outer loop
vertex 67.9048083905885 47.0 31.0
vertex 68.2930369582423 46.9488887394336 34.0
vertex 67.9048083905885 47.0 34.0
endloop
endfacet
facet normal 7.11997680662188e-015 -1.0 0.0
outer loop
vertex 67.9048083905885 47.0 34.0
vertex 67.5165798229348 46.9488887394336 31.0
vertex 67.9048083905885 47.0 31.0
endloop
endfacet
facet normal 0.25881904510252 -0.965925826289069 0.0
outer loop
vertex 67.5165798229348 46.9488887394336 31.0
vertex 67.9048083905885 47.0 34.0
vertex 67.5165798229348 46.9488887394336 34.0
endloop
endfacet
facet normal 0.25881904510252 -0.965925826289069 0.0
outer loop
vertex 67.5165798229348 46.9488887394336 34.0
vertex 67.1548083905885 46.7990381056767 31.0
vertex 67.5165798229348 46.9488887394336 31.0
endloop
endfacet
facet normal 0.499999999999994 -0.866025403784442 0.0
outer loop
vertex 67.1548083905885 46.7990381056767 31.0
vertex 67.5165798229348 46.9488887394336 34.0
vertex 67.1548083905885 46.7990381056767 34.0
endloop
endfacet
facet normal 0.499999999999994 -0.866025403784442 0.0
outer loop
vertex 67.1548083905885 46.7990381056767 34.0
vertex 66.8441482188087 46.5606601717798 31.0
vertex 67.1548083905885 46.7990381056767 31.0
endloop
endfacet
facet normal 0.707106781186553 -0.707106781186542 0.0
outer loop
vertex 66.8441482188087 46.5606601717798 31.0
vertex 67.1548083905885 46.7990381056767 34.0
vertex 66.8441482188087 46.5606601717798 34.0
endloop
endfacet
facet normal 0.707106781186553 -0.707106781186542 0.0
outer loop
vertex 66.8441482188087 46.5606601717798 31.0
vertex 66.6057702849119 46.25 34.0
vertex 66.6057702849119 46.25 31.0
endloop
endfacet
facet normal 0.866025403784439 -0.499999999999999 0.0
outer loop
vertex 66.6057702849119 46.25 34.0
vertex 66.8441482188087 46.5606601717798 31.0
vertex 66.8441482188087 46.5606601717798 34.0
endloop
endfacet
facet normal 0.866025403784439 -0.499999999999999 0.0
outer loop
vertex 66.6057702849119 46.25 31.0
vertex 66.4559196511549 45.8882285676538 34.0
vertex 66.4559196511549 45.8882285676538 31.0
endloop
endfacet
facet normal 0.965925826289067 -0.258819045102526 0.0
outer loop
vertex 66.4559196511549 45.8882285676538 34.0
vertex 66.6057702849119 46.25 31.0
vertex 66.6057702849119 46.25 34.0
endloop
endfacet
facet normal 0.965925826289067 -0.258819045102526 0.0
outer loop
vertex 66.4559196511549 45.8882285676538 31.0
vertex 66.4048083905885 45.5 34.0
vertex 66.4048083905885 45.5 31.0
endloop
endfacet
facet normal 1.0 0.0 0.0
outer loop
vertex 66.4048083905885 45.5 34.0
vertex 66.4559196511549 45.8882285676538 31.0
vertex 66.4559196511549 45.8882285676538 34.0
endloop
endfacet
facet normal 1.0 0.0 0.0
outer loop
vertex 66.4048083905885 45.5 31.0
vertex 66.4559196511549 45.1117714323462 34.0
vertex 66.4559196511549 45.1117714323462 31.0
endloop
endfacet
facet normal 0.965925826289067 0.258819045102526 0.0
outer loop
vertex 66.4559196511549 45.1117714323462 34.0
vertex 66.4048083905885 45.5 31.0
vertex 66.4048083905885 45.5 34.0
endloop
endfacet
facet normal 0.965925826289067 0.258819045102526 0.0
outer loop
vertex 66.4559196511549 45.1117714323462 31.0
vertex 66.6057702849119 44.75 34.0
vertex 66.6057702849119 44.75 31.0
endloop
endfacet
facet normal 0.866025403784439 0.499999999999999 0.0
outer loop
vertex 66.6057702849119 44.75 34.0
vertex 66.4559196511549 45.1117714323462 31.0
vertex 66.4559196511549 45.1117714323462 34.0
endloop
endfacet
facet normal 0.866025403784439 0.499999999999999 0.0
outer loop
vertex 66.6057702849119 44.75 31.0
vertex 66.8441482188087 44.4393398282202 34.0
vertex 66.8441482188087 44.4393398282202 31.0
endloop
endfacet
facet normal 0.707106781186553 0.707106781186542 0.0
outer loop
vertex 66.8441482188087 44.4393398282202 34.0
vertex 66.6057702849119 44.75 31.0
vertex 66.6057702849119 44.75 34.0
endloop
endfacet
facet normal 0.707106781186553 0.707106781186542 0.0
outer loop
vertex 66.8441482188087 44.4393398282202 34.0
vertex 67.1548083905885 44.2009618943233 31.0
vertex 66.8441482188087 44.4393398282202 31.0
endloop
endfacet
facet normal 0.5 0.866025403784439 0.0
outer loop
vertex 67.1548083905885 44.2009618943233 31.0
vertex 66.8441482188087 44.4393398282202 34.0
vertex 67.1548083905885 44.2009618943233 34.0
endloop
endfacet
facet normal 0.5 0.866025403784439 0.0
outer loop
vertex 67.1548083905885 44.2009618943233 34.0
vertex 67.5165798229348 44.0511112605664 31.0
vertex 67.1548083905885 44.2009618943233 31.0
endloop
endfacet
facet normal 0.25881904510252 0.965925826289069 0.0
outer loop
vertex 67.5165798229348 44.0511112605664 31.0
vertex 67.1548083905885 44.2009618943233 34.0
vertex 67.5165798229348 44.0511112605664 34.0
endloop
endfacet
facet normal 0.25881904510252 0.965925826289069 0.0
outer loop
vertex 67.5165798229348 44.0511112605664 34.0
vertex 67.9048083905885 44.0 31.0
vertex 67.5165798229348 44.0511112605664 31.0
endloop
endfacet
facet normal 0.0 1.0 0.0
outer loop
vertex 67.9048083905885 44.0 31.0
vertex 67.5165798229348 44.0511112605664 34.0
vertex 67.9048083905885 44.0 34.0
endloop
endfacet
facet normal 0.0 1.0 0.0
outer loop
vertex 67.9048083905885 44.0 34.0
vertex 68.2930369582423 44.0511112605664 31.0
vertex 67.9048083905885 44.0 31.0
endloop
endfacet
facet normal -0.25881904510252 0.965925826289069 0.0
outer loop
vertex 68.2930369582423 44.0511112605664 31.0
vertex 67.9048083905885 44.0 34.0
vertex 68.2930369582423 44.0511112605664 34.0
endloop
endfacet
facet normal -0.25881904510252 0.965925826289069 0.0
outer loop
vertex 68.2930369582423 44.0511112605664 34.0
vertex 68.6548083905885 44.2009618943233 31.0
vertex 68.2930369582423 44.0511112605664 31.0
endloop
endfacet
facet normal -0.5 0.866025403784439 0.0
outer loop
vertex 68.6548083905885 44.2009618943233 31.0
vertex 68.2930369582423 44.0511112605664 34.0
vertex 68.6548083905885 44.2009618943233 34.0
endloop
endfacet
facet normal -0.5 0.866025403784439 0.0
outer loop
vertex 68.6548083905885 44.2009618943233 34.0
vertex 68.9654685623684 44.4393398282202 31.0
vertex 68.6548083905885 44.2009618943233 31.0
endloop
endfacet
facet normal -0.707106781186553 0.707106781186542 0.0
outer loop
vertex 68.9654685623684 44.4393398282202 31.0
vertex 68.6548083905885 44.2009618943233 34.0
vertex 68.9654685623684 44.4393398282202 34.0
endloop
endfacet
facet normal -0.866025403784439 0.499999999999999 0.0
outer loop
vertex 69.2038464962652 44.75 34.0
vertex 68.9654685623684 44.4393398282202 31.0
vertex 68.9654685623684 44.4393398282202 34.0
endloop
endfacet
facet normal -0.707106781186553 0.707106781186542 0.0
outer loop
vertex 68.9654685623684 44.4393398282202 31.0
vertex 69.2038464962652 44.75 34.0
vertex 69.2038464962652 44.75 31.0
endloop
endfacet
facet normal -0.965925826289067 0.258819045102526 0.0
outer loop
vertex 69.3536971300221 45.1117714323462 34.0
vertex 69.2038464962652 44.75 31.0
vertex 69.2038464962652 44.75 34.0
endloop
endfacet
facet normal -0.866025403784439 0.499999999999999 0.0
outer loop
vertex 69.2038464962652 44.75 31.0
vertex 69.3536971300221 45.1117714323462 34.0
vertex 69.3536971300221 45.1117714323462 31.0
endloop
endfacet
endsolid bouton
