solid bouton
facet normal -0.0 -0.0 -1.0
outer loop
vertex 132.790380270505 25.77710369595 16.355135465426
vertex 132.790380270505 24.2688562120865 16.355135465426
vertex 132.69109799639 25.0229799540182 16.355135465426
endloop
endfacet
facet normal -0.0 -0.0 -1.0
outer loop
vertex 132.790380270505 24.2688562120865 16.355135465426
vertex 132.790380270505 25.77710369595 16.355135465426
vertex 133.081461169942 23.566124756919 16.355135465426
endloop
endfacet
facet normal -0.0 -0.0 -1.0
outer loop
vertex 133.081461169942 23.566124756919 16.355135465426
vertex 132.790380270505 25.77710369595 16.355135465426
vertex 133.081461169942 26.4798351511174 16.355135465426
endloop
endfacet
facet normal -0.0 -0.0 -1.0
outer loop
vertex 133.081461169942 23.566124756919 16.355135465426
vertex 133.081461169942 26.4798351511174 16.355135465426
vertex 133.544504012437 22.9626755758667 16.355135465426
endloop
endfacet
facet normal -0.0 -0.0 -1.0
outer loop
vertex 133.544504012437 22.9626755758667 16.355135465426
vertex 133.081461169942 26.4798351511174 16.355135465426
vertex 133.544504012437 27.0832843321697 16.355135465426
endloop
endfacet
facet normal -0.0 -0.0 -1.0
outer loop
vertex 133.544504012437 22.9626755758667 16.355135465426
vertex 133.544504012437 27.0832843321697 16.355135465426
vertex 134.147953193489 27.5463271746648 16.355135465426
endloop
endfacet
facet normal -0.0 -0.0 -1.0
outer loop
vertex 133.544504012437 22.9626755758667 16.355135465426
vertex 134.147953193489 27.5463271746648 16.355135465426
vertex 134.147953193489 22.4996327333716 16.355135465426
endloop
endfacet
facet normal -0.0 -0.0 -1.0
outer loop
vertex 134.147953193489 22.4996327333716 16.355135465426
vertex 134.147953193489 27.5463271746648 16.355135465426
vertex 134.850684648657 27.8374080741014 16.355135465426
endloop
endfacet
facet normal -0.0 -0.0 -1.0
outer loop
vertex 134.147953193489 22.4996327333716 16.355135465426
vertex 134.850684648657 27.8374080741014 16.355135465426
vertex 134.850684648657 22.208551833935 16.355135465426
endloop
endfacet
facet normal -0.0 -0.0 -1.0
outer loop
vertex 134.850684648657 22.208551833935 16.355135465426
vertex 134.850684648657 27.8374080741014 16.355135465426
vertex 135.604808390589 27.9366903482167 16.355135465426
endloop
endfacet
facet normal -0.0 -0.0 -1.0
outer loop
vertex 134.850684648657 22.208551833935 16.355135465426
vertex 135.604808390589 27.9366903482167 16.355135465426
vertex 135.604808390589 22.1092695598197 16.355135465426
endloop
endfacet
facet normal -0.0 -0.0 -1.0
outer loop
vertex 135.604808390589 22.1092695598197 16.355135465426
vertex 135.604808390589 27.9366903482167 16.355135465426
vertex 136.35893213252 27.8374080741014 16.355135465426
endloop
endfacet
facet normal -0.0 -0.0 -1.0
outer loop
vertex 135.604808390589 22.1092695598197 16.355135465426
vertex 136.35893213252 27.8374080741014 16.355135465426
vertex 136.35893213252 22.208551833935 16.355135465426
endloop
endfacet
facet normal -0.0 -0.0 -1.0
outer loop
vertex 136.35893213252 22.208551833935 16.355135465426
vertex 136.35893213252 27.8374080741014 16.355135465426
vertex 137.061663587688 27.5463271746648 16.355135465426
endloop
endfacet
facet normal -0.0 -0.0 -1.0
outer loop
vertex 136.35893213252 22.208551833935 16.355135465426
vertex 137.061663587688 27.5463271746648 16.355135465426
vertex 137.061663587688 22.4996327333716 16.355135465426
endloop
endfacet
facet normal -0.0 -0.0 -1.0
outer loop
vertex 137.061663587688 22.4996327333716 16.355135465426
vertex 137.061663587688 27.5463271746648 16.355135465426
vertex 137.66511276874 27.0832843321697 16.355135465426
endloop
endfacet
facet normal -0.0 -0.0 -1.0
outer loop
vertex 137.061663587688 22.4996327333716 16.355135465426
vertex 137.66511276874 27.0832843321697 16.355135465426
vertex 137.66511276874 22.9626755758667 16.355135465426
endloop
endfacet
facet normal -0.0 -0.0 -1.0
outer loop
vertex 137.66511276874 22.9626755758667 16.355135465426
vertex 137.66511276874 27.0832843321697 16.355135465426
vertex 138.128155611235 26.4798351511175 16.355135465426
endloop
endfacet
facet normal -0.0 -0.0 -1.0
outer loop
vertex 137.66511276874 22.9626755758667 16.355135465426
vertex 138.128155611235 26.4798351511175 16.355135465426
vertex 138.128155611235 23.5661247569189 16.355135465426
endloop
endfacet
facet normal -0.0 -0.0 -1.0
outer loop
vertex 138.128155611235 23.5661247569189 16.355135465426
vertex 138.128155611235 26.4798351511175 16.355135465426
vertex 138.419236510672 25.7771036959499 16.355135465426
endloop
endfacet
facet normal -0.0 -0.0 -1.0
outer loop
vertex 138.128155611235 23.5661247569189 16.355135465426
vertex 138.419236510672 25.7771036959499 16.355135465426
vertex 138.419236510672 24.2688562120865 16.355135465426
endloop
endfacet
facet normal -0.0 -0.0 -1.0
outer loop
vertex 138.419236510672 24.2688562120865 16.355135465426
vertex 138.419236510672 25.7771036959499 16.355135465426
vertex 138.518518784787 25.0229799540182 16.355135465426
endloop
endfacet
facet normal 0.707106781186548 0.707106781186547 0.0
outer loop
vertex 146.223613301468 35.6417848648981 39.355135465426
vertex 148.610135245496 32.5316089145983 51.355135465426
vertex 148.610135245496 32.5316089145983 39.355135465426
endloop
endfacet
facet normal 0.866025403784437 0.500000000000003 0.0
outer loop
vertex 148.610135245496 32.5316089145983 51.355135465426
vertex 146.223613301468 35.6417848648981 39.355135465426
vertex 146.223613301468 35.6417848648981 51.355135465426
endloop
endfacet
facet normal 0.500000000000002 0.866025403784438 0.0
outer loop
vertex 143.113437351169 38.0283068089261 51.355135465426
vertex 146.223613301468 35.6417848648981 39.355135465426
vertex 143.113437351169 38.0283068089261 39.355135465426
endloop
endfacet
facet normal 0.707106781186548 0.707106781186547 0.0
outer loop
vertex 146.223613301468 35.6417848648981 39.355135465426
vertex 143.113437351169 38.0283068089261 51.355135465426
vertex 146.223613301468 35.6417848648981 51.355135465426
endloop
endfacet
facet normal 0.25881904510252 0.965925826289069 0.0
outer loop
vertex 139.491560745802 39.528537220111 51.355135465426
vertex 143.113437351169 38.0283068089261 39.355135465426
vertex 139.491560745802 39.528537220111 39.355135465426
endloop
endfacet
facet normal 0.500000000000002 0.866025403784438 0.0
outer loop
vertex 143.113437351169 38.0283068089261 39.355135465426
vertex 139.491560745802 39.528537220111 51.355135465426
vertex 143.113437351169 38.0283068089261 51.355135465426
endloop
endfacet
facet normal -1.80895530881632e-015 1.0 0.0
outer loop
vertex 135.604808390589 40.0402378751785 51.355135465426
vertex 139.491560745802 39.528537220111 39.355135465426
vertex 135.604808390589 40.0402378751785 39.355135465426
endloop
endfacet
facet normal 0.25881904510252 0.965925826289069 0.0
outer loop
vertex 139.491560745802 39.528537220111 39.355135465426
vertex 135.604808390589 40.0402378751785 51.355135465426
vertex 139.491560745802 39.528537220111 51.355135465426
endloop
endfacet
facet normal -0.258819045102521 0.965925826289068 0.0
outer loop
vertex 131.718056035376 39.528537220111 51.355135465426
vertex 135.604808390589 40.0402378751785 39.355135465426
vertex 131.718056035376 39.528537220111 39.355135465426
endloop
endfacet
facet normal -1.80895530881632e-015 1.0 0.0
outer loop
vertex 135.604808390589 40.0402378751785 39.355135465426
vertex 131.718056035376 39.528537220111 51.355135465426
vertex 135.604808390589 40.0402378751785 51.355135465426
endloop
endfacet
facet normal -0.499999999999999 0.866025403784439 0.0
outer loop
vertex 128.096179430008 38.0283068089261 51.355135465426
vertex 131.718056035376 39.528537220111 39.355135465426
vertex 128.096179430008 38.0283068089261 39.355135465426
endloop
endfacet
facet normal -0.258819045102521 0.965925826289068 0.0
outer loop
vertex 131.718056035376 39.528537220111 39.355135465426
vertex 128.096179430008 38.0283068089261 51.355135465426
vertex 131.718056035376 39.528537220111 51.355135465426
endloop
endfacet
facet normal -0.707106781186547 0.707106781186548 0.0
outer loop
vertex 124.986003479709 35.641784864898 51.355135465426
vertex 128.096179430008 38.0283068089261 39.355135465426
vertex 124.986003479709 35.641784864898 39.355135465426
endloop
endfacet
facet normal -0.499999999999999 0.866025403784439 0.0
outer loop
vertex 128.096179430008 38.0283068089261 39.355135465426
vertex 124.986003479709 35.641784864898 51.355135465426
vertex 128.096179430008 38.0283068089261 51.355135465426
endloop
endfacet
facet normal -0.707106781186547 0.707106781186548 0.0
outer loop
vertex 124.986003479709 35.641784864898 51.355135465426
vertex 122.599481535681 32.5316089145983 39.355135465426
vertex 122.599481535681 32.5316089145983 51.355135465426
endloop
endfacet
facet normal -0.866025403784439 0.5 0.0
outer loop
vertex 122.599481535681 32.5316089145983 39.355135465426
vertex 124.986003479709 35.641784864898 51.355135465426
vertex 124.986003479709 35.641784864898 39.355135465426
endloop
endfacet
facet normal -0.866025403784439 0.5 0.0
outer loop
vertex 122.599481535681 32.5316089145983 51.355135465426
vertex 121.099251124496 28.9097323092312 39.355135465426
vertex 121.099251124496 28.9097323092312 51.355135465426
endloop
endfacet
facet normal -0.965925826289068 0.258819045102521 0.0
outer loop
vertex 121.099251124496 28.9097323092312 39.355135465426
vertex 122.599481535681 32.5316089145983 51.355135465426
vertex 122.599481535681 32.5316089145983 39.355135465426
endloop
endfacet
facet normal -0.965925826289068 0.258819045102521 0.0
outer loop
vertex 121.099251124496 28.9097323092312 51.355135465426
vertex 120.587550469428 25.0229799540182 39.355135465426
vertex 120.587550469428 25.0229799540182 51.355135465426
endloop
endfacet
facet normal -1.0 2.3168885728682e-016 0.0
outer loop
vertex 120.587550469428 25.0229799540182 39.355135465426
vertex 121.099251124496 28.9097323092312 51.355135465426
vertex 121.099251124496 28.9097323092312 39.355135465426
endloop
endfacet
facet normal -1.0 2.3168885728682e-016 0.0
outer loop
vertex 120.587550469428 25.0229799540182 51.355135465426
vertex 121.099251124496 21.1362275988052 39.355135465426
vertex 121.099251124496 21.1362275988052 51.355135465426
endloop
endfacet
facet normal -0.965925826289068 -0.258819045102521 0.0
outer loop
vertex 121.099251124496 21.1362275988052 39.355135465426
vertex 120.587550469428 25.0229799540182 51.355135465426
vertex 120.587550469428 25.0229799540182 39.355135465426
endloop
endfacet
facet normal -0.965925826289068 -0.258819045102521 0.0
outer loop
vertex 121.099251124496 21.1362275988052 51.355135465426
vertex 122.599481535681 17.514350993438 39.355135465426
vertex 122.599481535681 17.514350993438 51.355135465426
endloop
endfacet
facet normal -0.866025403784438 -0.500000000000002 0.0
outer loop
vertex 122.599481535681 17.514350993438 39.355135465426
vertex 121.099251124496 21.1362275988052 51.355135465426
vertex 121.099251124496 21.1362275988052 39.355135465426
endloop
endfacet
facet normal -0.866025403784438 -0.500000000000002 0.0
outer loop
vertex 122.599481535681 17.514350993438 51.355135465426
vertex 124.986003479709 14.4041750431383 39.355135465426
vertex 124.986003479709 14.4041750431383 51.355135465426
endloop
endfacet
facet normal -0.707106781186547 -0.707106781186548 0.0
outer loop
vertex 124.986003479709 14.4041750431383 39.355135465426
vertex 122.599481535681 17.514350993438 51.355135465426
vertex 122.599481535681 17.514350993438 39.355135465426
endloop
endfacet
facet normal -0.500000000000001 -0.866025403784438 0.0
outer loop
vertex 128.096179430008 12.0176530991103 51.355135465426
vertex 124.986003479709 14.4041750431383 39.355135465426
vertex 128.096179430008 12.0176530991103 39.355135465426
endloop
endfacet
facet normal -0.707106781186547 -0.707106781186548 0.0
outer loop
vertex 124.986003479709 14.4041750431383 39.355135465426
vertex 128.096179430008 12.0176530991103 51.355135465426
vertex 124.986003479709 14.4041750431383 51.355135465426
endloop
endfacet
facet normal -0.258819045102521 -0.965925826289068 0.0
outer loop
vertex 131.718056035376 10.5174226879254 51.355135465426
vertex 128.096179430008 12.0176530991103 39.355135465426
vertex 131.718056035376 10.5174226879254 39.355135465426
endloop
endfacet
facet normal -0.500000000000001 -0.866025403784438 0.0
outer loop
vertex 128.096179430008 12.0176530991103 39.355135465426
vertex 131.718056035376 10.5174226879254 51.355135465426
vertex 128.096179430008 12.0176530991103 51.355135465426
endloop
endfacet
facet normal -4.00999945304111e-016 -1.0 0.0
outer loop
vertex 135.604808390589 10.0057220328579 51.355135465426
vertex 131.718056035376 10.5174226879254 39.355135465426
vertex 135.604808390589 10.0057220328579 39.355135465426
endloop
endfacet
facet normal -0.258819045102521 -0.965925826289068 0.0
outer loop
vertex 131.718056035376 10.5174226879254 39.355135465426
vertex 135.604808390589 10.0057220328579 51.355135465426
vertex 131.718056035376 10.5174226879254 51.355135465426
endloop
endfacet
facet normal 0.258819045102521 -0.965925826289068 0.0
outer loop
vertex 139.491560745802 10.5174226879254 51.355135465426
vertex 135.604808390589 10.0057220328579 39.355135465426
vertex 139.491560745802 10.5174226879254 39.355135465426
endloop
endfacet
facet normal -4.00999945304111e-016 -1.0 0.0
outer loop
vertex 135.604808390589 10.0057220328579 39.355135465426
vertex 139.491560745802 10.5174226879254 51.355135465426
vertex 135.604808390589 10.0057220328579 51.355135465426
endloop
endfacet
facet normal 0.5 -0.866025403784439 0.0
outer loop
vertex 143.113437351169 12.0176530991103 51.355135465426
vertex 139.491560745802 10.5174226879254 39.355135465426
vertex 143.113437351169 12.0176530991103 39.355135465426
endloop
endfacet
facet normal 0.258819045102521 -0.965925826289068 0.0
outer loop
vertex 139.491560745802 10.5174226879254 39.355135465426
vertex 143.113437351169 12.0176530991103 51.355135465426
vertex 139.491560745802 10.5174226879254 51.355135465426
endloop
endfacet
facet normal 0.707106781186548 -0.707106781186547 0.0
outer loop
vertex 146.223613301468 14.4041750431383 51.355135465426
vertex 143.113437351169 12.0176530991103 39.355135465426
vertex 146.223613301468 14.4041750431383 39.355135465426
endloop
endfacet
facet normal 0.5 -0.866025403784439 0.0
outer loop
vertex 143.113437351169 12.0176530991103 39.355135465426
vertex 146.223613301468 14.4041750431383 51.355135465426
vertex 143.113437351169 12.0176530991103 51.355135465426
endloop
endfacet
facet normal 0.86602540378444 -0.499999999999997 0.0
outer loop
vertex 148.610135245496 17.5143509934381 39.355135465426
vertex 146.223613301468 14.4041750431383 51.355135465426
vertex 146.223613301468 14.4041750431383 39.355135465426
endloop
endfacet
facet normal 0.707106781186548 -0.707106781186547 0.0
outer loop
vertex 146.223613301468 14.4041750431383 51.355135465426
vertex 148.610135245496 17.5143509934381 39.355135465426
vertex 148.610135245496 17.5143509934381 51.355135465426
endloop
endfacet
facet normal 0.965925826289068 -0.258819045102521 0.0
outer loop
vertex 150.110365656681 21.1362275988052 39.355135465426
vertex 148.610135245496 17.5143509934381 51.355135465426
vertex 148.610135245496 17.5143509934381 39.355135465426
endloop
endfacet
facet normal 0.86602540378444 -0.499999999999997 0.0
outer loop
vertex 148.610135245496 17.5143509934381 51.355135465426
vertex 150.110365656681 21.1362275988052 39.355135465426
vertex 150.110365656681 21.1362275988052 51.355135465426
endloop
endfacet
facet normal 1.0 -4.4644660577191e-015 0.0
outer loop
vertex 150.622066311749 25.0229799540182 39.355135465426
vertex 150.110365656681 21.1362275988052 51.355135465426
vertex 150.110365656681 21.1362275988052 39.355135465426
endloop
endfacet
facet normal 0.965925826289068 -0.258819045102521 0.0
outer loop
vertex 150.110365656681 21.1362275988052 51.355135465426
vertex 150.622066311749 25.0229799540182 39.355135465426
vertex 150.622066311749 25.0229799540182 51.355135465426
endloop
endfacet
facet normal 0.965925826289068 0.258819045102521 0.0
outer loop
vertex 150.110365656681 28.9097323092312 39.355135465426
vertex 150.622066311749 25.0229799540182 51.355135465426
vertex 150.622066311749 25.0229799540182 39.355135465426
endloop
endfacet
facet normal 1.0 -4.4644660577191e-015 0.0
outer loop
vertex 150.622066311749 25.0229799540182 51.355135465426
vertex 150.110365656681 28.9097323092312 39.355135465426
vertex 150.110365656681 28.9097323092312 51.355135465426
endloop
endfacet
facet normal 0.866025403784437 0.500000000000003 0.0
outer loop
vertex 148.610135245496 32.5316089145983 39.355135465426
vertex 150.110365656681 28.9097323092312 51.355135465426
vertex 150.110365656681 28.9097323092312 39.355135465426
endloop
endfacet
facet normal 0.965925826289068 0.258819045102521 0.0
outer loop
vertex 150.110365656681 28.9097323092312 51.355135465426
vertex 148.610135245496 32.5316089145983 39.355135465426
vertex 148.610135245496 32.5316089145983 51.355135465426
endloop
endfacet
facet normal -0.772420614314553 0.206969479822736 -0.600441528380437
outer loop
vertex 119.648695397886 29.2984075447525 53.355135465426
vertex 122.599481535681 32.5316089145983 51.355135465426
vertex 121.099251124496 28.9097323092312 51.355135465426
endloop
endfacet
facet normal -0.692533376991407 0.399834331628791 -0.600441528380437
outer loop
vertex 122.599481535681 32.5316089145983 51.355135465426
vertex 119.648695397886 29.2984075447525 53.355135465426
vertex 121.29894885019 33.2824718106564 53.355135465426
endloop
endfacet
facet normal -0.692533376991408 0.39983433162879 -0.600441528380437
outer loop
vertex 121.29894885019 33.2824718106564 53.355135465426
vertex 124.986003479709 35.641784864898 51.355135465426
vertex 122.599481535681 32.5316089145983 51.355135465426
endloop
endfacet
facet normal -0.565451134491816 0.565451134491818 -0.600441528380436
outer loop
vertex 124.986003479709 35.641784864898 51.355135465426
vertex 121.29894885019 33.2824718106564 53.355135465426
vertex 123.924122988621 36.703665355986 53.355135465426
endloop
endfacet
facet normal -0.565451134491817 0.565451134491817 -0.600441528380436
outer loop
vertex 123.924122988621 36.703665355986 53.355135465426
vertex 128.096179430008 38.0283068089261 51.355135465426
vertex 124.986003479709 35.641784864898 51.355135465426
endloop
endfacet
facet normal -0.39983433162879 0.69253337699141 -0.600441528380435
outer loop
vertex 128.096179430008 38.0283068089261 51.355135465426
vertex 123.924122988621 36.703665355986 53.355135465426
vertex 127.34531653395 39.3288394944169 53.355135465426
endloop
endfacet
facet normal -0.399834331628792 0.692533376991409 -0.600441528380435
outer loop
vertex 127.34531653395 39.3288394944169 53.355135465426
vertex 131.718056035376 39.528537220111 51.355135465426
vertex 128.096179430008 38.0283068089261 51.355135465426
endloop
endfacet
facet normal -0.206969479822736 0.772420614314556 -0.600441528380433
outer loop
vertex 131.718056035376 39.528537220111 51.355135465426
vertex 127.34531653395 39.3288394944169 53.355135465426
vertex 131.329380799854 40.9790929467203 53.355135465426
endloop
endfacet
facet normal -0.206969479822738 0.772420614314555 -0.600441528380433
outer loop
vertex 131.329380799854 40.9790929467203 53.355135465426
vertex 135.604808390589 40.0402378751785 51.355135465426
vertex 131.718056035376 39.528537220111 51.355135465426
endloop
endfacet
facet normal -9.30721873595753e-016 0.799668663257584 -0.600441528380432
outer loop
vertex 135.604808390589 40.0402378751785 51.355135465426
vertex 131.329380799854 40.9790929467203 53.355135465426
vertex 135.604808390589 41.5419636672945 53.355135465426
endloop
endfacet
facet normal -8.22863729788948e-016 0.799668663257584 -0.600441528380432
outer loop
vertex 135.604808390589 41.5419636672945 53.355135465426
vertex 139.491560745802 39.528537220111 51.355135465426
vertex 135.604808390589 40.0402378751785 51.355135465426
endloop
endfacet
facet normal 0.206969479822738 0.772420614314558 -0.60044152838043
outer loop
vertex 139.491560745802 39.528537220111 51.355135465426
vertex 135.604808390589 41.5419636672945 53.355135465426
vertex 139.880235981323 40.9790929467203 53.355135465426
endloop
endfacet
facet normal 0.206969479822737 0.772420614314558 -0.60044152838043
outer loop
vertex 139.880235981323 40.9790929467203 53.355135465426
vertex 143.113437351169 38.0283068089261 51.355135465426
vertex 139.491560745802 39.528537220111 51.355135465426
endloop
endfacet
facet normal 0.399834331628794 0.692533376991413 -0.600441528380429
outer loop
vertex 143.113437351169 38.0283068089261 51.355135465426
vertex 139.880235981323 40.9790929467203 53.355135465426
vertex 143.864300247227 39.3288394944169 53.355135465426
endloop
endfacet
facet normal 0.399834331628793 0.692533376991413 -0.600441528380429
outer loop
vertex 143.864300247227 39.3288394944169 53.355135465426
vertex 146.223613301468 35.6417848648981 51.355135465426
vertex 143.113437351169 38.0283068089261 51.355135465426
endloop
endfacet
facet normal 0.565451134491823 0.565451134491821 -0.600441528380426
outer loop
vertex 146.223613301468 35.6417848648981 51.355135465426
vertex 143.864300247227 39.3288394944169 53.355135465426
vertex 147.285493792556 36.7036653559861 53.355135465426
endloop
endfacet
facet normal 0.565451134491823 0.565451134491821 -0.600441528380426
outer loop
vertex 146.223613301468 35.6417848648981 51.355135465426
vertex 149.910667930987 33.2824718106563 53.355135465426
vertex 148.610135245496 32.5316089145983 51.355135465426
endloop
endfacet
facet normal 0.692533376991417 0.399834331628797 -0.600441528380422
outer loop
vertex 149.910667930987 33.2824718106563 53.355135465426
vertex 146.223613301468 35.6417848648981 51.355135465426
vertex 147.285493792556 36.7036653559861 53.355135465426
endloop
endfacet
facet normal 0.692533376991418 0.399834331628795 -0.600441528380422
outer loop
vertex 148.610135245496 32.5316089145983 51.355135465426
vertex 151.560921383291 29.2984075447525 53.355135465426
vertex 150.110365656681 28.9097323092312 51.355135465426
endloop
endfacet
facet normal 0.77242061431456 0.20696947982274 -0.600441528380426
outer loop
vertex 151.560921383291 29.2984075447525 53.355135465426
vertex 148.610135245496 32.5316089145983 51.355135465426
vertex 149.910667930987 33.2824718106563 53.355135465426
endloop
endfacet
facet normal 0.77242061431456 0.20696947982274 -0.600441528380426
outer loop
vertex 150.110365656681 28.9097323092312 51.355135465426
vertex 152.123792103865 25.0229799540182 53.355135465426
vertex 150.622066311749 25.0229799540182 51.355135465426
endloop
endfacet
facet normal 0.799668663257583 1.02857966223619e-016 -0.600441528380433
outer loop
vertex 152.123792103865 25.0229799540182 53.355135465426
vertex 150.110365656681 28.9097323092312 51.355135465426
vertex 151.560921383291 29.2984075447525 53.355135465426
endloop
endfacet
facet normal 0.772420614314558 -0.20696947982274 -0.600441528380429
outer loop
vertex 150.110365656681 21.1362275988052 51.355135465426
vertex 152.123792103865 25.0229799540182 53.355135465426
vertex 151.560921383291 20.7475523632839 53.355135465426
endloop
endfacet
facet normal 0.799668663257583 1.02857966223619e-016 -0.600441528380433
outer loop
vertex 152.123792103865 25.0229799540182 53.355135465426
vertex 150.110365656681 21.1362275988052 51.355135465426
vertex 150.622066311749 25.0229799540182 51.355135465426
endloop
endfacet
facet normal 0.692533376991417 -0.399834331628796 -0.600441528380422
outer loop
vertex 148.610135245496 17.5143509934381 51.355135465426
vertex 151.560921383291 20.7475523632839 53.355135465426
vertex 149.910667930987 16.7634880973801 53.355135465426
endloop
endfacet
facet normal 0.772420614314558 -0.20696947982274 -0.600441528380429
outer loop
vertex 151.560921383291 20.7475523632839 53.355135465426
vertex 148.610135245496 17.5143509934381 51.355135465426
vertex 150.110365656681 21.1362275988052 51.355135465426
endloop
endfacet
facet normal 0.565451134491825 -0.565451134491822 -0.600441528380424
outer loop
vertex 146.223613301468 14.4041750431383 51.355135465426
vertex 149.910667930987 16.7634880973801 53.355135465426
vertex 147.285493792556 13.3422945520504 53.355135465426
endloop
endfacet
facet normal 0.692533376991417 -0.399834331628798 -0.600441528380422
outer loop
vertex 149.910667930987 16.7634880973801 53.355135465426
vertex 146.223613301468 14.4041750431383 51.355135465426
vertex 148.610135245496 17.5143509934381 51.355135465426
endloop
endfacet
facet normal 0.565451134491824 -0.565451134491824 -0.600441528380424
outer loop
vertex 147.285493792556 13.3422945520504 53.355135465426
vertex 143.113437351169 12.0176530991103 51.355135465426
vertex 146.223613301468 14.4041750431383 51.355135465426
endloop
endfacet
facet normal 0.399834331628795 -0.692533376991414 -0.600441528380428
outer loop
vertex 143.113437351169 12.0176530991103 51.355135465426
vertex 147.285493792556 13.3422945520504 53.355135465426
vertex 143.864300247227 10.7171204136195 53.355135465426
endloop
endfacet
facet normal 0.399834331628793 -0.692533376991414 -0.600441528380428
outer loop
vertex 143.864300247227 10.7171204136195 53.355135465426
vertex 139.491560745802 10.5174226879254 51.355135465426
vertex 143.113437351169 12.0176530991103 51.355135465426
endloop
endfacet
facet normal 0.206969479822738 -0.772420614314558 -0.600441528380429
outer loop
vertex 139.491560745802 10.5174226879254 51.355135465426
vertex 143.864300247227 10.7171204136195 53.355135465426
vertex 139.880235981323 9.0668669613161 53.355135465426
endloop
endfacet
facet normal 0.206969479822737 -0.772420614314559 -0.600441528380429
outer loop
vertex 139.880235981323 9.0668669613161 53.355135465426
vertex 135.604808390589 10.0057220328579 51.355135465426
vertex 139.491560745802 10.5174226879254 51.355135465426
endloop
endfacet
facet normal 6.34583095633468e-016 -0.799668663257585 -0.60044152838043
outer loop
vertex 135.604808390589 10.0057220328579 51.355135465426
vertex 139.880235981323 9.0668669613161 53.355135465426
vertex 135.604808390588 8.50399624074187 53.355135465426
endloop
endfacet
facet normal -5.61043452128828e-016 -0.799668663257585 -0.60044152838043
outer loop
vertex 135.604808390588 8.50399624074187 53.355135465426
vertex 131.718056035376 10.5174226879254 51.355135465426
vertex 135.604808390589 10.0057220328579 51.355135465426
endloop
endfacet
facet normal -0.206969479822736 -0.772420614314556 -0.600441528380433
outer loop
vertex 131.718056035376 10.5174226879254 51.355135465426
vertex 135.604808390588 8.50399624074187 53.355135465426
vertex 131.329380799854 9.0668669613161 53.355135465426
endloop
endfacet
facet normal -0.206969479822738 -0.772420614314556 -0.600441528380433
outer loop
vertex 131.329380799854 9.0668669613161 53.355135465426
vertex 128.096179430008 12.0176530991103 51.355135465426
vertex 131.718056035376 10.5174226879254 51.355135465426
endloop
endfacet
facet normal -0.399834331628791 -0.692533376991409 -0.600441528380435
outer loop
vertex 128.096179430008 12.0176530991103 51.355135465426
vertex 131.329380799854 9.0668669613161 53.355135465426
vertex 127.34531653395 10.7171204136195 53.355135465426
endloop
endfacet
facet normal -0.399834331628792 -0.692533376991408 -0.600441528380435
outer loop
vertex 127.34531653395 10.7171204136195 53.355135465426
vertex 124.986003479709 14.4041750431383 51.355135465426
vertex 128.096179430008 12.0176530991103 51.355135465426
endloop
endfacet
facet normal -0.565451134491817 -0.565451134491817 -0.600441528380436
outer loop
vertex 124.986003479709 14.4041750431383 51.355135465426
vertex 127.34531653395 10.7171204136195 53.355135465426
vertex 123.924122988621 13.3422945520504 53.355135465426
endloop
endfacet
facet normal -0.692533376991407 -0.399834331628791 -0.600441528380437
outer loop
vertex 121.29894885019 16.76348809738 53.355135465426
vertex 124.986003479709 14.4041750431383 51.355135465426
vertex 123.924122988621 13.3422945520504 53.355135465426
endloop
endfacet
facet normal -0.565451134491817 -0.565451134491817 -0.600441528380436
outer loop
vertex 124.986003479709 14.4041750431383 51.355135465426
vertex 121.29894885019 16.76348809738 53.355135465426
vertex 122.599481535681 17.514350993438 51.355135465426
endloop
endfacet
facet normal -0.772420614314553 -0.206969479822735 -0.600441528380437
outer loop
vertex 119.648695397886 20.7475523632839 53.355135465426
vertex 122.599481535681 17.514350993438 51.355135465426
vertex 121.29894885019 16.76348809738 53.355135465426
endloop
endfacet
facet normal -0.692533376991407 -0.399834331628792 -0.600441528380437
outer loop
vertex 122.599481535681 17.514350993438 51.355135465426
vertex 119.648695397886 20.7475523632839 53.355135465426
vertex 121.099251124496 21.1362275988052 51.355135465426
endloop
endfacet
facet normal -0.79966866325758 1.23429559468342e-015 -0.600441528380437
outer loop
vertex 119.085824677312 25.0229799540182 53.355135465426
vertex 121.099251124496 21.1362275988052 51.355135465426
vertex 119.648695397886 20.7475523632839 53.355135465426
endloop
endfacet
facet normal -0.772420614314553 -0.206969479822736 -0.600441528380437
outer loop
vertex 121.099251124496 21.1362275988052 51.355135465426
vertex 119.085824677312 25.0229799540182 53.355135465426
vertex 120.587550469428 25.0229799540182 51.355135465426
endloop
endfacet
facet normal -0.79966866325758 1.23429559468342e-015 -0.600441528380437
outer loop
vertex 119.085824677312 25.0229799540182 53.355135465426
vertex 121.099251124496 28.9097323092312 51.355135465426
vertex 120.587550469428 25.0229799540182 51.355135465426
endloop
endfacet
facet normal -0.772420614314553 0.206969479822736 -0.600441528380437
outer loop
vertex 121.099251124496 28.9097323092312 51.355135465426
vertex 119.085824677312 25.0229799540182 53.355135465426
vertex 119.648695397886 29.2984075447525 53.355135465426
endloop
endfacet
facet normal -1.78222197912938e-017 -1.0 0.0
outer loop
vertex 135.604808390588 8.50399624074187 58.355135465426
vertex 131.329380799854 9.0668669613161 53.355135465426
vertex 135.604808390588 8.50399624074187 53.355135465426
endloop
endfacet
facet normal -0.25881904510252 -0.965925826289069 0.0
outer loop
vertex 131.329380799854 9.0668669613161 53.355135465426
vertex 135.604808390588 8.50399624074187 58.355135465426
vertex 131.329380799854 9.0668669613161 58.355135465426
endloop
endfacet
facet normal 0.258819045102521 -0.965925826289068 0.0
outer loop
vertex 139.880235981323 9.0668669613161 58.355135465426
vertex 135.604808390588 8.50399624074187 53.355135465426
vertex 139.880235981323 9.0668669613161 53.355135465426
endloop
endfacet
facet normal -1.78222197912938e-017 -1.0 0.0
outer loop
vertex 135.604808390588 8.50399624074187 53.355135465426
vertex 139.880235981323 9.0668669613161 58.355135465426
vertex 135.604808390588 8.50399624074187 58.355135465426
endloop
endfacet
facet normal 0.500000000000001 -0.866025403784438 0.0
outer loop
vertex 143.864300247227 10.7171204136195 58.355135465426
vertex 139.880235981323 9.0668669613161 53.355135465426
vertex 143.864300247227 10.7171204136195 53.355135465426
endloop
endfacet
facet normal 0.258819045102521 -0.965925826289068 0.0
outer loop
vertex 139.880235981323 9.0668669613161 53.355135465426
vertex 143.864300247227 10.7171204136195 58.355135465426
vertex 139.880235981323 9.0668669613161 58.355135465426
endloop
endfacet
facet normal 0.707106781186549 -0.707106781186546 0.0
outer loop
vertex 147.285493792556 13.3422945520504 58.355135465426
vertex 143.864300247227 10.7171204136195 53.355135465426
vertex 147.285493792556 13.3422945520504 53.355135465426
endloop
endfacet
facet normal 0.500000000000001 -0.866025403784438 0.0
outer loop
vertex 143.864300247227 10.7171204136195 53.355135465426
vertex 147.285493792556 13.3422945520504 58.355135465426
vertex 143.864300247227 10.7171204136195 58.355135465426
endloop
endfacet
facet normal 0.866025403784437 -0.500000000000003 0.0
outer loop
vertex 149.910667930987 16.7634880973801 53.355135465426
vertex 147.285493792556 13.3422945520504 58.355135465426
vertex 147.285493792556 13.3422945520504 53.355135465426
endloop
endfacet
facet normal 0.707106781186549 -0.707106781186546 0.0
outer loop
vertex 147.285493792556 13.3422945520504 58.355135465426
vertex 149.910667930987 16.7634880973801 53.355135465426
vertex 149.910667930987 16.7634880973801 58.355135465426
endloop
endfacet
facet normal 0.965925826289067 -0.258819045102527 0.0
outer loop
vertex 151.560921383291 20.7475523632839 53.355135465426
vertex 149.910667930987 16.7634880973801 58.355135465426
vertex 149.910667930987 16.7634880973801 53.355135465426
endloop
endfacet
facet normal 0.866025403784437 -0.500000000000003 0.0
outer loop
vertex 149.910667930987 16.7634880973801 58.355135465426
vertex 151.560921383291 20.7475523632839 53.355135465426
vertex 151.560921383291 20.7475523632839 58.355135465426
endloop
endfacet
facet normal 1.0 1.18517761612104e-015 0.0
outer loop
vertex 152.123792103865 25.0229799540182 53.355135465426
vertex 151.560921383291 20.7475523632839 58.355135465426
vertex 151.560921383291 20.7475523632839 53.355135465426
endloop
endfacet
facet normal 0.965925826289067 -0.258819045102527 0.0
outer loop
vertex 151.560921383291 20.7475523632839 58.355135465426
vertex 152.123792103865 25.0229799540182 53.355135465426
vertex 152.123792103865 25.0229799540182 58.355135465426
endloop
endfacet
facet normal 0.965925826289067 0.258819045102527 0.0
outer loop
vertex 151.560921383291 29.2984075447525 53.355135465426
vertex 152.123792103865 25.0229799540182 58.355135465426
vertex 152.123792103865 25.0229799540182 53.355135465426
endloop
endfacet
facet normal 1.0 1.18517761612104e-015 0.0
outer loop
vertex 152.123792103865 25.0229799540182 58.355135465426
vertex 151.560921383291 29.2984075447525 53.355135465426
vertex 151.560921383291 29.2984075447525 58.355135465426
endloop
endfacet
facet normal 0.866025403784439 0.5 0.0
outer loop
vertex 149.910667930987 33.2824718106563 53.355135465426
vertex 151.560921383291 29.2984075447525 58.355135465426
vertex 151.560921383291 29.2984075447525 53.355135465426
endloop
endfacet
facet normal 0.965925826289067 0.258819045102527 0.0
outer loop
vertex 151.560921383291 29.2984075447525 58.355135465426
vertex 149.910667930987 33.2824718106563 53.355135465426
vertex 149.910667930987 33.2824718106563 58.355135465426
endloop
endfacet
facet normal 0.70710678118655 0.707106781186545 0.0
outer loop
vertex 147.285493792556 36.7036653559861 53.355135465426
vertex 149.910667930987 33.2824718106563 58.355135465426
vertex 149.910667930987 33.2824718106563 53.355135465426
endloop
endfacet
facet normal 0.866025403784439 0.5 0.0
outer loop
vertex 149.910667930987 33.2824718106563 58.355135465426
vertex 147.285493792556 36.7036653559861 53.355135465426
vertex 147.285493792556 36.7036653559861 58.355135465426
endloop
endfacet
facet normal 0.5 0.866025403784439 0.0
outer loop
vertex 143.864300247227 39.3288394944169 58.355135465426
vertex 147.285493792556 36.7036653559861 53.355135465426
vertex 143.864300247227 39.3288394944169 53.355135465426
endloop
endfacet
facet normal 0.70710678118655 0.707106781186545 0.0
outer loop
vertex 147.285493792556 36.7036653559861 53.355135465426
vertex 143.864300247227 39.3288394944169 58.355135465426
vertex 147.285493792556 36.7036653559861 58.355135465426
endloop
endfacet
facet normal 0.258819045102521 0.965925826289068 0.0
outer loop
vertex 139.880235981323 40.9790929467203 58.355135465426
vertex 143.864300247227 39.3288394944169 53.355135465426
vertex 139.880235981323 40.9790929467203 53.355135465426
endloop
endfacet
facet normal 0.5 0.866025403784439 0.0
outer loop
vertex 143.864300247227 39.3288394944169 53.355135465426
vertex 139.880235981323 40.9790929467203 58.355135465426
vertex 143.864300247227 39.3288394944169 58.355135465426
endloop
endfacet
facet normal -1.12279984685151e-015 1.0 0.0
outer loop
vertex 135.604808390589 41.5419636672945 58.355135465426
vertex 139.880235981323 40.9790929467203 53.355135465426
vertex 135.604808390589 41.5419636672945 53.355135465426
endloop
endfacet
facet normal 0.258819045102521 0.965925826289068 0.0
outer loop
vertex 139.880235981323 40.9790929467203 53.355135465426
vertex 135.604808390589 41.5419636672945 58.355135465426
vertex 139.880235981323 40.9790929467203 58.355135465426
endloop
endfacet
facet normal -0.258819045102521 0.965925826289068 0.0
outer loop
vertex 131.329380799854 40.9790929467203 58.355135465426
vertex 135.604808390589 41.5419636672945 53.355135465426
vertex 131.329380799854 40.9790929467203 53.355135465426
endloop
endfacet
facet normal -1.12279984685151e-015 1.0 0.0
outer loop
vertex 135.604808390589 41.5419636672945 53.355135465426
vertex 131.329380799854 40.9790929467203 58.355135465426
vertex 135.604808390589 41.5419636672945 58.355135465426
endloop
endfacet
facet normal -0.500000000000001 0.866025403784438 0.0
outer loop
vertex 127.34531653395 39.3288394944169 58.355135465426
vertex 131.329380799854 40.9790929467203 53.355135465426
vertex 127.34531653395 39.3288394944169 53.355135465426
endloop
endfacet
facet normal -0.258819045102521 0.965925826289068 0.0
outer loop
vertex 131.329380799854 40.9790929467203 53.355135465426
vertex 127.34531653395 39.3288394944169 58.355135465426
vertex 131.329380799854 40.9790929467203 58.355135465426
endloop
endfacet
facet normal -0.707106781186547 0.707106781186548 0.0
outer loop
vertex 123.924122988621 36.703665355986 58.355135465426
vertex 127.34531653395 39.3288394944169 53.355135465426
vertex 123.924122988621 36.703665355986 53.355135465426
endloop
endfacet
facet normal -0.500000000000001 0.866025403784438 0.0
outer loop
vertex 127.34531653395 39.3288394944169 53.355135465426
vertex 123.924122988621 36.703665355986 58.355135465426
vertex 127.34531653395 39.3288394944169 58.355135465426
endloop
endfacet
facet normal -0.707106781186547 0.707106781186548 0.0
outer loop
vertex 123.924122988621 36.703665355986 58.355135465426
vertex 121.29894885019 33.2824718106564 53.355135465426
vertex 121.29894885019 33.2824718106564 58.355135465426
endloop
endfacet
facet normal -0.866025403784438 0.500000000000001 0.0
outer loop
vertex 121.29894885019 33.2824718106564 53.355135465426
vertex 123.924122988621 36.703665355986 58.355135465426
vertex 123.924122988621 36.703665355986 53.355135465426
endloop
endfacet
facet normal -0.866025403784438 0.500000000000001 0.0
outer loop
vertex 121.29894885019 33.2824718106564 58.355135465426
vertex 119.648695397886 29.2984075447525 53.355135465426
vertex 119.648695397886 29.2984075447525 58.355135465426
endloop
endfacet
facet normal -0.965925826289069 0.25881904510252 0.0
outer loop
vertex 119.648695397886 29.2984075447525 53.355135465426
vertex 121.29894885019 33.2824718106564 58.355135465426
vertex 121.29894885019 33.2824718106564 53.355135465426
endloop
endfacet
facet normal -0.965925826289069 0.25881904510252 0.0
outer loop
vertex 119.648695397886 29.2984075447525 58.355135465426
vertex 119.085824677312 25.0229799540182 53.355135465426
vertex 119.085824677312 25.0229799540182 58.355135465426
endloop
endfacet
facet normal -1.0 1.54162201194691e-015 2.79793549440238e-018
outer loop
vertex 119.085824677312 25.0229799540182 53.355135465426
vertex 119.648695397886 29.2984075447525 58.355135465426
vertex 119.648695397886 29.2984075447525 53.355135465426
endloop
endfacet
facet normal -1.0 1.54162201194691e-015 2.79793549440238e-018
outer loop
vertex 119.085824677312 25.0229799540182 58.355135465426
vertex 119.648695397886 20.7475523632839 53.355135465426
vertex 119.648695397886 20.7475523632839 58.355135465426
endloop
endfacet
facet normal -0.965925826289069 -0.258819045102519 2.79793549440179e-018
outer loop
vertex 119.648695397886 20.7475523632839 53.355135465426
vertex 119.085824677312 25.0229799540182 58.355135465426
vertex 119.085824677312 25.0229799540182 53.355135465426
endloop
endfacet
facet normal -0.965925826289069 -0.258819045102519 2.79793549440179e-018
outer loop
vertex 119.648695397886 20.7475523632839 58.355135465426
vertex 121.29894885019 16.76348809738 53.355135465426
vertex 121.29894885019 16.76348809738 58.355135465426
endloop
endfacet
facet normal -0.866025403784438 -0.500000000000002 -5.92822474178883e-031
outer loop
vertex 121.29894885019 16.76348809738 53.355135465426
vertex 119.648695397886 20.7475523632839 58.355135465426
vertex 119.648695397886 20.7475523632839 53.355135465426
endloop
endfacet
facet normal -0.866025403784438 -0.500000000000002 -5.92822474178883e-031
outer loop
vertex 121.29894885019 16.76348809738 58.355135465426
vertex 123.924122988621 13.3422945520504 53.355135465426
vertex 123.924122988621 13.3422945520504 58.355135465426
endloop
endfacet
facet normal -0.707106781186548 -0.707106781186547 0.0
outer loop
vertex 123.924122988621 13.3422945520504 53.355135465426
vertex 121.29894885019 16.76348809738 58.355135465426
vertex 121.29894885019 16.76348809738 53.355135465426
endloop
endfacet
facet normal -0.500000000000001 -0.866025403784438 0.0
outer loop
vertex 127.34531653395 10.7171204136195 58.355135465426
vertex 123.924122988621 13.3422945520504 53.355135465426
vertex 127.34531653395 10.7171204136195 53.355135465426
endloop
endfacet
facet normal -0.707106781186548 -0.707106781186547 0.0
outer loop
vertex 123.924122988621 13.3422945520504 53.355135465426
vertex 127.34531653395 10.7171204136195 58.355135465426
vertex 123.924122988621 13.3422945520504 58.355135465426
endloop
endfacet
facet normal -0.25881904510252 -0.965925826289069 0.0
outer loop
vertex 131.329380799854 9.0668669613161 58.355135465426
vertex 127.34531653395 10.7171204136195 53.355135465426
vertex 131.329380799854 9.0668669613161 53.355135465426
endloop
endfacet
facet normal -0.500000000000001 -0.866025403784438 0.0
outer loop
vertex 127.34531653395 10.7171204136195 53.355135465426
vertex 131.329380799854 9.0668669613161 58.355135465426
vertex 127.34531653395 10.7171204136195 58.355135465426
endloop
endfacet
facet normal -0.114248155454504 -0.197883609918228 0.973544778580304
outer loop
vertex 127.34531653395 10.7171204136195 58.355135465426
vertex 124.880963234948 14.2991347983781 58.6727334171683
vertex 123.924122988621 13.3422945520504 58.355135465426
endloop
endfacet
facet normal -0.155237419732271 -0.155237419732271 0.975603755133063
outer loop
vertex 124.880963234948 14.2991347983781 58.6727334171683
vertex 127.34531653395 10.7171204136195 58.355135465426
vertex 128.021904760641 11.8890055980505 58.6727334171683
endloop
endfacet
facet normal -0.161571290919869 -0.161571290919869 0.973544778580304
outer loop
vertex 123.924122988621 13.3422945520504 58.355135465426
vertex 122.470834034621 17.4400763240706 58.6727334171683
vertex 121.29894885019 16.76348809738 58.355135465426
endloop
endfacet
facet normal -0.190126233665162 -0.109769432186592 0.975603755133063
outer loop
vertex 122.470834034621 17.4400763240706 58.6727334171683
vertex 123.924122988621 13.3422945520504 58.355135465426
vertex 124.880963234948 14.2991347983781 58.6727334171683
endloop
endfacet
facet normal -0.197883609918227 -0.114248155454504 0.973544778580305
outer loop
vertex 121.29894885019 16.76348809738 58.355135465426
vertex 120.955763481734 21.0977802008032 58.6727334171683
vertex 119.648695397886 20.7475523632839 58.355135465426
endloop
endfacet
facet normal -0.212058258972231 -0.0568208392399588 0.975603755133063
outer loop
vertex 120.955763481734 21.0977802008032 58.6727334171683
vertex 121.29894885019 16.76348809738 58.355135465426
vertex 122.470834034621 17.4400763240706 58.6727334171683
endloop
endfacet
facet normal -0.0159299364812357 -0.00426841361562622 0.999863999636405
outer loop
vertex 134.262295048295 24.6632545881226 60.3406247855294
vertex 134.262295048295 25.3827053199138 60.3406247855294
vertex 134.214936305429 25.0229799540182 60.3406247855294
endloop
endfacet
facet normal -0.0159299364812358 0.00426841361562624 0.999863999636405
outer loop
vertex 134.262295048295 25.3827053199138 60.3406247855294
vertex 134.262295048295 24.6632545881226 60.3406247855294
vertex 134.40114385683 24.3280439114386 60.3406247855294
endloop
endfacet
facet normal -0.0159299364812358 0.00426841361562624 0.999863999636405
outer loop
vertex 134.262295048295 25.3827053199138 60.3406247855294
vertex 134.40114385683 24.3280439114386 60.3406247855294
vertex 134.40114385683 25.7179159965978 60.3406247855294
endloop
endfacet
facet normal -0.0142823903222708 0.00824594189723451 0.999863999636405
outer loop
vertex 134.40114385683 25.7179159965978 60.3406247855294
vertex 134.40114385683 24.3280439114386 60.3406247855294
vertex 134.622020414191 24.0401919776202 60.3406247855294
endloop
endfacet
facet normal -0.0142823903222708 0.00824594189723451 0.999863999636405
outer loop
vertex 134.40114385683 25.7179159965978 60.3406247855294
vertex 134.622020414191 24.0401919776202 60.3406247855294
vertex 134.622020414191 26.0057679304162 60.3406247855294
endloop
endfacet
facet normal -0.0116615228656092 0.0116615228656093 0.999863999636405
outer loop
vertex 134.622020414191 26.0057679304162 60.3406247855294
vertex 134.622020414191 24.0401919776202 60.3406247855294
vertex 134.909872348009 26.226644487777 60.3406247855294
endloop
endfacet
facet normal -0.0082459418972346 0.0142823903222712 0.999863999636405
outer loop
vertex 134.909872348009 26.226644487777 60.3406247855294
vertex 134.622020414191 24.0401919776202 60.3406247855294
vertex 134.909872348009 23.8193154202594 60.3406247855294
endloop
endfacet
facet normal -0.0082459418972346 0.0142823903222712 0.999863999636405
outer loop
vertex 134.909872348009 26.226644487777 60.3406247855294
vertex 134.909872348009 23.8193154202594 60.3406247855294
vertex 135.245083024693 23.6804666117246 60.3406247855294
endloop
endfacet
facet normal -0.0082459418972346 0.0142823903222712 0.999863999636405
outer loop
vertex 134.909872348009 26.226644487777 60.3406247855294
vertex 135.245083024693 23.6804666117246 60.3406247855294
vertex 135.245083024693 26.3654932963117 60.3406247855294
endloop
endfacet
facet normal -0.00426841361562618 0.0159299364812356 0.999863999636405
outer loop
vertex 135.245083024693 26.3654932963117 60.3406247855294
vertex 135.245083024693 23.6804666117246 60.3406247855294
vertex 135.604808390588 23.6331078688589 60.3406247855294
endloop
endfacet
facet normal -0.00426841361562618 0.0159299364812356 0.999863999636405
outer loop
vertex 135.245083024693 26.3654932963117 60.3406247855294
vertex 135.604808390588 23.6331078688589 60.3406247855294
vertex 135.604808390589 26.4128520391774 60.3406247855294
endloop
endfacet
facet normal -2.45754060045483e-017 0.0164918837944688 0.999863999636405
outer loop
vertex 135.604808390589 26.4128520391774 60.3406247855294
vertex 135.604808390588 23.6331078688589 60.3406247855294
vertex 135.964533756484 23.6804666117246 60.3406247855294
endloop
endfacet
facet normal -2.45754060045483e-017 0.0164918837944688 0.999863999636405
outer loop
vertex 135.604808390589 26.4128520391774 60.3406247855294
vertex 135.964533756484 23.6804666117246 60.3406247855294
vertex 135.964533756484 26.3654932963118 60.3406247855294
endloop
endfacet
facet normal 0.00426841361562618 0.0159299364812358 0.999863999636405
outer loop
vertex 135.964533756484 26.3654932963118 60.3406247855294
vertex 135.964533756484 23.6804666117246 60.3406247855294
vertex 136.299744433168 23.8193154202594 60.3406247855294
endloop
endfacet
facet normal 0.00426841361562618 0.0159299364812358 0.999863999636405
outer loop
vertex 135.964533756484 26.3654932963118 60.3406247855294
vertex 136.299744433168 23.8193154202594 60.3406247855294
vertex 136.299744433168 26.2266444877769 60.3406247855294
endloop
endfacet
facet normal 0.00824594189723435 0.0142823903222709 0.999863999636405
outer loop
vertex 136.299744433168 26.2266444877769 60.3406247855294
vertex 136.299744433168 23.8193154202594 60.3406247855294
vertex 136.587596366986 24.0401919776202 60.3406247855294
endloop
endfacet
facet normal 0.00824594189723435 0.0142823903222709 0.999863999636405
outer loop
vertex 136.299744433168 26.2266444877769 60.3406247855294
vertex 136.587596366986 24.0401919776202 60.3406247855294
vertex 136.587596366986 26.0057679304163 60.3406247855294
endloop
endfacet
facet normal 0.0116615228656099 0.0116615228656098 0.999863999636405
outer loop
vertex 136.587596366986 26.0057679304163 60.3406247855294
vertex 136.587596366986 24.0401919776202 60.3406247855294
vertex 136.808472924347 24.3280439114387 60.3406247855294
endloop
endfacet
facet normal 0.0116615228656099 0.0116615228656098 0.999863999636405
outer loop
vertex 136.587596366986 26.0057679304163 60.3406247855294
vertex 136.808472924347 24.3280439114387 60.3406247855294
vertex 136.808472924347 25.7179159965978 60.3406247855294
endloop
endfacet
facet normal 0.0142823903222707 0.00824594189723433 0.999863999636405
outer loop
vertex 136.808472924347 25.7179159965978 60.3406247855294
vertex 136.808472924347 24.3280439114387 60.3406247855294
vertex 136.947321732882 25.3827053199137 60.3406247855294
endloop
endfacet
facet normal 0.0159299364812353 0.00426841361562624 0.999863999636406
outer loop
vertex 136.947321732882 25.3827053199137 60.3406247855294
vertex 136.808472924347 24.3280439114387 60.3406247855294
vertex 136.947321732882 24.6632545881227 60.3406247855294
endloop
endfacet
facet normal 0.0159299364812353 0.00426841361562624 0.999863999636406
outer loop
vertex 136.947321732882 25.3827053199137 60.3406247855294
vertex 136.947321732882 24.6632545881227 60.3406247855294
vertex 136.994680475748 25.0229799540182 60.3406247855294
endloop
endfacet
facet normal -0.220710487918788 -0.0591391969989177 0.973544778580305
outer loop
vertex 119.648695397886 20.7475523632839 58.355135465426
vertex 120.439001130693 25.0229799540182 58.6727334171683
vertex 119.085824677312 25.0229799540182 58.355135465426
endloop
endfacet
facet normal -0.219538864373184 3.84567431972498e-016 0.975603755133063
outer loop
vertex 120.439001130693 25.0229799540182 58.6727334171683
vertex 119.648695397886 20.7475523632839 58.355135465426
vertex 120.955763481734 21.0977802008032 58.6727334171683
endloop
endfacet
facet normal -0.219538864373184 3.84567431972498e-016 0.975603755133063
outer loop
vertex 120.439001130693 25.0229799540182 58.6727334171683
vertex 119.648695397886 29.2984075447525 58.355135465426
vertex 119.085824677312 25.0229799540182 58.355135465426
endloop
endfacet
facet normal -0.220710487918788 0.0591391969989181 0.973544778580304
outer loop
vertex 119.648695397886 29.2984075447525 58.355135465426
vertex 120.439001130693 25.0229799540182 58.6727334171683
vertex 120.955763481734 28.9481797072332 58.6727334171683
endloop
endfacet
facet normal -0.0568208392399596 0.212058258972232 0.975603755133063
outer loop
vertex 131.679608637374 39.6720248628732 58.6727334171683
vertex 135.604808390589 41.5419636672945 58.355135465426
vertex 131.329380799854 40.9790929467203 58.355135465426
endloop
endfacet
facet normal -2.47692916955135e-016 0.228496310909008 0.973544778580304
outer loop
vertex 135.604808390589 41.5419636672945 58.355135465426
vertex 131.679608637374 39.6720248628732 58.6727334171683
vertex 135.604808390589 40.1887872139134 58.6727334171683
endloop
endfacet
facet normal 0.0568208392399593 0.212058258972232 0.975603755133063
outer loop
vertex 139.530008143803 39.6720248628732 58.6727334171683
vertex 135.604808390589 41.5419636672945 58.355135465426
vertex 135.604808390589 40.1887872139134 58.6727334171683
endloop
endfacet
facet normal -2.47692916955135e-016 0.228496310909008 0.973544778580304
outer loop
vertex 135.604808390589 41.5419636672945 58.355135465426
vertex 139.530008143803 39.6720248628732 58.6727334171683
vertex 139.880235981323 40.9790929467203 58.355135465426
endloop
endfacet
facet normal 0.109769432186592 0.190126233665164 0.975603755133063
outer loop
vertex 143.187712020536 38.1569543099859 58.6727334171683
vertex 139.880235981323 40.9790929467203 58.355135465426
vertex 139.530008143803 39.6720248628732 58.6727334171683
endloop
endfacet
facet normal 0.0591391969989186 0.220710487918788 0.973544778580304
outer loop
vertex 139.880235981323 40.9790929467203 58.355135465426
vertex 143.187712020536 38.1569543099859 58.6727334171683
vertex 143.864300247227 39.3288394944169 58.355135465426
endloop
endfacet
facet normal 0.155237419732272 0.155237419732271 0.975603755133063
outer loop
vertex 146.328653546229 35.7468251096583 58.6727334171683
vertex 143.864300247227 39.3288394944169 58.355135465426
vertex 143.187712020536 38.1569543099859 58.6727334171683
endloop
endfacet
facet normal 0.114248155454504 0.197883609918228 0.973544778580304
outer loop
vertex 143.864300247227 39.3288394944169 58.355135465426
vertex 146.328653546229 35.7468251096583 58.6727334171683
vertex 147.285493792556 36.7036653559861 58.355135465426
endloop
endfacet
facet normal 0.190126233665164 0.109769432186592 0.975603755133063
outer loop
vertex 148.738782746556 32.6058835839657 58.6727334171683
vertex 147.285493792556 36.7036653559861 58.355135465426
vertex 146.328653546229 35.7468251096583 58.6727334171683
endloop
endfacet
facet normal 0.161571290919869 0.161571290919868 0.973544778580305
outer loop
vertex 147.285493792556 36.7036653559861 58.355135465426
vertex 148.738782746556 32.6058835839657 58.6727334171683
vertex 149.910667930987 33.2824718106563 58.355135465426
endloop
endfacet
facet normal 0.212058258972231 0.0568208392399607 0.975603755133063
outer loop
vertex 150.253853299444 28.9481797072331 58.6727334171683
vertex 149.910667930987 33.2824718106563 58.355135465426
vertex 148.738782746556 32.6058835839657 58.6727334171683
endloop
endfacet
facet normal 0.197883609918228 0.114248155454504 0.973544778580304
outer loop
vertex 149.910667930987 33.2824718106563 58.355135465426
vertex 150.253853299444 28.9481797072331 58.6727334171683
vertex 151.560921383291 29.2984075447525 58.355135465426
endloop
endfacet
facet normal 0.219538864373184 3.11632229357024e-016 0.975603755133063
outer loop
vertex 150.770615650484 25.0229799540182 58.6727334171683
vertex 151.560921383291 29.2984075447525 58.355135465426
vertex 150.253853299444 28.9481797072331 58.6727334171683
endloop
endfacet
facet normal 0.220710487918788 0.0591391969989198 0.973544778580304
outer loop
vertex 151.560921383291 29.2984075447525 58.355135465426
vertex 150.770615650484 25.0229799540182 58.6727334171683
vertex 152.123792103865 25.0229799540182 58.355135465426
endloop
endfacet
facet normal 0.220710487918788 -0.0591391969989199 0.973544778580304
outer loop
vertex 151.560921383291 20.7475523632839 58.355135465426
vertex 150.770615650484 25.0229799540182 58.6727334171683
vertex 150.253853299444 21.0977802008032 58.6727334171683
endloop
endfacet
facet normal 0.219538864373184 3.11632229357024e-016 0.975603755133063
outer loop
vertex 150.770615650484 25.0229799540182 58.6727334171683
vertex 151.560921383291 20.7475523632839 58.355135465426
vertex 152.123792103865 25.0229799540182 58.355135465426
endloop
endfacet
facet normal 0.197883609918228 -0.114248155454505 0.973544778580305
outer loop
vertex 149.910667930987 16.7634880973801 58.355135465426
vertex 150.253853299444 21.0977802008032 58.6727334171683
vertex 148.738782746556 17.4400763240706 58.6727334171683
endloop
endfacet
facet normal 0.212058258972231 -0.0568208392399608 0.975603755133063
outer loop
vertex 150.253853299444 21.0977802008032 58.6727334171683
vertex 149.910667930987 16.7634880973801 58.355135465426
vertex 151.560921383291 20.7475523632839 58.355135465426
endloop
endfacet
facet normal 0.161571290919869 -0.161571290919868 0.973544778580305
outer loop
vertex 147.285493792556 13.3422945520504 58.355135465426
vertex 148.738782746556 17.4400763240706 58.6727334171683
vertex 146.328653546229 14.2991347983781 58.6727334171683
endloop
endfacet
facet normal 0.190126233665163 -0.109769432186593 0.975603755133063
outer loop
vertex 148.738782746556 17.4400763240706 58.6727334171683
vertex 147.285493792556 13.3422945520504 58.355135465426
vertex 149.910667930987 16.7634880973801 58.355135465426
endloop
endfacet
facet normal 0.114248155454504 -0.197883609918227 0.973544778580305
outer loop
vertex 143.864300247227 10.7171204136195 58.355135465426
vertex 146.328653546229 14.2991347983781 58.6727334171683
vertex 143.187712020536 11.8890055980505 58.6727334171683
endloop
endfacet
facet normal 0.155237419732272 -0.155237419732272 0.975603755133063
outer loop
vertex 146.328653546229 14.2991347983781 58.6727334171683
vertex 143.864300247227 10.7171204136195 58.355135465426
vertex 147.285493792556 13.3422945520504 58.355135465426
endloop
endfacet
facet normal 0.0591391969989178 -0.220710487918787 0.973544778580305
outer loop
vertex 139.880235981323 9.0668669613161 58.355135465426
vertex 143.187712020536 11.8890055980505 58.6727334171683
vertex 139.530008143803 10.3739350451632 58.6727334171683
endloop
endfacet
facet normal 0.109769432186592 -0.190126233665164 0.975603755133063
outer loop
vertex 143.187712020536 11.8890055980505 58.6727334171683
vertex 139.880235981323 9.0668669613161 58.355135465426
vertex 143.864300247227 10.7171204136195 58.355135465426
endloop
endfacet
facet normal 3.1983648500032e-016 -0.228496310909007 0.973544778580305
outer loop
vertex 135.604808390588 8.50399624074187 58.355135465426
vertex 139.530008143803 10.3739350451632 58.6727334171683
vertex 135.604808390588 9.85717269412302 58.6727334171683
endloop
endfacet
facet normal 0.0568208392399593 -0.212058258972231 0.975603755133063
outer loop
vertex 139.530008143803 10.3739350451632 58.6727334171683
vertex 135.604808390588 8.50399624074187 58.355135465426
vertex 139.880235981323 9.0668669613161 58.355135465426
endloop
endfacet
facet normal 3.1983648500032e-016 -0.228496310909007 0.973544778580305
outer loop
vertex 135.604808390588 8.50399624074187 58.355135465426
vertex 131.679608637374 10.3739350451632 58.6727334171683
vertex 131.329380799854 9.0668669613161 58.355135465426
endloop
endfacet
facet normal -0.0568208392399589 -0.212058258972231 0.975603755133063
outer loop
vertex 131.679608637374 10.3739350451632 58.6727334171683
vertex 135.604808390588 8.50399624074187 58.355135465426
vertex 135.604808390588 9.85717269412302 58.6727334171683
endloop
endfacet
facet normal -0.0591391969989177 -0.220710487918787 0.973544778580305
outer loop
vertex 131.329380799854 9.0668669613161 58.355135465426
vertex 128.021904760641 11.8890055980505 58.6727334171683
vertex 127.34531653395 10.7171204136195 58.355135465426
endloop
endfacet
facet normal -0.109769432186592 -0.190126233665163 0.975603755133063
outer loop
vertex 128.021904760641 11.8890055980505 58.6727334171683
vertex 131.329380799854 9.0668669613161 58.355135465426
vertex 131.679608637374 10.3739350451632 58.6727334171683
endloop
endfacet
facet normal -0.0 -0.0 -1.0
outer loop
vertex 121.099251124496 28.9097323092312 51.355135465426
vertex 121.099251124496 21.1362275988052 51.355135465426
vertex 120.587550469428 25.0229799540182 51.355135465426
endloop
endfacet
facet normal -0.0 -0.0 -1.0
outer loop
vertex 121.099251124496 21.1362275988052 51.355135465426
vertex 121.099251124496 28.9097323092312 51.355135465426
vertex 122.599481535681 32.5316089145983 51.355135465426
endloop
endfacet
facet normal -0.0 -0.0 -1.0
outer loop
vertex 121.099251124496 21.1362275988052 51.355135465426
vertex 122.599481535681 32.5316089145983 51.355135465426
vertex 122.599481535681 17.514350993438 51.355135465426
endloop
endfacet
facet normal -0.0 -0.0 -1.0
outer loop
vertex 122.599481535681 17.514350993438 51.355135465426
vertex 122.599481535681 32.5316089145983 51.355135465426
vertex 122.604808390589 25.0229799540182 51.355135465426
endloop
endfacet
facet normal -0.0 -0.0 -1.0
outer loop
vertex 122.604808390589 25.0229799540182 51.355135465426
vertex 122.599481535681 32.5316089145983 51.355135465426
vertex 123.047772648831 28.387627540351 51.355135465426
endloop
endfacet
facet normal -0.0 -0.0 -1.0
outer loop
vertex 123.047772648831 28.387627540351 51.355135465426
vertex 122.599481535681 32.5316089145983 51.355135465426
vertex 124.986003479709 35.641784864898 51.355135465426
endloop
endfacet
facet normal -0.0 -0.0 -1.0
outer loop
vertex 123.047772648831 28.387627540351 51.355135465426
vertex 124.986003479709 35.641784864898 51.355135465426
vertex 124.346478141391 31.5229799540182 51.355135465426
endloop
endfacet
facet normal -0.0 -0.0 -1.0
outer loop
vertex 124.346478141391 31.5229799540182 51.355135465426
vertex 124.986003479709 35.641784864898 51.355135465426
vertex 126.412420235163 34.2153681094433 51.355135465426
endloop
endfacet
facet normal -0.0 -0.0 -1.0
outer loop
vertex 126.412420235163 34.2153681094433 51.355135465426
vertex 124.986003479709 35.641784864898 51.355135465426
vertex 128.096179430008 38.0283068089261 51.355135465426
endloop
endfacet
facet normal -0.0 -0.0 -1.0
outer loop
vertex 126.412420235163 34.2153681094433 51.355135465426
vertex 128.096179430008 38.0283068089261 51.355135465426
vertex 129.104808390589 36.2813102032159 51.355135465426
endloop
endfacet
facet normal -0.0 -0.0 -1.0
outer loop
vertex 129.104808390589 36.2813102032159 51.355135465426
vertex 128.096179430008 38.0283068089261 51.355135465426
vertex 131.718056035376 39.528537220111 51.355135465426
endloop
endfacet
facet normal -0.0 -0.0 -1.0
outer loop
vertex 129.104808390589 36.2813102032159 51.355135465426
vertex 131.718056035376 39.528537220111 51.355135465426
vertex 132.240160804256 37.5800156957761 51.355135465426
endloop
endfacet
facet normal -0.0 -0.0 -1.0
outer loop
vertex 132.240160804256 37.5800156957761 51.355135465426
vertex 131.718056035376 39.528537220111 51.355135465426
vertex 135.604808390589 40.0402378751785 51.355135465426
endloop
endfacet
facet normal -0.0 -0.0 -1.0
outer loop
vertex 132.240160804256 37.5800156957761 51.355135465426
vertex 135.604808390589 40.0402378751785 51.355135465426
vertex 135.604808390589 38.0229799540182 51.355135465426
endloop
endfacet
facet normal -0.0 -0.0 -1.0
outer loop
vertex 135.604808390589 38.0229799540182 51.355135465426
vertex 135.604808390589 40.0402378751785 51.355135465426
vertex 139.491560745802 39.528537220111 51.355135465426
endloop
endfacet
facet normal -0.0 -0.0 -1.0
outer loop
vertex 135.604808390589 38.0229799540182 51.355135465426
vertex 139.491560745802 39.528537220111 51.355135465426
vertex 138.969455976921 37.5800156957761 51.355135465426
endloop
endfacet
facet normal -0.0 -0.0 -1.0
outer loop
vertex 138.969455976921 37.5800156957761 51.355135465426
vertex 139.491560745802 39.528537220111 51.355135465426
vertex 142.104808390589 36.2813102032159 51.355135465426
endloop
endfacet
facet normal -0.0 -0.0 -1.0
outer loop
vertex 142.104808390589 36.2813102032159 51.355135465426
vertex 139.491560745802 39.528537220111 51.355135465426
vertex 143.113437351169 38.0283068089261 51.355135465426
endloop
endfacet
facet normal -0.0 -0.0 -1.0
outer loop
vertex 142.104808390589 36.2813102032159 51.355135465426
vertex 143.113437351169 38.0283068089261 51.355135465426
vertex 144.797196546014 34.2153681094433 51.355135465426
endloop
endfacet
facet normal -0.0 -0.0 -1.0
outer loop
vertex 144.797196546014 34.2153681094433 51.355135465426
vertex 143.113437351169 38.0283068089261 51.355135465426
vertex 146.223613301468 35.6417848648981 51.355135465426
endloop
endfacet
facet normal -0.0 -0.0 -1.0
outer loop
vertex 144.797196546014 34.2153681094433 51.355135465426
vertex 146.223613301468 35.6417848648981 51.355135465426
vertex 146.863138639786 31.5229799540182 51.355135465426
endloop
endfacet
facet normal -0.0 -0.0 -1.0
outer loop
vertex 146.863138639786 31.5229799540182 51.355135465426
vertex 146.223613301468 35.6417848648981 51.355135465426
vertex 148.610135245496 32.5316089145983 51.355135465426
endloop
endfacet
facet normal -0.0 -0.0 -1.0
outer loop
vertex 146.863138639786 31.5229799540182 51.355135465426
vertex 148.610135245496 32.5316089145983 51.355135465426
vertex 148.161844132346 28.387627540351 51.355135465426
endloop
endfacet
facet normal -0.0 -0.0 -1.0
outer loop
vertex 148.161844132346 28.387627540351 51.355135465426
vertex 148.610135245496 32.5316089145983 51.355135465426
vertex 148.604808390589 25.0229799540182 51.355135465426
endloop
endfacet
facet normal -0.0 -0.0 -1.0
outer loop
vertex 122.599481535681 17.514350993438 51.355135465426
vertex 123.047772648831 21.6583323676854 51.355135465426
vertex 124.986003479709 14.4041750431383 51.355135465426
endloop
endfacet
facet normal -0.0 -0.0 -1.0
outer loop
vertex 123.047772648831 21.6583323676854 51.355135465426
vertex 122.599481535681 17.514350993438 51.355135465426
vertex 122.604808390589 25.0229799540182 51.355135465426
endloop
endfacet
facet normal -0.0 -0.0 -1.0
outer loop
vertex 124.986003479709 14.4041750431383 51.355135465426
vertex 123.047772648831 21.6583323676854 51.355135465426
vertex 124.346478141391 18.5229799540182 51.355135465426
endloop
endfacet
facet normal -0.0 -0.0 -1.0
outer loop
vertex 124.986003479709 14.4041750431383 51.355135465426
vertex 124.346478141391 18.5229799540182 51.355135465426
vertex 126.412420235163 15.8305917985931 51.355135465426
endloop
endfacet
facet normal -0.0 -0.0 -1.0
outer loop
vertex 124.986003479709 14.4041750431383 51.355135465426
vertex 126.412420235163 15.8305917985931 51.355135465426
vertex 128.096179430008 12.0176530991103 51.355135465426
endloop
endfacet
facet normal -0.0 -0.0 -1.0
outer loop
vertex 128.096179430008 12.0176530991103 51.355135465426
vertex 126.412420235163 15.8305917985931 51.355135465426
vertex 129.104808390589 13.7646497048205 51.355135465426
endloop
endfacet
facet normal -0.0 -0.0 -1.0
outer loop
vertex 128.096179430008 12.0176530991103 51.355135465426
vertex 129.104808390589 13.7646497048205 51.355135465426
vertex 131.718056035376 10.5174226879254 51.355135465426
endloop
endfacet
facet normal -0.0 -0.0 -1.0
outer loop
vertex 131.718056035376 10.5174226879254 51.355135465426
vertex 129.104808390589 13.7646497048205 51.355135465426
vertex 132.240160804256 12.4659442122603 51.355135465426
endloop
endfacet
facet normal -0.0 -0.0 -1.0
outer loop
vertex 131.718056035376 10.5174226879254 51.355135465426
vertex 132.240160804256 12.4659442122603 51.355135465426
vertex 135.604808390589 10.0057220328579 51.355135465426
endloop
endfacet
facet normal -0.0 -0.0 -1.0
outer loop
vertex 135.604808390589 10.0057220328579 51.355135465426
vertex 132.240160804256 12.4659442122603 51.355135465426
vertex 135.604808390589 12.0229799540182 51.355135465426
endloop
endfacet
facet normal -0.0 -0.0 -1.0
outer loop
vertex 135.604808390589 10.0057220328579 51.355135465426
vertex 135.604808390589 12.0229799540182 51.355135465426
vertex 138.969455976921 12.4659442122603 51.355135465426
endloop
endfacet
facet normal -0.0 -0.0 -1.0
outer loop
vertex 135.604808390589 10.0057220328579 51.355135465426
vertex 138.969455976921 12.4659442122603 51.355135465426
vertex 139.491560745802 10.5174226879254 51.355135465426
endloop
endfacet
facet normal -0.0 -0.0 -1.0
outer loop
vertex 139.491560745802 10.5174226879254 51.355135465426
vertex 138.969455976921 12.4659442122603 51.355135465426
vertex 142.104808390589 13.7646497048205 51.355135465426
endloop
endfacet
facet normal -0.0 -0.0 -1.0
outer loop
vertex 139.491560745802 10.5174226879254 51.355135465426
vertex 142.104808390589 13.7646497048205 51.355135465426
vertex 143.113437351169 12.0176530991103 51.355135465426
endloop
endfacet
facet normal -0.0 -0.0 -1.0
outer loop
vertex 143.113437351169 12.0176530991103 51.355135465426
vertex 142.104808390589 13.7646497048205 51.355135465426
vertex 144.797196546014 15.8305917985931 51.355135465426
endloop
endfacet
facet normal -0.0 -0.0 -1.0
outer loop
vertex 143.113437351169 12.0176530991103 51.355135465426
vertex 144.797196546014 15.8305917985931 51.355135465426
vertex 146.223613301468 14.4041750431383 51.355135465426
endloop
endfacet
facet normal -0.0 -0.0 -1.0
outer loop
vertex 146.223613301468 14.4041750431383 51.355135465426
vertex 144.797196546014 15.8305917985931 51.355135465426
vertex 146.863138639786 18.5229799540182 51.355135465426
endloop
endfacet
facet normal -0.0 -0.0 -1.0
outer loop
vertex 146.223613301468 14.4041750431383 51.355135465426
vertex 146.863138639786 18.5229799540182 51.355135465426
vertex 148.610135245496 17.5143509934381 51.355135465426
endloop
endfacet
facet normal -0.0 -0.0 -1.0
outer loop
vertex 148.610135245496 17.5143509934381 51.355135465426
vertex 146.863138639786 18.5229799540182 51.355135465426
vertex 148.161844132346 21.6583323676854 51.355135465426
endloop
endfacet
facet normal -0.0 -0.0 -1.0
outer loop
vertex 148.610135245496 17.5143509934381 51.355135465426
vertex 148.161844132346 21.6583323676854 51.355135465426
vertex 148.604808390589 25.0229799540182 51.355135465426
endloop
endfacet
facet normal -0.0 -0.0 -1.0
outer loop
vertex 148.610135245496 17.5143509934381 51.355135465426
vertex 148.604808390589 25.0229799540182 51.355135465426
vertex 148.610135245496 32.5316089145983 51.355135465426
endloop
endfacet
facet normal -0.0 -0.0 -1.0
outer loop
vertex 148.610135245496 17.5143509934381 51.355135465426
vertex 148.610135245496 32.5316089145983 51.355135465426
vertex 150.110365656681 28.9097323092312 51.355135465426
endloop
endfacet
facet normal -0.0 -0.0 -1.0
outer loop
vertex 148.610135245496 17.5143509934381 51.355135465426
vertex 150.110365656681 28.9097323092312 51.355135465426
vertex 150.110365656681 21.1362275988052 51.355135465426
endloop
endfacet
facet normal -0.0 -0.0 -1.0
outer loop
vertex 150.110365656681 21.1362275988052 51.355135465426
vertex 150.110365656681 28.9097323092312 51.355135465426
vertex 150.622066311749 25.0229799540182 51.355135465426
endloop
endfacet
facet normal -0.0433136468314776 0.0433136468314778 0.998122164865762
outer loop
vertex 132.658043741069 27.969744603538 60.2282070938142
vertex 132.827881890621 29.832757740847 60.1303450855688
vertex 131.677641272621 28.950147071986 60.1303450855688
endloop
endfacet
facet normal -0.0406054159043387 0.0703306434087797 0.99669694531334
outer loop
vertex 132.827881890621 29.832757740847 60.1303450855688
vertex 132.658043741069 27.969744603538 60.2282070938142
vertex 133.521131124352 28.6320148457156 60.2282070938142
endloop
endfacet
facet normal -0.0306273733924571 0.0530481668181188 0.998122164865762
outer loop
vertex 133.521131124352 28.6320148457156 60.2282070938142
vertex 134.167365460505 30.3875900020692 60.1303450855688
vertex 132.827881890621 29.832757740847 60.1303450855688
endloop
endfacet
facet normal -0.0210189099407033 0.078443639818419 0.99669694531334
outer loop
vertex 134.167365460505 30.3875900020692 60.1303450855688
vertex 133.521131124352 28.6320148457156 60.2282070938142
vertex 134.52621766989 29.0483353242362 60.2282070938142
endloop
endfacet
facet normal -0.0574247298777157 0.0574247298777159 0.99669694531334
outer loop
vertex 131.677641272621 28.950147071986 60.1303450855688
vertex 132.135750387415 31.0315646699182 60.0047628335703
vertex 130.698819513842 29.9289688307652 60.0047628335703
endloop
endfacet
facet normal -0.0505670386859432 0.0875846801923543 0.994872805133469
outer loop
vertex 132.135750387415 31.0315646699182 60.0047628335703
vertex 131.677641272621 28.950147071986 60.1303450855688
vertex 132.827881890621 29.832757740847 60.1303450855688
endloop
endfacet
facet normal -0.0715125919187058 0.0715125919187058 0.994872805133469
outer loop
vertex 130.698819513842 29.9289688307652 60.0047628335703
vertex 131.445013692038 32.2279557209641 59.8515106114901
vertex 129.72197031121 30.9058180333966 59.8515106114901
endloop
endfacet
facet normal -0.0605082557138782 0.104803373173806 0.992650494364384
outer loop
vertex 131.445013692038 32.2279557209641 59.8515106114901
vertex 130.698819513842 29.9289688307652 60.0047628335703
vertex 132.135750387415 31.0315646699182 60.0047628335703
endloop
endfacet
facet normal -0.0855715958661056 0.0855715958661056 0.992650494364384
outer loop
vertex 129.72197031121 30.9058180333966 59.8515106114901
vertex 130.755948323415 33.4214519491548 59.6706497699704
vertex 128.747484721542 31.8803036230645 59.6706497699704
endloop
endfacet
facet normal -0.0704250895310535 0.121979833195372 0.99003092227373
outer loop
vertex 130.755948323415 33.4214519491548 59.6706497699704
vertex 129.72197031121 30.9058180333966 59.8515106114901
vertex 131.445013692038 32.2279557209641 59.8515106114901
endloop
endfacet
facet normal -0.0995961167461555 0.0995961167461556 0.99003092227373
outer loop
vertex 128.747484721542 31.8803036230645 59.6706497699704
vertex 130.0688301314 34.6115755685297 59.4622527120644
vertex 127.775752855441 32.8520354891654 59.4622527120644
endloop
endfacet
facet normal -0.0803135728351279 0.139107188687824 0.98701515696256
outer loop
vertex 130.0688301314 34.6115755685297 59.4622527120644
vertex 128.747484721542 31.8803036230645 59.6706497699704
vertex 130.755948323415 33.4214519491548 59.6706497699704
endloop
endfacet
facet normal -0.113580543946077 0.113580543946077 0.98701515696256
outer loop
vertex 127.775752855441 32.8520354891654 59.4622527120644
vertex 129.383934186343 35.7978501432665 59.2264028642515
vertex 126.807163721127 33.8206246234795 59.2264028642515
endloop
endfacet
facet normal -0.0901697500622162 0.156178588413545 0.983604424906105
outer loop
vertex 129.383934186343 35.7978501432665 59.2264028642515
vertex 127.775752855441 32.8520354891654 59.4622527120644
vertex 130.0688301314 34.6115755685297 59.4622527120644
endloop
endfacet
facet normal -0.127519283453778 0.127519283453778 0.983604424906105
outer loop
vertex 126.807163721127 33.8206246234795 59.2264028642515
vertex 128.701534668974 36.9798007784103 58.9631946430397
vertex 125.842105068707 34.7856832758998 58.9631946430397
endloop
endfacet
facet normal -0.0999896789652934 0.173187204200389 0.979800110431546
outer loop
vertex 128.701534668974 36.9798007784103 58.9631946430397
vertex 126.807163721127 33.8206246234795 59.2264028642515
vertex 129.383934186343 35.7978501432665 59.2264028642515
endloop
endfacet
facet normal -0.14140676009005 0.14140676009005 0.979800110431546
outer loop
vertex 125.842105068707 34.7856832758998 58.9631946430397
vertex 128.021904760641 38.1569543099859 58.6727334171683
vertex 124.880963234948 35.7468251096582 58.6727334171683
endloop
endfacet
facet normal -0.109769432186593 0.190126233665164 0.975603755133063
outer loop
vertex 128.021904760641 38.1569543099859 58.6727334171683
vertex 125.842105068707 34.7856832758998 58.9631946430397
vertex 128.701534668974 36.9798007784103 58.9631946430397
endloop
endfacet
facet normal -0.155237419732273 0.155237419732273 0.975603755133063
outer loop
vertex 124.880963234948 35.7468251096582 58.6727334171683
vertex 127.34531653395 39.3288394944169 58.355135465426
vertex 123.924122988621 36.703665355986 58.355135465426
endloop
endfacet
facet normal -0.114248155454504 0.197883609918229 0.973544778580304
outer loop
vertex 127.34531653395 39.3288394944169 58.355135465426
vertex 124.880963234948 35.7468251096582 58.6727334171683
vertex 128.021904760641 38.1569543099859 58.6727334171683
endloop
endfacet
facet normal -0.0082459418972346 0.0142823903222712 0.999863999636405
outer loop
vertex 134.909872348009 26.226644487777 60.3406247855294
vertex 134.885504801785 27.7074574935006 60.2983096817324
vertex 134.215220563853 27.4298166715042 60.2983096817324
endloop
endfacet
facet normal -0.0106824476506267 0.0398674373813334 0.999147873314474
outer loop
vertex 134.885504801785 27.7074574935006 60.2983096817324
vertex 134.909872348009 26.226644487777 60.3406247855294
vertex 135.245083024693 26.3654932963117 60.3406247855294
endloop
endfacet
facet normal -0.0206369041474425 0.0357441664942993 0.999147873314474
outer loop
vertex 134.215220563853 27.4298166715042 60.2983096817324
vertex 134.52621766989 29.0483353242362 60.2282070938142
vertex 133.521131124352 28.6320148457156 60.2282070938142
endloop
endfacet
facet normal -0.0158538950708682 0.0591675419023458 0.998122164865762
outer loop
vertex 134.52621766989 29.0483353242362 60.2282070938142
vertex 134.215220563853 27.4298166715042 60.2983096817324
vertex 134.885504801785 27.7074574935006 60.2983096817324
endloop
endfacet
facet normal -0.0406054159043387 0.0703306434087797 0.99669694531334
outer loop
vertex 132.827881890621 29.832757740847 60.1303450855688
vertex 133.809091831015 31.7246853903384 60.0047628335703
vertex 132.135750387415 31.0315646699182 60.0047628335703
endloop
endfacet
facet normal -0.0261754253327161 0.0976880172514217 0.994872805133469
outer loop
vertex 133.809091831015 31.7246853903384 60.0047628335703
vertex 132.827881890621 29.832757740847 60.1303450855688
vertex 134.167365460505 30.3875900020692 60.1303450855688
endloop
endfacet
facet normal -0.0505670386859432 0.0875846801923543 0.994872805133469
outer loop
vertex 132.135750387415 31.0315646699182 60.0047628335703
vertex 133.451540207186 33.0590862167996 59.8515106114901
vertex 131.445013692038 32.2279557209641 59.8515106114901
endloop
endfacet
facet normal -0.0313213779293702 0.116892973795476 0.992650494364384
outer loop
vertex 133.451540207186 33.0590862167996 59.8515106114901
vertex 132.135750387415 31.0315646699182 60.0047628335703
vertex 133.809091831015 31.7246853903384 60.0047628335703
endloop
endfacet
facet normal -0.0605082557138782 0.104803373173806 0.992650494364384
outer loop
vertex 131.445013692038 32.2279557209641 59.8515106114901
vertex 133.094853725745 34.3902582879078 59.6706497699704
vertex 130.755948323415 33.4214519491548 59.6706497699704
endloop
endfacet
facet normal -0.0364547088473738 0.136050825593529 0.99003092227373
outer loop
vertex 133.094853725745 34.3902582879078 59.6706497699704
vertex 131.445013692038 32.2279557209641 59.8515106114901
vertex 133.451540207186 33.0590862167996 59.8515106114901
endloop
endfacet
facet normal -0.0704250895310535 0.121979833195372 0.99003092227373
outer loop
vertex 130.755948323415 33.4214519491548 59.6706497699704
vertex 132.739175177085 35.7176687026685 59.4622527120644
vertex 130.0688301314 34.6115755685297 59.4622527120644
endloop
endfacet
facet normal -0.0415733644599189 0.155153908405996 0.98701515696256
outer loop
vertex 132.739175177085 35.7176687026685 59.4622527120644
vertex 130.755948323415 33.4214519491548 59.6706497699704
vertex 133.094853725745 34.3902582879078 59.6706497699704
endloop
endfacet
facet normal -0.0803135728351279 0.139107188687824 0.98701515696256
outer loop
vertex 130.0688301314 34.6115755685297 59.4622527120644
vertex 132.384646948097 37.0407860659711 59.2264028642515
vertex 129.383934186343 35.7978501432665 59.2264028642515
endloop
endfacet
facet normal -0.0466752972164717 0.17419458067025 0.983604424906105
outer loop
vertex 132.384646948097 37.0407860659711 59.2264028642515
vertex 130.0688301314 34.6115755685297 59.4622527120644
vertex 132.739175177085 35.7176687026685 59.4622527120644
endloop
endfacet
facet normal -0.0901697500622162 0.156178588413545 0.983604424906105
outer loop
vertex 129.383934186343 35.7978501432665 59.2264028642515
vertex 132.031410965169 38.3590807013192 58.9631946430397
vertex 128.701534668974 36.9798007784103 58.9631946430397
endloop
endfacet
facet normal -0.0517584664598096 0.193165226549859 0.979800110431546
outer loop
vertex 132.031410965169 38.3590807013192 58.9631946430397
vertex 129.383934186343 35.7978501432665 59.2264028642515
vertex 132.384646948097 37.0407860659711 59.2264028642515
endloop
endfacet
facet normal -0.0999896789652934 0.173187204200389 0.979800110431546
outer loop
vertex 128.701534668974 36.9798007784103 58.9631946430397
vertex 131.679608637374 39.6720248628732 58.6727334171683
vertex 128.021904760641 38.1569543099859 58.6727334171683
endloop
endfacet
facet normal -0.0568208392399596 0.212058258972232 0.975603755133063
outer loop
vertex 131.679608637374 39.6720248628732 58.6727334171683
vertex 128.701534668974 36.9798007784103 58.9631946430397
vertex 132.031410965169 38.3590807013192 58.9631946430397
endloop
endfacet
facet normal -0.109769432186593 0.190126233665164 0.975603755133063
outer loop
vertex 128.021904760641 38.1569543099859 58.6727334171683
vertex 131.329380799854 40.9790929467203 58.355135465426
vertex 127.34531653395 39.3288394944169 58.355135465426
endloop
endfacet
facet normal -0.0591391969989183 0.220710487918788 0.973544778580304
outer loop
vertex 131.329380799854 40.9790929467203 58.355135465426
vertex 128.021904760641 38.1569543099859 58.6727334171683
vertex 131.679608637374 39.6720248628732 58.6727334171683
endloop
endfacet
facet normal -0.00426841361562618 0.0159299364812356 0.999863999636405
outer loop
vertex 135.245083024693 26.3654932963117 60.3406247855294
vertex 135.604808390589 27.8021556074902 60.2983096817324
vertex 134.885504801785 27.7074574935006 60.2983096817324
endloop
endfacet
facet normal -5.13578015902915e-017 0.041273808294885 0.999147873314474
outer loop
vertex 135.604808390589 27.8021556074902 60.2983096817324
vertex 135.245083024693 26.3654932963117 60.3406247855294
vertex 135.604808390589 26.4128520391774 60.3406247855294
endloop
endfacet
facet normal -0.0106824476506267 0.0398674373813334 0.999147873314474
outer loop
vertex 134.885504801785 27.7074574935006 60.2983096817324
vertex 135.604808390589 29.1903344864907 60.2282070938142
vertex 134.52621766989 29.0483353242362 60.2282070938142
endloop
endfacet
facet normal -7.45542198724214e-017 0.0612547467849141 0.998122164865762
outer loop
vertex 135.604808390589 29.1903344864907 60.2282070938142
vertex 134.885504801785 27.7074574935006 60.2983096817324
vertex 135.604808390589 27.8021556074902 60.2983096817324
endloop
endfacet
facet normal -0.0158538950708682 0.0591675419023458 0.998122164865762
outer loop
vertex 134.52621766989 29.0483353242362 60.2282070938142
vertex 135.604808390589 30.576832953954 60.1303450855688
vertex 134.167365460505 30.3875900020692 60.1303450855688
endloop
endfacet
facet normal -1.05484778133669e-016 0.0812108318086771 0.99669694531334
outer loop
vertex 135.604808390589 30.576832953954 60.1303450855688
vertex 134.52621766989 29.0483353242362 60.2282070938142
vertex 135.604808390589 29.1903344864907 60.2282070938142
endloop
endfacet
facet normal -0.0210189099407033 0.078443639818419 0.99669694531334
outer loop
vertex 134.167365460505 30.3875900020692 60.1303450855688
vertex 135.604808390589 31.9610959603653 60.0047628335703
vertex 133.809091831015 31.7246853903384 60.0047628335703
endloop
endfacet
facet normal -1.32000401241776e-016 0.101134077371886 0.994872805133469
outer loop
vertex 135.604808390589 31.9610959603653 60.0047628335703
vertex 134.167365460505 30.3875900020692 60.1303450855688
vertex 135.604808390589 30.576832953954 60.1303450855688
endloop
endfacet
facet normal -0.0261754253327161 0.0976880172514217 0.994872805133469
outer loop
vertex 133.809091831015 31.7246853903384 60.0047628335703
vertex 135.604808390589 33.3425693511201 59.8515106114901
vertex 133.451540207186 33.0590862167996 59.8515106114901
endloop
endfacet
facet normal -1.51891650555788e-016 0.121016511427756 0.992650494364384
outer loop
vertex 135.604808390589 33.3425693511201 59.8515106114901
vertex 133.809091831015 31.7246853903384 60.0047628335703
vertex 135.604808390589 31.9610959603653 60.0047628335703
endloop
endfacet
facet normal -0.0313213779293702 0.116892973795476 0.992650494364384
outer loop
vertex 133.451540207186 33.0590862167996 59.8515106114901
vertex 135.604808390589 34.7207000883655 59.6706497699704
vertex 133.094853725745 34.3902582879078 59.6706497699704
endloop
endfacet
facet normal -1.33672888831975e-016 0.140850179062107 0.99003092227373
outer loop
vertex 135.604808390589 34.7207000883655 59.6706497699704
vertex 133.451540207186 33.0590862167996 59.8515106114901
vertex 135.604808390589 33.3425693511201 59.8515106114901
endloop
endfacet
facet normal -0.0364547088473738 0.136050825593529 0.99003092227373
outer loop
vertex 133.094853725745 34.3902582879078 59.6706497699704
vertex 135.604808390589 36.0949364723956 59.4622527120644
vertex 132.739175177085 35.7176687026685 59.4622527120644
endloop
endfacet
facet normal -1.52463778165403e-016 0.160627145670255 0.98701515696256
outer loop
vertex 135.604808390589 36.0949364723956 59.4622527120644
vertex 133.094853725745 34.3902582879078 59.6706497699704
vertex 135.604808390589 34.7207000883655 59.6706497699704
endloop
endfacet
facet normal -0.0415733644599189 0.155153908405996 0.98701515696256
outer loop
vertex 132.739175177085 35.7176687026685 59.4622527120644
vertex 135.604808390589 37.4647283625098 59.2264028642515
vertex 132.384646948097 37.0407860659711 59.2264028642515
endloop
endfacet
facet normal -5.41397351523491e-017 0.180339500124432 0.983604424906105
outer loop
vertex 135.604808390589 37.4647283625098 59.2264028642515
vertex 132.739175177085 35.7176687026685 59.4622527120644
vertex 135.604808390589 36.0949364723956 59.4622527120644
endloop
endfacet
facet normal -0.0466752972164717 0.17419458067025 0.983604424906105
outer loop
vertex 132.384646948097 37.0407860659711 59.2264028642515
vertex 135.604808390588 38.829527397248 58.9631946430397
vertex 132.031410965169 38.3590807013192 58.9631946430397
endloop
endfacet
facet normal -4.93927047360285e-016 0.199979357930587 0.979800110431546
outer loop
vertex 135.604808390588 38.829527397248 58.9631946430397
vertex 132.384646948097 37.0407860659711 59.2264028642515
vertex 135.604808390589 37.4647283625098 59.2264028642515
endloop
endfacet
facet normal -0.0517584664598096 0.193165226549859 0.979800110431546
outer loop
vertex 132.031410965169 38.3590807013192 58.9631946430397
vertex 135.604808390589 40.1887872139134 58.6727334171683
vertex 131.679608637374 39.6720248628732 58.6727334171683
endloop
endfacet
facet normal -1.21558671025789e-016 0.219538864373184 0.975603755133063
outer loop
vertex 135.604808390589 40.1887872139134 58.6727334171683
vertex 132.031410965169 38.3590807013192 58.9631946430397
vertex 135.604808390588 38.829527397248 58.9631946430397
endloop
endfacet
facet normal 0.00426841361562618 0.0159299364812358 0.999863999636405
outer loop
vertex 135.964533756484 26.3654932963118 60.3406247855294
vertex 135.604808390589 27.8021556074902 60.2983096817324
vertex 135.604808390589 26.4128520391774 60.3406247855294
endloop
endfacet
facet normal -5.13578015902915e-017 0.041273808294885 0.999147873314474
outer loop
vertex 135.604808390589 27.8021556074902 60.2983096817324
vertex 135.964533756484 26.3654932963118 60.3406247855294
vertex 136.324111979392 27.7074574935006 60.2983096817324
endloop
endfacet
facet normal 0.0106824476506267 0.0398674373813336 0.999147873314474
outer loop
vertex 136.324111979392 27.7074574935006 60.2983096817324
vertex 135.604808390589 29.1903344864907 60.2282070938142
vertex 135.604808390589 27.8021556074902 60.2983096817324
endloop
endfacet
facet normal -7.45542198724214e-017 0.0612547467849141 0.998122164865762
outer loop
vertex 135.604808390589 29.1903344864907 60.2282070938142
vertex 136.324111979392 27.7074574935006 60.2983096817324
vertex 136.683399111287 29.0483353242362 60.2282070938142
endloop
endfacet
facet normal 0.0158538950708682 0.0591675419023457 0.998122164865762
outer loop
vertex 136.683399111287 29.0483353242362 60.2282070938142
vertex 135.604808390589 30.576832953954 60.1303450855688
vertex 135.604808390589 29.1903344864907 60.2282070938142
endloop
endfacet
facet normal -1.05484778133669e-016 0.0812108318086771 0.99669694531334
outer loop
vertex 135.604808390589 30.576832953954 60.1303450855688
vertex 136.683399111287 29.0483353242362 60.2282070938142
vertex 137.042251320672 30.3875900020692 60.1303450855688
endloop
endfacet
facet normal 0.0210189099407032 0.0784436398184189 0.99669694531334
outer loop
vertex 137.042251320672 30.3875900020692 60.1303450855688
vertex 135.604808390589 31.9610959603653 60.0047628335703
vertex 135.604808390589 30.576832953954 60.1303450855688
endloop
endfacet
facet normal -1.32000401241776e-016 0.101134077371886 0.994872805133469
outer loop
vertex 135.604808390589 31.9610959603653 60.0047628335703
vertex 137.042251320672 30.3875900020692 60.1303450855688
vertex 137.400524950162 31.7246853903385 60.0047628335703
endloop
endfacet
facet normal 0.026175425332716 0.0976880172514218 0.994872805133469
outer loop
vertex 137.400524950162 31.7246853903385 60.0047628335703
vertex 135.604808390589 33.3425693511201 59.8515106114901
vertex 135.604808390589 31.9610959603653 60.0047628335703
endloop
endfacet
facet normal -1.51891650555788e-016 0.121016511427756 0.992650494364384
outer loop
vertex 135.604808390589 33.3425693511201 59.8515106114901
vertex 137.400524950162 31.7246853903385 60.0047628335703
vertex 137.758076573991 33.0590862167996 59.8515106114901
endloop
endfacet
facet normal 0.03132137792937 0.116892973795476 0.992650494364384
outer loop
vertex 137.758076573991 33.0590862167996 59.8515106114901
vertex 135.604808390589 34.7207000883655 59.6706497699704
vertex 135.604808390589 33.3425693511201 59.8515106114901
endloop
endfacet
facet normal -1.33672888831975e-016 0.140850179062107 0.99003092227373
outer loop
vertex 135.604808390589 34.7207000883655 59.6706497699704
vertex 137.758076573991 33.0590862167996 59.8515106114901
vertex 138.114763055432 34.3902582879078 59.6706497699704
endloop
endfacet
facet normal 0.0364547088473736 0.136050825593529 0.99003092227373
outer loop
vertex 138.114763055432 34.3902582879078 59.6706497699704
vertex 135.604808390589 36.0949364723956 59.4622527120644
vertex 135.604808390589 34.7207000883655 59.6706497699704
endloop
endfacet
facet normal -1.52463778165403e-016 0.160627145670255 0.98701515696256
outer loop
vertex 135.604808390589 36.0949364723956 59.4622527120644
vertex 138.114763055432 34.3902582879078 59.6706497699704
vertex 138.470441604092 35.7176687026685 59.4622527120644
endloop
endfacet
facet normal 0.0415733644599191 0.155153908405996 0.98701515696256
outer loop
vertex 138.470441604092 35.7176687026685 59.4622527120644
vertex 135.604808390589 37.4647283625098 59.2264028642515
vertex 135.604808390589 36.0949364723956 59.4622527120644
endloop
endfacet
facet normal -5.41397351523491e-017 0.180339500124432 0.983604424906105
outer loop
vertex 135.604808390589 37.4647283625098 59.2264028642515
vertex 138.470441604092 35.7176687026685 59.4622527120644
vertex 138.82496983308 37.0407860659711 59.2264028642515
endloop
endfacet
facet normal -5.41397351523491e-017 0.180339500124432 0.983604424906105
outer loop
vertex 135.604808390589 37.4647283625098 59.2264028642515
vertex 139.178205816008 38.3590807013192 58.9631946430397
vertex 135.604808390588 38.829527397248 58.9631946430397
endloop
endfacet
facet normal 0.0517584664598096 0.193165226549859 0.979800110431546
outer loop
vertex 139.178205816008 38.3590807013192 58.9631946430397
vertex 135.604808390589 37.4647283625098 59.2264028642515
vertex 138.82496983308 37.0407860659711 59.2264028642515
endloop
endfacet
facet normal 0.0517584664598096 0.193165226549859 0.979800110431546
outer loop
vertex 139.178205816008 38.3590807013192 58.9631946430397
vertex 135.604808390589 40.1887872139134 58.6727334171683
vertex 135.604808390588 38.829527397248 58.9631946430397
endloop
endfacet
facet normal -1.21558671025789e-016 0.219538864373184 0.975603755133063
outer loop
vertex 135.604808390589 40.1887872139134 58.6727334171683
vertex 139.178205816008 38.3590807013192 58.9631946430397
vertex 139.530008143803 39.6720248628732 58.6727334171683
endloop
endfacet
facet normal 0.00824594189723435 0.0142823903222709 0.999863999636405
outer loop
vertex 136.299744433168 26.2266444877769 60.3406247855294
vertex 136.324111979392 27.7074574935006 60.2983096817324
vertex 135.964533756484 26.3654932963118 60.3406247855294
endloop
endfacet
facet normal 0.0106824476506267 0.0398674373813336 0.999147873314474
outer loop
vertex 136.324111979392 27.7074574935006 60.2983096817324
vertex 136.299744433168 26.2266444877769 60.3406247855294
vertex 136.994396217325 27.4298166715042 60.2983096817324
endloop
endfacet
facet normal 0.0206369041474426 0.0357441664942994 0.999147873314474
outer loop
vertex 136.994396217325 27.4298166715042 60.2983096817324
vertex 136.683399111287 29.0483353242362 60.2282070938142
vertex 136.324111979392 27.7074574935006 60.2983096817324
endloop
endfacet
facet normal 0.0158538950708682 0.0591675419023457 0.998122164865762
outer loop
vertex 136.683399111287 29.0483353242362 60.2282070938142
vertex 136.994396217325 27.4298166715042 60.2983096817324
vertex 137.688485656825 28.6320148457156 60.2282070938142
endloop
endfacet
facet normal 0.0306273733924572 0.0530481668181187 0.998122164865762
outer loop
vertex 137.688485656825 28.6320148457156 60.2282070938142
vertex 137.042251320672 30.3875900020692 60.1303450855688
vertex 136.683399111287 29.0483353242362 60.2282070938142
endloop
endfacet
facet normal 0.0210189099407032 0.0784436398184189 0.99669694531334
outer loop
vertex 137.042251320672 30.3875900020692 60.1303450855688
vertex 137.688485656825 28.6320148457156 60.2282070938142
vertex 138.381734890556 29.832757740847 60.1303450855688
endloop
endfacet
facet normal 0.0406054159043385 0.0703306434087795 0.99669694531334
outer loop
vertex 138.381734890556 29.832757740847 60.1303450855688
vertex 137.400524950162 31.7246853903385 60.0047628335703
vertex 137.042251320672 30.3875900020692 60.1303450855688
endloop
endfacet
facet normal 0.026175425332716 0.0976880172514218 0.994872805133469
outer loop
vertex 137.400524950162 31.7246853903385 60.0047628335703
vertex 138.381734890556 29.832757740847 60.1303450855688
vertex 139.073866393762 31.0315646699182 60.0047628335703
endloop
endfacet
facet normal 0.0505670386859431 0.0875846801923543 0.994872805133469
outer loop
vertex 139.073866393762 31.0315646699182 60.0047628335703
vertex 137.758076573991 33.0590862167996 59.8515106114901
vertex 137.400524950162 31.7246853903385 60.0047628335703
endloop
endfacet
facet normal 0.03132137792937 0.116892973795476 0.992650494364384
outer loop
vertex 137.758076573991 33.0590862167996 59.8515106114901
vertex 139.073866393762 31.0315646699182 60.0047628335703
vertex 139.764603089139 32.2279557209641 59.8515106114901
endloop
endfacet
facet normal 0.0605082557138781 0.104803373173806 0.992650494364384
outer loop
vertex 139.764603089139 32.2279557209641 59.8515106114901
vertex 138.114763055432 34.3902582879078 59.6706497699704
vertex 137.758076573991 33.0590862167996 59.8515106114901
endloop
endfacet
facet normal 0.0364547088473736 0.136050825593529 0.99003092227373
outer loop
vertex 138.114763055432 34.3902582879078 59.6706497699704
vertex 139.764603089139 32.2279557209641 59.8515106114901
vertex 140.453668457762 33.4214519491548 59.6706497699704
endloop
endfacet
facet normal 0.0704250895310536 0.121979833195372 0.99003092227373
outer loop
vertex 140.453668457762 33.4214519491548 59.6706497699704
vertex 138.470441604092 35.7176687026685 59.4622527120644
vertex 138.114763055432 34.3902582879078 59.6706497699704
endloop
endfacet
facet normal 0.0415733644599191 0.155153908405996 0.98701515696256
outer loop
vertex 138.470441604092 35.7176687026685 59.4622527120644
vertex 140.453668457762 33.4214519491548 59.6706497699704
vertex 141.140786649777 34.6115755685297 59.4622527120644
endloop
endfacet
facet normal 0.0803135728351279 0.139107188687825 0.98701515696256
outer loop
vertex 141.140786649777 34.6115755685297 59.4622527120644
vertex 138.82496983308 37.0407860659711 59.2264028642515
vertex 138.470441604092 35.7176687026685 59.4622527120644
endloop
endfacet
facet normal 0.0466752972164715 0.174194580670249 0.983604424906105
outer loop
vertex 138.82496983308 37.0407860659711 59.2264028642515
vertex 141.140786649777 34.6115755685297 59.4622527120644
vertex 141.825682594834 35.7978501432665 59.2264028642515
endloop
endfacet
facet normal 0.0901697500622161 0.156178588413545 0.983604424906105
outer loop
vertex 141.825682594834 35.7978501432665 59.2264028642515
vertex 139.178205816008 38.3590807013192 58.9631946430397
vertex 138.82496983308 37.0407860659711 59.2264028642515
endloop
endfacet
facet normal 0.0517584664598096 0.193165226549859 0.979800110431546
outer loop
vertex 139.178205816008 38.3590807013192 58.9631946430397
vertex 141.825682594834 35.7978501432665 59.2264028642515
vertex 142.508082112203 36.9798007784103 58.9631946430397
endloop
endfacet
facet normal -0.0568208392399589 -0.212058258972231 0.975603755133063
outer loop
vertex 131.679608637374 10.3739350451632 58.6727334171683
vertex 128.701534668974 13.0661591296261 58.9631946430397
vertex 128.021904760641 11.8890055980505 58.6727334171683
endloop
endfacet
facet normal -0.0999896789652936 -0.173187204200389 0.979800110431546
outer loop
vertex 128.701534668974 13.0661591296261 58.9631946430397
vertex 131.679608637374 10.3739350451632 58.6727334171683
vertex 132.031410965169 11.6868792067172 58.9631946430397
endloop
endfacet
facet normal -0.0206369041474427 -0.0357441664942995 0.999147873314474
outer loop
vertex 134.215220563853 22.6161432365322 60.2983096817324
vertex 134.622020414191 24.0401919776202 60.3406247855294
vertex 133.63963443991 23.0578060033396 60.2983096817324
endloop
endfacet
facet normal -0.0116615228656097 -0.0116615228656096 0.999863999636405
outer loop
vertex 134.622020414191 24.0401919776202 60.3406247855294
vertex 134.215220563853 22.6161432365322 60.2983096817324
vertex 134.909872348009 23.8193154202594 60.3406247855294
endloop
endfacet
facet normal -0.0306273733924571 -0.0530481668181187 0.998122164865762
outer loop
vertex 133.521131124352 21.4139450623208 60.2282070938142
vertex 133.63963443991 23.0578060033396 60.2983096817324
vertex 132.658043741069 22.0762153044984 60.2282070938142
endloop
endfacet
facet normal -0.0291849897307072 -0.0291849897307071 0.999147873314474
outer loop
vertex 133.63963443991 23.0578060033396 60.2983096817324
vertex 133.521131124352 21.4139450623208 60.2282070938142
vertex 134.215220563853 22.6161432365322 60.2983096817324
endloop
endfacet
facet normal -0.0406054159043387 -0.0703306434087797 0.99669694531334
outer loop
vertex 132.827881890621 20.2132021671894 60.1303450855688
vertex 132.658043741069 22.0762153044984 60.2282070938142
vertex 131.677641272621 21.0958128360503 60.1303450855688
endloop
endfacet
facet normal -0.0433136468314776 -0.0433136468314775 0.998122164865762
outer loop
vertex 132.658043741069 22.0762153044984 60.2282070938142
vertex 132.827881890621 20.2132021671894 60.1303450855688
vertex 133.521131124352 21.4139450623208 60.2282070938142
endloop
endfacet
facet normal -0.0505670386859428 -0.0875846801923536 0.994872805133469
outer loop
vertex 132.135750387415 19.0143952381182 60.0047628335703
vertex 131.677641272621 21.0958128360503 60.1303450855688
vertex 130.698819513842 20.1169910772712 60.0047628335703
endloop
endfacet
facet normal -0.0574247298777157 -0.0574247298777157 0.99669694531334
outer loop
vertex 131.677641272621 21.0958128360503 60.1303450855688
vertex 132.135750387415 19.0143952381182 60.0047628335703
vertex 132.827881890621 20.2132021671894 60.1303450855688
endloop
endfacet
facet normal -0.0605082557138779 -0.104803373173806 0.992650494364384
outer loop
vertex 131.445013692038 17.8180041870723 59.8515106114901
vertex 130.698819513842 20.1169910772712 60.0047628335703
vertex 129.72197031121 19.1401418746397 59.8515106114901
endloop
endfacet
facet normal -0.0715125919187049 -0.071512591918705 0.994872805133469
outer loop
vertex 130.698819513842 20.1169910772712 60.0047628335703
vertex 131.445013692038 17.8180041870723 59.8515106114901
vertex 132.135750387415 19.0143952381182 60.0047628335703
endloop
endfacet
facet normal -0.0704250895310547 -0.121979833195373 0.99003092227373
outer loop
vertex 130.755948323415 16.6245079588816 59.6706497699704
vertex 129.72197031121 19.1401418746397 59.8515106114901
vertex 128.747484721542 18.1656562849719 59.6706497699704
endloop
endfacet
facet normal -0.0855715958661052 -0.0855715958661054 0.992650494364384
outer loop
vertex 129.72197031121 19.1401418746397 59.8515106114901
vertex 130.755948323415 16.6245079588816 59.6706497699704
vertex 131.445013692038 17.8180041870723 59.8515106114901
endloop
endfacet
facet normal -0.0803135728351276 -0.139107188687824 0.98701515696256
outer loop
vertex 130.0688301314 15.4343843395067 59.4622527120644
vertex 128.747484721542 18.1656562849719 59.6706497699704
vertex 127.775752855441 17.1939244188709 59.4622527120644
endloop
endfacet
facet normal -0.0995961167461568 -0.0995961167461568 0.99003092227373
outer loop
vertex 128.747484721542 18.1656562849719 59.6706497699704
vertex 130.0688301314 15.4343843395067 59.4622527120644
vertex 130.755948323415 16.6245079588816 59.6706497699704
endloop
endfacet
facet normal -0.0901697500622165 -0.156178588413545 0.983604424906105
outer loop
vertex 129.383934186343 14.2481097647699 59.2264028642515
vertex 127.775752855441 17.1939244188709 59.4622527120644
vertex 126.807163721127 16.2253352845568 59.2264028642515
endloop
endfacet
facet normal -0.113580543946077 -0.113580543946077 0.98701515696256
outer loop
vertex 127.775752855441 17.1939244188709 59.4622527120644
vertex 129.383934186343 14.2481097647699 59.2264028642515
vertex 130.0688301314 15.4343843395067 59.4622527120644
endloop
endfacet
facet normal -0.0999896789652936 -0.173187204200389 0.979800110431546
outer loop
vertex 128.701534668974 13.0661591296261 58.9631946430397
vertex 126.807163721127 16.2253352845568 59.2264028642515
vertex 125.842105068707 15.2602766321366 58.9631946430397
endloop
endfacet
facet normal -0.127519283453779 -0.127519283453779 0.983604424906105
outer loop
vertex 126.807163721127 16.2253352845568 59.2264028642515
vertex 128.701534668974 13.0661591296261 58.9631946430397
vertex 129.383934186343 14.2481097647699 59.2264028642515
endloop
endfacet
facet normal -0.109769432186592 -0.190126233665163 0.975603755133063
outer loop
vertex 128.021904760641 11.8890055980505 58.6727334171683
vertex 125.842105068707 15.2602766321366 58.9631946430397
vertex 124.880963234948 14.2991347983781 58.6727334171683
endloop
endfacet
facet normal -0.14140676009005 -0.14140676009005 0.979800110431546
outer loop
vertex 125.842105068707 15.2602766321366 58.9631946430397
vertex 128.021904760641 11.8890055980505 58.6727334171683
vertex 128.701534668974 13.0661591296261 58.9631946430397
endloop
endfacet
facet normal -0.0433136468314776 -0.0433136468314775 0.998122164865762
outer loop
vertex 132.658043741069 22.0762153044984 60.2282070938142
vertex 133.197971673103 23.6333921272822 60.2983096817324
vertex 131.995773498891 22.939302687782 60.2282070938142
endloop
endfacet
facet normal -0.0357441664942997 -0.020636904147443 0.999147873314475
outer loop
vertex 133.197971673103 23.6333921272822 60.2983096817324
vertex 132.658043741069 22.0762153044984 60.2282070938142
vertex 133.63963443991 23.0578060033396 60.2983096817324
endloop
endfacet
facet normal -0.0291849897307072 -0.0291849897307071 0.999147873314474
outer loop
vertex 133.63963443991 23.0578060033396 60.2983096817324
vertex 134.40114385683 24.3280439114386 60.3406247855294
vertex 133.197971673103 23.6333921272822 60.2983096817324
endloop
endfacet
facet normal -0.014282390322271 -0.00824594189723457 0.999863999636405
outer loop
vertex 134.40114385683 24.3280439114386 60.3406247855294
vertex 133.63963443991 23.0578060033396 60.2983096817324
vertex 134.622020414191 24.0401919776202 60.3406247855294
endloop
endfacet
facet normal -0.0574247298777157 -0.0574247298777157 0.99669694531334
outer loop
vertex 131.677641272621 21.0958128360503 60.1303450855688
vertex 131.995773498891 22.939302687782 60.2282070938142
vertex 130.79503060376 22.2460534540503 60.1303450855688
endloop
endfacet
facet normal -0.0530481668181186 -0.0306273733924571 0.998122164865762
outer loop
vertex 131.995773498891 22.939302687782 60.2282070938142
vertex 131.677641272621 21.0958128360503 60.1303450855688
vertex 132.658043741069 22.0762153044984 60.2282070938142
endloop
endfacet
facet normal -0.0715125919187049 -0.071512591918705 0.994872805133469
outer loop
vertex 130.698819513842 20.1169910772712 60.0047628335703
vertex 130.79503060376 22.2460534540503 60.1303450855688
vertex 129.596223674688 21.5539219508447 60.0047628335703
endloop
endfacet
facet normal -0.0703306434087792 -0.0406054159043387 0.99669694531334
outer loop
vertex 130.79503060376 22.2460534540503 60.1303450855688
vertex 130.698819513842 20.1169910772712 60.0047628335703
vertex 131.677641272621 21.0958128360503 60.1303450855688
endloop
endfacet
facet normal -0.0855715958661052 -0.0855715958661054 0.992650494364384
outer loop
vertex 129.72197031121 19.1401418746397 59.8515106114901
vertex 129.596223674688 21.5539219508447 60.0047628335703
vertex 128.399832623643 20.8631852554673 59.8515106114901
endloop
endfacet
facet normal -0.0875846801923532 -0.0505670386859427 0.994872805133469
outer loop
vertex 129.596223674688 21.5539219508447 60.0047628335703
vertex 129.72197031121 19.1401418746397 59.8515106114901
vertex 130.698819513842 20.1169910772712 60.0047628335703
endloop
endfacet
facet normal -0.0995961167461568 -0.0995961167461568 0.99003092227373
outer loop
vertex 128.747484721542 18.1656562849719 59.6706497699704
vertex 128.399832623643 20.8631852554673 59.8515106114901
vertex 127.206336395452 20.1741198868446 59.6706497699704
endloop
endfacet
facet normal -0.104803373173806 -0.0605082557138782 0.992650494364384
outer loop
vertex 128.399832623643 20.8631852554673 59.8515106114901
vertex 128.747484721542 18.1656562849719 59.6706497699704
vertex 129.72197031121 19.1401418746397 59.8515106114901
endloop
endfacet
facet normal -0.113580543946077 -0.113580543946077 0.98701515696256
outer loop
vertex 127.775752855441 17.1939244188709 59.4622527120644
vertex 127.206336395452 20.1741198868446 59.6706497699704
vertex 126.016212776077 19.4870016948295 59.4622527120644
endloop
endfacet
facet normal -0.121979833195373 -0.0704250895310546 0.99003092227373
outer loop
vertex 127.206336395452 20.1741198868446 59.6706497699704
vertex 127.775752855441 17.1939244188709 59.4622527120644
vertex 128.747484721542 18.1656562849719 59.6706497699704
endloop
endfacet
facet normal -0.127519283453779 -0.127519283453779 0.983604424906105
outer loop
vertex 126.807163721127 16.2253352845568 59.2264028642515
vertex 126.016212776077 19.4870016948295 59.4622527120644
vertex 124.82993820134 18.8021057497724 59.2264028642515
endloop
endfacet
facet normal -0.139107188687824 -0.0803135728351281 0.98701515696256
outer loop
vertex 126.016212776077 19.4870016948295 59.4622527120644
vertex 126.807163721127 16.2253352845568 59.2264028642515
vertex 127.775752855441 17.1939244188709 59.4622527120644
endloop
endfacet
facet normal -0.14140676009005 -0.14140676009005 0.979800110431546
outer loop
vertex 125.842105068707 15.2602766321366 58.9631946430397
vertex 124.82993820134 18.8021057497724 59.2264028642515
vertex 123.647987566196 18.1197062324033 58.9631946430397
endloop
endfacet
facet normal -0.156178588413546 -0.0901697500622169 0.983604424906105
outer loop
vertex 124.82993820134 18.8021057497724 59.2264028642515
vertex 125.842105068707 15.2602766321366 58.9631946430397
vertex 126.807163721127 16.2253352845568 59.2264028642515
endloop
endfacet
facet normal -0.155237419732271 -0.155237419732271 0.975603755133063
outer loop
vertex 124.880963234948 14.2991347983781 58.6727334171683
vertex 123.647987566196 18.1197062324033 58.9631946430397
vertex 122.470834034621 17.4400763240706 58.6727334171683
endloop
endfacet
facet normal -0.173187204200389 -0.0999896789652941 0.979800110431546
outer loop
vertex 123.647987566196 18.1197062324033 58.9631946430397
vertex 124.880963234948 14.2991347983781 58.6727334171683
vertex 125.842105068707 15.2602766321366 58.9631946430397
endloop
endfacet
facet normal -0.0530481668181186 -0.0306273733924571 0.998122164865762
outer loop
vertex 131.995773498891 22.939302687782 60.2282070938142
vertex 132.920330851106 24.3036763652144 60.2983096817324
vertex 131.579453020371 23.94438923332 60.2282070938142
endloop
endfacet
facet normal -0.0398674373813337 -0.0106824476506268 0.999147873314474
outer loop
vertex 132.920330851106 24.3036763652144 60.2983096817324
vertex 131.995773498891 22.939302687782 60.2282070938142
vertex 133.197971673103 23.6333921272822 60.2983096817324
endloop
endfacet
facet normal -0.0357441664942997 -0.020636904147443 0.999147873314475
outer loop
vertex 133.197971673103 23.6333921272822 60.2983096817324
vertex 134.262295048295 24.6632545881226 60.3406247855294
vertex 132.920330851106 24.3036763652144 60.2983096817324
endloop
endfacet
facet normal -0.0159299364812357 -0.00426841361562622 0.999863999636405
outer loop
vertex 134.262295048295 24.6632545881226 60.3406247855294
vertex 133.197971673103 23.6333921272822 60.2983096817324
vertex 134.40114385683 24.3280439114386 60.3406247855294
endloop
endfacet
facet normal -0.0703306434087792 -0.0406054159043387 0.99669694531334
outer loop
vertex 130.79503060376 22.2460534540503 60.1303450855688
vertex 131.579453020371 23.94438923332 60.2282070938142
vertex 130.240198342538 23.585537023935 60.1303450855688
endloop
endfacet
facet normal -0.0591675419023458 -0.0158538950708681 0.998122164865762
outer loop
vertex 131.579453020371 23.94438923332 60.2282070938142
vertex 130.79503060376 22.2460534540503 60.1303450855688
vertex 131.995773498891 22.939302687782 60.2282070938142
endloop
endfacet
facet normal -0.0875846801923532 -0.0505670386859427 0.994872805133469
outer loop
vertex 129.596223674688 21.5539219508447 60.0047628335703
vertex 130.240198342538 23.585537023935 60.1303450855688
vertex 128.903102954268 23.2272633944449 60.0047628335703
endloop
endfacet
facet normal -0.0784436398184187 -0.0210189099407029 0.99669694531334
outer loop
vertex 130.240198342538 23.585537023935 60.1303450855688
vertex 129.596223674688 21.5539219508447 60.0047628335703
vertex 130.79503060376 22.2460534540503 60.1303450855688
endloop
endfacet
facet normal -0.104803373173806 -0.0605082557138782 0.992650494364384
outer loop
vertex 128.399832623643 20.8631852554673 59.8515106114901
vertex 128.903102954268 23.2272633944449 60.0047628335703
vertex 127.568702127807 22.8697117706152 59.8515106114901
endloop
endfacet
facet normal -0.0976880172514213 -0.0261754253327155 0.994872805133469
outer loop
vertex 128.903102954268 23.2272633944449 60.0047628335703
vertex 128.399832623643 20.8631852554673 59.8515106114901
vertex 129.596223674688 21.5539219508447 60.0047628335703
endloop
endfacet
facet normal -0.121979833195373 -0.0704250895310546 0.99003092227373
outer loop
vertex 127.206336395452 20.1741198868446 59.6706497699704
vertex 127.568702127807 22.8697117706152 59.8515106114901
vertex 126.237530056699 22.5130252891749 59.6706497699704
endloop
endfacet
facet normal -0.116892973795475 -0.0313213779293697 0.992650494364384
outer loop
vertex 127.568702127807 22.8697117706152 59.8515106114901
vertex 127.206336395452 20.1741198868446 59.6706497699704
vertex 128.399832623643 20.8631852554673 59.8515106114901
endloop
endfacet
facet normal -0.139107188687824 -0.0803135728351281 0.98701515696256
outer loop
vertex 126.016212776077 19.4870016948295 59.4622527120644
vertex 126.237530056699 22.5130252891749 59.6706497699704
vertex 124.910119641938 22.1573467405151 59.4622527120644
endloop
endfacet
facet normal -0.13605082559353 -0.0364547088473737 0.99003092227373
outer loop
vertex 126.237530056699 22.5130252891749 59.6706497699704
vertex 126.016212776077 19.4870016948295 59.4622527120644
vertex 127.206336395452 20.1741198868446 59.6706497699704
endloop
endfacet
facet normal -0.156178588413546 -0.0901697500622169 0.983604424906105
outer loop
vertex 124.82993820134 18.8021057497724 59.2264028642515
vertex 124.910119641938 22.1573467405151 59.4622527120644
vertex 123.587002278636 21.8028185115266 59.2264028642515
endloop
endfacet
facet normal -0.155153908405996 -0.0415733644599188 0.98701515696256
outer loop
vertex 124.910119641938 22.1573467405151 59.4622527120644
vertex 124.82993820134 18.8021057497724 59.2264028642515
vertex 126.016212776077 19.4870016948295 59.4622527120644
endloop
endfacet
facet normal -0.173187204200389 -0.0999896789652941 0.979800110431546
outer loop
vertex 123.647987566196 18.1197062324033 58.9631946430397
vertex 123.587002278636 21.8028185115266 59.2264028642515
vertex 122.268707643288 21.4495825285988 58.9631946430397
endloop
endfacet
facet normal -0.17419458067025 -0.0466752972164713 0.983604424906105
outer loop
vertex 123.587002278636 21.8028185115266 59.2264028642515
vertex 123.647987566196 18.1197062324033 58.9631946430397
vertex 124.82993820134 18.8021057497724 59.2264028642515
endloop
endfacet
facet normal -0.190126233665162 -0.109769432186592 0.975603755133063
outer loop
vertex 122.470834034621 17.4400763240706 58.6727334171683
vertex 122.268707643288 21.4495825285988 58.9631946430397
vertex 120.955763481734 21.0977802008032 58.6727334171683
endloop
endfacet
facet normal -0.193165226549859 -0.0517584664598096 0.979800110431546
outer loop
vertex 122.268707643288 21.4495825285988 58.9631946430397
vertex 122.470834034621 17.4400763240706 58.6727334171683
vertex 123.647987566196 18.1197062324033 58.9631946430397
endloop
endfacet
facet normal -0.0142823903222708 0.00824594189723451 0.999863999636405
outer loop
vertex 134.40114385683 25.7179159965978 60.3406247855294
vertex 133.63963443991 26.9881539046968 60.2983096817324
vertex 133.197971673103 26.4125677807542 60.2983096817324
endloop
endfacet
facet normal -0.0291849897307067 0.0291849897307069 0.999147873314474
outer loop
vertex 133.63963443991 26.9881539046968 60.2983096817324
vertex 134.40114385683 25.7179159965978 60.3406247855294
vertex 134.622020414191 26.0057679304162 60.3406247855294
endloop
endfacet
facet normal -0.0159299364812358 0.00426841361562624 0.999863999636405
outer loop
vertex 134.262295048295 25.3827053199138 60.3406247855294
vertex 133.197971673103 26.4125677807542 60.2983096817324
vertex 132.920330851106 25.7422835428221 60.2983096817324
endloop
endfacet
facet normal -0.0357441664942992 0.0206369041474427 0.999147873314474
outer loop
vertex 133.197971673103 26.4125677807542 60.2983096817324
vertex 134.262295048295 25.3827053199138 60.3406247855294
vertex 134.40114385683 25.7179159965978 60.3406247855294
endloop
endfacet
facet normal -0.0398674373813337 -0.0106824476506268 0.999147873314474
outer loop
vertex 132.920330851106 24.3036763652144 60.2983096817324
vertex 134.214936305429 25.0229799540182 60.3406247855294
vertex 132.825632737117 25.0229799540182 60.2983096817324
endloop
endfacet
facet normal -0.0164918837944688 3.90721342656583e-017 0.999863999636405
outer loop
vertex 134.214936305429 25.0229799540182 60.3406247855294
vertex 132.920330851106 24.3036763652144 60.2983096817324
vertex 134.262295048295 24.6632545881226 60.3406247855294
endloop
endfacet
facet normal -0.0591675419023458 -0.0158538950708681 0.998122164865762
outer loop
vertex 131.579453020371 23.94438923332 60.2282070938142
vertex 132.825632737117 25.0229799540182 60.2983096817324
vertex 131.437453858116 25.0229799540182 60.2282070938142
endloop
endfacet
facet normal -0.0412738082948849 8.78052736866274e-017 0.999147873314474
outer loop
vertex 132.825632737117 25.0229799540182 60.2983096817324
vertex 131.579453020371 23.94438923332 60.2282070938142
vertex 132.920330851106 24.3036763652144 60.2983096817324
endloop
endfacet
facet normal -0.0784436398184187 -0.0210189099407029 0.99669694531334
outer loop
vertex 130.240198342538 23.585537023935 60.1303450855688
vertex 131.437453858116 25.0229799540182 60.2282070938142
vertex 130.050955390653 25.0229799540182 60.1303450855688
endloop
endfacet
facet normal -0.0612547467849143 1.19839005276411e-016 0.998122164865762
outer loop
vertex 131.437453858116 25.0229799540182 60.2282070938142
vertex 130.240198342538 23.585537023935 60.1303450855688
vertex 131.579453020371 23.94438923332 60.2282070938142
endloop
endfacet
facet normal -0.0976880172514213 -0.0261754253327155 0.994872805133469
outer loop
vertex 128.903102954268 23.2272633944449 60.0047628335703
vertex 130.050955390653 25.0229799540182 60.1303450855688
vertex 128.666692384241 25.0229799540182 60.0047628335703
endloop
endfacet
facet normal -0.081210831808677 2.26985569701246e-016 0.99669694531334
outer loop
vertex 130.050955390653 25.0229799540182 60.1303450855688
vertex 128.903102954268 23.2272633944449 60.0047628335703
vertex 130.240198342538 23.585537023935 60.1303450855688
endloop
endfacet
facet normal -0.116892973795475 -0.0313213779293697 0.992650494364384
outer loop
vertex 127.568702127807 22.8697117706152 59.8515106114901
vertex 128.666692384241 25.0229799540182 60.0047628335703
vertex 127.285218993487 25.0229799540182 59.8515106114901
endloop
endfacet
facet normal -0.101134077371886 2.83331405175862e-016 0.994872805133469
outer loop
vertex 128.666692384241 25.0229799540182 60.0047628335703
vertex 127.568702127807 22.8697117706152 59.8515106114901
vertex 128.903102954268 23.2272633944449 60.0047628335703
endloop
endfacet
facet normal -0.13605082559353 -0.0364547088473737 0.99003092227373
outer loop
vertex 126.237530056699 22.5130252891749 59.6706497699704
vertex 127.285218993487 25.0229799540182 59.8515106114901
vertex 125.907088256241 25.0229799540182 59.6706497699704
endloop
endfacet
facet normal -0.121016511427756 3.12620633507549e-016 0.992650494364384
outer loop
vertex 127.285218993487 25.0229799540182 59.8515106114901
vertex 126.237530056699 22.5130252891749 59.6706497699704
vertex 127.568702127807 22.8697117706152 59.8515106114901
endloop
endfacet
facet normal -0.155153908405996 -0.0415733644599188 0.98701515696256
outer loop
vertex 124.910119641938 22.1573467405151 59.4622527120644
vertex 125.907088256241 25.0229799540182 59.6706497699704
vertex 124.532851872211 25.0229799540182 59.4622527120644
endloop
endfacet
facet normal -0.140850179062108 1.91119088991171e-016 0.99003092227373
outer loop
vertex 125.907088256241 25.0229799540182 59.6706497699704
vertex 124.910119641938 22.1573467405151 59.4622527120644
vertex 126.237530056699 22.5130252891749 59.6706497699704
endloop
endfacet
facet normal -0.17419458067025 -0.0466752972164713 0.983604424906105
outer loop
vertex 123.587002278636 21.8028185115266 59.2264028642515
vertex 124.532851872211 25.0229799540182 59.4622527120644
vertex 123.163059982097 25.0229799540182 59.2264028642515
endloop
endfacet
facet normal -0.160627145670256 1.6130225805905e-016 0.98701515696256
outer loop
vertex 124.532851872211 25.0229799540182 59.4622527120644
vertex 123.587002278636 21.8028185115266 59.2264028642515
vertex 124.910119641938 22.1573467405151 59.4622527120644
endloop
endfacet
facet normal -0.193165226549859 -0.0517584664598096 0.979800110431546
outer loop
vertex 122.268707643288 21.4495825285988 58.9631946430397
vertex 123.163059982097 25.0229799540182 59.2264028642515
vertex 121.798260947359 25.0229799540182 58.9631946430397
endloop
endfacet
facet normal -0.180339500124432 2.90586741736078e-016 0.983604424906105
outer loop
vertex 123.163059982097 25.0229799540182 59.2264028642515
vertex 122.268707643288 21.4495825285988 58.9631946430397
vertex 123.587002278636 21.8028185115266 59.2264028642515
endloop
endfacet
facet normal -0.212058258972231 -0.0568208392399588 0.975603755133063
outer loop
vertex 120.955763481734 21.0977802008032 58.6727334171683
vertex 121.798260947359 25.0229799540182 58.9631946430397
vertex 120.439001130693 25.0229799540182 58.6727334171683
endloop
endfacet
facet normal -0.199979357930586 3.3149466265791e-016 0.979800110431546
outer loop
vertex 121.798260947359 25.0229799540182 58.9631946430397
vertex 120.955763481734 21.0977802008032 58.6727334171683
vertex 122.268707643288 21.4495825285988 58.9631946430397
endloop
endfacet
facet normal -0.0164918837944688 3.90721342656583e-017 0.999863999636405
outer loop
vertex 134.214936305429 25.0229799540182 60.3406247855294
vertex 132.920330851106 25.7422835428221 60.2983096817324
vertex 132.825632737117 25.0229799540182 60.2983096817324
endloop
endfacet
facet normal -0.0398674373813334 0.0106824476506267 0.999147873314474
outer loop
vertex 132.920330851106 25.7422835428221 60.2983096817324
vertex 134.214936305429 25.0229799540182 60.3406247855294
vertex 134.262295048295 25.3827053199138 60.3406247855294
endloop
endfacet
facet normal -0.0412738082948849 8.78052736866274e-017 0.999147873314474
outer loop
vertex 132.825632737117 25.0229799540182 60.2983096817324
vertex 131.579453020371 26.1015706747164 60.2282070938142
vertex 131.437453858116 25.0229799540182 60.2282070938142
endloop
endfacet
facet normal -0.0591675419023461 0.0158538950708683 0.998122164865762
outer loop
vertex 131.579453020371 26.1015706747164 60.2282070938142
vertex 132.825632737117 25.0229799540182 60.2983096817324
vertex 132.920330851106 25.7422835428221 60.2983096817324
endloop
endfacet
facet normal -0.0612547467849143 1.19839005276411e-016 0.998122164865762
outer loop
vertex 131.437453858116 25.0229799540182 60.2282070938142
vertex 130.240198342538 26.4604228841014 60.1303450855688
vertex 130.050955390653 25.0229799540182 60.1303450855688
endloop
endfacet
facet normal -0.0784436398184189 0.0210189099407032 0.99669694531334
outer loop
vertex 130.240198342538 26.4604228841014 60.1303450855688
vertex 131.437453858116 25.0229799540182 60.2282070938142
vertex 131.579453020371 26.1015706747164 60.2282070938142
endloop
endfacet
facet normal -0.081210831808677 2.26985569701246e-016 0.99669694531334
outer loop
vertex 130.050955390653 25.0229799540182 60.1303450855688
vertex 128.903102954268 26.8186965135915 60.0047628335703
vertex 128.666692384241 25.0229799540182 60.0047628335703
endloop
endfacet
facet normal -0.0976880172514218 0.026175425332716 0.994872805133469
outer loop
vertex 128.903102954268 26.8186965135915 60.0047628335703
vertex 130.050955390653 25.0229799540182 60.1303450855688
vertex 130.240198342538 26.4604228841014 60.1303450855688
endloop
endfacet
facet normal -0.101134077371886 2.83331405175862e-016 0.994872805133469
outer loop
vertex 128.666692384241 25.0229799540182 60.0047628335703
vertex 127.568702127807 27.1762481374212 59.8515106114901
vertex 127.285218993487 25.0229799540182 59.8515106114901
endloop
endfacet
facet normal -0.116892973795475 0.0313213779293699 0.992650494364384
outer loop
vertex 127.568702127807 27.1762481374212 59.8515106114901
vertex 128.666692384241 25.0229799540182 60.0047628335703
vertex 128.903102954268 26.8186965135915 60.0047628335703
endloop
endfacet
facet normal -0.121016511427756 3.12620633507549e-016 0.992650494364384
outer loop
vertex 127.285218993487 25.0229799540182 59.8515106114901
vertex 126.237530056699 27.5329346188615 59.6706497699704
vertex 125.907088256241 25.0229799540182 59.6706497699704
endloop
endfacet
facet normal -0.136050825593529 0.0364547088473736 0.99003092227373
outer loop
vertex 126.237530056699 27.5329346188615 59.6706497699704
vertex 127.285218993487 25.0229799540182 59.8515106114901
vertex 127.568702127807 27.1762481374212 59.8515106114901
endloop
endfacet
facet normal -0.140850179062108 1.91119088991171e-016 0.99003092227373
outer loop
vertex 125.907088256241 25.0229799540182 59.6706497699704
vertex 124.910119641938 27.8886131675213 59.4622527120644
vertex 124.532851872211 25.0229799540182 59.4622527120644
endloop
endfacet
facet normal -0.155153908405997 0.0415733644599188 0.98701515696256
outer loop
vertex 124.910119641938 27.8886131675213 59.4622527120644
vertex 125.907088256241 25.0229799540182 59.6706497699704
vertex 126.237530056699 27.5329346188615 59.6706497699704
endloop
endfacet
facet normal -0.160627145670256 1.6130225805905e-016 0.98701515696256
outer loop
vertex 124.532851872211 25.0229799540182 59.4622527120644
vertex 123.587002278636 28.2431413965098 59.2264028642515
vertex 123.163059982097 25.0229799540182 59.2264028642515
endloop
endfacet
facet normal -0.17419458067025 0.0466752972164711 0.983604424906105
outer loop
vertex 123.587002278636 28.2431413965098 59.2264028642515
vertex 124.532851872211 25.0229799540182 59.4622527120644
vertex 124.910119641938 27.8886131675213 59.4622527120644
endloop
endfacet
facet normal -0.180339500124432 2.90586741736078e-016 0.983604424906105
outer loop
vertex 123.163059982097 25.0229799540182 59.2264028642515
vertex 122.268707643288 28.5963773794376 58.9631946430397
vertex 121.798260947359 25.0229799540182 58.9631946430397
endloop
endfacet
facet normal -0.193165226549859 0.0517584664598094 0.979800110431546
outer loop
vertex 122.268707643288 28.5963773794376 58.9631946430397
vertex 123.163059982097 25.0229799540182 59.2264028642515
vertex 123.587002278636 28.2431413965098 59.2264028642515
endloop
endfacet
facet normal -0.199979357930586 3.3149466265791e-016 0.979800110431546
outer loop
vertex 121.798260947359 25.0229799540182 58.9631946430397
vertex 120.955763481734 28.9481797072332 58.6727334171683
vertex 120.439001130693 25.0229799540182 58.6727334171683
endloop
endfacet
facet normal -0.212058258972232 0.0568208392399593 0.975603755133063
outer loop
vertex 120.955763481734 28.9481797072332 58.6727334171683
vertex 121.798260947359 25.0229799540182 58.9631946430397
vertex 122.268707643288 28.5963773794376 58.9631946430397
endloop
endfacet
facet normal -0.0398674373813334 0.0106824476506267 0.999147873314474
outer loop
vertex 132.920330851106 25.7422835428221 60.2983096817324
vertex 131.995773498891 27.1066572202544 60.2282070938142
vertex 131.579453020371 26.1015706747164 60.2282070938142
endloop
endfacet
facet normal -0.0530481668181187 0.0306273733924574 0.998122164865762
outer loop
vertex 131.995773498891 27.1066572202544 60.2282070938142
vertex 132.920330851106 25.7422835428221 60.2983096817324
vertex 133.197971673103 26.4125677807542 60.2983096817324
endloop
endfacet
facet normal -0.0591675419023461 0.0158538950708683 0.998122164865762
outer loop
vertex 131.579453020371 26.1015706747164 60.2282070938142
vertex 130.79503060376 27.7999064539861 60.1303450855688
vertex 130.240198342538 26.4604228841014 60.1303450855688
endloop
endfacet
facet normal -0.0703306434087797 0.0406054159043387 0.99669694531334
outer loop
vertex 130.79503060376 27.7999064539861 60.1303450855688
vertex 131.579453020371 26.1015706747164 60.2282070938142
vertex 131.995773498891 27.1066572202544 60.2282070938142
endloop
endfacet
facet normal -0.0784436398184189 0.0210189099407032 0.99669694531334
outer loop
vertex 130.240198342538 26.4604228841014 60.1303450855688
vertex 129.596223674688 28.4920379571918 60.0047628335703
vertex 128.903102954268 26.8186965135915 60.0047628335703
endloop
endfacet
facet normal -0.0875846801923544 0.0505670386859433 0.994872805133469
outer loop
vertex 129.596223674688 28.4920379571918 60.0047628335703
vertex 130.240198342538 26.4604228841014 60.1303450855688
vertex 130.79503060376 27.7999064539861 60.1303450855688
endloop
endfacet
facet normal -0.0976880172514218 0.026175425332716 0.994872805133469
outer loop
vertex 128.903102954268 26.8186965135915 60.0047628335703
vertex 128.399832623643 29.1827746525691 59.8515106114901
vertex 127.568702127807 27.1762481374212 59.8515106114901
endloop
endfacet
facet normal -0.104803373173806 0.060508255713878 0.992650494364384
outer loop
vertex 128.399832623643 29.1827746525691 59.8515106114901
vertex 128.903102954268 26.8186965135915 60.0047628335703
vertex 129.596223674688 28.4920379571918 60.0047628335703
endloop
endfacet
facet normal -0.116892973795475 0.0313213779293699 0.992650494364384
outer loop
vertex 127.568702127807 27.1762481374212 59.8515106114901
vertex 127.206336395452 29.8718400211919 59.6706497699704
vertex 126.237530056699 27.5329346188615 59.6706497699704
endloop
endfacet
facet normal -0.121979833195372 0.0704250895310539 0.99003092227373
outer loop
vertex 127.206336395452 29.8718400211919 59.6706497699704
vertex 127.568702127807 27.1762481374212 59.8515106114901
vertex 128.399832623643 29.1827746525691 59.8515106114901
endloop
endfacet
facet normal -0.136050825593529 0.0364547088473736 0.99003092227373
outer loop
vertex 126.237530056699 27.5329346188615 59.6706497699704
vertex 126.016212776077 30.5589582132069 59.4622527120644
vertex 124.910119641938 27.8886131675213 59.4622527120644
endloop
endfacet
facet normal -0.139107188687825 0.0803135728351279 0.98701515696256
outer loop
vertex 126.016212776077 30.5589582132069 59.4622527120644
vertex 126.237530056699 27.5329346188615 59.6706497699704
vertex 127.206336395452 29.8718400211919 59.6706497699704
endloop
endfacet
facet normal -0.155153908405997 0.0415733644599188 0.98701515696256
outer loop
vertex 124.910119641938 27.8886131675213 59.4622527120644
vertex 124.82993820134 31.243854158264 59.2264028642515
vertex 123.587002278636 28.2431413965098 59.2264028642515
endloop
endfacet
facet normal -0.156178588413545 0.0901697500622159 0.983604424906105
outer loop
vertex 124.82993820134 31.243854158264 59.2264028642515
vertex 124.910119641938 27.8886131675213 59.4622527120644
vertex 126.016212776077 30.5589582132069 59.4622527120644
endloop
endfacet
facet normal -0.17419458067025 0.0466752972164711 0.983604424906105
outer loop
vertex 123.587002278636 28.2431413965098 59.2264028642515
vertex 123.647987566196 31.9262536756331 58.9631946430397
vertex 122.268707643288 28.5963773794376 58.9631946430397
endloop
endfacet
facet normal -0.173187204200389 0.0999896789652934 0.979800110431546
outer loop
vertex 123.647987566196 31.9262536756331 58.9631946430397
vertex 123.587002278636 28.2431413965098 59.2264028642515
vertex 124.82993820134 31.243854158264 59.2264028642515
endloop
endfacet
facet normal -0.193165226549859 0.0517584664598094 0.979800110431546
outer loop
vertex 122.268707643288 28.5963773794376 58.9631946430397
vertex 122.470834034621 32.6058835839658 58.6727334171683
vertex 120.955763481734 28.9481797072332 58.6727334171683
endloop
endfacet
facet normal -0.190126233665164 0.109769432186592 0.975603755133063
outer loop
vertex 122.470834034621 32.6058835839658 58.6727334171683
vertex 122.268707643288 28.5963773794376 58.9631946430397
vertex 123.647987566196 31.9262536756331 58.9631946430397
endloop
endfacet
facet normal -0.212058258972232 0.0568208392399593 0.975603755133063
outer loop
vertex 120.955763481734 28.9481797072332 58.6727334171683
vertex 121.29894885019 33.2824718106564 58.355135465426
vertex 119.648695397886 29.2984075447525 58.355135465426
endloop
endfacet
facet normal -0.197883609918229 0.114248155454504 0.973544778580304
outer loop
vertex 121.29894885019 33.2824718106564 58.355135465426
vertex 120.955763481734 28.9481797072332 58.6727334171683
vertex 122.470834034621 32.6058835839658 58.6727334171683
endloop
endfacet
facet normal -0.0357441664942992 0.0206369041474427 0.999147873314474
outer loop
vertex 133.197971673103 26.4125677807542 60.2983096817324
vertex 132.658043741069 27.969744603538 60.2282070938142
vertex 131.995773498891 27.1066572202544 60.2282070938142
endloop
endfacet
facet normal -0.0433136468314776 0.0433136468314778 0.998122164865762
outer loop
vertex 132.658043741069 27.969744603538 60.2282070938142
vertex 133.197971673103 26.4125677807542 60.2983096817324
vertex 133.63963443991 26.9881539046968 60.2983096817324
endloop
endfacet
facet normal -0.0530481668181187 0.0306273733924574 0.998122164865762
outer loop
vertex 131.995773498891 27.1066572202544 60.2282070938142
vertex 131.677641272621 28.950147071986 60.1303450855688
vertex 130.79503060376 27.7999064539861 60.1303450855688
endloop
endfacet
facet normal -0.0574247298777157 0.0574247298777159 0.99669694531334
outer loop
vertex 131.677641272621 28.950147071986 60.1303450855688
vertex 131.995773498891 27.1066572202544 60.2282070938142
vertex 132.658043741069 27.969744603538 60.2282070938142
endloop
endfacet
facet normal -0.0703306434087797 0.0406054159043387 0.99669694531334
outer loop
vertex 130.79503060376 27.7999064539861 60.1303450855688
vertex 130.698819513842 29.9289688307652 60.0047628335703
vertex 129.596223674688 28.4920379571918 60.0047628335703
endloop
endfacet
facet normal -0.0715125919187058 0.0715125919187058 0.994872805133469
outer loop
vertex 130.698819513842 29.9289688307652 60.0047628335703
vertex 130.79503060376 27.7999064539861 60.1303450855688
vertex 131.677641272621 28.950147071986 60.1303450855688
endloop
endfacet
facet normal -0.0875846801923544 0.0505670386859433 0.994872805133469
outer loop
vertex 129.596223674688 28.4920379571918 60.0047628335703
vertex 129.72197031121 30.9058180333966 59.8515106114901
vertex 128.399832623643 29.1827746525691 59.8515106114901
endloop
endfacet
facet normal -0.0855715958661056 0.0855715958661056 0.992650494364384
outer loop
vertex 129.72197031121 30.9058180333966 59.8515106114901
vertex 129.596223674688 28.4920379571918 60.0047628335703
vertex 130.698819513842 29.9289688307652 60.0047628335703
endloop
endfacet
facet normal -0.104803373173806 0.060508255713878 0.992650494364384
outer loop
vertex 128.399832623643 29.1827746525691 59.8515106114901
vertex 128.747484721542 31.8803036230645 59.6706497699704
vertex 127.206336395452 29.8718400211919 59.6706497699704
endloop
endfacet
facet normal -0.0995961167461555 0.0995961167461556 0.99003092227373
outer loop
vertex 128.747484721542 31.8803036230645 59.6706497699704
vertex 128.399832623643 29.1827746525691 59.8515106114901
vertex 129.72197031121 30.9058180333966 59.8515106114901
endloop
endfacet
facet normal -0.121979833195372 0.0704250895310539 0.99003092227373
outer loop
vertex 127.206336395452 29.8718400211919 59.6706497699704
vertex 127.775752855441 32.8520354891654 59.4622527120644
vertex 126.016212776077 30.5589582132069 59.4622527120644
endloop
endfacet
facet normal -0.113580543946077 0.113580543946077 0.98701515696256
outer loop
vertex 127.775752855441 32.8520354891654 59.4622527120644
vertex 127.206336395452 29.8718400211919 59.6706497699704
vertex 128.747484721542 31.8803036230645 59.6706497699704
endloop
endfacet
facet normal -0.139107188687825 0.0803135728351279 0.98701515696256
outer loop
vertex 126.016212776077 30.5589582132069 59.4622527120644
vertex 126.807163721127 33.8206246234795 59.2264028642515
vertex 124.82993820134 31.243854158264 59.2264028642515
endloop
endfacet
facet normal -0.127519283453778 0.127519283453778 0.983604424906105
outer loop
vertex 126.807163721127 33.8206246234795 59.2264028642515
vertex 126.016212776077 30.5589582132069 59.4622527120644
vertex 127.775752855441 32.8520354891654 59.4622527120644
endloop
endfacet
facet normal -0.156178588413545 0.0901697500622159 0.983604424906105
outer loop
vertex 124.82993820134 31.243854158264 59.2264028642515
vertex 125.842105068707 34.7856832758998 58.9631946430397
vertex 123.647987566196 31.9262536756331 58.9631946430397
endloop
endfacet
facet normal -0.14140676009005 0.14140676009005 0.979800110431546
outer loop
vertex 125.842105068707 34.7856832758998 58.9631946430397
vertex 124.82993820134 31.243854158264 59.2264028642515
vertex 126.807163721127 33.8206246234795 59.2264028642515
endloop
endfacet
facet normal -0.173187204200389 0.0999896789652934 0.979800110431546
outer loop
vertex 123.647987566196 31.9262536756331 58.9631946430397
vertex 124.880963234948 35.7468251096582 58.6727334171683
vertex 122.470834034621 32.6058835839658 58.6727334171683
endloop
endfacet
facet normal -0.155237419732273 0.155237419732273 0.975603755133063
outer loop
vertex 124.880963234948 35.7468251096582 58.6727334171683
vertex 123.647987566196 31.9262536756331 58.9631946430397
vertex 125.842105068707 34.7856832758998 58.9631946430397
endloop
endfacet
facet normal -0.190126233665164 0.109769432186592 0.975603755133063
outer loop
vertex 122.470834034621 32.6058835839658 58.6727334171683
vertex 123.924122988621 36.703665355986 58.355135465426
vertex 121.29894885019 33.2824718106564 58.355135465426
endloop
endfacet
facet normal -0.16157129091987 0.16157129091987 0.973544778580304
outer loop
vertex 123.924122988621 36.703665355986 58.355135465426
vertex 122.470834034621 32.6058835839658 58.6727334171683
vertex 124.880963234948 35.7468251096582 58.6727334171683
endloop
endfacet
facet normal -0.0116615228656092 0.0116615228656093 0.999863999636405
outer loop
vertex 134.622020414191 26.0057679304162 60.3406247855294
vertex 134.215220563853 27.4298166715042 60.2983096817324
vertex 133.63963443991 26.9881539046968 60.2983096817324
endloop
endfacet
facet normal -0.0206369041474425 0.0357441664942993 0.999147873314474
outer loop
vertex 134.215220563853 27.4298166715042 60.2983096817324
vertex 134.622020414191 26.0057679304162 60.3406247855294
vertex 134.909872348009 26.226644487777 60.3406247855294
endloop
endfacet
facet normal -0.0291849897307067 0.0291849897307069 0.999147873314474
outer loop
vertex 133.63963443991 26.9881539046968 60.2983096817324
vertex 133.521131124352 28.6320148457156 60.2282070938142
vertex 132.658043741069 27.969744603538 60.2282070938142
endloop
endfacet
facet normal -0.0306273733924571 0.0530481668181188 0.998122164865762
outer loop
vertex 133.521131124352 28.6320148457156 60.2282070938142
vertex 133.63963443991 26.9881539046968 60.2983096817324
vertex 134.215220563853 27.4298166715042 60.2983096817324
endloop
endfacet
facet normal 0.0 0.0 1.0
outer loop
vertex 132.790380270505 24.2688562120865 51.355135465426
vertex 132.790380270505 25.77710369595 51.355135465426
vertex 132.69109799639 25.0229799540182 51.355135465426
endloop
endfacet
facet normal 0.0 0.0 1.0
outer loop
vertex 132.790380270505 25.77710369595 51.355135465426
vertex 132.790380270505 24.2688562120865 51.355135465426
vertex 133.081461169942 23.566124756919 51.355135465426
endloop
endfacet
facet normal 0.0 0.0 1.0
outer loop
vertex 132.790380270505 25.77710369595 51.355135465426
vertex 133.081461169942 23.566124756919 51.355135465426
vertex 133.081461169942 26.4798351511174 51.355135465426
endloop
endfacet
facet normal 0.0 0.0 1.0
outer loop
vertex 133.081461169942 26.4798351511174 51.355135465426
vertex 133.081461169942 23.566124756919 51.355135465426
vertex 133.544504012437 22.9626755758667 51.355135465426
endloop
endfacet
facet normal 0.0 0.0 1.0
outer loop
vertex 133.081461169942 26.4798351511174 51.355135465426
vertex 133.544504012437 22.9626755758667 51.355135465426
vertex 133.544504012437 27.0832843321697 51.355135465426
endloop
endfacet
facet normal 0.0 0.0 1.0
outer loop
vertex 133.544504012437 27.0832843321697 51.355135465426
vertex 133.544504012437 22.9626755758667 51.355135465426
vertex 134.147953193489 27.5463271746648 51.355135465426
endloop
endfacet
facet normal 0.0 0.0 1.0
outer loop
vertex 134.147953193489 27.5463271746648 51.355135465426
vertex 133.544504012437 22.9626755758667 51.355135465426
vertex 134.147953193489 22.4996327333716 51.355135465426
endloop
endfacet
facet normal 0.0 0.0 1.0
outer loop
vertex 134.147953193489 27.5463271746648 51.355135465426
vertex 134.147953193489 22.4996327333716 51.355135465426
vertex 134.850684648657 22.208551833935 51.355135465426
endloop
endfacet
facet normal 0.0 0.0 1.0
outer loop
vertex 134.147953193489 27.5463271746648 51.355135465426
vertex 134.850684648657 22.208551833935 51.355135465426
vertex 134.850684648657 27.8374080741014 51.355135465426
endloop
endfacet
facet normal 0.0 0.0 1.0
outer loop
vertex 134.850684648657 27.8374080741014 51.355135465426
vertex 134.850684648657 22.208551833935 51.355135465426
vertex 135.604808390589 22.1092695598197 51.355135465426
endloop
endfacet
facet normal 0.0 0.0 1.0
outer loop
vertex 134.850684648657 27.8374080741014 51.355135465426
vertex 135.604808390589 22.1092695598197 51.355135465426
vertex 135.604808390589 27.9366903482167 51.355135465426
endloop
endfacet
facet normal 0.0 0.0 1.0
outer loop
vertex 135.604808390589 27.9366903482167 51.355135465426
vertex 135.604808390589 22.1092695598197 51.355135465426
vertex 136.35893213252 22.208551833935 51.355135465426
endloop
endfacet
facet normal 0.0 0.0 1.0
outer loop
vertex 135.604808390589 27.9366903482167 51.355135465426
vertex 136.35893213252 22.208551833935 51.355135465426
vertex 136.35893213252 27.8374080741014 51.355135465426
endloop
endfacet
facet normal 0.0 0.0 1.0
outer loop
vertex 136.35893213252 27.8374080741014 51.355135465426
vertex 136.35893213252 22.208551833935 51.355135465426
vertex 137.061663587688 22.4996327333716 51.355135465426
endloop
endfacet
facet normal 0.0 0.0 1.0
outer loop
vertex 136.35893213252 27.8374080741014 51.355135465426
vertex 137.061663587688 22.4996327333716 51.355135465426
vertex 137.061663587688 27.5463271746648 51.355135465426
endloop
endfacet
facet normal 0.0 0.0 1.0
outer loop
vertex 137.061663587688 27.5463271746648 51.355135465426
vertex 137.061663587688 22.4996327333716 51.355135465426
vertex 137.66511276874 27.0832843321697 51.355135465426
endloop
endfacet
facet normal 0.0 0.0 1.0
outer loop
vertex 137.66511276874 27.0832843321697 51.355135465426
vertex 137.061663587688 22.4996327333716 51.355135465426
vertex 137.66511276874 22.9626755758667 51.355135465426
endloop
endfacet
facet normal 0.0 0.0 1.0
outer loop
vertex 137.66511276874 27.0832843321697 51.355135465426
vertex 137.66511276874 22.9626755758667 51.355135465426
vertex 138.128155611235 26.4798351511175 51.355135465426
endloop
endfacet
facet normal 0.0 0.0 1.0
outer loop
vertex 138.128155611235 26.4798351511175 51.355135465426
vertex 137.66511276874 22.9626755758667 51.355135465426
vertex 138.128155611235 23.5661247569189 51.355135465426
endloop
endfacet
facet normal 0.0 0.0 1.0
outer loop
vertex 138.128155611235 26.4798351511175 51.355135465426
vertex 138.128155611235 23.5661247569189 51.355135465426
vertex 138.419236510672 25.7771036959499 51.355135465426
endloop
endfacet
facet normal 0.0 0.0 1.0
outer loop
vertex 138.419236510672 25.7771036959499 51.355135465426
vertex 138.128155611235 23.5661247569189 51.355135465426
vertex 138.419236510672 24.2688562120865 51.355135465426
endloop
endfacet
facet normal 0.0 0.0 1.0
outer loop
vertex 138.419236510672 25.7771036959499 51.355135465426
vertex 138.419236510672 24.2688562120865 51.355135465426
vertex 138.518518784787 25.0229799540182 51.355135465426
endloop
endfacet
facet normal -0.866025403784432 -0.500000000000012 1.54244598600894e-019
outer loop
vertex 133.081461169942 23.566124756919 49.355135465426
vertex 133.544504012437 22.9626755758667 16.355135465426
vertex 133.544504012437 22.9626755758667 49.355135465426
endloop
endfacet
facet normal -0.707106781186547 -0.707106781186548 2.93952950641228e-032
outer loop
vertex 133.544504012437 22.9626755758667 16.355135465426
vertex 133.081461169942 23.566124756919 49.355135465426
vertex 133.081461169942 23.566124756919 16.355135465426
endloop
endfacet
facet normal 0.25881904510252 0.965925826289069 -8.43591721613188e-020
outer loop
vertex 136.35893213252 27.8374080741014 49.355135465426
vertex 137.061663587688 27.5463271746648 16.355135465426
vertex 136.35893213252 27.8374080741014 16.355135465426
endloop
endfacet
facet normal 0.500000000000001 0.866025403784438 -2.29240898973617e-019
outer loop
vertex 137.061663587688 27.5463271746648 16.355135465426
vertex 136.35893213252 27.8374080741014 49.355135465426
vertex 137.061663587688 27.5463271746648 49.355135465426
endloop
endfacet
facet normal 0.0 1.0 0.0
outer loop
vertex 135.604808390589 27.9366903482167 49.355135465426
vertex 136.35893213252 27.8374080741014 16.355135465426
vertex 135.604808390589 27.9366903482167 16.355135465426
endloop
endfacet
facet normal 0.25881904510252 0.965925826289069 -8.43591721613188e-020
outer loop
vertex 136.35893213252 27.8374080741014 16.355135465426
vertex 135.604808390589 27.9366903482167 49.355135465426
vertex 136.35893213252 27.8374080741014 49.355135465426
endloop
endfacet
facet normal -0.258819045102523 0.965925826289068 -8.43591721613498e-020
outer loop
vertex 134.850684648657 27.8374080741014 49.355135465426
vertex 135.604808390589 27.9366903482167 16.355135465426
vertex 134.850684648657 27.8374080741014 16.355135465426
endloop
endfacet
facet normal 0.0 1.0 0.0
outer loop
vertex 135.604808390589 27.9366903482167 16.355135465426
vertex 134.850684648657 27.8374080741014 49.355135465426
vertex 135.604808390589 27.9366903482167 49.355135465426
endloop
endfacet
facet normal -0.500000000000001 0.866025403784438 -2.67971694615667e-019
outer loop
vertex 134.147953193489 27.5463271746648 49.355135465426
vertex 134.850684648657 27.8374080741014 16.355135465426
vertex 134.147953193489 27.5463271746648 16.355135465426
endloop
endfacet
facet normal -0.258819045102523 0.965925826289068 -8.43591721613498e-020
outer loop
vertex 134.850684648657 27.8374080741014 16.355135465426
vertex 134.147953193489 27.5463271746648 49.355135465426
vertex 134.850684648657 27.8374080741014 49.355135465426
endloop
endfacet
facet normal -0.707106781186554 0.707106781186541 -3.67225044908587e-019
outer loop
vertex 133.544504012437 27.0832843321697 49.355135465426
vertex 134.147953193489 27.5463271746648 16.355135465426
vertex 133.544504012437 27.0832843321697 16.355135465426
endloop
endfacet
facet normal -0.500000000000001 0.866025403784438 -2.67971694615667e-019
outer loop
vertex 134.147953193489 27.5463271746648 16.355135465426
vertex 133.544504012437 27.0832843321697 49.355135465426
vertex 134.147953193489 27.5463271746648 49.355135465426
endloop
endfacet
facet normal -0.965925826289066 0.25881904510253 1.31612462914822e-019
outer loop
vertex 132.790380270505 25.77710369595 49.355135465426
vertex 132.69109799639 25.0229799540182 16.355135465426
vertex 132.69109799639 25.0229799540182 49.355135465426
endloop
endfacet
facet normal -1.0 6.96848793839587e-015 -4.11191086777478e-032
outer loop
vertex 132.69109799639 25.0229799540182 16.355135465426
vertex 132.790380270505 25.77710369595 49.355135465426
vertex 132.790380270505 25.77710369595 16.355135465426
endloop
endfacet
facet normal -1.0 6.96848793839587e-015 -4.11191086777478e-032
outer loop
vertex 132.69109799639 25.0229799540182 49.355135465426
vertex 132.790380270505 24.2688562120865 16.355135465426
vertex 132.790380270505 24.2688562120865 49.355135465426
endloop
endfacet
facet normal -0.965925826289069 -0.258819045102519 1.76876734286853e-019
outer loop
vertex 132.790380270505 24.2688562120865 16.355135465426
vertex 132.69109799639 25.0229799540182 49.355135465426
vertex 132.69109799639 25.0229799540182 16.355135465426
endloop
endfacet
facet normal -0.965925826289069 -0.258819045102519 1.76876734286853e-019
outer loop
vertex 132.790380270505 24.2688562120865 49.355135465426
vertex 133.081461169942 23.566124756919 16.355135465426
vertex 133.081461169942 23.566124756919 49.355135465426
endloop
endfacet
facet normal -0.866025403784432 -0.500000000000012 1.54244598600894e-019
outer loop
vertex 133.081461169942 23.566124756919 16.355135465426
vertex 132.790380270505 24.2688562120865 49.355135465426
vertex 132.790380270505 24.2688562120865 16.355135465426
endloop
endfacet
facet normal 0.965925826289068 0.258819045102523 8.31546903369443e-020
outer loop
vertex 138.419236510672 25.7771036959499 16.355135465426
vertex 138.518518784787 25.0229799540182 49.355135465426
vertex 138.518518784787 25.0229799540182 16.355135465426
endloop
endfacet
facet normal 1.0 1.45251091299045e-015 -2.38366175104314e-020
outer loop
vertex 138.518518784787 25.0229799540182 49.355135465426
vertex 138.419236510672 25.7771036959499 16.355135465426
vertex 138.419236510672 25.7771036959499 49.355135465426
endloop
endfacet
facet normal 0.866025403784434 0.500000000000008 3.06702490257544e-019
outer loop
vertex 138.128155611235 26.4798351511175 16.355135465426
vertex 138.419236510672 25.7771036959499 49.355135465426
vertex 138.419236510672 25.7771036959499 16.355135465426
endloop
endfacet
facet normal 0.965925826289068 0.258819045102523 8.31546903369443e-020
outer loop
vertex 138.419236510672 25.7771036959499 49.355135465426
vertex 138.128155611235 26.4798351511175 16.355135465426
vertex 138.128155611235 26.4798351511175 49.355135465426
endloop
endfacet
facet normal -0.707106781186554 0.707106781186541 -3.67225044908587e-019
outer loop
vertex 133.544504012437 27.0832843321697 49.355135465426
vertex 133.081461169942 26.4798351511174 16.355135465426
vertex 133.081461169942 26.4798351511174 49.355135465426
endloop
endfacet
facet normal -0.866025403784437 0.500000000000003 -2.93679238534369e-020
outer loop
vertex 133.081461169942 26.4798351511174 16.355135465426
vertex 133.544504012437 27.0832843321697 49.355135465426
vertex 133.544504012437 27.0832843321697 16.355135465426
endloop
endfacet
facet normal -0.866025403784437 0.500000000000003 -2.93679238534369e-020
outer loop
vertex 133.081461169942 26.4798351511174 49.355135465426
vertex 132.790380270505 25.77710369595 16.355135465426
vertex 132.790380270505 25.77710369595 49.355135465426
endloop
endfacet
facet normal -0.965925826289066 0.25881904510253 1.31612462914822e-019
outer loop
vertex 132.790380270505 25.77710369595 16.355135465426
vertex 133.081461169942 26.4798351511174 49.355135465426
vertex 133.081461169942 26.4798351511174 16.355135465426
endloop
endfacet
facet normal -0.500000000000007 -0.866025403784435 -1.68718344322644e-019
outer loop
vertex 134.147953193489 22.4996327333716 49.355135465426
vertex 133.544504012437 22.9626755758667 16.355135465426
vertex 134.147953193489 22.4996327333716 16.355135465426
endloop
endfacet
facet normal -0.707106781186547 -0.707106781186548 2.93952950641228e-032
outer loop
vertex 133.544504012437 22.9626755758667 16.355135465426
vertex 134.147953193489 22.4996327333716 49.355135465426
vertex 133.544504012437 22.9626755758667 49.355135465426
endloop
endfacet
facet normal -0.258819045102525 -0.965925826289067 -1.68718344322673e-019
outer loop
vertex 134.850684648657 22.208551833935 49.355135465426
vertex 134.147953193489 22.4996327333716 16.355135465426
vertex 134.850684648657 22.208551833935 16.355135465426
endloop
endfacet
facet normal -0.500000000000007 -0.866025403784435 -1.68718344322644e-019
outer loop
vertex 134.147953193489 22.4996327333716 16.355135465426
vertex 134.850684648657 22.208551833935 49.355135465426
vertex 134.147953193489 22.4996327333716 49.355135465426
endloop
endfacet
facet normal -1.8624219681902e-015 -1.0 -4.52642713719145e-020
outer loop
vertex 135.604808390589 22.1092695598197 49.355135465426
vertex 134.850684648657 22.208551833935 16.355135465426
vertex 135.604808390589 22.1092695598197 16.355135465426
endloop
endfacet
facet normal -0.258819045102525 -0.965925826289067 -1.68718344322673e-019
outer loop
vertex 134.850684648657 22.208551833935 16.355135465426
vertex 135.604808390589 22.1092695598197 49.355135465426
vertex 134.850684648657 22.208551833935 49.355135465426
endloop
endfacet
facet normal 0.258819045102521 -0.965925826289068 -1.63167799284224e-020
outer loop
vertex 136.35893213252 22.208551833935 49.355135465426
vertex 135.604808390589 22.1092695598197 16.355135465426
vertex 136.35893213252 22.208551833935 16.355135465426
endloop
endfacet
facet normal -1.8624219681902e-015 -1.0 -4.52642713719145e-020
outer loop
vertex 135.604808390589 22.1092695598197 16.355135465426
vertex 136.35893213252 22.208551833935 49.355135465426
vertex 135.604808390589 22.1092695598197 49.355135465426
endloop
endfacet
facet normal 0.500000000000003 -0.866025403784437 2.89474914435426e-020
outer loop
vertex 137.061663587688 22.4996327333716 49.355135465426
vertex 136.35893213252 22.208551833935 16.355135465426
vertex 137.061663587688 22.4996327333716 16.355135465426
endloop
endfacet
facet normal 0.258819045102521 -0.965925826289068 -1.63167799284224e-020
outer loop
vertex 136.35893213252 22.208551833935 16.355135465426
vertex 137.061663587688 22.4996327333716 49.355135465426
vertex 136.35893213252 22.208551833935 49.355135465426
endloop
endfacet
facet normal 0.707106781186543 -0.707106781186552 8.34973081756563e-032
outer loop
vertex 137.66511276874 22.9626755758667 49.355135465426
vertex 137.061663587688 22.4996327333716 16.355135465426
vertex 137.66511276874 22.9626755758667 16.355135465426
endloop
endfacet
facet normal 0.500000000000003 -0.866025403784437 2.89474914435426e-020
outer loop
vertex 137.061663587688 22.4996327333716 16.355135465426
vertex 137.66511276874 22.9626755758667 49.355135465426
vertex 137.061663587688 22.4996327333716 49.355135465426
endloop
endfacet
facet normal 0.866025403784438 -0.500000000000001 2.89474914435438e-020
outer loop
vertex 138.128155611235 23.5661247569189 16.355135465426
vertex 137.66511276874 22.9626755758667 49.355135465426
vertex 137.66511276874 22.9626755758667 16.355135465426
endloop
endfacet
facet normal 0.707106781186543 -0.707106781186552 8.34973081756563e-032
outer loop
vertex 137.66511276874 22.9626755758667 49.355135465426
vertex 138.128155611235 23.5661247569189 16.355135465426
vertex 138.128155611235 23.5661247569189 49.355135465426
endloop
endfacet
facet normal 0.96592582628907 -0.258819045102514 6.31535575750863e-021
outer loop
vertex 138.419236510672 24.2688562120865 16.355135465426
vertex 138.128155611235 23.5661247569189 49.355135465426
vertex 138.128155611235 23.5661247569189 16.355135465426
endloop
endfacet
facet normal 0.866025403784438 -0.500000000000001 2.89474914435438e-020
outer loop
vertex 138.128155611235 23.5661247569189 49.355135465426
vertex 138.419236510672 24.2688562120865 16.355135465426
vertex 138.419236510672 24.2688562120865 49.355135465426
endloop
endfacet
facet normal 1.0 1.45251091299045e-015 -2.38366175104314e-020
outer loop
vertex 138.518518784787 25.0229799540182 16.355135465426
vertex 138.419236510672 24.2688562120865 49.355135465426
vertex 138.419236510672 24.2688562120865 16.355135465426
endloop
endfacet
facet normal 0.96592582628907 -0.258819045102514 6.31535575750863e-021
outer loop
vertex 138.419236510672 24.2688562120865 49.355135465426
vertex 138.518518784787 25.0229799540182 16.355135465426
vertex 138.518518784787 25.0229799540182 49.355135465426
endloop
endfacet
facet normal 0.707106781186542 0.707106781186553 7.74615912838832e-020
outer loop
vertex 137.66511276874 27.0832843321697 16.355135465426
vertex 138.128155611235 26.4798351511175 49.355135465426
vertex 138.128155611235 26.4798351511175 16.355135465426
endloop
endfacet
facet normal 0.866025403784434 0.500000000000008 3.06702490257544e-019
outer loop
vertex 138.128155611235 26.4798351511175 49.355135465426
vertex 137.66511276874 27.0832843321697 16.355135465426
vertex 137.66511276874 27.0832843321697 49.355135465426
endloop
endfacet
facet normal 0.500000000000001 0.866025403784438 -2.29240898973617e-019
outer loop
vertex 137.061663587688 27.5463271746648 49.355135465426
vertex 137.66511276874 27.0832843321697 16.355135465426
vertex 137.061663587688 27.5463271746648 16.355135465426
endloop
endfacet
facet normal 0.707106781186542 0.707106781186553 7.74615912838832e-020
outer loop
vertex 137.66511276874 27.0832843321697 16.355135465426
vertex 137.061663587688 27.5463271746648 49.355135465426
vertex 137.66511276874 27.0832843321697 49.355135465426
endloop
endfacet
facet normal -0.0 -0.0 -1.0
outer loop
vertex 123.047772648831 28.387627540351 51.355135465426
vertex 123.047772648831 21.6583323676854 51.355135465426
vertex 122.604808390589 25.0229799540182 51.355135465426
endloop
endfacet
facet normal -0.0 -0.0 -1.0
outer loop
vertex 123.047772648831 21.6583323676854 51.355135465426
vertex 123.047772648831 28.387627540351 51.355135465426
vertex 124.346478141391 18.5229799540182 51.355135465426
endloop
endfacet
facet normal -0.0 -0.0 -1.0
outer loop
vertex 124.346478141391 18.5229799540182 51.355135465426
vertex 123.047772648831 28.387627540351 51.355135465426
vertex 124.346478141391 31.5229799540182 51.355135465426
endloop
endfacet
facet normal -0.0 -0.0 -1.0
outer loop
vertex 124.346478141391 18.5229799540182 51.355135465426
vertex 124.346478141391 31.5229799540182 51.355135465426
vertex 126.412420235163 34.2153681094433 51.355135465426
endloop
endfacet
facet normal -0.0 -0.0 -1.0
outer loop
vertex 124.346478141391 18.5229799540182 51.355135465426
vertex 126.412420235163 34.2153681094433 51.355135465426
vertex 126.412420235163 15.8305917985931 51.355135465426
endloop
endfacet
facet normal -0.0 -0.0 -1.0
outer loop
vertex 126.412420235163 15.8305917985931 51.355135465426
vertex 126.412420235163 34.2153681094433 51.355135465426
vertex 129.104808390589 36.2813102032159 51.355135465426
endloop
endfacet
facet normal -0.0 -0.0 -1.0
outer loop
vertex 126.412420235163 15.8305917985931 51.355135465426
vertex 129.104808390589 36.2813102032159 51.355135465426
vertex 129.104808390589 13.7646497048205 51.355135465426
endloop
endfacet
facet normal -0.0 -0.0 -1.0
outer loop
vertex 129.104808390589 13.7646497048205 51.355135465426
vertex 129.104808390589 36.2813102032159 51.355135465426
vertex 132.240160804256 12.4659442122603 51.355135465426
endloop
endfacet
facet normal -0.0 -0.0 -1.0
outer loop
vertex 132.240160804256 12.4659442122603 51.355135465426
vertex 129.104808390589 36.2813102032159 51.355135465426
vertex 132.240160804256 37.5800156957761 51.355135465426
endloop
endfacet
facet normal -0.0 -0.0 -1.0
outer loop
vertex 132.240160804256 12.4659442122603 51.355135465426
vertex 132.240160804256 37.5800156957761 51.355135465426
vertex 132.69109799639 25.0229799540182 51.355135465426
endloop
endfacet
facet normal -0.0 -0.0 -1.0
outer loop
vertex 132.69109799639 25.0229799540182 51.355135465426
vertex 132.240160804256 37.5800156957761 51.355135465426
vertex 132.790380270505 25.77710369595 51.355135465426
endloop
endfacet
facet normal -0.0 -0.0 -1.0
outer loop
vertex 132.790380270505 25.77710369595 51.355135465426
vertex 132.240160804256 37.5800156957761 51.355135465426
vertex 135.604808390589 38.0229799540182 51.355135465426
endloop
endfacet
facet normal -0.0 -0.0 -1.0
outer loop
vertex 132.790380270505 25.77710369595 51.355135465426
vertex 135.604808390589 38.0229799540182 51.355135465426
vertex 133.081461169942 26.4798351511174 51.355135465426
endloop
endfacet
facet normal -0.0 -0.0 -1.0
outer loop
vertex 133.081461169942 26.4798351511174 51.355135465426
vertex 135.604808390589 38.0229799540182 51.355135465426
vertex 133.544504012437 27.0832843321697 51.355135465426
endloop
endfacet
facet normal -0.0 -0.0 -1.0
outer loop
vertex 133.544504012437 27.0832843321697 51.355135465426
vertex 135.604808390589 38.0229799540182 51.355135465426
vertex 134.147953193489 27.5463271746648 51.355135465426
endloop
endfacet
facet normal -0.0 -0.0 -1.0
outer loop
vertex 134.147953193489 27.5463271746648 51.355135465426
vertex 135.604808390589 38.0229799540182 51.355135465426
vertex 134.850684648657 27.8374080741014 51.355135465426
endloop
endfacet
facet normal -0.0 -0.0 -1.0
outer loop
vertex 134.850684648657 27.8374080741014 51.355135465426
vertex 135.604808390589 38.0229799540182 51.355135465426
vertex 135.604808390589 27.9366903482167 51.355135465426
endloop
endfacet
facet normal -0.0 -0.0 -1.0
outer loop
vertex 135.604808390589 27.9366903482167 51.355135465426
vertex 135.604808390589 38.0229799540182 51.355135465426
vertex 138.969455976921 37.5800156957761 51.355135465426
endloop
endfacet
facet normal -0.0 -0.0 -1.0
outer loop
vertex 135.604808390589 27.9366903482167 51.355135465426
vertex 138.969455976921 37.5800156957761 51.355135465426
vertex 136.35893213252 27.8374080741014 51.355135465426
endloop
endfacet
facet normal -0.0 -0.0 -1.0
outer loop
vertex 136.35893213252 27.8374080741014 51.355135465426
vertex 138.969455976921 37.5800156957761 51.355135465426
vertex 137.061663587688 27.5463271746648 51.355135465426
endloop
endfacet
facet normal -0.0 -0.0 -1.0
outer loop
vertex 137.061663587688 27.5463271746648 51.355135465426
vertex 138.969455976921 37.5800156957761 51.355135465426
vertex 137.66511276874 27.0832843321697 51.355135465426
endloop
endfacet
facet normal -0.0 -0.0 -1.0
outer loop
vertex 137.66511276874 27.0832843321697 51.355135465426
vertex 138.969455976921 37.5800156957761 51.355135465426
vertex 138.128155611235 26.4798351511175 51.355135465426
endloop
endfacet
facet normal -0.0 -0.0 -1.0
outer loop
vertex 138.128155611235 26.4798351511175 51.355135465426
vertex 138.969455976921 37.5800156957761 51.355135465426
vertex 138.419236510672 25.7771036959499 51.355135465426
endloop
endfacet
facet normal -0.0 -0.0 -1.0
outer loop
vertex 138.419236510672 25.7771036959499 51.355135465426
vertex 138.969455976921 37.5800156957761 51.355135465426
vertex 138.518518784787 25.0229799540182 51.355135465426
endloop
endfacet
facet normal -0.0 -0.0 -1.0
outer loop
vertex 138.518518784787 25.0229799540182 51.355135465426
vertex 138.969455976921 37.5800156957761 51.355135465426
vertex 138.969455976921 12.4659442122603 51.355135465426
endloop
endfacet
facet normal -0.0 -0.0 -1.0
outer loop
vertex 138.969455976921 12.4659442122603 51.355135465426
vertex 138.969455976921 37.5800156957761 51.355135465426
vertex 142.104808390589 13.7646497048205 51.355135465426
endloop
endfacet
facet normal -0.0 -0.0 -1.0
outer loop
vertex 142.104808390589 13.7646497048205 51.355135465426
vertex 138.969455976921 37.5800156957761 51.355135465426
vertex 142.104808390589 36.2813102032159 51.355135465426
endloop
endfacet
facet normal -0.0 -0.0 -1.0
outer loop
vertex 142.104808390589 13.7646497048205 51.355135465426
vertex 142.104808390589 36.2813102032159 51.355135465426
vertex 144.797196546014 34.2153681094433 51.355135465426
endloop
endfacet
facet normal -0.0 -0.0 -1.0
outer loop
vertex 142.104808390589 13.7646497048205 51.355135465426
vertex 144.797196546014 34.2153681094433 51.355135465426
vertex 144.797196546014 15.8305917985931 51.355135465426
endloop
endfacet
facet normal -0.0 -0.0 -1.0
outer loop
vertex 144.797196546014 15.8305917985931 51.355135465426
vertex 144.797196546014 34.2153681094433 51.355135465426
vertex 146.863138639786 31.5229799540182 51.355135465426
endloop
endfacet
facet normal -0.0 -0.0 -1.0
outer loop
vertex 144.797196546014 15.8305917985931 51.355135465426
vertex 146.863138639786 31.5229799540182 51.355135465426
vertex 146.863138639786 18.5229799540182 51.355135465426
endloop
endfacet
facet normal -0.0 -0.0 -1.0
outer loop
vertex 146.863138639786 18.5229799540182 51.355135465426
vertex 146.863138639786 31.5229799540182 51.355135465426
vertex 148.161844132346 28.387627540351 51.355135465426
endloop
endfacet
facet normal -0.0 -0.0 -1.0
outer loop
vertex 146.863138639786 18.5229799540182 51.355135465426
vertex 148.161844132346 28.387627540351 51.355135465426
vertex 148.161844132346 21.6583323676854 51.355135465426
endloop
endfacet
facet normal -0.0 -0.0 -1.0
outer loop
vertex 148.161844132346 21.6583323676854 51.355135465426
vertex 148.161844132346 28.387627540351 51.355135465426
vertex 148.604808390589 25.0229799540182 51.355135465426
endloop
endfacet
facet normal -0.0 -0.0 -1.0
outer loop
vertex 132.240160804256 12.4659442122603 51.355135465426
vertex 132.790380270505 24.2688562120865 51.355135465426
vertex 135.604808390589 12.0229799540182 51.355135465426
endloop
endfacet
facet normal -0.0 -0.0 -1.0
outer loop
vertex 132.790380270505 24.2688562120865 51.355135465426
vertex 132.240160804256 12.4659442122603 51.355135465426
vertex 132.69109799639 25.0229799540182 51.355135465426
endloop
endfacet
facet normal -0.0 -0.0 -1.0
outer loop
vertex 135.604808390589 12.0229799540182 51.355135465426
vertex 132.790380270505 24.2688562120865 51.355135465426
vertex 133.081461169942 23.566124756919 51.355135465426
endloop
endfacet
facet normal -0.0 -0.0 -1.0
outer loop
vertex 135.604808390589 12.0229799540182 51.355135465426
vertex 133.081461169942 23.566124756919 51.355135465426
vertex 133.544504012437 22.9626755758667 51.355135465426
endloop
endfacet
facet normal -0.0 -0.0 -1.0
outer loop
vertex 135.604808390589 12.0229799540182 51.355135465426
vertex 133.544504012437 22.9626755758667 51.355135465426
vertex 134.147953193489 22.4996327333716 51.355135465426
endloop
endfacet
facet normal -0.0 -0.0 -1.0
outer loop
vertex 135.604808390589 12.0229799540182 51.355135465426
vertex 134.147953193489 22.4996327333716 51.355135465426
vertex 134.850684648657 22.208551833935 51.355135465426
endloop
endfacet
facet normal -0.0 -0.0 -1.0
outer loop
vertex 135.604808390589 12.0229799540182 51.355135465426
vertex 134.850684648657 22.208551833935 51.355135465426
vertex 135.604808390589 22.1092695598197 51.355135465426
endloop
endfacet
facet normal -0.0 -0.0 -1.0
outer loop
vertex 135.604808390589 12.0229799540182 51.355135465426
vertex 135.604808390589 22.1092695598197 51.355135465426
vertex 136.35893213252 22.208551833935 51.355135465426
endloop
endfacet
facet normal -0.0 -0.0 -1.0
outer loop
vertex 135.604808390589 12.0229799540182 51.355135465426
vertex 136.35893213252 22.208551833935 51.355135465426
vertex 138.969455976921 12.4659442122603 51.355135465426
endloop
endfacet
facet normal -0.0 -0.0 -1.0
outer loop
vertex 138.969455976921 12.4659442122603 51.355135465426
vertex 136.35893213252 22.208551833935 51.355135465426
vertex 137.061663587688 22.4996327333716 51.355135465426
endloop
endfacet
facet normal -0.0 -0.0 -1.0
outer loop
vertex 138.969455976921 12.4659442122603 51.355135465426
vertex 137.061663587688 22.4996327333716 51.355135465426
vertex 137.66511276874 22.9626755758667 51.355135465426
endloop
endfacet
facet normal -0.0 -0.0 -1.0
outer loop
vertex 138.969455976921 12.4659442122603 51.355135465426
vertex 137.66511276874 22.9626755758667 51.355135465426
vertex 138.128155611235 23.5661247569189 51.355135465426
endloop
endfacet
facet normal -0.0 -0.0 -1.0
outer loop
vertex 138.969455976921 12.4659442122603 51.355135465426
vertex 138.128155611235 23.5661247569189 51.355135465426
vertex 138.419236510672 24.2688562120865 51.355135465426
endloop
endfacet
facet normal -0.0 -0.0 -1.0
outer loop
vertex 138.969455976921 12.4659442122603 51.355135465426
vertex 138.419236510672 24.2688562120865 51.355135465426
vertex 138.518518784787 25.0229799540182 51.355135465426
endloop
endfacet
facet normal 0.0 0.0 -1.0
outer loop
vertex 123.047772648831 28.387627540351 49.355135465426
vertex 123.047772648831 21.6583323676854 49.355135465426
vertex 122.604808390589 25.0229799540182 49.355135465426
endloop
endfacet
facet normal 0.0 0.0 -1.0
outer loop
vertex 123.047772648831 21.6583323676854 49.355135465426
vertex 123.047772648831 28.387627540351 49.355135465426
vertex 124.346478141391 18.5229799540182 49.355135465426
endloop
endfacet
facet normal 0.0 0.0 -1.0
outer loop
vertex 124.346478141391 18.5229799540182 49.355135465426
vertex 123.047772648831 28.387627540351 49.355135465426
vertex 124.346478141391 31.5229799540182 49.355135465426
endloop
endfacet
facet normal 0.0 0.0 -1.0
outer loop
vertex 124.346478141391 18.5229799540182 49.355135465426
vertex 124.346478141391 31.5229799540182 49.355135465426
vertex 126.412420235163 34.2153681094433 49.355135465426
endloop
endfacet
facet normal 0.0 0.0 -1.0
outer loop
vertex 124.346478141391 18.5229799540182 49.355135465426
vertex 126.412420235163 34.2153681094433 49.355135465426
vertex 126.412420235163 15.8305917985931 49.355135465426
endloop
endfacet
facet normal 0.0 0.0 -1.0
outer loop
vertex 126.412420235163 15.8305917985931 49.355135465426
vertex 126.412420235163 34.2153681094433 49.355135465426
vertex 129.104808390589 36.2813102032159 49.355135465426
endloop
endfacet
facet normal 0.0 0.0 -1.0
outer loop
vertex 126.412420235163 15.8305917985931 49.355135465426
vertex 129.104808390589 36.2813102032159 49.355135465426
vertex 129.104808390589 13.7646497048205 49.355135465426
endloop
endfacet
facet normal 0.0 0.0 -1.0
outer loop
vertex 129.104808390589 13.7646497048205 49.355135465426
vertex 129.104808390589 36.2813102032159 49.355135465426
vertex 132.240160804256 12.4659442122603 49.355135465426
endloop
endfacet
facet normal 0.0 0.0 -1.0
outer loop
vertex 132.240160804256 12.4659442122603 49.355135465426
vertex 129.104808390589 36.2813102032159 49.355135465426
vertex 132.240160804256 37.5800156957761 49.355135465426
endloop
endfacet
facet normal 0.0 0.0 -1.0
outer loop
vertex 132.240160804256 12.4659442122603 49.355135465426
vertex 132.240160804256 37.5800156957761 49.355135465426
vertex 132.69109799639 25.0229799540182 49.355135465426
endloop
endfacet
facet normal 0.0 0.0 -1.0
outer loop
vertex 132.69109799639 25.0229799540182 49.355135465426
vertex 132.240160804256 37.5800156957761 49.355135465426
vertex 132.790380270505 25.77710369595 49.355135465426
endloop
endfacet
facet normal 0.0 0.0 -1.0
outer loop
vertex 132.790380270505 25.77710369595 49.355135465426
vertex 132.240160804256 37.5800156957761 49.355135465426
vertex 135.604808390589 38.0229799540182 49.355135465426
endloop
endfacet
facet normal 0.0 0.0 -1.0
outer loop
vertex 132.790380270505 25.77710369595 49.355135465426
vertex 135.604808390589 38.0229799540182 49.355135465426
vertex 133.081461169942 26.4798351511174 49.355135465426
endloop
endfacet
facet normal 0.0 0.0 -1.0
outer loop
vertex 133.081461169942 26.4798351511174 49.355135465426
vertex 135.604808390589 38.0229799540182 49.355135465426
vertex 133.544504012437 27.0832843321697 49.355135465426
endloop
endfacet
facet normal 0.0 0.0 -1.0
outer loop
vertex 133.544504012437 27.0832843321697 49.355135465426
vertex 135.604808390589 38.0229799540182 49.355135465426
vertex 134.147953193489 27.5463271746648 49.355135465426
endloop
endfacet
facet normal 0.0 0.0 -1.0
outer loop
vertex 134.147953193489 27.5463271746648 49.355135465426
vertex 135.604808390589 38.0229799540182 49.355135465426
vertex 134.850684648657 27.8374080741014 49.355135465426
endloop
endfacet
facet normal 0.0 0.0 -1.0
outer loop
vertex 134.850684648657 27.8374080741014 49.355135465426
vertex 135.604808390589 38.0229799540182 49.355135465426
vertex 135.604808390589 27.9366903482167 49.355135465426
endloop
endfacet
facet normal 0.0 0.0 -1.0
outer loop
vertex 135.604808390589 27.9366903482167 49.355135465426
vertex 135.604808390589 38.0229799540182 49.355135465426
vertex 138.969455976921 37.5800156957761 49.355135465426
endloop
endfacet
facet normal 0.0 0.0 -1.0
outer loop
vertex 135.604808390589 27.9366903482167 49.355135465426
vertex 138.969455976921 37.5800156957761 49.355135465426
vertex 136.35893213252 27.8374080741014 49.355135465426
endloop
endfacet
facet normal 0.0 0.0 -1.0
outer loop
vertex 136.35893213252 27.8374080741014 49.355135465426
vertex 138.969455976921 37.5800156957761 49.355135465426
vertex 137.061663587688 27.5463271746648 49.355135465426
endloop
endfacet
facet normal 0.0 0.0 -1.0
outer loop
vertex 137.061663587688 27.5463271746648 49.355135465426
vertex 138.969455976921 37.5800156957761 49.355135465426
vertex 137.66511276874 27.0832843321697 49.355135465426
endloop
endfacet
facet normal 0.0 0.0 -1.0
outer loop
vertex 137.66511276874 27.0832843321697 49.355135465426
vertex 138.969455976921 37.5800156957761 49.355135465426
vertex 138.128155611235 26.4798351511175 49.355135465426
endloop
endfacet
facet normal 0.0 0.0 -1.0
outer loop
vertex 138.128155611235 26.4798351511175 49.355135465426
vertex 138.969455976921 37.5800156957761 49.355135465426
vertex 138.419236510672 25.7771036959499 49.355135465426
endloop
endfacet
facet normal 0.0 0.0 -1.0
outer loop
vertex 138.419236510672 25.7771036959499 49.355135465426
vertex 138.969455976921 37.5800156957761 49.355135465426
vertex 138.518518784787 25.0229799540182 49.355135465426
endloop
endfacet
facet normal 0.0 0.0 -1.0
outer loop
vertex 138.518518784787 25.0229799540182 49.355135465426
vertex 138.969455976921 37.5800156957761 49.355135465426
vertex 138.969455976921 12.4659442122603 49.355135465426
endloop
endfacet
facet normal 0.0 0.0 -1.0
outer loop
vertex 138.969455976921 12.4659442122603 49.355135465426
vertex 138.969455976921 37.5800156957761 49.355135465426
vertex 142.104808390589 13.7646497048205 49.355135465426
endloop
endfacet
facet normal 0.0 0.0 -1.0
outer loop
vertex 142.104808390589 13.7646497048205 49.355135465426
vertex 138.969455976921 37.5800156957761 49.355135465426
vertex 142.104808390589 36.2813102032159 49.355135465426
endloop
endfacet
facet normal 0.0 0.0 -1.0
outer loop
vertex 142.104808390589 13.7646497048205 49.355135465426
vertex 142.104808390589 36.2813102032159 49.355135465426
vertex 144.797196546014 34.2153681094433 49.355135465426
endloop
endfacet
facet normal 0.0 0.0 -1.0
outer loop
vertex 142.104808390589 13.7646497048205 49.355135465426
vertex 144.797196546014 34.2153681094433 49.355135465426
vertex 144.797196546014 15.8305917985931 49.355135465426
endloop
endfacet
facet normal 0.0 0.0 -1.0
outer loop
vertex 144.797196546014 15.8305917985931 49.355135465426
vertex 144.797196546014 34.2153681094433 49.355135465426
vertex 146.863138639786 31.5229799540182 49.355135465426
endloop
endfacet
facet normal 0.0 0.0 -1.0
outer loop
vertex 144.797196546014 15.8305917985931 49.355135465426
vertex 146.863138639786 31.5229799540182 49.355135465426
vertex 146.863138639786 18.5229799540182 49.355135465426
endloop
endfacet
facet normal 0.0 0.0 -1.0
outer loop
vertex 146.863138639786 18.5229799540182 49.355135465426
vertex 146.863138639786 31.5229799540182 49.355135465426
vertex 148.161844132346 28.387627540351 49.355135465426
endloop
endfacet
facet normal 0.0 0.0 -1.0
outer loop
vertex 146.863138639786 18.5229799540182 49.355135465426
vertex 148.161844132346 28.387627540351 49.355135465426
vertex 148.161844132346 21.6583323676854 49.355135465426
endloop
endfacet
facet normal 0.0 0.0 -1.0
outer loop
vertex 148.161844132346 21.6583323676854 49.355135465426
vertex 148.161844132346 28.387627540351 49.355135465426
vertex 148.604808390589 25.0229799540182 49.355135465426
endloop
endfacet
facet normal 0.0 0.0 -1.0
outer loop
vertex 132.240160804256 12.4659442122603 49.355135465426
vertex 132.790380270505 24.2688562120865 49.355135465426
vertex 135.604808390589 12.0229799540182 49.355135465426
endloop
endfacet
facet normal 0.0 0.0 -1.0
outer loop
vertex 132.790380270505 24.2688562120865 49.355135465426
vertex 132.240160804256 12.4659442122603 49.355135465426
vertex 132.69109799639 25.0229799540182 49.355135465426
endloop
endfacet
facet normal 0.0 0.0 -1.0
outer loop
vertex 135.604808390589 12.0229799540182 49.355135465426
vertex 132.790380270505 24.2688562120865 49.355135465426
vertex 133.081461169942 23.566124756919 49.355135465426
endloop
endfacet
facet normal 0.0 0.0 -1.0
outer loop
vertex 135.604808390589 12.0229799540182 49.355135465426
vertex 133.081461169942 23.566124756919 49.355135465426
vertex 133.544504012437 22.9626755758667 49.355135465426
endloop
endfacet
facet normal 0.0 0.0 -1.0
outer loop
vertex 135.604808390589 12.0229799540182 49.355135465426
vertex 133.544504012437 22.9626755758667 49.355135465426
vertex 134.147953193489 22.4996327333716 49.355135465426
endloop
endfacet
facet normal 0.0 0.0 -1.0
outer loop
vertex 135.604808390589 12.0229799540182 49.355135465426
vertex 134.147953193489 22.4996327333716 49.355135465426
vertex 134.850684648657 22.208551833935 49.355135465426
endloop
endfacet
facet normal 0.0 0.0 -1.0
outer loop
vertex 135.604808390589 12.0229799540182 49.355135465426
vertex 134.850684648657 22.208551833935 49.355135465426
vertex 135.604808390589 22.1092695598197 49.355135465426
endloop
endfacet
facet normal 0.0 0.0 -1.0
outer loop
vertex 135.604808390589 12.0229799540182 49.355135465426
vertex 135.604808390589 22.1092695598197 49.355135465426
vertex 136.35893213252 22.208551833935 49.355135465426
endloop
endfacet
facet normal 0.0 0.0 -1.0
outer loop
vertex 135.604808390589 12.0229799540182 49.355135465426
vertex 136.35893213252 22.208551833935 49.355135465426
vertex 138.969455976921 12.4659442122603 49.355135465426
endloop
endfacet
facet normal 0.0 0.0 -1.0
outer loop
vertex 138.969455976921 12.4659442122603 49.355135465426
vertex 136.35893213252 22.208551833935 49.355135465426
vertex 137.061663587688 22.4996327333716 49.355135465426
endloop
endfacet
facet normal 0.0 0.0 -1.0
outer loop
vertex 138.969455976921 12.4659442122603 49.355135465426
vertex 137.061663587688 22.4996327333716 49.355135465426
vertex 137.66511276874 22.9626755758667 49.355135465426
endloop
endfacet
facet normal 0.0 0.0 -1.0
outer loop
vertex 138.969455976921 12.4659442122603 49.355135465426
vertex 137.66511276874 22.9626755758667 49.355135465426
vertex 138.128155611235 23.5661247569189 49.355135465426
endloop
endfacet
facet normal 0.0 0.0 -1.0
outer loop
vertex 138.969455976921 12.4659442122603 49.355135465426
vertex 138.128155611235 23.5661247569189 49.355135465426
vertex 138.419236510672 24.2688562120865 49.355135465426
endloop
endfacet
facet normal 0.0 0.0 -1.0
outer loop
vertex 138.969455976921 12.4659442122603 49.355135465426
vertex 138.419236510672 24.2688562120865 49.355135465426
vertex 138.518518784787 25.0229799540182 49.355135465426
endloop
endfacet
facet normal -0.866025403784439 -0.499999999999999 -1.53471943052789e-030
outer loop
vertex 146.863138639786 31.5229799540182 51.355135465426
vertex 148.161844132346 28.387627540351 49.355135465426
vertex 148.161844132346 28.387627540351 51.355135465426
endloop
endfacet
facet normal -0.965925826289069 -0.258819045102521 -1.01125521323765e-030
outer loop
vertex 148.161844132346 28.387627540351 49.355135465426
vertex 146.863138639786 31.5229799540182 51.355135465426
vertex 146.863138639786 31.5229799540182 49.355135465426
endloop
endfacet
facet normal -0.965925826289069 -0.258819045102521 -1.01125521323765e-030
outer loop
vertex 148.161844132346 28.387627540351 51.355135465426
vertex 148.604808390589 25.0229799540182 49.355135465426
vertex 148.604808390589 25.0229799540182 51.355135465426
endloop
endfacet
facet normal -1.0 -2.40599967182466e-016 -3.12853796334839e-029
outer loop
vertex 148.604808390589 25.0229799540182 49.355135465426
vertex 148.161844132346 28.387627540351 51.355135465426
vertex 148.161844132346 28.387627540351 49.355135465426
endloop
endfacet
facet normal -1.0 -2.40599967182466e-016 -3.12853796334839e-029
outer loop
vertex 148.604808390589 25.0229799540182 51.355135465426
vertex 148.161844132346 21.6583323676854 49.355135465426
vertex 148.161844132346 21.6583323676854 51.355135465426
endloop
endfacet
facet normal -0.965925826289068 0.258819045102521 -3.18088438507742e-029
outer loop
vertex 148.161844132346 21.6583323676854 49.355135465426
vertex 148.604808390589 25.0229799540182 51.355135465426
vertex 148.604808390589 25.0229799540182 49.355135465426
endloop
endfacet
facet normal -0.965925826289068 0.258819045102521 -3.18088438507742e-029
outer loop
vertex 148.161844132346 21.6583323676854 51.355135465426
vertex 146.863138639786 18.5229799540182 49.355135465426
vertex 146.863138639786 18.5229799540182 51.355135465426
endloop
endfacet
facet normal -0.866025403784439 0.5 0.0
outer loop
vertex 146.863138639786 18.5229799540182 49.355135465426
vertex 148.161844132346 21.6583323676854 51.355135465426
vertex 148.161844132346 21.6583323676854 49.355135465426
endloop
endfacet
facet normal -0.866025403784439 0.5 0.0
outer loop
vertex 146.863138639786 18.5229799540182 51.355135465426
vertex 144.797196546014 15.8305917985931 49.355135465426
vertex 144.797196546014 15.8305917985931 51.355135465426
endloop
endfacet
facet normal -0.707106781186547 0.707106781186548 1.59083812316387e-030
outer loop
vertex 144.797196546014 15.8305917985931 49.355135465426
vertex 146.863138639786 18.5229799540182 51.355135465426
vertex 146.863138639786 18.5229799540182 49.355135465426
endloop
endfacet
facet normal -0.499999999999998 0.86602540378444 1.59083812316387e-030
outer loop
vertex 142.104808390589 13.7646497048205 51.355135465426
vertex 144.797196546014 15.8305917985931 49.355135465426
vertex 142.104808390589 13.7646497048205 49.355135465426
endloop
endfacet
facet normal -0.707106781186547 0.707106781186548 1.59083812316387e-030
outer loop
vertex 144.797196546014 15.8305917985931 49.355135465426
vertex 142.104808390589 13.7646497048205 51.355135465426
vertex 144.797196546014 15.8305917985931 51.355135465426
endloop
endfacet
facet normal -0.258819045102519 0.965925826289069 -4.37177421000665e-018
outer loop
vertex 138.969455976921 12.4659442122603 51.355135465426
vertex 142.104808390589 13.7646497048205 49.355135465426
vertex 138.969455976921 12.4659442122603 49.355135465426
endloop
endfacet
facet normal -0.499999999999998 0.86602540378444 1.59083812316387e-030
outer loop
vertex 142.104808390589 13.7646497048205 49.355135465426
vertex 138.969455976921 12.4659442122603 51.355135465426
vertex 142.104808390589 13.7646497048205 51.355135465426
endloop
endfacet
facet normal 6.14866582799636e-016 1.0 -2.98382512534346e-030
outer loop
vertex 135.604808390589 12.0229799540182 51.355135465426
vertex 138.969455976921 12.4659442122603 49.355135465426
vertex 135.604808390589 12.0229799540182 49.355135465426
endloop
endfacet
facet normal -0.258819045102519 0.965925826289069 -4.37177421000665e-018
outer loop
vertex 138.969455976921 12.4659442122603 49.355135465426
vertex 135.604808390589 12.0229799540182 51.355135465426
vertex 138.969455976921 12.4659442122603 51.355135465426
endloop
endfacet
facet normal 0.25881904510252 0.965925826289068 4.37177421000274e-018
outer loop
vertex 132.240160804256 12.4659442122603 51.355135465426
vertex 135.604808390589 12.0229799540182 49.355135465426
vertex 132.240160804256 12.4659442122603 49.355135465426
endloop
endfacet
facet normal 6.14866582799636e-016 1.0 -2.98382512534346e-030
outer loop
vertex 135.604808390589 12.0229799540182 49.355135465426
vertex 132.240160804256 12.4659442122603 51.355135465426
vertex 135.604808390589 12.0229799540182 51.355135465426
endloop
endfacet
facet normal 0.500000000000002 0.866025403784438 -9.26285115904496e-031
outer loop
vertex 129.104808390589 13.7646497048205 51.355135465426
vertex 132.240160804256 12.4659442122603 49.355135465426
vertex 129.104808390589 13.7646497048205 49.355135465426
endloop
endfacet
facet normal 0.25881904510252 0.965925826289068 4.37177421000274e-018
outer loop
vertex 132.240160804256 12.4659442122603 49.355135465426
vertex 129.104808390589 13.7646497048205 51.355135465426
vertex 132.240160804256 12.4659442122603 51.355135465426
endloop
endfacet
facet normal 0.70710678118655 0.707106781186545 0.0
outer loop
vertex 126.412420235163 15.8305917985931 51.355135465426
vertex 129.104808390589 13.7646497048205 49.355135465426
vertex 126.412420235163 15.8305917985931 49.355135465426
endloop
endfacet
facet normal 0.500000000000002 0.866025403784438 -9.26285115904496e-031
outer loop
vertex 129.104808390589 13.7646497048205 49.355135465426
vertex 126.412420235163 15.8305917985931 51.355135465426
vertex 129.104808390589 13.7646497048205 51.355135465426
endloop
endfacet
facet normal 0.866025403784438 0.500000000000002 1.40532021392079e-029
outer loop
vertex 124.346478141391 18.5229799540182 49.355135465426
vertex 126.412420235163 15.8305917985931 51.355135465426
vertex 126.412420235163 15.8305917985931 49.355135465426
endloop
endfacet
facet normal 0.70710678118655 0.707106781186545 0.0
outer loop
vertex 126.412420235163 15.8305917985931 51.355135465426
vertex 124.346478141391 18.5229799540182 49.355135465426
vertex 124.346478141391 18.5229799540182 51.355135465426
endloop
endfacet
facet normal 0.965925826289068 0.25881904510252 -1.85121978617918e-030
outer loop
vertex 123.047772648831 21.6583323676854 49.355135465426
vertex 124.346478141391 18.5229799540182 51.355135465426
vertex 124.346478141391 18.5229799540182 49.355135465426
endloop
endfacet
facet normal 0.866025403784438 0.500000000000002 1.40532021392079e-029
outer loop
vertex 124.346478141391 18.5229799540182 51.355135465426
vertex 123.047772648831 21.6583323676854 49.355135465426
vertex 123.047772648831 21.6583323676854 51.355135465426
endloop
endfacet
facet normal 1.0 -3.24364400201547e-015 -1.5642689816742e-029
outer loop
vertex 122.604808390589 25.0229799540182 49.355135465426
vertex 123.047772648831 21.6583323676854 51.355135465426
vertex 123.047772648831 21.6583323676854 49.355135465426
endloop
endfacet
facet normal 0.965925826289068 0.25881904510252 -1.85121978617918e-030
outer loop
vertex 123.047772648831 21.6583323676854 51.355135465426
vertex 122.604808390589 25.0229799540182 49.355135465426
vertex 122.604808390589 25.0229799540182 51.355135465426
endloop
endfacet
facet normal 0.965925826289069 -0.25881904510252 1.79645153917302e-030
outer loop
vertex 123.047772648831 28.387627540351 49.355135465426
vertex 122.604808390589 25.0229799540182 51.355135465426
vertex 122.604808390589 25.0229799540182 49.355135465426
endloop
endfacet
facet normal 1.0 -3.24364400201547e-015 -1.5642689816742e-029
outer loop
vertex 122.604808390589 25.0229799540182 51.355135465426
vertex 123.047772648831 28.387627540351 49.355135465426
vertex 123.047772648831 28.387627540351 51.355135465426
endloop
endfacet
facet normal 0.866025403784439 -0.5 -9.06666620290979e-031
outer loop
vertex 124.346478141391 31.5229799540182 49.355135465426
vertex 123.047772648831 28.387627540351 51.355135465426
vertex 123.047772648831 28.387627540351 49.355135465426
endloop
endfacet
facet normal 0.965925826289069 -0.25881904510252 1.79645153917302e-030
outer loop
vertex 123.047772648831 28.387627540351 51.355135465426
vertex 124.346478141391 31.5229799540182 49.355135465426
vertex 124.346478141391 31.5229799540182 51.355135465426
endloop
endfacet
facet normal 0.707106781186548 -0.707106781186547 7.32415815245663e-030
outer loop
vertex 126.412420235163 34.2153681094433 49.355135465426
vertex 124.346478141391 31.5229799540182 51.355135465426
vertex 124.346478141391 31.5229799540182 49.355135465426
endloop
endfacet
facet normal 0.866025403784439 -0.5 -9.06666620290979e-031
outer loop
vertex 124.346478141391 31.5229799540182 51.355135465426
vertex 126.412420235163 34.2153681094433 49.355135465426
vertex 126.412420235163 34.2153681094433 51.355135465426
endloop
endfacet
facet normal 0.500000000000001 -0.866025403784438 1.96095623890051e-029
outer loop
vertex 129.104808390589 36.2813102032159 51.355135465426
vertex 126.412420235163 34.2153681094433 49.355135465426
vertex 129.104808390589 36.2813102032159 49.355135465426
endloop
endfacet
facet normal 0.707106781186548 -0.707106781186547 7.32415815245663e-030
outer loop
vertex 126.412420235163 34.2153681094433 49.355135465426
vertex 129.104808390589 36.2813102032159 51.355135465426
vertex 126.412420235163 34.2153681094433 51.355135465426
endloop
endfacet
facet normal 0.258819045102521 -0.965925826289068 1.38201236670764e-029
outer loop
vertex 132.240160804256 37.5800156957761 51.355135465426
vertex 129.104808390589 36.2813102032159 49.355135465426
vertex 132.240160804256 37.5800156957761 49.355135465426
endloop
endfacet
facet normal 0.500000000000001 -0.866025403784438 1.96095623890051e-029
outer loop
vertex 129.104808390589 36.2813102032159 49.355135465426
vertex 132.240160804256 37.5800156957761 51.355135465426
vertex 129.104808390589 36.2813102032159 51.355135465426
endloop
endfacet
facet normal 4.18822165095405e-016 -1.0 1.00460678318545e-029
outer loop
vertex 135.604808390589 38.0229799540182 51.355135465426
vertex 132.240160804256 37.5800156957761 49.355135465426
vertex 135.604808390589 38.0229799540182 49.355135465426
endloop
endfacet
facet normal 0.258819045102521 -0.965925826289068 1.38201236670764e-029
outer loop
vertex 132.240160804256 37.5800156957761 49.355135465426
vertex 135.604808390589 38.0229799540182 51.355135465426
vertex 132.240160804256 37.5800156957761 51.355135465426
endloop
endfacet
facet normal -0.25881904510252 -0.965925826289068 3.63622509201409e-030
outer loop
vertex 138.969455976921 37.5800156957761 51.355135465426
vertex 135.604808390589 38.0229799540182 49.355135465426
vertex 138.969455976921 37.5800156957761 49.355135465426
endloop
endfacet
facet normal 4.18822165095405e-016 -1.0 1.00460678318545e-029
outer loop
vertex 135.604808390589 38.0229799540182 49.355135465426
vertex 138.969455976921 37.5800156957761 51.355135465426
vertex 135.604808390589 38.0229799540182 51.355135465426
endloop
endfacet
facet normal -0.499999999999999 -0.866025403784439 -2.43373725849363e-030
outer loop
vertex 142.104808390589 36.2813102032159 51.355135465426
vertex 138.969455976921 37.5800156957761 49.355135465426
vertex 142.104808390589 36.2813102032159 49.355135465426
endloop
endfacet
facet normal -0.25881904510252 -0.965925826289068 3.63622509201409e-030
outer loop
vertex 138.969455976921 37.5800156957761 49.355135465426
vertex 142.104808390589 36.2813102032159 51.355135465426
vertex 138.969455976921 37.5800156957761 51.355135465426
endloop
endfacet
facet normal -0.707106781186547 -0.707106781186548 0.0
outer loop
vertex 144.797196546014 34.2153681094433 51.355135465426
vertex 142.104808390589 36.2813102032159 49.355135465426
vertex 144.797196546014 34.2153681094433 49.355135465426
endloop
endfacet
facet normal -0.499999999999999 -0.866025403784439 -2.43373725849363e-030
outer loop
vertex 142.104808390589 36.2813102032159 49.355135465426
vertex 144.797196546014 34.2153681094433 51.355135465426
vertex 142.104808390589 36.2813102032159 51.355135465426
endloop
endfacet
facet normal -0.707106781186547 -0.707106781186548 0.0
outer loop
vertex 144.797196546014 34.2153681094433 51.355135465426
vertex 146.863138639786 31.5229799540182 49.355135465426
vertex 146.863138639786 31.5229799540182 51.355135465426
endloop
endfacet
facet normal -0.866025403784439 -0.499999999999999 -1.53471943052789e-030
outer loop
vertex 146.863138639786 31.5229799540182 49.355135465426
vertex 144.797196546014 34.2153681094433 51.355135465426
vertex 144.797196546014 34.2153681094433 49.355135465426
endloop
endfacet
facet normal 0.0 1.0 0.0
outer loop
vertex 135.604808390589 27.9366903482167 51.355135465426
vertex 136.35893213252 27.8374080741014 49.355135465426
vertex 135.604808390589 27.9366903482167 49.355135465426
endloop
endfacet
facet normal 0.25881904510252 0.965925826289069 -3.70514046361798e-030
outer loop
vertex 136.35893213252 27.8374080741014 49.355135465426
vertex 135.604808390589 27.9366903482167 51.355135465426
vertex 136.35893213252 27.8374080741014 51.355135465426
endloop
endfacet
facet normal -0.258819045102523 0.965925826289068 0.0
outer loop
vertex 134.850684648657 27.8374080741014 51.355135465426
vertex 135.604808390589 27.9366903482167 49.355135465426
vertex 134.850684648657 27.8374080741014 49.355135465426
endloop
endfacet
facet normal 0.0 1.0 0.0
outer loop
vertex 135.604808390589 27.9366903482167 49.355135465426
vertex 134.850684648657 27.8374080741014 51.355135465426
vertex 135.604808390589 27.9366903482167 51.355135465426
endloop
endfacet
facet normal -0.500000000000001 0.866025403784438 0.0
outer loop
vertex 134.147953193489 27.5463271746648 51.355135465426
vertex 134.850684648657 27.8374080741014 49.355135465426
vertex 134.147953193489 27.5463271746648 49.355135465426
endloop
endfacet
facet normal -0.258819045102523 0.965925826289068 0.0
outer loop
vertex 134.850684648657 27.8374080741014 49.355135465426
vertex 134.147953193489 27.5463271746648 51.355135465426
vertex 134.850684648657 27.8374080741014 51.355135465426
endloop
endfacet
facet normal -0.707106781186554 0.707106781186541 0.0
outer loop
vertex 133.544504012437 27.0832843321697 51.355135465426
vertex 134.147953193489 27.5463271746648 49.355135465426
vertex 133.544504012437 27.0832843321697 49.355135465426
endloop
endfacet
facet normal -0.500000000000001 0.866025403784438 0.0
outer loop
vertex 134.147953193489 27.5463271746648 49.355135465426
vertex 133.544504012437 27.0832843321697 51.355135465426
vertex 134.147953193489 27.5463271746648 51.355135465426
endloop
endfacet
facet normal -0.707106781186554 0.707106781186541 0.0
outer loop
vertex 133.544504012437 27.0832843321697 51.355135465426
vertex 133.081461169942 26.4798351511174 49.355135465426
vertex 133.081461169942 26.4798351511174 51.355135465426
endloop
endfacet
facet normal -0.866025403784437 0.500000000000003 -1.48205618544717e-029
outer loop
vertex 133.081461169942 26.4798351511174 49.355135465426
vertex 133.544504012437 27.0832843321697 51.355135465426
vertex 133.544504012437 27.0832843321697 49.355135465426
endloop
endfacet
facet normal -0.866025403784437 0.500000000000003 -1.48205618544717e-029
outer loop
vertex 133.081461169942 26.4798351511174 51.355135465426
vertex 132.790380270505 25.77710369595 49.355135465426
vertex 132.790380270505 25.77710369595 51.355135465426
endloop
endfacet
facet normal -0.965925826289066 0.25881904510253 -1.15110998730176e-018
outer loop
vertex 132.790380270505 25.77710369595 49.355135465426
vertex 133.081461169942 26.4798351511174 51.355135465426
vertex 133.081461169942 26.4798351511174 49.355135465426
endloop
endfacet
facet normal -0.965925826289066 0.25881904510253 -1.15110998730176e-018
outer loop
vertex 132.790380270505 25.77710369595 51.355135465426
vertex 132.69109799639 25.0229799540182 49.355135465426
vertex 132.69109799639 25.0229799540182 51.355135465426
endloop
endfacet
facet normal -1.0 6.94175460870893e-015 -2.30221997455784e-018
outer loop
vertex 132.69109799639 25.0229799540182 49.355135465426
vertex 132.790380270505 25.77710369595 51.355135465426
vertex 132.790380270505 25.77710369595 49.355135465426
endloop
endfacet
facet normal -1.0 6.94175460870893e-015 -2.30221997455784e-018
outer loop
vertex 132.69109799639 25.0229799540182 51.355135465426
vertex 132.790380270505 24.2688562120865 49.355135465426
vertex 132.790380270505 24.2688562120865 51.355135465426
endloop
endfacet
facet normal -0.965925826289069 -0.258819045102519 -1.15110998725609e-018
outer loop
vertex 132.790380270505 24.2688562120865 49.355135465426
vertex 132.69109799639 25.0229799540182 51.355135465426
vertex 132.69109799639 25.0229799540182 49.355135465426
endloop
endfacet
facet normal -0.965925826289069 -0.258819045102519 -1.15110998725609e-018
outer loop
vertex 132.790380270505 24.2688562120865 51.355135465426
vertex 133.081461169942 23.566124756919 49.355135465426
vertex 133.081461169942 23.566124756919 51.355135465426
endloop
endfacet
facet normal -0.866025403784432 -0.500000000000012 1.48205618544718e-029
outer loop
vertex 133.081461169942 23.566124756919 49.355135465426
vertex 132.790380270505 24.2688562120865 51.355135465426
vertex 132.790380270505 24.2688562120865 49.355135465426
endloop
endfacet
facet normal -0.866025403784432 -0.500000000000012 1.48205618544718e-029
outer loop
vertex 133.081461169942 23.566124756919 51.355135465426
vertex 133.544504012437 22.9626755758667 49.355135465426
vertex 133.544504012437 22.9626755758667 51.355135465426
endloop
endfacet
facet normal -0.707106781186547 -0.707106781186548 -2.68433235077686e-018
outer loop
vertex 133.544504012437 22.9626755758667 49.355135465426
vertex 133.081461169942 23.566124756919 51.355135465426
vertex 133.081461169942 23.566124756919 49.355135465426
endloop
endfacet
facet normal -0.500000000000007 -0.866025403784435 -2.68433235077501e-018
outer loop
vertex 134.147953193489 22.4996327333716 51.355135465426
vertex 133.544504012437 22.9626755758667 49.355135465426
vertex 134.147953193489 22.4996327333716 49.355135465426
endloop
endfacet
facet normal -0.707106781186547 -0.707106781186548 -2.68433235077686e-018
outer loop
vertex 133.544504012437 22.9626755758667 49.355135465426
vertex 134.147953193489 22.4996327333716 51.355135465426
vertex 133.544504012437 22.9626755758667 51.355135465426
endloop
endfacet
facet normal -0.258819045102525 -0.965925826289067 1.85257023180898e-030
outer loop
vertex 134.850684648657 22.208551833935 51.355135465426
vertex 134.147953193489 22.4996327333716 49.355135465426
vertex 134.850684648657 22.208551833935 49.355135465426
endloop
endfacet
facet normal -0.500000000000007 -0.866025403784435 -2.68433235077501e-018
outer loop
vertex 134.147953193489 22.4996327333716 49.355135465426
vertex 134.850684648657 22.208551833935 51.355135465426
vertex 134.147953193489 22.4996327333716 51.355135465426
endloop
endfacet
facet normal -1.82677752860762e-015 -1.0 -6.1757664789952e-030
outer loop
vertex 135.604808390589 22.1092695598197 51.355135465426
vertex 134.850684648657 22.208551833935 49.355135465426
vertex 135.604808390589 22.1092695598197 49.355135465426
endloop
endfacet
facet normal -0.258819045102525 -0.965925826289067 1.85257023180898e-030
outer loop
vertex 134.850684648657 22.208551833935 49.355135465426
vertex 135.604808390589 22.1092695598197 51.355135465426
vertex 134.850684648657 22.208551833935 51.355135465426
endloop
endfacet
facet normal 0.258819045102521 -0.965925826289068 3.37488371846424e-018
outer loop
vertex 136.35893213252 22.208551833935 51.355135465426
vertex 135.604808390589 22.1092695598197 49.355135465426
vertex 136.35893213252 22.208551833935 49.355135465426
endloop
endfacet
facet normal -1.82677752860762e-015 -1.0 -6.1757664789952e-030
outer loop
vertex 135.604808390589 22.1092695598197 49.355135465426
vertex 136.35893213252 22.208551833935 51.355135465426
vertex 135.604808390589 22.1092695598197 51.355135465426
endloop
endfacet
facet normal 0.500000000000003 -0.866025403784437 -1.23406310188805e-019
outer loop
vertex 137.061663587688 22.4996327333716 51.355135465426
vertex 136.35893213252 22.208551833935 49.355135465426
vertex 137.061663587688 22.4996327333716 49.355135465426
endloop
endfacet
facet normal 0.258819045102521 -0.965925826289068 3.37488371846424e-018
outer loop
vertex 136.35893213252 22.208551833935 49.355135465426
vertex 137.061663587688 22.4996327333716 51.355135465426
vertex 136.35893213252 22.208551833935 51.355135465426
endloop
endfacet
facet normal 0.707106781186542 -0.707106781186553 -3.49829002864648e-018
outer loop
vertex 137.66511276874 22.9626755758667 51.355135465426
vertex 137.061663587688 22.4996327333716 49.355135465426
vertex 137.66511276874 22.9626755758667 49.355135465426
endloop
endfacet
facet normal 0.500000000000003 -0.866025403784437 -1.23406310188805e-019
outer loop
vertex 137.061663587688 22.4996327333716 49.355135465426
vertex 137.66511276874 22.9626755758667 51.355135465426
vertex 137.061663587688 22.4996327333716 51.355135465426
endloop
endfacet
facet normal 0.866025403784438 -0.500000000000001 3.37488371848945e-018
outer loop
vertex 138.128155611235 23.5661247569189 49.355135465426
vertex 137.66511276874 22.9626755758667 51.355135465426
vertex 137.66511276874 22.9626755758667 49.355135465426
endloop
endfacet
facet normal 0.707106781186542 -0.707106781186553 -3.49829002864648e-018
outer loop
vertex 137.66511276874 22.9626755758667 51.355135465426
vertex 138.128155611235 23.5661247569189 49.355135465426
vertex 138.128155611235 23.5661247569189 51.355135465426
endloop
endfacet
facet normal 0.96592582628907 -0.258819045102514 2.2237737312223e-018
outer loop
vertex 138.419236510672 24.2688562120865 49.355135465426
vertex 138.128155611235 23.5661247569189 51.355135465426
vertex 138.128155611235 23.5661247569189 49.355135465426
endloop
endfacet
facet normal 0.866025403784438 -0.500000000000001 3.37488371848945e-018
outer loop
vertex 138.128155611235 23.5661247569189 51.355135465426
vertex 138.419236510672 24.2688562120865 49.355135465426
vertex 138.419236510672 24.2688562120865 51.355135465426
endloop
endfacet
facet normal 1.0 1.47033313278174e-015 3.18344757715585e-029
outer loop
vertex 138.518518784787 25.0229799540182 49.355135465426
vertex 138.419236510672 24.2688562120865 51.355135465426
vertex 138.419236510672 24.2688562120865 49.355135465426
endloop
endfacet
facet normal 0.96592582628907 -0.258819045102514 2.2237737312223e-018
outer loop
vertex 138.419236510672 24.2688562120865 51.355135465426
vertex 138.518518784787 25.0229799540182 49.355135465426
vertex 138.518518784787 25.0229799540182 51.355135465426
endloop
endfacet
facet normal 0.965925826289068 0.258819045102523 1.1511099873026e-018
outer loop
vertex 138.419236510672 25.7771036959499 49.355135465426
vertex 138.518518784787 25.0229799540182 51.355135465426
vertex 138.518518784787 25.0229799540182 49.355135465426
endloop
endfacet
facet normal 1.0 1.47033313278174e-015 3.18344757715585e-029
outer loop
vertex 138.518518784787 25.0229799540182 51.355135465426
vertex 138.419236510672 25.7771036959499 49.355135465426
vertex 138.419236510672 25.7771036959499 51.355135465426
endloop
endfacet
facet normal 0.866025403784434 0.500000000000008 2.68433235079707e-018
outer loop
vertex 138.128155611235 26.4798351511175 49.355135465426
vertex 138.419236510672 25.7771036959499 51.355135465426
vertex 138.419236510672 25.7771036959499 49.355135465426
endloop
endfacet
facet normal 0.965925826289068 0.258819045102523 1.1511099873026e-018
outer loop
vertex 138.419236510672 25.7771036959499 51.355135465426
vertex 138.128155611235 26.4798351511175 49.355135465426
vertex 138.128155611235 26.4798351511175 51.355135465426
endloop
endfacet
facet normal 0.707106781186543 0.707106781186552 8.86695473022494e-018
outer loop
vertex 137.66511276874 27.0832843321697 49.355135465426
vertex 138.128155611235 26.4798351511175 51.355135465426
vertex 138.128155611235 26.4798351511175 49.355135465426
endloop
endfacet
facet normal 0.866025403784434 0.500000000000008 2.68433235079707e-018
outer loop
vertex 138.128155611235 26.4798351511175 51.355135465426
vertex 137.66511276874 27.0832843321697 49.355135465426
vertex 137.66511276874 27.0832843321697 51.355135465426
endloop
endfacet
facet normal 0.500000000000001 0.866025403784438 6.18262237944054e-018
outer loop
vertex 137.061663587688 27.5463271746648 51.355135465426
vertex 137.66511276874 27.0832843321697 49.355135465426
vertex 137.061663587688 27.5463271746648 49.355135465426
endloop
endfacet
facet normal 0.707106781186543 0.707106781186552 8.86695473022494e-018
outer loop
vertex 137.66511276874 27.0832843321697 49.355135465426
vertex 137.061663587688 27.5463271746648 51.355135465426
vertex 137.66511276874 27.0832843321697 51.355135465426
endloop
endfacet
facet normal 0.25881904510252 0.965925826289069 -3.70514046361798e-030
outer loop
vertex 136.35893213252 27.8374080741014 51.355135465426
vertex 137.061663587688 27.5463271746648 49.355135465426
vertex 136.35893213252 27.8374080741014 49.355135465426
endloop
endfacet
facet normal 0.500000000000001 0.866025403784438 6.18262237944054e-018
outer loop
vertex 137.061663587688 27.5463271746648 49.355135465426
vertex 136.35893213252 27.8374080741014 51.355135465426
vertex 137.061663587688 27.5463271746648 51.355135465426
endloop
endfacet
facet normal 0.70710678118655 0.707106781186545 0.0
outer loop
vertex 126.412420235163 15.8305917985931 49.355135465426
vertex 129.104808390589 13.7646497048205 42.355135465426
vertex 126.412420235163 15.8305917985931 42.355135465426
endloop
endfacet
facet normal 0.500000000000002 0.866025403784438 -7.56151115024079e-032
outer loop
vertex 129.104808390589 13.7646497048205 42.355135465426
vertex 126.412420235163 15.8305917985931 49.355135465426
vertex 129.104808390589 13.7646497048205 49.355135465426
endloop
endfacet
facet normal 0.500000000000002 0.866025403784438 -7.56151115024079e-032
outer loop
vertex 129.104808390589 13.7646497048205 49.355135465426
vertex 132.240160804256 12.4659442122603 42.355135465426
vertex 129.104808390589 13.7646497048205 42.355135465426
endloop
endfacet
facet normal 0.25881904510252 0.965925826289068 -1.56760121325811e-031
outer loop
vertex 132.240160804256 12.4659442122603 42.355135465426
vertex 129.104808390589 13.7646497048205 49.355135465426
vertex 132.240160804256 12.4659442122603 49.355135465426
endloop
endfacet
facet normal -0.499999999999998 0.86602540378444 1.13213008713363e-030
outer loop
vertex 142.104808390589 13.7646497048205 49.355135465426
vertex 144.797196546014 15.8305917985931 42.355135465426
vertex 142.104808390589 13.7646497048205 42.355135465426
endloop
endfacet
facet normal -0.707106781186547 0.707106781186548 1.29864336584806e-031
outer loop
vertex 144.797196546014 15.8305917985931 42.355135465426
vertex 142.104808390589 13.7646497048205 49.355135465426
vertex 144.797196546014 15.8305917985931 49.355135465426
endloop
endfacet
facet normal -0.866025403784439 0.5 0.0
outer loop
vertex 146.863138639786 18.5229799540182 49.355135465426
vertex 144.797196546014 15.8305917985931 42.355135465426
vertex 144.797196546014 15.8305917985931 49.355135465426
endloop
endfacet
facet normal -0.707106781186547 0.707106781186548 1.29864336584806e-031
outer loop
vertex 144.797196546014 15.8305917985931 42.355135465426
vertex 146.863138639786 18.5229799540182 49.355135465426
vertex 146.863138639786 18.5229799540182 42.355135465426
endloop
endfacet
facet normal 0.965925826289068 0.25881904510252 -1.42751810939173e-018
outer loop
vertex 123.047772648831 21.6583323676854 42.355135465426
vertex 124.346478141391 18.5229799540182 49.355135465426
vertex 124.346478141391 18.5229799540182 42.355135465426
endloop
endfacet
facet normal 0.866025403784438 0.500000000000002 -1.14720017462922e-030
outer loop
vertex 124.346478141391 18.5229799540182 49.355135465426
vertex 123.047772648831 21.6583323676854 42.355135465426
vertex 123.047772648831 21.6583323676854 49.355135465426
endloop
endfacet
facet normal -0.965925826289068 0.258819045102521 -1.50349059561875e-018
outer loop
vertex 148.161844132346 21.6583323676854 49.355135465426
vertex 146.863138639786 18.5229799540182 42.355135465426
vertex 146.863138639786 18.5229799540182 49.355135465426
endloop
endfacet
facet normal -0.866025403784439 0.5 0.0
outer loop
vertex 146.863138639786 18.5229799540182 42.355135465426
vertex 148.161844132346 21.6583323676854 49.355135465426
vertex 148.161844132346 21.6583323676854 42.355135465426
endloop
endfacet
facet normal -0.258819045102519 0.965925826289069 1.00226575054883e-030
outer loop
vertex 138.969455976921 12.4659442122603 49.355135465426
vertex 142.104808390589 13.7646497048205 42.355135465426
vertex 138.969455976921 12.4659442122603 42.355135465426
endloop
endfacet
facet normal -0.499999999999998 0.86602540378444 1.13213008713363e-030
outer loop
vertex 142.104808390589 13.7646497048205 42.355135465426
vertex 138.969455976921 12.4659442122603 49.355135465426
vertex 142.104808390589 13.7646497048205 49.355135465426
endloop
endfacet
facet normal -0.866025403784439 -0.499999999999999 1.25283218818604e-031
outer loop
vertex 146.863138639786 31.5229799540182 49.355135465426
vertex 148.161844132346 28.387627540351 42.355135465426
vertex 148.161844132346 28.387627540351 49.355135465426
endloop
endfacet
facet normal -0.965925826289069 -0.258819045102521 -2.42862532269029e-030
outer loop
vertex 148.161844132346 28.387627540351 42.355135465426
vertex 146.863138639786 31.5229799540182 49.355135465426
vertex 146.863138639786 31.5229799540182 42.355135465426
endloop
endfacet
facet normal -0.707106781186547 -0.707106781186548 0.0
outer loop
vertex 144.797196546014 34.2153681094433 49.355135465426
vertex 146.863138639786 31.5229799540182 42.355135465426
vertex 146.863138639786 31.5229799540182 49.355135465426
endloop
endfacet
facet normal -0.866025403784439 -0.499999999999999 1.25283218818604e-031
outer loop
vertex 146.863138639786 31.5229799540182 42.355135465426
vertex 144.797196546014 34.2153681094433 49.355135465426
vertex 144.797196546014 34.2153681094433 42.355135465426
endloop
endfacet
facet normal -0.965925826289069 -0.258819045102521 -2.42862532269029e-030
outer loop
vertex 148.161844132346 28.387627540351 49.355135465426
vertex 148.604808390589 25.0229799540182 42.355135465426
vertex 148.604808390589 25.0229799540182 49.355135465426
endloop
endfacet
facet normal -1.0 -2.04955527599879e-016 -1.5034905956213e-018
outer loop
vertex 148.604808390589 25.0229799540182 42.355135465426
vertex 148.161844132346 28.387627540351 49.355135465426
vertex 148.161844132346 28.387627540351 42.355135465426
endloop
endfacet
facet normal -1.0 -2.04955527599879e-016 -1.5034905956213e-018
outer loop
vertex 148.604808390589 25.0229799540182 49.355135465426
vertex 148.161844132346 21.6583323676854 42.355135465426
vertex 148.161844132346 21.6583323676854 49.355135465426
endloop
endfacet
facet normal -0.965925826289068 0.258819045102521 -1.50349059561875e-018
outer loop
vertex 148.161844132346 21.6583323676854 42.355135465426
vertex 148.604808390589 25.0229799540182 49.355135465426
vertex 148.604808390589 25.0229799540182 42.355135465426
endloop
endfacet
facet normal 0.25881904510252 0.965925826289068 -1.56760121325811e-031
outer loop
vertex 132.240160804256 12.4659442122603 49.355135465426
vertex 135.604808390589 12.0229799540182 42.355135465426
vertex 132.240160804256 12.4659442122603 42.355135465426
endloop
endfacet
facet normal 5.97044363008343e-016 1.0 -8.11450098234036e-032
outer loop
vertex 135.604808390589 12.0229799540182 42.355135465426
vertex 132.240160804256 12.4659442122603 49.355135465426
vertex 135.604808390589 12.0229799540182 49.355135465426
endloop
endfacet
facet normal 5.97044363008343e-016 1.0 -8.11450098234036e-032
outer loop
vertex 135.604808390589 12.0229799540182 49.355135465426
vertex 138.969455976921 12.4659442122603 42.355135465426
vertex 135.604808390589 12.0229799540182 42.355135465426
endloop
endfacet
facet normal -0.258819045102519 0.965925826289069 1.00226575054883e-030
outer loop
vertex 138.969455976921 12.4659442122603 42.355135465426
vertex 135.604808390589 12.0229799540182 49.355135465426
vertex 138.969455976921 12.4659442122603 49.355135465426
endloop
endfacet
facet normal 0.866025403784438 0.500000000000002 -1.14720017462922e-030
outer loop
vertex 124.346478141391 18.5229799540182 42.355135465426
vertex 126.412420235163 15.8305917985931 49.355135465426
vertex 126.412420235163 15.8305917985931 42.355135465426
endloop
endfacet
facet normal 0.70710678118655 0.707106781186545 0.0
outer loop
vertex 126.412420235163 15.8305917985931 49.355135465426
vertex 124.346478141391 18.5229799540182 42.355135465426
vertex 124.346478141391 18.5229799540182 49.355135465426
endloop
endfacet
facet normal 1.0 -3.26146622180677e-015 -2.93100870500935e-018
outer loop
vertex 122.604808390589 25.0229799540182 42.355135465426
vertex 123.047772648831 21.6583323676854 49.355135465426
vertex 123.047772648831 21.6583323676854 42.355135465426
endloop
endfacet
facet normal 0.965925826289068 0.25881904510252 -1.42751810939173e-018
outer loop
vertex 123.047772648831 21.6583323676854 49.355135465426
vertex 122.604808390589 25.0229799540182 42.355135465426
vertex 122.604808390589 25.0229799540182 49.355135465426
endloop
endfacet
facet normal 0.866025403784439 -0.5 3.50606674385663e-018
outer loop
vertex 124.346478141391 31.5229799540182 42.355135465426
vertex 123.047772648831 28.387627540351 49.355135465426
vertex 123.047772648831 28.387627540351 42.355135465426
endloop
endfacet
facet normal 0.965925826289069 -0.25881904510252 -1.5034905956189e-018
outer loop
vertex 123.047772648831 28.387627540351 49.355135465426
vertex 124.346478141391 31.5229799540182 42.355135465426
vertex 124.346478141391 31.5229799540182 49.355135465426
endloop
endfacet
facet normal 0.707106781186548 -0.707106781186547 3.50606674385596e-018
outer loop
vertex 126.412420235163 34.2153681094433 42.355135465426
vertex 124.346478141391 31.5229799540182 49.355135465426
vertex 124.346478141391 31.5229799540182 42.355135465426
endloop
endfacet
facet normal 0.866025403784439 -0.5 3.50606674385663e-018
outer loop
vertex 124.346478141391 31.5229799540182 49.355135465426
vertex 126.412420235163 34.2153681094433 42.355135465426
vertex 126.412420235163 34.2153681094433 49.355135465426
endloop
endfacet
facet normal 0.965925826289069 -0.25881904510252 -1.5034905956189e-018
outer loop
vertex 123.047772648831 28.387627540351 42.355135465426
vertex 122.604808390589 25.0229799540182 49.355135465426
vertex 122.604808390589 25.0229799540182 42.355135465426
endloop
endfacet
facet normal 1.0 -3.26146622180677e-015 -2.93100870500935e-018
outer loop
vertex 122.604808390589 25.0229799540182 49.355135465426
vertex 123.047772648831 28.387627540351 42.355135465426
vertex 123.047772648831 28.387627540351 49.355135465426
endloop
endfacet
facet normal 0.500000000000001 -0.866025403784438 4.40801138740034e-018
outer loop
vertex 129.104808390589 36.2813102032159 49.355135465426
vertex 126.412420235163 34.2153681094433 42.355135465426
vertex 129.104808390589 36.2813102032159 42.355135465426
endloop
endfacet
facet normal 0.707106781186548 -0.707106781186547 3.50606674385596e-018
outer loop
vertex 126.412420235163 34.2153681094433 42.355135465426
vertex 129.104808390589 36.2813102032159 49.355135465426
vertex 126.412420235163 34.2153681094433 49.355135465426
endloop
endfacet
facet normal 0.258819045102521 -0.965925826289068 2.98049327801153e-018
outer loop
vertex 132.240160804256 37.5800156957761 49.355135465426
vertex 129.104808390589 36.2813102032159 42.355135465426
vertex 132.240160804256 37.5800156957761 42.355135465426
endloop
endfacet
facet normal 0.500000000000001 -0.866025403784438 4.40801138740034e-018
outer loop
vertex 129.104808390589 36.2813102032159 42.355135465426
vertex 132.240160804256 37.5800156957761 49.355135465426
vertex 129.104808390589 36.2813102032159 49.355135465426
endloop
endfacet
facet normal 4.18822165095405e-016 -1.0 -1.50349059561886e-018
outer loop
vertex 135.604808390589 38.0229799540182 49.355135465426
vertex 132.240160804256 37.5800156957761 42.355135465426
vertex 135.604808390589 38.0229799540182 42.355135465426
endloop
endfacet
facet normal 0.258819045102521 -0.965925826289068 2.98049327801153e-018
outer loop
vertex 132.240160804256 37.5800156957761 42.355135465426
vertex 135.604808390589 38.0229799540182 49.355135465426
vertex 132.240160804256 37.5800156957761 49.355135465426
endloop
endfacet
facet normal -0.25881904510252 -0.965925826289068 4.33203890117128e-018
outer loop
vertex 138.969455976921 37.5800156957761 49.355135465426
vertex 135.604808390589 38.0229799540182 42.355135465426
vertex 138.969455976921 37.5800156957761 42.355135465426
endloop
endfacet
facet normal 4.18822165095405e-016 -1.0 -1.50349059561886e-018
outer loop
vertex 135.604808390589 38.0229799540182 42.355135465426
vertex 138.969455976921 37.5800156957761 49.355135465426
vertex 135.604808390589 38.0229799540182 49.355135465426
endloop
endfacet
facet normal -0.499999999999999 -0.866025403784439 4.40801138740053e-018
outer loop
vertex 142.104808390589 36.2813102032159 49.355135465426
vertex 138.969455976921 37.5800156957761 42.355135465426
vertex 142.104808390589 36.2813102032159 42.355135465426
endloop
endfacet
facet normal -0.25881904510252 -0.965925826289068 4.33203890117128e-018
outer loop
vertex 138.969455976921 37.5800156957761 42.355135465426
vertex 142.104808390589 36.2813102032159 49.355135465426
vertex 138.969455976921 37.5800156957761 49.355135465426
endloop
endfacet
facet normal -0.707106781186547 -0.707106781186548 0.0
outer loop
vertex 144.797196546014 34.2153681094433 49.355135465426
vertex 142.104808390589 36.2813102032159 42.355135465426
vertex 144.797196546014 34.2153681094433 42.355135465426
endloop
endfacet
facet normal -0.499999999999999 -0.866025403784439 4.40801138740053e-018
outer loop
vertex 142.104808390589 36.2813102032159 42.355135465426
vertex 144.797196546014 34.2153681094433 49.355135465426
vertex 142.104808390589 36.2813102032159 49.355135465426
endloop
endfacet
facet normal -0.488661570013397 0.846386666969581 0.211753347005814
outer loop
vertex 142.104808390589 13.7646497048205 42.355135465426
vertex 144.337577138242 16.2902112063643 39.355135465426
vertex 141.779808390588 14.3275662172804 39.355135465426
endloop
endfacet
facet normal -0.691071819723475 0.691071819723477 0.211753347005821
outer loop
vertex 144.337577138242 16.2902112063643 39.355135465426
vertex 142.104808390589 13.7646497048205 42.355135465426
vertex 144.797196546014 15.8305917985931 42.355135465426
endloop
endfacet
facet normal 0.488661570013401 0.846386666969585 0.211753347005793
outer loop
vertex 129.104808390589 13.7646497048205 42.355135465426
vertex 132.408393183572 13.0937959993482 39.355135465426
vertex 129.429808390588 14.3275662172804 39.355135465426
endloop
endfacet
facet normal 0.252949841858334 0.944021661581812 0.211753347005799
outer loop
vertex 132.408393183572 13.0937959993482 39.355135465426
vertex 129.104808390589 13.7646497048205 42.355135465426
vertex 132.240160804256 12.4659442122603 42.355135465426
endloop
endfacet
facet normal 0.691071819723482 0.69107181972348 0.211753347005787
outer loop
vertex 126.412420235163 15.8305917985931 42.355135465426
vertex 129.429808390588 14.3275662172804 39.355135465426
vertex 126.872039642935 16.2902112063643 39.355135465426
endloop
endfacet
facet normal 0.488661570013404 0.846386666969583 0.211753347005793
outer loop
vertex 129.429808390588 14.3275662172804 39.355135465426
vertex 126.412420235163 15.8305917985931 42.355135465426
vertex 129.104808390589 13.7646497048205 42.355135465426
endloop
endfacet
facet normal -0.846386666969579 0.488661570013397 0.211753347005824
outer loop
vertex 146.863138639786 18.5229799540182 42.355135465426
vertex 144.337577138242 16.2902112063643 39.355135465426
vertex 144.797196546014 15.8305917985931 42.355135465426
endloop
endfacet
facet normal -0.691071819723475 0.691071819723477 0.211753347005821
outer loop
vertex 144.337577138242 16.2902112063643 39.355135465426
vertex 146.863138639786 18.5229799540182 42.355135465426
vertex 146.300222127326 18.8479799540182 39.355135465426
endloop
endfacet
facet normal 0.846386666969587 0.488661570013402 0.211753347005782
outer loop
vertex 124.909394653851 18.8479799540182 39.355135465426
vertex 123.047772648831 21.6583323676854 42.355135465426
vertex 124.346478141391 18.5229799540182 42.355135465426
endloop
endfacet
facet normal 0.944021661581817 0.252949841858332 0.211753347005782
outer loop
vertex 123.047772648831 21.6583323676854 42.355135465426
vertex 124.909394653851 18.8479799540182 39.355135465426
vertex 123.675624435918 21.8265647470021 39.355135465426
endloop
endfacet
facet normal -0.944021661581807 0.252949841858335 0.21175334700582
outer loop
vertex 148.161844132346 21.6583323676854 42.355135465426
vertex 146.300222127326 18.8479799540182 39.355135465426
vertex 146.863138639786 18.5229799540182 42.355135465426
endloop
endfacet
facet normal -0.846386666969578 0.488661570013399 0.211753347005824
outer loop
vertex 146.300222127326 18.8479799540182 39.355135465426
vertex 148.161844132346 21.6583323676854 42.355135465426
vertex 147.533992345259 21.8265647470021 39.355135465426
endloop
endfacet
facet normal -0.252949841858333 0.94402166158181 0.211753347005809
outer loop
vertex 138.969455976921 12.4659442122603 42.355135465426
vertex 141.779808390588 14.3275662172804 39.355135465426
vertex 138.801223597605 13.0937959993482 39.355135465426
endloop
endfacet
facet normal -0.488661570013395 0.846386666969583 0.211753347005814
outer loop
vertex 141.779808390588 14.3275662172804 39.355135465426
vertex 138.969455976921 12.4659442122603 42.355135465426
vertex 142.104808390589 13.7646497048205 42.355135465426
endloop
endfacet
facet normal -0.944021661581807 -0.252949841858335 0.21175334700582
outer loop
vertex 148.161844132346 28.387627540351 42.355135465426
vertex 146.300222127326 31.1979799540182 39.355135465426
vertex 147.533992345259 28.2193951610343 39.355135465426
endloop
endfacet
facet normal -0.846386666969578 -0.488661570013398 0.211753347005825
outer loop
vertex 146.300222127326 31.1979799540182 39.355135465426
vertex 148.161844132346 28.387627540351 42.355135465426
vertex 146.863138639786 31.5229799540182 42.355135465426
endloop
endfacet
facet normal -0.846386666969579 -0.488661570013397 0.211753347005825
outer loop
vertex 146.863138639786 31.5229799540182 42.355135465426
vertex 144.337577138242 33.755748701672 39.355135465426
vertex 146.300222127326 31.1979799540182 39.355135465426
endloop
endfacet
facet normal -0.691071819723475 -0.691071819723476 0.211753347005824
outer loop
vertex 144.337577138242 33.755748701672 39.355135465426
vertex 146.863138639786 31.5229799540182 42.355135465426
vertex 144.797196546014 34.2153681094433 42.355135465426
endloop
endfacet
facet normal -0.944021661581807 -0.252949841858335 0.21175334700582
outer loop
vertex 148.161844132346 28.387627540351 42.355135465426
vertex 147.954808390589 25.0229799540182 39.355135465426
vertex 148.604808390589 25.0229799540182 42.355135465426
endloop
endfacet
facet normal -0.977323140026795 -3.32639026241592e-016 0.211753347005816
outer loop
vertex 147.954808390589 25.0229799540182 39.355135465426
vertex 148.161844132346 28.387627540351 42.355135465426
vertex 147.533992345259 28.2193951610343 39.355135465426
endloop
endfacet
facet normal -0.977323140026795 -3.17354497708872e-016 0.211753347005816
outer loop
vertex 148.604808390589 25.0229799540182 42.355135465426
vertex 147.533992345259 21.8265647470021 39.355135465426
vertex 148.161844132346 21.6583323676854 42.355135465426
endloop
endfacet
facet normal -0.944021661581807 0.252949841858335 0.21175334700582
outer loop
vertex 147.533992345259 21.8265647470021 39.355135465426
vertex 148.604808390589 25.0229799540182 42.355135465426
vertex 147.954808390589 25.0229799540182 39.355135465426
endloop
endfacet
facet normal 0.25294984185833 0.944021661581813 0.211753347005799
outer loop
vertex 132.240160804256 12.4659442122603 42.355135465426
vertex 135.604808390588 12.6729799540182 39.355135465426
vertex 132.408393183572 13.0937959993482 39.355135465426
endloop
endfacet
facet normal 1.35681708072229e-015 0.977323140026798 0.211753347005805
outer loop
vertex 135.604808390588 12.6729799540182 39.355135465426
vertex 132.240160804256 12.4659442122603 42.355135465426
vertex 135.604808390589 12.0229799540182 42.355135465426
endloop
endfacet
facet normal -1.04273620675772e-015 0.977323140026798 0.211753347005805
outer loop
vertex 135.604808390589 12.0229799540182 42.355135465426
vertex 138.801223597605 13.0937959993482 39.355135465426
vertex 135.604808390588 12.6729799540182 39.355135465426
endloop
endfacet
facet normal -0.25294984185833 0.944021661581811 0.211753347005809
outer loop
vertex 138.801223597605 13.0937959993482 39.355135465426
vertex 135.604808390589 12.0229799540182 42.355135465426
vertex 138.969455976921 12.4659442122603 42.355135465426
endloop
endfacet
facet normal 0.691071819723483 0.691071819723479 0.211753347005787
outer loop
vertex 126.872039642935 16.2902112063643 39.355135465426
vertex 124.346478141391 18.5229799540182 42.355135465426
vertex 126.412420235163 15.8305917985931 42.355135465426
endloop
endfacet
facet normal 0.846386666969585 0.488661570013404 0.211753347005782
outer loop
vertex 124.346478141391 18.5229799540182 42.355135465426
vertex 126.872039642935 16.2902112063643 39.355135465426
vertex 124.909394653851 18.8479799540182 39.355135465426
endloop
endfacet
facet normal 0.944021661581817 0.252949841858331 0.211753347005782
outer loop
vertex 123.675624435918 21.8265647470021 39.355135465426
vertex 122.604808390589 25.0229799540182 42.355135465426
vertex 123.047772648831 21.6583323676854 42.355135465426
endloop
endfacet
facet normal 0.977323140026802 -4.85099017926417e-015 0.211753347005786
outer loop
vertex 122.604808390589 25.0229799540182 42.355135465426
vertex 123.675624435918 21.8265647470021 39.355135465426
vertex 123.254808390588 25.0229799540182 39.355135465426
endloop
endfacet
facet normal 0.846386666969588 -0.488661570013398 0.211753347005786
outer loop
vertex 124.909394653851 31.1979799540182 39.355135465426
vertex 123.047772648831 28.387627540351 42.355135465426
vertex 123.675624435918 28.2193951610343 39.355135465426
endloop
endfacet
facet normal 0.944021661581816 -0.252949841858332 0.211753347005786
outer loop
vertex 123.047772648831 28.387627540351 42.355135465426
vertex 124.909394653851 31.1979799540182 39.355135465426
vertex 124.346478141391 31.5229799540182 42.355135465426
endloop
endfacet
facet normal 0.691071819723482 -0.691071819723479 0.21175334700579
outer loop
vertex 126.872039642935 33.755748701672 39.355135465426
vertex 124.346478141391 31.5229799540182 42.355135465426
vertex 124.909394653851 31.1979799540182 39.355135465426
endloop
endfacet
facet normal 0.846386666969586 -0.488661570013401 0.211753347005786
outer loop
vertex 124.346478141391 31.5229799540182 42.355135465426
vertex 126.872039642935 33.755748701672 39.355135465426
vertex 126.412420235163 34.2153681094433 42.355135465426
endloop
endfacet
facet normal 0.977323140026802 -5.1734122239153e-015 0.211753347005786
outer loop
vertex 123.254808390588 25.0229799540182 39.355135465426
vertex 123.047772648831 28.387627540351 42.355135465426
vertex 122.604808390589 25.0229799540182 42.355135465426
endloop
endfacet
facet normal 0.944021661581816 -0.252949841858332 0.211753347005786
outer loop
vertex 123.047772648831 28.387627540351 42.355135465426
vertex 123.254808390588 25.0229799540182 39.355135465426
vertex 123.675624435918 28.2193951610343 39.355135465426
endloop
endfacet
facet normal 0.488661570013399 -0.846386666969585 0.211753347005796
outer loop
vertex 129.104808390589 36.2813102032159 42.355135465426
vertex 126.872039642935 33.755748701672 39.355135465426
vertex 129.429808390588 35.718393690756 39.355135465426
endloop
endfacet
facet normal 0.691071819723482 -0.691071819723479 0.21175334700579
outer loop
vertex 126.872039642935 33.755748701672 39.355135465426
vertex 129.104808390589 36.2813102032159 42.355135465426
vertex 126.412420235163 34.2153681094433 42.355135465426
endloop
endfacet
facet normal 0.25294984185833 -0.944021661581812 0.211753347005803
outer loop
vertex 132.240160804256 37.5800156957761 42.355135465426
vertex 129.429808390588 35.718393690756 39.355135465426
vertex 132.408393183572 36.9521639086882 39.355135465426
endloop
endfacet
facet normal 0.488661570013403 -0.846386666969583 0.211753347005796
outer loop
vertex 129.429808390588 35.718393690756 39.355135465426
vertex 132.240160804256 37.5800156957761 42.355135465426
vertex 129.104808390589 36.2813102032159 42.355135465426
endloop
endfacet
facet normal -9.52063493126615e-016 -0.977323140026797 0.211753347005809
outer loop
vertex 135.604808390589 38.0229799540182 42.355135465426
vertex 132.408393183572 36.9521639086882 39.355135465426
vertex 135.604808390588 37.3729799540182 39.355135465426
endloop
endfacet
facet normal 0.252949841858335 -0.944021661581811 0.211753347005803
outer loop
vertex 132.408393183572 36.9521639086882 39.355135465426
vertex 135.604808390589 38.0229799540182 42.355135465426
vertex 132.240160804256 37.5800156957761 42.355135465426
endloop
endfacet
facet normal -0.252949841858334 -0.944021661581809 0.211753347005813
outer loop
vertex 138.969455976921 37.5800156957761 42.355135465426
vertex 135.604808390588 37.3729799540182 39.355135465426
vertex 138.801223597605 36.9521639086882 39.355135465426
endloop
endfacet
facet normal 1.43560000799003e-015 -0.977323140026797 0.211753347005809
outer loop
vertex 135.604808390588 37.3729799540182 39.355135465426
vertex 138.969455976921 37.5800156957761 42.355135465426
vertex 135.604808390589 38.0229799540182 42.355135465426
endloop
endfacet
facet normal -0.488661570013398 -0.84638666696958 0.211753347005818
outer loop
vertex 142.104808390589 36.2813102032159 42.355135465426
vertex 138.801223597605 36.9521639086882 39.355135465426
vertex 141.779808390588 35.718393690756 39.355135465426
endloop
endfacet
facet normal -0.252949841858332 -0.94402166158181 0.211753347005813
outer loop
vertex 138.801223597605 36.9521639086882 39.355135465426
vertex 142.104808390589 36.2813102032159 42.355135465426
vertex 138.969455976921 37.5800156957761 42.355135465426
endloop
endfacet
facet normal -0.691071819723476 -0.691071819723474 0.211753347005824
outer loop
vertex 144.797196546014 34.2153681094433 42.355135465426
vertex 141.779808390588 35.718393690756 39.355135465426
vertex 144.337577138242 33.755748701672 39.355135465426
endloop
endfacet
facet normal -0.488661570013396 -0.846386666969581 0.211753347005818
outer loop
vertex 141.779808390588 35.718393690756 39.355135465426
vertex 144.797196546014 34.2153681094433 42.355135465426
vertex 142.104808390589 36.2813102032159 42.355135465426
endloop
endfacet
facet normal 0.0999896789652934 0.173187204200389 0.979800110431546
outer loop
vertex 142.508082112203 36.9798007784103 58.9631946430397
vertex 139.530008143803 39.6720248628732 58.6727334171683
vertex 139.178205816008 38.3590807013192 58.9631946430397
endloop
endfacet
facet normal 0.0568208392399593 0.212058258972232 0.975603755133063
outer loop
vertex 139.530008143803 39.6720248628732 58.6727334171683
vertex 142.508082112203 36.9798007784103 58.9631946430397
vertex 143.187712020536 38.1569543099859 58.6727334171683
endloop
endfacet
facet normal 0.0116615228656099 0.0116615228656098 0.999863999636405
outer loop
vertex 136.587596366986 26.0057679304163 60.3406247855294
vertex 136.994396217325 27.4298166715042 60.2983096817324
vertex 136.299744433168 26.2266444877769 60.3406247855294
endloop
endfacet
facet normal 0.0206369041474426 0.0357441664942994 0.999147873314474
outer loop
vertex 136.994396217325 27.4298166715042 60.2983096817324
vertex 136.587596366986 26.0057679304163 60.3406247855294
vertex 137.569982341267 26.9881539046969 60.2983096817324
endloop
endfacet
facet normal 0.0291849897307069 0.0291849897307068 0.999147873314474
outer loop
vertex 137.569982341267 26.9881539046969 60.2983096817324
vertex 137.688485656825 28.6320148457156 60.2282070938142
vertex 136.994396217325 27.4298166715042 60.2983096817324
endloop
endfacet
facet normal 0.0306273733924572 0.0530481668181187 0.998122164865762
outer loop
vertex 137.688485656825 28.6320148457156 60.2282070938142
vertex 137.569982341267 26.9881539046969 60.2983096817324
vertex 138.551573040108 27.969744603538 60.2282070938142
endloop
endfacet
facet normal 0.0433136468314777 0.0433136468314775 0.998122164865762
outer loop
vertex 138.551573040108 27.969744603538 60.2282070938142
vertex 138.381734890556 29.832757740847 60.1303450855688
vertex 137.688485656825 28.6320148457156 60.2282070938142
endloop
endfacet
facet normal 0.0406054159043385 0.0703306434087795 0.99669694531334
outer loop
vertex 138.381734890556 29.832757740847 60.1303450855688
vertex 138.551573040108 27.969744603538 60.2282070938142
vertex 139.531975508556 28.9501470719861 60.1303450855688
endloop
endfacet
facet normal 0.0574247298777158 0.0574247298777154 0.99669694531334
outer loop
vertex 139.531975508556 28.9501470719861 60.1303450855688
vertex 139.073866393762 31.0315646699182 60.0047628335703
vertex 138.381734890556 29.832757740847 60.1303450855688
endloop
endfacet
facet normal 0.0505670386859431 0.0875846801923543 0.994872805133469
outer loop
vertex 139.073866393762 31.0315646699182 60.0047628335703
vertex 139.531975508556 28.9501470719861 60.1303450855688
vertex 140.510797267335 29.9289688307652 60.0047628335703
endloop
endfacet
facet normal 0.0715125919187059 0.0715125919187051 0.994872805133469
outer loop
vertex 140.510797267335 29.9289688307652 60.0047628335703
vertex 139.764603089139 32.2279557209641 59.8515106114901
vertex 139.073866393762 31.0315646699182 60.0047628335703
endloop
endfacet
facet normal 0.0605082557138781 0.104803373173806 0.992650494364384
outer loop
vertex 139.764603089139 32.2279557209641 59.8515106114901
vertex 140.510797267335 29.9289688307652 60.0047628335703
vertex 141.487646469967 30.9058180333967 59.8515106114901
endloop
endfacet
facet normal 0.085571595866106 0.0855715958661053 0.992650494364384
outer loop
vertex 141.487646469967 30.9058180333967 59.8515106114901
vertex 140.453668457762 33.4214519491548 59.6706497699704
vertex 139.764603089139 32.2279557209641 59.8515106114901
endloop
endfacet
facet normal 0.0704250895310536 0.121979833195372 0.99003092227373
outer loop
vertex 140.453668457762 33.4214519491548 59.6706497699704
vertex 141.487646469967 30.9058180333967 59.8515106114901
vertex 142.462132059635 31.8803036230646 59.6706497699704
endloop
endfacet
facet normal 0.099596116746156 0.0995961167461553 0.99003092227373
outer loop
vertex 142.462132059635 31.8803036230646 59.6706497699704
vertex 141.140786649777 34.6115755685297 59.4622527120644
vertex 140.453668457762 33.4214519491548 59.6706497699704
endloop
endfacet
facet normal 0.0803135728351279 0.139107188687825 0.98701515696256
outer loop
vertex 141.140786649777 34.6115755685297 59.4622527120644
vertex 142.462132059635 31.8803036230646 59.6706497699704
vertex 143.433863925736 32.8520354891655 59.4622527120644
endloop
endfacet
facet normal 0.113580543946078 0.113580543946077 0.98701515696256
outer loop
vertex 143.433863925736 32.8520354891655 59.4622527120644
vertex 141.825682594834 35.7978501432665 59.2264028642515
vertex 141.140786649777 34.6115755685297 59.4622527120644
endloop
endfacet
facet normal 0.0901697500622161 0.156178588413545 0.983604424906105
outer loop
vertex 141.825682594834 35.7978501432665 59.2264028642515
vertex 143.433863925736 32.8520354891655 59.4622527120644
vertex 144.40245306005 33.8206246234796 59.2264028642515
endloop
endfacet
facet normal 0.127519283453779 0.127519283453777 0.983604424906105
outer loop
vertex 144.40245306005 33.8206246234796 59.2264028642515
vertex 142.508082112203 36.9798007784103 58.9631946430397
vertex 141.825682594834 35.7978501432665 59.2264028642515
endloop
endfacet
facet normal 0.0999896789652934 0.173187204200389 0.979800110431546
outer loop
vertex 142.508082112203 36.9798007784103 58.9631946430397
vertex 144.40245306005 33.8206246234796 59.2264028642515
vertex 145.36751171247 34.7856832758998 58.9631946430397
endloop
endfacet
facet normal 0.14140676009005 0.141406760090049 0.979800110431546
outer loop
vertex 145.36751171247 34.7856832758998 58.9631946430397
vertex 143.187712020536 38.1569543099859 58.6727334171683
vertex 142.508082112203 36.9798007784103 58.9631946430397
endloop
endfacet
facet normal 0.109769432186592 0.190126233665164 0.975603755133063
outer loop
vertex 143.187712020536 38.1569543099859 58.6727334171683
vertex 145.36751171247 34.7856832758998 58.9631946430397
vertex 146.328653546229 35.7468251096583 58.6727334171683
endloop
endfacet
facet normal 0.0142823903222707 0.00824594189723433 0.999863999636405
outer loop
vertex 136.808472924347 25.7179159965978 60.3406247855294
vertex 137.569982341267 26.9881539046969 60.2983096817324
vertex 136.587596366986 26.0057679304163 60.3406247855294
endloop
endfacet
facet normal 0.0291849897307069 0.0291849897307068 0.999147873314474
outer loop
vertex 137.569982341267 26.9881539046969 60.2983096817324
vertex 136.808472924347 25.7179159965978 60.3406247855294
vertex 138.011645108074 26.4125677807542 60.2983096817324
endloop
endfacet
facet normal 0.0357441664942994 0.0206369041474427 0.999147873314474
outer loop
vertex 138.011645108074 26.4125677807542 60.2983096817324
vertex 138.551573040108 27.969744603538 60.2282070938142
vertex 137.569982341267 26.9881539046969 60.2983096817324
endloop
endfacet
facet normal 0.0433136468314777 0.0433136468314775 0.998122164865762
outer loop
vertex 138.551573040108 27.969744603538 60.2282070938142
vertex 138.011645108074 26.4125677807542 60.2983096817324
vertex 139.213843282286 27.1066572202544 60.2282070938142
endloop
endfacet
facet normal 0.0530481668181188 0.0306273733924573 0.998122164865762
outer loop
vertex 139.213843282286 27.1066572202544 60.2282070938142
vertex 139.531975508556 28.9501470719861 60.1303450855688
vertex 138.551573040108 27.969744603538 60.2282070938142
endloop
endfacet
facet normal 0.0574247298777158 0.0574247298777154 0.99669694531334
outer loop
vertex 139.531975508556 28.9501470719861 60.1303450855688
vertex 139.213843282286 27.1066572202544 60.2282070938142
vertex 140.414586177417 27.7999064539861 60.1303450855688
endloop
endfacet
facet normal 0.0703306434087797 0.0406054159043387 0.99669694531334
outer loop
vertex 140.414586177417 27.7999064539861 60.1303450855688
vertex 140.510797267335 29.9289688307652 60.0047628335703
vertex 139.531975508556 28.9501470719861 60.1303450855688
endloop
endfacet
facet normal 0.0715125919187059 0.0715125919187051 0.994872805133469
outer loop
vertex 140.510797267335 29.9289688307652 60.0047628335703
vertex 140.414586177417 27.7999064539861 60.1303450855688
vertex 141.613393106489 28.4920379571917 60.0047628335703
endloop
endfacet
facet normal 0.0875846801923541 0.0505670386859428 0.994872805133469
outer loop
vertex 141.613393106489 28.4920379571917 60.0047628335703
vertex 141.487646469967 30.9058180333967 59.8515106114901
vertex 140.510797267335 29.9289688307652 60.0047628335703
endloop
endfacet
facet normal 0.085571595866106 0.0855715958661053 0.992650494364384
outer loop
vertex 141.487646469967 30.9058180333967 59.8515106114901
vertex 141.613393106489 28.4920379571917 60.0047628335703
vertex 142.809784157534 29.1827746525691 59.8515106114901
endloop
endfacet
facet normal 0.104803373173807 0.060508255713878 0.992650494364384
outer loop
vertex 142.809784157534 29.1827746525691 59.8515106114901
vertex 142.462132059635 31.8803036230646 59.6706497699704
vertex 141.487646469967 30.9058180333967 59.8515106114901
endloop
endfacet
facet normal 0.099596116746156 0.0995961167461553 0.99003092227373
outer loop
vertex 142.462132059635 31.8803036230646 59.6706497699704
vertex 142.809784157534 29.1827746525691 59.8515106114901
vertex 144.003280385725 29.8718400211918 59.6706497699704
endloop
endfacet
facet normal 0.121979833195372 0.070425089531054 0.99003092227373
outer loop
vertex 144.003280385725 29.8718400211918 59.6706497699704
vertex 143.433863925736 32.8520354891655 59.4622527120644
vertex 142.462132059635 31.8803036230646 59.6706497699704
endloop
endfacet
facet normal 0.113580543946078 0.113580543946077 0.98701515696256
outer loop
vertex 143.433863925736 32.8520354891655 59.4622527120644
vertex 144.003280385725 29.8718400211918 59.6706497699704
vertex 145.1934040051 30.5589582132069 59.4622527120644
endloop
endfacet
facet normal 0.139107188687825 0.0803135728351278 0.98701515696256
outer loop
vertex 145.1934040051 30.5589582132069 59.4622527120644
vertex 144.40245306005 33.8206246234796 59.2264028642515
vertex 143.433863925736 32.8520354891655 59.4622527120644
endloop
endfacet
facet normal 0.127519283453779 0.127519283453777 0.983604424906105
outer loop
vertex 144.40245306005 33.8206246234796 59.2264028642515
vertex 145.1934040051 30.5589582132069 59.4622527120644
vertex 146.379678579837 31.2438541582639 59.2264028642515
endloop
endfacet
facet normal 0.156178588413545 0.0901697500622156 0.983604424906105
outer loop
vertex 146.379678579837 31.2438541582639 59.2264028642515
vertex 145.36751171247 34.7856832758998 58.9631946430397
vertex 144.40245306005 33.8206246234796 59.2264028642515
endloop
endfacet
facet normal 0.14140676009005 0.141406760090049 0.979800110431546
outer loop
vertex 145.36751171247 34.7856832758998 58.9631946430397
vertex 146.379678579837 31.2438541582639 59.2264028642515
vertex 147.561629214981 31.9262536756331 58.9631946430397
endloop
endfacet
facet normal 0.173187204200389 0.0999896789652931 0.979800110431546
outer loop
vertex 147.561629214981 31.9262536756331 58.9631946430397
vertex 146.328653546229 35.7468251096583 58.6727334171683
vertex 145.36751171247 34.7856832758998 58.9631946430397
endloop
endfacet
facet normal 0.155237419732272 0.155237419732271 0.975603755133063
outer loop
vertex 146.328653546229 35.7468251096583 58.6727334171683
vertex 147.561629214981 31.9262536756331 58.9631946430397
vertex 148.738782746556 32.6058835839657 58.6727334171683
endloop
endfacet
facet normal 0.0159299364812353 0.00426841361562624 0.999863999636406
outer loop
vertex 136.947321732882 25.3827053199137 60.3406247855294
vertex 138.011645108074 26.4125677807542 60.2983096817324
vertex 136.808472924347 25.7179159965978 60.3406247855294
endloop
endfacet
facet normal 0.0357441664942994 0.0206369041474427 0.999147873314474
outer loop
vertex 138.011645108074 26.4125677807542 60.2983096817324
vertex 136.947321732882 25.3827053199137 60.3406247855294
vertex 138.289285930071 25.7422835428219 60.2983096817324
endloop
endfacet
facet normal 0.0398674373813335 0.0106824476506269 0.999147873314475
outer loop
vertex 138.289285930071 25.7422835428219 60.2983096817324
vertex 139.213843282286 27.1066572202544 60.2282070938142
vertex 138.011645108074 26.4125677807542 60.2983096817324
endloop
endfacet
facet normal 0.0530481668181188 0.0306273733924573 0.998122164865762
outer loop
vertex 139.213843282286 27.1066572202544 60.2282070938142
vertex 138.289285930071 25.7422835428219 60.2983096817324
vertex 139.630163760807 26.1015706747163 60.2282070938142
endloop
endfacet
facet normal 0.0591675419023459 0.0158538950708686 0.998122164865762
outer loop
vertex 139.630163760807 26.1015706747163 60.2282070938142
vertex 140.414586177417 27.7999064539861 60.1303450855688
vertex 139.213843282286 27.1066572202544 60.2282070938142
endloop
endfacet
facet normal 0.0703306434087797 0.0406054159043387 0.99669694531334
outer loop
vertex 140.414586177417 27.7999064539861 60.1303450855688
vertex 139.630163760807 26.1015706747163 60.2282070938142
vertex 140.96941843864 26.4604228841013 60.1303450855688
endloop
endfacet
facet normal 0.0784436398184191 0.0210189099407038 0.99669694531334
outer loop
vertex 140.96941843864 26.4604228841013 60.1303450855688
vertex 141.613393106489 28.4920379571917 60.0047628335703
vertex 140.414586177417 27.7999064539861 60.1303450855688
endloop
endfacet
facet normal 0.0875846801923541 0.0505670386859428 0.994872805133469
outer loop
vertex 141.613393106489 28.4920379571917 60.0047628335703
vertex 140.96941843864 26.4604228841013 60.1303450855688
vertex 142.306513826909 26.8186965135914 60.0047628335703
endloop
endfacet
facet normal 0.0976880172514211 0.0261754253327165 0.994872805133469
outer loop
vertex 142.306513826909 26.8186965135914 60.0047628335703
vertex 142.809784157534 29.1827746525691 59.8515106114901
vertex 141.613393106489 28.4920379571917 60.0047628335703
endloop
endfacet
facet normal 0.104803373173807 0.060508255713878 0.992650494364384
outer loop
vertex 142.809784157534 29.1827746525691 59.8515106114901
vertex 142.306513826909 26.8186965135914 60.0047628335703
vertex 143.64091465337 27.1762481374211 59.8515106114901
endloop
endfacet
facet normal 0.116892973795475 0.0313213779293709 0.992650494364384
outer loop
vertex 143.64091465337 27.1762481374211 59.8515106114901
vertex 144.003280385725 29.8718400211918 59.6706497699704
vertex 142.809784157534 29.1827746525691 59.8515106114901
endloop
endfacet
facet normal 0.121979833195372 0.070425089531054 0.99003092227373
outer loop
vertex 144.003280385725 29.8718400211918 59.6706497699704
vertex 143.64091465337 27.1762481374211 59.8515106114901
vertex 144.972086724478 27.5329346188614 59.6706497699704
endloop
endfacet
facet normal 0.13605082559353 0.0364547088473749 0.99003092227373
outer loop
vertex 144.972086724478 27.5329346188614 59.6706497699704
vertex 145.1934040051 30.5589582132069 59.4622527120644
vertex 144.003280385725 29.8718400211918 59.6706497699704
endloop
endfacet
facet normal 0.139107188687825 0.0803135728351278 0.98701515696256
outer loop
vertex 145.1934040051 30.5589582132069 59.4622527120644
vertex 144.972086724478 27.5329346188614 59.6706497699704
vertex 146.299497139239 27.8886131675212 59.4622527120644
endloop
endfacet
facet normal 0.155153908405996 0.04157336445992 0.98701515696256
outer loop
vertex 146.299497139239 27.8886131675212 59.4622527120644
vertex 146.379678579837 31.2438541582639 59.2264028642515
vertex 145.1934040051 30.5589582132069 59.4622527120644
endloop
endfacet
facet normal 0.156178588413545 0.0901697500622156 0.983604424906105
outer loop
vertex 146.379678579837 31.2438541582639 59.2264028642515
vertex 146.299497139239 27.8886131675212 59.4622527120644
vertex 147.622614502541 28.2431413965098 59.2264028642515
endloop
endfacet
facet normal 0.174194580670249 0.0466752972164725 0.983604424906105
outer loop
vertex 147.622614502541 28.2431413965098 59.2264028642515
vertex 147.561629214981 31.9262536756331 58.9631946430397
vertex 146.379678579837 31.2438541582639 59.2264028642515
endloop
endfacet
facet normal 0.173187204200389 0.0999896789652931 0.979800110431546
outer loop
vertex 147.561629214981 31.9262536756331 58.9631946430397
vertex 147.622614502541 28.2431413965098 59.2264028642515
vertex 148.94090913789 28.5963773794376 58.9631946430397
endloop
endfacet
facet normal 0.193165226549858 0.0517584664598109 0.979800110431546
outer loop
vertex 148.94090913789 28.5963773794376 58.9631946430397
vertex 148.738782746556 32.6058835839657 58.6727334171683
vertex 147.561629214981 31.9262536756331 58.9631946430397
endloop
endfacet
facet normal 0.190126233665164 0.109769432186592 0.975603755133063
outer loop
vertex 148.738782746556 32.6058835839657 58.6727334171683
vertex 148.94090913789 28.5963773794376 58.9631946430397
vertex 150.253853299444 28.9481797072331 58.6727334171683
endloop
endfacet
facet normal 0.0164918837944691 1.1196996780724e-016 0.999863999636405
outer loop
vertex 136.994680475748 25.0229799540182 60.3406247855294
vertex 138.289285930071 25.7422835428219 60.2983096817324
vertex 136.947321732882 25.3827053199137 60.3406247855294
endloop
endfacet
facet normal 0.0398674373813335 0.0106824476506269 0.999147873314475
outer loop
vertex 138.289285930071 25.7422835428219 60.2983096817324
vertex 136.994680475748 25.0229799540182 60.3406247855294
vertex 138.383984044061 25.0229799540182 60.2983096817324
endloop
endfacet
facet normal 0.0412738082948852 -5.27383876545467e-017 0.999147873314474
outer loop
vertex 138.383984044061 25.0229799540182 60.2983096817324
vertex 139.630163760807 26.1015706747163 60.2282070938142
vertex 138.289285930071 25.7422835428219 60.2983096817324
endloop
endfacet
facet normal 0.0591675419023459 0.0158538950708686 0.998122164865762
outer loop
vertex 139.630163760807 26.1015706747163 60.2282070938142
vertex 138.383984044061 25.0229799540182 60.2983096817324
vertex 139.772162923061 25.0229799540182 60.2282070938142
endloop
endfacet
facet normal 0.0612547467849141 -1.63467030238791e-016 0.998122164865762
outer loop
vertex 139.772162923061 25.0229799540182 60.2282070938142
vertex 140.96941843864 26.4604228841013 60.1303450855688
vertex 139.630163760807 26.1015706747163 60.2282070938142
endloop
endfacet
facet normal 0.0784436398184191 0.0210189099407038 0.99669694531334
outer loop
vertex 140.96941843864 26.4604228841013 60.1303450855688
vertex 139.772162923061 25.0229799540182 60.2282070938142
vertex 141.158661390524 25.0229799540182 60.1303450855688
endloop
endfacet
facet normal 0.0812108318086772 -5.96458431331742e-017 0.99669694531334
outer loop
vertex 141.158661390524 25.0229799540182 60.1303450855688
vertex 142.306513826909 26.8186965135914 60.0047628335703
vertex 140.96941843864 26.4604228841013 60.1303450855688
endloop
endfacet
facet normal 0.0976880172514211 0.0261754253327165 0.994872805133469
outer loop
vertex 142.306513826909 26.8186965135914 60.0047628335703
vertex 141.158661390524 25.0229799540182 60.1303450855688
vertex 142.542924396936 25.0229799540182 60.0047628335703
endloop
endfacet
facet normal 0.101134077371886 1.2316355429672e-016 0.994872805133469
outer loop
vertex 142.542924396936 25.0229799540182 60.0047628335703
vertex 143.64091465337 27.1762481374211 59.8515106114901
vertex 142.306513826909 26.8186965135914 60.0047628335703
endloop
endfacet
facet normal 0.116892973795475 0.0313213779293709 0.992650494364384
outer loop
vertex 143.64091465337 27.1762481374211 59.8515106114901
vertex 142.542924396936 25.0229799540182 60.0047628335703
vertex 143.92439778769 25.0229799540182 59.8515106114901
endloop
endfacet
facet normal 0.121016511427756 2.02153978557885e-016 0.992650494364384
outer loop
vertex 143.92439778769 25.0229799540182 59.8515106114901
vertex 144.972086724478 27.5329346188614 59.6706497699704
vertex 143.64091465337 27.1762481374211 59.8515106114901
endloop
endfacet
facet normal 0.13605082559353 0.0364547088473749 0.99003092227373
outer loop
vertex 144.972086724478 27.5329346188614 59.6706497699704
vertex 143.92439778769 25.0229799540182 59.8515106114901
vertex 145.302528524936 25.0229799540182 59.6706497699704
endloop
endfacet
facet normal 0.140850179062108 2.3088953525523e-016 0.99003092227373
outer loop
vertex 145.302528524936 25.0229799540182 59.6706497699704
vertex 146.299497139239 27.8886131675212 59.4622527120644
vertex 144.972086724478 27.5329346188614 59.6706497699704
endloop
endfacet
facet normal 0.155153908405996 0.04157336445992 0.98701515696256
outer loop
vertex 146.299497139239 27.8886131675212 59.4622527120644
vertex 145.302528524936 25.0229799540182 59.6706497699704
vertex 146.676764908966 25.0229799540182 59.4622527120644
endloop
endfacet
facet normal 0.160627145670255 2.2206680732787e-016 0.98701515696256
outer loop
vertex 146.676764908966 25.0229799540182 59.4622527120644
vertex 147.622614502541 28.2431413965098 59.2264028642515
vertex 146.299497139239 27.8886131675212 59.4622527120644
endloop
endfacet
facet normal 0.174194580670249 0.0466752972164725 0.983604424906105
outer loop
vertex 147.622614502541 28.2431413965098 59.2264028642515
vertex 146.676764908966 25.0229799540182 59.4622527120644
vertex 148.04655679908 25.0229799540182 59.2264028642515
endloop
endfacet
facet normal 0.180339500124431 2.83957386411301e-016 0.983604424906105
outer loop
vertex 148.04655679908 25.0229799540182 59.2264028642515
vertex 148.94090913789 28.5963773794376 58.9631946430397
vertex 147.622614502541 28.2431413965098 59.2264028642515
endloop
endfacet
facet normal 0.193165226549858 0.0517584664598109 0.979800110431546
outer loop
vertex 148.94090913789 28.5963773794376 58.9631946430397
vertex 148.04655679908 25.0229799540182 59.2264028642515
vertex 149.411355833818 25.0229799540182 58.9631946430397
endloop
endfacet
facet normal 0.199979357930586 2.11051601892202e-016 0.979800110431546
outer loop
vertex 149.411355833818 25.0229799540182 58.9631946430397
vertex 150.253853299444 28.9481797072331 58.6727334171683
vertex 148.94090913789 28.5963773794376 58.9631946430397
endloop
endfacet
facet normal 0.212058258972231 0.0568208392399607 0.975603755133063
outer loop
vertex 150.253853299444 28.9481797072331 58.6727334171683
vertex 149.411355833818 25.0229799540182 58.9631946430397
vertex 150.770615650484 25.0229799540182 58.6727334171683
endloop
endfacet
facet normal 0.0398674373813336 -0.0106824476506271 0.999147873314474
outer loop
vertex 138.289285930071 24.3036763652145 60.2983096817324
vertex 136.994680475748 25.0229799540182 60.3406247855294
vertex 136.947321732882 24.6632545881227 60.3406247855294
endloop
endfacet
facet normal 0.0164918837944691 1.1196996780724e-016 0.999863999636405
outer loop
vertex 136.994680475748 25.0229799540182 60.3406247855294
vertex 138.289285930071 24.3036763652145 60.2983096817324
vertex 138.383984044061 25.0229799540182 60.2983096817324
endloop
endfacet
facet normal 0.0591675419023457 -0.0158538950708687 0.998122164865762
outer loop
vertex 139.630163760807 23.9443892333201 60.2282070938142
vertex 138.383984044061 25.0229799540182 60.2983096817324
vertex 138.289285930071 24.3036763652145 60.2983096817324
endloop
endfacet
facet normal 0.0412738082948852 -5.27383876545467e-017 0.999147873314474
outer loop
vertex 138.383984044061 25.0229799540182 60.2983096817324
vertex 139.630163760807 23.9443892333201 60.2282070938142
vertex 139.772162923061 25.0229799540182 60.2282070938142
endloop
endfacet
facet normal 0.0784436398184189 -0.0210189099407039 0.99669694531334
outer loop
vertex 140.96941843864 23.5855370239351 60.1303450855688
vertex 139.772162923061 25.0229799540182 60.2282070938142
vertex 139.630163760807 23.9443892333201 60.2282070938142
endloop
endfacet
facet normal 0.0612547467849141 -1.63467030238791e-016 0.998122164865762
outer loop
vertex 139.772162923061 25.0229799540182 60.2282070938142
vertex 140.96941843864 23.5855370239351 60.1303450855688
vertex 141.158661390524 25.0229799540182 60.1303450855688
endloop
endfacet
facet normal 0.0976880172514209 -0.0261754253327166 0.994872805133469
outer loop
vertex 142.306513826909 23.227263394445 60.0047628335703
vertex 141.158661390524 25.0229799540182 60.1303450855688
vertex 140.96941843864 23.5855370239351 60.1303450855688
endloop
endfacet
facet normal 0.0812108318086772 -5.96458431331742e-017 0.99669694531334
outer loop
vertex 141.158661390524 25.0229799540182 60.1303450855688
vertex 142.306513826909 23.227263394445 60.0047628335703
vertex 142.542924396936 25.0229799540182 60.0047628335703
endloop
endfacet
facet normal 0.116892973795475 -0.0313213779293709 0.992650494364384
outer loop
vertex 143.64091465337 22.8697117706153 59.8515106114901
vertex 142.542924396936 25.0229799540182 60.0047628335703
vertex 142.306513826909 23.227263394445 60.0047628335703
endloop
endfacet
facet normal 0.101134077371886 1.2316355429672e-016 0.994872805133469
outer loop
vertex 142.542924396936 25.0229799540182 60.0047628335703
vertex 143.64091465337 22.8697117706153 59.8515106114901
vertex 143.92439778769 25.0229799540182 59.8515106114901
endloop
endfacet
facet normal 0.13605082559353 -0.036454708847375 0.99003092227373
outer loop
vertex 144.972086724478 22.513025289175 59.6706497699704
vertex 143.92439778769 25.0229799540182 59.8515106114901
vertex 143.64091465337 22.8697117706153 59.8515106114901
endloop
endfacet
facet normal 0.121016511427756 2.02153978557885e-016 0.992650494364384
outer loop
vertex 143.92439778769 25.0229799540182 59.8515106114901
vertex 144.972086724478 22.513025289175 59.6706497699704
vertex 145.302528524936 25.0229799540182 59.6706497699704
endloop
endfacet
facet normal 0.155153908405995 -0.04157336445992 0.98701515696256
outer loop
vertex 146.299497139239 22.1573467405151 59.4622527120644
vertex 145.302528524936 25.0229799540182 59.6706497699704
vertex 144.972086724478 22.513025289175 59.6706497699704
endloop
endfacet
facet normal 0.140850179062108 2.3088953525523e-016 0.99003092227373
outer loop
vertex 145.302528524936 25.0229799540182 59.6706497699704
vertex 146.299497139239 22.1573467405151 59.4622527120644
vertex 146.676764908966 25.0229799540182 59.4622527120644
endloop
endfacet
facet normal 0.174194580670249 -0.0466752972164729 0.983604424906105
outer loop
vertex 147.622614502541 21.8028185115266 59.2264028642515
vertex 146.676764908966 25.0229799540182 59.4622527120644
vertex 146.299497139239 22.1573467405151 59.4622527120644
endloop
endfacet
facet normal 0.160627145670255 2.2206680732787e-016 0.98701515696256
outer loop
vertex 146.676764908966 25.0229799540182 59.4622527120644
vertex 147.622614502541 21.8028185115266 59.2264028642515
vertex 148.04655679908 25.0229799540182 59.2264028642515
endloop
endfacet
facet normal 0.193165226549858 -0.0517584664598112 0.979800110431546
outer loop
vertex 148.94090913789 21.4495825285988 58.9631946430397
vertex 148.04655679908 25.0229799540182 59.2264028642515
vertex 147.622614502541 21.8028185115266 59.2264028642515
endloop
endfacet
facet normal 0.180339500124431 2.83957386411301e-016 0.983604424906105
outer loop
vertex 148.04655679908 25.0229799540182 59.2264028642515
vertex 148.94090913789 21.4495825285988 58.9631946430397
vertex 149.411355833818 25.0229799540182 58.9631946430397
endloop
endfacet
facet normal 0.212058258972231 -0.0568208392399608 0.975603755133063
outer loop
vertex 150.253853299444 21.0977802008032 58.6727334171683
vertex 149.411355833818 25.0229799540182 58.9631946430397
vertex 148.94090913789 21.4495825285988 58.9631946430397
endloop
endfacet
facet normal 0.199979357930586 2.11051601892202e-016 0.979800110431546
outer loop
vertex 149.411355833818 25.0229799540182 58.9631946430397
vertex 150.253853299444 21.0977802008032 58.6727334171683
vertex 150.770615650484 25.0229799540182 58.6727334171683
endloop
endfacet
facet normal 0.0357441664942994 -0.0206369041474429 0.999147873314474
outer loop
vertex 138.011645108074 23.6333921272823 60.2983096817324
vertex 136.947321732882 24.6632545881227 60.3406247855294
vertex 136.808472924347 24.3280439114387 60.3406247855294
endloop
endfacet
facet normal 0.015929936481236 -0.00426841361562637 0.999863999636406
outer loop
vertex 136.947321732882 24.6632545881227 60.3406247855294
vertex 138.011645108074 23.6333921272823 60.2983096817324
vertex 138.289285930071 24.3036763652145 60.2983096817324
endloop
endfacet
facet normal 0.0530481668181186 -0.0306273733924573 0.998122164865762
outer loop
vertex 139.213843282286 22.939302687782 60.2282070938142
vertex 138.289285930071 24.3036763652145 60.2983096817324
vertex 138.011645108074 23.6333921272823 60.2983096817324
endloop
endfacet
facet normal 0.0398674373813336 -0.0106824476506271 0.999147873314474
outer loop
vertex 138.289285930071 24.3036763652145 60.2983096817324
vertex 139.213843282286 22.939302687782 60.2282070938142
vertex 139.630163760807 23.9443892333201 60.2282070938142
endloop
endfacet
facet normal 0.0703306434087798 -0.040605415904339 0.99669694531334
outer loop
vertex 140.414586177417 22.2460534540504 60.1303450855688
vertex 139.630163760807 23.9443892333201 60.2282070938142
vertex 139.213843282286 22.939302687782 60.2282070938142
endloop
endfacet
facet normal 0.0591675419023457 -0.0158538950708687 0.998122164865762
outer loop
vertex 139.630163760807 23.9443892333201 60.2282070938142
vertex 140.414586177417 22.2460534540504 60.1303450855688
vertex 140.96941843864 23.5855370239351 60.1303450855688
endloop
endfacet
facet normal 0.0875846801923536 -0.0505670386859433 0.994872805133469
outer loop
vertex 141.613393106489 21.5539219508447 60.0047628335703
vertex 140.96941843864 23.5855370239351 60.1303450855688
vertex 140.414586177417 22.2460534540504 60.1303450855688
endloop
endfacet
facet normal 0.0784436398184189 -0.0210189099407039 0.99669694531334
outer loop
vertex 140.96941843864 23.5855370239351 60.1303450855688
vertex 141.613393106489 21.5539219508447 60.0047628335703
vertex 142.306513826909 23.227263394445 60.0047628335703
endloop
endfacet
facet normal 0.104803373173806 -0.0605082557138785 0.992650494364384
outer loop
vertex 142.809784157534 20.8631852554673 59.8515106114901
vertex 142.306513826909 23.227263394445 60.0047628335703
vertex 141.613393106489 21.5539219508447 60.0047628335703
endloop
endfacet
facet normal 0.0976880172514209 -0.0261754253327166 0.994872805133469
outer loop
vertex 142.306513826909 23.227263394445 60.0047628335703
vertex 142.809784157534 20.8631852554673 59.8515106114901
vertex 143.64091465337 22.8697117706153 59.8515106114901
endloop
endfacet
facet normal 0.121979833195373 -0.0704250895310546 0.99003092227373
outer loop
vertex 144.003280385725 20.1741198868446 59.6706497699704
vertex 143.64091465337 22.8697117706153 59.8515106114901
vertex 142.809784157534 20.8631852554673 59.8515106114901
endloop
endfacet
facet normal 0.116892973795475 -0.0313213779293709 0.992650494364384
outer loop
vertex 143.64091465337 22.8697117706153 59.8515106114901
vertex 144.003280385725 20.1741198868446 59.6706497699704
vertex 144.972086724478 22.513025289175 59.6706497699704
endloop
endfacet
facet normal 0.139107188687824 -0.0803135728351278 0.98701515696256
outer loop
vertex 145.1934040051 19.4870016948296 59.4622527120644
vertex 144.972086724478 22.513025289175 59.6706497699704
vertex 144.003280385725 20.1741198868446 59.6706497699704
endloop
endfacet
facet normal 0.13605082559353 -0.036454708847375 0.99003092227373
outer loop
vertex 144.972086724478 22.513025289175 59.6706497699704
vertex 145.1934040051 19.4870016948296 59.4622527120644
vertex 146.299497139239 22.1573467405151 59.4622527120644
endloop
endfacet
facet normal 0.156178588413545 -0.0901697500622164 0.983604424906105
outer loop
vertex 146.379678579837 18.8021057497725 59.2264028642515
vertex 146.299497139239 22.1573467405151 59.4622527120644
vertex 145.1934040051 19.4870016948296 59.4622527120644
endloop
endfacet
facet normal 0.155153908405995 -0.04157336445992 0.98701515696256
outer loop
vertex 146.299497139239 22.1573467405151 59.4622527120644
vertex 146.379678579837 18.8021057497725 59.2264028642515
vertex 147.622614502541 21.8028185115266 59.2264028642515
endloop
endfacet
facet normal 0.173187204200389 -0.0999896789652942 0.979800110431546
outer loop
vertex 147.561629214981 18.1197062324033 58.9631946430397
vertex 147.622614502541 21.8028185115266 59.2264028642515
vertex 146.379678579837 18.8021057497725 59.2264028642515
endloop
endfacet
facet normal 0.174194580670249 -0.0466752972164729 0.983604424906105
outer loop
vertex 147.622614502541 21.8028185115266 59.2264028642515
vertex 147.561629214981 18.1197062324033 58.9631946430397
vertex 148.94090913789 21.4495825285988 58.9631946430397
endloop
endfacet
facet normal 0.190126233665163 -0.109769432186593 0.975603755133063
outer loop
vertex 148.738782746556 17.4400763240706 58.6727334171683
vertex 148.94090913789 21.4495825285988 58.9631946430397
vertex 147.561629214981 18.1197062324033 58.9631946430397
endloop
endfacet
facet normal 0.193165226549858 -0.0517584664598112 0.979800110431546
outer loop
vertex 148.94090913789 21.4495825285988 58.9631946430397
vertex 148.738782746556 17.4400763240706 58.6727334171683
vertex 150.253853299444 21.0977802008032 58.6727334171683
endloop
endfacet
facet normal 0.029184989730707 -0.0291849897307069 0.999147873314474
outer loop
vertex 137.569982341267 23.0578060033396 60.2983096817324
vertex 136.808472924347 24.3280439114387 60.3406247855294
vertex 136.587596366986 24.0401919776202 60.3406247855294
endloop
endfacet
facet normal 0.014282390322271 -0.0082459418972346 0.999863999636405
outer loop
vertex 136.808472924347 24.3280439114387 60.3406247855294
vertex 137.569982341267 23.0578060033396 60.2983096817324
vertex 138.011645108074 23.6333921272823 60.2983096817324
endloop
endfacet
facet normal 0.0433136468314777 -0.0433136468314776 0.998122164865762
outer loop
vertex 138.551573040108 22.0762153044984 60.2282070938142
vertex 138.011645108074 23.6333921272823 60.2983096817324
vertex 137.569982341267 23.0578060033396 60.2983096817324
endloop
endfacet
facet normal 0.0357441664942994 -0.0206369041474429 0.999147873314474
outer loop
vertex 138.011645108074 23.6333921272823 60.2983096817324
vertex 138.551573040108 22.0762153044984 60.2282070938142
vertex 139.213843282286 22.939302687782 60.2282070938142
endloop
endfacet
facet normal 0.0574247298777161 -0.0574247298777159 0.99669694531334
outer loop
vertex 139.531975508556 21.0958128360503 60.1303450855688
vertex 139.213843282286 22.939302687782 60.2282070938142
vertex 138.551573040108 22.0762153044984 60.2282070938142
endloop
endfacet
facet normal 0.0530481668181186 -0.0306273733924573 0.998122164865762
outer loop
vertex 139.213843282286 22.939302687782 60.2282070938142
vertex 139.531975508556 21.0958128360503 60.1303450855688
vertex 140.414586177417 22.2460534540504 60.1303450855688
endloop
endfacet
facet normal 0.0715125919187053 -0.0715125919187051 0.994872805133469
outer loop
vertex 140.510797267335 20.1169910772712 60.0047628335703
vertex 140.414586177417 22.2460534540504 60.1303450855688
vertex 139.531975508556 21.0958128360503 60.1303450855688
endloop
endfacet
facet normal 0.0703306434087798 -0.040605415904339 0.99669694531334
outer loop
vertex 140.414586177417 22.2460534540504 60.1303450855688
vertex 140.510797267335 20.1169910772712 60.0047628335703
vertex 141.613393106489 21.5539219508447 60.0047628335703
endloop
endfacet
facet normal 0.0855715958661058 -0.0855715958661053 0.992650494364384
outer loop
vertex 141.487646469967 19.1401418746397 59.8515106114901
vertex 141.613393106489 21.5539219508447 60.0047628335703
vertex 140.510797267335 20.1169910772712 60.0047628335703
endloop
endfacet
facet normal 0.0875846801923536 -0.0505670386859433 0.994872805133469
outer loop
vertex 141.613393106489 21.5539219508447 60.0047628335703
vertex 141.487646469967 19.1401418746397 59.8515106114901
vertex 142.809784157534 20.8631852554673 59.8515106114901
endloop
endfacet
facet normal 0.0995961167461563 -0.0995961167461559 0.99003092227373
outer loop
vertex 142.462132059635 18.1656562849719 59.6706497699704
vertex 142.809784157534 20.8631852554673 59.8515106114901
vertex 141.487646469967 19.1401418746397 59.8515106114901
endloop
endfacet
facet normal 0.104803373173806 -0.0605082557138785 0.992650494364384
outer loop
vertex 142.809784157534 20.8631852554673 59.8515106114901
vertex 142.462132059635 18.1656562849719 59.6706497699704
vertex 144.003280385725 20.1741198868446 59.6706497699704
endloop
endfacet
facet normal 0.113580543946077 -0.113580543946076 0.98701515696256
outer loop
vertex 143.433863925736 17.1939244188709 59.4622527120644
vertex 144.003280385725 20.1741198868446 59.6706497699704
vertex 142.462132059635 18.1656562849719 59.6706497699704
endloop
endfacet
facet normal 0.121979833195373 -0.0704250895310546 0.99003092227373
outer loop
vertex 144.003280385725 20.1741198868446 59.6706497699704
vertex 143.433863925736 17.1939244188709 59.4622527120644
vertex 145.1934040051 19.4870016948296 59.4622527120644
endloop
endfacet
facet normal 0.127519283453778 -0.127519283453778 0.983604424906105
outer loop
vertex 144.40245306005 16.2253352845568 59.2264028642515
vertex 145.1934040051 19.4870016948296 59.4622527120644
vertex 143.433863925736 17.1939244188709 59.4622527120644
endloop
endfacet
facet normal 0.139107188687824 -0.0803135728351278 0.98701515696256
outer loop
vertex 145.1934040051 19.4870016948296 59.4622527120644
vertex 144.40245306005 16.2253352845568 59.2264028642515
vertex 146.379678579837 18.8021057497725 59.2264028642515
endloop
endfacet
facet normal 0.141406760090051 -0.141406760090049 0.979800110431546
outer loop
vertex 145.36751171247 15.2602766321366 58.9631946430397
vertex 146.379678579837 18.8021057497725 59.2264028642515
vertex 144.40245306005 16.2253352845568 59.2264028642515
endloop
endfacet
facet normal 0.156178588413545 -0.0901697500622164 0.983604424906105
outer loop
vertex 146.379678579837 18.8021057497725 59.2264028642515
vertex 145.36751171247 15.2602766321366 58.9631946430397
vertex 147.561629214981 18.1197062324033 58.9631946430397
endloop
endfacet
facet normal 0.155237419732272 -0.155237419732272 0.975603755133063
outer loop
vertex 146.328653546229 14.2991347983781 58.6727334171683
vertex 147.561629214981 18.1197062324033 58.9631946430397
vertex 145.36751171247 15.2602766321366 58.9631946430397
endloop
endfacet
facet normal 0.173187204200389 -0.0999896789652942 0.979800110431546
outer loop
vertex 147.561629214981 18.1197062324033 58.9631946430397
vertex 146.328653546229 14.2991347983781 58.6727334171683
vertex 148.738782746556 17.4400763240706 58.6727334171683
endloop
endfacet
facet normal 0.0206369041474427 -0.0357441664942997 0.999147873314474
outer loop
vertex 136.994396217324 22.6161432365322 60.2983096817324
vertex 136.587596366986 24.0401919776202 60.3406247855294
vertex 136.299744433168 23.8193154202594 60.3406247855294
endloop
endfacet
facet normal 0.0116615228656097 -0.0116615228656096 0.999863999636405
outer loop
vertex 136.587596366986 24.0401919776202 60.3406247855294
vertex 136.994396217324 22.6161432365322 60.2983096817324
vertex 137.569982341267 23.0578060033396 60.2983096817324
endloop
endfacet
facet normal 0.0306273733924571 -0.0530481668181187 0.998122164865762
outer loop
vertex 137.688485656825 21.4139450623208 60.2282070938142
vertex 137.569982341267 23.0578060033396 60.2983096817324
vertex 136.994396217324 22.6161432365322 60.2983096817324
endloop
endfacet
facet normal 0.029184989730707 -0.0291849897307069 0.999147873314474
outer loop
vertex 137.569982341267 23.0578060033396 60.2983096817324
vertex 137.688485656825 21.4139450623208 60.2282070938142
vertex 138.551573040108 22.0762153044984 60.2282070938142
endloop
endfacet
facet normal 0.0406054159043387 -0.0703306434087799 0.99669694531334
outer loop
vertex 138.381734890556 20.2132021671894 60.1303450855688
vertex 138.551573040108 22.0762153044984 60.2282070938142
vertex 137.688485656825 21.4139450623208 60.2282070938142
endloop
endfacet
facet normal 0.0433136468314777 -0.0433136468314776 0.998122164865762
outer loop
vertex 138.551573040108 22.0762153044984 60.2282070938142
vertex 138.381734890556 20.2132021671894 60.1303450855688
vertex 139.531975508556 21.0958128360503 60.1303450855688
endloop
endfacet
facet normal 0.0505670386859427 -0.0875846801923536 0.994872805133469
outer loop
vertex 139.073866393762 19.0143952381182 60.0047628335703
vertex 139.531975508556 21.0958128360503 60.1303450855688
vertex 138.381734890556 20.2132021671894 60.1303450855688
endloop
endfacet
facet normal 0.0574247298777161 -0.0574247298777159 0.99669694531334
outer loop
vertex 139.531975508556 21.0958128360503 60.1303450855688
vertex 139.073866393762 19.0143952381182 60.0047628335703
vertex 140.510797267335 20.1169910772712 60.0047628335703
endloop
endfacet
facet normal 0.0605082557138781 -0.104803373173807 0.992650494364384
outer loop
vertex 139.764603089139 17.8180041870723 59.8515106114901
vertex 140.510797267335 20.1169910772712 60.0047628335703
vertex 139.073866393762 19.0143952381182 60.0047628335703
endloop
endfacet
facet normal 0.0715125919187053 -0.0715125919187051 0.994872805133469
outer loop
vertex 140.510797267335 20.1169910772712 60.0047628335703
vertex 139.764603089139 17.8180041870723 59.8515106114901
vertex 141.487646469967 19.1401418746397 59.8515106114901
endloop
endfacet
facet normal 0.0704250895310539 -0.121979833195373 0.99003092227373
outer loop
vertex 140.453668457762 16.6245079588816 59.6706497699704
vertex 141.487646469967 19.1401418746397 59.8515106114901
vertex 139.764603089139 17.8180041870723 59.8515106114901
endloop
endfacet
facet normal 0.0855715958661058 -0.0855715958661053 0.992650494364384
outer loop
vertex 141.487646469967 19.1401418746397 59.8515106114901
vertex 140.453668457762 16.6245079588816 59.6706497699704
vertex 142.462132059635 18.1656562849719 59.6706497699704
endloop
endfacet
facet normal 0.0803135728351274 -0.139107188687824 0.98701515696256
outer loop
vertex 141.140786649777 15.4343843395067 59.4622527120644
vertex 142.462132059635 18.1656562849719 59.6706497699704
vertex 140.453668457762 16.6245079588816 59.6706497699704
endloop
endfacet
facet normal 0.0995961167461563 -0.0995961167461559 0.99003092227373
outer loop
vertex 142.462132059635 18.1656562849719 59.6706497699704
vertex 141.140786649777 15.4343843395067 59.4622527120644
vertex 143.433863925736 17.1939244188709 59.4622527120644
endloop
endfacet
facet normal 0.0901697500622161 -0.156178588413545 0.983604424906105
outer loop
vertex 141.825682594834 14.2481097647699 59.2264028642515
vertex 143.433863925736 17.1939244188709 59.4622527120644
vertex 141.140786649777 15.4343843395067 59.4622527120644
endloop
endfacet
facet normal 0.113580543946077 -0.113580543946076 0.98701515696256
outer loop
vertex 143.433863925736 17.1939244188709 59.4622527120644
vertex 141.825682594834 14.2481097647699 59.2264028642515
vertex 144.40245306005 16.2253352845568 59.2264028642515
endloop
endfacet
facet normal 0.0999896789652943 -0.17318720420039 0.979800110431546
outer loop
vertex 142.508082112203 13.0661591296261 58.9631946430397
vertex 144.40245306005 16.2253352845568 59.2264028642515
vertex 141.825682594834 14.2481097647699 59.2264028642515
endloop
endfacet
facet normal 0.127519283453778 -0.127519283453778 0.983604424906105
outer loop
vertex 144.40245306005 16.2253352845568 59.2264028642515
vertex 142.508082112203 13.0661591296261 58.9631946430397
vertex 145.36751171247 15.2602766321366 58.9631946430397
endloop
endfacet
facet normal 0.109769432186592 -0.190126233665164 0.975603755133063
outer loop
vertex 143.187712020536 11.8890055980505 58.6727334171683
vertex 145.36751171247 15.2602766321366 58.9631946430397
vertex 142.508082112203 13.0661591296261 58.9631946430397
endloop
endfacet
facet normal 0.141406760090051 -0.141406760090049 0.979800110431546
outer loop
vertex 145.36751171247 15.2602766321366 58.9631946430397
vertex 143.187712020536 11.8890055980505 58.6727334171683
vertex 146.328653546229 14.2991347983781 58.6727334171683
endloop
endfacet
facet normal 0.0106824476506267 -0.0398674373813337 0.999147873314474
outer loop
vertex 136.324111979392 22.3385024145358 60.2983096817324
vertex 136.299744433168 23.8193154202594 60.3406247855294
vertex 135.964533756484 23.6804666117246 60.3406247855294
endloop
endfacet
facet normal 0.00824594189723455 -0.0142823903222712 0.999863999636406
outer loop
vertex 136.299744433168 23.8193154202594 60.3406247855294
vertex 136.324111979392 22.3385024145358 60.2983096817324
vertex 136.994396217324 22.6161432365322 60.2983096817324
endloop
endfacet
facet normal 0.0158538950708682 -0.0591675419023457 0.998122164865762
outer loop
vertex 136.683399111287 20.9976245838002 60.2282070938142
vertex 136.994396217324 22.6161432365322 60.2983096817324
vertex 136.324111979392 22.3385024145358 60.2983096817324
endloop
endfacet
facet normal 0.0206369041474427 -0.0357441664942997 0.999147873314474
outer loop
vertex 136.994396217324 22.6161432365322 60.2983096817324
vertex 136.683399111287 20.9976245838002 60.2282070938142
vertex 137.688485656825 21.4139450623208 60.2282070938142
endloop
endfacet
facet normal 0.0210189099407032 -0.0784436398184192 0.99669694531334
outer loop
vertex 137.042251320672 19.6583699059672 60.1303450855688
vertex 137.688485656825 21.4139450623208 60.2282070938142
vertex 136.683399111287 20.9976245838002 60.2282070938142
endloop
endfacet
facet normal 0.0306273733924571 -0.0530481668181187 0.998122164865762
outer loop
vertex 137.688485656825 21.4139450623208 60.2282070938142
vertex 137.042251320672 19.6583699059672 60.1303450855688
vertex 138.381734890556 20.2132021671894 60.1303450855688
endloop
endfacet
facet normal 0.0261754253327159 -0.097688017251421 0.994872805133469
outer loop
vertex 137.400524950162 18.321274517698 60.0047628335703
vertex 138.381734890556 20.2132021671894 60.1303450855688
vertex 137.042251320672 19.6583699059672 60.1303450855688
endloop
endfacet
facet normal 0.0406054159043387 -0.0703306434087799 0.99669694531334
outer loop
vertex 138.381734890556 20.2132021671894 60.1303450855688
vertex 137.400524950162 18.321274517698 60.0047628335703
vertex 139.073866393762 19.0143952381182 60.0047628335703
endloop
endfacet
facet normal 0.0313213779293701 -0.116892973795476 0.992650494364384
outer loop
vertex 137.758076573991 16.9868736912368 59.8515106114901
vertex 139.073866393762 19.0143952381182 60.0047628335703
vertex 137.400524950162 18.321274517698 60.0047628335703
endloop
endfacet
facet normal 0.0505670386859427 -0.0875846801923536 0.994872805133469
outer loop
vertex 139.073866393762 19.0143952381182 60.0047628335703
vertex 137.758076573991 16.9868736912368 59.8515106114901
vertex 139.764603089139 17.8180041870723 59.8515106114901
endloop
endfacet
facet normal 0.0364547088473739 -0.13605082559353 0.99003092227373
outer loop
vertex 138.114763055432 15.6557016201286 59.6706497699704
vertex 139.764603089139 17.8180041870723 59.8515106114901
vertex 137.758076573991 16.9868736912368 59.8515106114901
endloop
endfacet
facet normal 0.0605082557138781 -0.104803373173807 0.992650494364384
outer loop
vertex 139.764603089139 17.8180041870723 59.8515106114901
vertex 138.114763055432 15.6557016201286 59.6706497699704
vertex 140.453668457762 16.6245079588816 59.6706497699704
endloop
endfacet
facet normal 0.0415733644599187 -0.155153908405995 0.98701515696256
outer loop
vertex 138.470441604092 14.3282912053679 59.4622527120644
vertex 140.453668457762 16.6245079588816 59.6706497699704
vertex 138.114763055432 15.6557016201286 59.6706497699704
endloop
endfacet
facet normal 0.0704250895310539 -0.121979833195373 0.99003092227373
outer loop
vertex 140.453668457762 16.6245079588816 59.6706497699704
vertex 138.470441604092 14.3282912053679 59.4622527120644
vertex 141.140786649777 15.4343843395067 59.4622527120644
endloop
endfacet
facet normal 0.0466752972164714 -0.17419458067025 0.983604424906105
outer loop
vertex 138.82496983308 13.0051738420653 59.2264028642515
vertex 141.140786649777 15.4343843395067 59.4622527120644
vertex 138.470441604092 14.3282912053679 59.4622527120644
endloop
endfacet
facet normal 0.0803135728351274 -0.139107188687824 0.98701515696256
outer loop
vertex 141.140786649777 15.4343843395067 59.4622527120644
vertex 138.82496983308 13.0051738420653 59.2264028642515
vertex 141.825682594834 14.2481097647699 59.2264028642515
endloop
endfacet
facet normal 0.0517584664598099 -0.19316522654986 0.979800110431546
outer loop
vertex 139.178205816008 11.6868792067172 58.9631946430397
vertex 141.825682594834 14.2481097647699 59.2264028642515
vertex 138.82496983308 13.0051738420653 59.2264028642515
endloop
endfacet
facet normal 0.0901697500622161 -0.156178588413545 0.983604424906105
outer loop
vertex 141.825682594834 14.2481097647699 59.2264028642515
vertex 139.178205816008 11.6868792067172 58.9631946430397
vertex 142.508082112203 13.0661591296261 58.9631946430397
endloop
endfacet
facet normal 0.0568208392399593 -0.212058258972231 0.975603755133063
outer loop
vertex 139.530008143803 10.3739350451632 58.6727334171683
vertex 142.508082112203 13.0661591296261 58.9631946430397
vertex 139.178205816008 11.6868792067172 58.9631946430397
endloop
endfacet
facet normal 0.0999896789652943 -0.17318720420039 0.979800110431546
outer loop
vertex 142.508082112203 13.0661591296261 58.9631946430397
vertex 139.530008143803 10.3739350451632 58.6727334171683
vertex 143.187712020536 11.8890055980505 58.6727334171683
endloop
endfacet
facet normal 0.0106824476506267 -0.0398674373813337 0.999147873314474
outer loop
vertex 136.324111979392 22.3385024145358 60.2983096817324
vertex 135.604808390588 23.6331078688589 60.3406247855294
vertex 135.604808390588 22.2438043005462 60.2983096817324
endloop
endfacet
facet normal 1.11831903728563e-017 -0.016491883794469 0.999863999636406
outer loop
vertex 135.604808390588 23.6331078688589 60.3406247855294
vertex 136.324111979392 22.3385024145358 60.2983096817324
vertex 135.964533756484 23.6804666117246 60.3406247855294
endloop
endfacet
facet normal 0.0158538950708682 -0.0591675419023457 0.998122164865762
outer loop
vertex 136.683399111287 20.9976245838002 60.2282070938142
vertex 135.604808390588 22.2438043005462 60.2983096817324
vertex 135.604808390588 20.8556254215457 60.2282070938142
endloop
endfacet
facet normal 9.11186802408398e-018 -0.0412738082948854 0.999147873314474
outer loop
vertex 135.604808390588 22.2438043005462 60.2983096817324
vertex 136.683399111287 20.9976245838002 60.2282070938142
vertex 136.324111979392 22.3385024145358 60.2983096817324
endloop
endfacet
facet normal 0.0210189099407032 -0.0784436398184192 0.99669694531334
outer loop
vertex 137.042251320672 19.6583699059672 60.1303450855688
vertex 135.604808390588 20.8556254215457 60.2282070938142
vertex 135.604808390588 19.4691269540824 60.1303450855688
endloop
endfacet
facet normal -4.97028132482809e-018 -0.061254746784914 0.998122164865762
outer loop
vertex 135.604808390588 20.8556254215457 60.2282070938142
vertex 137.042251320672 19.6583699059672 60.1303450855688
vertex 136.683399111287 20.9976245838002 60.2282070938142
endloop
endfacet
facet normal 0.0261754253327159 -0.097688017251421 0.994872805133469
outer loop
vertex 137.400524950162 18.321274517698 60.0047628335703
vertex 135.604808390588 19.4691269540824 60.1303450855688
vertex 135.604808390588 18.0848639476711 60.0047628335703
endloop
endfacet
facet normal -1.38069081326792e-017 -0.0812108318086773 0.99669694531334
outer loop
vertex 135.604808390588 19.4691269540824 60.1303450855688
vertex 137.400524950162 18.321274517698 60.0047628335703
vertex 137.042251320672 19.6583699059672 60.1303450855688
endloop
endfacet
facet normal 0.0313213779293701 -0.116892973795476 0.992650494364384
outer loop
vertex 137.758076573991 16.9868736912368 59.8515106114901
vertex 135.604808390588 18.0848639476711 60.0047628335703
vertex 135.604808390588 16.7033905569163 59.8515106114901
endloop
endfacet
facet normal 8.28454401099013e-018 -0.101134077371885 0.994872805133469
outer loop
vertex 135.604808390588 18.0848639476711 60.0047628335703
vertex 137.758076573991 16.9868736912368 59.8515106114901
vertex 137.400524950162 18.321274517698 60.0047628335703
endloop
endfacet
facet normal 0.0364547088473739 -0.13605082559353 0.99003092227373
outer loop
vertex 138.114763055432 15.6557016201286 59.6706497699704
vertex 135.604808390588 16.7033905569163 59.8515106114901
vertex 135.604808390588 15.3252598196709 59.6706497699704
endloop
endfacet
facet normal 3.20353299354026e-017 -0.121016511427756 0.992650494364384
outer loop
vertex 135.604808390588 16.7033905569163 59.8515106114901
vertex 138.114763055432 15.6557016201286 59.6706497699704
vertex 137.758076573991 16.9868736912368 59.8515106114901
endloop
endfacet
facet normal 0.0415733644599187 -0.155153908405995 0.98701515696256
outer loop
vertex 138.470441604092 14.3282912053679 59.4622527120644
vertex 135.604808390588 15.3252598196709 59.6706497699704
vertex 135.604808390588 13.9510234356408 59.4622527120644
endloop
endfacet
facet normal -4.4189384737843e-018 -0.140850179062109 0.99003092227373
outer loop
vertex 135.604808390588 15.3252598196709 59.6706497699704
vertex 138.470441604092 14.3282912053679 59.4622527120644
vertex 138.114763055432 15.6557016201286 59.6706497699704
endloop
endfacet
facet normal 9.83354373175321e-017 -0.180339500124432 0.983604424906105
outer loop
vertex 135.604808390589 12.5812315455266 59.2264028642515
vertex 138.470441604092 14.3282912053679 59.4622527120644
vertex 135.604808390588 13.9510234356408 59.4622527120644
endloop
endfacet
facet normal 0.0415733644599187 -0.155153908405995 0.98701515696256
outer loop
vertex 138.470441604092 14.3282912053679 59.4622527120644
vertex 135.604808390589 12.5812315455266 59.2264028642515
vertex 138.82496983308 13.0051738420653 59.2264028642515
endloop
endfacet
facet normal 0.0517584664598099 -0.19316522654986 0.979800110431546
outer loop
vertex 139.178205816008 11.6868792067172 58.9631946430397
vertex 135.604808390589 12.5812315455266 59.2264028642515
vertex 135.604808390589 11.2164325107884 58.9631946430397
endloop
endfacet
facet normal 9.83354373175321e-017 -0.180339500124432 0.983604424906105
outer loop
vertex 135.604808390589 12.5812315455266 59.2264028642515
vertex 139.178205816008 11.6868792067172 58.9631946430397
vertex 138.82496983308 13.0051738420653 59.2264028642515
endloop
endfacet
facet normal 0.0568208392399593 -0.212058258972231 0.975603755133063
outer loop
vertex 139.530008143803 10.3739350451632 58.6727334171683
vertex 135.604808390589 11.2164325107884 58.9631946430397
vertex 135.604808390588 9.85717269412302 58.6727334171683
endloop
endfacet
facet normal 3.01660143018698e-016 -0.199979357930588 0.979800110431546
outer loop
vertex 135.604808390589 11.2164325107884 58.9631946430397
vertex 139.530008143803 10.3739350451632 58.6727334171683
vertex 139.178205816008 11.6868792067172 58.9631946430397
endloop
endfacet
facet normal 9.11186802408398e-018 -0.0412738082948854 0.999147873314474
outer loop
vertex 135.604808390588 22.2438043005462 60.2983096817324
vertex 135.245083024693 23.6804666117246 60.3406247855294
vertex 134.885504801785 22.3385024145358 60.2983096817324
endloop
endfacet
facet normal -0.00426841361562622 -0.0159299364812359 0.999863999636405
outer loop
vertex 135.245083024693 23.6804666117246 60.3406247855294
vertex 135.604808390588 22.2438043005462 60.2983096817324
vertex 135.604808390588 23.6331078688589 60.3406247855294
endloop
endfacet
facet normal -4.97028132482809e-018 -0.061254746784914 0.998122164865762
outer loop
vertex 135.604808390588 20.8556254215457 60.2282070938142
vertex 134.885504801785 22.3385024145358 60.2983096817324
vertex 134.52621766989 20.9976245838002 60.2282070938142
endloop
endfacet
facet normal -0.0106824476506267 -0.0398674373813338 0.999147873314474
outer loop
vertex 134.885504801785 22.3385024145358 60.2983096817324
vertex 135.604808390588 20.8556254215457 60.2282070938142
vertex 135.604808390588 22.2438043005462 60.2983096817324
endloop
endfacet
facet normal -1.38069081326792e-017 -0.0812108318086773 0.99669694531334
outer loop
vertex 135.604808390588 19.4691269540824 60.1303450855688
vertex 134.52621766989 20.9976245838002 60.2282070938142
vertex 134.167365460505 19.6583699059672 60.1303450855688
endloop
endfacet
facet normal -0.0158538950708681 -0.0591675419023458 0.998122164865762
outer loop
vertex 134.52621766989 20.9976245838002 60.2282070938142
vertex 135.604808390588 19.4691269540824 60.1303450855688
vertex 135.604808390588 20.8556254215457 60.2282070938142
endloop
endfacet
facet normal 8.28454401099013e-018 -0.101134077371885 0.994872805133469
outer loop
vertex 135.604808390588 18.0848639476711 60.0047628335703
vertex 134.167365460505 19.6583699059672 60.1303450855688
vertex 133.809091831015 18.321274517698 60.0047628335703
endloop
endfacet
facet normal -0.0210189099407031 -0.0784436398184192 0.99669694531334
outer loop
vertex 134.167365460505 19.6583699059672 60.1303450855688
vertex 135.604808390588 18.0848639476711 60.0047628335703
vertex 135.604808390588 19.4691269540824 60.1303450855688
endloop
endfacet
facet normal 3.20353299354026e-017 -0.121016511427756 0.992650494364384
outer loop
vertex 135.604808390588 16.7033905569163 59.8515106114901
vertex 133.809091831015 18.321274517698 60.0047628335703
vertex 133.451540207186 16.9868736912368 59.8515106114901
endloop
endfacet
facet normal -0.0261754253327157 -0.097688017251421 0.994872805133469
outer loop
vertex 133.809091831015 18.321274517698 60.0047628335703
vertex 135.604808390588 16.7033905569163 59.8515106114901
vertex 135.604808390588 18.0848639476711 60.0047628335703
endloop
endfacet
facet normal -4.4189384737843e-018 -0.140850179062109 0.99003092227373
outer loop
vertex 135.604808390588 15.3252598196709 59.6706497699704
vertex 133.451540207186 16.9868736912368 59.8515106114901
vertex 133.094853725745 15.6557016201286 59.6706497699704
endloop
endfacet
facet normal -0.03132137792937 -0.116892973795476 0.992650494364384
outer loop
vertex 133.451540207186 16.9868736912368 59.8515106114901
vertex 135.604808390588 15.3252598196709 59.6706497699704
vertex 135.604808390588 16.7033905569163 59.8515106114901
endloop
endfacet
facet normal -1.45834918245168e-016 -0.160627145670254 0.98701515696256
outer loop
vertex 135.604808390588 13.9510234356408 59.4622527120644
vertex 133.094853725745 15.6557016201286 59.6706497699704
vertex 132.739175177085 14.3282912053679 59.4622527120644
endloop
endfacet
facet normal -0.0364547088473741 -0.136050825593531 0.99003092227373
outer loop
vertex 133.094853725745 15.6557016201286 59.6706497699704
vertex 135.604808390588 13.9510234356408 59.4622527120644
vertex 135.604808390588 15.3252598196709 59.6706497699704
endloop
endfacet
facet normal 9.83354373175321e-017 -0.180339500124432 0.983604424906105
outer loop
vertex 135.604808390589 12.5812315455266 59.2264028642515
vertex 132.739175177085 14.3282912053679 59.4622527120644
vertex 132.384646948097 13.0051738420653 59.2264028642515
endloop
endfacet
facet normal -0.0415733644599185 -0.155153908405995 0.98701515696256
outer loop
vertex 132.739175177085 14.3282912053679 59.4622527120644
vertex 135.604808390589 12.5812315455266 59.2264028642515
vertex 135.604808390588 13.9510234356408 59.4622527120644
endloop
endfacet
facet normal 3.01660143018698e-016 -0.199979357930588 0.979800110431546
outer loop
vertex 135.604808390589 11.2164325107884 58.9631946430397
vertex 132.384646948097 13.0051738420653 59.2264028642515
vertex 132.031410965169 11.6868792067172 58.9631946430397
endloop
endfacet
facet normal -0.0466752972164715 -0.17419458067025 0.983604424906105
outer loop
vertex 132.384646948097 13.0051738420653 59.2264028642515
vertex 135.604808390589 11.2164325107884 58.9631946430397
vertex 135.604808390589 12.5812315455266 59.2264028642515
endloop
endfacet
facet normal -4.27665506245277e-016 -0.219538864373184 0.975603755133063
outer loop
vertex 135.604808390588 9.85717269412302 58.6727334171683
vertex 132.031410965169 11.6868792067172 58.9631946430397
vertex 131.679608637374 10.3739350451632 58.6727334171683
endloop
endfacet
facet normal -0.0517584664598095 -0.19316522654986 0.979800110431546
outer loop
vertex 132.031410965169 11.6868792067172 58.9631946430397
vertex 135.604808390588 9.85717269412302 58.6727334171683
vertex 135.604808390589 11.2164325107884 58.9631946430397
endloop
endfacet
facet normal -0.0106824476506267 -0.0398674373813338 0.999147873314474
outer loop
vertex 134.885504801785 22.3385024145358 60.2983096817324
vertex 134.909872348009 23.8193154202594 60.3406247855294
vertex 134.215220563853 22.6161432365322 60.2983096817324
endloop
endfacet
facet normal -0.00824594189723451 -0.014282390322271 0.999863999636406
outer loop
vertex 134.909872348009 23.8193154202594 60.3406247855294
vertex 134.885504801785 22.3385024145358 60.2983096817324
vertex 135.245083024693 23.6804666117246 60.3406247855294
endloop
endfacet
facet normal -0.0158538950708681 -0.0591675419023458 0.998122164865762
outer loop
vertex 134.52621766989 20.9976245838002 60.2282070938142
vertex 134.215220563853 22.6161432365322 60.2983096817324
vertex 133.521131124352 21.4139450623208 60.2282070938142
endloop
endfacet
facet normal -0.0206369041474427 -0.0357441664942995 0.999147873314474
outer loop
vertex 134.215220563853 22.6161432365322 60.2983096817324
vertex 134.52621766989 20.9976245838002 60.2282070938142
vertex 134.885504801785 22.3385024145358 60.2983096817324
endloop
endfacet
facet normal -0.0210189099407031 -0.0784436398184192 0.99669694531334
outer loop
vertex 134.167365460505 19.6583699059672 60.1303450855688
vertex 133.521131124352 21.4139450623208 60.2282070938142
vertex 132.827881890621 20.2132021671894 60.1303450855688
endloop
endfacet
facet normal -0.0306273733924571 -0.0530481668181187 0.998122164865762
outer loop
vertex 133.521131124352 21.4139450623208 60.2282070938142
vertex 134.167365460505 19.6583699059672 60.1303450855688
vertex 134.52621766989 20.9976245838002 60.2282070938142
endloop
endfacet
facet normal -0.0261754253327157 -0.097688017251421 0.994872805133469
outer loop
vertex 133.809091831015 18.321274517698 60.0047628335703
vertex 132.827881890621 20.2132021671894 60.1303450855688
vertex 132.135750387415 19.0143952381182 60.0047628335703
endloop
endfacet
facet normal -0.0406054159043387 -0.0703306434087797 0.99669694531334
outer loop
vertex 132.827881890621 20.2132021671894 60.1303450855688
vertex 133.809091831015 18.321274517698 60.0047628335703
vertex 134.167365460505 19.6583699059672 60.1303450855688
endloop
endfacet
facet normal -0.03132137792937 -0.116892973795476 0.992650494364384
outer loop
vertex 133.451540207186 16.9868736912368 59.8515106114901
vertex 132.135750387415 19.0143952381182 60.0047628335703
vertex 131.445013692038 17.8180041870723 59.8515106114901
endloop
endfacet
facet normal -0.0505670386859428 -0.0875846801923536 0.994872805133469
outer loop
vertex 132.135750387415 19.0143952381182 60.0047628335703
vertex 133.451540207186 16.9868736912368 59.8515106114901
vertex 133.809091831015 18.321274517698 60.0047628335703
endloop
endfacet
facet normal -0.0364547088473741 -0.136050825593531 0.99003092227373
outer loop
vertex 133.094853725745 15.6557016201286 59.6706497699704
vertex 131.445013692038 17.8180041870723 59.8515106114901
vertex 130.755948323415 16.6245079588816 59.6706497699704
endloop
endfacet
facet normal -0.0605082557138779 -0.104803373173806 0.992650494364384
outer loop
vertex 131.445013692038 17.8180041870723 59.8515106114901
vertex 133.094853725745 15.6557016201286 59.6706497699704
vertex 133.451540207186 16.9868736912368 59.8515106114901
endloop
endfacet
facet normal -0.0415733644599185 -0.155153908405995 0.98701515696256
outer loop
vertex 132.739175177085 14.3282912053679 59.4622527120644
vertex 130.755948323415 16.6245079588816 59.6706497699704
vertex 130.0688301314 15.4343843395067 59.4622527120644
endloop
endfacet
facet normal -0.0704250895310547 -0.121979833195373 0.99003092227373
outer loop
vertex 130.755948323415 16.6245079588816 59.6706497699704
vertex 132.739175177085 14.3282912053679 59.4622527120644
vertex 133.094853725745 15.6557016201286 59.6706497699704
endloop
endfacet
facet normal -0.0466752972164715 -0.17419458067025 0.983604424906105
outer loop
vertex 132.384646948097 13.0051738420653 59.2264028642515
vertex 130.0688301314 15.4343843395067 59.4622527120644
vertex 129.383934186343 14.2481097647699 59.2264028642515
endloop
endfacet
facet normal -0.0803135728351276 -0.139107188687824 0.98701515696256
outer loop
vertex 130.0688301314 15.4343843395067 59.4622527120644
vertex 132.384646948097 13.0051738420653 59.2264028642515
vertex 132.739175177085 14.3282912053679 59.4622527120644
endloop
endfacet
facet normal -0.0517584664598095 -0.19316522654986 0.979800110431546
outer loop
vertex 132.031410965169 11.6868792067172 58.9631946430397
vertex 129.383934186343 14.2481097647699 59.2264028642515
vertex 128.701534668974 13.0661591296261 58.9631946430397
endloop
endfacet
facet normal -0.0901697500622165 -0.156178588413545 0.983604424906105
outer loop
vertex 129.383934186343 14.2481097647699 59.2264028642515
vertex 132.031410965169 11.6868792067172 58.9631946430397
vertex 132.384646948097 13.0051738420653 59.2264028642515
endloop
endfacet
facet normal -9.40319290040811e-032 -5.28929600647956e-032 -1.0
outer loop
vertex 121.099251124496 28.9097323092312 39.355135465426
vertex 121.099251124496 21.1362275988052 39.355135465426
vertex 120.587550469428 25.0229799540182 39.355135465426
endloop
endfacet
facet normal -9.40319290040811e-032 -5.28929600647956e-032 -1.0
outer loop
vertex 121.099251124496 21.1362275988052 39.355135465426
vertex 121.099251124496 28.9097323092312 39.355135465426
vertex 122.599481535681 32.5316089145983 39.355135465426
endloop
endfacet
facet normal -9.40319290040811e-032 -5.28929600647956e-032 -1.0
outer loop
vertex 121.099251124496 21.1362275988052 39.355135465426
vertex 122.599481535681 32.5316089145983 39.355135465426
vertex 122.599481535681 17.514350993438 39.355135465426
endloop
endfacet
facet normal -9.40319290040811e-032 -5.28929600647956e-032 -1.0
outer loop
vertex 122.599481535681 17.514350993438 39.355135465426
vertex 122.599481535681 32.5316089145983 39.355135465426
vertex 123.254808390588 25.0229799540182 39.355135465426
endloop
endfacet
facet normal -9.40319290040811e-032 -5.28929600647956e-032 -1.0
outer loop
vertex 123.254808390588 25.0229799540182 39.355135465426
vertex 122.599481535681 32.5316089145983 39.355135465426
vertex 123.675624435918 28.2193951610343 39.355135465426
endloop
endfacet
facet normal -9.40319290040811e-032 -5.28929600647956e-032 -1.0
outer loop
vertex 123.675624435918 28.2193951610343 39.355135465426
vertex 122.599481535681 32.5316089145983 39.355135465426
vertex 124.986003479709 35.641784864898 39.355135465426
endloop
endfacet
facet normal -9.40319290040811e-032 -5.28929600647956e-032 -1.0
outer loop
vertex 123.675624435918 28.2193951610343 39.355135465426
vertex 124.986003479709 35.641784864898 39.355135465426
vertex 124.909394653851 31.1979799540182 39.355135465426
endloop
endfacet
facet normal -9.40319290040811e-032 -5.28929600647956e-032 -1.0
outer loop
vertex 124.909394653851 31.1979799540182 39.355135465426
vertex 124.986003479709 35.641784864898 39.355135465426
vertex 126.872039642935 33.755748701672 39.355135465426
endloop
endfacet
facet normal -9.40319290040811e-032 -5.28929600647956e-032 -1.0
outer loop
vertex 126.872039642935 33.755748701672 39.355135465426
vertex 124.986003479709 35.641784864898 39.355135465426
vertex 128.096179430008 38.0283068089261 39.355135465426
endloop
endfacet
facet normal -9.40319290040811e-032 -5.28929600647956e-032 -1.0
outer loop
vertex 126.872039642935 33.755748701672 39.355135465426
vertex 128.096179430008 38.0283068089261 39.355135465426
vertex 129.429808390588 35.718393690756 39.355135465426
endloop
endfacet
facet normal -9.40319290040811e-032 -5.28929600647956e-032 -1.0
outer loop
vertex 129.429808390588 35.718393690756 39.355135465426
vertex 128.096179430008 38.0283068089261 39.355135465426
vertex 131.718056035376 39.528537220111 39.355135465426
endloop
endfacet
facet normal -9.40319290040811e-032 -5.28929600647956e-032 -1.0
outer loop
vertex 129.429808390588 35.718393690756 39.355135465426
vertex 131.718056035376 39.528537220111 39.355135465426
vertex 132.408393183572 36.9521639086882 39.355135465426
endloop
endfacet
facet normal -9.40319290040811e-032 -5.28929600647956e-032 -1.0
outer loop
vertex 132.408393183572 36.9521639086882 39.355135465426
vertex 131.718056035376 39.528537220111 39.355135465426
vertex 135.604808390589 40.0402378751785 39.355135465426
endloop
endfacet
facet normal -9.40319290040811e-032 -5.28929600647956e-032 -1.0
outer loop
vertex 132.408393183572 36.9521639086882 39.355135465426
vertex 135.604808390589 40.0402378751785 39.355135465426
vertex 135.604808390588 37.3729799540182 39.355135465426
endloop
endfacet
facet normal -9.40319290040811e-032 -5.28929600647956e-032 -1.0
outer loop
vertex 135.604808390588 37.3729799540182 39.355135465426
vertex 135.604808390589 40.0402378751785 39.355135465426
vertex 138.801223597605 36.9521639086882 39.355135465426
endloop
endfacet
facet normal -9.40319290040811e-032 -5.28929600647956e-032 -1.0
outer loop
vertex 138.801223597605 36.9521639086882 39.355135465426
vertex 135.604808390589 40.0402378751785 39.355135465426
vertex 139.491560745802 39.528537220111 39.355135465426
endloop
endfacet
facet normal -9.40319290040811e-032 -5.28929600647956e-032 -1.0
outer loop
vertex 138.801223597605 36.9521639086882 39.355135465426
vertex 139.491560745802 39.528537220111 39.355135465426
vertex 141.779808390588 35.718393690756 39.355135465426
endloop
endfacet
facet normal -9.40319290040811e-032 -5.28929600647956e-032 -1.0
outer loop
vertex 141.779808390588 35.718393690756 39.355135465426
vertex 139.491560745802 39.528537220111 39.355135465426
vertex 143.113437351169 38.0283068089261 39.355135465426
endloop
endfacet
facet normal -9.40319290040811e-032 -5.28929600647956e-032 -1.0
outer loop
vertex 141.779808390588 35.718393690756 39.355135465426
vertex 143.113437351169 38.0283068089261 39.355135465426
vertex 144.337577138242 33.755748701672 39.355135465426
endloop
endfacet
facet normal -9.40319290040811e-032 -5.28929600647956e-032 -1.0
outer loop
vertex 144.337577138242 33.755748701672 39.355135465426
vertex 143.113437351169 38.0283068089261 39.355135465426
vertex 146.223613301468 35.6417848648981 39.355135465426
endloop
endfacet
facet normal -9.40319290040811e-032 -5.28929600647956e-032 -1.0
outer loop
vertex 144.337577138242 33.755748701672 39.355135465426
vertex 146.223613301468 35.6417848648981 39.355135465426
vertex 146.300222127326 31.1979799540182 39.355135465426
endloop
endfacet
facet normal -9.40319290040811e-032 -5.28929600647956e-032 -1.0
outer loop
vertex 146.300222127326 31.1979799540182 39.355135465426
vertex 146.223613301468 35.6417848648981 39.355135465426
vertex 148.610135245496 32.5316089145983 39.355135465426
endloop
endfacet
facet normal -9.40319290040811e-032 -5.28929600647956e-032 -1.0
outer loop
vertex 146.300222127326 31.1979799540182 39.355135465426
vertex 148.610135245496 32.5316089145983 39.355135465426
vertex 147.533992345259 28.2193951610343 39.355135465426
endloop
endfacet
facet normal -9.40319290040811e-032 -5.28929600647956e-032 -1.0
outer loop
vertex 147.533992345259 28.2193951610343 39.355135465426
vertex 148.610135245496 32.5316089145983 39.355135465426
vertex 147.954808390589 25.0229799540182 39.355135465426
endloop
endfacet
facet normal -9.40319290040811e-032 -5.28929600647956e-032 -1.0
outer loop
vertex 122.599481535681 17.514350993438 39.355135465426
vertex 123.675624435918 21.8265647470021 39.355135465426
vertex 124.986003479709 14.4041750431383 39.355135465426
endloop
endfacet
facet normal -9.40319290040811e-032 -5.28929600647956e-032 -1.0
outer loop
vertex 123.675624435918 21.8265647470021 39.355135465426
vertex 122.599481535681 17.514350993438 39.355135465426
vertex 123.254808390588 25.0229799540182 39.355135465426
endloop
endfacet
facet normal -9.40319290040811e-032 -5.28929600647956e-032 -1.0
outer loop
vertex 124.986003479709 14.4041750431383 39.355135465426
vertex 123.675624435918 21.8265647470021 39.355135465426
vertex 124.909394653851 18.8479799540182 39.355135465426
endloop
endfacet
facet normal -9.40319290040811e-032 -5.28929600647956e-032 -1.0
outer loop
vertex 124.986003479709 14.4041750431383 39.355135465426
vertex 124.909394653851 18.8479799540182 39.355135465426
vertex 126.872039642935 16.2902112063643 39.355135465426
endloop
endfacet
facet normal -9.40319290040811e-032 -5.28929600647956e-032 -1.0
outer loop
vertex 124.986003479709 14.4041750431383 39.355135465426
vertex 126.872039642935 16.2902112063643 39.355135465426
vertex 128.096179430008 12.0176530991103 39.355135465426
endloop
endfacet
facet normal -9.40319290040811e-032 -5.28929600647956e-032 -1.0
outer loop
vertex 128.096179430008 12.0176530991103 39.355135465426
vertex 126.872039642935 16.2902112063643 39.355135465426
vertex 129.429808390588 14.3275662172804 39.355135465426
endloop
endfacet
facet normal -9.40319290040811e-032 -5.28929600647956e-032 -1.0
outer loop
vertex 128.096179430008 12.0176530991103 39.355135465426
vertex 129.429808390588 14.3275662172804 39.355135465426
vertex 131.718056035376 10.5174226879254 39.355135465426
endloop
endfacet
facet normal -9.40319290040811e-032 -5.28929600647956e-032 -1.0
outer loop
vertex 131.718056035376 10.5174226879254 39.355135465426
vertex 129.429808390588 14.3275662172804 39.355135465426
vertex 132.408393183572 13.0937959993482 39.355135465426
endloop
endfacet
facet normal -9.40319290040811e-032 -5.28929600647956e-032 -1.0
outer loop
vertex 131.718056035376 10.5174226879254 39.355135465426
vertex 132.408393183572 13.0937959993482 39.355135465426
vertex 135.604808390589 10.0057220328579 39.355135465426
endloop
endfacet
facet normal -9.40319290040811e-032 -5.28929600647956e-032 -1.0
outer loop
vertex 135.604808390589 10.0057220328579 39.355135465426
vertex 132.408393183572 13.0937959993482 39.355135465426
vertex 135.604808390588 12.6729799540182 39.355135465426
endloop
endfacet
facet normal -9.40319290040811e-032 -5.28929600647956e-032 -1.0
outer loop
vertex 135.604808390589 10.0057220328579 39.355135465426
vertex 135.604808390588 12.6729799540182 39.355135465426
vertex 138.801223597605 13.0937959993482 39.355135465426
endloop
endfacet
facet normal -9.40319290040811e-032 -5.28929600647956e-032 -1.0
outer loop
vertex 135.604808390589 10.0057220328579 39.355135465426
vertex 138.801223597605 13.0937959993482 39.355135465426
vertex 139.491560745802 10.5174226879254 39.355135465426
endloop
endfacet
facet normal -9.40319290040811e-032 -5.28929600647956e-032 -1.0
outer loop
vertex 139.491560745802 10.5174226879254 39.355135465426
vertex 138.801223597605 13.0937959993482 39.355135465426
vertex 141.779808390588 14.3275662172804 39.355135465426
endloop
endfacet
facet normal -9.40319290040811e-032 -5.28929600647956e-032 -1.0
outer loop
vertex 139.491560745802 10.5174226879254 39.355135465426
vertex 141.779808390588 14.3275662172804 39.355135465426
vertex 143.113437351169 12.0176530991103 39.355135465426
endloop
endfacet
facet normal -9.40319290040811e-032 -5.28929600647956e-032 -1.0
outer loop
vertex 143.113437351169 12.0176530991103 39.355135465426
vertex 141.779808390588 14.3275662172804 39.355135465426
vertex 144.337577138242 16.2902112063643 39.355135465426
endloop
endfacet
facet normal -9.40319290040811e-032 -5.28929600647956e-032 -1.0
outer loop
vertex 143.113437351169 12.0176530991103 39.355135465426
vertex 144.337577138242 16.2902112063643 39.355135465426
vertex 146.223613301468 14.4041750431383 39.355135465426
endloop
endfacet
facet normal -9.40319290040811e-032 -5.28929600647956e-032 -1.0
outer loop
vertex 146.223613301468 14.4041750431383 39.355135465426
vertex 144.337577138242 16.2902112063643 39.355135465426
vertex 146.300222127326 18.8479799540182 39.355135465426
endloop
endfacet
facet normal -9.40319290040811e-032 -5.28929600647956e-032 -1.0
outer loop
vertex 146.223613301468 14.4041750431383 39.355135465426
vertex 146.300222127326 18.8479799540182 39.355135465426
vertex 148.610135245496 17.5143509934381 39.355135465426
endloop
endfacet
facet normal -9.40319290040811e-032 -5.28929600647956e-032 -1.0
outer loop
vertex 148.610135245496 17.5143509934381 39.355135465426
vertex 146.300222127326 18.8479799540182 39.355135465426
vertex 147.533992345259 21.8265647470021 39.355135465426
endloop
endfacet
facet normal -9.40319290040811e-032 -5.28929600647956e-032 -1.0
outer loop
vertex 148.610135245496 17.5143509934381 39.355135465426
vertex 147.533992345259 21.8265647470021 39.355135465426
vertex 147.954808390589 25.0229799540182 39.355135465426
endloop
endfacet
facet normal -9.40319290040811e-032 -5.28929600647956e-032 -1.0
outer loop
vertex 148.610135245496 17.5143509934381 39.355135465426
vertex 147.954808390589 25.0229799540182 39.355135465426
vertex 148.610135245496 32.5316089145983 39.355135465426
endloop
endfacet
facet normal -9.40319290040811e-032 -5.28929600647956e-032 -1.0
outer loop
vertex 148.610135245496 17.5143509934381 39.355135465426
vertex 148.610135245496 32.5316089145983 39.355135465426
vertex 150.110365656681 28.9097323092312 39.355135465426
endloop
endfacet
facet normal -9.40319290040811e-032 -5.28929600647956e-032 -1.0
outer loop
vertex 148.610135245496 17.5143509934381 39.355135465426
vertex 150.110365656681 28.9097323092312 39.355135465426
vertex 150.110365656681 21.1362275988052 39.355135465426
endloop
endfacet
facet normal -9.40319290040811e-032 -5.28929600647956e-032 -1.0
outer loop
vertex 150.110365656681 21.1362275988052 39.355135465426
vertex 150.110365656681 28.9097323092312 39.355135465426
vertex 150.622066311749 25.0229799540182 39.355135465426
endloop
endfacet
endsolid bouton
