ISO-10303-21;
HEADER;
FILE_DESCRIPTION (( 'STEP AP203' ),
    '1' );
FILE_NAME ('Circuit Board.STEP',
    '2024-01-26T01:46:42',
    ( '' ),
    ( '' ),
    'SwSTEP 2.0',
    'SolidWorks 2023',
    '' );
FILE_SCHEMA (( 'CONFIG_CONTROL_DESIGN' ));
ENDSEC;

DATA;
#1 = AXIS2_PLACEMENT_3D ( 'NONE', #664, #5078, #1129 ) ;
#2 = CARTESIAN_POINT ( 'NONE',  ( -0.6848340276885838129, 0.06250000000000000000, 0.3953891102362238064 ) ) ;
#3 = ORIENTED_EDGE ( 'NONE', *, *, #3779, .F. ) ;
#4 = DIRECTION ( 'NONE',  ( 0.000000000000000000, 0.000000000000000000, -1.000000000000000000 ) ) ;
#5 = VECTOR ( 'NONE', #1423, 39.37007874015748143 ) ;
#6 = CARTESIAN_POINT ( 'NONE',  ( -0.05902464843040835379, 0.04249999999999999611, 0.1163503100196415091 ) ) ;
#7 = AXIS2_PLACEMENT_3D ( 'NONE', #4314, #3373, #1695 ) ;
#8 = FACE_BOUND ( 'NONE', #2553, .T. ) ;
#9 = EDGE_CURVE ( 'NONE', #2341, #133, #1841, .T. ) ;
#10 = ORIENTED_EDGE ( 'NONE', *, *, #2432, .T. ) ;
#11 = ADVANCED_FACE ( 'NONE', ( #5168 ), #5477, .F. ) ;
#12 = ORIENTED_EDGE ( 'NONE', *, *, #2572, .F. ) ;
#13 = CARTESIAN_POINT ( 'NONE',  ( -0.4794598536848218018, 0.000000000000000000, 0.2768162755905534955 ) ) ;
#14 = DIRECTION ( 'NONE',  ( 0.5000000000000045519, 0.000000000000000000, 0.8660254037844360431 ) ) ;
#15 = CARTESIAN_POINT ( 'NONE',  ( -0.07125000000000009104, 0.04249999999999999611, -0.3492919999999999359 ) ) ;
#16 = ORIENTED_EDGE ( 'NONE', *, *, #4920, .T. ) ;
#17 = ORIENTED_EDGE ( 'NONE', *, *, #5074, .T. ) ;
#18 = DIRECTION ( 'NONE',  ( 0.000000000000000000, 0.000000000000000000, 1.000000000000000000 ) ) ;
#19 = LINE ( 'NONE', #4391, #906 ) ;
#20 = VECTOR ( 'NONE', #4484, 39.37007874015748854 ) ;
#21 = DIRECTION ( 'NONE',  ( 0.000000000000000000, 0.000000000000000000, 1.000000000000000000 ) ) ;
#22 = ORIENTED_EDGE ( 'NONE', *, *, #4151, .T. ) ;
#23 = AXIS2_PLACEMENT_3D ( 'NONE', #2181, #4939, #990 ) ;
#24 = AXIS2_PLACEMENT_3D ( 'NONE', #5504, #1613, #265 ) ;
#25 = CARTESIAN_POINT ( 'NONE',  ( -0.03125000000000006939, 0.06250000000000000000, -0.5536325511811024391 ) ) ;
#26 = DIRECTION ( 'NONE',  ( 0.000000000000000000, -1.000000000000000000, -0.000000000000000000 ) ) ;
#27 = DIRECTION ( 'NONE',  ( -6.661338147750939243E-16, 0.000000000000000000, -1.000000000000000000 ) ) ;
#28 = VERTEX_POINT ( 'NONE', #1527 ) ;
#29 = CIRCLE ( 'NONE', #5451, 0.07499999999999998335 ) ;
#30 = VECTOR ( 'NONE', #4682, 39.37007874015748143 ) ;
#31 = CARTESIAN_POINT ( 'NONE',  ( -0.03125000000000004163, 0.04249999999999999611, -0.2780419999999999559 ) ) ;
#32 = FACE_OUTER_BOUND ( 'NONE', #4266, .T. ) ;
#33 = LINE ( 'NONE', #1379, #4310 ) ;
#34 = DIRECTION ( 'NONE',  ( -0.000000000000000000, 1.000000000000000000, -0.000000000000000000 ) ) ;
#35 = DIRECTION ( 'NONE',  ( -0.000000000000000000, 1.000000000000000000, 0.000000000000000000 ) ) ;
#36 = ORIENTED_EDGE ( 'NONE', *, *, #1155, .T. ) ;
#37 = VERTEX_POINT ( 'NONE', #2919 ) ;
#38 = DIRECTION ( 'NONE',  ( -2.134256245050205948E-16, 0.000000000000000000, 1.000000000000000000 ) ) ;
#39 = EDGE_CURVE ( 'NONE', #1765, #172, #3782, .T. ) ;
#40 = LINE ( 'NONE', #4742, #2034 ) ;
#41 = LINE ( 'NONE', #439, #3439 ) ;
#42 = ORIENTED_EDGE ( 'NONE', *, *, #3391, .T. ) ;
#43 = EDGE_CURVE ( 'NONE', #2427, #1330, #5507, .T. ) ;
#44 = ORIENTED_EDGE ( 'NONE', *, *, #2534, .F. ) ;
#45 = DIRECTION ( 'NONE',  ( 0.000000000000000000, -1.000000000000000000, 0.000000000000000000 ) ) ;
#46 = CARTESIAN_POINT ( 'NONE',  ( -2.761194017033702111E-17, 0.06250000000000000000, -0.7907782204724409514 ) ) ;
#47 = LINE ( 'NONE', #4529, #3980 ) ;
#48 = EDGE_CURVE ( 'NONE', #1259, #1815, #2580, .T. ) ;
#49 = CARTESIAN_POINT ( 'NONE',  ( 0.2668707453386729989, 0.04249999999999999611, 0.2363503100196424900 ) ) ;
#50 = EDGE_CURVE ( 'NONE', #5256, #659, #3297, .T. ) ;
#51 = ORIENTED_EDGE ( 'NONE', *, *, #3452, .F. ) ;
#52 = FACE_OUTER_BOUND ( 'NONE', #1041, .T. ) ;
#53 = LINE ( 'NONE', #2804, #89 ) ;
#54 = EDGE_LOOP ( 'NONE', ( #3253, #5682, #4517, #435 ) ) ;
#55 = AXIS2_PLACEMENT_3D ( 'NONE', #5060, #2320, #2809 ) ;
#56 = FACE_OUTER_BOUND ( 'NONE', #2906, .T. ) ;
#57 = DIRECTION ( 'NONE',  ( 0.000000000000000000, 1.000000000000000000, 0.000000000000000000 ) ) ;
#58 = CARTESIAN_POINT ( 'NONE',  ( -0.6692090276885835909, 0.06250000000000000000, 0.4224524041044873668 ) ) ;
#59 = CARTESIAN_POINT ( 'NONE',  ( 0.2527441576021460801, 0.04249999999999999611, 0.1358182777168872313 ) ) ;
#60 = ORIENTED_EDGE ( 'NONE', *, *, #5673, .F. ) ;
#61 = VERTEX_POINT ( 'NONE', #2950 ) ;
#62 = DIRECTION ( 'NONE',  ( -0.000000000000000000, 1.000000000000000000, -0.000000000000000000 ) ) ;
#63 = DIRECTION ( 'NONE',  ( 0.000000000000000000, 1.000000000000000000, 0.000000000000000000 ) ) ;
#64 = LINE ( 'NONE', #3581, #1959 ) ;
#65 = ORIENTED_EDGE ( 'NONE', *, *, #2681, .T. ) ;
#66 = ORIENTED_EDGE ( 'NONE', *, *, #703, .F. ) ;
#67 = DIRECTION ( 'NONE',  ( 1.092739197465705287E-15, 0.000000000000000000, -1.000000000000000000 ) ) ;
#68 = ADVANCED_FACE ( 'NONE', ( #4649 ), #5111, .T. ) ;
#69 = CARTESIAN_POINT ( 'NONE',  ( 0.6995887935035338678, 0.06250000000000000000, 0.1830713002862781047 ) ) ;
#70 = DIRECTION ( 'NONE',  ( -0.5000000000000007772, 0.000000000000000000, 0.8660254037844382635 ) ) ;
#71 = CARTESIAN_POINT ( 'NONE',  ( -0.1912499999999991429, 0.04249999999999999611, -0.1133049903284639032 ) ) ;
#72 = ORIENTED_EDGE ( 'NONE', *, *, #3788, .F. ) ;
#73 = EDGE_CURVE ( 'NONE', #5658, #2325, #827, .T. ) ;
#74 = AXIS2_PLACEMENT_3D ( 'NONE', #3103, #4884, #3589 ) ;
#75 = ADVANCED_FACE ( 'NONE', ( #1103 ), #5538, .F. ) ;
#76 = CARTESIAN_POINT ( 'NONE',  ( 0.06125000000000198341, 0.04249999999999999611, -0.6348973175201051422 ) ) ;
#77 = AXIS2_PLACEMENT_3D ( 'NONE', #432, #462, #3409 ) ;
#78 = ORIENTED_EDGE ( 'NONE', *, *, #5461, .T. ) ;
#79 = AXIS2_PLACEMENT_3D ( 'NONE', #1926, #2414, #3687 ) ;
#80 = CARTESIAN_POINT ( 'NONE',  ( -0.07744534365312932822, 0.06250000000000000000, 0.2568893139328065622 ) ) ;
#81 = DIRECTION ( 'NONE',  ( 1.000000000000000000, 0.000000000000000000, -0.000000000000000000 ) ) ;
#82 = LINE ( 'NONE', #1759, #3626 ) ;
#83 = VECTOR ( 'NONE', #375, 39.37007874015748143 ) ;
#84 = LINE ( 'NONE', #4111, #5355 ) ;
#85 = ORIENTED_EDGE ( 'NONE', *, *, #779, .T. ) ;
#86 = CIRCLE ( 'NONE', #2483, 0.06250000000000000000 ) ;
#87 = ORIENTED_EDGE ( 'NONE', *, *, #1097, .T. ) ;
#88 = DIRECTION ( 'NONE',  ( -1.365923996832131609E-16, 0.000000000000000000, -1.000000000000000000 ) ) ;
#89 = VECTOR ( 'NONE', #5455, 39.37007874015748143 ) ;
#90 = CARTESIAN_POINT ( 'NONE',  ( 0.06062500000000072692, 0.06250000000000000000, 0.1050055802088643575 ) ) ;
#91 = DIRECTION ( 'NONE',  ( 0.5000000000000045519, 0.000000000000000000, 0.8660254037844359321 ) ) ;
#92 = ORIENTED_EDGE ( 'NONE', *, *, #2646, .F. ) ;
#93 = ORIENTED_EDGE ( 'NONE', *, *, #410, .T. ) ;
#94 = LINE ( 'NONE', #1854, #3135 ) ;
#95 = CARTESIAN_POINT ( 'NONE',  ( -0.6416857520649560387, 0.000000000000000000, 0.02952255831014991352 ) ) ;
#96 = CARTESIAN_POINT ( 'NONE',  ( 0.7692715045575724275, 0.000000000000000000, 0.4441391102362131083 ) ) ;
#97 = EDGE_CURVE ( 'NONE', #514, #5262, #3381, .T. ) ;
#98 = FACE_BOUND ( 'NONE', #3582, .T. ) ;
#99 = DIRECTION ( 'NONE',  ( -0.000000000000000000, 1.000000000000000000, -0.000000000000000000 ) ) ;
#100 = ORIENTED_EDGE ( 'NONE', *, *, #4306, .T. ) ;
#101 = AXIS2_PLACEMENT_3D ( 'NONE', #1960, #3317, #2508 ) ;
#102 = VERTEX_POINT ( 'NONE', #1996 ) ;
#103 = PLANE ( 'NONE',  #560 ) ;
#104 = EDGE_CURVE ( 'NONE', #2185, #5240, #2297, .T. ) ;
#105 = VECTOR ( 'NONE', #3681, 39.37007874015748143 ) ;
#106 = ORIENTED_EDGE ( 'NONE', *, *, #286, .F. ) ;
#107 = ADVANCED_FACE ( 'NONE', ( #2484 ), #4242, .F. ) ;
#108 = CIRCLE ( 'NONE', #3895, 0.06250000000000001388 ) ;
#109 = CIRCLE ( 'NONE', #5271, 0.03124999999999998959 ) ;
#110 = CYLINDRICAL_SURFACE ( 'NONE', #2660, 0.03124999999999998959 ) ;
#111 = CARTESIAN_POINT ( 'NONE',  ( 0.1862500000000019973, 0.06250000000000000000, -0.6973973175201051422 ) ) ;
#112 = DIRECTION ( 'NONE',  ( -0.000000000000000000, 1.000000000000000000, -0.000000000000000000 ) ) ;
#113 = EDGE_CURVE ( 'NONE', #1110, #118, #1329, .T. ) ;
#114 = VECTOR ( 'NONE', #932, 39.37007874015748854 ) ;
#115 = DIRECTION ( 'NONE',  ( -0.8660254037844360431, 0.000000000000000000, 0.5000000000000044409 ) ) ;
#116 = VERTEX_POINT ( 'NONE', #2142 ) ;
#117 = CC_DESIGN_APPROVAL ( #1189, ( #1034 ) ) ;
#118 = VERTEX_POINT ( 'NONE', #3034 ) ;
#119 = CARTESIAN_POINT ( 'NONE',  ( 0.07250000000000102196, 0.000000000000000000, 0.1847520861406814763 ) ) ;
#120 = CARTESIAN_POINT ( 'NONE',  ( 0.7536465045575726496, 0.000000000000000000, 0.4712024041044771128 ) ) ;
#121 = APPROVAL_STATUS ( 'not_yet_approved' ) ;
#122 = VERTEX_POINT ( 'NONE', #3928 ) ;
#123 = ORIENTED_EDGE ( 'NONE', *, *, #1414, .F. ) ;
#124 = ORIENTED_EDGE ( 'NONE', *, *, #2785, .F. ) ;
#125 = DIRECTION ( 'NONE',  ( 0.000000000000000000, 0.000000000000000000, -1.000000000000000000 ) ) ;
#126 = EDGE_LOOP ( 'NONE', ( #2897, #1188, #4213, #5234 ) ) ;
#127 = FACE_OUTER_BOUND ( 'NONE', #4062, .T. ) ;
#128 = CIRCLE ( 'NONE', #3448, 0.05249999999999998418 ) ;
#129 = DIRECTION ( 'NONE',  ( 0.000000000000000000, 0.000000000000000000, -1.000000000000000000 ) ) ;
#130 = DIRECTION ( 'NONE',  ( -0.8660254037844364872, 0.000000000000000000, -0.5000000000000036637 ) ) ;
#131 = ORIENTED_EDGE ( 'NONE', *, *, #3320, .F. ) ;
#132 = DIRECTION ( 'NONE',  ( -0.000000000000000000, -1.000000000000000000, 0.000000000000000000 ) ) ;
#133 = VERTEX_POINT ( 'NONE', #2626 ) ;
#134 = DIRECTION ( 'NONE',  ( -0.000000000000000000, 1.000000000000000000, -0.000000000000000000 ) ) ;
#135 = ORIENTED_EDGE ( 'NONE', *, *, #2854, .F. ) ;
#136 = EDGE_CURVE ( 'NONE', #976, #546, #4712, .T. ) ;
#137 = PLANE ( 'NONE',  #907 ) ;
#138 = CARTESIAN_POINT ( 'NONE',  ( 0.1237500000000017475, 0.04249999999999999611, 4.925412328896021184E-17 ) ) ;
#139 = CARTESIAN_POINT ( 'NONE',  ( 0.01562499999999957152, 0.000000000000000000, -0.02706329386826359165 ) ) ;
#140 = VECTOR ( 'NONE', #2840, 39.37007874015748143 ) ;
#141 = DIRECTION ( 'NONE',  ( 0.000000000000000000, 0.000000000000000000, -1.000000000000000000 ) ) ;
#142 = ORIENTED_EDGE ( 'NONE', *, *, #1168, .T. ) ;
#143 = EDGE_CURVE ( 'NONE', #5600, #2069, #4357, .T. ) ;
#144 = ORIENTED_EDGE ( 'NONE', *, *, #2999, .F. ) ;
#145 = EDGE_CURVE ( 'NONE', #213, #3217, #1395, .T. ) ;
#146 = FACE_OUTER_BOUND ( 'NONE', #741, .T. ) ;
#147 = DIRECTION ( 'NONE',  ( 0.000000000000000000, 0.000000000000000000, -1.000000000000000000 ) ) ;
#148 = ORIENTED_EDGE ( 'NONE', *, *, #1483, .F. ) ;
#149 = ORIENTED_EDGE ( 'NONE', *, *, #2740, .F. ) ;
#150 = ORIENTED_EDGE ( 'NONE', *, *, #1935, .F. ) ;
#151 = CARTESIAN_POINT ( 'NONE',  ( -0.1287499999999991429, 0.04249999999999999611, 1.576744273119750504E-17 ) ) ;
#152 = LINE ( 'NONE', #455, #3049 ) ;
#153 = LINE ( 'NONE', #2404, #4212 ) ;
#154 = DIRECTION ( 'NONE',  ( 0.000000000000000000, 0.000000000000000000, -1.000000000000000000 ) ) ;
#155 = VERTEX_POINT ( 'NONE', #409 ) ;
#156 = CARTESIAN_POINT ( 'NONE',  ( -0.3950223768158394044, 0.000000000000000000, 0.2280662755905530914 ) ) ;
#157 = ORIENTED_EDGE ( 'NONE', *, *, #1911, .T. ) ;
#158 = DIRECTION ( 'NONE',  ( 0.000000000000000000, 0.000000000000000000, -1.000000000000000000 ) ) ;
#159 = ORIENTED_EDGE ( 'NONE', *, *, #3522, .T. ) ;
#160 = AXIS2_PLACEMENT_3D ( 'NONE', #1683, #3387, #3796 ) ;
#161 = CARTESIAN_POINT ( 'NONE',  ( 0.5625755575765067906, 0.000000000000000000, 0.3248031496063016887 ) ) ;
#162 = DIRECTION ( 'NONE',  ( -0.000000000000000000, 1.000000000000000000, -0.000000000000000000 ) ) ;
#163 = CIRCLE ( 'NONE', #3118, 0.06250000000000001388 ) ;
#164 = DIRECTION ( 'NONE',  ( 0.000000000000000000, 0.000000000000000000, 1.000000000000000000 ) ) ;
#165 = VECTOR ( 'NONE', #4836, 39.37007874015748143 ) ;
#166 = EDGE_CURVE ( 'NONE', #5164, #417, #4760, .T. ) ;
#167 = CARTESIAN_POINT ( 'NONE',  ( 0.4567122057670057189, 0.04249999999999999611, 0.4787458902149047124 ) ) ;
#168 = ORIENTED_EDGE ( 'NONE', *, *, #3250, .F. ) ;
#169 = AXIS2_PLACEMENT_3D ( 'NONE', #706, #3914, #5660 ) ;
#170 = AXIS2_PLACEMENT_3D ( 'NONE', #4577, #1522, #5075 ) ;
#171 = DIRECTION ( 'NONE',  ( 0.000000000000000000, 0.000000000000000000, -1.000000000000000000 ) ) ;
#172 = VERTEX_POINT ( 'NONE', #466 ) ;
#173 = LINE ( 'NONE', #2392, #540 ) ;
#174 = CARTESIAN_POINT ( 'NONE',  ( 0.3452755905511822321, 0.06250000000000000000, -0.1416099282303677209 ) ) ;
#175 = EDGE_CURVE ( 'NONE', #2435, #1501, #3872, .T. ) ;
#176 = APPROVAL_ROLE ( '' ) ;
#177 = ORIENTED_EDGE ( 'NONE', *, *, #2244, .F. ) ;
#178 = EDGE_LOOP ( 'NONE', ( #1701, #5026, #1976, #1061, #816, #548, #12, #651, #3591, #4821, #2390, #1092, #284, #4349, #5307, #3844, #4157, #3749, #5568 ) ) ;
#179 = ORIENTED_EDGE ( 'NONE', *, *, #704, .T. ) ;
#180 = EDGE_CURVE ( 'NONE', #636, #2640, #386, .T. ) ;
#181 = ORIENTED_EDGE ( 'NONE', *, *, #454, .F. ) ;
#182 = AXIS2_PLACEMENT_3D ( 'NONE', #4386, #4847, #2200 ) ;
#183 = CARTESIAN_POINT ( 'NONE',  ( 0.3009438278150915469, 0.000000000000000000, 0.5147048833797018830 ) ) ;
#184 = CARTESIAN_POINT ( 'NONE',  ( 0.5420887935035332283, 0.04249999999999999611, 0.4558693024783771475 ) ) ;
#185 = VECTOR ( 'NONE', #3669, 39.37007874015748854 ) ;
#186 = CARTESIAN_POINT ( 'NONE',  ( -0.4579494177423077406, 0.06250000000000000000, 0.4765734435359433863 ) ) ;
#187 = CARTESIAN_POINT ( 'NONE',  ( -0.03124999999999989245, 0.04249999999999999611, 1.667387691445467773E-17 ) ) ;
#188 = VERTEX_POINT ( 'NONE', #3494 ) ;
#189 = AXIS2_PLACEMENT_3D ( 'NONE', #2556, #771, #2505 ) ;
#190 = EDGE_CURVE ( 'NONE', #4708, #2436, #890, .T. ) ;
#191 = CARTESIAN_POINT ( 'NONE',  ( 0.7004590276885888089, 0.000000000000000000, 0.3683258163679501984 ) ) ;
#192 = ORIENTED_EDGE ( 'NONE', *, *, #5214, .T. ) ;
#193 = FACE_OUTER_BOUND ( 'NONE', #3658, .T. ) ;
#194 = EDGE_LOOP ( 'NONE', ( #2373, #4932, #1967, #4560 ) ) ;
#195 = DIRECTION ( 'NONE',  ( -0.000000000000000000, -1.000000000000000000, -0.000000000000000000 ) ) ;
#196 = DIRECTION ( 'NONE',  ( -0.8660254037844398178, 0.000000000000000000, 0.4999999999999977240 ) ) ;
#197 = AXIS2_PLACEMENT_3D ( 'NONE', #3195, #3229, #5333 ) ;
#198 = DIRECTION ( 'NONE',  ( 0.000000000000000000, 0.000000000000000000, -1.000000000000000000 ) ) ;
#199 = FACE_OUTER_BOUND ( 'NONE', #2992, .T. ) ;
#200 = VECTOR ( 'NONE', #1485, 39.37007874015748143 ) ;
#201 = VERTEX_POINT ( 'NONE', #4870 ) ;
#202 = DIRECTION ( 'NONE',  ( 0.000000000000000000, -1.000000000000000000, 0.000000000000000000 ) ) ;
#203 = ORIENTED_EDGE ( 'NONE', *, *, #2583, .T. ) ;
#204 = FACE_OUTER_BOUND ( 'NONE', #4799, .T. ) ;
#205 = DIRECTION ( 'NONE',  ( 0.000000000000000000, 0.000000000000000000, 1.000000000000000000 ) ) ;
#206 = VECTOR ( 'NONE', #4535, 39.37007874015748143 ) ;
#207 = CARTESIAN_POINT ( 'NONE',  ( 0.2407914353190341306, 0.04249999999999999611, 0.1702709999999977852 ) ) ;
#208 = ORIENTED_EDGE ( 'NONE', *, *, #2511, .T. ) ;
#209 = CARTESIAN_POINT ( 'NONE',  ( -0.008750000000000059813, 0.04249999999999999611, -0.2867919999999999359 ) ) ;
#210 = VERTEX_POINT ( 'NONE', #2113 ) ;
#211 = DIRECTION ( 'NONE',  ( -0.000000000000000000, -1.000000000000000000, -0.000000000000000000 ) ) ;
#212 = EDGE_CURVE ( 'NONE', #2398, #3547, #921, .T. ) ;
#213 = VERTEX_POINT ( 'NONE', #350 ) ;
#214 = FACE_OUTER_BOUND ( 'NONE', #892, .T. ) ;
#215 = EDGE_CURVE ( 'NONE', #188, #1998, #2895, .T. ) ;
#216 = CARTESIAN_POINT ( 'NONE',  ( -0.01562499999999973112, 0.000000000000000000, 0.02706329386826380676 ) ) ;
#217 = CARTESIAN_POINT ( 'NONE',  ( 0.1131512361669355787, 0.06250000000000000000, 0.1476003100196418005 ) ) ;
#218 = EDGE_LOOP ( 'NONE', ( #1621, #2003, #1923, #2989 ) ) ;
#219 = ORIENTED_EDGE ( 'NONE', *, *, #530, .T. ) ;
#220 = PLANE ( 'NONE',  #2629 ) ;
#221 = EDGE_CURVE ( 'NONE', #4987, #479, #655, .T. ) ;
#222 = VECTOR ( 'NONE', #4545, 39.37007874015748143 ) ;
#223 = ORIENTED_EDGE ( 'NONE', *, *, #522, .F. ) ;
#224 = DIRECTION ( 'NONE',  ( 0.000000000000000000, 0.000000000000000000, 1.000000000000000000 ) ) ;
#225 = ADVANCED_FACE ( 'NONE', ( #2220 ), #3441, .F. ) ;
#226 = ORIENTED_EDGE ( 'NONE', *, *, #2817, .F. ) ;
#227 = CARTESIAN_POINT ( 'NONE',  ( 0.1444012361669358702, 0.04249999999999999611, 0.09347372228311451314 ) ) ;
#228 = DIRECTION ( 'NONE',  ( 0.000000000000000000, 0.000000000000000000, -1.000000000000000000 ) ) ;
#229 = DIRECTION ( 'NONE',  ( 0.000000000000000000, 0.000000000000000000, -1.000000000000000000 ) ) ;
#230 = DIRECTION ( 'NONE',  ( 0.000000000000000000, -1.000000000000000000, 0.000000000000000000 ) ) ;
#231 = ORIENTED_EDGE ( 'NONE', *, *, #1901, .T. ) ;
#232 = CARTESIAN_POINT ( 'NONE',  ( 0.5625755575765067906, 0.06250000000000000000, 0.3248031496063016887 ) ) ;
#233 = ORIENTED_EDGE ( 'NONE', *, *, #2583, .F. ) ;
#234 = PLANE ( 'NONE',  #4687 ) ;
#235 = CARTESIAN_POINT ( 'NONE',  ( 0.03125000000000001388, 0.000000000000000000, -0.2780419999999999559 ) ) ;
#236 = DIRECTION ( 'NONE',  ( 0.000000000000000000, -1.000000000000000000, 0.000000000000000000 ) ) ;
#237 = PERSON_AND_ORGANIZATION ( #4642, #1318 ) ;
#238 = VERTEX_POINT ( 'NONE', #2566 ) ;
#239 = VERTEX_POINT ( 'NONE', #1704 ) ;
#240 = CC_DESIGN_PERSON_AND_ORGANIZATION_ASSIGNMENT ( #1880, #1101, ( #3619 ) ) ;
#241 = AXIS2_PLACEMENT_3D ( 'NONE', #2690, #45, #4880 ) ;
#242 = VERTEX_POINT ( 'NONE', #5677 ) ;
#243 = DIRECTION ( 'NONE',  ( 0.000000000000000000, 0.000000000000000000, -1.000000000000000000 ) ) ;
#244 = DIRECTION ( 'NONE',  ( -0.8660254037844431485, 0.000000000000000000, -0.4999999999999921729 ) ) ;
#245 = DIRECTION ( 'NONE',  ( 0.000000000000000000, 1.000000000000000000, -0.000000000000000000 ) ) ;
#246 = ORIENTED_EDGE ( 'NONE', *, *, #2936, .T. ) ;
#247 = ORIENTED_EDGE ( 'NONE', *, *, #3423, .T. ) ;
#248 = ADVANCED_FACE ( 'NONE', ( #3467 ), #4789, .F. ) ;
#249 = CARTESIAN_POINT ( 'NONE',  ( 0.07125000000000002165, 0.06250000000000000000, -0.2867919999999999914 ) ) ;
#250 = ORIENTED_EDGE ( 'NONE', *, *, #5299, .T. ) ;
#251 = LINE ( 'NONE', #1144, #4618 ) ;
#252 = ORIENTED_EDGE ( 'NONE', *, *, #2817, .T. ) ;
#253 = ADVANCED_FACE ( 'NONE', ( #1729, #2652, #5253, #1300, #8, #1761, #3526, #1844, #1434, #4058, #944 ), #5364, .T. ) ;
#254 = ADVANCED_FACE ( 'NONE', ( #4946 ), #1409, .F. ) ;
#255 = LINE ( 'NONE', #2909, #3219 ) ;
#256 = DIRECTION ( 'NONE',  ( 0.000000000000000000, 0.000000000000000000, 1.000000000000000000 ) ) ;
#257 = FACE_OUTER_BOUND ( 'NONE', #4495, .T. ) ;
#258 = VECTOR ( 'NONE', #3676, 39.37007874015748143 ) ;
#259 = FACE_OUTER_BOUND ( 'NONE', #126, .T. ) ;
#260 = CARTESIAN_POINT ( 'NONE',  ( 0.2952755905511824097, 0.06250000000000000000, -0.5704774416898490408 ) ) ;
#261 = VECTOR ( 'NONE', #4544, 39.37007874015748143 ) ;
#262 = ORIENTED_EDGE ( 'NONE', *, *, #4761, .F. ) ;
#263 = DIRECTION ( 'NONE',  ( 0.000000000000000000, 0.000000000000000000, -1.000000000000000000 ) ) ;
#264 = DIRECTION ( 'NONE',  ( -0.000000000000000000, 1.000000000000000000, -0.000000000000000000 ) ) ;
#265 = DIRECTION ( 'NONE',  ( -0.8660254037844362651, 0.000000000000000000, -0.5000000000000041078 ) ) ;
#266 = DIRECTION ( 'NONE',  ( 0.000000000000000000, -1.000000000000000000, 0.000000000000000000 ) ) ;
#267 = CIRCLE ( 'NONE', #1832, 0.2952755905511810774 ) ;
#268 = EDGE_LOOP ( 'NONE', ( #1853, #3853, #897, #1255 ) ) ;
#269 = ORIENTED_EDGE ( 'NONE', *, *, #4890, .T. ) ;
#270 = AXIS2_PLACEMENT_3D ( 'NONE', #3653, #3686, #5525 ) ;
#271 = CARTESIAN_POINT ( 'NONE',  ( 0.008750000000000026854, 0.04249999999999999611, -0.2867919999999999914 ) ) ;
#272 = CARTESIAN_POINT ( 'NONE',  ( 0.1237500000000018030, 0.04249999999999999611, -0.1133049903284639448 ) ) ;
#273 = CARTESIAN_POINT ( 'NONE',  ( 0.2952755905511824097, 0.06250000000000000000, -0.9448818897637796255 ) ) ;
#274 = VERTEX_POINT ( 'NONE', #5006 ) ;
#275 = EDGE_LOOP ( 'NONE', ( #2397, #1816, #5573, #4897 ) ) ;
#276 = LINE ( 'NONE', #3799, #1158 ) ;
#277 = AXIS2_PLACEMENT_3D ( 'NONE', #438, #1682, #3962 ) ;
#278 = VECTOR ( 'NONE', #1036, 39.37007874015748143 ) ;
#279 = ORIENTED_EDGE ( 'NONE', *, *, #1663, .F. ) ;
#280 = LINE ( 'NONE', #1600, #4887 ) ;
#281 = VECTOR ( 'NONE', #5457, 39.37007874015748143 ) ;
#282 = EDGE_CURVE ( 'NONE', #37, #584, #568, .T. ) ;
#283 = VECTOR ( 'NONE', #2445, 39.37007874015748854 ) ;
#284 = ORIENTED_EDGE ( 'NONE', *, *, #739, .F. ) ;
#285 = DIRECTION ( 'NONE',  ( -0.000000000000000000, 1.000000000000000000, -0.000000000000000000 ) ) ;
#286 = EDGE_CURVE ( 'NONE', #2613, #1779, #968, .T. ) ;
#287 = LINE ( 'NONE', #1055, #4311 ) ;
#288 = CARTESIAN_POINT ( 'NONE',  ( 0.4650856180304784315, 0.06250000000000000000, 0.4017427147418499711 ) ) ;
#289 = EDGE_CURVE ( 'NONE', #2095, #4006, #84, .T. ) ;
#290 = DIRECTION ( 'NONE',  ( -0.5000000000000001110, 0.000000000000000000, 0.8660254037844385966 ) ) ;
#291 = DIRECTION ( 'NONE',  ( 0.000000000000000000, 0.000000000000000000, -1.000000000000000000 ) ) ;
#292 = ORIENTED_EDGE ( 'NONE', *, *, #5072, .T. ) ;
#293 = EDGE_CURVE ( 'NONE', #3956, #339, #3172, .T. ) ;
#294 = CARTESIAN_POINT ( 'NONE',  ( -0.4663228300057806752, 0.04249999999999999611, 0.3370702680628883674 ) ) ;
#295 = CARTESIAN_POINT ( 'NONE',  ( -0.06187500000000014516, 0.04249999999999999611, 0.1071706437183243127 ) ) ;
#296 = EDGE_CURVE ( 'NONE', #2455, #4327, #3887, .T. ) ;
#297 = DIRECTION ( 'NONE',  ( 0.000000000000000000, -1.000000000000000000, 0.000000000000000000 ) ) ;
#298 = CIRCLE ( 'NONE', #1573, 0.03124999999999998959 ) ;
#299 = CARTESIAN_POINT ( 'NONE',  ( -0.1531512361669359334, 0.04249999999999999611, 0.07831827771688688877 ) ) ;
#300 = VERTEX_POINT ( 'NONE', #4548 ) ;
#301 = AXIS2_PLACEMENT_3D ( 'NONE', #3725, #2423, #2828 ) ;
#302 = VERTEX_POINT ( 'NONE', #4921 ) ;
#303 = VECTOR ( 'NONE', #5199, 39.37007874015748143 ) ;
#304 = DIRECTION ( 'NONE',  ( 0.000000000000000000, 1.000000000000000000, 0.000000000000000000 ) ) ;
#305 = CARTESIAN_POINT ( 'NONE',  ( -1.024442997624098707E-16, 0.000000000000000000, -0.8882782204724408714 ) ) ;
#306 = LINE ( 'NONE', #1164, #30 ) ;
#307 = VERTEX_POINT ( 'NONE', #167 ) ;
#308 = AXIS2_PLACEMENT_3D ( 'NONE', #1107, #1074, #1161 ) ;
#309 = VERTEX_POINT ( 'NONE', #3632 ) ;
#310 = DIRECTION ( 'NONE',  ( -0.000000000000000000, -1.000000000000000000, -0.000000000000000000 ) ) ;
#311 = VERTEX_POINT ( 'NONE', #596 ) ;
#312 = CARTESIAN_POINT ( 'NONE',  ( 0.4879622057670057744, 0.06250000000000000000, 0.4246193024783773140 ) ) ;
#313 = CIRCLE ( 'NONE', #1403, 0.03124999999999997571 ) ;
#314 = ORIENTED_EDGE ( 'NONE', *, *, #4194, .T. ) ;
#315 = DIRECTION ( 'NONE',  ( -0.5000000000000003331, 0.000000000000000000, 0.8660254037844383745 ) ) ;
#316 = CARTESIAN_POINT ( 'NONE',  ( -2.761194017033702111E-17, 0.000000000000000000, -0.7907782204724409514 ) ) ;
#317 = DIRECTION ( 'NONE',  ( 0.000000000000000000, 0.000000000000000000, -1.000000000000000000 ) ) ;
#318 = AXIS2_PLACEMENT_3D ( 'NONE', #2329, #112, #1813 ) ;
#319 = VERTEX_POINT ( 'NONE', #2678 ) ;
#320 = LINE ( 'NONE', #2447, #1298 ) ;
#321 = ADVANCED_FACE ( 'NONE', ( #492 ), #2357, .F. ) ;
#322 = DIRECTION ( 'NONE',  ( 2.185478394931410180E-15, 0.000000000000000000, -1.000000000000000000 ) ) ;
#323 = ORIENTED_EDGE ( 'NONE', *, *, #3465, .T. ) ;
#324 = CARTESIAN_POINT ( 'NONE',  ( 0.6577707338203251375, 0.000000000000000000, 0.3797641102362143695 ) ) ;
#325 = DIRECTION ( 'NONE',  ( 0.000000000000000000, 0.000000000000000000, -1.000000000000000000 ) ) ;
#326 = CARTESIAN_POINT ( 'NONE',  ( -0.8119597984258298817, 0.000000000000000000, 0.4327008163679606501 ) ) ;
#327 = DIRECTION ( 'NONE',  ( 6.936332796413168713E-16, 0.000000000000000000, 1.000000000000000000 ) ) ;
#328 = EDGE_CURVE ( 'NONE', #4971, #1386, #1461, .T. ) ;
#329 = ORIENTED_EDGE ( 'NONE', *, *, #4803, .T. ) ;
#330 = ADVANCED_FACE ( 'NONE', ( #2760 ), #2332, .F. ) ;
#331 = ORIENTED_EDGE ( 'NONE', *, *, #557, .F. ) ;
#332 = CARTESIAN_POINT ( 'NONE',  ( -0.6154494177423085466, 0.04249999999999999611, 0.2037754413438441214 ) ) ;
#333 = CARTESIAN_POINT ( 'NONE',  ( -0.5065231475530854732, 0.000000000000000000, 0.2924412755905536621 ) ) ;
#334 = CARTESIAN_POINT ( 'NONE',  ( -0.2224999999999992539, 0.04249999999999999611, -0.09526279441628812683 ) ) ;
#335 = EDGE_LOOP ( 'NONE', ( #314, #4353, #2623, #4466 ) ) ;
#336 = ORIENTED_EDGE ( 'NONE', *, *, #3395, .T. ) ;
#337 = CARTESIAN_POINT ( 'NONE',  ( 0.2952755905511824097, 0.06250000000000000000, -0.1704774416898490463 ) ) ;
#338 = CYLINDRICAL_SURFACE ( 'NONE', #2967, 0.06250000000000000000 ) ;
#339 = VERTEX_POINT ( 'NONE', #3657 ) ;
#340 = FACE_OUTER_BOUND ( 'NONE', #1413, .T. ) ;
#341 = DIRECTION ( 'NONE',  ( -5.463695987328526437E-15, 0.000000000000000000, -1.000000000000000000 ) ) ;
#342 = DIRECTION ( 'NONE',  ( 0.000000000000000000, 0.000000000000000000, -1.000000000000000000 ) ) ;
#343 = EDGE_LOOP ( 'NONE', ( #362, #247, #5042, #1049 ) ) ;
#344 = DIRECTION ( 'NONE',  ( 0.000000000000000000, -1.000000000000000000, 0.000000000000000000 ) ) ;
#345 = DIRECTION ( 'NONE',  ( 0.000000000000000000, 1.000000000000000000, 0.000000000000000000 ) ) ;
#346 = EDGE_LOOP ( 'NONE', ( #1280, #2706, #5160, #135 ) ) ;
#347 = CARTESIAN_POINT ( 'NONE',  ( -0.6871520857636389534, 0.000000000000000000, 0.05577255831014996112 ) ) ;
#348 = DIRECTION ( 'NONE',  ( 0.000000000000000000, -1.000000000000000000, 0.000000000000000000 ) ) ;
#349 = ADVANCED_FACE ( 'NONE', ( #2704 ), #4089, .F. ) ;
#350 = CARTESIAN_POINT ( 'NONE',  ( -0.5625755575765063465, 0.000000000000000000, 0.6200787401574812119 ) ) ;
#351 = ORIENTED_EDGE ( 'NONE', *, *, #2324, .F. ) ;
#352 = AXIS2_PLACEMENT_3D ( 'NONE', #3510, #1804, #4423 ) ;
#353 = ORIENTED_EDGE ( 'NONE', *, *, #594, .T. ) ;
#354 = LINE ( 'NONE', #383, #3150 ) ;
#355 = EDGE_CURVE ( 'NONE', #3038, #1902, #3689, .T. ) ;
#356 = DIRECTION ( 'NONE',  ( 0.8660254037844360431, 0.000000000000000000, -0.5000000000000045519 ) ) ;
#357 = AXIS2_PLACEMENT_3D ( 'NONE', #2267, #4480, #4056 ) ;
#358 = AXIS2_PLACEMENT_3D ( 'NONE', #5157, #1206, #4260 ) ;
#359 = DIRECTION ( 'NONE',  ( -0.8660254037844382635, 0.000000000000000000, -0.5000000000000007772 ) ) ;
#360 = ORIENTED_EDGE ( 'NONE', *, *, #1210, .F. ) ;
#361 = EDGE_CURVE ( 'NONE', #3641, #3970, #3428, .T. ) ;
#362 = ORIENTED_EDGE ( 'NONE', *, *, #3079, .F. ) ;
#363 = DIRECTION ( 'NONE',  ( 0.000000000000000000, -1.000000000000000000, 0.000000000000000000 ) ) ;
#364 = AXIS2_PLACEMENT_3D ( 'NONE', #1263, #4265, #322 ) ;
#365 = CARTESIAN_POINT ( 'NONE',  ( 1.297627796990524979E-15, 0.06250000000000000000, -0.6496062992125984925 ) ) ;
#366 = EDGE_CURVE ( 'NONE', #5014, #5694, #2269, .T. ) ;
#367 = ORIENTED_EDGE ( 'NONE', *, *, #1094, .T. ) ;
#368 = VECTOR ( 'NONE', #5367, 39.37007874015748143 ) ;
#369 = CARTESIAN_POINT ( 'NONE',  ( -0.03125000000000001388, 0.06250000000000000000, -0.7907782204724409514 ) ) ;
#370 = DIRECTION ( 'NONE',  ( 0.000000000000000000, 0.000000000000000000, -1.000000000000000000 ) ) ;
#371 = CARTESIAN_POINT ( 'NONE',  ( 0.1131512361669356065, 0.06250000000000000000, 0.1476003100196418005 ) ) ;
#372 = VECTOR ( 'NONE', #4184, 39.37007874015748143 ) ;
#373 = CIRCLE ( 'NONE', #4418, 0.03125000000000000000 ) ;
#374 = ORIENTED_EDGE ( 'NONE', *, *, #2858, .F. ) ;
#375 = DIRECTION ( 'NONE',  ( 0.000000000000000000, 1.000000000000000000, 0.000000000000000000 ) ) ;
#376 = DIRECTION ( 'NONE',  ( 0.000000000000000000, 0.000000000000000000, 1.000000000000000000 ) ) ;
#377 = EDGE_LOOP ( 'NONE', ( #2096, #467, #1425, #1472 ) ) ;
#378 = LINE ( 'NONE', #2537, #2468 ) ;
#379 = LINE ( 'NONE', #996, #1598 ) ;
#380 = DIRECTION ( 'NONE',  ( -0.000000000000000000, 1.000000000000000000, -0.000000000000000000 ) ) ;
#381 = ORIENTED_EDGE ( 'NONE', *, *, #3216, .F. ) ;
#382 = ORIENTED_EDGE ( 'NONE', *, *, #3656, .T. ) ;
#383 = CARTESIAN_POINT ( 'NONE',  ( -0.1599999999999991707, 0.04249999999999999611, -0.05917840259193651170 ) ) ;
#384 = CIRCLE ( 'NONE', #2135, 0.03125000000000000694 ) ;
#385 = CARTESIAN_POINT ( 'NONE',  ( -0.7848965045575663213, 0.06250000000000000000, 0.4170758163679604835 ) ) ;
#386 = CIRCLE ( 'NONE', #2223, 0.03124999999999997571 ) ;
#387 = DIRECTION ( 'NONE',  ( 0.000000000000000000, 0.000000000000000000, 1.000000000000000000 ) ) ;
#388 = VERTEX_POINT ( 'NONE', #5385 ) ;
#389 = ORIENTED_EDGE ( 'NONE', *, *, #854, .T. ) ;
#390 = CARTESIAN_POINT ( 'NONE',  ( -0.07749999999999890310, 0.04249999999999999611, 0.2597520861406814041 ) ) ;
#391 = EDGE_CURVE ( 'NONE', #416, #4146, #4343, .T. ) ;
#392 = AXIS2_PLACEMENT_3D ( 'NONE', #4749, #2529, #315 ) ;
#393 = ADVANCED_FACE ( 'NONE', ( #259 ), #1606, .F. ) ;
#394 = PLANE ( 'NONE',  #4891 ) ;
#395 = VECTOR ( 'NONE', #3994, 39.37007874015748143 ) ;
#396 = ORIENTED_EDGE ( 'NONE', *, *, #879, .T. ) ;
#397 = EDGE_CURVE ( 'NONE', #4691, #3698, #3338, .T. ) ;
#398 = CC_DESIGN_APPROVAL ( #2807, ( #5350 ) ) ;
#399 = CARTESIAN_POINT ( 'NONE',  ( 0.4794598536848256320, 0.000000000000000000, 0.3080662755905467232 ) ) ;
#400 = DIRECTION ( 'NONE',  ( 1.311287036958847291E-14, 0.000000000000000000, -1.000000000000000000 ) ) ;
#401 = LINE ( 'NONE', #371, #1382 ) ;
#402 = ORIENTED_EDGE ( 'NONE', *, *, #1210, .T. ) ;
#403 = DIRECTION ( 'NONE',  ( -0.4999999999999977796, 0.000000000000000000, -0.8660254037844399289 ) ) ;
#404 = DIRECTION ( 'NONE',  ( 0.000000000000000000, 0.000000000000000000, -1.000000000000000000 ) ) ;
#405 = ORIENTED_EDGE ( 'NONE', *, *, #3033, .T. ) ;
#406 = CARTESIAN_POINT ( 'NONE',  ( 0.07125000000000002165, 0.04249999999999999611, -0.2867919999999999914 ) ) ;
#407 = AXIS2_PLACEMENT_3D ( 'NONE', #889, #4895, #3979 ) ;
#408 = FACE_OUTER_BOUND ( 'NONE', #1615, .T. ) ;
#409 = CARTESIAN_POINT ( 'NONE',  ( -0.2952755905511798007, 0.06250000000000000000, -0.6496062992125984925 ) ) ;
#410 = EDGE_CURVE ( 'NONE', #2290, #4526, #3054, .T. ) ;
#411 = ORIENTED_EDGE ( 'NONE', *, *, #361, .F. ) ;
#412 = VERTEX_POINT ( 'NONE', #4669 ) ;
#413 = CARTESIAN_POINT ( 'NONE',  ( -0.1287499999999992262, 0.04249999999999999611, -0.5723973175201051422 ) ) ;
#414 = CARTESIAN_POINT ( 'NONE',  ( -6.814803792450683845E-17, 0.000000000000000000, -0.5848825511811023281 ) ) ;
#415 = LINE ( 'NONE', #3533, #3900 ) ;
#416 = VERTEX_POINT ( 'NONE', #5038 ) ;
#417 = VERTEX_POINT ( 'NONE', #3812 ) ;
#418 = CARTESIAN_POINT ( 'NONE',  ( -0.09902464843040867382, 0.04249999999999999611, 0.04706827771688662509 ) ) ;
#419 = DIRECTION ( 'NONE',  ( 0.000000000000000000, -1.000000000000000000, 0.000000000000000000 ) ) ;
#420 = EDGE_CURVE ( 'NONE', #4691, #2427, #1634, .T. ) ;
#421 = ORIENTED_EDGE ( 'NONE', *, *, #5327, .F. ) ;
#422 = DIRECTION ( 'NONE',  ( -0.5000000000000003331, 0.000000000000000000, 0.8660254037844383745 ) ) ;
#423 = AXIS2_PLACEMENT_3D ( 'NONE', #156, #1048, #612 ) ;
#424 = CARTESIAN_POINT ( 'NONE',  ( 0.3918764952124575429, 0.06250000000000000000, 0.5672048833797019851 ) ) ;
#425 = DIRECTION ( 'NONE',  ( 0.000000000000000000, 0.000000000000000000, -1.000000000000000000 ) ) ;
#426 = EDGE_CURVE ( 'NONE', #862, #1740, #835, .T. ) ;
#427 = ORIENTED_EDGE ( 'NONE', *, *, #1947, .T. ) ;
#428 = EDGE_CURVE ( 'NONE', #3935, #4820, #657, .T. ) ;
#429 = LINE ( 'NONE', #5161, #2570 ) ;
#430 = CARTESIAN_POINT ( 'NONE',  ( -0.07749999999999890310, 0.000000000000000000, 0.6847520861406815040 ) ) ;
#431 = ORIENTED_EDGE ( 'NONE', *, *, #2429, .T. ) ;
#432 = CARTESIAN_POINT ( 'NONE',  ( -0.2439941576021459613, 0.04249999999999999611, 0.1509737222831150083 ) ) ;
#433 = CARTESIAN_POINT ( 'NONE',  ( -0.03124999999999989245, 0.000000000000000000, 1.667387691445467773E-17 ) ) ;
#434 = DIRECTION ( 'NONE',  ( 0.000000000000000000, 0.000000000000000000, -1.000000000000000000 ) ) ;
#435 = ORIENTED_EDGE ( 'NONE', *, *, #4950, .T. ) ;
#436 = ORIENTED_EDGE ( 'NONE', *, *, #1094, .F. ) ;
#437 = DIRECTION ( 'NONE',  ( -0.000000000000000000, 1.000000000000000000, -0.000000000000000000 ) ) ;
#438 = CARTESIAN_POINT ( 'NONE',  ( -0.3950223768158394044, 0.06250000000000000000, 0.2280662755905530914 ) ) ;
#439 = CARTESIAN_POINT ( 'NONE',  ( 0.4106473768158421245, 0.000000000000000000, 0.2010029817222836190 ) ) ;
#440 = VERTEX_POINT ( 'NONE', #4263 ) ;
#441 = VERTEX_POINT ( 'NONE', #5104 ) ;
#442 = AXIS2_PLACEMENT_3D ( 'NONE', #675, #2901, #582 ) ;
#443 = DIRECTION ( 'NONE',  ( 0.000000000000000000, -1.000000000000000000, -0.000000000000000000 ) ) ;
#444 = CYLINDRICAL_SURFACE ( 'NONE', #4405, 0.05249999999999998418 ) ;
#445 = VECTOR ( 'NONE', #2450, 39.37007874015748143 ) ;
#446 = VECTOR ( 'NONE', #5493, 39.37007874015748143 ) ;
#447 = PLANE ( 'NONE',  #807 ) ;
#448 = VERTEX_POINT ( 'NONE', #5129 ) ;
#449 = VECTOR ( 'NONE', #5205, 39.37007874015748854 ) ;
#450 = AXIS2_PLACEMENT_3D ( 'NONE', #5442, #4178, #5470 ) ;
#451 = ADVANCED_FACE ( 'NONE', ( #199 ), #2079, .F. ) ;
#452 = CARTESIAN_POINT ( 'NONE',  ( -0.03125000000000004857, 0.000000000000000000, -0.8882782204724408714 ) ) ;
#453 = CYLINDRICAL_SURFACE ( 'NONE', #2109, 0.06250000000000001388 ) ;
#454 = EDGE_CURVE ( 'NONE', #2405, #5312, #5073, .T. ) ;
#455 = CARTESIAN_POINT ( 'NONE',  ( -0.1844012361669362110, 0.06250000000000000000, 0.02419168998035961179 ) ) ;
#456 = ORIENTED_EDGE ( 'NONE', *, *, #1433, .T. ) ;
#457 = LINE ( 'NONE', #1785, #4097 ) ;
#458 = EDGE_CURVE ( 'NONE', #1073, #521, #2913, .T. ) ;
#459 = CIRCLE ( 'NONE', #2028, 0.03124999999999997571 ) ;
#460 = LINE ( 'NONE', #1811, #3950 ) ;
#461 = ADVANCED_FACE ( 'NONE', ( #714 ), #4609, .T. ) ;
#462 = DIRECTION ( 'NONE',  ( 0.000000000000000000, 1.000000000000000000, -0.000000000000000000 ) ) ;
#463 = CIRCLE ( 'NONE', #5066, 0.06250000000000001388 ) ;
#464 = CARTESIAN_POINT ( 'NONE',  ( 0.6692090276885893640, 0.06250000000000000000, 0.4224524041044779299 ) ) ;
#465 = CIRCLE ( 'NONE', #3685, 0.06250000000000000000 ) ;
#466 = CARTESIAN_POINT ( 'NONE',  ( 0.2952755905511824097, 0.000000000000000000, -0.6496062992125984925 ) ) ;
#467 = ORIENTED_EDGE ( 'NONE', *, *, #4053, .F. ) ;
#468 = EDGE_CURVE ( 'NONE', #1355, #1386, #1178, .T. ) ;
#469 = ORIENTED_EDGE ( 'NONE', *, *, #3181, .F. ) ;
#470 = LINE ( 'NONE', #2226, #4133 ) ;
#471 = FACE_OUTER_BOUND ( 'NONE', #3554, .T. ) ;
#472 = LINE ( 'NONE', #2251, #1226 ) ;
#473 = ORIENTED_EDGE ( 'NONE', *, *, #2249, .T. ) ;
#474 = EDGE_LOOP ( 'NONE', ( #3271, #5652, #5284, #5118 ) ) ;
#475 = CARTESIAN_POINT ( 'NONE',  ( 0.008750000000000059813, 0.06250000000000000000, -0.1092920000000000280 ) ) ;
#476 = DIRECTION ( 'NONE',  ( -0.000000000000000000, 1.000000000000000000, 0.000000000000000000 ) ) ;
#477 = AXIS2_PLACEMENT_3D ( 'NONE', #4516, #3574, #1900 ) ;
#478 = DIRECTION ( 'NONE',  ( 0.000000000000000000, 1.000000000000000000, 0.000000000000000000 ) ) ;
#479 = VERTEX_POINT ( 'NONE', #2475 ) ;
#480 = AXIS2_PLACEMENT_3D ( 'NONE', #3651, #134, #5097 ) ;
#481 = EDGE_CURVE ( 'NONE', #4804, #3180, #320, .T. ) ;
#482 = CIRCLE ( 'NONE', #5540, 0.1000000000000000194 ) ;
#483 = LINE ( 'NONE', #3165, #1767 ) ;
#484 = DIRECTION ( 'NONE',  ( 0.4999999999999976685, -0.000000000000000000, 0.8660254037844400399 ) ) ;
#485 = VERTEX_POINT ( 'NONE', #4204 ) ;
#486 = AXIS2_PLACEMENT_3D ( 'NONE', #1421, #4933, #2743 ) ;
#487 = LOCAL_TIME ( 19, 46, 42.00000000000000000, #5475 ) ;
#488 = DIRECTION ( 'NONE',  ( -0.8660254037844431485, 0.000000000000000000, -0.4999999999999919509 ) ) ;
#489 = CARTESIAN_POINT ( 'NONE',  ( 0.2678547291872980241, 0.04249999999999999611, 0.1546459999999974799 ) ) ;
#490 = CARTESIAN_POINT ( 'NONE',  ( -0.1287499999999992262, 0.06250000000000000000, -0.6973973175201051422 ) ) ;
#491 = EDGE_CURVE ( 'NONE', #978, #1294, #1115, .T. ) ;
#492 = FACE_OUTER_BOUND ( 'NONE', #646, .T. ) ;
#493 = EDGE_LOOP ( 'NONE', ( #5170, #5324, #3714, #4077 ) ) ;
#494 = VERTEX_POINT ( 'NONE', #3837 ) ;
#495 = CARTESIAN_POINT ( 'NONE',  ( 0.4794598536848256320, 0.06250000000000000000, 0.3080662755905467232 ) ) ;
#496 = DIRECTION ( 'NONE',  ( 0.000000000000000000, 0.000000000000000000, 1.000000000000000000 ) ) ;
#497 = EDGE_CURVE ( 'NONE', #5417, #3542, #1848, .T. ) ;
#498 = CARTESIAN_POINT ( 'NONE',  ( 0.1563539584500509561, 0.04249999999999999611, 0.09027099999999854685 ) ) ;
#499 = ORIENTED_EDGE ( 'NONE', *, *, #1873, .T. ) ;
#500 = EDGE_CURVE ( 'NONE', #3335, #1145, #4054, .T. ) ;
#501 = LINE ( 'NONE', #390, #2814 ) ;
#502 = ORIENTED_EDGE ( 'NONE', *, *, #2534, .T. ) ;
#503 = DIRECTION ( 'NONE',  ( 0.000000000000000000, 1.000000000000000000, 0.000000000000000000 ) ) ;
#504 = CARTESIAN_POINT ( 'NONE',  ( 0.6683387935035338678, 0.06250000000000000000, 0.2371978880228054753 ) ) ;
#505 = DIRECTION ( 'NONE',  ( 0.000000000000000000, -1.000000000000000000, 0.000000000000000000 ) ) ;
#506 = VERTEX_POINT ( 'NONE', #1988 ) ;
#507 = DIRECTION ( 'NONE',  ( -0.000000000000000000, 1.000000000000000000, 0.000000000000000000 ) ) ;
#508 = EDGE_LOOP ( 'NONE', ( #1202, #1273, #4762, #3292, #250, #575, #1741 ) ) ;
#509 = AXIS2_PLACEMENT_3D ( 'NONE', #5549, #3337, #5204 ) ;
#510 = DIRECTION ( 'NONE',  ( 0.000000000000000000, 0.000000000000000000, 1.000000000000000000 ) ) ;
#511 = CARTESIAN_POINT ( 'NONE',  ( 0.4650856180304784315, 0.04249999999999999611, 0.4017427147418499711 ) ) ;
#512 = CARTESIAN_POINT ( 'NONE',  ( 0.6416857520649560387, 0.000000000000000000, 0.02952255831014992046 ) ) ;
#513 = CARTESIAN_POINT ( 'NONE',  ( -8.421348291719106147E-18, 0.04249999999999999611, -0.1805419999999999803 ) ) ;
#514 = VERTEX_POINT ( 'NONE', #5241 ) ;
#515 = ADVANCED_FACE ( 'NONE', ( #2533 ), #2186, .F. ) ;
#516 = ORIENTED_EDGE ( 'NONE', *, *, #4648, .F. ) ;
#517 = CARTESIAN_POINT ( 'NONE',  ( 0.6416857520649560387, 0.06250000000000000000, 0.02952255831014992046 ) ) ;
#518 = CARTESIAN_POINT ( 'NONE',  ( -0.7692715045575662103, 0.000000000000000000, 0.4441391102362241550 ) ) ;
#519 = LINE ( 'NONE', #4035, #2607 ) ;
#520 = ORIENTED_EDGE ( 'NONE', *, *, #4750, .F. ) ;
#521 = VERTEX_POINT ( 'NONE', #1755 ) ;
#522 = EDGE_CURVE ( 'NONE', #1501, #2195, #5276, .T. ) ;
#523 = CARTESIAN_POINT ( 'NONE',  ( 0.000000000000000000, 0.06250000000000000000, 0.000000000000000000 ) ) ;
#524 = CARTESIAN_POINT ( 'NONE',  ( 0.3952755905511824430, 0.06250000000000000000, -0.2282124686088114196 ) ) ;
#525 = AXIS2_PLACEMENT_3D ( 'NONE', #3734, #1045, #5057 ) ;
#526 = CARTESIAN_POINT ( 'NONE',  ( 0.000000000000000000, 0.06250000000000000000, 0.05249999999999999806 ) ) ;
#527 = DIRECTION ( 'NONE',  ( -8.892734354375858033E-16, 0.000000000000000000, -1.000000000000000000 ) ) ;
#528 = ORIENTED_EDGE ( 'NONE', *, *, #5381, .F. ) ;
#529 = VECTOR ( 'NONE', #3456, 39.37007874015748143 ) ;
#530 = EDGE_CURVE ( 'NONE', #1385, #388, #3773, .T. ) ;
#531 = EDGE_LOOP ( 'NONE', ( #1427, #4699, #2902, #1939 ) ) ;
#532 = DIRECTION ( 'NONE',  ( 3.734948428837861518E-16, 0.000000000000000000, 1.000000000000000000 ) ) ;
#533 = AXIS2_PLACEMENT_3D ( 'NONE', #365, #3369, #1626 ) ;
#534 = VERTEX_POINT ( 'NONE', #5644 ) ;
#535 = CARTESIAN_POINT ( 'NONE',  ( -0.1407289584500496238, 0.04249999999999999611, 0.1173342938682643555 ) ) ;
#536 = CYLINDRICAL_SURFACE ( 'NONE', #1088, 0.06249999999999995143 ) ;
#537 = FACE_OUTER_BOUND ( 'NONE', #3109, .T. ) ;
#538 = CARTESIAN_POINT ( 'NONE',  ( -0.002499999999998906309, 0.000000000000000000, 0.2597520861406814041 ) ) ;
#539 = ORIENTED_EDGE ( 'NONE', *, *, #2681, .F. ) ;
#540 = VECTOR ( 'NONE', #3787, 39.37007874015748143 ) ;
#541 = ORIENTED_EDGE ( 'NONE', *, *, #1800, .T. ) ;
#542 = CARTESIAN_POINT ( 'NONE',  ( -0.5962194183662727909, 0.000000000000000000, 0.003272558310150220241 ) ) ;
#543 = VECTOR ( 'NONE', #759, 39.37007874015748143 ) ;
#544 = DIRECTION ( 'NONE',  ( 0.8660254037844383745, 0.000000000000000000, -0.5000000000000003331 ) ) ;
#545 = PERSON_AND_ORGANIZATION_ROLE ( 'classification_officer' ) ;
#546 = VERTEX_POINT ( 'NONE', #829 ) ;
#547 = VERTEX_POINT ( 'NONE', #2134 ) ;
#548 = ORIENTED_EDGE ( 'NONE', *, *, #4532, .T. ) ;
#549 = ADVANCED_FACE ( 'NONE', ( #4780 ), #3923, .T. ) ;
#550 = DIRECTION ( 'NONE',  ( 0.000000000000000000, 0.000000000000000000, -1.000000000000000000 ) ) ;
#551 = DIRECTION ( 'NONE',  ( -0.8660254037844382635, 0.000000000000000000, -0.5000000000000007772 ) ) ;
#552 = LINE ( 'NONE', #959, #917 ) ;
#553 = EDGE_LOOP ( 'NONE', ( #671, #782, #754, #1279 ) ) ;
#554 = EDGE_CURVE ( 'NONE', #4341, #4459, #4498, .T. ) ;
#555 = AXIS2_PLACEMENT_3D ( 'NONE', #1578, #4236, #1091 ) ;
#556 = DIRECTION ( 'NONE',  ( 0.8660254037844385966, 0.000000000000000000, -0.5000000000000000000 ) ) ;
#557 = EDGE_CURVE ( 'NONE', #440, #201, #2847, .T. ) ;
#558 = VERTEX_POINT ( 'NONE', #4317 ) ;
#559 = CARTESIAN_POINT ( 'NONE',  ( 0.03124999999999998959, 0.04249999999999999611, -0.1805419999999999803 ) ) ;
#560 = AXIS2_PLACEMENT_3D ( 'NONE', #1865, #1781, #3189 ) ;
#561 = ORIENTED_EDGE ( 'NONE', *, *, #5034, .F. ) ;
#562 = EDGE_CURVE ( 'NONE', #1954, #300, #4730, .T. ) ;
#563 = VECTOR ( 'NONE', #3644, 39.37007874015748143 ) ;
#564 = CIRCLE ( 'NONE', #1312, 0.06250000000000001388 ) ;
#565 = DIRECTION ( 'NONE',  ( 0.4999999999999976685, -0.000000000000000000, 0.8660254037844400399 ) ) ;
#566 = DIRECTION ( 'NONE',  ( 0.5000000000000007772, 0.000000000000000000, -0.8660254037844382635 ) ) ;
#567 = DIRECTION ( 'NONE',  ( 0.000000000000000000, -1.000000000000000000, -0.000000000000000000 ) ) ;
#568 = LINE ( 'NONE', #1384, #4619 ) ;
#569 = ORIENTED_EDGE ( 'NONE', *, *, #136, .T. ) ;
#570 = CIRCLE ( 'NONE', #3160, 0.06249999999999995143 ) ;
#571 = ORIENTED_EDGE ( 'NONE', *, *, #420, .F. ) ;
#572 = CARTESIAN_POINT ( 'NONE',  ( 0.6577707338203252485, 0.000000000000000000, 0.3797641102362142584 ) ) ;
#573 = DIRECTION ( 'NONE',  ( 0.000000000000000000, -1.000000000000000000, 0.000000000000000000 ) ) ;
#574 = DATE_TIME_ROLE ( 'classification_date' ) ;
#575 = ORIENTED_EDGE ( 'NONE', *, *, #221, .T. ) ;
#576 = ORIENTED_EDGE ( 'NONE', *, *, #1800, .F. ) ;
#577 = ORIENTED_EDGE ( 'NONE', *, *, #1627, .F. ) ;
#578 = FACE_OUTER_BOUND ( 'NONE', #474, .T. ) ;
#579 = CARTESIAN_POINT ( 'NONE',  ( -0.03125000000000001388, 0.000000000000000000, -0.7907782204724409514 ) ) ;
#580 = CIRCLE ( 'NONE', #1468, 0.03125000000000000694 ) ;
#581 = DIRECTION ( 'NONE',  ( 0.000000000000000000, 0.000000000000000000, -1.000000000000000000 ) ) ;
#582 = DIRECTION ( 'NONE',  ( 0.000000000000000000, 0.000000000000000000, -1.000000000000000000 ) ) ;
#583 = CARTESIAN_POINT ( 'NONE',  ( -0.2537499999999992539, 0.04249999999999999611, -0.1493893821528155252 ) ) ;
#584 = VERTEX_POINT ( 'NONE', #2998 ) ;
#585 = CARTESIAN_POINT ( 'NONE',  ( 0.7102133528520979677, 0.06250000000000000000, 0.06908698707152691187 ) ) ;
#586 = ORIENTED_EDGE ( 'NONE', *, *, #3423, .F. ) ;
#587 = DIRECTION ( 'NONE',  ( -0.000000000000000000, 1.000000000000000000, -0.000000000000000000 ) ) ;
#588 = EDGE_CURVE ( 'NONE', #783, #4856, #797, .T. ) ;
#589 = VERTEX_POINT ( 'NONE', #3459 ) ;
#590 = CARTESIAN_POINT ( 'NONE',  ( -0.6154494177423085466, 0.04249999999999999611, 0.2037754413438441214 ) ) ;
#591 = EDGE_CURVE ( 'NONE', #976, #5240, #429, .T. ) ;
#592 = DIRECTION ( 'NONE',  ( 0.000000000000000000, -1.000000000000000000, 0.000000000000000000 ) ) ;
#593 = DIRECTION ( 'NONE',  ( -0.000000000000000000, 1.000000000000000000, -0.000000000000000000 ) ) ;
#594 = EDGE_CURVE ( 'NONE', #4784, #2568, #886, .T. ) ;
#595 = AXIS2_PLACEMENT_3D ( 'NONE', #2621, #344, #4376 ) ;
#596 = CARTESIAN_POINT ( 'NONE',  ( 0.5192122057670057744, 0.04249999999999999611, 0.3704927147418499156 ) ) ;
#597 = ORIENTED_EDGE ( 'NONE', *, *, #113, .F. ) ;
#598 = CARTESIAN_POINT ( 'NONE',  ( -0.5625755575765063465, 0.06250000000000000000, 0.3248031496063001344 ) ) ;
#599 = VERTEX_POINT ( 'NONE', #3435 ) ;
#600 = CARTESIAN_POINT ( 'NONE',  ( -0.03125000000000000000, 0.06250000000000000000, -0.4561325511811023525 ) ) ;
#601 = EDGE_CURVE ( 'NONE', #1730, #5478, #4403, .T. ) ;
#602 = CARTESIAN_POINT ( 'NONE',  ( 0.4638348536848259096, 0.000000000000000000, 0.3038795694588105611 ) ) ;
#603 = DIRECTION ( 'NONE',  ( 0.000000000000000000, 0.000000000000000000, 1.000000000000000000 ) ) ;
#604 = EDGE_LOOP ( 'NONE', ( #4995, #2682, #1678, #456 ) ) ;
#605 = VERTEX_POINT ( 'NONE', #1237 ) ;
#606 = ORIENTED_EDGE ( 'NONE', *, *, #1021, .F. ) ;
#607 = DIRECTION ( 'NONE',  ( -0.000000000000000000, -1.000000000000000000, -0.000000000000000000 ) ) ;
#608 = LINE ( 'NONE', #4128, #2488 ) ;
#609 = PLANE ( 'NONE',  #713 ) ;
#610 = LINE ( 'NONE', #1046, #3964 ) ;
#611 = ORIENTED_EDGE ( 'NONE', *, *, #1486, .T. ) ;
#612 = DIRECTION ( 'NONE',  ( 0.000000000000000000, 0.000000000000000000, -1.000000000000000000 ) ) ;
#613 = EDGE_LOOP ( 'NONE', ( #5400, #2340, #2997, #1176, #4797, #2600, #1948, #2061, #2062, #2310, #5227, #179, #898, #5365, #2843, #4091, #4206, #3491, #4226, #629, #767, #873, #4090, #4262, #4330, #2399, #5288, #1462, #4757, #692, #4060, #2143, #3267, #4419, #131, #999, #1889, #707, #4359, #4211, #1646, #2203, #5380, #4125, #5351, #2023, #2528, #4171, #3625, #4374, #1734, #2463 ) ) ;
#614 = CARTESIAN_POINT ( 'NONE',  ( -0.3950223768158394044, 0.000000000000000000, 0.2280662755905530914 ) ) ;
#615 = ORIENTED_EDGE ( 'NONE', *, *, #2749, .F. ) ;
#616 = CIRCLE ( 'NONE', #352, 0.03125000000000000000 ) ;
#617 = DIRECTION ( 'NONE',  ( 0.000000000000000000, -1.000000000000000000, 0.000000000000000000 ) ) ;
#618 = EDGE_CURVE ( 'NONE', #4612, #891, #3094, .T. ) ;
#619 = DIRECTION ( 'NONE',  ( -0.5000000000000004441, 0.000000000000000000, 0.8660254037844384856 ) ) ;
#620 = AXIS2_PLACEMENT_3D ( 'NONE', #1431, #566, #3630 ) ;
#621 = CARTESIAN_POINT ( 'NONE',  ( -0.7008260054788358895, 0.04249999999999999611, 0.1808988536073167230 ) ) ;
#622 = CIRCLE ( 'NONE', #4863, 0.2952755905511810774 ) ;
#623 = DIRECTION ( 'NONE',  ( -0.000000000000000000, 1.000000000000000000, -0.000000000000000000 ) ) ;
#624 = EDGE_CURVE ( 'NONE', #4388, #3665, #457, .T. ) ;
#625 = EDGE_LOOP ( 'NONE', ( #669, #2873, #4191, #3738 ) ) ;
#626 = AXIS2_PLACEMENT_3D ( 'NONE', #2, #3460, #4731 ) ;
#627 = ADVANCED_FACE ( 'NONE', ( #1209 ), #4289, .T. ) ;
#628 = CARTESIAN_POINT ( 'NONE',  ( 0.07250000000000102196, 0.000000000000000000, 0.2597520861406814041 ) ) ;
#629 = ORIENTED_EDGE ( 'NONE', *, *, #3903, .T. ) ;
#630 = DIRECTION ( 'NONE',  ( 0.000000000000000000, -1.000000000000000000, 0.000000000000000000 ) ) ;
#631 = CARTESIAN_POINT ( 'NONE',  ( 0.3679590829475785640, 0.06250000000000000000, 0.2124412755905477623 ) ) ;
#632 = FACE_OUTER_BOUND ( 'NONE', #4658, .T. ) ;
#633 = CALENDAR_DATE ( 2024, 25, 1 ) ;
#634 = EDGE_LOOP ( 'NONE', ( #773, #1514, #2833, #1910 ) ) ;
#635 = AXIS2_PLACEMENT_3D ( 'NONE', #4208, #264, #4582 ) ;
#636 = VERTEX_POINT ( 'NONE', #5670 ) ;
#637 = EDGE_LOOP ( 'NONE', ( #1616, #1466, #855, #3836 ) ) ;
#638 = ADVANCED_FACE ( 'NONE', ( #1260 ), #2591, .T. ) ;
#639 = ORIENTED_EDGE ( 'NONE', *, *, #4295, .T. ) ;
#640 = VECTOR ( 'NONE', #698, 39.37007874015748143 ) ;
#641 = CARTESIAN_POINT ( 'NONE',  ( 0.1862500000000011924, 0.04249999999999999611, -0.1493893821528162191 ) ) ;
#642 = DIRECTION ( 'NONE',  ( 0.8660254037844382635, 0.000000000000000000, 0.5000000000000007772 ) ) ;
#643 = VECTOR ( 'NONE', #1042, 39.37007874015748143 ) ;
#644 = CARTESIAN_POINT ( 'NONE',  ( -0.6154494177423085466, 0.06250000000000000000, 0.2037754413438441214 ) ) ;
#645 = CARTESIAN_POINT ( 'NONE',  ( 0.8119597984258359880, 0.06250000000000000000, 0.4327008163679491592 ) ) ;
#646 = EDGE_LOOP ( 'NONE', ( #1399, #1182, #1807, #396 ) ) ;
#647 = AXIS2_PLACEMENT_3D ( 'NONE', #5527, #1986, #3257 ) ;
#648 = CARTESIAN_POINT ( 'NONE',  ( 0.6454622057670064139, 0.06250000000000000000, 0.1518213002862781047 ) ) ;
#649 = ORIENTED_EDGE ( 'NONE', *, *, #1539, .F. ) ;
#650 = DIRECTION ( 'NONE',  ( 0.000000000000000000, 1.000000000000000000, -0.000000000000000000 ) ) ;
#651 = ORIENTED_EDGE ( 'NONE', *, *, #1581, .T. ) ;
#652 = LINE ( 'NONE', #2381, #3772 ) ;
#653 = CIRCLE ( 'NONE', #3240, 0.03125000000000000694 ) ;
#654 = CARTESIAN_POINT ( 'NONE',  ( -2.815803752535988757E-17, 0.000000000000000000, -0.4248825511811023525 ) ) ;
#655 = CIRCLE ( 'NONE', #5174, 0.03125000000000000000 ) ;
#656 = DIRECTION ( 'NONE',  ( 0.8660254037844382635, 0.000000000000000000, -0.5000000000000004441 ) ) ;
#657 = LINE ( 'NONE', #3349, #2043 ) ;
#658 = AXIS2_PLACEMENT_3D ( 'NONE', #332, #3847, #5595 ) ;
#659 = VERTEX_POINT ( 'NONE', #4078 ) ;
#660 = DIRECTION ( 'NONE',  ( 0.000000000000000000, 0.000000000000000000, 1.000000000000000000 ) ) ;
#661 = EDGE_LOOP ( 'NONE', ( #4511, #3824, #2518, #5366 ) ) ;
#662 = CIRCLE ( 'NONE', #1863, 0.03124999999999997571 ) ;
#663 = CARTESIAN_POINT ( 'NONE',  ( 0.3952755905511824430, 0.06250000000000000000, -0.2282124686088114196 ) ) ;
#664 = CARTESIAN_POINT ( 'NONE',  ( 0.6142122057670065249, 0.06250000000000000000, 0.2059478880228055586 ) ) ;
#665 = EDGE_CURVE ( 'NONE', #1836, #3404, #2374, .T. ) ;
#666 = DIRECTION ( 'NONE',  ( -0.000000000000000000, 1.000000000000000000, -0.000000000000000000 ) ) ;
#667 = CALENDAR_DATE ( 2024, 25, 1 ) ;
#668 = DIRECTION ( 'NONE',  ( -0.8660254037844437036, 0.000000000000000000, -0.4999999999999912292 ) ) ;
#669 = ORIENTED_EDGE ( 'NONE', *, *, #4435, .F. ) ;
#670 = AXIS2_PLACEMENT_3D ( 'NONE', #2274, #3152, #896 ) ;
#671 = ORIENTED_EDGE ( 'NONE', *, *, #2921, .F. ) ;
#672 = CARTESIAN_POINT ( 'NONE',  ( 0.1862500000000011924, 0.04249999999999999611, -0.1493893821528160804 ) ) ;
#673 = EDGE_CURVE ( 'NONE', #736, #5278, #4559, .T. ) ;
#674 = CARTESIAN_POINT ( 'NONE',  ( -0.1563539584500497348, 0.04249999999999999611, 0.09027100000000073954 ) ) ;
#675 = CARTESIAN_POINT ( 'NONE',  ( -0.002499999999998906309, 0.06250000000000000000, 0.2597520861406814041 ) ) ;
#676 = EDGE_CURVE ( 'NONE', #300, #1867, #1536, .T. ) ;
#677 = ORIENTED_EDGE ( 'NONE', *, *, #842, .T. ) ;
#678 = FACE_OUTER_BOUND ( 'NONE', #5125, .T. ) ;
#679 = AXIS2_PLACEMENT_3D ( 'NONE', #2243, #1789, #3551 ) ;
#680 = VERTEX_POINT ( 'NONE', #249 ) ;
#681 = CARTESIAN_POINT ( 'NONE',  ( -0.03124999999999998959, 0.000000000000000000, -0.1805419999999999803 ) ) ;
#682 = ORIENTED_EDGE ( 'NONE', *, *, #3212, .T. ) ;
#683 = DIMENSIONAL_EXPONENTS ( 1.000000000000000000, 0.000000000000000000, 0.000000000000000000, 0.000000000000000000, 0.000000000000000000, 0.000000000000000000, 0.000000000000000000 ) ;
#684 = DIRECTION ( 'NONE',  ( 0.000000000000000000, 0.000000000000000000, -1.000000000000000000 ) ) ;
#685 = DIRECTION ( 'NONE',  ( -0.000000000000000000, 1.000000000000000000, -0.000000000000000000 ) ) ;
#686 = DIRECTION ( 'NONE',  ( 0.000000000000000000, 0.000000000000000000, 1.000000000000000000 ) ) ;
#687 = DIRECTION ( 'NONE',  ( 0.000000000000000000, 0.000000000000000000, -1.000000000000000000 ) ) ;
#688 = ORIENTED_EDGE ( 'NONE', *, *, #2104, .F. ) ;
#689 = FACE_OUTER_BOUND ( 'NONE', #2679, .T. ) ;
#690 = DIRECTION ( 'NONE',  ( 0.000000000000000000, 0.000000000000000000, 1.000000000000000000 ) ) ;
#691 = CARTESIAN_POINT ( 'NONE',  ( 0.7102133528520979677, 0.000000000000000000, 0.06908698707152691187 ) ) ;
#692 = ORIENTED_EDGE ( 'NONE', *, *, #813, .F. ) ;
#693 = VERTEX_POINT ( 'NONE', #1079 ) ;
#694 = ADVANCED_FACE ( 'NONE', ( #1450 ), #220, .F. ) ;
#695 = VECTOR ( 'NONE', #1687, 39.37007874015748854 ) ;
#696 = ORIENTED_EDGE ( 'NONE', *, *, #2963, .T. ) ;
#697 = CYLINDRICAL_SURFACE ( 'NONE', #3249, 0.06249999999999997918 ) ;
#698 = DIRECTION ( 'NONE',  ( -0.000000000000000000, -1.000000000000000000, -0.000000000000000000 ) ) ;
#699 = CARTESIAN_POINT ( 'NONE',  ( -0.3918764952124590972, 0.000000000000000000, 0.5672048833797009859 ) ) ;
#700 = ORIENTED_EDGE ( 'NONE', *, *, #4338, .T. ) ;
#701 = ORIENTED_EDGE ( 'NONE', *, *, #3216, .T. ) ;
#702 = CARTESIAN_POINT ( 'NONE',  ( 0.000000000000000000, 0.06250000000000000000, 0.3409548833797020340 ) ) ;
#703 = EDGE_CURVE ( 'NONE', #302, #4691, #1890, .T. ) ;
#704 = EDGE_CURVE ( 'NONE', #4363, #417, #4167, .T. ) ;
#705 = EDGE_LOOP ( 'NONE', ( #3695, #3609, #1301, #3886 ) ) ;
#706 = CARTESIAN_POINT ( 'NONE',  ( -4.164040646905202202E-17, 0.04249999999999999611, -0.2780419999999999559 ) ) ;
#707 = ORIENTED_EDGE ( 'NONE', *, *, #1404, .T. ) ;
#708 = EDGE_CURVE ( 'NONE', #2229, #2792, #4997, .T. ) ;
#709 = ADVANCED_FACE ( 'NONE', ( #678 ), #4103, .F. ) ;
#710 = CARTESIAN_POINT ( 'NONE',  ( 0.1719789584500507063, 0.000000000000000000, 0.06320770613173470887 ) ) ;
#711 = DIRECTION ( 'NONE',  ( 0.8660254037844383745, 0.000000000000000000, 0.5000000000000003331 ) ) ;
#712 = LINE ( 'NONE', #5407, #1660 ) ;
#713 = AXIS2_PLACEMENT_3D ( 'NONE', #2371, #1533, #1564 ) ;
#714 = FACE_OUTER_BOUND ( 'NONE', #3356, .T. ) ;
#715 = DIRECTION ( 'NONE',  ( -0.000000000000000000, 1.000000000000000000, -0.000000000000000000 ) ) ;
#716 = VECTOR ( 'NONE', #2595, 39.37007874015748143 ) ;
#717 = VECTOR ( 'NONE', #4643, 39.37007874015748143 ) ;
#718 = ORIENTED_EDGE ( 'NONE', *, *, #798, .T. ) ;
#719 = DIRECTION ( 'NONE',  ( 0.000000000000000000, 0.000000000000000000, -1.000000000000000000 ) ) ;
#720 = DIRECTION ( 'NONE',  ( -0.000000000000000000, -0.000000000000000000, 1.000000000000000000 ) ) ;
#721 = CARTESIAN_POINT ( 'NONE',  ( -0.1302746484304089236, 0.04249999999999999611, -0.007058310019640639740 ) ) ;
#722 = CIRCLE ( 'NONE', #5235, 0.06250000000000001388 ) ;
#723 = DIRECTION ( 'NONE',  ( 0.000000000000000000, 0.000000000000000000, -1.000000000000000000 ) ) ;
#724 = AXIS2_PLACEMENT_3D ( 'NONE', #3977, #1324, #4452 ) ;
#725 = VERTEX_POINT ( 'NONE', #4193 ) ;
#726 = EDGE_LOOP ( 'NONE', ( #4168, #1917, #2822, #1474 ) ) ;
#727 = DIRECTION ( 'NONE',  ( 0.000000000000000000, 0.000000000000000000, 1.000000000000000000 ) ) ;
#728 = DIRECTION ( 'NONE',  ( 5.335640612625514622E-16, 0.000000000000000000, 1.000000000000000000 ) ) ;
#729 = DIRECTION ( 'NONE',  ( 0.000000000000000000, 0.000000000000000000, -1.000000000000000000 ) ) ;
#730 = VERTEX_POINT ( 'NONE', #4597 ) ;
#731 = ORIENTED_EDGE ( 'NONE', *, *, #2899, .F. ) ;
#732 = LINE ( 'NONE', #2905, #1713 ) ;
#733 = EDGE_CURVE ( 'NONE', #1330, #441, #2540, .T. ) ;
#734 = AXIS2_PLACEMENT_3D ( 'NONE', #674, #1163, #1075 ) ;
#735 = AXIS2_PLACEMENT_3D ( 'NONE', #3901, #4323, #4759 ) ;
#736 = VERTEX_POINT ( 'NONE', #3708 ) ;
#737 = CARTESIAN_POINT ( 'NONE',  ( 0.000000000000000000, 0.000000000000000000, 0.000000000000000000 ) ) ;
#738 = CIRCLE ( 'NONE', #2486, 0.03124999999999997571 ) ;
#739 = EDGE_CURVE ( 'NONE', #4044, #5164, #1112, .T. ) ;
#740 = VECTOR ( 'NONE', #2077, 39.37007874015748143 ) ;
#741 = EDGE_LOOP ( 'NONE', ( #4589, #2869, #3203, #374 ) ) ;
#742 = LINE ( 'NONE', #2994, #3800 ) ;
#743 = CARTESIAN_POINT ( 'NONE',  ( -0.03374999999999878098, 0.06250000000000000000, 0.1594930118636350425 ) ) ;
#744 = CARTESIAN_POINT ( 'NONE',  ( 0.03124999999999987510, 0.000000000000000000, -0.9195282204724408714 ) ) ;
#745 = EDGE_CURVE ( 'NONE', #2522, #4427, #5401, .T. ) ;
#746 = ORIENTED_EDGE ( 'NONE', *, *, #3566, .T. ) ;
#747 = EDGE_CURVE ( 'NONE', #61, #5584, #1977, .T. ) ;
#748 = DIRECTION ( 'NONE',  ( 0.000000000000000000, 0.000000000000000000, -1.000000000000000000 ) ) ;
#749 = CARTESIAN_POINT ( 'NONE',  ( 0.7692715045575724275, 0.000000000000000000, 0.4441391102362131083 ) ) ;
#750 = ORIENTED_EDGE ( 'NONE', *, *, #2470, .F. ) ;
#751 = DIRECTION ( 'NONE',  ( 0.000000000000000000, -0.000000000000000000, -1.000000000000000000 ) ) ;
#752 = PLANE ( 'NONE',  #1876 ) ;
#753 = LINE ( 'NONE', #3380, #1679 ) ;
#754 = ORIENTED_EDGE ( 'NONE', *, *, #3455, .F. ) ;
#755 = EDGE_LOOP ( 'NONE', ( #4156, #1720, #5139, #3622 ) ) ;
#756 = VECTOR ( 'NONE', #3580, 39.37007874015748143 ) ;
#757 = ORIENTED_EDGE ( 'NONE', *, *, #3699, .T. ) ;
#758 = DIRECTION ( 'NONE',  ( 0.000000000000000000, 0.000000000000000000, -1.000000000000000000 ) ) ;
#759 = DIRECTION ( 'NONE',  ( -0.000000000000000000, -1.000000000000000000, -0.000000000000000000 ) ) ;
#760 = LINE ( 'NONE', #2987, #5098 ) ;
#761 = ORIENTED_EDGE ( 'NONE', *, *, #939, .T. ) ;
#762 = VECTOR ( 'NONE', #607, 39.37007874015748143 ) ;
#763 = ORIENTED_EDGE ( 'NONE', *, *, #919, .F. ) ;
#764 = CARTESIAN_POINT ( 'NONE',  ( 0.2251664353190344081, 0.000000000000000000, 0.1660842938682615955 ) ) ;
#765 = VERTEX_POINT ( 'NONE', #2349 ) ;
#766 = DIRECTION ( 'NONE',  ( 0.000000000000000000, 0.000000000000000000, 1.000000000000000000 ) ) ;
#767 = ORIENTED_EDGE ( 'NONE', *, *, #3877, .T. ) ;
#768 = EDGE_CURVE ( 'NONE', #242, #2958, #5302, .T. ) ;
#769 = DIRECTION ( 'NONE',  ( -0.8660254037844400399, 0.000000000000000000, 0.4999999999999976685 ) ) ;
#770 = CYLINDRICAL_SURFACE ( 'NONE', #4402, 0.03124999999999997571 ) ;
#771 = DIRECTION ( 'NONE',  ( 0.5000000000000046629, 0.000000000000000000, 0.8660254037844360431 ) ) ;
#772 = CIRCLE ( 'NONE', #4542, 0.03125000000000000694 ) ;
#773 = ORIENTED_EDGE ( 'NONE', *, *, #2903, .F. ) ;
#774 = DIRECTION ( 'NONE',  ( 1.850371707708594366E-15, 0.000000000000000000, -1.000000000000000000 ) ) ;
#775 = ADVANCED_FACE ( 'NONE', ( #3679 ), #1349, .F. ) ;
#776 = CYLINDRICAL_SURFACE ( 'NONE', #3311, 0.2952755905511810774 ) ;
#777 = ORIENTED_EDGE ( 'NONE', *, *, #2854, .T. ) ;
#778 = CARTESIAN_POINT ( 'NONE',  ( -0.2952755905511798007, 0.06250000000000000000, -0.1704774416898490463 ) ) ;
#779 = EDGE_CURVE ( 'NONE', #2557, #1080, #5431, .T. ) ;
#780 = CARTESIAN_POINT ( 'NONE',  ( 0.05902464843040834686, 0.04249999999999999611, 0.1163503100196415507 ) ) ;
#781 = CARTESIAN_POINT ( 'NONE',  ( 0.5288356180304789600, 0.04249999999999999611, 0.2288244757593330680 ) ) ;
#782 = ORIENTED_EDGE ( 'NONE', *, *, #972, .F. ) ;
#783 = VERTEX_POINT ( 'NONE', #2780 ) ;
#784 = LINE ( 'NONE', #3418, #3804 ) ;
#785 = DIRECTION ( 'NONE',  ( 0.8660254037844385966, 0.000000000000000000, 0.5000000000000001110 ) ) ;
#786 = CARTESIAN_POINT ( 'NONE',  ( -8.421348291719106147E-18, 0.000000000000000000, -0.1805419999999999803 ) ) ;
#787 = ORIENTED_EDGE ( 'NONE', *, *, #1943, .F. ) ;
#788 = ORIENTED_EDGE ( 'NONE', *, *, #2128, .T. ) ;
#789 = DIRECTION ( 'NONE',  ( -3.980131174865415040E-16, 0.000000000000000000, 1.000000000000000000 ) ) ;
#790 = AXIS2_PLACEMENT_3D ( 'NONE', #3015, #5121, #5576 ) ;
#791 = CARTESIAN_POINT ( 'NONE',  ( 0.7848965045575720945, 0.000000000000000000, 0.4170758163679493813 ) ) ;
#792 = EDGE_LOOP ( 'NONE', ( #5441, #1424, #4298, #5176 ) ) ;
#793 = CYLINDRICAL_SURFACE ( 'NONE', #5440, 0.03124999999999997571 ) ;
#794 = DIRECTION ( 'NONE',  ( -0.000000000000000000, 1.000000000000000000, 0.000000000000000000 ) ) ;
#795 = DIRECTION ( 'NONE',  ( -0.5000000000000041078, 0.000000000000000000, -0.8660254037844363761 ) ) ;
#796 = ORIENTED_EDGE ( 'NONE', *, *, #1444, .T. ) ;
#797 = LINE ( 'NONE', #3058, #4781 ) ;
#798 = EDGE_CURVE ( 'NONE', #1126, #1239, #4664, .T. ) ;
#799 = DIRECTION ( 'NONE',  ( 0.8660254037844398178, 0.000000000000000000, -0.4999999999999977240 ) ) ;
#800 = VERTEX_POINT ( 'NONE', #191 ) ;
#801 = CARTESIAN_POINT ( 'NONE',  ( 0.2678547291872980241, 0.000000000000000000, 0.1546459999999974799 ) ) ;
#802 = CARTESIAN_POINT ( 'NONE',  ( -0.9659295153868718842, 0.06250000000000000000, 0.2167247823471144530 ) ) ;
#803 = EDGE_CURVE ( 'NONE', #5417, #3642, #5027, .T. ) ;
#804 = DIRECTION ( 'NONE',  ( 0.000000000000000000, 0.000000000000000000, -1.000000000000000000 ) ) ;
#805 = EDGE_CURVE ( 'NONE', #2195, #589, #1197, .T. ) ;
#806 = ORIENTED_EDGE ( 'NONE', *, *, #909, .T. ) ;
#807 = AXIS2_PLACEMENT_3D ( 'NONE', #5375, #1422, #2206 ) ;
#808 = ORIENTED_EDGE ( 'NONE', *, *, #4736, .T. ) ;
#809 = LINE ( 'NONE', #5257, #1400 ) ;
#810 = CARTESIAN_POINT ( 'NONE',  ( -0.1292906645817860911, 0.04249999999999999611, 0.07464600000000061464 ) ) ;
#811 = AXIS2_PLACEMENT_3D ( 'NONE', #3314, #3745, #2910 ) ;
#812 = CIRCLE ( 'NONE', #4030, 0.05249999999999998418 ) ;
#813 = EDGE_CURVE ( 'NONE', #1110, #2229, #3882, .T. ) ;
#814 = LINE ( 'NONE', #2957, #2416 ) ;
#815 = ORIENTED_EDGE ( 'NONE', *, *, #1439, .T. ) ;
#816 = ORIENTED_EDGE ( 'NONE', *, *, #2923, .F. ) ;
#817 = EDGE_CURVE ( 'NONE', #2577, #4279, #2990, .T. ) ;
#818 = CARTESIAN_POINT ( 'NONE',  ( -0.1563539584500497348, 0.000000000000000000, 0.09027100000000073954 ) ) ;
#819 = AXIS2_PLACEMENT_3D ( 'NONE', #2888, #1125, #687 ) ;
#820 = DIRECTION ( 'NONE',  ( 0.000000000000000000, 1.000000000000000000, -0.000000000000000000 ) ) ;
#821 = VERTEX_POINT ( 'NONE', #3424 ) ;
#822 = AXIS2_PLACEMENT_3D ( 'NONE', #4520, #2763, #3610 ) ;
#823 = CARTESIAN_POINT ( 'NONE',  ( -0.6692090276885835909, 0.000000000000000000, 0.4224524041044873668 ) ) ;
#824 = AXIS2_PLACEMENT_3D ( 'NONE', #4626, #2925, #642 ) ;
#825 = DIRECTION ( 'NONE',  ( 0.000000000000000000, 1.000000000000000000, -0.000000000000000000 ) ) ;
#826 = DIRECTION ( 'NONE',  ( 0.000000000000000000, 0.000000000000000000, 1.000000000000000000 ) ) ;
#827 = CIRCLE ( 'NONE', #1561, 0.06249999999999997918 ) ;
#828 = ORIENTED_EDGE ( 'NONE', *, *, #1344, .T. ) ;
#829 = CARTESIAN_POINT ( 'NONE',  ( 0.4794598536848256320, 0.000000000000000000, 0.3080662755905467232 ) ) ;
#830 = CARTESIAN_POINT ( 'NONE',  ( 0.1862500000000018030, 0.04249999999999999611, -0.1133049903284639309 ) ) ;
#831 = ORIENTED_EDGE ( 'NONE', *, *, #1240, .F. ) ;
#832 = DIRECTION ( 'NONE',  ( 0.000000000000000000, 0.000000000000000000, -1.000000000000000000 ) ) ;
#833 = DIRECTION ( 'NONE',  ( 7.469896857675723035E-16, 0.000000000000000000, 1.000000000000000000 ) ) ;
#834 = EDGE_CURVE ( 'NONE', #210, #1559, #2578, .T. ) ;
#835 = CIRCLE ( 'NONE', #555, 0.06249999999999995143 ) ;
#836 = DIRECTION ( 'NONE',  ( 0.000000000000000000, 1.000000000000000000, 0.000000000000000000 ) ) ;
#837 = ORIENTED_EDGE ( 'NONE', *, *, #428, .T. ) ;
#838 = ADVANCED_FACE ( 'NONE', ( #4659 ), #5631, .F. ) ;
#839 = ORIENTED_EDGE ( 'NONE', *, *, #1411, .F. ) ;
#840 = CARTESIAN_POINT ( 'NONE',  ( 0.1237500000000019279, 0.04249999999999999611, -0.6973973175201051422 ) ) ;
#841 = VECTOR ( 'NONE', #937, 39.37007874015748143 ) ;
#842 = EDGE_CURVE ( 'NONE', #558, #5658, #2494, .T. ) ;
#843 = LINE ( 'NONE', #2604, #2124 ) ;
#844 = AXIS2_PLACEMENT_3D ( 'NONE', #866, #4296, #5620 ) ;
#845 = CARTESIAN_POINT ( 'NONE',  ( -0.1287499999999992262, 0.04249999999999999611, -0.6973973175201051422 ) ) ;
#846 = VERTEX_POINT ( 'NONE', #4686 ) ;
#847 = VERTEX_POINT ( 'NONE', #4249 ) ;
#848 = VECTOR ( 'NONE', #4876, 39.37007874015748854 ) ;
#849 = CARTESIAN_POINT ( 'NONE',  ( 0.03124999999999997571, 0.06250000000000000000, -0.7907782204724409514 ) ) ;
#850 = CIRCLE ( 'NONE', #1580, 0.06250000000000000000 ) ;
#851 = ADVANCED_FACE ( 'NONE', ( #2462 ), #2070, .F. ) ;
#852 = FACE_OUTER_BOUND ( 'NONE', #2225, .T. ) ;
#853 = AXIS2_PLACEMENT_3D ( 'NONE', #4098, #1912, #4501 ) ;
#854 = EDGE_CURVE ( 'NONE', #4327, #1571, #5518, .T. ) ;
#855 = ORIENTED_EDGE ( 'NONE', *, *, #3541, .F. ) ;
#856 = CARTESIAN_POINT ( 'NONE',  ( -0.2407914353190322987, 0.04249999999999999611, 0.1390210000000011714 ) ) ;
#857 = DIRECTION ( 'NONE',  ( 0.000000000000000000, -1.000000000000000000, 0.000000000000000000 ) ) ;
#858 = CARTESIAN_POINT ( 'NONE',  ( -0.01562499999999973112, 0.04249999999999999611, 0.02706329386826380676 ) ) ;
#859 = ORIENTED_EDGE ( 'NONE', *, *, #1935, .T. ) ;
#860 = DIRECTION ( 'NONE',  ( -0.000000000000000000, -1.000000000000000000, 0.000000000000000000 ) ) ;
#861 = DIRECTION ( 'NONE',  ( 0.000000000000000000, 0.000000000000000000, 1.000000000000000000 ) ) ;
#862 = VERTEX_POINT ( 'NONE', #2040 ) ;
#863 = LINE ( 'NONE', #778, #2012 ) ;
#864 = CIRCLE ( 'NONE', #5374, 0.03125000000000000694 ) ;
#865 = DIRECTION ( 'NONE',  ( 0.000000000000000000, 0.000000000000000000, -1.000000000000000000 ) ) ;
#866 = CARTESIAN_POINT ( 'NONE',  ( -0.5625755575765063465, 0.000000000000000000, 0.3248031496063000789 ) ) ;
#867 = VERTEX_POINT ( 'NONE', #1567 ) ;
#868 = EDGE_LOOP ( 'NONE', ( #1449, #4792, #1697, #3990 ) ) ;
#869 = DIRECTION ( 'NONE',  ( 0.4999999999999921729, 0.000000000000000000, -0.8660254037844431485 ) ) ;
#870 = CYLINDRICAL_SURFACE ( 'NONE', #182, 0.05250000000000005357 ) ;
#871 = DIRECTION ( 'NONE',  ( 0.000000000000000000, 0.000000000000000000, -1.000000000000000000 ) ) ;
#872 = EDGE_LOOP ( 'NONE', ( #1710, #1250, #3276, #1711 ) ) ;
#873 = ORIENTED_EDGE ( 'NONE', *, *, #4258, .T. ) ;
#874 = EDGE_CURVE ( 'NONE', #3086, #4458, #3390, .T. ) ;
#875 = LINE ( 'NONE', #4851, #2636 ) ;
#876 = EDGE_CURVE ( 'NONE', #1435, #5113, #4771, .T. ) ;
#877 = DIRECTION ( 'NONE',  ( 0.000000000000000000, 0.000000000000000000, 1.000000000000000000 ) ) ;
#878 = ORIENTED_EDGE ( 'NONE', *, *, #500, .F. ) ;
#879 = EDGE_CURVE ( 'NONE', #5014, #2265, #276, .T. ) ;
#880 = EDGE_CURVE ( 'NONE', #2487, #3798, #3450, .T. ) ;
#881 = DIRECTION ( 'NONE',  ( 0.000000000000000000, -1.000000000000000000, 0.000000000000000000 ) ) ;
#882 = DIRECTION ( 'NONE',  ( 0.000000000000000000, 0.000000000000000000, -1.000000000000000000 ) ) ;
#883 = CARTESIAN_POINT ( 'NONE',  ( -0.7008260054788358895, 0.04249999999999999611, 0.1808988536073167230 ) ) ;
#884 = EDGE_LOOP ( 'NONE', ( #1830, #1933, #5487, #1264 ) ) ;
#885 = EDGE_CURVE ( 'NONE', #4427, #2138, #3555, .T. ) ;
#886 = LINE ( 'NONE', #31, #83 ) ;
#887 = CARTESIAN_POINT ( 'NONE',  ( -0.1844012361669362110, 0.04249999999999999611, 0.02419168998035961179 ) ) ;
#888 = CYLINDRICAL_SURFACE ( 'NONE', #4120, 0.2952755905511810774 ) ;
#889 = CARTESIAN_POINT ( 'NONE',  ( -0.3952755905511798895, 0.000000000000000000, -0.2282124686088116972 ) ) ;
#890 = LINE ( 'NONE', #3552, #2312 ) ;
#891 = VERTEX_POINT ( 'NONE', #4716 ) ;
#892 = EDGE_LOOP ( 'NONE', ( #2039, #4828, #796, #5378 ) ) ;
#893 = DIRECTION ( 'NONE',  ( 1.000000000000000000, 0.000000000000000000, -1.365923996832131609E-16 ) ) ;
#894 = DIRECTION ( 'NONE',  ( 0.8660254037844364872, 0.000000000000000000, -0.5000000000000037748 ) ) ;
#895 = EDGE_CURVE ( 'NONE', #1435, #3819, #4007, .T. ) ;
#896 = DIRECTION ( 'NONE',  ( 0.000000000000000000, 0.000000000000000000, -1.000000000000000000 ) ) ;
#897 = ORIENTED_EDGE ( 'NONE', *, *, #3627, .T. ) ;
#898 = ORIENTED_EDGE ( 'NONE', *, *, #5428, .T. ) ;
#899 = AXIS2_PLACEMENT_3D ( 'NONE', #2121, #5144, #5201 ) ;
#900 = CARTESIAN_POINT ( 'NONE',  ( 0.4650856180304784315, 0.06250000000000000000, 0.3392427147418499711 ) ) ;
#901 = PLANE ( 'NONE',  #1642 ) ;
#902 = AXIS2_PLACEMENT_3D ( 'NONE', #1758, #3840, #5165 ) ;
#903 = AXIS2_PLACEMENT_3D ( 'NONE', #5298, #3545, #882 ) ;
#904 = CYLINDRICAL_SURFACE ( 'NONE', #3856, 0.03124999999999997571 ) ;
#905 = ORIENTED_EDGE ( 'NONE', *, *, #5002, .T. ) ;
#906 = VECTOR ( 'NONE', #4016, 39.37007874015748143 ) ;
#907 = AXIS2_PLACEMENT_3D ( 'NONE', #3628, #565, #4084 ) ;
#908 = CYLINDRICAL_SURFACE ( 'NONE', #1305, 0.06250000000000000000 ) ;
#909 = EDGE_CURVE ( 'NONE', #930, #1845, #2524, .T. ) ;
#910 = DIRECTION ( 'NONE',  ( 0.000000000000000000, 0.000000000000000000, 1.000000000000000000 ) ) ;
#911 = VECTOR ( 'NONE', #2422, 39.37007874015748854 ) ;
#912 = EDGE_LOOP ( 'NONE', ( #4163, #4844, #4958, #1218 ) ) ;
#913 = AXIS2_PLACEMENT_3D ( 'NONE', #5225, #3986, #1222 ) ;
#914 = CARTESIAN_POINT ( 'NONE',  ( -0.01562499999999971204, 0.000000000000000000, 0.02706329386826378594 ) ) ;
#915 = ADVANCED_FACE ( 'NONE', ( #5601 ), #3367, .F. ) ;
#916 = CARTESIAN_POINT ( 'NONE',  ( -0.002499999999998761026, 0.06250000000000000000, 0.2136195996001624409 ) ) ;
#917 = VECTOR ( 'NONE', #1859, 39.37007874015748143 ) ;
#918 = LINE ( 'NONE', #4408, #4273 ) ;
#919 = EDGE_CURVE ( 'NONE', #2517, #4820, #732, .T. ) ;
#920 = AXIS2_PLACEMENT_3D ( 'NONE', #2911, #593, #164 ) ;
#921 = LINE ( 'NONE', #1676, #5537 ) ;
#922 = ORIENTED_EDGE ( 'NONE', *, *, #3522, .F. ) ;
#923 = VERTEX_POINT ( 'NONE', #4390 ) ;
#924 = FACE_OUTER_BOUND ( 'NONE', #637, .T. ) ;
#925 = CARTESIAN_POINT ( 'NONE',  ( 0.4567122057670057189, 0.04249999999999999611, 0.4787458902149047124 ) ) ;
#926 = CARTESIAN_POINT ( 'NONE',  ( -0.07749999999999890310, 0.000000000000000000, 0.4606995292418972210 ) ) ;
#927 = EDGE_LOOP ( 'NONE', ( #2198, #1440, #3575, #2068 ) ) ;
#928 = VERTEX_POINT ( 'NONE', #2609 ) ;
#929 = CARTESIAN_POINT ( 'NONE',  ( -0.03374999999999880873, 0.04249999999999999611, 0.1594930118636350702 ) ) ;
#930 = VERTEX_POINT ( 'NONE', #3537 ) ;
#931 = DIRECTION ( 'NONE',  ( 0.000000000000000000, 0.000000000000000000, -1.000000000000000000 ) ) ;
#932 = DIRECTION ( 'NONE',  ( -0.8660254037844364872, 0.000000000000000000, -0.5000000000000036637 ) ) ;
#933 = CYLINDRICAL_SURFACE ( 'NONE', #2465, 0.03125000000000000000 ) ;
#934 = ORIENTED_EDGE ( 'NONE', *, *, #2696, .T. ) ;
#935 = VECTOR ( 'NONE', #2238, 39.37007874015748143 ) ;
#936 = AXIS2_PLACEMENT_3D ( 'NONE', #1185, #297, #1526 ) ;
#937 = DIRECTION ( 'NONE',  ( -0.000000000000000000, 1.000000000000000000, -0.000000000000000000 ) ) ;
#938 = ORIENTED_EDGE ( 'NONE', *, *, #2576, .F. ) ;
#939 = EDGE_CURVE ( 'NONE', #3989, #1568, #875, .T. ) ;
#940 = FACE_OUTER_BOUND ( 'NONE', #625, .T. ) ;
#941 = UNCERTAINTY_MEASURE_WITH_UNIT (LENGTH_MEASURE( 1.000000000000000082E-05 ), #1335, 'distance_accuracy_value', 'NONE');
#942 = DIRECTION ( 'NONE',  ( 0.000000000000000000, -1.000000000000000000, 0.000000000000000000 ) ) ;
#943 = LINE ( 'NONE', #1408, #5289 ) ;
#944 = FACE_BOUND ( 'NONE', #4223, .T. ) ;
#945 = ADVANCED_FACE ( 'NONE', ( #3156 ), #2713, .F. ) ;
#946 = ORIENTED_EDGE ( 'NONE', *, *, #2572, .T. ) ;
#947 = VECTOR ( 'NONE', #325, 39.37007874015748143 ) ;
#948 = EDGE_CURVE ( 'NONE', #4217, #3414, #501, .T. ) ;
#949 = ORIENTED_EDGE ( 'NONE', *, *, #4186, .T. ) ;
#950 = CARTESIAN_POINT ( 'NONE',  ( -0.4638348536848216908, 0.06250000000000000000, 0.3038795694588171115 ) ) ;
#951 = DIRECTION ( 'NONE',  ( -0.000000000000000000, 1.000000000000000000, -0.000000000000000000 ) ) ;
#952 = ORIENTED_EDGE ( 'NONE', *, *, #4654, .T. ) ;
#953 = ORIENTED_EDGE ( 'NONE', *, *, #1618, .T. ) ;
#954 = DIRECTION ( 'NONE',  ( 0.000000000000000000, 0.000000000000000000, 1.000000000000000000 ) ) ;
#955 = EDGE_CURVE ( 'NONE', #3881, #1080, #1806, .T. ) ;
#956 = DIRECTION ( 'NONE',  ( -0.000000000000000000, 1.000000000000000000, -0.000000000000000000 ) ) ;
#957 = DIRECTION ( 'NONE',  ( -0.5000000000000002220, 0.000000000000000000, 0.8660254037844384856 ) ) ;
#958 = CARTESIAN_POINT ( 'NONE',  ( 0.3793973768158426241, 0.000000000000000000, 0.2551295694588113228 ) ) ;
#959 = CARTESIAN_POINT ( 'NONE',  ( 0.09902464843040868769, 0.06250000000000000000, 0.04706827771688661122 ) ) ;
#960 = EDGE_LOOP ( 'NONE', ( #4358, #1632, #4444, #4244, #1583, #2800, #2656, #5657, #4599, #4534, #2492, #3497, #5613, #1523, #2845, #3755, #1891, #4443, #4729, #5574 ) ) ;
#961 = ORIENTED_EDGE ( 'NONE', *, *, #4107, .T. ) ;
#962 = DIRECTION ( 'NONE',  ( -1.365923996832131609E-16, -0.000000000000000000, -1.000000000000000000 ) ) ;
#963 = VERTEX_POINT ( 'NONE', #1799 ) ;
#964 = VECTOR ( 'NONE', #4367, 39.37007874015748143 ) ;
#965 = DIRECTION ( 'NONE',  ( 0.000000000000000000, 1.000000000000000000, 0.000000000000000000 ) ) ;
#966 = CARTESIAN_POINT ( 'NONE',  ( 0.4650856180304784315, 0.04249999999999999611, 0.3392427147418499711 ) ) ;
#967 = FACE_OUTER_BOUND ( 'NONE', #1013, .T. ) ;
#968 = LINE ( 'NONE', #1032, #4888 ) ;
#969 = EDGE_LOOP ( 'NONE', ( #1033, #3073, #2129, #1071 ) ) ;
#970 = VERTEX_POINT ( 'NONE', #5264 ) ;
#971 = CARTESIAN_POINT ( 'NONE',  ( 0.5625755575765064576, 0.000000000000000000, 0.3248031496063021883 ) ) ;
#972 = EDGE_CURVE ( 'NONE', #4804, #2861, #2153, .T. ) ;
#973 = DIRECTION ( 'NONE',  ( 0.000000000000000000, 0.000000000000000000, -1.000000000000000000 ) ) ;
#974 = ORIENTED_EDGE ( 'NONE', *, *, #5263, .F. ) ;
#975 = EDGE_CURVE ( 'NONE', #5662, #5679, #2204, .T. ) ;
#976 = VERTEX_POINT ( 'NONE', #1392 ) ;
#977 = DIRECTION ( 'NONE',  ( 0.000000000000000000, -1.000000000000000000, 0.000000000000000000 ) ) ;
#978 = VERTEX_POINT ( 'NONE', #2255 ) ;
#979 = FACE_OUTER_BOUND ( 'NONE', #4102, .T. ) ;
#980 = EDGE_CURVE ( 'NONE', #3881, #2044, #4013, .T. ) ;
#981 = AXIS2_PLACEMENT_3D ( 'NONE', #3472, #4796, #2548 ) ;
#982 = DIRECTION ( 'NONE',  ( 0.000000000000000000, -1.000000000000000000, 0.000000000000000000 ) ) ;
#983 = CARTESIAN_POINT ( 'NONE',  ( 0.1862500000000019140, 0.04249999999999999611, -0.6348973175201050312 ) ) ;
#984 = EDGE_CURVE ( 'NONE', #1845, #1480, #5020, .T. ) ;
#985 = ORIENTED_EDGE ( 'NONE', *, *, #143, .F. ) ;
#986 = DIRECTION ( 'NONE',  ( 0.000000000000000000, 1.000000000000000000, 0.000000000000000000 ) ) ;
#987 = VECTOR ( 'NONE', #2166, 39.37007874015748143 ) ;
#988 = AXIS2_PLACEMENT_3D ( 'NONE', #4115, #2793, #1608 ) ;
#989 = ORIENTED_EDGE ( 'NONE', *, *, #3663, .T. ) ;
#990 = DIRECTION ( 'NONE',  ( 0.8660254037844382635, 0.000000000000000000, -0.5000000000000004441 ) ) ;
#991 = CIRCLE ( 'NONE', #4948, 0.03125000000000000694 ) ;
#992 = ORIENTED_EDGE ( 'NONE', *, *, #5243, .F. ) ;
#993 = AXIS2_PLACEMENT_3D ( 'NONE', #749, #2187, #1756 ) ;
#994 = CARTESIAN_POINT ( 'NONE',  ( 0.09902464843040868769, 0.06250000000000000000, 0.04706827771688657652 ) ) ;
#995 = LINE ( 'NONE', #1787, #5048 ) ;
#996 = CARTESIAN_POINT ( 'NONE',  ( -0.6416857520649560387, 0.000000000000000000, 0.08202255831014990117 ) ) ;
#997 = DIRECTION ( 'NONE',  ( 0.8660254037844360431, 0.000000000000000000, -0.5000000000000044409 ) ) ;
#998 = VECTOR ( 'NONE', #5200, 39.37007874015748143 ) ;
#999 = ORIENTED_EDGE ( 'NONE', *, *, #4725, .F. ) ;
#1000 = AXIS2_PLACEMENT_3D ( 'NONE', #4846, #62, #3149 ) ;
#1001 = AXIS2_PLACEMENT_3D ( 'NONE', #3584, #1742, #3507 ) ;
#1002 = EDGE_LOOP ( 'NONE', ( #4131, #2865, #3740, #5136 ) ) ;
#1003 = EDGE_CURVE ( 'NONE', #3259, #2430, #3475, .T. ) ;
#1004 = CARTESIAN_POINT ( 'NONE',  ( 0.1531512361669359612, 0.04249999999999999611, 0.07831827771688686102 ) ) ;
#1005 = AXIS2_PLACEMENT_3D ( 'NONE', #3481, #4261, #317 ) ;
#1006 = LINE ( 'NONE', #3122, #1026 ) ;
#1007 = APPROVAL_ROLE ( '' ) ;
#1008 = ORIENTED_EDGE ( 'NONE', *, *, #5423, .T. ) ;
#1009 = VERTEX_POINT ( 'NONE', #3076 ) ;
#1010 = ORIENTED_EDGE ( 'NONE', *, *, #3487, .F. ) ;
#1011 = LINE ( 'NONE', #1443, #2127 ) ;
#1012 = EDGE_CURVE ( 'NONE', #928, #5220, #2635, .T. ) ;
#1013 = EDGE_LOOP ( 'NONE', ( #4272, #1684, #4889, #3999 ) ) ;
#1014 = DIRECTION ( 'NONE',  ( 0.8660254037844373753, 0.000000000000000000, 0.5000000000000022204 ) ) ;
#1015 = LINE ( 'NONE', #1944, #1839 ) ;
#1016 = LINE ( 'NONE', #5456, #3018 ) ;
#1017 = DIRECTION ( 'NONE',  ( -0.000000000000000000, 1.000000000000000000, -0.000000000000000000 ) ) ;
#1018 = ORIENTED_EDGE ( 'NONE', *, *, #5294, .F. ) ;
#1019 = DIRECTION ( 'NONE',  ( 0.8660254037844385966, 0.000000000000000000, -0.5000000000000000000 ) ) ;
#1020 = EDGE_CURVE ( 'NONE', #2436, #1500, #4924, .T. ) ;
#1021 = EDGE_CURVE ( 'NONE', #725, #4621, #1823, .T. ) ;
#1022 = EDGE_LOOP ( 'NONE', ( #1039, #4280, #1784, #3909, #203, #1558 ) ) ;
#1023 = CARTESIAN_POINT ( 'NONE',  ( 0.06125000000000198341, 0.06250000000000000000, -0.6348973175201051422 ) ) ;
#1024 = AXIS2_PLACEMENT_3D ( 'NONE', #856, #4694, #2937 ) ;
#1025 = ORIENTED_EDGE ( 'NONE', *, *, #180, .T. ) ;
#1026 = VECTOR ( 'NONE', #2765, 39.37007874015748143 ) ;
#1027 = CIRCLE ( 'NONE', #5088, 0.06250000000000001388 ) ;
#1028 = CARTESIAN_POINT ( 'NONE',  ( -0.5625755575765063465, 0.06250000000000000000, 0.6200787401574812119 ) ) ;
#1029 = DIRECTION ( 'NONE',  ( -1.000000000000000000, 0.000000000000000000, -3.980131174865415040E-16 ) ) ;
#1030 = PLANE ( 'NONE',  #4175 ) ;
#1031 = AXIS2_PLACEMENT_3D ( 'NONE', #4214, #2834, #2456 ) ;
#1032 = CARTESIAN_POINT ( 'NONE',  ( -1.707404996040164512E-17, 0.000000000000000000, -0.7595282204724409514 ) ) ;
#1033 = ORIENTED_EDGE ( 'NONE', *, *, #5593, .F. ) ;
#1034 = SECURITY_CLASSIFICATION ( '', '', #2396 ) ;
#1035 = VERTEX_POINT ( 'NONE', #1281 ) ;
#1036 = DIRECTION ( 'NONE',  ( 5.551115123125782702E-17, 0.000000000000000000, -1.000000000000000000 ) ) ;
#1037 = LINE ( 'NONE', #5310, #1774 ) ;
#1038 = PERSON_AND_ORGANIZATION ( #4642, #1318 ) ;
#1039 = ORIENTED_EDGE ( 'NONE', *, *, #3139, .T. ) ;
#1040 = EDGE_LOOP ( 'NONE', ( #1938, #5548, #93, #5296, #3392, #777, #3904 ) ) ;
#1041 = EDGE_LOOP ( 'NONE', ( #4335, #4094, #3030, #1172 ) ) ;
#1042 = DIRECTION ( 'NONE',  ( 0.000000000000000000, 1.000000000000000000, 0.000000000000000000 ) ) ;
#1043 = DIRECTION ( 'NONE',  ( 0.000000000000000000, -1.000000000000000000, 0.000000000000000000 ) ) ;
#1044 = CARTESIAN_POINT ( 'NONE',  ( 0.2407914353190341306, 0.000000000000000000, 0.1702709999999977852 ) ) ;
#1045 = DIRECTION ( 'NONE',  ( 0.000000000000000000, 1.000000000000000000, -0.000000000000000000 ) ) ;
#1046 = CARTESIAN_POINT ( 'NONE',  ( -0.1302746484304089236, 0.06250000000000000000, -0.007058310019640639740 ) ) ;
#1047 = ORIENTED_EDGE ( 'NONE', *, *, #1308, .F. ) ;
#1048 = DIRECTION ( 'NONE',  ( -0.000000000000000000, 1.000000000000000000, -0.000000000000000000 ) ) ;
#1049 = ORIENTED_EDGE ( 'NONE', *, *, #939, .F. ) ;
#1050 = CARTESIAN_POINT ( 'NONE',  ( -0.7807097984258296597, 0.000000000000000000, 0.4868274041044878819 ) ) ;
#1051 = EDGE_CURVE ( 'NONE', #2265, #3416, #373, .T. ) ;
#1052 = VERTEX_POINT ( 'NONE', #4445 ) ;
#1053 = EDGE_CURVE ( 'NONE', #2569, #534, #5249, .T. ) ;
#1054 = DIRECTION ( 'NONE',  ( 0.000000000000000000, 0.000000000000000000, -1.000000000000000000 ) ) ;
#1055 = CARTESIAN_POINT ( 'NONE',  ( 0.7807097984258365431, 0.000000000000000000, 0.4868274041044768352 ) ) ;
#1056 = CARTESIAN_POINT ( 'NONE',  ( 1.238765009752039999E-17, 0.000000000000000000, -0.2780419999999999559 ) ) ;
#1057 = ADVANCED_FACE ( 'NONE', ( #1362 ), #2232, .F. ) ;
#1058 = EDGE_CURVE ( 'NONE', #2138, #4279, #5343, .T. ) ;
#1059 = AXIS2_PLACEMENT_3D ( 'NONE', #2747, #4506, #3218 ) ;
#1060 = DIRECTION ( 'NONE',  ( 0.000000000000000000, -1.000000000000000000, 0.000000000000000000 ) ) ;
#1061 = ORIENTED_EDGE ( 'NONE', *, *, #5603, .T. ) ;
#1062 = ADVANCED_BREP_SHAPE_REPRESENTATION ( 'Circuit Board', ( #2949, #4257 ), #1685 ) ;
#1063 = DIRECTION ( 'NONE',  ( 0.4999999999999913403, 0.000000000000000000, -0.8660254037844437036 ) ) ;
#1064 = ORIENTED_EDGE ( 'NONE', *, *, #2244, .T. ) ;
#1065 = CYLINDRICAL_SURFACE ( 'NONE', #5506, 0.06249999999999997918 ) ;
#1066 = CARTESIAN_POINT ( 'NONE',  ( -0.03125000000000006245, 0.06250000000000000000, -0.9195282204724408714 ) ) ;
#1067 = DIRECTION ( 'NONE',  ( -0.000000000000000000, 1.000000000000000000, -0.000000000000000000 ) ) ;
#1068 = CALENDAR_DATE ( 2024, 25, 1 ) ;
#1069 = ORIENTED_EDGE ( 'NONE', *, *, #591, .T. ) ;
#1070 = ORIENTED_EDGE ( 'NONE', *, *, #3820, .T. ) ;
#1071 = ORIENTED_EDGE ( 'NONE', *, *, #2331, .F. ) ;
#1072 = FACE_OUTER_BOUND ( 'NONE', #4610, .T. ) ;
#1073 = VERTEX_POINT ( 'NONE', #475 ) ;
#1074 = DIRECTION ( 'NONE',  ( -0.000000000000000000, 1.000000000000000000, -0.000000000000000000 ) ) ;
#1075 = DIRECTION ( 'NONE',  ( 0.000000000000000000, 0.000000000000000000, 1.000000000000000000 ) ) ;
#1076 = LINE ( 'NONE', #186, #2729 ) ;
#1077 = DIRECTION ( 'NONE',  ( -0.8660254037844437036, 0.000000000000000000, -0.4999999999999913403 ) ) ;
#1078 = ORIENTED_EDGE ( 'NONE', *, *, #2400, .F. ) ;
#1079 = CARTESIAN_POINT ( 'NONE',  ( -8.421348291719106147E-18, 0.000000000000000000, -0.1492919999999999803 ) ) ;
#1080 = VERTEX_POINT ( 'NONE', #2278 ) ;
#1081 = CARTESIAN_POINT ( 'NONE',  ( -0.5065231475530854732, 0.000000000000000000, 0.2924412755905536065 ) ) ;
#1082 = ORIENTED_EDGE ( 'NONE', *, *, #4893, .T. ) ;
#1083 = CIRCLE ( 'NONE', #2836, 0.06250000000000000000 ) ;
#1084 = EDGE_CURVE ( 'NONE', #5342, #3461, #1529, .T. ) ;
#1085 = CARTESIAN_POINT ( 'NONE',  ( -0.1912499999999992262, 0.04249999999999999611, -0.6348973175201051422 ) ) ;
#1086 = ADVANCED_FACE ( 'NONE', ( #578 ), #5420, .T. ) ;
#1087 = LINE ( 'NONE', #1985, #446 ) ;
#1088 = AXIS2_PLACEMENT_3D ( 'NONE', #1351, #1842, #5406 ) ;
#1089 = LINE ( 'NONE', #4977, #3417 ) ;
#1090 = CIRCLE ( 'NONE', #3761, 0.06250000000000001388 ) ;
#1091 = DIRECTION ( 'NONE',  ( 0.000000000000000000, 0.000000000000000000, -1.000000000000000000 ) ) ;
#1092 = ORIENTED_EDGE ( 'NONE', *, *, #3947, .T. ) ;
#1093 = VECTOR ( 'NONE', #3488, 39.37007874015748143 ) ;
#1094 = EDGE_CURVE ( 'NONE', #4274, #2777, #1749, .T. ) ;
#1095 = DIRECTION ( 'NONE',  ( 0.000000000000000000, 1.000000000000000000, -0.000000000000000000 ) ) ;
#1096 = ORIENTED_EDGE ( 'NONE', *, *, #2714, .T. ) ;
#1097 = EDGE_CURVE ( 'NONE', #102, #309, #94, .T. ) ;
#1098 = DIRECTION ( 'NONE',  ( 0.000000000000000000, 0.000000000000000000, 1.000000000000000000 ) ) ;
#1099 = DIRECTION ( 'NONE',  ( 0.000000000000000000, 1.000000000000000000, -0.000000000000000000 ) ) ;
#1100 = LINE ( 'NONE', #2481, #2689 ) ;
#1101 = PERSON_AND_ORGANIZATION_ROLE ( 'design_supplier' ) ;
#1102 = AXIS2_PLACEMENT_3D ( 'NONE', #1356, #4032, #3121 ) ;
#1103 = FACE_OUTER_BOUND ( 'NONE', #2318, .T. ) ;
#1104 = ORIENTED_EDGE ( 'NONE', *, *, #497, .F. ) ;
#1105 = ORIENTED_EDGE ( 'NONE', *, *, #97, .F. ) ;
#1106 = VECTOR ( 'NONE', #4373, 39.37007874015748854 ) ;
#1107 = CARTESIAN_POINT ( 'NONE',  ( 0.4794598536848256320, 0.000000000000000000, 0.2768162755905467232 ) ) ;
#1108 = CARTESIAN_POINT ( 'NONE',  ( -0.4106473768158395710, 0.000000000000000000, 0.2010029817222895310 ) ) ;
#1109 = FACE_OUTER_BOUND ( 'NONE', #268, .T. ) ;
#1110 = VERTEX_POINT ( 'NONE', #1884 ) ;
#1111 = VERTEX_POINT ( 'NONE', #3730 ) ;
#1112 = LINE ( 'NONE', #1918, #5664 ) ;
#1113 = ORIENTED_EDGE ( 'NONE', *, *, #665, .F. ) ;
#1114 = LINE ( 'NONE', #4510, #3146 ) ;
#1115 = CIRCLE ( 'NONE', #4337, 0.06250000000000000000 ) ;
#1116 = ORIENTED_EDGE ( 'NONE', *, *, #4428, .T. ) ;
#1117 = CARTESIAN_POINT ( 'NONE',  ( -0.4350728300057806197, 0.06250000000000000000, 0.3911968557994158213 ) ) ;
#1118 = AXIS2_PLACEMENT_3D ( 'NONE', #5463, #587, #2409 ) ;
#1119 = FACE_OUTER_BOUND ( 'NONE', #4292, .T. ) ;
#1120 = VECTOR ( 'NONE', #1874, 39.37007874015748143 ) ;
#1121 = DIRECTION ( 'NONE',  ( 0.000000000000000000, 0.000000000000000000, 1.000000000000000000 ) ) ;
#1122 = ADVANCED_FACE ( 'NONE', ( #1072 ), #2739, .T. ) ;
#1123 = CARTESIAN_POINT ( 'NONE',  ( -0.01562500000000008674, 0.000000000000000000, -0.02706329386826357430 ) ) ;
#1124 = AXIS2_PLACEMENT_3D ( 'NONE', #1256, #5208, #3807 ) ;
#1125 = DIRECTION ( 'NONE',  ( 0.000000000000000000, -1.000000000000000000, 0.000000000000000000 ) ) ;
#1126 = VERTEX_POINT ( 'NONE', #4072 ) ;
#1127 = CIRCLE ( 'NONE', #3063, 0.03124999999999997571 ) ;
#1128 = DIRECTION ( 'NONE',  ( 0.000000000000000000, -1.000000000000000000, 0.000000000000000000 ) ) ;
#1129 = DIRECTION ( 'NONE',  ( 0.000000000000000000, 0.000000000000000000, -1.000000000000000000 ) ) ;
#1130 = CARTESIAN_POINT ( 'NONE',  ( 0.1862500000000011091, 0.06250000000000000000, -0.1133049903284643334 ) ) ;
#1131 = EDGE_CURVE ( 'NONE', #2487, #3731, #463, .T. ) ;
#1132 = DIRECTION ( 'NONE',  ( 0.000000000000000000, 1.000000000000000000, 0.000000000000000000 ) ) ;
#1133 = ORIENTED_EDGE ( 'NONE', *, *, #5001, .F. ) ;
#1134 = APPROVAL_PERSON_ORGANIZATION ( #1038, #3064, #1007 ) ;
#1135 = ORIENTED_EDGE ( 'NONE', *, *, #2703, .T. ) ;
#1136 = CARTESIAN_POINT ( 'NONE',  ( -0.3679590829475756775, 0.06250000000000000000, 0.2124412755905529249 ) ) ;
#1137 = DIRECTION ( 'NONE',  ( -0.000000000000000000, 1.000000000000000000, 0.000000000000000000 ) ) ;
#1138 = EDGE_CURVE ( 'NONE', #4473, #2455, #1011, .T. ) ;
#1139 = CARTESIAN_POINT ( 'NONE',  ( -0.07125000000000009104, 0.06250000000000000000, -0.3492919999999999359 ) ) ;
#1140 = ORIENTED_EDGE ( 'NONE', *, *, #1792, .T. ) ;
#1141 = DIRECTION ( 'NONE',  ( -0.8660254037844400399, 0.000000000000000000, 0.4999999999999976685 ) ) ;
#1142 = AXIS2_PLACEMENT_3D ( 'NONE', #2356, #3228, #198 ) ;
#1143 = ORIENTED_EDGE ( 'NONE', *, *, #618, .T. ) ;
#1144 = CARTESIAN_POINT ( 'NONE',  ( -0.03125000000000004857, 0.06250000000000000000, -0.8882782204724408714 ) ) ;
#1145 = VERTEX_POINT ( 'NONE', #3270 ) ;
#1146 = CARTESIAN_POINT ( 'NONE',  ( -0.3009438278150929347, 0.000000000000000000, 0.5147048833797012168 ) ) ;
#1147 = CARTESIAN_POINT ( 'NONE',  ( 1.297627796990524979E-15, 0.06250000000000000000, -0.6496062992125984925 ) ) ;
#1148 = CARTESIAN_POINT ( 'NONE',  ( -8.421348291719106147E-18, 0.000000000000000000, -0.1805419999999999803 ) ) ;
#1149 = CARTESIAN_POINT ( 'NONE',  ( -0.2439941576021459613, 0.04249999999999999611, 0.1509737222831150083 ) ) ;
#1150 = FACE_OUTER_BOUND ( 'NONE', #4134, .T. ) ;
#1151 = ORIENTED_EDGE ( 'NONE', *, *, #4409, .T. ) ;
#1152 = CARTESIAN_POINT ( 'NONE',  ( -0.3950223768158392934, 0.06250000000000000000, 0.2280662755905530636 ) ) ;
#1153 = LINE ( 'NONE', #295, #911 ) ;
#1154 = PLANE ( 'NONE',  #5269 ) ;
#1155 = EDGE_CURVE ( 'NONE', #2252, #4537, #1970, .T. ) ;
#1156 = CARTESIAN_POINT ( 'NONE',  ( -0.002499999999998966157, 0.000000000000000000, 0.2597520861406814596 ) ) ;
#1157 = ORIENTED_EDGE ( 'NONE', *, *, #3254, .T. ) ;
#1158 = VECTOR ( 'NONE', #2123, 39.37007874015748143 ) ;
#1159 = ADVANCED_FACE ( 'NONE', ( #1607 ), #3646, .F. ) ;
#1160 = EDGE_LOOP ( 'NONE', ( #1997, #5480, #87, #1133 ) ) ;
#1161 = DIRECTION ( 'NONE',  ( 2.185478394931410180E-15, 0.000000000000000000, -1.000000000000000000 ) ) ;
#1162 = ADVANCED_FACE ( 'NONE', ( #4595 ), #2806, .F. ) ;
#1163 = DIRECTION ( 'NONE',  ( -0.000000000000000000, -1.000000000000000000, 0.000000000000000000 ) ) ;
#1164 = CARTESIAN_POINT ( 'NONE',  ( 0.06062500000000072692, 0.04249999999999999611, 0.1050055802088643575 ) ) ;
#1165 = EDGE_LOOP ( 'NONE', ( #731, #3846, #1473, #405 ) ) ;
#1166 = ORIENTED_EDGE ( 'NONE', *, *, #2438, .F. ) ;
#1167 = DIRECTION ( 'NONE',  ( 0.000000000000000000, -1.000000000000000000, 0.000000000000000000 ) ) ;
#1168 = EDGE_CURVE ( 'NONE', #3469, #680, #4130, .T. ) ;
#1169 = ORIENTED_EDGE ( 'NONE', *, *, #190, .F. ) ;
#1170 = CYLINDRICAL_SURFACE ( 'NONE', #5354, 0.06250000000000000000 ) ;
#1171 = EDGE_CURVE ( 'NONE', #4279, #311, #1829, .T. ) ;
#1172 = ORIENTED_EDGE ( 'NONE', *, *, #296, .F. ) ;
#1173 = DIRECTION ( 'NONE',  ( -0.000000000000000000, 1.000000000000000000, -0.000000000000000000 ) ) ;
#1174 = PLANE ( 'NONE',  #2935 ) ;
#1175 = CARTESIAN_POINT ( 'NONE',  ( -0.9659295153868718842, 0.000000000000000000, 0.2167247823471144530 ) ) ;
#1176 = ORIENTED_EDGE ( 'NONE', *, *, #1444, .F. ) ;
#1177 = VECTOR ( 'NONE', #3762, 39.37007874015748143 ) ;
#1178 = LINE ( 'NONE', #2051, #4801 ) ;
#1179 = CYLINDRICAL_SURFACE ( 'NONE', #993, 0.03124999999999997571 ) ;
#1180 = AXIS2_PLACEMENT_3D ( 'NONE', #2945, #4267, #1964 ) ;
#1181 = VECTOR ( 'NONE', #4372, 39.37007874015748854 ) ;
#1182 = ORIENTED_EDGE ( 'NONE', *, *, #5696, .T. ) ;
#1183 = DIRECTION ( 'NONE',  ( -2.134256245050205948E-16, 0.000000000000000000, 1.000000000000000000 ) ) ;
#1184 = FACE_OUTER_BOUND ( 'NONE', #4981, .T. ) ;
#1185 = CARTESIAN_POINT ( 'NONE',  ( -0.002499999999998966157, 0.04249999999999999611, 0.2597520861406814596 ) ) ;
#1186 = ORIENTED_EDGE ( 'NONE', *, *, #5085, .T. ) ;
#1187 = VECTOR ( 'NONE', #4291, 39.37007874015748854 ) ;
#1188 = ORIENTED_EDGE ( 'NONE', *, *, #1138, .T. ) ;
#1189 = APPROVAL ( #3726, 'UNSPECIFIED' ) ;
#1190 = VERTEX_POINT ( 'NONE', #983 ) ;
#1191 = DIRECTION ( 'NONE',  ( 0.000000000000000000, 0.000000000000000000, -1.000000000000000000 ) ) ;
#1192 = DIRECTION ( 'NONE',  ( 0.000000000000000000, 0.000000000000000000, 1.000000000000000000 ) ) ;
#1193 = DIRECTION ( 'NONE',  ( -1.067128122525102974E-16, 0.000000000000000000, 1.000000000000000000 ) ) ;
#1194 = ORIENTED_EDGE ( 'NONE', *, *, #4456, .T. ) ;
#1195 = ORIENTED_EDGE ( 'NONE', *, *, #2709, .T. ) ;
#1196 = EDGE_CURVE ( 'NONE', #3553, #1355, #610, .T. ) ;
#1197 = LINE ( 'NONE', #4336, #4197 ) ;
#1198 = ORIENTED_EDGE ( 'NONE', *, *, #1662, .F. ) ;
#1199 = DIRECTION ( 'NONE',  ( 1.000000000000000000, 0.000000000000000000, -1.169270621478281311E-16 ) ) ;
#1200 = VECTOR ( 'NONE', #1794, 39.37007874015748143 ) ;
#1201 = VECTOR ( 'NONE', #3862, 39.37007874015748143 ) ;
#1202 = ORIENTED_EDGE ( 'NONE', *, *, #2395, .F. ) ;
#1203 = EDGE_CURVE ( 'NONE', #2782, #5000, #552, .T. ) ;
#1204 = EDGE_CURVE ( 'NONE', #5145, #725, #5425, .T. ) ;
#1205 = FACE_OUTER_BOUND ( 'NONE', #346, .T. ) ;
#1206 = DIRECTION ( 'NONE',  ( -0.000000000000000000, 1.000000000000000000, -0.000000000000000000 ) ) ;
#1207 = DIRECTION ( 'NONE',  ( 0.000000000000000000, 1.000000000000000000, 0.000000000000000000 ) ) ;
#1208 = ORIENTED_EDGE ( 'NONE', *, *, #2999, .T. ) ;
#1209 = FACE_OUTER_BOUND ( 'NONE', #1596, .T. ) ;
#1210 = EDGE_CURVE ( 'NONE', #412, #2568, #2316, .T. ) ;
#1211 = VECTOR ( 'NONE', #35, 39.37007874015748143 ) ;
#1212 = DIRECTION ( 'NONE',  ( -8.881784197001250351E-16, 0.000000000000000000, 1.000000000000000000 ) ) ;
#1213 = EDGE_LOOP ( 'NONE', ( #4334, #2767, #3157, #4288, #1186, #2810, #219 ) ) ;
#1214 = CARTESIAN_POINT ( 'NONE',  ( -0.07749999999999890310, 0.000000000000000000, 0.2597520861406815706 ) ) ;
#1215 = DIRECTION ( 'NONE',  ( 0.000000000000000000, 0.000000000000000000, -1.000000000000000000 ) ) ;
#1216 = DIRECTION ( 'NONE',  ( 0.000000000000000000, -1.000000000000000000, 0.000000000000000000 ) ) ;
#1217 = ORIENTED_EDGE ( 'NONE', *, *, #5359, .F. ) ;
#1218 = ORIENTED_EDGE ( 'NONE', *, *, #1171, .T. ) ;
#1219 = VECTOR ( 'NONE', #544, 39.37007874015748143 ) ;
#1220 = EDGE_LOOP ( 'NONE', ( #4321, #4862, #1217, #150 ) ) ;
#1221 = CARTESIAN_POINT ( 'NONE',  ( 0.1719789584500507618, 0.04249999999999999611, 0.06320770613173472274 ) ) ;
#1222 = DIRECTION ( 'NONE',  ( 0.000000000000000000, 0.000000000000000000, -1.000000000000000000 ) ) ;
#1223 = CARTESIAN_POINT ( 'NONE',  ( 0.8182917201112818173, 0.000000000000000000, 0.4724409448818926438 ) ) ;
#1224 = ORIENTED_EDGE ( 'NONE', *, *, #3312, .T. ) ;
#1225 = AXIS2_PLACEMENT_3D ( 'NONE', #3272, #4653, #1191 ) ;
#1226 = VECTOR ( 'NONE', #2228, 39.37007874015748143 ) ;
#1227 = VERTEX_POINT ( 'NONE', #1508 ) ;
#1228 = DIRECTION ( 'NONE',  ( -0.8660254037844364872, 0.000000000000000000, 0.5000000000000037748 ) ) ;
#1229 = DIRECTION ( 'NONE',  ( -0.000000000000000000, -1.000000000000000000, -0.000000000000000000 ) ) ;
#1230 = ORIENTED_EDGE ( 'NONE', *, *, #3736, .T. ) ;
#1231 = DIRECTION ( 'NONE',  ( -0.000000000000000000, -1.000000000000000000, -0.000000000000000000 ) ) ;
#1232 = EDGE_CURVE ( 'NONE', #2408, #4709, #738, .T. ) ;
#1233 = FACE_OUTER_BOUND ( 'NONE', #755, .T. ) ;
#1234 = DIRECTION ( 'NONE',  ( 0.8660254037844363761, 0.000000000000000000, -0.5000000000000041078 ) ) ;
#1235 = EDGE_CURVE ( 'NONE', #4069, #4217, #3594, .T. ) ;
#1236 = EDGE_LOOP ( 'NONE', ( #2174, #66, #3408, #10 ) ) ;
#1237 = CARTESIAN_POINT ( 'NONE',  ( -0.07744534365312923108, 0.04249999999999999611, 0.2568893139328065622 ) ) ;
#1238 = DIRECTION ( 'NONE',  ( 0.000000000000000000, -1.000000000000000000, 0.000000000000000000 ) ) ;
#1239 = VERTEX_POINT ( 'NONE', #1888 ) ;
#1240 = EDGE_CURVE ( 'NONE', #5128, #4612, #4076, .T. ) ;
#1241 = FACE_OUTER_BOUND ( 'NONE', #969, .T. ) ;
#1242 = CARTESIAN_POINT ( 'NONE',  ( -0.6848340276885838129, 0.000000000000000000, 0.3953891102362238064 ) ) ;
#1243 = ADVANCED_FACE ( 'NONE', ( #5376 ), #5349, .F. ) ;
#1244 = CARTESIAN_POINT ( 'NONE',  ( 0.4149377623009156690, 0.06250000000000000000, 0.5805193121410772150 ) ) ;
#1245 = EDGE_LOOP ( 'NONE', ( #1882, #4195, #2735, #815, #2867, #5501, #2499, #4671 ) ) ;
#1246 = ORIENTED_EDGE ( 'NONE', *, *, #2993, .T. ) ;
#1247 = LINE ( 'NONE', #1648, #3342 ) ;
#1248 = CYLINDRICAL_SURFACE ( 'NONE', #1377, 0.03124999999999997571 ) ;
#1249 = CARTESIAN_POINT ( 'NONE',  ( -0.7963347984258298817, 0.000000000000000000, 0.4597641102362242105 ) ) ;
#1250 = ORIENTED_EDGE ( 'NONE', *, *, #3476, .F. ) ;
#1251 = ORIENTED_EDGE ( 'NONE', *, *, #3940, .T. ) ;
#1252 = DIRECTION ( 'NONE',  ( -0.000000000000000000, -1.000000000000000000, -0.000000000000000000 ) ) ;
#1253 = AXIS2_PLACEMENT_3D ( 'NONE', #3966, #3560, #18 ) ;
#1254 = DIRECTION ( 'NONE',  ( 0.000000000000000000, 1.000000000000000000, 0.000000000000000000 ) ) ;
#1255 = ORIENTED_EDGE ( 'NONE', *, *, #1622, .F. ) ;
#1256 = CARTESIAN_POINT ( 'NONE',  ( 0.1862500000000019973, 0.04249999999999999611, -0.6973973175201051422 ) ) ;
#1257 = CARTESIAN_POINT ( 'NONE',  ( 0.7692715045575723165, 0.000000000000000000, 0.4441391102362133303 ) ) ;
#1258 = CARTESIAN_POINT ( 'NONE',  ( 0.4950848536848252990, 0.000000000000000000, 0.2497529817222827742 ) ) ;
#1259 = VERTEX_POINT ( 'NONE', #3275 ) ;
#1260 = FACE_OUTER_BOUND ( 'NONE', #4812, .T. ) ;
#1261 = EDGE_CURVE ( 'NONE', #4044, #5587, #3874, .T. ) ;
#1262 = EDGE_CURVE ( 'NONE', #1601, #3404, #1448, .T. ) ;
#1263 = CARTESIAN_POINT ( 'NONE',  ( 0.2407914353190341306, 0.000000000000000000, 0.1390209999999977852 ) ) ;
#1264 = ORIENTED_EDGE ( 'NONE', *, *, #5327, .T. ) ;
#1265 = LINE ( 'NONE', #111, #4774 ) ;
#1266 = CYLINDRICAL_SURFACE ( 'NONE', #5556, 0.06250000000000000000 ) ;
#1267 = AXIS2_PLACEMENT_3D ( 'NONE', #1316, #982, #2315 ) ;
#1268 = DIRECTION ( 'NONE',  ( 0.000000000000000000, -1.000000000000000000, 0.000000000000000000 ) ) ;
#1269 = EDGE_CURVE ( 'NONE', #4116, #847, #2209, .T. ) ;
#1270 = VERTEX_POINT ( 'NONE', #5427 ) ;
#1271 = CIRCLE ( 'NONE', #988, 0.06249999999999997918 ) ;
#1272 = EDGE_CURVE ( 'NONE', #4006, #821, #5025, .T. ) ;
#1273 = ORIENTED_EDGE ( 'NONE', *, *, #4835, .T. ) ;
#1274 = CARTESIAN_POINT ( 'NONE',  ( 0.2952755905511824097, 0.06250000000000000000, -0.9448818897637796255 ) ) ;
#1275 = CARTESIAN_POINT ( 'NONE',  ( -0.1912499999999991429, 0.04249999999999999611, -0.1133049903284639032 ) ) ;
#1276 = CIRCLE ( 'NONE', #2015, 0.03124999999999997571 ) ;
#1277 = CIRCLE ( 'NONE', #626, 0.03124999999999997571 ) ;
#1278 = DIRECTION ( 'NONE',  ( 0.000000000000000000, 0.000000000000000000, 1.000000000000000000 ) ) ;
#1279 = ORIENTED_EDGE ( 'NONE', *, *, #2461, .F. ) ;
#1280 = ORIENTED_EDGE ( 'NONE', *, *, #4052, .F. ) ;
#1281 = CARTESIAN_POINT ( 'NONE',  ( 0.1407289584500512336, 0.04249999999999999611, 0.1173342938682624126 ) ) ;
#1282 = AXIS2_PLACEMENT_3D ( 'NONE', #5008, #1063, #2823 ) ;
#1283 = CARTESIAN_POINT ( 'NONE',  ( -8.421348291719106147E-18, 0.04249999999999999611, -0.1492919999999999803 ) ) ;
#1284 = EDGE_LOOP ( 'NONE', ( #3351, #2322, #3729, #4714 ) ) ;
#1285 = AXIS2_PLACEMENT_3D ( 'NONE', #517, #5337, #2732 ) ;
#1286 = LINE ( 'NONE', #3053, #5632 ) ;
#1287 = CIRCLE ( 'NONE', #2482, 0.05250000000000006051 ) ;
#1288 = FACE_OUTER_BOUND ( 'NONE', #661, .T. ) ;
#1289 = CARTESIAN_POINT ( 'NONE',  ( 0.06437500000000044575, 0.04249999999999999611, -0.1115007707372471513 ) ) ;
#1290 = AXIS2_PLACEMENT_3D ( 'NONE', #3790, #4738, #3754 ) ;
#1291 = ORIENTED_EDGE ( 'NONE', *, *, #1978, .F. ) ;
#1292 = DIRECTION ( 'NONE',  ( -0.000000000000000000, 1.000000000000000000, -0.000000000000000000 ) ) ;
#1293 = CYLINDRICAL_SURFACE ( 'NONE', #4487, 0.06250000000000000000 ) ;
#1294 = VERTEX_POINT ( 'NONE', #1479 ) ;
#1295 = CARTESIAN_POINT ( 'NONE',  ( 0.000000000000000000, 0.04249999999999999611, -0.6348973175201051422 ) ) ;
#1296 = FACE_OUTER_BOUND ( 'NONE', #3858, .T. ) ;
#1297 = EDGE_CURVE ( 'NONE', #1259, #3148, #4994, .T. ) ;
#1298 = VECTOR ( 'NONE', #3747, 39.37007874015748854 ) ;
#1299 = EDGE_CURVE ( 'NONE', #274, #3547, #3985, .T. ) ;
#1300 = FACE_BOUND ( 'NONE', #508, .T. ) ;
#1301 = ORIENTED_EDGE ( 'NONE', *, *, #5109, .T. ) ;
#1302 = ORIENTED_EDGE ( 'NONE', *, *, #2903, .T. ) ;
#1303 = CARTESIAN_POINT ( 'NONE',  ( 0.07125000000000004940, 0.04249999999999999611, -0.3492919999999999914 ) ) ;
#1304 = ADVANCED_FACE ( 'NONE', ( #146 ), #2707, .F. ) ;
#1305 = AXIS2_PLACEMENT_3D ( 'NONE', #1834, #881, #1319 ) ;
#1306 = CARTESIAN_POINT ( 'NONE',  ( 0.2952755905511824097, 0.000000000000000000, -0.2282124686088114196 ) ) ;
#1307 = VERTEX_POINT ( 'NONE', #3199 ) ;
#1308 = EDGE_CURVE ( 'NONE', #1294, #521, #2303, .T. ) ;
#1309 = VERTEX_POINT ( 'NONE', #3176 ) ;
#1310 = VECTOR ( 'NONE', #63, 39.37007874015748143 ) ;
#1311 = CARTESIAN_POINT ( 'NONE',  ( -0.07749999999999890310, -0.1500000000000000222, 0.4606995292418972210 ) ) ;
#1312 = AXIS2_PLACEMENT_3D ( 'NONE', #5663, #1173, #3833 ) ;
#1313 = FACE_OUTER_BOUND ( 'NONE', #2951, .T. ) ;
#1314 = EDGE_CURVE ( 'NONE', #1571, #4509, #4952, .T. ) ;
#1315 = VECTOR ( 'NONE', #1999, 39.37007874015748143 ) ;
#1316 = CARTESIAN_POINT ( 'NONE',  ( -0.5625755575765063465, 0.000000000000000000, 0.3248031496063000789 ) ) ;
#1317 = ORIENTED_EDGE ( 'NONE', *, *, #2972, .F. ) ;
#1318 = ORGANIZATION ( 'UNSPECIFIED', 'UNSPECIFIED', '' ) ;
#1319 = DIRECTION ( 'NONE',  ( 0.000000000000000000, 0.000000000000000000, -1.000000000000000000 ) ) ;
#1320 = DIRECTION ( 'NONE',  ( 0.000000000000000000, -1.000000000000000000, 0.000000000000000000 ) ) ;
#1321 = FACE_OUTER_BOUND ( 'NONE', #872, .T. ) ;
#1322 = ORIENTED_EDGE ( 'NONE', *, *, #2614, .F. ) ;
#1323 = CARTESIAN_POINT ( 'NONE',  ( -0.4663228300057806752, 0.04249999999999999611, 0.3370702680628883674 ) ) ;
#1324 = DIRECTION ( 'NONE',  ( 0.000000000000000000, 1.000000000000000000, -0.000000000000000000 ) ) ;
#1325 = ORIENTED_EDGE ( 'NONE', *, *, #5423, .F. ) ;
#1326 = LINE ( 'NONE', #3002, #2282 ) ;
#1327 = VECTOR ( 'NONE', #2650, 39.37007874015748854 ) ;
#1328 = LINE ( 'NONE', #6, #1327 ) ;
#1329 = LINE ( 'NONE', #4410, #4155 ) ;
#1330 = VERTEX_POINT ( 'NONE', #3637 ) ;
#1331 = EDGE_LOOP ( 'NONE', ( #3421, #2728, #3660, #1198 ) ) ;
#1332 = CC_DESIGN_DATE_AND_TIME_ASSIGNMENT ( #4584, #2305, ( #5350 ) ) ;
#1333 = DIRECTION ( 'NONE',  ( -0.8660254037844431485, 0.000000000000000000, -0.4999999999999921729 ) ) ;
#1334 = LINE ( 'NONE', #3419, #998 ) ;
#1335 =( CONVERSION_BASED_UNIT ( 'INCH', #2710 ) LENGTH_UNIT ( ) NAMED_UNIT ( #683 ) );
#1336 = ORIENTED_EDGE ( 'NONE', *, *, #1012, .T. ) ;
#1337 = ORIENTED_EDGE ( 'NONE', *, *, #1733, .T. ) ;
#1338 = DIRECTION ( 'NONE',  ( -0.5000000000000041078, 0.000000000000000000, 0.8660254037844362651 ) ) ;
#1339 = EDGE_CURVE ( 'NONE', #783, #3290, #3556, .T. ) ;
#1340 = LINE ( 'NONE', #69, #2741 ) ;
#1341 = DIRECTION ( 'NONE',  ( 0.000000000000000000, 0.000000000000000000, -1.000000000000000000 ) ) ;
#1342 = AXIS2_PLACEMENT_3D ( 'NONE', #2106, #5213, #3865 ) ;
#1343 = ORIENTED_EDGE ( 'NONE', *, *, #2424, .F. ) ;
#1344 = EDGE_CURVE ( 'NONE', #5594, #188, #3041, .T. ) ;
#1345 = ADVANCED_FACE ( 'NONE', ( #1905 ), #5309, .F. ) ;
#1346 = CARTESIAN_POINT ( 'NONE',  ( -0.5962194183662727909, 0.06250000000000000000, 0.003272558310150220241 ) ) ;
#1347 = CARTESIAN_POINT ( 'NONE',  ( -0.002499999999998966157, 0.06250000000000000000, 0.2597520861406814596 ) ) ;
#1348 = EDGE_LOOP ( 'NONE', ( #3368, #806, #1325, #2698 ) ) ;
#1349 = CYLINDRICAL_SURFACE ( 'NONE', #1059, 0.05249999999999999806 ) ;
#1350 = LINE ( 'NONE', #80, #5054 ) ;
#1351 = CARTESIAN_POINT ( 'NONE',  ( -0.1287499999999992262, 0.04249999999999999611, -0.6348973175201051422 ) ) ;
#1352 = DIRECTION ( 'NONE',  ( 1.000000000000000000, 0.000000000000000000, 0.000000000000000000 ) ) ;
#1353 = DIRECTION ( 'NONE',  ( 0.000000000000000000, 0.000000000000000000, -1.000000000000000000 ) ) ;
#1354 = ORIENTED_EDGE ( 'NONE', *, *, #5645, .F. ) ;
#1355 = VERTEX_POINT ( 'NONE', #1817 ) ;
#1356 = CARTESIAN_POINT ( 'NONE',  ( -1.024442997624098707E-16, 0.000000000000000000, -0.8882782204724408714 ) ) ;
#1357 = CARTESIAN_POINT ( 'NONE',  ( 0.3464101615137744616, 0.000000000000000000, 0.5409548833797019896 ) ) ;
#1358 =( LENGTH_UNIT ( ) NAMED_UNIT ( * ) SI_UNIT ( $, .METRE. ) );
#1359 = ORIENTED_EDGE ( 'NONE', *, *, #4764, .T. ) ;
#1360 = ORIENTED_EDGE ( 'NONE', *, *, #458, .T. ) ;
#1361 = AXIS2_PLACEMENT_3D ( 'NONE', #2665, #4911, #1368 ) ;
#1362 = FACE_OUTER_BOUND ( 'NONE', #1165, .T. ) ;
#1363 = CARTESIAN_POINT ( 'NONE',  ( -0.1287499999999992262, 0.04249999999999999611, -0.6348973175201051422 ) ) ;
#1364 = CIRCLE ( 'NONE', #357, 0.06249999999999997918 ) ;
#1365 = CIRCLE ( 'NONE', #2842, 0.06250000000000000000 ) ;
#1366 = DIRECTION ( 'NONE',  ( 0.000000000000000000, 0.000000000000000000, -1.000000000000000000 ) ) ;
#1367 = EDGE_CURVE ( 'NONE', #1111, #514, #2248, .T. ) ;
#1368 = DIRECTION ( 'NONE',  ( 0.000000000000000000, 0.000000000000000000, -1.000000000000000000 ) ) ;
#1369 = ORIENTED_EDGE ( 'NONE', *, *, #2866, .F. ) ;
#1370 = AXIS2_PLACEMENT_3D ( 'NONE', #4404, #5303, #510 ) ;
#1371 = LINE ( 'NONE', #5690, #1669 ) ;
#1372 = PLANE ( 'NONE',  #2295 ) ;
#1373 = EDGE_CURVE ( 'NONE', #3506, #3335, #1437, .T. ) ;
#1374 = CIRCLE ( 'NONE', #4039, 0.06250000000000001388 ) ;
#1375 = ORIENTED_EDGE ( 'NONE', *, *, #2438, .T. ) ;
#1376 = EDGE_CURVE ( 'NONE', #5476, #1110, #4872, .T. ) ;
#1377 = AXIS2_PLACEMENT_3D ( 'NONE', #5258, #5173, #3096 ) ;
#1378 = DIRECTION ( 'NONE',  ( 0.000000000000000000, 1.000000000000000000, -0.000000000000000000 ) ) ;
#1379 = CARTESIAN_POINT ( 'NONE',  ( -1.024442997624098707E-16, 0.000000000000000000, -0.9195282204724408714 ) ) ;
#1380 = VECTOR ( 'NONE', #5413, 39.37007874015748143 ) ;
#1381 = LINE ( 'NONE', #1432, #1412 ) ;
#1382 = VECTOR ( 'NONE', #1207, 39.37007874015748143 ) ;
#1383 = ADVANCED_FACE ( 'NONE', ( #924 ), #4064, .F. ) ;
#1384 = CARTESIAN_POINT ( 'NONE',  ( 0.2564164353190339085, 0.04249999999999999611, 0.1119577061317338501 ) ) ;
#1385 = VERTEX_POINT ( 'NONE', #572 ) ;
#1386 = VERTEX_POINT ( 'NONE', #4440 ) ;
#1387 = DIRECTION ( 'NONE',  ( 0.000000000000000000, 0.000000000000000000, 1.000000000000000000 ) ) ;
#1388 = DIRECTION ( 'NONE',  ( 0.000000000000000000, 0.000000000000000000, -1.000000000000000000 ) ) ;
#1389 = CARTESIAN_POINT ( 'NONE',  ( -0.07749999999999890310, 0.06250000000000000000, 0.4606995292418972210 ) ) ;
#1390 = VERTEX_POINT ( 'NONE', #495 ) ;
#1391 = ORIENTED_EDGE ( 'NONE', *, *, #1269, .T. ) ;
#1392 = CARTESIAN_POINT ( 'NONE',  ( 0.4638348536848259096, 0.000000000000000000, 0.3038795694588105611 ) ) ;
#1393 = CIRCLE ( 'NONE', #1118, 0.03124999999999998959 ) ;
#1394 = FACE_BOUND ( 'NONE', #1793, .T. ) ;
#1395 = CIRCLE ( 'NONE', #844, 0.2952755905511810774 ) ;
#1396 = LINE ( 'NONE', #4883, #114 ) ;
#1397 = DIRECTION ( 'NONE',  ( 0.5000000000000034417, 0.000000000000000000, -0.8660254037844365982 ) ) ;
#1398 = CARTESIAN_POINT ( 'NONE',  ( -6.814803792450683845E-17, 0.000000000000000000, -0.5536325511811024391 ) ) ;
#1399 = ORIENTED_EDGE ( 'NONE', *, *, #1833, .F. ) ;
#1400 = VECTOR ( 'NONE', #5172, 39.37007874015748143 ) ;
#1401 = DIRECTION ( 'NONE',  ( 0.000000000000000000, 0.000000000000000000, 1.000000000000000000 ) ) ;
#1402 = EDGE_LOOP ( 'NONE', ( #2721, #1096, #1069, #4015 ) ) ;
#1403 = AXIS2_PLACEMENT_3D ( 'NONE', #3097, #4010, #871 ) ;
#1404 = EDGE_CURVE ( 'NONE', #116, #1941, #1835, .T. ) ;
#1405 = DIRECTION ( 'NONE',  ( -0.8660254037844400399, 0.000000000000000000, 0.4999999999999976685 ) ) ;
#1406 = EDGE_CURVE ( 'NONE', #3547, #339, #4319, .T. ) ;
#1407 = FACE_OUTER_BOUND ( 'NONE', #3013, .T. ) ;
#1408 = CARTESIAN_POINT ( 'NONE',  ( -0.002499999999998906309, 0.000000000000000000, 0.1847520861406814763 ) ) ;
#1409 = CYLINDRICAL_SURFACE ( 'NONE', #1764, 0.03124999999999998959 ) ;
#1410 = ORIENTED_EDGE ( 'NONE', *, *, #1662, .T. ) ;
#1411 = EDGE_CURVE ( 'NONE', #3956, #2398, #5061, .T. ) ;
#1412 = VECTOR ( 'NONE', #1843, 39.37007874015748143 ) ;
#1413 = EDGE_LOOP ( 'NONE', ( #5443, #4567, #5076, #3304 ) ) ;
#1414 = EDGE_CURVE ( 'NONE', #388, #1771, #2336, .T. ) ;
#1415 = DIRECTION ( 'NONE',  ( 1.000000000000000000, 0.000000000000000000, 0.000000000000000000 ) ) ;
#1416 = CYLINDRICAL_SURFACE ( 'NONE', #2412, 0.05249999999999998418 ) ;
#1417 = CARTESIAN_POINT ( 'NONE',  ( 0.3950223768158424020, 0.000000000000000000, 0.2280662755905474848 ) ) ;
#1418 = ORIENTED_EDGE ( 'NONE', *, *, #4541, .F. ) ;
#1419 = ORIENTED_EDGE ( 'NONE', *, *, #4886, .F. ) ;
#1420 = DIRECTION ( 'NONE',  ( -0.000000000000000000, 1.000000000000000000, -0.000000000000000000 ) ) ;
#1421 = CARTESIAN_POINT ( 'NONE',  ( -0.06624999999999922617, 0.04249999999999999611, -0.5723973175201051422 ) ) ;
#1422 = DIRECTION ( 'NONE',  ( 0.000000000000000000, -1.000000000000000000, 0.000000000000000000 ) ) ;
#1423 = DIRECTION ( 'NONE',  ( 0.000000000000000000, 1.000000000000000000, 0.000000000000000000 ) ) ;
#1424 = ORIENTED_EDGE ( 'NONE', *, *, #4787, .F. ) ;
#1425 = ORIENTED_EDGE ( 'NONE', *, *, #2744, .F. ) ;
#1426 = DIRECTION ( 'NONE',  ( 0.000000000000000000, 0.000000000000000000, -1.000000000000000000 ) ) ;
#1427 = ORIENTED_EDGE ( 'NONE', *, *, #4973, .F. ) ;
#1428 = EDGE_CURVE ( 'NONE', #3469, #1073, #4232, .T. ) ;
#1429 = VECTOR ( 'NONE', #2875, 39.37007874015748143 ) ;
#1430 = CARTESIAN_POINT ( 'NONE',  ( 0.000000000000000000, 0.04249999999999999611, -0.6348973175201051422 ) ) ;
#1431 = CARTESIAN_POINT ( 'NONE',  ( -0.06187500000000014516, 0.04249999999999999611, 0.1071706437183243127 ) ) ;
#1432 = CARTESIAN_POINT ( 'NONE',  ( -0.07124999999999999389, 0.06250000000000000000, -0.1092920000000000280 ) ) ;
#1433 = EDGE_CURVE ( 'NONE', #3665, #4540, #470, .T. ) ;
#1434 = FACE_BOUND ( 'NONE', #2953, .T. ) ;
#1435 = VERTEX_POINT ( 'NONE', #1552 ) ;
#1436 = ORIENTED_EDGE ( 'NONE', *, *, #410, .F. ) ;
#1437 = LINE ( 'NONE', #542, #1748 ) ;
#1438 = DIRECTION ( 'NONE',  ( 0.000000000000000000, 0.000000000000000000, -1.000000000000000000 ) ) ;
#1439 = EDGE_CURVE ( 'NONE', #521, #5198, #4961, .T. ) ;
#1440 = ORIENTED_EDGE ( 'NONE', *, *, #834, .T. ) ;
#1441 = ORIENTED_EDGE ( 'NONE', *, *, #1299, .F. ) ;
#1442 = ORIENTED_EDGE ( 'NONE', *, *, #2970, .T. ) ;
#1443 = CARTESIAN_POINT ( 'NONE',  ( 1.238765009752039999E-17, 0.000000000000000000, -0.3092919999999999559 ) ) ;
#1444 = EDGE_CURVE ( 'NONE', #3414, #5679, #1993, .T. ) ;
#1445 = DIRECTION ( 'NONE',  ( 1.000000000000000000, 0.000000000000000000, 0.000000000000000000 ) ) ;
#1446 = VECTOR ( 'NONE', #4713, 39.37007874015748143 ) ;
#1447 = LINE ( 'NONE', #4190, #1177 ) ;
#1448 = LINE ( 'NONE', #3677, #4698 ) ;
#1449 = ORIENTED_EDGE ( 'NONE', *, *, #73, .F. ) ;
#1450 = FACE_OUTER_BOUND ( 'NONE', #1672, .T. ) ;
#1451 = AXIS2_PLACEMENT_3D ( 'NONE', #916, #942, #2676 ) ;
#1452 = VECTOR ( 'NONE', #1718, 39.37007874015748143 ) ;
#1453 = ORIENTED_EDGE ( 'NONE', *, *, #3391, .F. ) ;
#1454 = CARTESIAN_POINT ( 'NONE',  ( 0.3068707453386733675, 0.06250000000000000000, 0.1670682777168874256 ) ) ;
#1455 = CIRCLE ( 'NONE', #1922, 0.03124999999999997571 ) ;
#1456 = ORIENTED_EDGE ( 'NONE', *, *, #1373, .T. ) ;
#1457 = CIRCLE ( 'NONE', #4591, 0.03125000000000000694 ) ;
#1458 = CARTESIAN_POINT ( 'NONE',  ( 0.03124999999999996877, 0.000000000000000000, -0.4561325511811023525 ) ) ;
#1459 = CARTESIAN_POINT ( 'NONE',  ( 0.5108387935035331173, 0.06250000000000000000, 0.5099958902149047679 ) ) ;
#1460 = CARTESIAN_POINT ( 'NONE',  ( -0.2127441576021456837, 0.06250000000000000000, 0.2051003100196422402 ) ) ;
#1461 = LINE ( 'NONE', #3145, #20 ) ;
#1462 = ORIENTED_EDGE ( 'NONE', *, *, #4539, .T. ) ;
#1463 = VECTOR ( 'NONE', #5391, 39.37007874015748143 ) ;
#1464 = AXIS2_PLACEMENT_3D ( 'NONE', #583, #5399, #3184 ) ;
#1465 = EDGE_CURVE ( 'NONE', #1227, #3377, #4150, .T. ) ;
#1466 = ORIENTED_EDGE ( 'NONE', *, *, #4648, .T. ) ;
#1467 = CARTESIAN_POINT ( 'NONE',  ( 0.03124999999999995143, 0.000000000000000000, 6.669550765781882801E-18 ) ) ;
#1468 = AXIS2_PLACEMENT_3D ( 'NONE', #2790, #1491, #229 ) ;
#1469 = DIRECTION ( 'NONE',  ( -0.000000000000000000, 1.000000000000000000, -0.000000000000000000 ) ) ;
#1470 = EDGE_CURVE ( 'NONE', #210, #4612, #1586, .T. ) ;
#1471 = APPROVAL_STATUS ( 'not_yet_approved' ) ;
#1472 = ORIENTED_EDGE ( 'NONE', *, *, #4290, .F. ) ;
#1473 = ORIENTED_EDGE ( 'NONE', *, *, #1084, .T. ) ;
#1474 = ORIENTED_EDGE ( 'NONE', *, *, #2019, .T. ) ;
#1475 = EDGE_CURVE ( 'NONE', #5600, #2430, #2826, .T. ) ;
#1476 = LINE ( 'NONE', #151, #2776 ) ;
#1477 = FACE_OUTER_BOUND ( 'NONE', #1951, .T. ) ;
#1478 = CARTESIAN_POINT ( 'NONE',  ( 0.1302746484304088959, 0.04249999999999999611, -0.007058310019640613719 ) ) ;
#1479 = CARTESIAN_POINT ( 'NONE',  ( -0.008749999999999957465, 0.04249999999999999611, -0.1092920000000000280 ) ) ;
#1480 = VERTEX_POINT ( 'NONE', #3724 ) ;
#1481 = CARTESIAN_POINT ( 'NONE',  ( -0.4950848536848220238, 0.000000000000000000, 0.2497529817222898241 ) ) ;
#1482 = AXIS2_PLACEMENT_3D ( 'NONE', #299, #5281, #5651 ) ;
#1483 = EDGE_CURVE ( 'NONE', #1535, #1355, #86, .T. ) ;
#1484 = ORIENTED_EDGE ( 'NONE', *, *, #5318, .F. ) ;
#1485 = DIRECTION ( 'NONE',  ( 0.000000000000000000, -1.000000000000000000, 0.000000000000000000 ) ) ;
#1486 = EDGE_CURVE ( 'NONE', #5520, #1601, #3315, .T. ) ;
#1487 = EDGE_LOOP ( 'NONE', ( #561, #4988, #539, #4385 ) ) ;
#1488 = VECTOR ( 'NONE', #3177, 39.37007874015748854 ) ;
#1489 = DIRECTION ( 'NONE',  ( -0.000000000000000000, -1.000000000000000000, -0.000000000000000000 ) ) ;
#1490 = DIRECTION ( 'NONE',  ( 0.000000000000000000, -1.000000000000000000, 0.000000000000000000 ) ) ;
#1491 = DIRECTION ( 'NONE',  ( 0.000000000000000000, -1.000000000000000000, 0.000000000000000000 ) ) ;
#1492 = CIRCLE ( 'NONE', #2977, 0.03124999999999997571 ) ;
#1493 = CARTESIAN_POINT ( 'NONE',  ( -0.2981207453386732209, 0.04249999999999999611, 0.1822237222831152859 ) ) ;
#1494 = ORIENTED_EDGE ( 'NONE', *, *, #3429, .T. ) ;
#1495 = PLANE ( 'NONE',  #1282 ) ;
#1496 = VERTEX_POINT ( 'NONE', #631 ) ;
#1497 = CARTESIAN_POINT ( 'NONE',  ( -0.07749999999999890310, 0.06250000000000000000, 0.6847520861406815040 ) ) ;
#1498 = DIRECTION ( 'NONE',  ( 0.000000000000000000, 0.000000000000000000, -1.000000000000000000 ) ) ;
#1499 = APPLICATION_PROTOCOL_DEFINITION ( 'international standard', 'config_control_design', 1994, #5638 ) ;
#1500 = VERTEX_POINT ( 'NONE', #4983 ) ;
#1501 = VERTEX_POINT ( 'NONE', #5503 ) ;
#1502 = ORIENTED_EDGE ( 'NONE', *, *, #3770, .T. ) ;
#1503 = DIRECTION ( 'NONE',  ( 0.000000000000000000, 1.000000000000000000, 0.000000000000000000 ) ) ;
#1504 = EDGE_CURVE ( 'NONE', #3542, #5679, #173, .T. ) ;
#1505 = CARTESIAN_POINT ( 'NONE',  ( -0.09027464843040859666, 0.04249999999999999611, 0.06222372228311427028 ) ) ;
#1506 = LINE ( 'NONE', #858, #1106 ) ;
#1507 = CYLINDRICAL_SURFACE ( 'NONE', #2277, 0.06250000000000001388 ) ;
#1508 = CARTESIAN_POINT ( 'NONE',  ( -0.03125000000000004857, 0.06250000000000000000, -0.8882782204724408714 ) ) ;
#1509 = ORIENTED_EDGE ( 'NONE', *, *, #2614, .T. ) ;
#1510 = EDGE_CURVE ( 'NONE', #5000, #930, #2863, .T. ) ;
#1511 = DIRECTION ( 'NONE',  ( 0.000000000000000000, -1.000000000000000000, 0.000000000000000000 ) ) ;
#1512 = ORIENTED_EDGE ( 'NONE', *, *, #5353, .T. ) ;
#1513 = PLANE ( 'NONE',  #4059 ) ;
#1514 = ORIENTED_EDGE ( 'NONE', *, *, #2314, .T. ) ;
#1515 = ADVANCED_FACE ( 'NONE', ( #2891 ), #2451, .F. ) ;
#1516 = EDGE_CURVE ( 'NONE', #201, #102, #2753, .T. ) ;
#1517 = CARTESIAN_POINT ( 'NONE',  ( 0.02875000000000126413, 0.04249999999999999611, 0.1594930118636350702 ) ) ;
#1518 = CARTESIAN_POINT ( 'NONE',  ( 0.6848340276885890310, 0.000000000000000000, 0.3953891102362140919 ) ) ;
#1519 = DIRECTION ( 'NONE',  ( -0.000000000000000000, 1.000000000000000000, -0.000000000000000000 ) ) ;
#1520 = CARTESIAN_POINT ( 'NONE',  ( 0.2407914353190341306, 0.000000000000000000, 0.1390209999999977852 ) ) ;
#1521 = ORIENTED_EDGE ( 'NONE', *, *, #745, .F. ) ;
#1522 = DIRECTION ( 'NONE',  ( -0.000000000000000000, 1.000000000000000000, -0.000000000000000000 ) ) ;
#1523 = ORIENTED_EDGE ( 'NONE', *, *, #1058, .T. ) ;
#1524 = FACE_OUTER_BOUND ( 'NONE', #218, .T. ) ;
#1525 = DIRECTION ( 'NONE',  ( 0.000000000000000000, 0.000000000000000000, -1.000000000000000000 ) ) ;
#1526 = DIRECTION ( 'NONE',  ( 0.000000000000000000, 0.000000000000000000, -1.000000000000000000 ) ) ;
#1527 = CARTESIAN_POINT ( 'NONE',  ( 0.6683387935035338678, 0.04249999999999999611, 0.2371978880228054753 ) ) ;
#1528 = VERTEX_POINT ( 'NONE', #3353 ) ;
#1529 = LINE ( 'NONE', #2801, #185 ) ;
#1530 = ORIENTED_EDGE ( 'NONE', *, *, #4114, .T. ) ;
#1531 = DIRECTION ( 'NONE',  ( -1.520051807921766838E-15, 0.000000000000000000, 1.000000000000000000 ) ) ;
#1532 = DIRECTION ( 'NONE',  ( -0.000000000000000000, -1.000000000000000000, 0.000000000000000000 ) ) ;
#1533 = DIRECTION ( 'NONE',  ( 0.000000000000000000, 0.000000000000000000, 1.000000000000000000 ) ) ;
#1534 = ORIENTED_EDGE ( 'NONE', *, *, #3105, .F. ) ;
#1535 = VERTEX_POINT ( 'NONE', #5044 ) ;
#1536 = LINE ( 'NONE', #5486, #2539 ) ;
#1537 = ORIENTED_EDGE ( 'NONE', *, *, #1204, .T. ) ;
#1538 = CYLINDRICAL_SURFACE ( 'NONE', #4805, 0.03125000000000000694 ) ;
#1539 = EDGE_CURVE ( 'NONE', #3278, #584, #4673, .T. ) ;
#1540 = ORIENTED_EDGE ( 'NONE', *, *, #5169, .F. ) ;
#1541 = CIRCLE ( 'NONE', #442, 0.07499999999999998335 ) ;
#1542 = EDGE_CURVE ( 'NONE', #1386, #730, #1374, .T. ) ;
#1543 = CARTESIAN_POINT ( 'NONE',  ( -4.164040646905202202E-17, 0.000000000000000000, -0.3092919999999999559 ) ) ;
#1544 = CARTESIAN_POINT ( 'NONE',  ( -0.5841994177423085466, 0.06250000000000000000, 0.2579020290803715199 ) ) ;
#1545 = VECTOR ( 'NONE', #5610, 39.37007874015748143 ) ;
#1546 = DIRECTION ( 'NONE',  ( 0.000000000000000000, 0.000000000000000000, -1.000000000000000000 ) ) ;
#1547 = AXIS2_PLACEMENT_3D ( 'NONE', #5192, #4352, #861 ) ;
#1548 = CARTESIAN_POINT ( 'NONE',  ( -0.1531512361669359334, 0.06250000000000000000, 0.01581827771688688183 ) ) ;
#1549 = ORIENTED_EDGE ( 'NONE', *, *, #1833, .T. ) ;
#1550 = EDGE_CURVE ( 'NONE', #2958, #2988, #4598, .T. ) ;
#1551 = CYLINDRICAL_SURFACE ( 'NONE', #4221, 0.1000000000000000056 ) ;
#1552 = CARTESIAN_POINT ( 'NONE',  ( 0.2952755905511824097, 0.000000000000000000, -0.5179774416898490497 ) ) ;
#1553 = EDGE_CURVE ( 'NONE', #2522, #5145, #1153, .T. ) ;
#1554 = LINE ( 'NONE', #5110, #4165 ) ;
#1555 = APPROVAL_ROLE ( '' ) ;
#1556 = AXIS2_PLACEMENT_3D ( 'NONE', #3004, #2140, #5218 ) ;
#1557 = CARTESIAN_POINT ( 'NONE',  ( 0.3950223768158424020, 0.000000000000000000, 0.2280662755905474570 ) ) ;
#1558 = ORIENTED_EDGE ( 'NONE', *, *, #1465, .F. ) ;
#1559 = VERTEX_POINT ( 'NONE', #4181 ) ;
#1560 = AXIS2_PLACEMENT_3D ( 'NONE', #1347, #3085, #425 ) ;
#1561 = AXIS2_PLACEMENT_3D ( 'NONE', #781, #266, #5049 ) ;
#1562 = LINE ( 'NONE', #672, #5547 ) ;
#1563 = LINE ( 'NONE', #216, #4875 ) ;
#1564 = DIRECTION ( 'NONE',  ( 1.000000000000000000, 0.000000000000000000, -0.000000000000000000 ) ) ;
#1565 = EDGE_LOOP ( 'NONE', ( #615, #22, #3330, #1534 ) ) ;
#1566 = VERTEX_POINT ( 'NONE', #600 ) ;
#1567 = CARTESIAN_POINT ( 'NONE',  ( -0.1287499999999991707, 0.04249999999999999611, -0.1133049903284639032 ) ) ;
#1568 = VERTEX_POINT ( 'NONE', #2917 ) ;
#1569 = CYLINDRICAL_SURFACE ( 'NONE', #3430, 0.03124999999999998959 ) ;
#1570 = AXIS2_PLACEMENT_3D ( 'NONE', #4574, #230, #3780 ) ;
#1571 = VERTEX_POINT ( 'NONE', #235 ) ;
#1572 = LINE ( 'NONE', #710, #2287 ) ;
#1573 = AXIS2_PLACEMENT_3D ( 'NONE', #2378, #4568, #4196 ) ;
#1574 = CARTESIAN_POINT ( 'NONE',  ( 0.2407914353190341306, 0.000000000000000000, 0.1390209999999977297 ) ) ;
#1575 = AXIS2_PLACEMENT_3D ( 'NONE', #4383, #5196, #2168 ) ;
#1576 = CARTESIAN_POINT ( 'NONE',  ( -0.6848340276885838129, 0.000000000000000000, 0.3641391102362238064 ) ) ;
#1577 = AXIS2_PLACEMENT_3D ( 'NONE', #721, #4583, #5446 ) ;
#1578 = CARTESIAN_POINT ( 'NONE',  ( 0.1237500000000019279, 0.06250000000000000000, -0.6348973175201051422 ) ) ;
#1579 = EDGE_CURVE ( 'NONE', #5198, #3929, #2059, .T. ) ;
#1580 = AXIS2_PLACEMENT_3D ( 'NONE', #3906, #3071, #3095 ) ;
#1581 = EDGE_CURVE ( 'NONE', #5647, #3057, #3223, .T. ) ;
#1582 = CARTESIAN_POINT ( 'NONE',  ( -0.4950848536848221348, 0.000000000000000000, 0.2497529817222899351 ) ) ;
#1583 = ORIENTED_EDGE ( 'NONE', *, *, #779, .F. ) ;
#1584 = VECTOR ( 'NONE', #1445, 39.37007874015748143 ) ;
#1585 = CARTESIAN_POINT ( 'NONE',  ( -0.002499999999998966157, 0.000000000000000000, 0.1847520861406814763 ) ) ;
#1586 = LINE ( 'NONE', #2363, #3129 ) ;
#1587 = FACE_OUTER_BOUND ( 'NONE', #4248, .T. ) ;
#1588 = ORIENTED_EDGE ( 'NONE', *, *, #5489, .F. ) ;
#1589 = EDGE_CURVE ( 'NONE', #2442, #970, #5650, .T. ) ;
#1590 = ORIENTED_EDGE ( 'NONE', *, *, #73, .T. ) ;
#1591 = ORIENTED_EDGE ( 'NONE', *, *, #2849, .T. ) ;
#1592 = CARTESIAN_POINT ( 'NONE',  ( -0.06624999999999922617, 0.06250000000000000000, -0.5723973175201051422 ) ) ;
#1593 = CARTESIAN_POINT ( 'NONE',  ( 0.6416857520649560387, 0.000000000000000000, 0.02952255831014992046 ) ) ;
#1594 = DIRECTION ( 'NONE',  ( 0.000000000000000000, 0.000000000000000000, -1.000000000000000000 ) ) ;
#1595 = ORIENTED_EDGE ( 'NONE', *, *, #3629, .F. ) ;
#1596 = EDGE_LOOP ( 'NONE', ( #3298, #5516, #3700, #5678 ) ) ;
#1597 = CARTESIAN_POINT ( 'NONE',  ( 0.5498372057670060098, 0.06250000000000000000, 0.3174486587600527931 ) ) ;
#1598 = VECTOR ( 'NONE', #3602, 39.37007874015748143 ) ;
#1599 = ORIENTED_EDGE ( 'NONE', *, *, #481, .T. ) ;
#1600 = CARTESIAN_POINT ( 'NONE',  ( 0.7692715045575724275, 0.000000000000000000, 0.4753891102362131083 ) ) ;
#1601 = VERTEX_POINT ( 'NONE', #5250 ) ;
#1602 = DIRECTION ( 'NONE',  ( 0.8660254037844362651, 0.000000000000000000, -0.5000000000000038858 ) ) ;
#1603 = CARTESIAN_POINT ( 'NONE',  ( -0.1531512361669359334, 0.06250000000000000000, 0.07831827771688688877 ) ) ;
#1604 = DIRECTION ( 'NONE',  ( 0.000000000000000000, -1.000000000000000000, 0.000000000000000000 ) ) ;
#1605 = EDGE_LOOP ( 'NONE', ( #4587, #2377, #4251, #3017 ) ) ;
#1606 = CYLINDRICAL_SURFACE ( 'NONE', #4061, 0.03125000000000000694 ) ;
#1607 = FACE_OUTER_BOUND ( 'NONE', #4119, .T. ) ;
#1608 = DIRECTION ( 'NONE',  ( 1.092739197465705682E-15, 0.000000000000000000, -1.000000000000000000 ) ) ;
#1609 = ORIENTED_EDGE ( 'NONE', *, *, #4164, .F. ) ;
#1610 = CARTESIAN_POINT ( 'NONE',  ( 0.3918764952124575429, 0.000000000000000000, 0.5672048833797019851 ) ) ;
#1611 = DIRECTION ( 'NONE',  ( -0.000000000000000000, 1.000000000000000000, -0.000000000000000000 ) ) ;
#1612 = ADVANCED_FACE ( 'NONE', ( #1296 ), #1703, .F. ) ;
#1613 = DIRECTION ( 'NONE',  ( 0.000000000000000000, 1.000000000000000000, 0.000000000000000000 ) ) ;
#1614 = CARTESIAN_POINT ( 'NONE',  ( 0.7807097984258365431, 0.000000000000000000, 0.4868274041044768352 ) ) ;
#1615 = EDGE_LOOP ( 'NONE', ( #360, #989, #1078, #353 ) ) ;
#1616 = ORIENTED_EDGE ( 'NONE', *, *, #1589, .T. ) ;
#1617 = DIRECTION ( 'NONE',  ( -0.8660254037844379305, 0.000000000000000000, -0.5000000000000009992 ) ) ;
#1618 = EDGE_CURVE ( 'NONE', #5617, #4753, #3464, .T. ) ;
#1619 = CARTESIAN_POINT ( 'NONE',  ( -0.6695760054788358895, 0.06250000000000000000, 0.2350254413438440937 ) ) ;
#1620 = CARTESIAN_POINT ( 'NONE',  ( 0.03124999999999992367, 0.000000000000000000, 3.334775382890938319E-18 ) ) ;
#1621 = ORIENTED_EDGE ( 'NONE', *, *, #3320, .T. ) ;
#1622 = EDGE_CURVE ( 'NONE', #5087, #5419, #5335, .T. ) ;
#1623 = ORIENTED_EDGE ( 'NONE', *, *, #3857, .T. ) ;
#1624 = CARTESIAN_POINT ( 'NONE',  ( 0.03125000000000001388, 0.000000000000000000, -0.2780419999999999559 ) ) ;
#1625 = EDGE_LOOP ( 'NONE', ( #4602, #2246, #3727, #4528 ) ) ;
#1626 = DIRECTION ( 'NONE',  ( 0.000000000000000000, 0.000000000000000000, -1.000000000000000000 ) ) ;
#1627 = EDGE_CURVE ( 'NONE', #2493, #1885, #2851, .T. ) ;
#1628 = EDGE_LOOP ( 'NONE', ( #5377, #2165, #1166, #3473 ) ) ;
#1629 = DIRECTION ( 'NONE',  ( -0.000000000000000000, 1.000000000000000000, -0.000000000000000000 ) ) ;
#1630 = PLANE ( 'NONE',  #2469 ) ;
#1631 = FACE_OUTER_BOUND ( 'NONE', #2145, .T. ) ;
#1632 = ORIENTED_EDGE ( 'NONE', *, *, #3106, .T. ) ;
#1633 = CIRCLE ( 'NONE', #1361, 0.03125000000000000694 ) ;
#1634 = LINE ( 'NONE', #1123, #3331 ) ;
#1635 = DIRECTION ( 'NONE',  ( 0.000000000000000000, 0.000000000000000000, -1.000000000000000000 ) ) ;
#1636 = VECTOR ( 'NONE', #3899, 39.37007874015748143 ) ;
#1637 = CIRCLE ( 'NONE', #3029, 0.03124999999999997571 ) ;
#1638 = ORIENTED_EDGE ( 'NONE', *, *, #4194, .F. ) ;
#1639 = DIRECTION ( 'NONE',  ( 6.936332796413168713E-16, 0.000000000000000000, 1.000000000000000000 ) ) ;
#1640 = CARTESIAN_POINT ( 'NONE',  ( 0.000000000000000000, 0.000000000000000000, 0.000000000000000000 ) ) ;
#1641 = DIRECTION ( 'NONE',  ( 0.8660254037844359321, 0.000000000000000000, -0.5000000000000046629 ) ) ;
#1642 = AXIS2_PLACEMENT_3D ( 'NONE', #523, #5293, #1776 ) ;
#1643 = DIRECTION ( 'NONE',  ( 0.000000000000000000, 1.000000000000000000, -0.000000000000000000 ) ) ;
#1644 = VECTOR ( 'NONE', #799, 39.37007874015748143 ) ;
#1645 = EDGE_LOOP ( 'NONE', ( #3389, #761, #1418, #2350 ) ) ;
#1646 = ORIENTED_EDGE ( 'NONE', *, *, #5461, .F. ) ;
#1647 = ADVANCED_FACE ( 'NONE', ( #1184 ), #2112, .F. ) ;
#1648 = CARTESIAN_POINT ( 'NONE',  ( -0.3793973768158392379, 0.000000000000000000, 0.2551295694588167073 ) ) ;
#1649 = AXIS2_PLACEMENT_3D ( 'NONE', #5445, #5011, #205 ) ;
#1650 = LINE ( 'NONE', #2835, #4046 ) ;
#1651 = FACE_OUTER_BOUND ( 'NONE', #4179, .T. ) ;
#1652 = ORIENTED_EDGE ( 'NONE', *, *, #2730, .T. ) ;
#1653 = ORIENTED_EDGE ( 'NONE', *, *, #4616, .F. ) ;
#1654 = DIRECTION ( 'NONE',  ( -0.5000000000000003331, 0.000000000000000000, 0.8660254037844383745 ) ) ;
#1655 = ADVANCED_FACE ( 'NONE', ( #4381 ), #752, .T. ) ;
#1656 = AXIS2_PLACEMENT_3D ( 'NONE', #1708, #3445, #2227 ) ;
#1657 = ADVANCED_FACE ( 'NONE', ( #3841 ), #1266, .F. ) ;
#1658 = LINE ( 'NONE', #2932, #2684 ) ;
#1659 = AXIS2_PLACEMENT_3D ( 'NONE', #5018, #211, #2309 ) ;
#1660 = VECTOR ( 'NONE', #5102, 39.37007874015748143 ) ;
#1661 = ORIENTED_EDGE ( 'NONE', *, *, #3324, .F. ) ;
#1662 = EDGE_CURVE ( 'NONE', #1885, #3935, #3082, .T. ) ;
#1663 = EDGE_CURVE ( 'NONE', #4417, #891, #2596, .T. ) ;
#1664 = DIRECTION ( 'NONE',  ( -0.000000000000000000, 1.000000000000000000, -0.000000000000000000 ) ) ;
#1665 = DIRECTION ( 'NONE',  ( -1.000000000000000000, 0.000000000000000000, 5.551115123125779744E-16 ) ) ;
#1666 = CYLINDRICAL_SURFACE ( 'NONE', #4421, 0.1000000000000000056 ) ;
#1667 = ORIENTED_EDGE ( 'NONE', *, *, #4570, .T. ) ;
#1668 = DIRECTION ( 'NONE',  ( -0.000000000000000000, 1.000000000000000000, -0.000000000000000000 ) ) ;
#1669 = VECTOR ( 'NONE', #3136, 39.37007874015748143 ) ;
#1670 = VECTOR ( 'NONE', #1790, 39.37007874015748143 ) ;
#1671 = CYLINDRICAL_SURFACE ( 'NONE', #2474, 0.06250000000000000000 ) ;
#1672 = EDGE_LOOP ( 'NONE', ( #85, #682, #226, #4083 ) ) ;
#1673 = DIRECTION ( 'NONE',  ( 0.000000000000000000, 0.000000000000000000, -1.000000000000000000 ) ) ;
#1674 = PLANE ( 'NONE',  #2071 ) ;
#1675 = AXIS2_PLACEMENT_3D ( 'NONE', #3769, #4169, #158 ) ;
#1676 = CARTESIAN_POINT ( 'NONE',  ( 0.1844012361669362110, 0.04249999999999999611, 0.02419168998035959445 ) ) ;
#1677 = ADVANCED_FACE ( 'NONE', ( #408 ), #2167, .F. ) ;
#1678 = ORIENTED_EDGE ( 'NONE', *, *, #624, .T. ) ;
#1679 = VECTOR ( 'NONE', #4241, 39.37007874015748143 ) ;
#1680 = ORIENTED_EDGE ( 'NONE', *, *, #5292, .F. ) ;
#1681 = CARTESIAN_POINT ( 'NONE',  ( 0.06125000000000198341, 0.04249999999999999611, -0.6348973175201051422 ) ) ;
#1682 = DIRECTION ( 'NONE',  ( 0.000000000000000000, -1.000000000000000000, 0.000000000000000000 ) ) ;
#1683 = CARTESIAN_POINT ( 'NONE',  ( -0.1912499999999992262, 0.04249999999999999611, -0.6973973175201051422 ) ) ;
#1684 = ORIENTED_EDGE ( 'NONE', *, *, #3702, .F. ) ;
#1685 =( GEOMETRIC_REPRESENTATION_CONTEXT ( 3 ) GLOBAL_UNCERTAINTY_ASSIGNED_CONTEXT ( ( #941 ) ) GLOBAL_UNIT_ASSIGNED_CONTEXT ( ( #1335, #5260, #1770 ) ) REPRESENTATION_CONTEXT ( 'NONE', 'WORKASPACE' ) );
#1686 = ORIENTED_EDGE ( 'NONE', *, *, #3561, .T. ) ;
#1687 = DIRECTION ( 'NONE',  ( 0.8660254037844373753, 0.000000000000000000, 0.5000000000000022204 ) ) ;
#1688 = CC_DESIGN_PERSON_AND_ORGANIZATION_ASSIGNMENT ( #3266, #4955, ( #5350 ) ) ;
#1689 = LINE ( 'NONE', #4339, #449 ) ;
#1690 = EDGE_CURVE ( 'NONE', #2688, #5262, #4705, .T. ) ;
#1691 = ORIENTED_EDGE ( 'NONE', *, *, #4371, .T. ) ;
#1692 = AXIS2_PLACEMENT_3D ( 'NONE', #1640, #5166, #3062 ) ;
#1693 = DIRECTION ( 'NONE',  ( 1.092739197465705090E-15, 0.000000000000000000, -1.000000000000000000 ) ) ;
#1694 = CARTESIAN_POINT ( 'NONE',  ( -0.7536465045575660993, 0.06250000000000000000, 0.4712024041044877709 ) ) ;
#1695 = DIRECTION ( 'NONE',  ( 0.000000000000000000, 0.000000000000000000, -1.000000000000000000 ) ) ;
#1696 = ADVANCED_FACE ( 'NONE', ( #3870 ), #2084, .F. ) ;
#1697 = ORIENTED_EDGE ( 'NONE', *, *, #4685, .F. ) ;
#1698 = ADVANCED_FACE ( 'NONE', ( #2980 ), #1674, .F. ) ;
#1699 = DIRECTION ( 'NONE',  ( 0.8660254037844360431, 0.000000000000000000, -0.5000000000000045519 ) ) ;
#1700 = FACE_OUTER_BOUND ( 'NONE', #1628, .T. ) ;
#1701 = ORIENTED_EDGE ( 'NONE', *, *, #4088, .T. ) ;
#1702 = CARTESIAN_POINT ( 'NONE',  ( 0.1237500000000019279, 0.04249999999999999611, -0.6348973175201051422 ) ) ;
#1703 = PLANE ( 'NONE',  #735 ) ;
#1704 = CARTESIAN_POINT ( 'NONE',  ( -0.1563539584500497348, 0.000000000000000000, 0.05902100000000073954 ) ) ;
#1705 = ORIENTED_EDGE ( 'NONE', *, *, #1439, .F. ) ;
#1706 = EDGE_LOOP ( 'NONE', ( #3388, #934, #5450, #2161 ) ) ;
#1707 = LINE ( 'NONE', #1274, #3524 ) ;
#1708 = CARTESIAN_POINT ( 'NONE',  ( 0.2527441576021460801, 0.04249999999999999611, 0.1358182777168872313 ) ) ;
#1709 = PLANE ( 'NONE',  #160 ) ;
#1710 = ORIENTED_EDGE ( 'NONE', *, *, #491, .F. ) ;
#1711 = ORIENTED_EDGE ( 'NONE', *, *, #4570, .F. ) ;
#1712 = DIRECTION ( 'NONE',  ( -0.000000000000000000, 1.000000000000000000, -0.000000000000000000 ) ) ;
#1713 = VECTOR ( 'NONE', #3048, 39.37007874015748143 ) ;
#1714 = CARTESIAN_POINT ( 'NONE',  ( -1.775353833074013450E-17, 0.000000000000000000, -0.5536325511811024391 ) ) ;
#1715 = ORIENTED_EDGE ( 'NONE', *, *, #3525, .T. ) ;
#1716 = EDGE_CURVE ( 'NONE', #3965, #302, #772, .T. ) ;
#1717 = DIRECTION ( 'NONE',  ( 6.829619984160657060E-16, 0.000000000000000000, -1.000000000000000000 ) ) ;
#1718 = DIRECTION ( 'NONE',  ( 0.000000000000000000, 1.000000000000000000, -0.000000000000000000 ) ) ;
#1719 = CARTESIAN_POINT ( 'NONE',  ( 0.000000000000000000, 0.000000000000000000, 0.000000000000000000 ) ) ;
#1720 = ORIENTED_EDGE ( 'NONE', *, *, #4763, .F. ) ;
#1721 = DIRECTION ( 'NONE',  ( 0.8660254037844360431, 0.000000000000000000, -0.5000000000000045519 ) ) ;
#1722 = EDGE_CURVE ( 'NONE', #1145, #3067, #379, .T. ) ;
#1723 = DIRECTION ( 'NONE',  ( -0.000000000000000000, -1.000000000000000000, -0.000000000000000000 ) ) ;
#1724 = ORIENTED_EDGE ( 'NONE', *, *, #5557, .T. ) ;
#1725 = ADVANCED_FACE ( 'NONE', ( #2726 ), #2677, .F. ) ;
#1726 = FACE_OUTER_BOUND ( 'NONE', #4518, .T. ) ;
#1727 = CARTESIAN_POINT ( 'NONE',  ( -0.1444012361669358702, 0.04249999999999999611, 0.09347372228311451314 ) ) ;
#1728 = VECTOR ( 'NONE', #5024, 39.37007874015748143 ) ;
#1729 = FACE_OUTER_BOUND ( 'NONE', #4633, .T. ) ;
#1730 = VERTEX_POINT ( 'NONE', #490 ) ;
#1731 = VECTOR ( 'NONE', #81, 39.37007874015748143 ) ;
#1732 = CIRCLE ( 'NONE', #5688, 0.06250000000000000000 ) ;
#1733 = EDGE_CURVE ( 'NONE', #5247, #1073, #1381, .T. ) ;
#1734 = ORIENTED_EDGE ( 'NONE', *, *, #3357, .F. ) ;
#1735 = DIRECTION ( 'NONE',  ( 0.000000000000000000, 0.000000000000000000, -1.000000000000000000 ) ) ;
#1736 = FACE_OUTER_BOUND ( 'NONE', #2133, .T. ) ;
#1737 = AXIS2_PLACEMENT_3D ( 'NONE', #1714, #2464, #5551 ) ;
#1738 = VECTOR ( 'NONE', #2266, 39.37007874015748143 ) ;
#1739 = CARTESIAN_POINT ( 'NONE',  ( 0.4638348536848259096, 0.06250000000000000000, 0.3038795694588105611 ) ) ;
#1740 = VERTEX_POINT ( 'NONE', #4455 ) ;
#1741 = ORIENTED_EDGE ( 'NONE', *, *, #1943, .T. ) ;
#1742 = DIRECTION ( 'NONE',  ( 0.000000000000000000, -1.000000000000000000, 0.000000000000000000 ) ) ;
#1743 = AXIS2_PLACEMENT_3D ( 'NONE', #161, #2413, #3345 ) ;
#1744 = CARTESIAN_POINT ( 'NONE',  ( 0.1531512361669359612, 0.06250000000000000000, 0.01581827771688686449 ) ) ;
#1745 = CARTESIAN_POINT ( 'NONE',  ( -0.6848340276885838129, 0.000000000000000000, 0.3953891102362238064 ) ) ;
#1746 = EDGE_LOOP ( 'NONE', ( #4980, #5387, #2880, #4968 ) ) ;
#1747 = AXIS2_PLACEMENT_3D ( 'NONE', #883, #5322, #2239 ) ;
#1748 = VECTOR ( 'NONE', #4874, 39.37007874015748143 ) ;
#1749 = CIRCLE ( 'NONE', #1659, 0.03125000000000000694 ) ;
#1750 = LINE ( 'NONE', #3512, #5536 ) ;
#1751 = AXIS2_PLACEMENT_3D ( 'NONE', #5611, #1604, #5127 ) ;
#1752 = LINE ( 'NONE', #5641, #1545 ) ;
#1753 = LINE ( 'NONE', #3546, #4695 ) ;
#1754 = ORIENTED_EDGE ( 'NONE', *, *, #39, .T. ) ;
#1755 = CARTESIAN_POINT ( 'NONE',  ( 0.008750000000000059813, 0.04249999999999999611, -0.1092920000000000280 ) ) ;
#1756 = DIRECTION ( 'NONE',  ( 0.000000000000000000, 0.000000000000000000, 1.000000000000000000 ) ) ;
#1757 = ORIENTED_EDGE ( 'NONE', *, *, #984, .T. ) ;
#1758 = CARTESIAN_POINT ( 'NONE',  ( 0.6416857520649560387, 0.000000000000000000, 0.02952255831014992046 ) ) ;
#1759 = CARTESIAN_POINT ( 'NONE',  ( 0.01562500000000009021, 0.000000000000000000, 0.02706329386826353961 ) ) ;
#1760 = EDGE_CURVE ( 'NONE', #4913, #4069, #943, .T. ) ;
#1761 = FACE_BOUND ( 'NONE', #5579, .T. ) ;
#1762 = EDGE_CURVE ( 'NONE', #1528, #1111, #5649, .T. ) ;
#1763 = EDGE_LOOP ( 'NONE', ( #2750, #3147, #2915, #5485 ) ) ;
#1764 = AXIS2_PLACEMENT_3D ( 'NONE', #5439, #4978, #2791 ) ;
#1765 = VERTEX_POINT ( 'NONE', #2268 ) ;
#1766 = LINE ( 'NONE', #4331, #5093 ) ;
#1767 = VECTOR ( 'NONE', #422, 39.37007874015748143 ) ;
#1768 = FACE_OUTER_BOUND ( 'NONE', #275, .T. ) ;
#1769 = EDGE_CURVE ( 'NONE', #2523, #4363, #3543, .T. ) ;
#1770 =( NAMED_UNIT ( * ) SI_UNIT ( $, .STERADIAN. ) SOLID_ANGLE_UNIT ( ) );
#1771 = VERTEX_POINT ( 'NONE', #464 ) ;
#1772 = ORIENTED_EDGE ( 'NONE', *, *, #733, .F. ) ;
#1773 = ADVANCED_FACE ( 'NONE', ( #537 ), #1872, .T. ) ;
#1774 = VECTOR ( 'NONE', #2708, 39.37007874015748143 ) ;
#1775 = DIRECTION ( 'NONE',  ( -0.000000000000000000, 1.000000000000000000, 0.000000000000000000 ) ) ;
#1776 = DIRECTION ( 'NONE',  ( 0.000000000000000000, -0.000000000000000000, -1.000000000000000000 ) ) ;
#1777 = AXIS2_PLACEMENT_3D ( 'NONE', #4625, #2898, #727 ) ;
#1778 = CARTESIAN_POINT ( 'NONE',  ( 0.1563539584500509561, 0.000000000000000000, 0.09027099999999854685 ) ) ;
#1779 = VERTEX_POINT ( 'NONE', #3631 ) ;
#1780 = CC_DESIGN_APPROVAL ( #3064, ( #3619 ) ) ;
#1781 = DIRECTION ( 'NONE',  ( 1.000000000000000000, 0.000000000000000000, 0.000000000000000000 ) ) ;
#1782 = CARTESIAN_POINT ( 'NONE',  ( 0.2839941576021463021, 0.06250000000000000000, 0.08169168998035997165 ) ) ;
#1783 = DIRECTION ( 'NONE',  ( -0.8660254037844382635, 0.000000000000000000, -0.5000000000000007772 ) ) ;
#1784 = ORIENTED_EDGE ( 'NONE', *, *, #1475, .T. ) ;
#1785 = CARTESIAN_POINT ( 'NONE',  ( 0.2668707453386729989, 0.06250000000000000000, 0.2363503100196424900 ) ) ;
#1786 = DIRECTION ( 'NONE',  ( 0.000000000000000000, -1.000000000000000000, 0.000000000000000000 ) ) ;
#1787 = CARTESIAN_POINT ( 'NONE',  ( 0.07125000000000002165, 0.06250000000000000000, -0.1717920000000000280 ) ) ;
#1788 = AXIS2_PLACEMENT_3D ( 'NONE', #2299, #34, #2702 ) ;
#1789 = DIRECTION ( 'NONE',  ( 0.000000000000000000, 1.000000000000000000, 0.000000000000000000 ) ) ;
#1790 = DIRECTION ( 'NONE',  ( 0.8660254037844364872, 0.000000000000000000, -0.5000000000000037748 ) ) ;
#1791 = EDGE_LOOP ( 'NONE', ( #787, #5389, #1969, #1893 ) ) ;
#1792 = EDGE_CURVE ( 'NONE', #636, #1566, #918, .T. ) ;
#1793 = EDGE_LOOP ( 'NONE', ( #4826, #3851, #757, #3037, #427, #329, #1846 ) ) ;
#1794 = DIRECTION ( 'NONE',  ( -0.8660254037844434816, 0.000000000000000000, -0.4999999999999916178 ) ) ;
#1795 = LINE ( 'NONE', #925, #756 ) ;
#1796 = CARTESIAN_POINT ( 'NONE',  ( -0.2251664353190321322, 0.04249999999999999611, 0.1660842938682648151 ) ) ;
#1797 = ORIENTED_EDGE ( 'NONE', *, *, #5524, .T. ) ;
#1798 = VERTEX_POINT ( 'NONE', #5384 ) ;
#1799 = CARTESIAN_POINT ( 'NONE',  ( -0.1599999999999992262, 0.04249999999999999611, -0.05917840259193649782 ) ) ;
#1800 = EDGE_CURVE ( 'NONE', #3404, #2493, #2428, .T. ) ;
#1801 = DIRECTION ( 'NONE',  ( 0.000000000000000000, 0.000000000000000000, -1.000000000000000000 ) ) ;
#1802 = LINE ( 'NONE', #2313, #563 ) ;
#1803 = EDGE_CURVE ( 'NONE', #4038, #3133, #2334, .T. ) ;
#1804 = DIRECTION ( 'NONE',  ( -0.000000000000000000, 1.000000000000000000, -0.000000000000000000 ) ) ;
#1805 = AXIS2_PLACEMENT_3D ( 'NONE', #4351, #403, #2163 ) ;
#1806 = CIRCLE ( 'NONE', #241, 0.06250000000000001388 ) ;
#1807 = ORIENTED_EDGE ( 'NONE', *, *, #366, .F. ) ;
#1808 = CARTESIAN_POINT ( 'NONE',  ( -4.164040646905202202E-17, 0.000000000000000000, -0.2780419999999999559 ) ) ;
#1809 = FACE_OUTER_BOUND ( 'NONE', #726, .T. ) ;
#1810 = ORIENTED_EDGE ( 'NONE', *, *, #2506, .T. ) ;
#1811 = CARTESIAN_POINT ( 'NONE',  ( -0.2127441576021456837, 0.06250000000000000000, 0.2051003100196422402 ) ) ;
#1812 = CARTESIAN_POINT ( 'NONE',  ( -0.7963347984258298817, 0.06250000000000000000, 0.4597641102362242105 ) ) ;
#1813 = DIRECTION ( 'NONE',  ( 0.000000000000000000, 0.000000000000000000, -1.000000000000000000 ) ) ;
#1814 = DIRECTION ( 'NONE',  ( 0.000000000000000000, 0.000000000000000000, 1.000000000000000000 ) ) ;
#1815 = VERTEX_POINT ( 'NONE', #2219 ) ;
#1816 = ORIENTED_EDGE ( 'NONE', *, *, #3779, .T. ) ;
#1817 = CARTESIAN_POINT ( 'NONE',  ( -0.2839941576021463021, 0.06250000000000000000, 0.08169168998036001328 ) ) ;
#1818 = CARTESIAN_POINT ( 'NONE',  ( 0.07250000000000100808, 0.06250000000000000000, 0.3828127778959505845 ) ) ;
#1819 = CARTESIAN_POINT ( 'NONE',  ( 0.5600856180304790710, 0.04249999999999999611, 0.1746978880228056974 ) ) ;
#1820 = ORIENTED_EDGE ( 'NONE', *, *, #4258, .F. ) ;
#1821 = EDGE_LOOP ( 'NONE', ( #1008, #1757, #4951, #2545, #4915, #2766, #4575, #3014, #5643 ) ) ;
#1822 = CIRCLE ( 'NONE', #525, 0.06250000000000000000 ) ;
#1823 = LINE ( 'NONE', #929, #4328 ) ;
#1824 = CARTESIAN_POINT ( 'NONE',  ( -0.7848965045575663213, 0.000000000000000000, 0.4170758163679604835 ) ) ;
#1825 = CIRCLE ( 'NONE', #3397, 0.03124999999999997571 ) ;
#1826 = AXIS2_PLACEMENT_3D ( 'NONE', #1603, #1490, #684 ) ;
#1827 = DIRECTION ( 'NONE',  ( 0.000000000000000000, 0.000000000000000000, -1.000000000000000000 ) ) ;
#1828 = PLANE ( 'NONE',  #74 ) ;
#1829 = LINE ( 'NONE', #1946, #4965 ) ;
#1830 = ORIENTED_EDGE ( 'NONE', *, *, #4547, .T. ) ;
#1831 = ADVANCED_FACE ( 'NONE', ( #967 ), #5305, .F. ) ;
#1832 = AXIS2_PLACEMENT_3D ( 'NONE', #598, #715, #291 ) ;
#1833 = EDGE_CURVE ( 'NONE', #1798, #2265, #82, .T. ) ;
#1834 = CARTESIAN_POINT ( 'NONE',  ( -0.1531512361669359334, 0.04249999999999999611, 0.07831827771688688877 ) ) ;
#1835 = CIRCLE ( 'NONE', #1000, 0.2952755905511810774 ) ;
#1836 = VERTEX_POINT ( 'NONE', #58 ) ;
#1837 = EDGE_CURVE ( 'NONE', #3120, #5220, #1328, .T. ) ;
#1838 = EDGE_CURVE ( 'NONE', #765, #558, #3171, .T. ) ;
#1839 = VECTOR ( 'NONE', #3108, 39.37007874015748143 ) ;
#1840 = DIRECTION ( 'NONE',  ( 0.4999999999999920064, 0.000000000000000000, -0.8660254037844432595 ) ) ;
#1841 = CIRCLE ( 'NONE', #3050, 0.06250000000000001388 ) ;
#1842 = DIRECTION ( 'NONE',  ( 0.000000000000000000, -1.000000000000000000, 0.000000000000000000 ) ) ;
#1843 = DIRECTION ( 'NONE',  ( 1.000000000000000000, 0.000000000000000000, 0.000000000000000000 ) ) ;
#1844 = FACE_BOUND ( 'NONE', #3944, .T. ) ;
#1845 = VERTEX_POINT ( 'NONE', #4842 ) ;
#1846 = ORIENTED_EDGE ( 'NONE', *, *, #1272, .F. ) ;
#1847 = DIRECTION ( 'NONE',  ( 0.000000000000000000, -1.000000000000000000, 0.000000000000000000 ) ) ;
#1848 = CIRCLE ( 'NONE', #2587, 0.06250000000000001388 ) ;
#1849 = DIRECTION ( 'NONE',  ( 0.000000000000000000, 0.000000000000000000, -1.000000000000000000 ) ) ;
#1850 = ADVANCED_FACE ( 'NONE', ( #2759 ), #5331, .F. ) ;
#1851 = DIRECTION ( 'NONE',  ( -0.000000000000000000, -1.000000000000000000, -0.000000000000000000 ) ) ;
#1852 = ORIENTED_EDGE ( 'NONE', *, *, #5583, .T. ) ;
#1853 = ORIENTED_EDGE ( 'NONE', *, *, #5673, .T. ) ;
#1854 = CARTESIAN_POINT ( 'NONE',  ( -0.4149377623009164462, 0.000000000000000000, 0.5805193121410756607 ) ) ;
#1855 = CIRCLE ( 'NONE', #4717, 0.05249999999999999806 ) ;
#1856 = FACE_OUTER_BOUND ( 'NONE', #3237, .T. ) ;
#1857 = CARTESIAN_POINT ( 'NONE',  ( 0.6995887935035338678, 0.04249999999999999611, 0.1830713002862781047 ) ) ;
#1858 = FACE_BOUND ( 'NONE', #1022, .T. ) ;
#1859 = DIRECTION ( 'NONE',  ( 0.000000000000000000, 1.000000000000000000, 0.000000000000000000 ) ) ;
#1860 = CIRCLE ( 'NONE', #5634, 0.06249999999999997918 ) ;
#1861 = ORIENTED_EDGE ( 'NONE', *, *, #328, .F. ) ;
#1862 = VECTOR ( 'NONE', #2158, 39.37007874015748143 ) ;
#1863 = AXIS2_PLACEMENT_3D ( 'NONE', #5046, #5012, #1498 ) ;
#1864 = ORIENTED_EDGE ( 'NONE', *, *, #1760, .T. ) ;
#1865 = CARTESIAN_POINT ( 'NONE',  ( 0.2952755905511824097, 0.06250000000000000000, -0.9448818897637796255 ) ) ;
#1866 = EDGE_CURVE ( 'NONE', #514, #4198, #3260, .T. ) ;
#1867 = VERTEX_POINT ( 'NONE', #3688 ) ;
#1868 = APPROVAL_PERSON_ORGANIZATION ( #2425, #1189, #1555 ) ;
#1869 = DIRECTION ( 'NONE',  ( -0.8660254037844385966, 0.000000000000000000, -0.5000000000000003331 ) ) ;
#1870 = EDGE_CURVE ( 'NONE', #693, #4509, #4640, .T. ) ;
#1871 = DIRECTION ( 'NONE',  ( 0.000000000000000000, 0.000000000000000000, -1.000000000000000000 ) ) ;
#1872 = PLANE ( 'NONE',  #2615 ) ;
#1873 = EDGE_CURVE ( 'NONE', #1571, #4473, #864, .T. ) ;
#1874 = DIRECTION ( 'NONE',  ( -0.000000000000000000, -1.000000000000000000, -0.000000000000000000 ) ) ;
#1875 = ORIENTED_EDGE ( 'NONE', *, *, #3283, .F. ) ;
#1876 = AXIS2_PLACEMENT_3D ( 'NONE', #2946, #2191, #833 ) ;
#1877 = EDGE_LOOP ( 'NONE', ( #4974, #2041, #2802, #2031 ) ) ;
#1878 = DIRECTION ( 'NONE',  ( 0.000000000000000000, 0.000000000000000000, -1.000000000000000000 ) ) ;
#1879 = CARTESIAN_POINT ( 'NONE',  ( -0.4891994177423077961, 0.04249999999999999611, 0.4224468557994159879 ) ) ;
#1880 = PERSON_AND_ORGANIZATION ( #4642, #1318 ) ;
#1881 = ORIENTED_EDGE ( 'NONE', *, *, #1722, .T. ) ;
#1882 = ORIENTED_EDGE ( 'NONE', *, *, #5630, .T. ) ;
#1883 = ORIENTED_EDGE ( 'NONE', *, *, #4264, .T. ) ;
#1884 = CARTESIAN_POINT ( 'NONE',  ( 0.6871520857636385093, 0.06250000000000000000, 0.05577255831015089094 ) ) ;
#1885 = VERTEX_POINT ( 'NONE', #1576 ) ;
#1886 = LINE ( 'NONE', #579, #395 ) ;
#1887 = CARTESIAN_POINT ( 'NONE',  ( -0.2952755905511798007, 0.000000000000000000, -0.6496062992125984925 ) ) ;
#1888 = CARTESIAN_POINT ( 'NONE',  ( -0.3950223768158394044, 0.000000000000000000, 0.1968162755905530914 ) ) ;
#1889 = ORIENTED_EDGE ( 'NONE', *, *, #5513, .F. ) ;
#1890 = LINE ( 'NONE', #1481, #140 ) ;
#1891 = ORIENTED_EDGE ( 'NONE', *, *, #1838, .F. ) ;
#1892 = CYLINDRICAL_SURFACE ( 'NONE', #2592, 0.03125000000000000694 ) ;
#1893 = ORIENTED_EDGE ( 'NONE', *, *, #5115, .F. ) ;
#1894 = ADVANCED_FACE ( 'NONE', ( #3746 ), #3316, .T. ) ;
#1895 = VECTOR ( 'NONE', #789, 39.37007874015748143 ) ;
#1896 = EDGE_CURVE ( 'NONE', #730, #1535, #4639, .T. ) ;
#1897 = CARTESIAN_POINT ( 'NONE',  ( 0.4794598536848256320, 0.000000000000000000, 0.2768162755905467232 ) ) ;
#1898 = CARTESIAN_POINT ( 'NONE',  ( -0.2074038105676647148, 0.000000000000000000, 0.4606995292418972210 ) ) ;
#1899 = DIRECTION ( 'NONE',  ( 0.000000000000000000, 1.000000000000000000, -0.000000000000000000 ) ) ;
#1900 = DIRECTION ( 'NONE',  ( 0.000000000000000000, -0.000000000000000000, -1.000000000000000000 ) ) ;
#1901 = EDGE_CURVE ( 'NONE', #4753, #3067, #128, .T. ) ;
#1902 = VERTEX_POINT ( 'NONE', #4668 ) ;
#1903 = ADVANCED_FACE ( 'NONE', ( #2819 ), #1030, .T. ) ;
#1904 = ORIENTED_EDGE ( 'NONE', *, *, #4138, .F. ) ;
#1905 = FACE_OUTER_BOUND ( 'NONE', #2982, .T. ) ;
#1906 = FACE_OUTER_BOUND ( 'NONE', #2306, .T. ) ;
#1907 = ORIENTED_EDGE ( 'NONE', *, *, #733, .T. ) ;
#1908 = ORIENTED_EDGE ( 'NONE', *, *, #3788, .T. ) ;
#1909 = EDGE_CURVE ( 'NONE', #2155, #2613, #2896, .T. ) ;
#1910 = ORIENTED_EDGE ( 'NONE', *, *, #5294, .T. ) ;
#1911 = EDGE_CURVE ( 'NONE', #3290, #3965, #580, .T. ) ;
#1912 = DIRECTION ( 'NONE',  ( 0.000000000000000000, -1.000000000000000000, 0.000000000000000000 ) ) ;
#1913 = DIRECTION ( 'NONE',  ( -0.000000000000000000, 1.000000000000000000, 0.000000000000000000 ) ) ;
#1914 = VECTOR ( 'NONE', #551, 39.37007874015748854 ) ;
#1915 = LINE ( 'NONE', #1139, #258 ) ;
#1916 = CARTESIAN_POINT ( 'NONE',  ( -0.002499999999998906309, 0.000000000000000000, 0.2597520861406814041 ) ) ;
#1917 = ORIENTED_EDGE ( 'NONE', *, *, #2279, .T. ) ;
#1918 = CARTESIAN_POINT ( 'NONE',  ( -0.1912499999999991429, 0.04249999999999999611, -0.1133049903284640142 ) ) ;
#1919 = VECTOR ( 'NONE', #4817, 39.37007874015748143 ) ;
#1920 = ORIENTED_EDGE ( 'NONE', *, *, #3857, .F. ) ;
#1921 = FACE_OUTER_BOUND ( 'NONE', #3449, .T. ) ;
#1922 = AXIS2_PLACEMENT_3D ( 'NONE', #46, #3102, #2637 ) ;
#1923 = ORIENTED_EDGE ( 'NONE', *, *, #876, .F. ) ;
#1924 = VECTOR ( 'NONE', #2137, 39.37007874015748143 ) ;
#1925 = DIRECTION ( 'NONE',  ( -0.8660254037844434816, 0.000000000000000000, -0.4999999999999916178 ) ) ;
#1926 = CARTESIAN_POINT ( 'NONE',  ( 0.5288356180304789600, 0.04249999999999999611, 0.2288244757593330680 ) ) ;
#1927 = LINE ( 'NONE', #2016, #2211 ) ;
#1928 = DIRECTION ( 'NONE',  ( 0.000000000000000000, 0.000000000000000000, -1.000000000000000000 ) ) ;
#1929 = AXIS2_PLACEMENT_3D ( 'NONE', #3932, #14, #356 ) ;
#1930 = ORIENTED_EDGE ( 'NONE', *, *, #3743, .T. ) ;
#1931 = CARTESIAN_POINT ( 'NONE',  ( -0.5204494177423081291, 0.04249999999999999611, 0.3683202680628883674 ) ) ;
#1932 = AXIS2_PLACEMENT_3D ( 'NONE', #4489, #4461, #1878 ) ;
#1933 = ORIENTED_EDGE ( 'NONE', *, *, #5037, .T. ) ;
#1934 = DIRECTION ( 'NONE',  ( 0.000000000000000000, -1.000000000000000000, 0.000000000000000000 ) ) ;
#1935 = EDGE_CURVE ( 'NONE', #923, #2418, #712, .T. ) ;
#1936 = CIRCLE ( 'NONE', #2756, 0.05249999999999999806 ) ;
#1937 = DIRECTION ( 'NONE',  ( 0.8660254037844385966, 0.000000000000000000, 0.5000000000000001110 ) ) ;
#1938 = ORIENTED_EDGE ( 'NONE', *, *, #48, .T. ) ;
#1939 = ORIENTED_EDGE ( 'NONE', *, *, #4338, .F. ) ;
#1940 = EDGE_LOOP ( 'NONE', ( #2254, #4154, #5058, #5032 ) ) ;
#1941 = VERTEX_POINT ( 'NONE', #2884 ) ;
#1942 = LINE ( 'NONE', #5089, #3528 ) ;
#1943 = EDGE_CURVE ( 'NONE', #479, #122, #4701, .T. ) ;
#1944 = CARTESIAN_POINT ( 'NONE',  ( 0.1862500000000019140, 0.04249999999999999611, -0.6348973175201050312 ) ) ;
#1945 = FACE_OUTER_BOUND ( 'NONE', #4104, .T. ) ;
#1946 = CARTESIAN_POINT ( 'NONE',  ( 0.5192122057670057744, 0.04249999999999999611, 0.3704927147418499156 ) ) ;
#1947 = EDGE_CURVE ( 'NONE', #846, #1496, #2670, .T. ) ;
#1948 = ORIENTED_EDGE ( 'NONE', *, *, #1053, .T. ) ;
#1949 = DIRECTION ( 'NONE',  ( -0.000000000000000000, -1.000000000000000000, -0.000000000000000000 ) ) ;
#1950 = VECTOR ( 'NONE', #3006, 39.37007874015748143 ) ;
#1951 = EDGE_LOOP ( 'NONE', ( #4476, #1686, #2526, #60 ) ) ;
#1952 = CARTESIAN_POINT ( 'NONE',  ( -0.1563539584500497348, 0.000000000000000000, 0.09027100000000073954 ) ) ;
#1953 = AXIS2_PLACEMENT_3D ( 'NONE', #5297, #2811, #4999 ) ;
#1954 = VERTEX_POINT ( 'NONE', #1460 ) ;
#1955 = AXIS2_PLACEMENT_3D ( 'NONE', #4926, #4463, #1388 ) ;
#1956 = CARTESIAN_POINT ( 'NONE',  ( -0.2224999999999991984, 0.04249999999999999611, -0.09526279441628816846 ) ) ;
#1957 = DIRECTION ( 'NONE',  ( -0.8660254037844437036, 0.000000000000000000, -0.4999999999999913403 ) ) ;
#1958 = LINE ( 'NONE', #621, #3876 ) ;
#1959 = VECTOR ( 'NONE', #3613, 39.37007874015748143 ) ;
#1960 = CARTESIAN_POINT ( 'NONE',  ( 0.2487500000000011924, 0.06250000000000000000, -0.1493893821528159416 ) ) ;
#1961 = ORIENTED_EDGE ( 'NONE', *, *, #2088, .F. ) ;
#1962 = DIRECTION ( 'NONE',  ( 0.000000000000000000, 1.000000000000000000, 0.000000000000000000 ) ) ;
#1963 = ORIENTED_EDGE ( 'NONE', *, *, #3106, .F. ) ;
#1964 = DIRECTION ( 'NONE',  ( 0.000000000000000000, 0.000000000000000000, 1.000000000000000000 ) ) ;
#1965 = DIRECTION ( 'NONE',  ( 0.000000000000000000, -1.000000000000000000, 0.000000000000000000 ) ) ;
#1966 = CARTESIAN_POINT ( 'NONE',  ( -0.2407914353190322709, 0.000000000000000000, 0.1390210000000011159 ) ) ;
#1967 = ORIENTED_EDGE ( 'NONE', *, *, #2125, .F. ) ;
#1968 = EDGE_LOOP ( 'NONE', ( #4424, #5448, #1194, #808 ) ) ;
#1969 = ORIENTED_EDGE ( 'NONE', *, *, #5665, .F. ) ;
#1970 = LINE ( 'NONE', #4124, #643 ) ;
#1971 = EDGE_CURVE ( 'NONE', #1270, #5587, #1958, .T. ) ;
#1972 = ORIENTED_EDGE ( 'NONE', *, *, #3820, .F. ) ;
#1973 = PLANE ( 'NONE',  #1031 ) ;
#1974 = CARTESIAN_POINT ( 'NONE',  ( -0.008750000000000094508, 0.04249999999999999611, -0.3492919999999999359 ) ) ;
#1975 = DIRECTION ( 'NONE',  ( 0.000000000000000000, -1.000000000000000000, 0.000000000000000000 ) ) ;
#1976 = ORIENTED_EDGE ( 'NONE', *, *, #2709, .F. ) ;
#1977 = LINE ( 'NONE', #4566, #2446 ) ;
#1978 = EDGE_CURVE ( 'NONE', #1496, #2185, #5467, .T. ) ;
#1979 = EDGE_CURVE ( 'NONE', #3046, #605, #1089, .T. ) ;
#1980 = ORIENTED_EDGE ( 'NONE', *, *, #984, .F. ) ;
#1981 = CARTESIAN_POINT ( 'NONE',  ( 0.3009438278150915469, 0.000000000000000000, 0.5147048833797018830 ) ) ;
#1982 = ORIENTED_EDGE ( 'NONE', *, *, #948, .F. ) ;
#1983 = EDGE_CURVE ( 'NONE', #2095, #3648, #4087, .T. ) ;
#1984 = CARTESIAN_POINT ( 'NONE',  ( -0.1906569860407206496, 0.000000000000000000, 0.4606995292418972210 ) ) ;
#1985 = CARTESIAN_POINT ( 'NONE',  ( -0.5498244177423089463, 0.04249999999999999611, 0.3174412755905510752 ) ) ;
#1986 = DIRECTION ( 'NONE',  ( 0.000000000000000000, -1.000000000000000000, 0.000000000000000000 ) ) ;
#1987 = VECTOR ( 'NONE', #443, 39.37007874015748143 ) ;
#1988 = CARTESIAN_POINT ( 'NONE',  ( 0.07244534365313147484, 0.06250000000000000000, 0.2568893139328059516 ) ) ;
#1989 = EDGE_LOOP ( 'NONE', ( #1322, #2006, #5274, #4623 ) ) ;
#1990 = LINE ( 'NONE', #5040, #2197 ) ;
#1991 = VERTEX_POINT ( 'NONE', #1544 ) ;
#1992 = CARTESIAN_POINT ( 'NONE',  ( 0.4950848536848252990, 0.06250000000000000000, 0.2497529817222827742 ) ) ;
#1993 = LINE ( 'NONE', #1497, #2293 ) ;
#1994 = LINE ( 'NONE', #2864, #4350 ) ;
#1995 = APPROVAL_DATE_TIME ( #3753, #2807 ) ;
#1996 = CARTESIAN_POINT ( 'NONE',  ( -0.4149377623009164462, 0.06250000000000000000, 0.5805193121410755497 ) ) ;
#1997 = ORIENTED_EDGE ( 'NONE', *, *, #3627, .F. ) ;
#1998 = VERTEX_POINT ( 'NONE', #2415 ) ;
#1999 = DIRECTION ( 'NONE',  ( -0.000000000000000000, 1.000000000000000000, -0.000000000000000000 ) ) ;
#2000 = CARTESIAN_POINT ( 'NONE',  ( -0.6577707338203201415, 0.000000000000000000, 0.3797641102362236953 ) ) ;
#2001 = LINE ( 'NONE', #4162, #5320 ) ;
#2002 = ORIENTED_EDGE ( 'NONE', *, *, #1012, .F. ) ;
#2003 = ORIENTED_EDGE ( 'NONE', *, *, #2461, .T. ) ;
#2004 = CARTESIAN_POINT ( 'NONE',  ( -0.6848340276885838129, 0.000000000000000000, 0.3953891102362238064 ) ) ;
#2005 = ADVANCED_FACE ( 'NONE', ( #257 ), #4174, .F. ) ;
#2006 = ORIENTED_EDGE ( 'NONE', *, *, #3770, .F. ) ;
#2007 = DIRECTION ( 'NONE',  ( 0.000000000000000000, -1.000000000000000000, 0.000000000000000000 ) ) ;
#2008 = CIRCLE ( 'NONE', #981, 0.06250000000000001388 ) ;
#2009 = EDGE_CURVE ( 'NONE', #5520, #4238, #1927, .T. ) ;
#2010 = ORIENTED_EDGE ( 'NONE', *, *, #4973, .T. ) ;
#2011 = EDGE_CURVE ( 'NONE', #1480, #5342, #401, .T. ) ;
#2012 = VECTOR ( 'NONE', #832, 39.37007874015748143 ) ;
#2013 = VECTOR ( 'NONE', #592, 39.37007874015748143 ) ;
#2014 = DIRECTION ( 'NONE',  ( -1.000000000000000000, 0.000000000000000000, 3.734948428837861518E-16 ) ) ;
#2015 = AXIS2_PLACEMENT_3D ( 'NONE', #2233, #956, #1801 ) ;
#2016 = CARTESIAN_POINT ( 'NONE',  ( -0.7963347984258297707, 0.000000000000000000, 0.4597641102362242660 ) ) ;
#2017 = AXIS2_PLACEMENT_3D ( 'NONE', #2327, #1869, #5382 ) ;
#2018 = EDGE_CURVE ( 'NONE', #3093, #3278, #4140, .T. ) ;
#2019 = EDGE_CURVE ( 'NONE', #494, #2091, #3021, .T. ) ;
#2020 = DIRECTION ( 'NONE',  ( 0.000000000000000000, 1.000000000000000000, 0.000000000000000000 ) ) ;
#2021 = CIRCLE ( 'NONE', #1743, 0.2952755905511810774 ) ;
#2022 = FACE_OUTER_BOUND ( 'NONE', #4037, .T. ) ;
#2023 = ORIENTED_EDGE ( 'NONE', *, *, #1901, .F. ) ;
#2024 = DIRECTION ( 'NONE',  ( -1.000000000000000000, 0.000000000000000000, -2.134256245050205948E-16 ) ) ;
#2025 = DIRECTION ( 'NONE',  ( -1.067128122525102974E-16, 0.000000000000000000, 1.000000000000000000 ) ) ;
#2026 = AXIS2_PLACEMENT_3D ( 'NONE', #1323, #2559, #3516 ) ;
#2027 = CARTESIAN_POINT ( 'NONE',  ( -0.06562499999999973910, 0.04249999999999999611, -0.1136658342467071203 ) ) ;
#2028 = AXIS2_PLACEMENT_3D ( 'NONE', #305, #5141, #2956 ) ;
#2029 = AXIS2_PLACEMENT_3D ( 'NONE', #5534, #5108, #5562 ) ;
#2030 = DIRECTION ( 'NONE',  ( -1.000000000000000000, 0.000000000000000000, 6.936332796413168713E-16 ) ) ;
#2031 = ORIENTED_EDGE ( 'NONE', *, *, #166, .F. ) ;
#2032 = AXIS2_PLACEMENT_3D ( 'NONE', #71, #4020, #2838 ) ;
#2033 = ORIENTED_EDGE ( 'NONE', *, *, #1510, .F. ) ;
#2034 = VECTOR ( 'NONE', #2658, 39.37007874015748143 ) ;
#2035 = DIRECTION ( 'NONE',  ( 0.8660254037844385966, 0.000000000000000000, -0.5000000000000001110 ) ) ;
#2036 = LINE ( 'NONE', #2093, #5522 ) ;
#2037 = DIRECTION ( 'NONE',  ( 0.000000000000000000, -1.000000000000000000, 0.000000000000000000 ) ) ;
#2038 = ORIENTED_EDGE ( 'NONE', *, *, #4085, .T. ) ;
#2039 = ORIENTED_EDGE ( 'NONE', *, *, #4890, .F. ) ;
#2040 = CARTESIAN_POINT ( 'NONE',  ( 0.1237500000000019279, 0.06250000000000000000, -0.6973973175201051422 ) ) ;
#2041 = ORIENTED_EDGE ( 'NONE', *, *, #601, .F. ) ;
#2042 = CARTESIAN_POINT ( 'NONE',  ( 0.1237500000000018030, 0.06250000000000000000, -0.1133049903284639448 ) ) ;
#2043 = VECTOR ( 'NONE', #3405, 39.37007874015748143 ) ;
#2044 = VERTEX_POINT ( 'NONE', #5158 ) ;
#2045 = EDGE_CURVE ( 'NONE', #765, #3798, #3967, .T. ) ;
#2046 = FACE_OUTER_BOUND ( 'NONE', #912, .T. ) ;
#2047 = VECTOR ( 'NONE', #4425, 39.37007874015748143 ) ;
#2048 = PLANE ( 'NONE',  #5050 ) ;
#2049 = DIRECTION ( 'NONE',  ( -0.8660254037844434816, 0.000000000000000000, -0.4999999999999915068 ) ) ;
#2050 = AXIS2_PLACEMENT_3D ( 'NONE', #3618, #1043, #5373 ) ;
#2051 = CARTESIAN_POINT ( 'NONE',  ( -0.2839941576021463576, 0.04249999999999999611, 0.08169168998036004103 ) ) ;
#2052 = VECTOR ( 'NONE', #1231, 39.37007874015748143 ) ;
#2053 = ADVANCED_FACE ( 'NONE', ( #2160 ), #2589, .F. ) ;
#2054 = CARTESIAN_POINT ( 'NONE',  ( -0.03125000000000004163, 0.000000000000000000, -0.2780419999999999559 ) ) ;
#2055 = VERTEX_POINT ( 'NONE', #2996 ) ;
#2056 = AXIS2_PLACEMENT_3D ( 'NONE', #2489, #4245, #243 ) ;
#2057 = FACE_OUTER_BOUND ( 'NONE', #1236, .T. ) ;
#2058 = ADVANCED_FACE ( 'NONE', ( #3919 ), #4778, .F. ) ;
#2059 = LINE ( 'NONE', #3817, #278 ) ;
#2060 = DIRECTION ( 'NONE',  ( -0.000000000000000000, 1.000000000000000000, -0.000000000000000000 ) ) ;
#2061 = ORIENTED_EDGE ( 'NONE', *, *, #4228, .F. ) ;
#2062 = ORIENTED_EDGE ( 'NONE', *, *, #5359, .T. ) ;
#2063 = CC_DESIGN_SECURITY_CLASSIFICATION ( #1034, ( #3619 ) ) ;
#2064 = ORIENTED_EDGE ( 'NONE', *, *, #4920, .F. ) ;
#2065 = CARTESIAN_POINT ( 'NONE',  ( 0.1292906645817870903, 0.04249999999999999611, 0.07464599999999879665 ) ) ;
#2066 = CARTESIAN_POINT ( 'NONE',  ( 0.5829622057670064139, 0.04249999999999999611, 0.2600744757593330680 ) ) ;
#2067 = DIRECTION ( 'NONE',  ( 0.000000000000000000, 0.000000000000000000, -1.000000000000000000 ) ) ;
#2068 = ORIENTED_EDGE ( 'NONE', *, *, #1240, .T. ) ;
#2069 = VERTEX_POINT ( 'NONE', #4752 ) ;
#2070 = CYLINDRICAL_SURFACE ( 'NONE', #790, 0.03125000000000000000 ) ;
#2071 = AXIS2_PLACEMENT_3D ( 'NONE', #4735, #2538, #2564 ) ;
#2072 = ORIENTED_EDGE ( 'NONE', *, *, #1896, .T. ) ;
#2073 = DIRECTION ( 'NONE',  ( 0.000000000000000000, -1.000000000000000000, 0.000000000000000000 ) ) ;
#2074 = ORIENTED_EDGE ( 'NONE', *, *, #2506, .F. ) ;
#2075 = PLANE ( 'NONE',  #392 ) ;
#2076 = CARTESIAN_POINT ( 'NONE',  ( -0.07125000000000009104, 0.04249999999999999611, -0.3492919999999999359 ) ) ;
#2077 = DIRECTION ( 'NONE',  ( 0.8660254037844383745, 0.000000000000000000, 0.5000000000000003331 ) ) ;
#2078 = ORIENTED_EDGE ( 'NONE', *, *, #2616, .F. ) ;
#2079 = CYLINDRICAL_SURFACE ( 'NONE', #3793, 0.06250000000000000000 ) ;
#2080 = ADVANCED_FACE ( 'NONE', ( #4727 ), #2103, .F. ) ;
#2081 = DIRECTION ( 'NONE',  ( 0.000000000000000000, 0.000000000000000000, -1.000000000000000000 ) ) ;
#2082 = EDGE_LOOP ( 'NONE', ( #4316, #2831, #3396, #3023 ) ) ;
#2083 = CARTESIAN_POINT ( 'NONE',  ( -0.2952755905511798007, 0.000000000000000000, -0.5704774416898490408 ) ) ;
#2084 = CYLINDRICAL_SURFACE ( 'NONE', #3167, 0.03124999999999997571 ) ;
#2085 = AXIS2_PLACEMENT_3D ( 'NONE', #4132, #5459, #4632 ) ;
#2086 = FACE_OUTER_BOUND ( 'NONE', #1645, .T. ) ;
#2087 = VECTOR ( 'NONE', #4281, 39.37007874015748143 ) ;
#2088 = EDGE_CURVE ( 'NONE', #2069, #3259, #3457, .T. ) ;
#2089 = DIRECTION ( 'NONE',  ( 0.000000000000000000, -1.000000000000000000, 0.000000000000000000 ) ) ;
#2090 = EDGE_CURVE ( 'NONE', #2784, #2808, #3402, .T. ) ;
#2091 = VERTEX_POINT ( 'NONE', #5667 ) ;
#2092 = FACE_OUTER_BOUND ( 'NONE', #5418, .T. ) ;
#2093 = CARTESIAN_POINT ( 'NONE',  ( 1.297627796990524979E-15, 0.06250000000000000000, -0.9448818897637796255 ) ) ;
#2094 = CARTESIAN_POINT ( 'NONE',  ( 0.1237500000000019279, 0.04249999999999999611, -0.6348973175201051422 ) ) ;
#2095 = VERTEX_POINT ( 'NONE', #1258 ) ;
#2096 = ORIENTED_EDGE ( 'NONE', *, *, #50, .F. ) ;
#2097 = EDGE_CURVE ( 'NONE', #4998, #4773, #1936, .T. ) ;
#2098 = DIRECTION ( 'NONE',  ( -0.000000000000000000, 1.000000000000000000, -0.000000000000000000 ) ) ;
#2099 = CARTESIAN_POINT ( 'NONE',  ( -0.1287499999999991707, 0.06250000000000000000, -0.1133049903284639032 ) ) ;
#2100 = ORIENTED_EDGE ( 'NONE', *, *, #2330, .F. ) ;
#2101 = CARTESIAN_POINT ( 'NONE',  ( 0.3952755905511824430, 0.000000000000000000, -0.2282124686088114196 ) ) ;
#2102 = CARTESIAN_POINT ( 'NONE',  ( -0.5841994177423085466, 0.04249999999999999611, 0.2579020290803715199 ) ) ;
#2103 = PLANE ( 'NONE',  #189 ) ;
#2104 = EDGE_CURVE ( 'NONE', #239, #1501, #3508, .T. ) ;
#2105 = ORIENTED_EDGE ( 'NONE', *, *, #468, .F. ) ;
#2106 = CARTESIAN_POINT ( 'NONE',  ( -0.01562500000000008674, 0.000000000000000000, -0.02706329386826357430 ) ) ;
#2107 = CARTESIAN_POINT ( 'NONE',  ( -0.9659295153868718842, 0.000000000000000000, 0.2167247823471144530 ) ) ;
#2108 = AXIS2_PLACEMENT_3D ( 'NONE', #2083, #1420, #1098 ) ;
#2109 = AXIS2_PLACEMENT_3D ( 'NONE', #3084, #3350, #5559 ) ;
#2110 = ORIENTED_EDGE ( 'NONE', *, *, #1542, .T. ) ;
#2111 = PLANE ( 'NONE',  #3204 ) ;
#2112 = CYLINDRICAL_SURFACE ( 'NONE', #1692, 0.05249999999999999806 ) ;
#2113 = CARTESIAN_POINT ( 'NONE',  ( 0.03124999999999998265, 0.06250000000000000000, -0.5536325511811024391 ) ) ;
#2114 = CIRCLE ( 'NONE', #2742, 0.06250000000000000000 ) ;
#2115 = ORIENTED_EDGE ( 'NONE', *, *, #4295, .F. ) ;
#2116 = EDGE_CURVE ( 'NONE', #1500, #5658, #5238, .T. ) ;
#2117 = ORIENTED_EDGE ( 'NONE', *, *, #5381, .T. ) ;
#2118 = CARTESIAN_POINT ( 'NONE',  ( 0.3464101615137744616, 0.06250000000000000000, 0.5409548833797019896 ) ) ;
#2119 = VECTOR ( 'NONE', #5195, 39.37007874015748143 ) ;
#2120 = CARTESIAN_POINT ( 'NONE',  ( 0.5829622057670064139, 0.06250000000000000000, 0.2600744757593330680 ) ) ;
#2121 = CARTESIAN_POINT ( 'NONE',  ( -0.1444012361669358702, 0.06250000000000000000, 0.09347372228311451314 ) ) ;
#2122 = ORIENTED_EDGE ( 'NONE', *, *, #805, .F. ) ;
#2123 = DIRECTION ( 'NONE',  ( -0.000000000000000000, -1.000000000000000000, -0.000000000000000000 ) ) ;
#2124 = VECTOR ( 'NONE', #785, 39.37007874015748143 ) ;
#2125 = EDGE_CURVE ( 'NONE', #4388, #3461, #465, .T. ) ;
#2126 = CARTESIAN_POINT ( 'NONE',  ( 0.2952755905511824097, 0.06250000000000000000, -0.6229774416898490319 ) ) ;
#2127 = VECTOR ( 'NONE', #1503, 39.37007874015748143 ) ;
#2128 = EDGE_CURVE ( 'NONE', #5312, #5647, #3835, .T. ) ;
#2129 = ORIENTED_EDGE ( 'NONE', *, *, #426, .F. ) ;
#2130 = CARTESIAN_POINT ( 'NONE',  ( -0.6466994177423085466, 0.06250000000000000000, 0.1496488536073167230 ) ) ;
#2131 = CARTESIAN_POINT ( 'NONE',  ( 0.07250000000000104972, 0.000000000000000000, 0.3828127778959506400 ) ) ;
#2132 = DIRECTION ( 'NONE',  ( 7.469896857675723035E-16, 0.000000000000000000, 1.000000000000000000 ) ) ;
#2133 = EDGE_LOOP ( 'NONE', ( #1920, #5096, #2746, #4436 ) ) ;
#2134 = CARTESIAN_POINT ( 'NONE',  ( -0.5204494177423081291, 0.06250000000000000000, 0.3683202680628883674 ) ) ;
#2135 = AXIS2_PLACEMENT_3D ( 'NONE', #4634, #2007, #4135 ) ;
#2136 = AXIS2_PLACEMENT_3D ( 'NONE', #3982, #4843, #1353 ) ;
#2137 = DIRECTION ( 'NONE',  ( -0.000000000000000000, -0.000000000000000000, 1.000000000000000000 ) ) ;
#2138 = VERTEX_POINT ( 'NONE', #288 ) ;
#2139 = LINE ( 'NONE', #347, #716 ) ;
#2140 = DIRECTION ( 'NONE',  ( 0.000000000000000000, 1.000000000000000000, 0.000000000000000000 ) ) ;
#2141 = CIRCLE ( 'NONE', #4809, 0.03125000000000000694 ) ;
#2142 = CARTESIAN_POINT ( 'NONE',  ( 0.2952755905511824097, 0.06250000000000000000, -0.6496062992125984925 ) ) ;
#2143 = ORIENTED_EDGE ( 'NONE', *, *, #3144, .F. ) ;
#2144 = AXIS2_PLACEMENT_3D ( 'NONE', #4041, #2258, #3182 ) ;
#2145 = EDGE_LOOP ( 'NONE', ( #3719, #1010, #5311, #2149 ) ) ;
#2146 = CARTESIAN_POINT ( 'NONE',  ( -0.4638348536848219128, 0.06250000000000000000, 0.3038795694588172225 ) ) ;
#2147 = LINE ( 'NONE', #2631, #4230 ) ;
#2148 = LINE ( 'NONE', #4303, #2370 ) ;
#2149 = ORIENTED_EDGE ( 'NONE', *, *, #5668, .F. ) ;
#2150 = AXIS2_PLACEMENT_3D ( 'NONE', #498, #1851, #4442 ) ;
#2151 = ORIENTED_EDGE ( 'NONE', *, *, #3077, .F. ) ;
#2152 = ADVANCED_FACE ( 'NONE', ( #5555 ), #4287, .T. ) ;
#2153 = LINE ( 'NONE', #3912, #5479 ) ;
#2154 = DIRECTION ( 'NONE',  ( -0.000000000000000000, 1.000000000000000000, 0.000000000000000000 ) ) ;
#2155 = VERTEX_POINT ( 'NONE', #5582 ) ;
#2156 = ADVANCED_FACE ( 'NONE', ( #1631 ), #1666, .F. ) ;
#2157 = VECTOR ( 'NONE', #3572, 39.37007874015748143 ) ;
#2158 = DIRECTION ( 'NONE',  ( -0.000000000000000000, 1.000000000000000000, 0.000000000000000000 ) ) ;
#2159 = DIRECTION ( 'NONE',  ( 0.000000000000000000, 0.000000000000000000, -1.000000000000000000 ) ) ;
#2160 = FACE_OUTER_BOUND ( 'NONE', #2856, .T. ) ;
#2161 = ORIENTED_EDGE ( 'NONE', *, *, #745, .T. ) ;
#2162 = EDGE_CURVE ( 'NONE', #4526, #1771, #608, .T. ) ;
#2163 = DIRECTION ( 'NONE',  ( -0.8660254037844398178, 0.000000000000000000, 0.4999999999999977240 ) ) ;
#2164 = CYLINDRICAL_SURFACE ( 'NONE', #3403, 0.2952755905511810774 ) ;
#2165 = ORIENTED_EDGE ( 'NONE', *, *, #4437, .F. ) ;
#2166 = DIRECTION ( 'NONE',  ( -0.000000000000000000, -1.000000000000000000, 0.000000000000000000 ) ) ;
#2167 = PLANE ( 'NONE',  #4910 ) ;
#2168 = DIRECTION ( 'NONE',  ( 0.000000000000000000, 0.000000000000000000, -1.000000000000000000 ) ) ;
#2169 = ORIENTED_EDGE ( 'NONE', *, *, #554, .F. ) ;
#2170 = ORIENTED_EDGE ( 'NONE', *, *, #5575, .F. ) ;
#2171 = CARTESIAN_POINT ( 'NONE',  ( -0.002499999999998966157, 0.000000000000000000, 0.2597520861406814596 ) ) ;
#2172 = DIRECTION ( 'NONE',  ( 0.000000000000000000, -1.000000000000000000, 0.000000000000000000 ) ) ;
#2173 = CARTESIAN_POINT ( 'NONE',  ( -0.7536465045575660993, 0.06250000000000000000, 0.4712024041044877709 ) ) ;
#2174 = ORIENTED_EDGE ( 'NONE', *, *, #397, .F. ) ;
#2175 = ORIENTED_EDGE ( 'NONE', *, *, #1203, .F. ) ;
#2176 = CARTESIAN_POINT ( 'NONE',  ( 0.1862500000000018030, 0.04249999999999999611, -0.1133049903284639309 ) ) ;
#2177 = VECTOR ( 'NONE', #1019, 39.37007874015748143 ) ;
#2178 = DIRECTION ( 'NONE',  ( 0.000000000000000000, 0.000000000000000000, 1.000000000000000000 ) ) ;
#2179 = EDGE_CURVE ( 'NONE', #2784, #5617, #1753, .T. ) ;
#2180 = ORIENTED_EDGE ( 'NONE', *, *, #4053, .T. ) ;
#2181 = CARTESIAN_POINT ( 'NONE',  ( -0.5120760054788352500, 0.04249999999999999611, 0.5078234435359434418 ) ) ;
#2182 = ADVANCED_FACE ( 'NONE', ( #1321 ), #2773, .F. ) ;
#2183 = CARTESIAN_POINT ( 'NONE',  ( -0.008749999999999992159, 0.06250000000000000000, -0.1092920000000000280 ) ) ;
#2184 = CARTESIAN_POINT ( 'NONE',  ( 0.7692715045575724275, 0.06250000000000000000, 0.4753891102362131083 ) ) ;
#2185 = VERTEX_POINT ( 'NONE', #3568 ) ;
#2186 = CYLINDRICAL_SURFACE ( 'NONE', #2292, 0.06250000000000000000 ) ;
#2187 = DIRECTION ( 'NONE',  ( -0.000000000000000000, 1.000000000000000000, 0.000000000000000000 ) ) ;
#2188 = EDGE_LOOP ( 'NONE', ( #5009, #3894, #1151, #4031 ) ) ;
#2189 = EDGE_CURVE ( 'NONE', #4971, #3553, #152, .T. ) ;
#2190 = CARTESIAN_POINT ( 'NONE',  ( 0.6848340276885891420, 0.06250000000000000000, 0.3953891102362140364 ) ) ;
#2191 = DIRECTION ( 'NONE',  ( -1.000000000000000000, 0.000000000000000000, 7.469896857675723035E-16 ) ) ;
#2192 = CIRCLE ( 'NONE', #3756, 0.06249999999999995143 ) ;
#2193 = EDGE_CURVE ( 'NONE', #1998, #4555, #4964, .T. ) ;
#2194 = CARTESIAN_POINT ( 'NONE',  ( 0.1563539584500509561, 0.000000000000000000, 0.09027099999999854685 ) ) ;
#2195 = VERTEX_POINT ( 'NONE', #5300 ) ;
#2196 = AXIS2_PLACEMENT_3D ( 'NONE', #966, #57, #5383 ) ;
#2197 = VECTOR ( 'NONE', #1095, 39.37007874015748143 ) ;
#2198 = ORIENTED_EDGE ( 'NONE', *, *, #1470, .F. ) ;
#2199 = DIRECTION ( 'NONE',  ( -1.000000000000000000, 0.000000000000000000, 6.661338147750939243E-16 ) ) ;
#2200 = DIRECTION ( 'NONE',  ( 0.000000000000000000, 0.000000000000000000, 1.000000000000000000 ) ) ;
#2201 = VECTOR ( 'NONE', #5328, 39.37007874015748143 ) ;
#2202 = EDGE_LOOP ( 'NONE', ( #4636, #4365, #2959, #606 ) ) ;
#2203 = ORIENTED_EDGE ( 'NONE', *, *, #1690, .F. ) ;
#2204 = LINE ( 'NONE', #1311, #964 ) ;
#2205 = CARTESIAN_POINT ( 'NONE',  ( 0.6848340276885891420, 0.000000000000000000, 0.3953891102362140364 ) ) ;
#2206 = DIRECTION ( 'NONE',  ( 0.000000000000000000, -0.000000000000000000, -1.000000000000000000 ) ) ;
#2207 = ORIENTED_EDGE ( 'NONE', *, *, #143, .T. ) ;
#2208 = VECTOR ( 'NONE', #2574, 39.37007874015748143 ) ;
#2209 = CIRCLE ( 'NONE', #2952, 0.03124999999999997571 ) ;
#2210 = CARTESIAN_POINT ( 'NONE',  ( -0.2952755905511798007, 0.06250000000000000000, -0.2282124686088116972 ) ) ;
#2211 = VECTOR ( 'NONE', #1899, 39.37007874015748143 ) ;
#2212 = LINE ( 'NONE', #3972, #3307 ) ;
#2213 = FACE_OUTER_BOUND ( 'NONE', #4579, .T. ) ;
#2214 = ORIENTED_EDGE ( 'NONE', *, *, #2189, .T. ) ;
#2215 = CARTESIAN_POINT ( 'NONE',  ( 0.6848340276885891420, 0.000000000000000000, 0.3953891102362140364 ) ) ;
#2216 = EDGE_CURVE ( 'NONE', #506, #970, #2579, .T. ) ;
#2217 = CARTESIAN_POINT ( 'NONE',  ( -0.07125000000000006328, 0.06250000000000000000, -0.2867919999999998804 ) ) ;
#2218 = DIRECTION ( 'NONE',  ( 0.5000000000000001110, 0.000000000000000000, 0.8660254037844385966 ) ) ;
#2219 = CARTESIAN_POINT ( 'NONE',  ( 0.7963347984258362100, 0.06250000000000000000, 0.4597641102362131083 ) ) ;
#2220 = FACE_OUTER_BOUND ( 'NONE', #1940, .T. ) ;
#2221 = EDGE_CURVE ( 'NONE', #3506, #5550, #5424, .T. ) ;
#2222 = ORIENTED_EDGE ( 'NONE', *, *, #3736, .F. ) ;
#2223 = AXIS2_PLACEMENT_3D ( 'NONE', #4325, #1268, #434 ) ;
#2224 = EDGE_CURVE ( 'NONE', #2829, #5476, #3273, .T. ) ;
#2225 = EDGE_LOOP ( 'NONE', ( #4765, #2633, #1104, #2307 ) ) ;
#2226 = CARTESIAN_POINT ( 'NONE',  ( 0.3068707453386733675, 0.04249999999999999611, 0.1670682777168874256 ) ) ;
#2227 = DIRECTION ( 'NONE',  ( 0.000000000000000000, 0.000000000000000000, 1.000000000000000000 ) ) ;
#2228 = DIRECTION ( 'NONE',  ( 0.000000000000000000, 1.000000000000000000, 0.000000000000000000 ) ) ;
#2229 = VERTEX_POINT ( 'NONE', #3213 ) ;
#2230 = ORIENTED_EDGE ( 'NONE', *, *, #2610, .T. ) ;
#2231 = CIRCLE ( 'NONE', #3434, 0.03124999999999997571 ) ;
#2232 = PLANE ( 'NONE',  #2755 ) ;
#2233 = CARTESIAN_POINT ( 'NONE',  ( -5.235597351138785502E-17, 0.000000000000000000, -0.8882782204724408714 ) ) ;
#2234 = AXIS2_PLACEMENT_3D ( 'NONE', #3732, #4127, #2402 ) ;
#2235 = LOCAL_TIME ( 19, 46, 42.00000000000000000, #5505 ) ;
#2236 = CARTESIAN_POINT ( 'NONE',  ( 0.07125000000000002165, 0.04249999999999999611, -0.1717920000000000280 ) ) ;
#2237 = ORIENTED_EDGE ( 'NONE', *, *, #1866, .T. ) ;
#2238 = DIRECTION ( 'NONE',  ( 0.000000000000000000, 1.000000000000000000, 0.000000000000000000 ) ) ;
#2239 = DIRECTION ( 'NONE',  ( 0.8660254037844385966, 0.000000000000000000, -0.5000000000000001110 ) ) ;
#2240 = ORIENTED_EDGE ( 'NONE', *, *, #1428, .F. ) ;
#2241 = PLANE ( 'NONE',  #2017 ) ;
#2242 = DIRECTION ( 'NONE',  ( -0.000000000000000000, 1.000000000000000000, -0.000000000000000000 ) ) ;
#2243 = CARTESIAN_POINT ( 'NONE',  ( 0.3464101615137744616, 0.000000000000000000, 0.5409548833797019896 ) ) ;
#2244 = EDGE_CURVE ( 'NONE', #416, #2777, #5273, .T. ) ;
#2245 = DIRECTION ( 'NONE',  ( 0.000000000000000000, -1.000000000000000000, 0.000000000000000000 ) ) ;
#2246 = ORIENTED_EDGE ( 'NONE', *, *, #4616, .T. ) ;
#2247 = ORIENTED_EDGE ( 'NONE', *, *, #3181, .T. ) ;
#2248 = LINE ( 'NONE', #3579, #1463 ) ;
#2249 = EDGE_CURVE ( 'NONE', #172, #3819, #4837, .T. ) ;
#2250 = DIRECTION ( 'NONE',  ( 0.000000000000000000, 0.000000000000000000, -1.000000000000000000 ) ) ;
#2251 = CARTESIAN_POINT ( 'NONE',  ( 0.1237500000000019695, 0.04249999999999999611, -0.5723973175201051422 ) ) ;
#2252 = VERTEX_POINT ( 'NONE', #184 ) ;
#2253 = EDGE_CURVE ( 'NONE', #1740, #1190, #1015, .T. ) ;
#2254 = ORIENTED_EDGE ( 'NONE', *, *, #2497, .F. ) ;
#2255 = CARTESIAN_POINT ( 'NONE',  ( -0.07124999999999999389, 0.04249999999999999611, -0.1717919999999998615 ) ) ;
#2256 = ORIENTED_EDGE ( 'NONE', *, *, #296, .T. ) ;
#2257 = CARTESIAN_POINT ( 'NONE',  ( -5.235597351138785502E-17, 0.06250000000000000000, -0.9195282204724408714 ) ) ;
#2258 = DIRECTION ( 'NONE',  ( 0.000000000000000000, 1.000000000000000000, 0.000000000000000000 ) ) ;
#2259 = ADVANCED_FACE ( 'NONE', ( #1477 ), #4399, .T. ) ;
#2260 = CARTESIAN_POINT ( 'NONE',  ( 0.6706539248356907512, 0.06250000000000000000, 0.7281571074166679480 ) ) ;
#2261 = ADVANCED_FACE ( 'NONE', ( #2213 ), #3242, .T. ) ;
#2262 = AXIS2_PLACEMENT_3D ( 'NONE', #5659, #5345, #954 ) ;
#2263 = ORIENTED_EDGE ( 'NONE', *, *, #1235, .T. ) ;
#2264 = CARTESIAN_POINT ( 'NONE',  ( 1.238765009752039999E-17, 0.000000000000000000, -0.2780419999999999559 ) ) ;
#2265 = VERTEX_POINT ( 'NONE', #3998 ) ;
#2266 = DIRECTION ( 'NONE',  ( 0.000000000000000000, 1.000000000000000000, 0.000000000000000000 ) ) ;
#2267 = CARTESIAN_POINT ( 'NONE',  ( -0.008749999999999992159, 0.06250000000000000000, -0.1717920000000000280 ) ) ;
#2268 = CARTESIAN_POINT ( 'NONE',  ( 1.297627796990524979E-15, 0.000000000000000000, -0.9448818897637796255 ) ) ;
#2269 = LINE ( 'NONE', #4028, #5626 ) ;
#2270 = ORIENTED_EDGE ( 'NONE', *, *, #4835, .F. ) ;
#2271 = ORIENTED_EDGE ( 'NONE', *, *, #3940, .F. ) ;
#2272 = DIRECTION ( 'NONE',  ( 0.000000000000000000, 0.000000000000000000, -1.000000000000000000 ) ) ;
#2273 = CARTESIAN_POINT ( 'NONE',  ( 0.5108387935035331173, 0.04249999999999999611, 0.5099958902149047679 ) ) ;
#2274 = CARTESIAN_POINT ( 'NONE',  ( 0.4879622057670057744, 0.04249999999999999611, 0.4246193024783773140 ) ) ;
#2275 = ORIENTED_EDGE ( 'NONE', *, *, #3043, .T. ) ;
#2276 = ORIENTED_EDGE ( 'NONE', *, *, #1803, .T. ) ;
#2277 = AXIS2_PLACEMENT_3D ( 'NONE', #4594, #1975, #4100 ) ;
#2278 = CARTESIAN_POINT ( 'NONE',  ( -0.1599999999999992262, 0.06250000000000000000, -0.05917840259193649782 ) ) ;
#2279 = EDGE_CURVE ( 'NONE', #2687, #2341, #53, .T. ) ;
#2280 = APPLICATION_CONTEXT ( 'configuration controlled 3d designs of mechanical parts and assemblies' ) ;
#2281 = CYLINDRICAL_SURFACE ( 'NONE', #5149, 0.06250000000000001388 ) ;
#2282 = VECTOR ( 'NONE', #1639, 39.37007874015748143 ) ;
#2283 = DIRECTION ( 'NONE',  ( -1.224655746112435567E-16, 0.000000000000000000, -1.000000000000000000 ) ) ;
#2284 = CARTESIAN_POINT ( 'NONE',  ( -0.4663228300057806752, 0.04249999999999999611, 0.3995702680628884229 ) ) ;
#2285 = CARTESIAN_POINT ( 'NONE',  ( 0.03124999999999996877, 0.06250000000000000000, -0.4561325511811023525 ) ) ;
#2286 = EDGE_LOOP ( 'NONE', ( #4187, #4644, #1291, #4630 ) ) ;
#2287 = VECTOR ( 'NONE', #195, 39.37007874015748143 ) ;
#2288 = ADVANCED_FACE ( 'NONE', ( #1809 ), #1372, .F. ) ;
#2289 = EDGE_CURVE ( 'NONE', #1035, #3086, #1506, .T. ) ;
#2290 = VERTEX_POINT ( 'NONE', #2184 ) ;
#2291 = CARTESIAN_POINT ( 'NONE',  ( 0.06125000000000198341, 0.04249999999999999611, -0.5723973175201051422 ) ) ;
#2292 = AXIS2_PLACEMENT_3D ( 'NONE', #5614, #5191, #2974 ) ;
#2293 = VECTOR ( 'NONE', #720, 39.37007874015748143 ) ;
#2294 = ORIENTED_EDGE ( 'NONE', *, *, #5414, .F. ) ;
#2295 = AXIS2_PLACEMENT_3D ( 'NONE', #2643, #27, #4530 ) ;
#2296 = LINE ( 'NONE', #2217, #1738 ) ;
#2297 = CIRCLE ( 'NONE', #4603, 0.03125000000000000694 ) ;
#2298 = DIRECTION ( 'NONE',  ( -2.185478394931410180E-15, 0.000000000000000000, -1.000000000000000000 ) ) ;
#2299 = CARTESIAN_POINT ( 'NONE',  ( -0.6848340276885838129, 0.000000000000000000, 0.3953891102362238064 ) ) ;
#2300 = DIRECTION ( 'NONE',  ( -0.000000000000000000, -1.000000000000000000, -0.000000000000000000 ) ) ;
#2301 = ORIENTED_EDGE ( 'NONE', *, *, #3212, .F. ) ;
#2302 = EDGE_LOOP ( 'NONE', ( #1502, #4493 ) ) ;
#2303 = LINE ( 'NONE', #4925, #4139 ) ;
#2304 = LINE ( 'NONE', #5392, #1488 ) ;
#2305 = DATE_TIME_ROLE ( 'creation_date' ) ;
#2306 = EDGE_LOOP ( 'NONE', ( #1070, #4718, #4906, #2666 ) ) ;
#2307 = ORIENTED_EDGE ( 'NONE', *, *, #3561, .F. ) ;
#2308 = ORIENTED_EDGE ( 'NONE', *, *, #1542, .F. ) ;
#2309 = DIRECTION ( 'NONE',  ( 0.000000000000000000, 0.000000000000000000, 1.000000000000000000 ) ) ;
#2310 = ORIENTED_EDGE ( 'NONE', *, *, #3069, .T. ) ;
#2311 = VECTOR ( 'NONE', #962, 39.37007874015748143 ) ;
#2312 = VECTOR ( 'NONE', #3116, 39.37007874015748143 ) ;
#2313 = CARTESIAN_POINT ( 'NONE',  ( -0.7848965045575663213, 0.000000000000000000, 0.4170758163679604835 ) ) ;
#2314 = EDGE_CURVE ( 'NONE', #867, #3881, #2433, .T. ) ;
#2315 = DIRECTION ( 'NONE',  ( 0.000000000000000000, 0.000000000000000000, -1.000000000000000000 ) ) ;
#2316 = LINE ( 'NONE', #187, #281 ) ;
#2317 = VECTOR ( 'NONE', #2364, 39.37007874015748143 ) ;
#2318 = EDGE_LOOP ( 'NONE', ( #469, #516, #3127, #2770, #124, #1864 ) ) ;
#2319 = AXIS2_PLACEMENT_3D ( 'NONE', #3479, #1664, #4808 ) ;
#2320 = DIRECTION ( 'NONE',  ( 0.000000000000000000, -1.000000000000000000, 0.000000000000000000 ) ) ;
#2321 = VECTOR ( 'NONE', #2035, 39.37007874015748854 ) ;
#2322 = ORIENTED_EDGE ( 'NONE', *, *, #5676, .T. ) ;
#2323 = CARTESIAN_POINT ( 'NONE',  ( 0.2678547291872980241, 0.000000000000000000, 0.1546459999999975354 ) ) ;
#2324 = EDGE_CURVE ( 'NONE', #2829, #3180, #1287, .T. ) ;
#2325 = VERTEX_POINT ( 'NONE', #2066 ) ;
#2326 = EDGE_CURVE ( 'NONE', #3542, #5084, #5090, .T. ) ;
#2327 = CARTESIAN_POINT ( 'NONE',  ( 0.6995887935035338678, 0.04249999999999999611, 0.1830713002862781047 ) ) ;
#2328 = DIRECTION ( 'NONE',  ( 0.000000000000000000, 1.000000000000000000, -0.000000000000000000 ) ) ;
#2329 = CARTESIAN_POINT ( 'NONE',  ( -0.2537499999999992539, 0.06250000000000000000, -0.1493893821528155252 ) ) ;
#2330 = EDGE_CURVE ( 'NONE', #2532, #5014, #3222, .T. ) ;
#2331 = EDGE_CURVE ( 'NONE', #3322, #862, #2457, .T. ) ;
#2332 = CYLINDRICAL_SURFACE ( 'NONE', #2500, 0.06250000000000000000 ) ;
#2333 = ORIENTED_EDGE ( 'NONE', *, *, #3636, .T. ) ;
#2334 = CIRCLE ( 'NONE', #679, 0.05249999999999998418 ) ;
#2335 = ORIENTED_EDGE ( 'NONE', *, *, #3634, .F. ) ;
#2336 = LINE ( 'NONE', #4092, #368 ) ;
#2337 = CARTESIAN_POINT ( 'NONE',  ( -1.775353833074013450E-17, 0.06250000000000000000, -0.5536325511811024391 ) ) ;
#2338 = COORDINATED_UNIVERSAL_TIME_OFFSET ( 6, 0, .BEHIND. ) ;
#2339 = VERTEX_POINT ( 'NONE', #3362 ) ;
#2340 = ORIENTED_EDGE ( 'NONE', *, *, #497, .T. ) ;
#2341 = VERTEX_POINT ( 'NONE', #1974 ) ;
#2342 = CARTESIAN_POINT ( 'NONE',  ( 0.5625755575765064576, 0.06250000000000000000, 0.3248031496063021883 ) ) ;
#2343 = ORIENTED_EDGE ( 'NONE', *, *, #2395, .T. ) ;
#2344 = CARTESIAN_POINT ( 'NONE',  ( 0.8182917201112818173, 0.06250000000000000000, 0.4724409448818926438 ) ) ;
#2345 = DIRECTION ( 'NONE',  ( 0.000000000000000000, 1.000000000000000000, 0.000000000000000000 ) ) ;
#2346 = LINE ( 'NONE', #4129, #1728 ) ;
#2347 = DIRECTION ( 'NONE',  ( 0.000000000000000000, -1.000000000000000000, 0.000000000000000000 ) ) ;
#2348 = ORIENTED_EDGE ( 'NONE', *, *, #1155, .F. ) ;
#2349 = CARTESIAN_POINT ( 'NONE',  ( 0.1550000000000017752, 0.06250000000000000000, -0.05917840259193651170 ) ) ;
#2350 = ORIENTED_EDGE ( 'NONE', *, *, #289, .F. ) ;
#2351 = CARTESIAN_POINT ( 'NONE',  ( -0.05902464843040835379, 0.06250000000000000000, 0.1163503100196415091 ) ) ;
#2352 = ORIENTED_EDGE ( 'NONE', *, *, #2221, .T. ) ;
#2353 = ADVANCED_FACE ( 'NONE', ( #5596 ), #4189, .F. ) ;
#2354 = DIRECTION ( 'NONE',  ( 0.000000000000000000, -1.000000000000000000, 0.000000000000000000 ) ) ;
#2355 = DIRECTION ( 'NONE',  ( -2.185478394931411364E-15, 0.000000000000000000, -1.000000000000000000 ) ) ;
#2356 = CARTESIAN_POINT ( 'NONE',  ( -1.707404996040164512E-17, 0.000000000000000000, -0.7907782204724409514 ) ) ;
#2357 = PLANE ( 'NONE',  #2680 ) ;
#2358 = EDGE_LOOP ( 'NONE', ( #1705, #4665, #2240, #4525 ) ) ;
#2359 = EDGE_CURVE ( 'NONE', #5606, #1836, #5544, .T. ) ;
#2360 = DIRECTION ( 'NONE',  ( 1.850371707708594366E-15, 0.000000000000000000, -1.000000000000000000 ) ) ;
#2361 = ORIENTED_EDGE ( 'NONE', *, *, #2097, .F. ) ;
#2362 = ADVANCED_FACE ( 'NONE', ( #5116 ), #3826, .T. ) ;
#2363 = CARTESIAN_POINT ( 'NONE',  ( 0.03124999999999992367, 0.06250000000000000000, 3.334775382890938319E-18 ) ) ;
#2364 = DIRECTION ( 'NONE',  ( -0.000000000000000000, -1.000000000000000000, -0.000000000000000000 ) ) ;
#2365 = ORIENTED_EDGE ( 'NONE', *, *, #704, .F. ) ;
#2366 = ORIENTED_EDGE ( 'NONE', *, *, #673, .F. ) ;
#2367 = EDGE_LOOP ( 'NONE', ( #4721, #381, #2175, #3974 ) ) ;
#2368 = CARTESIAN_POINT ( 'NONE',  ( -0.6416857520649560387, 0.06250000000000000000, 0.08202255831014990117 ) ) ;
#2369 = CARTESIAN_POINT ( 'NONE',  ( 0.6706539248356907512, 0.06250000000000000000, 0.7281571074166679480 ) ) ;
#2370 = VECTOR ( 'NONE', #359, 39.37007874015748854 ) ;
#2371 = CARTESIAN_POINT ( 'NONE',  ( -0.2074038105676647148, -0.1500000000000000222, 0.4606995292418972210 ) ) ;
#2372 = DIRECTION ( 'NONE',  ( -0.000000000000000000, 1.000000000000000000, -0.000000000000000000 ) ) ;
#2373 = ORIENTED_EDGE ( 'NONE', *, *, #3888, .F. ) ;
#2374 = LINE ( 'NONE', #3649, #5019 ) ;
#2375 = AXIS2_PLACEMENT_3D ( 'NONE', #5132, #2024, #1183 ) ;
#2376 = AXIS2_PLACEMENT_3D ( 'NONE', #4202, #2014, #5186 ) ;
#2377 = ORIENTED_EDGE ( 'NONE', *, *, #3922, .T. ) ;
#2378 = CARTESIAN_POINT ( 'NONE',  ( -0.2407914353190322709, 0.04249999999999999611, 0.1390210000000011159 ) ) ;
#2379 = ORIENTED_EDGE ( 'NONE', *, *, #4228, .T. ) ;
#2380 = AXIS2_PLACEMENT_3D ( 'NONE', #1897, #2648, #3549 ) ;
#2381 = CARTESIAN_POINT ( 'NONE',  ( 0.8119597984258359880, 0.000000000000000000, 0.4327008163679491592 ) ) ;
#2382 = FACE_OUTER_BOUND ( 'NONE', #4113, .T. ) ;
#2383 = DIRECTION ( 'NONE',  ( 0.000000000000000000, 0.000000000000000000, -1.000000000000000000 ) ) ;
#2384 = EDGE_CURVE ( 'NONE', #5007, #2532, #3134, .T. ) ;
#2385 = DIRECTION ( 'NONE',  ( -0.000000000000000000, 1.000000000000000000, -0.000000000000000000 ) ) ;
#2386 = CIRCLE ( 'NONE', #3871, 0.03124999999999997571 ) ;
#2387 = ORIENTED_EDGE ( 'NONE', *, *, #3525, .F. ) ;
#2388 = LINE ( 'NONE', #4147, #4034 ) ;
#2389 = VECTOR ( 'NONE', #2683, 39.37007874015748854 ) ;
#2390 = ORIENTED_EDGE ( 'NONE', *, *, #4225, .F. ) ;
#2391 = CARTESIAN_POINT ( 'NONE',  ( 0.000000000000000000, 0.04249999999999999611, 0.000000000000000000 ) ) ;
#2392 = CARTESIAN_POINT ( 'NONE',  ( -0.2074038105676647148, 0.06250000000000000000, 0.4606995292418972210 ) ) ;
#2393 = VECTOR ( 'NONE', #5036, 39.37007874015748143 ) ;
#2394 = LINE ( 'NONE', #2027, #3341 ) ;
#2395 = EDGE_CURVE ( 'NONE', #4458, #122, #1563, .T. ) ;
#2396 = SECURITY_CLASSIFICATION_LEVEL ( 'unclassified' ) ;
#2397 = ORIENTED_EDGE ( 'NONE', *, *, #805, .T. ) ;
#2398 = VERTEX_POINT ( 'NONE', #4655 ) ;
#2399 = ORIENTED_EDGE ( 'NONE', *, *, #3239, .F. ) ;
#2400 = EDGE_CURVE ( 'NONE', #4784, #1009, #2490, .T. ) ;
#2401 = EDGE_LOOP ( 'NONE', ( #1140, #159, #2459, #1715 ) ) ;
#2402 = DIRECTION ( 'NONE',  ( 0.000000000000000000, 0.000000000000000000, 1.000000000000000000 ) ) ;
#2403 = DIRECTION ( 'NONE',  ( 0.4999999999999996114, 0.000000000000000000, 0.8660254037844388186 ) ) ;
#2404 = CARTESIAN_POINT ( 'NONE',  ( -0.3950223768158394044, 0.000000000000000000, 0.1968162755905530914 ) ) ;
#2405 = VERTEX_POINT ( 'NONE', #3386 ) ;
#2406 = DIRECTION ( 'NONE',  ( 0.5000000000000001110, 0.000000000000000000, 0.8660254037844387076 ) ) ;
#2407 = AXIS2_PLACEMENT_3D ( 'NONE', #513, #2300, #1814 ) ;
#2408 = VERTEX_POINT ( 'NONE', #4246 ) ;
#2409 = DIRECTION ( 'NONE',  ( 0.000000000000000000, 0.000000000000000000, -1.000000000000000000 ) ) ;
#2410 = AXIS2_PLACEMENT_3D ( 'NONE', #2101, #1629, #1717 ) ;
#2411 = ORIENTED_EDGE ( 'NONE', *, *, #1627, .T. ) ;
#2412 = AXIS2_PLACEMENT_3D ( 'NONE', #1357, #1469, #496 ) ;
#2413 = DIRECTION ( 'NONE',  ( 0.000000000000000000, -1.000000000000000000, 0.000000000000000000 ) ) ;
#2414 = DIRECTION ( 'NONE',  ( 0.000000000000000000, 1.000000000000000000, 0.000000000000000000 ) ) ;
#2415 = CARTESIAN_POINT ( 'NONE',  ( 0.4149377623009158356, 0.06250000000000000000, 0.5805193121410773260 ) ) ;
#2416 = VECTOR ( 'NONE', #5117, 39.37007874015748143 ) ;
#2417 = DIRECTION ( 'NONE',  ( 0.8660254037844385966, 0.000000000000000000, 0.5000000000000001110 ) ) ;
#2418 = VERTEX_POINT ( 'NONE', #1619 ) ;
#2419 = CARTESIAN_POINT ( 'NONE',  ( 0.000000000000000000, 0.000000000000000000, 0.05249999999999999806 ) ) ;
#2420 = ORIENTED_EDGE ( 'NONE', *, *, #2011, .F. ) ;
#2421 = CYLINDRICAL_SURFACE ( 'NONE', #3028, 0.03125000000000000694 ) ;
#2422 = DIRECTION ( 'NONE',  ( -0.8660254037844382635, 0.000000000000000000, -0.5000000000000007772 ) ) ;
#2423 = DIRECTION ( 'NONE',  ( -0.000000000000000000, 1.000000000000000000, 0.000000000000000000 ) ) ;
#2424 = EDGE_CURVE ( 'NONE', #2069, #1309, #459, .T. ) ;
#2425 = PERSON_AND_ORGANIZATION ( #4642, #1318 ) ;
#2426 = ORIENTED_EDGE ( 'NONE', *, *, #5395, .F. ) ;
#2427 = VERTEX_POINT ( 'NONE', #1108 ) ;
#2428 = CIRCLE ( 'NONE', #1788, 0.03124999999999997571 ) ;
#2429 = EDGE_CURVE ( 'NONE', #4709, #2493, #4711, .T. ) ;
#2430 = VERTEX_POINT ( 'NONE', #2520 ) ;
#2431 = DIRECTION ( 'NONE',  ( -0.000000000000000000, 1.000000000000000000, -0.000000000000000000 ) ) ;
#2432 = EDGE_CURVE ( 'NONE', #3965, #3698, #4277, .T. ) ;
#2433 = LINE ( 'NONE', #3333, #4499 ) ;
#2434 = DIRECTION ( 'NONE',  ( 0.5000000000000022204, 0.000000000000000000, -0.8660254037844373753 ) ) ;
#2435 = VERTEX_POINT ( 'NONE', #4215 ) ;
#2436 = VERTEX_POINT ( 'NONE', #272 ) ;
#2437 = DIRECTION ( 'NONE',  ( -1.169270621478281311E-16, 0.000000000000000000, -1.000000000000000000 ) ) ;
#2438 = EDGE_CURVE ( 'NONE', #1765, #1941, #2036, .T. ) ;
#2439 = ORIENTED_EDGE ( 'NONE', *, *, #1838, .T. ) ;
#2440 = DIRECTION ( 'NONE',  ( -0.000000000000000000, 1.000000000000000000, 0.000000000000000000 ) ) ;
#2441 = EDGE_CURVE ( 'NONE', #1991, #547, #1650, .T. ) ;
#2442 = VERTEX_POINT ( 'NONE', #4161 ) ;
#2443 = LINE ( 'NONE', #1028, #3495 ) ;
#2444 = DIRECTION ( 'NONE',  ( -0.4999999999999977796, 0.000000000000000000, -0.8660254037844399289 ) ) ;
#2445 = DIRECTION ( 'NONE',  ( -0.8660254037844437036, 0.000000000000000000, -0.4999999999999913403 ) ) ;
#2446 = VECTOR ( 'NONE', #3548, 39.37007874015748143 ) ;
#2447 = CARTESIAN_POINT ( 'NONE',  ( 0.2952755905511824097, 0.000000000000000000, -0.1704774416898490463 ) ) ;
#2448 = CYLINDRICAL_SURFACE ( 'NONE', #4945, 0.03124999999999997571 ) ;
#2449 = ORIENTED_EDGE ( 'NONE', *, *, #3383, .F. ) ;
#2450 = DIRECTION ( 'NONE',  ( -0.000000000000000000, 1.000000000000000000, 0.000000000000000000 ) ) ;
#2451 = PLANE ( 'NONE',  #4500 ) ;
#2452 = CYLINDRICAL_SURFACE ( 'NONE', #301, 0.03125000000000000694 ) ;
#2453 = DIRECTION ( 'NONE',  ( 0.4999999999999912292, 0.000000000000000000, -0.8660254037844437036 ) ) ;
#2454 = ORIENTED_EDGE ( 'NONE', *, *, #4268, .F. ) ;
#2455 = VERTEX_POINT ( 'NONE', #3879 ) ;
#2456 = DIRECTION ( 'NONE',  ( -0.000000000000000000, 0.000000000000000000, 1.000000000000000000 ) ) ;
#2457 = LINE ( 'NONE', #5514, #3592 ) ;
#2458 = DIRECTION ( 'NONE',  ( 0.000000000000000000, -1.000000000000000000, 0.000000000000000000 ) ) ;
#2459 = ORIENTED_EDGE ( 'NONE', *, *, #4112, .F. ) ;
#2460 = ORIENTED_EDGE ( 'NONE', *, *, #1269, .F. ) ;
#2461 = EDGE_CURVE ( 'NONE', #3519, #5113, #5625, .T. ) ;
#2462 = FACE_OUTER_BOUND ( 'NONE', #4850, .T. ) ;
#2463 = ORIENTED_EDGE ( 'NONE', *, *, #3124, .F. ) ;
#2464 = DIRECTION ( 'NONE',  ( -0.000000000000000000, 1.000000000000000000, -0.000000000000000000 ) ) ;
#2465 = AXIS2_PLACEMENT_3D ( 'NONE', #1778, #2717, #4832 ) ;
#2466 = ORIENTED_EDGE ( 'NONE', *, *, #1622, .T. ) ;
#2467 = EDGE_CURVE ( 'NONE', #1954, #3038, #3781, .T. ) ;
#2468 = VECTOR ( 'NONE', #4354, 39.37007874015748143 ) ;
#2469 = AXIS2_PLACEMENT_3D ( 'NONE', #2076, #1665, #3400 ) ;
#2470 = EDGE_CURVE ( 'NONE', #4459, #1815, #40, .T. ) ;
#2471 = LINE ( 'NONE', #4108, #3035 ) ;
#2472 = DIRECTION ( 'NONE',  ( -0.000000000000000000, 1.000000000000000000, -0.000000000000000000 ) ) ;
#2473 = DIRECTION ( 'NONE',  ( 0.000000000000000000, 0.000000000000000000, 1.000000000000000000 ) ) ;
#2474 = AXIS2_PLACEMENT_3D ( 'NONE', #830, #1238, #404 ) ;
#2475 = CARTESIAN_POINT ( 'NONE',  ( 0.1292906645817870903, 0.000000000000000000, 0.07464599999999879665 ) ) ;
#2476 = CIRCLE ( 'NONE', #5693, 0.05249999999999999806 ) ;
#2477 = CARTESIAN_POINT ( 'NONE',  ( -0.7692715045575662103, 0.06250000000000000000, 0.4441391102362241550 ) ) ;
#2478 = EDGE_LOOP ( 'NONE', ( #4740, #3052, #5171, #1354 ) ) ;
#2479 = DIRECTION ( 'NONE',  ( 0.000000000000000000, -1.000000000000000000, 0.000000000000000000 ) ) ;
#2480 = DIRECTION ( 'NONE',  ( -0.5000000000000038858, 0.000000000000000000, 0.8660254037844362651 ) ) ;
#2481 = CARTESIAN_POINT ( 'NONE',  ( -0.2952755905511798007, 0.000000000000000000, -0.6229774416898490319 ) ) ;
#2482 = AXIS2_PLACEMENT_3D ( 'NONE', #1593, #2871, #3759 ) ;
#2483 = AXIS2_PLACEMENT_3D ( 'NONE', #3233, #1965, #1525 ) ;
#2484 = FACE_OUTER_BOUND ( 'NONE', #2695, .T. ) ;
#2485 = EDGE_LOOP ( 'NONE', ( #2731, #2074, #5308, #1375 ) ) ;
#2486 = AXIS2_PLACEMENT_3D ( 'NONE', #4101, #2347, #154 ) ;
#2487 = VERTEX_POINT ( 'NONE', #4415 ) ;
#2488 = VECTOR ( 'NONE', #4859, 39.37007874015748854 ) ;
#2489 = CARTESIAN_POINT ( 'NONE',  ( -0.3952755905511798895, 0.06250000000000000000, -0.2282124686088116972 ) ) ;
#2490 = LINE ( 'NONE', #3301, #4601 ) ;
#2491 = CARTESIAN_POINT ( 'NONE',  ( -0.3464101615137755164, 0.000000000000000000, 0.5409548833797019896 ) ) ;
#2492 = ORIENTED_EDGE ( 'NONE', *, *, #4329, .T. ) ;
#2493 = VERTEX_POINT ( 'NONE', #4332 ) ;
#2494 = LINE ( 'NONE', #4219, #3647 ) ;
#2495 = ORIENTED_EDGE ( 'NONE', *, *, #1367, .F. ) ;
#2496 = FACE_OUTER_BOUND ( 'NONE', #2367, .T. ) ;
#2497 = EDGE_CURVE ( 'NONE', #441, #3166, #5244, .T. ) ;
#2498 = ADVANCED_FACE ( 'NONE', ( #471 ), #5681, .F. ) ;
#2499 = ORIENTED_EDGE ( 'NONE', *, *, #3200, .T. ) ;
#2500 = AXIS2_PLACEMENT_3D ( 'NONE', #59, #4896, #1928 ) ;
#2501 = CARTESIAN_POINT ( 'NONE',  ( -0.06187500000000014516, 0.06250000000000000000, 0.1071706437183243127 ) ) ;
#2502 = EDGE_CURVE ( 'NONE', #4540, #274, #3501, .T. ) ;
#2503 = CIRCLE ( 'NONE', #1024, 0.03124999999999998959 ) ;
#2504 = FACE_OUTER_BOUND ( 'NONE', #4703, .T. ) ;
#2505 = DIRECTION ( 'NONE',  ( 0.8660254037844359321, 0.000000000000000000, -0.5000000000000045519 ) ) ;
#2506 = EDGE_CURVE ( 'NONE', #172, #116, #1334, .T. ) ;
#2507 = ORIENTED_EDGE ( 'NONE', *, *, #3248, .T. ) ;
#2508 = DIRECTION ( 'NONE',  ( 0.000000000000000000, 0.000000000000000000, -1.000000000000000000 ) ) ;
#2509 = DIRECTION ( 'NONE',  ( 0.000000000000000000, -1.000000000000000000, 0.000000000000000000 ) ) ;
#2510 = ORIENTED_EDGE ( 'NONE', *, *, #4830, .F. ) ;
#2511 = EDGE_CURVE ( 'NONE', #599, #506, #2147, .T. ) ;
#2512 = CARTESIAN_POINT ( 'NONE',  ( -0.4794598536848219128, 0.000000000000000000, 0.2768162755905534955 ) ) ;
#2513 = CARTESIAN_POINT ( 'NONE',  ( -5.187931594783850444E-19, 0.000000000000000000, -0.4248825511811023525 ) ) ;
#2514 = ADVANCED_FACE ( 'NONE', ( #1736 ), #1248, .F. ) ;
#2515 = DIRECTION ( 'NONE',  ( -0.000000000000000000, -1.000000000000000000, -0.000000000000000000 ) ) ;
#2516 = ORIENTED_EDGE ( 'NONE', *, *, #1196, .T. ) ;
#2517 = VERTEX_POINT ( 'NONE', #385 ) ;
#2518 = ORIENTED_EDGE ( 'NONE', *, *, #3915, .F. ) ;
#2519 = DIRECTION ( 'NONE',  ( 0.000000000000000000, 0.000000000000000000, 1.000000000000000000 ) ) ;
#2520 = CARTESIAN_POINT ( 'NONE',  ( 0.03124999999999997571, 0.06250000000000000000, -0.7907782204724409514 ) ) ;
#2521 = DIRECTION ( 'NONE',  ( 0.000000000000000000, 1.000000000000000000, 0.000000000000000000 ) ) ;
#2522 = VERTEX_POINT ( 'NONE', #4767 ) ;
#2523 = VERTEX_POINT ( 'NONE', #3072 ) ;
#2524 = LINE ( 'NONE', #2551, #3466 ) ;
#2525 = AXIS2_PLACEMENT_3D ( 'NONE', #3090, #4515, #1352 ) ;
#2526 = ORIENTED_EDGE ( 'NONE', *, *, #803, .T. ) ;
#2527 = DIRECTION ( 'NONE',  ( 0.000000000000000000, 0.000000000000000000, -1.000000000000000000 ) ) ;
#2528 = ORIENTED_EDGE ( 'NONE', *, *, #1618, .F. ) ;
#2529 = DIRECTION ( 'NONE',  ( -0.8660254037844384856, 0.000000000000000000, -0.5000000000000004441 ) ) ;
#2530 = CYLINDRICAL_SURFACE ( 'NONE', #5325, 0.06250000000000001388 ) ;
#2531 = DIRECTION ( 'NONE',  ( 0.000000000000000000, 1.000000000000000000, -0.000000000000000000 ) ) ;
#2532 = VERTEX_POINT ( 'NONE', #810 ) ;
#2533 = FACE_OUTER_BOUND ( 'NONE', #4940, .T. ) ;
#2534 = EDGE_CURVE ( 'NONE', #963, #867, #5421, .T. ) ;
#2535 = CARTESIAN_POINT ( 'NONE',  ( -0.5625755575765063465, 0.06250000000000000000, 0.3248031496063000789 ) ) ;
#2536 = ORIENTED_EDGE ( 'NONE', *, *, #2638, .F. ) ;
#2537 = CARTESIAN_POINT ( 'NONE',  ( -0.5433260054788351390, 0.04249999999999999611, 0.4536968557994159879 ) ) ;
#2538 = DIRECTION ( 'NONE',  ( -0.8660254037844360431, 0.000000000000000000, 0.5000000000000046629 ) ) ;
#2539 = VECTOR ( 'NONE', #132, 39.37007874015748143 ) ;
#2540 = CIRCLE ( 'NONE', #4285, 0.03125000000000000694 ) ;
#2541 = DIRECTION ( 'NONE',  ( 0.000000000000000000, 0.000000000000000000, 1.000000000000000000 ) ) ;
#2542 = ADVANCED_FACE ( 'NONE', ( #3471 ), #870, .F. ) ;
#2543 = ORIENTED_EDGE ( 'NONE', *, *, #5001, .T. ) ;
#2544 = ADVANCED_FACE ( 'NONE', ( #1768 ), #3907, .T. ) ;
#2545 = ORIENTED_EDGE ( 'NONE', *, *, #3888, .T. ) ;
#2546 = CARTESIAN_POINT ( 'NONE',  ( -0.1563539584500497348, 0.04249999999999999611, 0.09027100000000073954 ) ) ;
#2547 = CARTESIAN_POINT ( 'NONE',  ( -0.4579494177423077406, 0.06250000000000000000, 0.4765734435359433863 ) ) ;
#2548 = DIRECTION ( 'NONE',  ( 0.000000000000000000, 0.000000000000000000, -1.000000000000000000 ) ) ;
#2549 = ORIENTED_EDGE ( 'NONE', *, *, #3455, .T. ) ;
#2550 = ORIENTED_EDGE ( 'NONE', *, *, #3110, .T. ) ;
#2551 = CARTESIAN_POINT ( 'NONE',  ( 0.09027464843040859666, 0.04249999999999999611, 0.06222372228311427028 ) ) ;
#2552 = CARTESIAN_POINT ( 'NONE',  ( 0.2952755905511824097, 0.000000000000000000, -0.6229774416898490319 ) ) ;
#2553 = EDGE_LOOP ( 'NONE', ( #3305, #569, #4137, #382, #3246, #42, #5592 ) ) ;
#2554 = CARTESIAN_POINT ( 'NONE',  ( 0.6848340276885890310, 0.000000000000000000, 0.3953891102362140919 ) ) ;
#2555 = DIRECTION ( 'NONE',  ( 0.000000000000000000, -1.000000000000000000, 0.000000000000000000 ) ) ;
#2556 = CARTESIAN_POINT ( 'NONE',  ( 0.01562499999999998959, 0.000000000000000000, 0.02706329386826335573 ) ) ;
#2557 = VERTEX_POINT ( 'NONE', #3532 ) ;
#2558 = AXIS2_PLACEMENT_3D ( 'NONE', #227, #505, #1341 ) ;
#2559 = DIRECTION ( 'NONE',  ( 0.000000000000000000, 1.000000000000000000, -0.000000000000000000 ) ) ;
#2560 = CARTESIAN_POINT ( 'NONE',  ( -0.3793973768158393489, 0.000000000000000000, 0.2551295694588167629 ) ) ;
#2561 = VECTOR ( 'NONE', #794, 39.37007874015748143 ) ;
#2562 = ORIENTED_EDGE ( 'NONE', *, *, #5513, .T. ) ;
#2563 = DIRECTION ( 'NONE',  ( 0.000000000000000000, -1.000000000000000000, 0.000000000000000000 ) ) ;
#2564 = DIRECTION ( 'NONE',  ( 0.5000000000000045519, 0.000000000000000000, 0.8660254037844359321 ) ) ;
#2565 = EDGE_CURVE ( 'NONE', #1815, #2290, #3412, .T. ) ;
#2566 = CARTESIAN_POINT ( 'NONE',  ( -0.07125000000000006328, 0.06250000000000000000, -0.2867919999999998804 ) ) ;
#2567 = AXIS2_PLACEMENT_3D ( 'NONE', #914, #1840, #488 ) ;
#2568 = VERTEX_POINT ( 'NONE', #2986 ) ;
#2569 = VERTEX_POINT ( 'NONE', #2547 ) ;
#2570 = VECTOR ( 'NONE', #2647, 39.37007874015748854 ) ;
#2571 = DIRECTION ( 'NONE',  ( 0.000000000000000000, 0.000000000000000000, 1.000000000000000000 ) ) ;
#2572 = EDGE_CURVE ( 'NONE', #5647, #242, #843, .T. ) ;
#2573 = VECTOR ( 'NONE', #3264, 39.37007874015748143 ) ;
#2574 = DIRECTION ( 'NONE',  ( 0.000000000000000000, -1.000000000000000000, 0.000000000000000000 ) ) ;
#2575 = LINE ( 'NONE', #273, #1446 ) ;
#2576 = EDGE_CURVE ( 'NONE', #2640, #4116, #4361, .T. ) ;
#2577 = VERTEX_POINT ( 'NONE', #2120 ) ;
#2578 = LINE ( 'NONE', #3765, #2087 ) ;
#2579 = CIRCLE ( 'NONE', #1560, 0.07499999999999998335 ) ;
#2580 = CIRCLE ( 'NONE', #3319, 0.03124999999999997571 ) ;
#2581 = FACE_OUTER_BOUND ( 'NONE', #2485, .T. ) ;
#2582 = AXIS2_PLACEMENT_3D ( 'NONE', #900, #2663, #4420 ) ;
#2583 = EDGE_CURVE ( 'NONE', #1779, #3377, #2386, .T. ) ;
#2584 = EDGE_CURVE ( 'NONE', #4238, #2517, #5338, .T. ) ;
#2585 = EDGE_LOOP ( 'NONE', ( #2169, #1908, #5462, #750 ) ) ;
#2586 = CARTESIAN_POINT ( 'NONE',  ( -0.07749999999999890310, 0.06250000000000000000, 0.2597520861406815706 ) ) ;
#2587 = AXIS2_PLACEMENT_3D ( 'NONE', #5585, #2821, #4176 ) ;
#2588 = DIRECTION ( 'NONE',  ( 0.000000000000000000, 1.000000000000000000, 0.000000000000000000 ) ) ;
#2589 = PLANE ( 'NONE',  #5430 ) ;
#2590 = VERTEX_POINT ( 'NONE', #120 ) ;
#2591 = PLANE ( 'NONE',  #1805 ) ;
#2592 = AXIS2_PLACEMENT_3D ( 'NONE', #614, #5403, #5433 ) ;
#2593 = CARTESIAN_POINT ( 'NONE',  ( 0.3452755905511822321, 0.000000000000000000, -0.1416099282303677209 ) ) ;
#2594 = ORIENTED_EDGE ( 'NONE', *, *, #2584, .T. ) ;
#2595 = DIRECTION ( 'NONE',  ( -0.000000000000000000, 1.000000000000000000, -0.000000000000000000 ) ) ;
#2596 = LINE ( 'NONE', #2513, #4364 ) ;
#2597 = AXIS2_PLACEMENT_3D ( 'NONE', #5167, #1216, #3843 ) ;
#2598 = CIRCLE ( 'NONE', #2879, 0.03125000000000000694 ) ;
#2599 = DIRECTION ( 'NONE',  ( 0.000000000000000000, 0.000000000000000000, 1.000000000000000000 ) ) ;
#2600 = ORIENTED_EDGE ( 'NONE', *, *, #4547, .F. ) ;
#2601 = VECTOR ( 'NONE', #2199, 39.37007874015748143 ) ;
#2602 = ORIENTED_EDGE ( 'NONE', *, *, #3026, .F. ) ;
#2603 = DIRECTION ( 'NONE',  ( 0.000000000000000000, 1.000000000000000000, 0.000000000000000000 ) ) ;
#2604 = CARTESIAN_POINT ( 'NONE',  ( 0.1862500000000011091, 0.04249999999999999611, -0.1133049903284643334 ) ) ;
#2605 = LINE ( 'NONE', #15, #3074 ) ;
#2606 = EDGE_LOOP ( 'NONE', ( #4873, #78, #3690, #5552 ) ) ;
#2607 = VECTOR ( 'NONE', #5287, 39.37007874015748143 ) ;
#2608 = ORIENTED_EDGE ( 'NONE', *, *, #1297, .T. ) ;
#2609 = CARTESIAN_POINT ( 'NONE',  ( -0.09902464843040864606, 0.06250000000000000000, 0.04706827771688663203 ) ) ;
#2610 = EDGE_CURVE ( 'NONE', #188, #4038, #2304, .T. ) ;
#2611 = EDGE_CURVE ( 'NONE', #2640, #210, #4629, .T. ) ;
#2612 = CYLINDRICAL_SURFACE ( 'NONE', #3489, 0.06250000000000001388 ) ;
#2613 = VERTEX_POINT ( 'NONE', #5368 ) ;
#2614 = EDGE_CURVE ( 'NONE', #4998, #736, #4093, .T. ) ;
#2615 = AXIS2_PLACEMENT_3D ( 'NONE', #3193, #4432, #5280 ) ;
#2616 = EDGE_CURVE ( 'NONE', #2627, #3046, #108, .T. ) ;
#2617 = PLANE ( 'NONE',  #1124 ) ;
#2618 = LINE ( 'NONE', #4696, #1181 ) ;
#2619 = CARTESIAN_POINT ( 'NONE',  ( -0.9659295153868718842, 0.06250000000000000000, 0.2167247823471144530 ) ) ;
#2620 = ORIENTED_EDGE ( 'NONE', *, *, #5119, .T. ) ;
#2621 = CARTESIAN_POINT ( 'NONE',  ( -2.815803752535988757E-17, 0.06250000000000000000, -0.4561325511811023525 ) ) ;
#2622 = FACE_OUTER_BOUND ( 'NONE', #2082, .T. ) ;
#2623 = ORIENTED_EDGE ( 'NONE', *, *, #1376, .T. ) ;
#2624 = DIRECTION ( 'NONE',  ( 1.000000000000000000, 0.000000000000000000, -1.224655746112435567E-16 ) ) ;
#2625 = DIRECTION ( 'NONE',  ( 0.000000000000000000, 1.000000000000000000, 0.000000000000000000 ) ) ;
#2626 = CARTESIAN_POINT ( 'NONE',  ( -0.07125000000000006328, 0.04249999999999999611, -0.2867919999999998804 ) ) ;
#2627 = VERTEX_POINT ( 'NONE', #3201 ) ;
#2628 = ORIENTED_EDGE ( 'NONE', *, *, #3741, .F. ) ;
#2629 = AXIS2_PLACEMENT_3D ( 'NONE', #3277, #2406, #556 ) ;
#2630 = DIRECTION ( 'NONE',  ( 0.000000000000000000, 1.000000000000000000, 0.000000000000000000 ) ) ;
#2631 = CARTESIAN_POINT ( 'NONE',  ( 0.07244534365313144708, 0.04249999999999999611, 0.2568893139328058961 ) ) ;
#2632 = CARTESIAN_POINT ( 'NONE',  ( 0.03124999999999989592, 0.06250000000000000000, -0.8882782204724408714 ) ) ;
#2633 = ORIENTED_EDGE ( 'NONE', *, *, #2326, .F. ) ;
#2634 = ORIENTED_EDGE ( 'NONE', *, *, #813, .T. ) ;
#2635 = LINE ( 'NONE', #418, #1987 ) ;
#2636 = VECTOR ( 'NONE', #3128, 39.37007874015748143 ) ;
#2637 = DIRECTION ( 'NONE',  ( 0.000000000000000000, 0.000000000000000000, -1.000000000000000000 ) ) ;
#2638 = EDGE_CURVE ( 'NONE', #1307, #5017, #4519, .T. ) ;
#2639 = PLANE ( 'NONE',  #3115 ) ;
#2640 = VERTEX_POINT ( 'NONE', #4953 ) ;
#2641 = LINE ( 'NONE', #4914, #2311 ) ;
#2642 = FACE_OUTER_BOUND ( 'NONE', #2202, .T. ) ;
#2643 = CARTESIAN_POINT ( 'NONE',  ( 0.07125000000000004940, 0.04249999999999999611, -0.3492919999999999914 ) ) ;
#2644 = ADVANCED_FACE ( 'NONE', ( #4009 ), #5339, .F. ) ;
#2645 = EDGE_LOOP ( 'NONE', ( #72, #1317, #51, #1436 ) ) ;
#2646 = EDGE_CURVE ( 'NONE', #4709, #1836, #4433, .T. ) ;
#2647 = DIRECTION ( 'NONE',  ( -0.8660254037844431485, 0.000000000000000000, -0.4999999999999919509 ) ) ;
#2648 = DIRECTION ( 'NONE',  ( -0.000000000000000000, 1.000000000000000000, 0.000000000000000000 ) ) ;
#2649 = DIRECTION ( 'NONE',  ( 0.000000000000000000, 0.000000000000000000, 1.000000000000000000 ) ) ;
#2650 = DIRECTION ( 'NONE',  ( -0.5000000000000041078, 0.000000000000000000, -0.8660254037844362651 ) ) ;
#2651 = AXIS2_PLACEMENT_3D ( 'NONE', #4470, #5295, #4392 ) ;
#2652 = FACE_BOUND ( 'NONE', #2302, .T. ) ;
#2653 = ORIENTED_EDGE ( 'NONE', *, *, #5263, .T. ) ;
#2654 = CIRCLE ( 'NONE', #77, 0.06250000000000001388 ) ;
#2655 = VECTOR ( 'NONE', #3431, 39.37007874015748143 ) ;
#2656 = ORIENTED_EDGE ( 'NONE', *, *, #2441, .T. ) ;
#2657 = DIRECTION ( 'NONE',  ( 0.000000000000000000, -1.000000000000000000, 0.000000000000000000 ) ) ;
#2658 = DIRECTION ( 'NONE',  ( -0.000000000000000000, 1.000000000000000000, 0.000000000000000000 ) ) ;
#2659 = AXIS2_PLACEMENT_3D ( 'NONE', #1363, #4368, #931 ) ;
#2660 = AXIS2_PLACEMENT_3D ( 'NONE', #3570, #1786, #4941 ) ;
#2661 = ORIENTED_EDGE ( 'NONE', *, *, #4371, .F. ) ;
#2662 = ORIENTED_EDGE ( 'NONE', *, *, #1339, .F. ) ;
#2663 = DIRECTION ( 'NONE',  ( -0.000000000000000000, 1.000000000000000000, -0.000000000000000000 ) ) ;
#2664 = CARTESIAN_POINT ( 'NONE',  ( -0.7004590276885840350, 0.000000000000000000, 0.3683258163679600794 ) ) ;
#2665 = CARTESIAN_POINT ( 'NONE',  ( 1.038208950404672484E-17, 0.000000000000000000, -0.1805419999999999803 ) ) ;
#2666 = ORIENTED_EDGE ( 'NONE', *, *, #1803, .F. ) ;
#2667 = AXIS2_PLACEMENT_3D ( 'NONE', #5655, #4795, #894 ) ;
#2668 = VECTOR ( 'NONE', #38, 39.37007874015748143 ) ;
#2669 = CARTESIAN_POINT ( 'NONE',  ( -0.03125000000000000000, 0.000000000000000000, -0.4561325511811023525 ) ) ;
#2670 = CIRCLE ( 'NONE', #647, 0.03125000000000000694 ) ;
#2671 = CARTESIAN_POINT ( 'NONE',  ( 0.000000000000000000, 0.06250000000000000000, 0.3409548833797020340 ) ) ;
#2672 = ORIENTED_EDGE ( 'NONE', *, *, #1553, .T. ) ;
#2673 = EDGE_CURVE ( 'NONE', #4569, #2442, #2685, .T. ) ;
#2674 = PLANE ( 'NONE',  #4315 ) ;
#2675 = ADVANCED_FACE ( 'NONE', ( #1906 ), #1416, .F. ) ;
#2676 = DIRECTION ( 'NONE',  ( 0.000000000000000000, 0.000000000000000000, -1.000000000000000000 ) ) ;
#2677 = CYLINDRICAL_SURFACE ( 'NONE', #4827, 0.05250000000000005357 ) ;
#2678 = CARTESIAN_POINT ( 'NONE',  ( 0.02875000000000126413, 0.06250000000000000000, 0.1594930118636350702 ) ) ;
#2679 = EDGE_LOOP ( 'NONE', ( #3607, #4557, #746, #389 ) ) ;
#2680 = AXIS2_PLACEMENT_3D ( 'NONE', #2727, #4003, #997 ) ;
#2681 = EDGE_CURVE ( 'NONE', #2091, #680, #1860, .T. ) ;
#2682 = ORIENTED_EDGE ( 'NONE', *, *, #3427, .T. ) ;
#2683 = DIRECTION ( 'NONE',  ( -0.8660254037844364872, 0.000000000000000000, -0.5000000000000036637 ) ) ;
#2684 = VECTOR ( 'NONE', #1229, 39.37007874015748143 ) ;
#2685 = LINE ( 'NONE', #1818, #1310 ) ;
#2686 = CYLINDRICAL_SURFACE ( 'NONE', #4723, 0.03125000000000000694 ) ;
#2687 = VERTEX_POINT ( 'NONE', #4984 ) ;
#2688 = VERTEX_POINT ( 'NONE', #2733 ) ;
#2689 = VECTOR ( 'NONE', #236, 39.37007874015748143 ) ;
#2690 = CARTESIAN_POINT ( 'NONE',  ( -0.1912499999999991429, 0.06250000000000000000, -0.1133049903284639032 ) ) ;
#2691 = ORIENTED_EDGE ( 'NONE', *, *, #874, .F. ) ;
#2692 = DIRECTION ( 'NONE',  ( 0.000000000000000000, 0.000000000000000000, -1.000000000000000000 ) ) ;
#2693 = CARTESIAN_POINT ( 'NONE',  ( -0.4579494177423077406, 0.04249999999999999611, 0.4765734435359433863 ) ) ;
#2694 = LINE ( 'NONE', #3540, #3302 ) ;
#2695 = EDGE_LOOP ( 'NONE', ( #2944, #4304, #974, #2002 ) ) ;
#2696 = EDGE_CURVE ( 'NONE', #319, #5145, #1037, .T. ) ;
#2697 = CYLINDRICAL_SURFACE ( 'NONE', #3606, 0.03125000000000000694 ) ;
#2698 = ORIENTED_EDGE ( 'NONE', *, *, #1203, .T. ) ;
#2699 = AXIS2_PLACEMENT_3D ( 'NONE', #1148, #1519, #3717 ) ;
#2700 = LINE ( 'NONE', #4000, #3123 ) ;
#2701 = DIRECTION ( 'NONE',  ( -3.980131174865415040E-16, 0.000000000000000000, 1.000000000000000000 ) ) ;
#2702 = DIRECTION ( 'NONE',  ( -4.370956789862824305E-15, 0.000000000000000000, -1.000000000000000000 ) ) ;
#2703 = EDGE_CURVE ( 'NONE', #693, #3970, #1006, .T. ) ;
#2704 = FACE_OUTER_BOUND ( 'NONE', #3536, .T. ) ;
#2705 = EDGE_LOOP ( 'NONE', ( #2830, #3839, #4556, #4657, #3231, #2222, #1724, #4051, #4305 ) ) ;
#2706 = ORIENTED_EDGE ( 'NONE', *, *, #4479, .F. ) ;
#2707 = CYLINDRICAL_SURFACE ( 'NONE', #1932, 0.03124999999999997571 ) ;
#2708 = DIRECTION ( 'NONE',  ( -0.000000000000000000, -1.000000000000000000, -0.000000000000000000 ) ) ;
#2709 = EDGE_CURVE ( 'NONE', #307, #599, #4118, .T. ) ;
#2710 = LENGTH_MEASURE_WITH_UNIT ( LENGTH_MEASURE( 0.02539999999999999897 ), #1358 );
#2711 = ORIENTED_EDGE ( 'NONE', *, *, #1792, .F. ) ;
#2712 = ORIENTED_EDGE ( 'NONE', *, *, #2090, .T. ) ;
#2713 = CYLINDRICAL_SURFACE ( 'NONE', #2262, 0.05249999999999998418 ) ;
#2714 = EDGE_CURVE ( 'NONE', #5636, #976, #2796, .T. ) ;
#2715 = DIRECTION ( 'NONE',  ( 0.000000000000000000, 1.000000000000000000, 0.000000000000000000 ) ) ;
#2716 = DIRECTION ( 'NONE',  ( 0.8660254037844382635, 0.000000000000000000, 0.5000000000000007772 ) ) ;
#2717 = DIRECTION ( 'NONE',  ( 0.000000000000000000, -1.000000000000000000, 0.000000000000000000 ) ) ;
#2718 = DIRECTION ( 'NONE',  ( 0.000000000000000000, 0.000000000000000000, -1.000000000000000000 ) ) ;
#2719 = VECTOR ( 'NONE', #1141, 39.37007874015748854 ) ;
#2720 = ORIENTED_EDGE ( 'NONE', *, *, #4536, .F. ) ;
#2721 = ORIENTED_EDGE ( 'NONE', *, *, #3848, .F. ) ;
#2722 = DIRECTION ( 'NONE',  ( 2.134256245050205948E-16, 0.000000000000000000, -1.000000000000000000 ) ) ;
#2723 = ORIENTED_EDGE ( 'NONE', *, *, #215, .T. ) ;
#2724 = CARTESIAN_POINT ( 'NONE',  ( 0.03124999999999998959, 0.04249999999999999611, -0.1805419999999999803 ) ) ;
#2725 = CARTESIAN_POINT ( 'NONE',  ( -0.3950223768158392934, 0.000000000000000000, 0.2280662755905530636 ) ) ;
#2726 = FACE_OUTER_BOUND ( 'NONE', #705, .T. ) ;
#2727 = CARTESIAN_POINT ( 'NONE',  ( 0.01562500000000009021, 0.000000000000000000, 0.02706329386826353961 ) ) ;
#2728 = ORIENTED_EDGE ( 'NONE', *, *, #4822, .F. ) ;
#2729 = VECTOR ( 'NONE', #245, 39.37007874015748143 ) ;
#2730 = EDGE_CURVE ( 'NONE', #5202, #307, #1795, .T. ) ;
#2731 = ORIENTED_EDGE ( 'NONE', *, *, #1404, .F. ) ;
#2732 = DIRECTION ( 'NONE',  ( 0.000000000000000000, 0.000000000000000000, 1.000000000000000000 ) ) ;
#2733 = CARTESIAN_POINT ( 'NONE',  ( -0.2952755905511798007, 0.06250000000000000000, -0.2282124686088116972 ) ) ;
#2734 = APPROVAL_DATE_TIME ( #3296, #3064 ) ;
#2735 = ORIENTED_EDGE ( 'NONE', *, *, #1308, .T. ) ;
#2736 = CIRCLE ( 'NONE', #1451, 0.06250000000000000000 ) ;
#2737 = EDGE_LOOP ( 'NONE', ( #3235, #3075, #949, #231 ) ) ;
#2738 = AXIS2_PLACEMENT_3D ( 'NONE', #4142, #2444, #196 ) ;
#2739 = PLANE ( 'NONE',  #2860 ) ;
#2740 = EDGE_CURVE ( 'NONE', #5120, #4621, #4033, .T. ) ;
#2741 = VECTOR ( 'NONE', #4908, 39.37007874015748854 ) ;
#2742 = AXIS2_PLACEMENT_3D ( 'NONE', #4550, #2914, #4670 ) ;
#2743 = DIRECTION ( 'NONE',  ( 0.000000000000000000, 0.000000000000000000, 1.000000000000000000 ) ) ;
#2744 = EDGE_CURVE ( 'NONE', #5120, #3070, #5134, .T. ) ;
#2745 = LINE ( 'NONE', #2260, #1914 ) ;
#2746 = ORIENTED_EDGE ( 'NONE', *, *, #2611, .F. ) ;
#2747 = CARTESIAN_POINT ( 'NONE',  ( 0.000000000000000000, 0.000000000000000000, 0.000000000000000000 ) ) ;
#2748 = VECTOR ( 'NONE', #3774, 39.37007874015748143 ) ;
#2749 = EDGE_CURVE ( 'NONE', #448, #4198, #1100, .T. ) ;
#2750 = ORIENTED_EDGE ( 'NONE', *, *, #1504, .F. ) ;
#2751 = CARTESIAN_POINT ( 'NONE',  ( -0.1844012361669362110, 0.06250000000000000000, 0.02419168998035961179 ) ) ;
#2752 = AXIS2_PLACEMENT_3D ( 'NONE', #2671, #484, #3703 ) ;
#2753 = CIRCLE ( 'NONE', #2029, 0.2952755905511810774 ) ;
#2754 = ORIENTED_EDGE ( 'NONE', *, *, #1465, .T. ) ;
#2755 = AXIS2_PLACEMENT_3D ( 'NONE', #5291, #1338, #3101 ) ;
#2756 = AXIS2_PLACEMENT_3D ( 'NONE', #1719, #2531, #2473 ) ;
#2757 = LINE ( 'NONE', #1430, #2201 ) ;
#2758 = PLANE ( 'NONE',  #4943 ) ;
#2759 = FACE_OUTER_BOUND ( 'NONE', #5261, .T. ) ;
#2760 = FACE_OUTER_BOUND ( 'NONE', #5453, .T. ) ;
#2761 = ORIENTED_EDGE ( 'NONE', *, *, #768, .F. ) ;
#2762 = ORIENTED_EDGE ( 'NONE', *, *, #1232, .T. ) ;
#2763 = DIRECTION ( 'NONE',  ( 0.000000000000000000, -1.000000000000000000, 0.000000000000000000 ) ) ;
#2764 = AXIS2_PLACEMENT_3D ( 'NONE', #5528, #1060, #4145 ) ;
#2765 = DIRECTION ( 'NONE',  ( 0.000000000000000000, 1.000000000000000000, 0.000000000000000000 ) ) ;
#2766 = ORIENTED_EDGE ( 'NONE', *, *, #2502, .T. ) ;
#2767 = ORIENTED_EDGE ( 'NONE', *, *, #2972, .T. ) ;
#2768 = ORIENTED_EDGE ( 'NONE', *, *, #3588, .F. ) ;
#2769 = EDGE_CURVE ( 'NONE', #4417, #5128, #2231, .T. ) ;
#2770 = ORIENTED_EDGE ( 'NONE', *, *, #2511, .F. ) ;
#2771 = AXIS2_PLACEMENT_3D ( 'NONE', #2291, #5352, #1426 ) ;
#2772 = CARTESIAN_POINT ( 'NONE',  ( 1.297627796990524979E-15, 0.000000000000000000, -0.6496062992125984925 ) ) ;
#2773 = CYLINDRICAL_SURFACE ( 'NONE', #5609, 0.06249999999999997918 ) ;
#2774 = CARTESIAN_POINT ( 'NONE',  ( 0.2527441576021460801, 0.06250000000000000000, 0.1358182777168872313 ) ) ;
#2775 = CARTESIAN_POINT ( 'NONE',  ( 0.2407914353190341306, 0.000000000000000000, 0.1390209999999977852 ) ) ;
#2776 = VECTOR ( 'NONE', #2283, 39.37007874015748143 ) ;
#2777 = VERTEX_POINT ( 'NONE', #207 ) ;
#2778 = EDGE_CURVE ( 'NONE', #479, #3093, #1994, .T. ) ;
#2779 = CIRCLE ( 'NONE', #2410, 0.1000000000000000194 ) ;
#2780 = CARTESIAN_POINT ( 'NONE',  ( -0.4638348536848219128, 0.000000000000000000, 0.3038795694588172225 ) ) ;
#2781 = VECTOR ( 'NONE', #3825, 39.37007874015748143 ) ;
#2782 = VERTEX_POINT ( 'NONE', #4615 ) ;
#2783 = DIRECTION ( 'NONE',  ( 0.5000000000000044409, 0.000000000000000000, 0.8660254037844361541 ) ) ;
#2784 = VERTEX_POINT ( 'NONE', #3752 ) ;
#2785 = EDGE_CURVE ( 'NONE', #4913, #599, #3706, .T. ) ;
#2786 = AXIS2_PLACEMENT_3D ( 'NONE', #786, #3364, #729 ) ;
#2787 = EDGE_CURVE ( 'NONE', #2435, #61, #5086, .T. ) ;
#2788 = DIRECTION ( 'NONE',  ( 0.000000000000000000, 1.000000000000000000, -0.000000000000000000 ) ) ;
#2789 = PLANE ( 'NONE',  #620 ) ;
#2790 = CARTESIAN_POINT ( 'NONE',  ( -0.4794598536848218018, 0.06250000000000000000, 0.2768162755905534955 ) ) ;
#2791 = DIRECTION ( 'NONE',  ( 0.000000000000000000, 0.000000000000000000, 1.000000000000000000 ) ) ;
#2792 = VERTEX_POINT ( 'NONE', #691 ) ;
#2793 = DIRECTION ( 'NONE',  ( -0.000000000000000000, 1.000000000000000000, -0.000000000000000000 ) ) ;
#2794 = ORIENTED_EDGE ( 'NONE', *, *, #2610, .F. ) ;
#2795 = DIRECTION ( 'NONE',  ( -0.8660254037844363761, 0.000000000000000000, -0.5000000000000039968 ) ) ;
#2796 = LINE ( 'NONE', #602, #2317 ) ;
#2797 = PERSON_AND_ORGANIZATION_ROLE ( 'creator' ) ;
#2798 = VERTEX_POINT ( 'NONE', #5079 ) ;
#2799 = ORIENTED_EDGE ( 'NONE', *, *, #2714, .F. ) ;
#2800 = ORIENTED_EDGE ( 'NONE', *, *, #3383, .T. ) ;
#2801 = CARTESIAN_POINT ( 'NONE',  ( 0.05902464843040834686, 0.06250000000000000000, 0.1163503100196415507 ) ) ;
#2802 = ORIENTED_EDGE ( 'NONE', *, *, #5428, .F. ) ;
#2803 = CYLINDRICAL_SURFACE ( 'NONE', #486, 0.06250000000000001388 ) ;
#2804 = CARTESIAN_POINT ( 'NONE',  ( -0.008750000000000101447, 0.04249999999999999611, -0.3492919999999999359 ) ) ;
#2805 = DIRECTION ( 'NONE',  ( 0.000000000000000000, 0.000000000000000000, -1.000000000000000000 ) ) ;
#2806 = CYLINDRICAL_SURFACE ( 'NONE', #2032, 0.06250000000000001388 ) ;
#2807 = APPROVAL ( #1471, 'UNSPECIFIED' ) ;
#2808 = VERTEX_POINT ( 'NONE', #2918 ) ;
#2809 = DIRECTION ( 'NONE',  ( 0.000000000000000000, 0.000000000000000000, -1.000000000000000000 ) ) ;
#2810 = ORIENTED_EDGE ( 'NONE', *, *, #4479, .T. ) ;
#2811 = DIRECTION ( 'NONE',  ( 0.000000000000000000, -1.000000000000000000, 0.000000000000000000 ) ) ;
#2812 = ADVANCED_FACE ( 'NONE', ( #1587 ), #2452, .F. ) ;
#2813 = VECTOR ( 'NONE', #860, 39.37007874015748143 ) ;
#2814 = VECTOR ( 'NONE', #5230, 39.37007874015748143 ) ;
#2815 = ORIENTED_EDGE ( 'NONE', *, *, #3539, .T. ) ;
#2816 = CARTESIAN_POINT ( 'NONE',  ( 0.8119597984258359880, 0.000000000000000000, 0.4327008163679491592 ) ) ;
#2817 = EDGE_CURVE ( 'NONE', #5017, #963, #2394, .T. ) ;
#2818 = CARTESIAN_POINT ( 'NONE',  ( 0.06437500000000044575, 0.04249999999999999611, -0.1115007707372471513 ) ) ;
#2819 = FACE_OUTER_BOUND ( 'NONE', #4449, .T. ) ;
#2820 = ADVANCED_FACE ( 'NONE', ( #632 ), #4209, .F. ) ;
#2821 = DIRECTION ( 'NONE',  ( 0.000000000000000000, -1.000000000000000000, 0.000000000000000000 ) ) ;
#2822 = ORIENTED_EDGE ( 'NONE', *, *, #3200, .F. ) ;
#2823 = DIRECTION ( 'NONE',  ( -0.8660254037844437036, 0.000000000000000000, -0.4999999999999913403 ) ) ;
#2824 = ORIENTED_EDGE ( 'NONE', *, *, #5668, .T. ) ;
#2825 = DIRECTION ( 'NONE',  ( 0.000000000000000000, 0.000000000000000000, -1.000000000000000000 ) ) ;
#2826 = LINE ( 'NONE', #4614, #5519 ) ;
#2827 = ADVANCED_FACE ( 'NONE', ( #2947, #5563 ), #4706, .T. ) ;
#2828 = DIRECTION ( 'NONE',  ( 0.000000000000000000, 0.000000000000000000, 1.000000000000000000 ) ) ;
#2829 = VERTEX_POINT ( 'NONE', #3265 ) ;
#2830 = ORIENTED_EDGE ( 'NONE', *, *, #5639, .F. ) ;
#2831 = ORIENTED_EDGE ( 'NONE', *, *, #4798, .F. ) ;
#2832 = DIRECTION ( 'NONE',  ( 0.5000000000000046629, 0.000000000000000000, 0.8660254037844359321 ) ) ;
#2833 = ORIENTED_EDGE ( 'NONE', *, *, #980, .T. ) ;
#2834 = DIRECTION ( 'NONE',  ( -1.000000000000000000, 0.000000000000000000, -0.000000000000000000 ) ) ;
#2835 = CARTESIAN_POINT ( 'NONE',  ( -0.5498244177423089463, 0.06250000000000000000, 0.3174412755905510752 ) ) ;
#2836 = AXIS2_PLACEMENT_3D ( 'NONE', #2774, #5398, #2805 ) ;
#2837 = DIRECTION ( 'NONE',  ( 0.8660254037844360431, 0.000000000000000000, -0.5000000000000045519 ) ) ;
#2838 = DIRECTION ( 'NONE',  ( 0.000000000000000000, 0.000000000000000000, -1.000000000000000000 ) ) ;
#2839 = ORIENTED_EDGE ( 'NONE', *, *, #1003, .T. ) ;
#2840 = DIRECTION ( 'NONE',  ( -0.000000000000000000, -1.000000000000000000, -0.000000000000000000 ) ) ;
#2841 = AXIS2_PLACEMENT_3D ( 'NONE', #4867, #3550, #4894 ) ;
#2842 = AXIS2_PLACEMENT_3D ( 'NONE', #3942, #4810, #341 ) ;
#2843 = ORIENTED_EDGE ( 'NONE', *, *, #426, .T. ) ;
#2844 = LINE ( 'NONE', #681, #3517 ) ;
#2845 = ORIENTED_EDGE ( 'NONE', *, *, #817, .F. ) ;
#2846 = AXIS2_PLACEMENT_3D ( 'NONE', #5246, #4783, #3027 ) ;
#2847 = CIRCLE ( 'NONE', #4318, 0.2952755905511810774 ) ;
#2848 = LINE ( 'NONE', #1956, #2748 ) ;
#2849 = EDGE_CURVE ( 'NONE', #730, #1902, #1554, .T. ) ;
#2850 = PLANE ( 'NONE',  #2376 ) ;
#2851 = CIRCLE ( 'NONE', #3585, 0.03124999999999997571 ) ;
#2852 = CARTESIAN_POINT ( 'NONE',  ( -0.6416857520649560387, 0.06250000000000000000, 0.02952255831014991352 ) ) ;
#2853 = DIRECTION ( 'NONE',  ( -0.000000000000000000, -1.000000000000000000, 0.000000000000000000 ) ) ;
#2854 = EDGE_CURVE ( 'NONE', #2339, #3148, #662, .T. ) ;
#2855 = AXIS2_PLACEMENT_3D ( 'NONE', #3662, #4903, #147 ) ;
#2856 = EDGE_LOOP ( 'NONE', ( #1230, #1336, #4389, #700 ) ) ;
#2857 = AXIS2_PLACEMENT_3D ( 'NONE', #1156, #5135, #723 ) ;
#2858 = EDGE_CURVE ( 'NONE', #3791, #1259, #753, .T. ) ;
#2859 = CARTESIAN_POINT ( 'NONE',  ( -0.6577707338203201415, 0.06250000000000000000, 0.3797641102362236953 ) ) ;
#2860 = AXIS2_PLACEMENT_3D ( 'NONE', #4496, #2832, #3643 ) ;
#2861 = VERTEX_POINT ( 'NONE', #174 ) ;
#2862 = DIRECTION ( 'NONE',  ( 0.000000000000000000, 0.000000000000000000, -1.000000000000000000 ) ) ;
#2863 = LINE ( 'NONE', #4646, #3866 ) ;
#2864 = CARTESIAN_POINT ( 'NONE',  ( 0.1292906645817870903, 0.000000000000000000, 0.07464599999999879665 ) ) ;
#2865 = ORIENTED_EDGE ( 'NONE', *, *, #5353, .F. ) ;
#2866 = EDGE_CURVE ( 'NONE', #5312, #2958, #5535, .T. ) ;
#2867 = ORIENTED_EDGE ( 'NONE', *, *, #1579, .T. ) ;
#2868 = EDGE_CURVE ( 'NONE', #4773, #5278, #3694, .T. ) ;
#2869 = ORIENTED_EDGE ( 'NONE', *, *, #2470, .T. ) ;
#2870 = FACE_OUTER_BOUND ( 'NONE', #4879, .T. ) ;
#2871 = DIRECTION ( 'NONE',  ( 0.000000000000000000, -1.000000000000000000, 0.000000000000000000 ) ) ;
#2872 = CYLINDRICAL_SURFACE ( 'NONE', #2933, 0.05249999999999998418 ) ;
#2873 = ORIENTED_EDGE ( 'NONE', *, *, #3670, .T. ) ;
#2874 = ORIENTED_EDGE ( 'NONE', *, *, #2497, .T. ) ;
#2875 = DIRECTION ( 'NONE',  ( 0.000000000000000000, 1.000000000000000000, 0.000000000000000000 ) ) ;
#2876 = VECTOR ( 'NONE', #5578, 39.37007874015748143 ) ;
#2877 = ORIENTED_EDGE ( 'NONE', *, *, #1762, .T. ) ;
#2878 = LINE ( 'NONE', #2323, #4429 ) ;
#2879 = AXIS2_PLACEMENT_3D ( 'NONE', #3931, #5680, #1735 ) ;
#2880 = ORIENTED_EDGE ( 'NONE', *, *, #3248, .F. ) ;
#2881 = VECTOR ( 'NONE', #1641, 39.37007874015748143 ) ;
#2882 = PLANE ( 'NONE',  #5239 ) ;
#2883 = FACE_OUTER_BOUND ( 'NONE', #4309, .T. ) ;
#2884 = CARTESIAN_POINT ( 'NONE',  ( 1.297627796990524979E-15, 0.06250000000000000000, -0.9448818897637796255 ) ) ;
#2885 = CIRCLE ( 'NONE', #2150, 0.03124999999999998959 ) ;
#2886 = ADVANCED_FACE ( 'NONE', ( #3354 ), #1154, .T. ) ;
#2887 = CARTESIAN_POINT ( 'NONE',  ( -0.008749999999999992159, 0.04249999999999999611, -0.1717920000000000280 ) ) ;
#2888 = CARTESIAN_POINT ( 'NONE',  ( -0.4663228300057806752, 0.04249999999999999611, 0.3370702680628883674 ) ) ;
#2889 = ORIENTED_EDGE ( 'NONE', *, *, #879, .F. ) ;
#2890 = FACE_OUTER_BOUND ( 'NONE', #2358, .T. ) ;
#2891 = FACE_OUTER_BOUND ( 'NONE', #1348, .T. ) ;
#2892 = EDGE_CURVE ( 'NONE', #3938, #3935, #4270, .T. ) ;
#2893 = CARTESIAN_POINT ( 'NONE',  ( 0.000000000000000000, 0.000000000000000000, 0.05249999999999999806 ) ) ;
#2894 = ADVANCED_FACE ( 'NONE', ( #2086 ), #3411, .F. ) ;
#2895 = LINE ( 'NONE', #1244, #1950 ) ;
#2896 = CIRCLE ( 'NONE', #1142, 0.03124999999999997571 ) ;
#2897 = ORIENTED_EDGE ( 'NONE', *, *, #3535, .F. ) ;
#2898 = DIRECTION ( 'NONE',  ( 0.000000000000000000, 1.000000000000000000, 0.000000000000000000 ) ) ;
#2899 = EDGE_CURVE ( 'NONE', #1480, #3310, #5590, .T. ) ;
#2900 = CARTESIAN_POINT ( 'NONE',  ( -0.1906569860407206496, 0.000000000000000000, 0.4606995292418972210 ) ) ;
#2901 = DIRECTION ( 'NONE',  ( 0.000000000000000000, -1.000000000000000000, 0.000000000000000000 ) ) ;
#2902 = ORIENTED_EDGE ( 'NONE', *, *, #5557, .F. ) ;
#2903 = EDGE_CURVE ( 'NONE', #867, #3251, #1476, .T. ) ;
#2904 = VERTEX_POINT ( 'NONE', #4468 ) ;
#2905 = CARTESIAN_POINT ( 'NONE',  ( -0.8119597984258298817, 0.06250000000000000000, 0.4327008163679606501 ) ) ;
#2906 = EDGE_LOOP ( 'NONE', ( #3360, #4192, #5282, #36 ) ) ;
#2907 = DIRECTION ( 'NONE',  ( -1.169270621478281311E-16, 0.000000000000000000, -1.000000000000000000 ) ) ;
#2908 = VERTEX_POINT ( 'NONE', #5422 ) ;
#2909 = CARTESIAN_POINT ( 'NONE',  ( 0.5962194183662725688, 0.000000000000000000, 0.003272558310150574558 ) ) ;
#2910 = DIRECTION ( 'NONE',  ( 0.000000000000000000, 0.000000000000000000, 1.000000000000000000 ) ) ;
#2911 = CARTESIAN_POINT ( 'NONE',  ( 0.2952755905511824097, 0.000000000000000000, -0.5704774416898490408 ) ) ;
#2912 = AXIS2_PLACEMENT_3D ( 'NONE', #2004, #363, #3829 ) ;
#2913 = LINE ( 'NONE', #5468, #4512 ) ;
#2914 = DIRECTION ( 'NONE',  ( 0.000000000000000000, -1.000000000000000000, 0.000000000000000000 ) ) ;
#2915 = ORIENTED_EDGE ( 'NONE', *, *, #4268, .T. ) ;
#2916 = DIRECTION ( 'NONE',  ( 0.000000000000000000, -1.000000000000000000, 0.000000000000000000 ) ) ;
#2917 = CARTESIAN_POINT ( 'NONE',  ( 0.5065231475530895811, 0.06250000000000000000, 0.2924412755905463901 ) ) ;
#2918 = CARTESIAN_POINT ( 'NONE',  ( -0.6871520857636389534, 0.000000000000000000, 0.05577255831014998194 ) ) ;
#2919 = CARTESIAN_POINT ( 'NONE',  ( 0.2564164353190338530, 0.000000000000000000, 0.1119577061317338362 ) ) ;
#2920 = ORIENTED_EDGE ( 'NONE', *, *, #5151, .T. ) ;
#2921 = EDGE_CURVE ( 'NONE', #2861, #3519, #482, .T. ) ;
#2922 = ORIENTED_EDGE ( 'NONE', *, *, #1084, .F. ) ;
#2923 = EDGE_CURVE ( 'NONE', #28, #2252, #4991, .T. ) ;
#2924 = DIRECTION ( 'NONE',  ( 0.5000000000000011102, 0.000000000000000000, -0.8660254037844380415 ) ) ;
#2925 = DIRECTION ( 'NONE',  ( -0.5000000000000007772, 0.000000000000000000, 0.8660254037844382635 ) ) ;
#2926 = CARTESIAN_POINT ( 'NONE',  ( -0.4663228300057806752, 0.06250000000000000000, 0.3370702680628883674 ) ) ;
#2927 = ORIENTED_EDGE ( 'NONE', *, *, #747, .F. ) ;
#2928 = CARTESIAN_POINT ( 'NONE',  ( 0.1237500000000017475, 0.06250000000000000000, 4.925412328896021184E-17 ) ) ;
#2929 = ADVANCED_FACE ( 'NONE', ( #127 ), #3674, .T. ) ;
#2930 = EDGE_CURVE ( 'NONE', #2861, #2908, #47, .T. ) ;
#2931 = ORIENTED_EDGE ( 'NONE', *, *, #4761, .T. ) ;
#2932 = CARTESIAN_POINT ( 'NONE',  ( -0.2564164353190324097, 0.000000000000000000, 0.1119577061317374722 ) ) ;
#2933 = AXIS2_PLACEMENT_3D ( 'NONE', #2491, #4333, #387 ) ;
#2934 = ORIENTED_EDGE ( 'NONE', *, *, #1433, .F. ) ;
#2935 = AXIS2_PLACEMENT_3D ( 'NONE', #5526, #3776, #2938 ) ;
#2936 = EDGE_CURVE ( 'NONE', #3067, #3506, #5444, .T. ) ;
#2937 = DIRECTION ( 'NONE',  ( -3.278217592397117045E-15, 0.000000000000000000, 1.000000000000000000 ) ) ;
#2938 = DIRECTION ( 'NONE',  ( 0.4999999999999997224, 0.000000000000000000, 0.8660254037844388186 ) ) ;
#2939 = AXIS2_PLACEMENT_3D ( 'NONE', #3885, #1254, #5633 ) ;
#2940 = DIRECTION ( 'NONE',  ( 0.000000000000000000, 1.000000000000000000, 0.000000000000000000 ) ) ;
#2941 = ORIENTED_EDGE ( 'NONE', *, *, #2970, .F. ) ;
#2942 = DIRECTION ( 'NONE',  ( -0.000000000000000000, -1.000000000000000000, -0.000000000000000000 ) ) ;
#2943 = CARTESIAN_POINT ( 'NONE',  ( 0.2668707453386729989, 0.04249999999999999611, 0.2363503100196424900 ) ) ;
#2944 = ORIENTED_EDGE ( 'NONE', *, *, #5491, .F. ) ;
#2945 = CARTESIAN_POINT ( 'NONE',  ( 0.4650856180304784315, 0.04249999999999999611, 0.3392427147418499711 ) ) ;
#2946 = CARTESIAN_POINT ( 'NONE',  ( 0.03124999999999987510, 0.000000000000000000, -0.9195282204724408714 ) ) ;
#2947 = FACE_OUTER_BOUND ( 'NONE', #1245, .T. ) ;
#2948 = AXIS2_PLACEMENT_3D ( 'NONE', #5023, #5056, #1192 ) ;
#2949 = MANIFOLD_SOLID_BREP ( 'Fillet7', #4790 ) ;
#2950 = CARTESIAN_POINT ( 'NONE',  ( -0.2678547291872958591, 0.000000000000000000, 0.1546460000000012824 ) ) ;
#2951 = EDGE_LOOP ( 'NONE', ( #2662, #4049, #4177, #3374 ) ) ;
#2952 = AXIS2_PLACEMENT_3D ( 'NONE', #1398, #1017, #2718 ) ;
#2953 = EDGE_LOOP ( 'NONE', ( #1961, #5189, #1251, #3426, #5216, #1359 ) ) ;
#2954 = AXIS2_PLACEMENT_3D ( 'NONE', #3778, #685, #2383 ) ;
#2955 = LINE ( 'NONE', #4710, #3344 ) ;
#2956 = DIRECTION ( 'NONE',  ( -4.440892098500629317E-15, 0.000000000000000000, -1.000000000000000000 ) ) ;
#2957 = CARTESIAN_POINT ( 'NONE',  ( 0.8182917201112818173, 0.06250000000000000000, 0.4724409448818926438 ) ) ;
#2958 = VERTEX_POINT ( 'NONE', #3587 ) ;
#2959 = ORIENTED_EDGE ( 'NONE', *, *, #4329, .F. ) ;
#2960 = CARTESIAN_POINT ( 'NONE',  ( 0.4650856180304784315, 0.06250000000000000000, 0.3392427147418499711 ) ) ;
#2961 = EDGE_LOOP ( 'NONE', ( #2602, #3366, #4185, #4439 ) ) ;
#2962 = FACE_OUTER_BOUND ( 'NONE', #4770, .T. ) ;
#2963 = EDGE_CURVE ( 'NONE', #5301, #1765, #3616, .T. ) ;
#2964 = ORIENTED_EDGE ( 'NONE', *, *, #1470, .T. ) ;
#2965 = AXIS2_PLACEMENT_3D ( 'NONE', #538, #4457, #141 ) ;
#2966 = CARTESIAN_POINT ( 'NONE',  ( 0.000000000000000000, 0.06250000000000000000, 0.3409548833797020340 ) ) ;
#2967 = AXIS2_PLACEMENT_3D ( 'NONE', #5153, #5604, #5181 ) ;
#2968 = CARTESIAN_POINT ( 'NONE',  ( -0.5625755575765063465, 0.06250000000000000000, 0.3248031496063001344 ) ) ;
#2969 = CARTESIAN_POINT ( 'NONE',  ( 0.01562499999999967908, 0.000000000000000000, -0.02706329386826376859 ) ) ;
#2970 = EDGE_CURVE ( 'NONE', #3377, #2155, #1886, .T. ) ;
#2971 = ORIENTED_EDGE ( 'NONE', *, *, #1232, .F. ) ;
#2972 = EDGE_CURVE ( 'NONE', #2590, #4341, #1127, .T. ) ;
#2973 = AXIS2_PLACEMENT_3D ( 'NONE', #1966, #2060, #4647 ) ;
#2974 = DIRECTION ( 'NONE',  ( 0.000000000000000000, 0.000000000000000000, -1.000000000000000000 ) ) ;
#2975 = LINE ( 'NONE', #5586, #5150 ) ;
#2976 = ORIENTED_EDGE ( 'NONE', *, *, #5221, .T. ) ;
#2977 = AXIS2_PLACEMENT_3D ( 'NONE', #3563, #5315, #1366 ) ;
#2978 = FACE_OUTER_BOUND ( 'NONE', #792, .T. ) ;
#2979 = LOCAL_TIME ( 19, 46, 42.00000000000000000, #4523 ) ;
#2980 = FACE_OUTER_BOUND ( 'NONE', #4748, .T. ) ;
#2981 = DIRECTION ( 'NONE',  ( 0.8660254037844362651, 0.000000000000000000, 0.5000000000000041078 ) ) ;
#2982 = EDGE_LOOP ( 'NONE', ( #2661, #1343, #985, #5193 ) ) ;
#2983 = ORIENTED_EDGE ( 'NONE', *, *, #2868, .F. ) ;
#2984 = ORIENTED_EDGE ( 'NONE', *, *, #43, .F. ) ;
#2985 = CARTESIAN_POINT ( 'NONE',  ( -0.07124999999999999389, 0.06250000000000000000, -0.1717919999999998615 ) ) ;
#2986 = CARTESIAN_POINT ( 'NONE',  ( -0.03125000000000004163, 0.04249999999999999611, -0.2780419999999999559 ) ) ;
#2987 = CARTESIAN_POINT ( 'NONE',  ( 0.1550000000000017752, 0.06250000000000000000, -0.05917840259193651170 ) ) ;
#2988 = VERTEX_POINT ( 'NONE', #504 ) ;
#2989 = ORIENTED_EDGE ( 'NONE', *, *, #4901, .F. ) ;
#2990 = LINE ( 'NONE', #1597, #4382 ) ;
#2991 = FACE_OUTER_BOUND ( 'NONE', #3224, .T. ) ;
#2992 = EDGE_LOOP ( 'NONE', ( #5092, #4021, #5146, #5471 ) ) ;
#2993 = EDGE_CURVE ( 'NONE', #2517, #3938, #1802, .T. ) ;
#2994 = CARTESIAN_POINT ( 'NONE',  ( -0.07124999999999999389, 0.04249999999999999611, -0.1717920000000000003 ) ) ;
#2995 = CARTESIAN_POINT ( 'NONE',  ( 0.7536465045575726496, 0.06250000000000000000, 0.4712024041044771128 ) ) ;
#2996 = CARTESIAN_POINT ( 'NONE',  ( -0.07744534365312923108, 0.06250000000000000000, 0.2568893139328065622 ) ) ;
#2997 = ORIENTED_EDGE ( 'NONE', *, *, #1504, .T. ) ;
#2998 = CARTESIAN_POINT ( 'NONE',  ( 0.2564164353190340195, 0.04249999999999999611, 0.1119577061317339195 ) ) ;
#2999 = EDGE_CURVE ( 'NONE', #4255, #2522, #3803, .T. ) ;
#3000 = CARTESIAN_POINT ( 'NONE',  ( 0.2487500000000011924, 0.04249999999999999611, -0.1493893821528159416 ) ) ;
#3001 = ORIENTED_EDGE ( 'NONE', *, *, #5388, .F. ) ;
#3002 = CARTESIAN_POINT ( 'NONE',  ( -0.03124999999999968428, 0.000000000000000000, 2.167603998879093036E-17 ) ) ;
#3003 = ADVANCED_FACE ( 'NONE', ( #979 ), #2803, .T. ) ;
#3004 = CARTESIAN_POINT ( 'NONE',  ( -0.3464101615137755164, 0.000000000000000000, 0.5409548833797019896 ) ) ;
#3005 = VECTOR ( 'NONE', #4307, 39.37007874015748143 ) ;
#3006 = DIRECTION ( 'NONE',  ( -0.000000000000000000, 1.000000000000000000, -0.000000000000000000 ) ) ;
#3007 = ORIENTED_EDGE ( 'NONE', *, *, #5665, .T. ) ;
#3008 = VERTEX_POINT ( 'NONE', #2344 ) ;
#3009 = EDGE_CURVE ( 'NONE', #1145, #2808, #4813, .T. ) ;
#3010 = CARTESIAN_POINT ( 'NONE',  ( -0.06624999999999922617, 0.06250000000000000000, -0.6348973175201051422 ) ) ;
#3011 = DIRECTION ( 'NONE',  ( 0.000000000000000000, 0.000000000000000000, -1.000000000000000000 ) ) ;
#3012 = CYLINDRICAL_SURFACE ( 'NONE', #2786, 0.03125000000000000694 ) ;
#3013 = EDGE_LOOP ( 'NONE', ( #1169, #4929, #5539, #5112 ) ) ;
#3014 = ORIENTED_EDGE ( 'NONE', *, *, #1406, .T. ) ;
#3015 = CARTESIAN_POINT ( 'NONE',  ( -0.1563539584500497348, 0.000000000000000000, 0.09027100000000073954 ) ) ;
#3016 = CARTESIAN_POINT ( 'NONE',  ( -0.2537499999999992539, 0.04249999999999999611, -0.1493893821528155252 ) ) ;
#3017 = ORIENTED_EDGE ( 'NONE', *, *, #3288, .T. ) ;
#3018 = VECTOR ( 'NONE', #2837, 39.37007874015747433 ) ;
#3019 = CARTESIAN_POINT ( 'NONE',  ( -0.5300728300057810927, 0.06250000000000000000, 0.2266520290803715199 ) ) ;
#3020 = DIRECTION ( 'NONE',  ( -0.000000000000000000, 1.000000000000000000, -0.000000000000000000 ) ) ;
#3021 = LINE ( 'NONE', #3893, #5615 ) ;
#3022 = CIRCLE ( 'NONE', #3482, 0.03125000000000000694 ) ;
#3023 = ORIENTED_EDGE ( 'NONE', *, *, #5583, .F. ) ;
#3024 = CIRCLE ( 'NONE', #1267, 0.2952755905511810774 ) ;
#3025 = DIRECTION ( 'NONE',  ( 0.000000000000000000, 1.000000000000000000, -0.000000000000000000 ) ) ;
#3026 = EDGE_CURVE ( 'NONE', #1730, #862, #5397, .T. ) ;
#3027 = DIRECTION ( 'NONE',  ( 0.000000000000000000, 0.000000000000000000, -1.000000000000000000 ) ) ;
#3028 = AXIS2_PLACEMENT_3D ( 'NONE', #2512, #3816, #5561 ) ;
#3029 = AXIS2_PLACEMENT_3D ( 'NONE', #2477, #3321, #5105 ) ;
#3030 = ORIENTED_EDGE ( 'NONE', *, *, #854, .F. ) ;
#3031 = CARTESIAN_POINT ( 'NONE',  ( -0.1287499999999991429, 0.04249999999999999611, 1.576744273119750504E-17 ) ) ;
#3032 = DIRECTION ( 'NONE',  ( 0.000000000000000000, -1.000000000000000000, 0.000000000000000000 ) ) ;
#3033 = EDGE_CURVE ( 'NONE', #3461, #3310, #3211, .T. ) ;
#3034 = CARTESIAN_POINT ( 'NONE',  ( 0.6871520857636386204, 0.000000000000000000, 0.05577255831015086318 ) ) ;
#3035 = VECTOR ( 'NONE', #1489, 39.37007874015748143 ) ;
#3036 = EDGE_CURVE ( 'NONE', #891, #1566, #1492, .T. ) ;
#3037 = ORIENTED_EDGE ( 'NONE', *, *, #3848, .T. ) ;
#3038 = VERTEX_POINT ( 'NONE', #3131 ) ;
#3039 = AXIS2_PLACEMENT_3D ( 'NONE', #2215, #1668, #5695 ) ;
#3040 = CARTESIAN_POINT ( 'NONE',  ( 0.2127441576021456837, 0.04249999999999999611, 0.2051003100196422124 ) ) ;
#3041 = CIRCLE ( 'NONE', #3777, 0.2952755905511810774 ) ;
#3042 = DIRECTION ( 'NONE',  ( 0.000000000000000000, 0.000000000000000000, -1.000000000000000000 ) ) ;
#3043 = EDGE_CURVE ( 'NONE', #5458, #2398, #1396, .T. ) ;
#3044 = CARTESIAN_POINT ( 'NONE',  ( 0.6416857520649560387, 0.06250000000000000000, 0.08202255831014997056 ) ) ;
#3045 = ORIENTED_EDGE ( 'NONE', *, *, #2018, .T. ) ;
#3046 = VERTEX_POINT ( 'NONE', #2693 ) ;
#3047 = ADVANCED_FACE ( 'NONE', ( #3159 ), #4909, .F. ) ;
#3048 = DIRECTION ( 'NONE',  ( 0.8660254037844359321, 0.000000000000000000, -0.5000000000000046629 ) ) ;
#3049 = VECTOR ( 'NONE', #2345, 39.37007874015748143 ) ;
#3050 = AXIS2_PLACEMENT_3D ( 'NONE', #209, #1132, #2541 ) ;
#3051 = CYLINDRICAL_SURFACE ( 'NONE', #3210, 0.03125000000000000694 ) ;
#3052 = ORIENTED_EDGE ( 'NONE', *, *, #3288, .F. ) ;
#3053 = CARTESIAN_POINT ( 'NONE',  ( -0.3679590829475756775, 0.000000000000000000, 0.2124412755905529249 ) ) ;
#3054 = CIRCLE ( 'NONE', #2764, 0.03124999999999997571 ) ;
#3055 = CARTESIAN_POINT ( 'NONE',  ( 0.4794598536848256320, 0.06250000000000000000, 0.2768162755905466677 ) ) ;
#3056 = CARTESIAN_POINT ( 'NONE',  ( 0.2439941576021459613, 0.06250000000000000000, 0.1509737222831149250 ) ) ;
#3057 = VERTEX_POINT ( 'NONE', #641 ) ;
#3058 = CARTESIAN_POINT ( 'NONE',  ( 0.01562499999999998959, 0.000000000000000000, 0.02706329386826335573 ) ) ;
#3059 = DIRECTION ( 'NONE',  ( -0.000000000000000000, -1.000000000000000000, -0.000000000000000000 ) ) ;
#3060 = ORIENTED_EDGE ( 'NONE', *, *, #1516, .F. ) ;
#3061 = LINE ( 'NONE', #5588, #1636 ) ;
#3062 = DIRECTION ( 'NONE',  ( 0.000000000000000000, 0.000000000000000000, 1.000000000000000000 ) ) ;
#3063 = AXIS2_PLACEMENT_3D ( 'NONE', #96, #5347, #3241 ) ;
#3064 = APPROVAL ( #121, 'UNSPECIFIED' ) ;
#3065 = VECTOR ( 'NONE', #4284, 39.37007874015748143 ) ;
#3066 = DIRECTION ( 'NONE',  ( -0.000000000000000000, -1.000000000000000000, -0.000000000000000000 ) ) ;
#3067 = VERTEX_POINT ( 'NONE', #2368 ) ;
#3068 = CIRCLE ( 'NONE', #308, 0.03125000000000000694 ) ;
#3069 = EDGE_CURVE ( 'NONE', #3442, #2523, #5022, .T. ) ;
#3070 = VERTEX_POINT ( 'NONE', #3794 ) ;
#3071 = DIRECTION ( 'NONE',  ( 0.000000000000000000, -1.000000000000000000, 0.000000000000000000 ) ) ;
#3072 = CARTESIAN_POINT ( 'NONE',  ( -0.2224999999999992539, 0.06250000000000000000, -0.09526279441628812683 ) ) ;
#3073 = ORIENTED_EDGE ( 'NONE', *, *, #2253, .F. ) ;
#3074 = VECTOR ( 'NONE', #4362, 39.37007874015748143 ) ;
#3075 = ORIENTED_EDGE ( 'NONE', *, *, #3009, .T. ) ;
#3076 = CARTESIAN_POINT ( 'NONE',  ( -0.03124999999999998959, 0.000000000000000000, -0.1805419999999999803 ) ) ;
#3077 = EDGE_CURVE ( 'NONE', #3057, #2405, #1562, .T. ) ;
#3078 = DIRECTION ( 'NONE',  ( 0.000000000000000000, 0.000000000000000000, 1.000000000000000000 ) ) ;
#3079 = EDGE_CURVE ( 'NONE', #546, #3989, #3068, .T. ) ;
#3080 = CARTESIAN_POINT ( 'NONE',  ( -0.008749999999999957465, 0.06250000000000000000, -0.1092920000000000280 ) ) ;
#3081 = ORIENTED_EDGE ( 'NONE', *, *, #1053, .F. ) ;
#3082 = CIRCLE ( 'NONE', #5103, 0.03124999999999997571 ) ;
#3083 = FACE_OUTER_BOUND ( 'NONE', #4106, .T. ) ;
#3084 = CARTESIAN_POINT ( 'NONE',  ( -0.002499999999998761026, 0.04249999999999999611, 0.2136195996001624409 ) ) ;
#3085 = DIRECTION ( 'NONE',  ( 0.000000000000000000, -1.000000000000000000, 0.000000000000000000 ) ) ;
#3086 = VERTEX_POINT ( 'NONE', #3758 ) ;
#3087 = DIRECTION ( 'NONE',  ( 0.000000000000000000, 0.000000000000000000, -1.000000000000000000 ) ) ;
#3088 = CARTESIAN_POINT ( 'NONE',  ( -0.7008260054788358895, 0.04249999999999999611, 0.1808988536073167230 ) ) ;
#3089 = LINE ( 'NONE', #4785, #4400 ) ;
#3090 = CARTESIAN_POINT ( 'NONE',  ( -0.07124999999999999389, 0.04249999999999999611, -0.1092920000000000280 ) ) ;
#3091 = DIRECTION ( 'NONE',  ( -0.000000000000000000, -1.000000000000000000, -0.000000000000000000 ) ) ;
#3092 = ORIENTED_EDGE ( 'NONE', *, *, #2638, .T. ) ;
#3093 = VERTEX_POINT ( 'NONE', #2065 ) ;
#3094 = CIRCLE ( 'NONE', #595, 0.03124999999999997571 ) ;
#3095 = DIRECTION ( 'NONE',  ( 0.000000000000000000, 0.000000000000000000, -1.000000000000000000 ) ) ;
#3096 = DIRECTION ( 'NONE',  ( 0.000000000000000000, 0.000000000000000000, 1.000000000000000000 ) ) ;
#3097 = CARTESIAN_POINT ( 'NONE',  ( -1.024442997624098707E-16, 0.06250000000000000000, -0.8882782204724408714 ) ) ;
#3098 = ORIENTED_EDGE ( 'NONE', *, *, #1051, .F. ) ;
#3099 = ORIENTED_EDGE ( 'NONE', *, *, #885, .F. ) ;
#3100 = EDGE_CURVE ( 'NONE', #155, #5301, #5055, .T. ) ;
#3101 = DIRECTION ( 'NONE',  ( 0.8660254037844362651, 0.000000000000000000, 0.5000000000000041078 ) ) ;
#3102 = DIRECTION ( 'NONE',  ( 0.000000000000000000, -1.000000000000000000, 0.000000000000000000 ) ) ;
#3103 = CARTESIAN_POINT ( 'NONE',  ( 0.2952755905511824097, 0.06250000000000000000, -0.1704774416898490463 ) ) ;
#3104 = ORIENTED_EDGE ( 'NONE', *, *, #5566, .F. ) ;
#3105 = EDGE_CURVE ( 'NONE', #4198, #5301, #1942, .T. ) ;
#3106 = EDGE_CURVE ( 'NONE', #3262, #2044, #3806, .T. ) ;
#3107 = LINE ( 'NONE', #2669, #2047 ) ;
#3108 = DIRECTION ( 'NONE',  ( -0.000000000000000000, -1.000000000000000000, -0.000000000000000000 ) ) ;
#3109 = EDGE_LOOP ( 'NONE', ( #3635, #149, #5094, #4912 ) ) ;
#3110 = EDGE_CURVE ( 'NONE', #3819, #3830, #5140, .T. ) ;
#3111 = EDGE_CURVE ( 'NONE', #2688, #5550, #4527, .T. ) ;
#3112 = DIRECTION ( 'NONE',  ( 0.000000000000000000, -1.000000000000000000, 0.000000000000000000 ) ) ;
#3113 = DIRECTION ( 'NONE',  ( -0.000000000000000000, 1.000000000000000000, -0.000000000000000000 ) ) ;
#3114 = DIRECTION ( 'NONE',  ( 0.8660254037844360431, 0.000000000000000000, -0.5000000000000044409 ) ) ;
#3115 = AXIS2_PLACEMENT_3D ( 'NONE', #3969, #478, #5348 ) ;
#3116 = DIRECTION ( 'NONE',  ( -3.980131174865415040E-16, 0.000000000000000000, 1.000000000000000000 ) ) ;
#3117 = ORIENTED_EDGE ( 'NONE', *, *, #4950, .F. ) ;
#3118 = AXIS2_PLACEMENT_3D ( 'NONE', #294, #3786, #2862 ) ;
#3119 = AXIS2_PLACEMENT_3D ( 'NONE', #1574, #2472, #2355 ) ;
#3120 = VERTEX_POINT ( 'NONE', #1505 ) ;
#3121 = DIRECTION ( 'NONE',  ( 0.000000000000000000, 0.000000000000000000, 1.000000000000000000 ) ) ;
#3122 = CARTESIAN_POINT ( 'NONE',  ( 1.038208950404672484E-17, 0.000000000000000000, -0.1492919999999999803 ) ) ;
#3123 = VECTOR ( 'NONE', #1405, 39.37007874015748854 ) ;
#3124 = EDGE_CURVE ( 'NONE', #3642, #2798, #4989, .T. ) ;
#3125 = DIRECTION ( 'NONE',  ( -0.000000000000000000, -1.000000000000000000, -0.000000000000000000 ) ) ;
#3126 = ORIENTED_EDGE ( 'NONE', *, *, #1373, .F. ) ;
#3127 = ORIENTED_EDGE ( 'NONE', *, *, #2216, .F. ) ;
#3128 = DIRECTION ( 'NONE',  ( -0.000000000000000000, 1.000000000000000000, 0.000000000000000000 ) ) ;
#3129 = VECTOR ( 'NONE', #2025, 39.37007874015748143 ) ;
#3130 = FACE_OUTER_BOUND ( 'NONE', #2478, .T. ) ;
#3131 = CARTESIAN_POINT ( 'NONE',  ( -0.2981207453386732209, 0.06250000000000000000, 0.1822237222831152303 ) ) ;
#3132 = FACE_OUTER_BOUND ( 'NONE', #1821, .T. ) ;
#3133 = VERTEX_POINT ( 'NONE', #183 ) ;
#3134 = CIRCLE ( 'NONE', #3960, 0.03124999999999998959 ) ;
#3135 = VECTOR ( 'NONE', #977, 39.37007874015748143 ) ;
#3136 = DIRECTION ( 'NONE',  ( 0.000000000000000000, 1.000000000000000000, 0.000000000000000000 ) ) ;
#3137 = ADVANCED_FACE ( 'NONE', ( #2870 ), #5543, .T. ) ;
#3138 = AXIS2_PLACEMENT_3D ( 'NONE', #4348, #4811, #826 ) ;
#3139 = EDGE_CURVE ( 'NONE', #1227, #3958, #3710, .T. ) ;
#3140 = LINE ( 'NONE', #2724, #5411 ) ;
#3141 = ADVANCED_FACE ( 'NONE', ( #214 ), #1973, .F. ) ;
#3142 = DIRECTION ( 'NONE',  ( 0.000000000000000000, 1.000000000000000000, 0.000000000000000000 ) ) ;
#3143 = DIRECTION ( 'NONE',  ( 0.000000000000000000, 0.000000000000000000, 1.000000000000000000 ) ) ;
#3144 = EDGE_CURVE ( 'NONE', #2908, #5476, #4256, .T. ) ;
#3145 = CARTESIAN_POINT ( 'NONE',  ( -0.1302746484304089236, 0.04249999999999999611, -0.007058310019640639740 ) ) ;
#3146 = VECTOR ( 'NONE', #4080, 39.37007874015748143 ) ;
#3147 = ORIENTED_EDGE ( 'NONE', *, *, #2326, .T. ) ;
#3148 = VERTEX_POINT ( 'NONE', #4188 ) ;
#3149 = DIRECTION ( 'NONE',  ( 0.000000000000000000, 0.000000000000000000, -1.000000000000000000 ) ) ;
#3150 = VECTOR ( 'NONE', #4823, 39.37007874015748143 ) ;
#3151 = DIRECTION ( 'NONE',  ( 0.000000000000000000, 0.000000000000000000, -1.000000000000000000 ) ) ;
#3152 = DIRECTION ( 'NONE',  ( -0.000000000000000000, 1.000000000000000000, -0.000000000000000000 ) ) ;
#3153 = ORIENTED_EDGE ( 'NONE', *, *, #768, .T. ) ;
#3154 = ORIENTED_EDGE ( 'NONE', *, *, #5138, .T. ) ;
#3155 = VECTOR ( 'NONE', #1937, 39.37007874015748143 ) ;
#3156 = FACE_OUTER_BOUND ( 'NONE', #2737, .T. ) ;
#3157 = ORIENTED_EDGE ( 'NONE', *, *, #554, .T. ) ;
#3158 = FACE_BOUND ( 'NONE', #3268, .T. ) ;
#3159 = FACE_OUTER_BOUND ( 'NONE', #2286, .T. ) ;
#3160 = AXIS2_PLACEMENT_3D ( 'NONE', #2094, #5599, #3420 ) ;
#3161 = CARTESIAN_POINT ( 'NONE',  ( -0.09902464843040864606, 0.04249999999999999611, 0.04706827771688663203 ) ) ;
#3162 = DIRECTION ( 'NONE',  ( 0.5000000000000037748, 0.000000000000000000, -0.8660254037844365982 ) ) ;
#3163 = ORIENTED_EDGE ( 'NONE', *, *, #5085, .F. ) ;
#3164 = ORIENTED_EDGE ( 'NONE', *, *, #3009, .F. ) ;
#3165 = CARTESIAN_POINT ( 'NONE',  ( 0.5498372057670060098, 0.04249999999999999611, 0.3174486587600527931 ) ) ;
#3166 = VERTEX_POINT ( 'NONE', #1136 ) ;
#3167 = AXIS2_PLACEMENT_3D ( 'NONE', #5589, #3410, #1215 ) ;
#3168 = ADVANCED_FACE ( 'NONE', ( #4159 ), #697, .F. ) ;
#3169 = CARTESIAN_POINT ( 'NONE',  ( 0.1719789584500506785, 0.000000000000000000, 0.06320770613173469499 ) ) ;
#3170 = CARTESIAN_POINT ( 'NONE',  ( -5.187931594783850444E-19, 0.000000000000000000, -0.4561325511811023525 ) ) ;
#3171 = LINE ( 'NONE', #4919, #2157 ) ;
#3172 = LINE ( 'NONE', #5409, #3696 ) ;
#3173 = EDGE_CURVE ( 'NONE', #1190, #3057, #2955, .T. ) ;
#3174 = ORIENTED_EDGE ( 'NONE', *, *, #4138, .T. ) ;
#3175 = ORIENTED_EDGE ( 'NONE', *, *, #1428, .T. ) ;
#3176 = CARTESIAN_POINT ( 'NONE',  ( -5.235597351138785502E-17, 0.000000000000000000, -0.9195282204724408714 ) ) ;
#3177 = DIRECTION ( 'NONE',  ( -0.8660254037844382635, 0.000000000000000000, -0.5000000000000007772 ) ) ;
#3178 = LINE ( 'NONE', #1796, #4635 ) ;
#3179 = ORIENTED_EDGE ( 'NONE', *, *, #1097, .F. ) ;
#3180 = VERTEX_POINT ( 'NONE', #3300 ) ;
#3181 = EDGE_CURVE ( 'NONE', #4739, #4069, #29, .T. ) ;
#3182 = DIRECTION ( 'NONE',  ( 0.000000000000000000, 0.000000000000000000, 1.000000000000000000 ) ) ;
#3183 = CARTESIAN_POINT ( 'NONE',  ( -0.2952755905511798007, 0.06250000000000000000, -0.5179774416898490497 ) ) ;
#3184 = DIRECTION ( 'NONE',  ( 0.000000000000000000, 0.000000000000000000, -1.000000000000000000 ) ) ;
#3185 = AXIS2_PLACEMENT_3D ( 'NONE', #818, #1167, #5095 ) ;
#3186 = EDGE_LOOP ( 'NONE', ( #3633, #3437, #3179, #3060 ) ) ;
#3187 = CARTESIAN_POINT ( 'NONE',  ( -0.1912499999999991429, 0.06250000000000000000, -0.1133049903284640142 ) ) ;
#3188 = ORIENTED_EDGE ( 'NONE', *, *, #4112, .T. ) ;
#3189 = DIRECTION ( 'NONE',  ( 0.000000000000000000, 0.000000000000000000, -1.000000000000000000 ) ) ;
#3190 = ORIENTED_EDGE ( 'NONE', *, *, #2289, .F. ) ;
#3191 = FACE_OUTER_BOUND ( 'NONE', #1160, .T. ) ;
#3192 = LINE ( 'NONE', #1898, #1731 ) ;
#3193 = CARTESIAN_POINT ( 'NONE',  ( 0.06062500000000072692, 0.04249999999999999611, 0.1050055802088643575 ) ) ;
#3194 = EDGE_CURVE ( 'NONE', #2091, #2687, #1766, .T. ) ;
#3195 = CARTESIAN_POINT ( 'NONE',  ( 1.238765009752039999E-17, 0.04249999999999999611, -0.2780419999999999559 ) ) ;
#3196 = VERTEX_POINT ( 'NONE', #2985 ) ;
#3197 = CIRCLE ( 'NONE', #4578, 0.06250000000000000000 ) ;
#3198 = ORIENTED_EDGE ( 'NONE', *, *, #5639, .T. ) ;
#3199 = CARTESIAN_POINT ( 'NONE',  ( -0.5841994177423085466, 0.04249999999999999611, 0.2579020290803715199 ) ) ;
#3200 = EDGE_CURVE ( 'NONE', #494, #2341, #4766, .T. ) ;
#3201 = CARTESIAN_POINT ( 'NONE',  ( -0.5433260054788351390, 0.04249999999999999611, 0.4536968557994159879 ) ) ;
#3202 = PERSON_AND_ORGANIZATION_ROLE ( 'design_owner' ) ;
#3203 = ORIENTED_EDGE ( 'NONE', *, *, #48, .F. ) ;
#3204 = AXIS2_PLACEMENT_3D ( 'NONE', #3031, #2624, #4322 ) ;
#3205 = VERTEX_POINT ( 'NONE', #3530 ) ;
#3206 = AXIS2_PLACEMENT_3D ( 'NONE', #2968, #2588, #5272 ) ;
#3207 = ORIENTED_EDGE ( 'NONE', *, *, #1909, .F. ) ;
#3208 = DIRECTION ( 'NONE',  ( 0.000000000000000000, 0.000000000000000000, -1.000000000000000000 ) ) ;
#3209 = ORIENTED_EDGE ( 'NONE', *, *, #4663, .T. ) ;
#3210 = AXIS2_PLACEMENT_3D ( 'NONE', #3538, #3968, #2692 ) ;
#3211 = LINE ( 'NONE', #4962, #762 ) ;
#3212 = EDGE_CURVE ( 'NONE', #1080, #963, #354, .T. ) ;
#3213 = CARTESIAN_POINT ( 'NONE',  ( 0.7102133528520979677, 0.06250000000000000000, 0.06908698707152691187 ) ) ;
#3214 = LINE ( 'NONE', #4966, #4027 ) ;
#3215 = CARTESIAN_POINT ( 'NONE',  ( -0.002499999999998761026, 0.04249999999999999611, 0.2136195996001624409 ) ) ;
#3216 = EDGE_CURVE ( 'NONE', #5000, #3956, #850, .T. ) ;
#3217 = VERTEX_POINT ( 'NONE', #5285 ) ;
#3218 = DIRECTION ( 'NONE',  ( 0.000000000000000000, 0.000000000000000000, 1.000000000000000000 ) ) ;
#3219 = VECTOR ( 'NONE', #285, 39.37007874015748143 ) ;
#3220 = ORIENTED_EDGE ( 'NONE', *, *, #3670, .F. ) ;
#3221 = LINE ( 'NONE', #4972, #200 ) ;
#3222 = CIRCLE ( 'NONE', #734, 0.03124999999999998959 ) ;
#3223 = CIRCLE ( 'NONE', #3502, 0.06250000000000001388 ) ;
#3224 = EDGE_LOOP ( 'NONE', ( #2365, #1512, #5394, #3578 ) ) ;
#3225 = AXIS2_PLACEMENT_3D ( 'NONE', #3621, #3162, #130 ) ;
#3226 = DIRECTION ( 'NONE',  ( 0.4999999999999916178, 0.000000000000000000, -0.8660254037844434816 ) ) ;
#3227 = DIRECTION ( 'NONE',  ( -1.520051807921766838E-15, 0.000000000000000000, 1.000000000000000000 ) ) ;
#3228 = DIRECTION ( 'NONE',  ( -0.000000000000000000, 1.000000000000000000, -0.000000000000000000 ) ) ;
#3229 = DIRECTION ( 'NONE',  ( -0.000000000000000000, -1.000000000000000000, -0.000000000000000000 ) ) ;
#3230 = ORIENTED_EDGE ( 'NONE', *, *, #468, .T. ) ;
#3231 = ORIENTED_EDGE ( 'NONE', *, *, #5491, .T. ) ;
#3232 = ADVANCED_FACE ( 'NONE', ( #2092 ), #4741, .T. ) ;
#3233 = CARTESIAN_POINT ( 'NONE',  ( -0.2527441576021460801, 0.06250000000000000000, 0.1358182777168873145 ) ) ;
#3234 = CARTESIAN_POINT ( 'NONE',  ( 0.008750000000000026854, 0.06250000000000000000, -0.2867919999999999914 ) ) ;
#3235 = ORIENTED_EDGE ( 'NONE', *, *, #1722, .F. ) ;
#3236 = ORIENTED_EDGE ( 'NONE', *, *, #1733, .F. ) ;
#3237 = EDGE_LOOP ( 'NONE', ( #4922, #1881, #246, #1456 ) ) ;
#3238 = DIRECTION ( 'NONE',  ( -0.000000000000000000, 1.000000000000000000, -0.000000000000000000 ) ) ;
#3239 = EDGE_CURVE ( 'NONE', #4555, #5062, #3891, .T. ) ;
#3240 = AXIS2_PLACEMENT_3D ( 'NONE', #1808, #3567, #3595 ) ;
#3241 = DIRECTION ( 'NONE',  ( -1.311287036958847291E-14, 0.000000000000000000, -1.000000000000000000 ) ) ;
#3242 = PLANE ( 'NONE',  #1747 ) ;
#3243 = DIRECTION ( 'NONE',  ( -0.5000000000000038858, 0.000000000000000000, 0.8660254037844362651 ) ) ;
#3244 = DIRECTION ( 'NONE',  ( -3.551402391763542381E-15, 0.000000000000000000, -1.000000000000000000 ) ) ;
#3245 = VECTOR ( 'NONE', #957, 39.37007874015748854 ) ;
#3246 = ORIENTED_EDGE ( 'NONE', *, *, #1983, .T. ) ;
#3247 = DIRECTION ( 'NONE',  ( 0.000000000000000000, 0.000000000000000000, -1.000000000000000000 ) ) ;
#3248 = EDGE_CURVE ( 'NONE', #3458, #4856, #1247, .T. ) ;
#3249 = AXIS2_PLACEMENT_3D ( 'NONE', #271, #4679, #5481 ) ;
#3250 = EDGE_CURVE ( 'NONE', #4255, #2138, #784, .T. ) ;
#3251 = VERTEX_POINT ( 'NONE', #413 ) ;
#3252 = LINE ( 'NONE', #2351, #4250 ) ;
#3253 = ORIENTED_EDGE ( 'NONE', *, *, #5414, .T. ) ;
#3254 = EDGE_CURVE ( 'NONE', #3698, #783, #2141, .T. ) ;
#3255 = CARTESIAN_POINT ( 'NONE',  ( 0.000000000000000000, 0.06250000000000000000, 0.000000000000000000 ) ) ;
#3256 = CARTESIAN_POINT ( 'NONE',  ( 0.1563539584500509561, 0.000000000000000000, 0.09027099999999854685 ) ) ;
#3257 = DIRECTION ( 'NONE',  ( 0.000000000000000000, 0.000000000000000000, -1.000000000000000000 ) ) ;
#3258 = DIRECTION ( 'NONE',  ( -0.000000000000000000, 1.000000000000000000, 0.000000000000000000 ) ) ;
#3259 = VERTEX_POINT ( 'NONE', #4276 ) ;
#3260 = CIRCLE ( 'NONE', #3910, 0.05249999999999998418 ) ;
#3261 = CARTESIAN_POINT ( 'NONE',  ( 0.1237500000000019695, 0.04249999999999999611, -0.5723973175201051422 ) ) ;
#3262 = VERTEX_POINT ( 'NONE', #3010 ) ;
#3263 = PLANE ( 'NONE',  #3760 ) ;
#3264 = DIRECTION ( 'NONE',  ( 3.734948428837861518E-16, 0.000000000000000000, 1.000000000000000000 ) ) ;
#3265 = CARTESIAN_POINT ( 'NONE',  ( 0.6416857520649560387, 0.000000000000000000, 0.08202255831014997056 ) ) ;
#3266 = PERSON_AND_ORGANIZATION ( #4642, #1318 ) ;
#3267 = ORIENTED_EDGE ( 'NONE', *, *, #2930, .F. ) ;
#3268 = EDGE_LOOP ( 'NONE', ( #2711, #1025, #4816, #2964, #1143, #4732 ) ) ;
#3269 = EDGE_LOOP ( 'NONE', ( #2927, #3797, #3, #1595 ) ) ;
#3270 = CARTESIAN_POINT ( 'NONE',  ( -0.6416857520649560387, 0.000000000000000000, 0.08202255831014990117 ) ) ;
#3271 = ORIENTED_EDGE ( 'NONE', *, *, #4539, .F. ) ;
#3272 = CARTESIAN_POINT ( 'NONE',  ( -5.235597351138785502E-17, 0.06250000000000000000, -0.8882782204724408714 ) ) ;
#3273 = LINE ( 'NONE', #5692, #4788 ) ;
#3274 = CARTESIAN_POINT ( 'NONE',  ( 0.2952755905511824097, 0.06250000000000000000, -0.1704774416898490463 ) ) ;
#3275 = CARTESIAN_POINT ( 'NONE',  ( 0.7848965045575720945, 0.06250000000000000000, 0.4170758163679493813 ) ) ;
#3276 = ORIENTED_EDGE ( 'NONE', *, *, #4366, .F. ) ;
#3277 = CARTESIAN_POINT ( 'NONE',  ( -0.06562499999999973910, 0.04249999999999999611, -0.1136658342467071203 ) ) ;
#3278 = VERTEX_POINT ( 'NONE', #1221 ) ;
#3279 = CARTESIAN_POINT ( 'NONE',  ( -0.03125000000000000000, 0.000000000000000000, -0.4561325511811023525 ) ) ;
#3280 = VECTOR ( 'NONE', #986, 39.37007874015748143 ) ;
#3281 = EDGE_CURVE ( 'NONE', #1270, #923, #4254, .T. ) ;
#3282 = ORIENTED_EDGE ( 'NONE', *, *, #5395, .T. ) ;
#3283 = EDGE_CURVE ( 'NONE', #3416, #2532, #809, .T. ) ;
#3284 = CYLINDRICAL_SURFACE ( 'NONE', #2558, 0.06250000000000000000 ) ;
#3285 = DIRECTION ( 'NONE',  ( -0.000000000000000000, 1.000000000000000000, -0.000000000000000000 ) ) ;
#3286 = DIRECTION ( 'NONE',  ( 0.8660254037844385966, 0.000000000000000000, -0.5000000000000001110 ) ) ;
#3287 = EDGE_CURVE ( 'NONE', #2195, #5007, #109, .T. ) ;
#3288 = EDGE_CURVE ( 'NONE', #3731, #3534, #5623, .T. ) ;
#3289 = DIRECTION ( 'NONE',  ( 0.000000000000000000, -1.000000000000000000, 0.000000000000000000 ) ) ;
#3290 = VERTEX_POINT ( 'NONE', #2146 ) ;
#3291 = CARTESIAN_POINT ( 'NONE',  ( -0.06624999999999922617, 0.04249999999999999611, -0.5723973175201051422 ) ) ;
#3292 = ORIENTED_EDGE ( 'NONE', *, *, #4435, .T. ) ;
#3293 = CARTESIAN_POINT ( 'NONE',  ( 0.2952755905511824097, 0.06250000000000000000, -0.9448818897637796255 ) ) ;
#3294 = CARTESIAN_POINT ( 'NONE',  ( 0.1302746484304088959, 0.04249999999999999611, -0.007058310019640613719 ) ) ;
#3295 = DIRECTION ( 'NONE',  ( 0.000000000000000000, 0.000000000000000000, -1.000000000000000000 ) ) ;
#3296 = DATE_AND_TIME ( #633, #4074 ) ;
#3297 = LINE ( 'NONE', #4675, #4047 ) ;
#3298 = ORIENTED_EDGE ( 'NONE', *, *, #3395, .F. ) ;
#3299 = ORIENTED_EDGE ( 'NONE', *, *, #5326, .T. ) ;
#3300 = CARTESIAN_POINT ( 'NONE',  ( 0.5962194183662724578, 0.000000000000000000, 0.003272558310150561981 ) ) ;
#3301 = CARTESIAN_POINT ( 'NONE',  ( -0.03124999999999989245, 0.000000000000000000, 1.667387691445467773E-17 ) ) ;
#3302 = VECTOR ( 'NONE', #4448, 39.37007874015748143 ) ;
#3303 = DIRECTION ( 'NONE',  ( 0.000000000000000000, 0.000000000000000000, -1.000000000000000000 ) ) ;
#3304 = ORIENTED_EDGE ( 'NONE', *, *, #3077, .T. ) ;
#3305 = ORIENTED_EDGE ( 'NONE', *, *, #591, .F. ) ;
#3306 = DIRECTION ( 'NONE',  ( 0.000000000000000000, -1.000000000000000000, 0.000000000000000000 ) ) ;
#3307 = VECTOR ( 'NONE', #26, 39.37007874015748143 ) ;
#3308 = ORIENTED_EDGE ( 'NONE', *, *, #5603, .F. ) ;
#3309 = DIRECTION ( 'NONE',  ( -0.000000000000000000, 1.000000000000000000, 0.000000000000000000 ) ) ;
#3310 = VERTEX_POINT ( 'NONE', #3040 ) ;
#3311 = AXIS2_PLACEMENT_3D ( 'NONE', #2535, #345, #4916 ) ;
#3312 = EDGE_CURVE ( 'NONE', #4715, #5087, #3500, .T. ) ;
#3313 = CARTESIAN_POINT ( 'NONE',  ( 0.2952755905511824097, 0.000000000000000000, -0.2282124686088114196 ) ) ;
#3314 = CARTESIAN_POINT ( 'NONE',  ( -0.3950223768158392934, 0.000000000000000000, 0.2280662755905530636 ) ) ;
#3315 = CIRCLE ( 'NONE', #635, 0.03124999999999997571 ) ;
#3316 = PLANE ( 'NONE',  #3822 ) ;
#3317 = DIRECTION ( 'NONE',  ( -0.000000000000000000, 1.000000000000000000, -0.000000000000000000 ) ) ;
#3318 = VECTOR ( 'NONE', #910, 39.37007874015748143 ) ;
#3319 = AXIS2_PLACEMENT_3D ( 'NONE', #5591, #2089, #4210 ) ;
#3320 = EDGE_CURVE ( 'NONE', #4070, #3519, #1707, .T. ) ;
#3321 = DIRECTION ( 'NONE',  ( 0.000000000000000000, -1.000000000000000000, 0.000000000000000000 ) ) ;
#3322 = VERTEX_POINT ( 'NONE', #840 ) ;
#3323 = DIRECTION ( 'NONE',  ( 0.000000000000000000, 0.000000000000000000, 1.000000000000000000 ) ) ;
#3324 = EDGE_CURVE ( 'NONE', #1239, #2427, #2598, .T. ) ;
#3325 = CARTESIAN_POINT ( 'NONE',  ( 0.01562499999999967908, 0.04249999999999999611, -0.02706329386826376859 ) ) ;
#3326 = DIRECTION ( 'NONE',  ( -0.000000000000000000, 1.000000000000000000, 0.000000000000000000 ) ) ;
#3327 = SHAPE_DEFINITION_REPRESENTATION ( #5015, #1062 ) ;
#3328 = DIRECTION ( 'NONE',  ( -0.000000000000000000, 1.000000000000000000, -0.000000000000000000 ) ) ;
#3329 = ORIENTED_EDGE ( 'NONE', *, *, #5299, .F. ) ;
#3330 = ORIENTED_EDGE ( 'NONE', *, *, #3100, .T. ) ;
#3331 = VECTOR ( 'NONE', #3375, 39.37007874015748854 ) ;
#3332 = CARTESIAN_POINT ( 'NONE',  ( 0.5108387935035331173, 0.04249999999999999611, 0.5099958902149047679 ) ) ;
#3333 = CARTESIAN_POINT ( 'NONE',  ( -0.1287499999999991707, 0.06250000000000000000, -0.1133049903284639032 ) ) ;
#3334 = DIRECTION ( 'NONE',  ( -0.8660254037844373753, 0.000000000000000000, -0.5000000000000022204 ) ) ;
#3335 = VERTEX_POINT ( 'NONE', #3454 ) ;
#3336 = EDGE_LOOP ( 'NONE', ( #144, #3680, #3099, #1521 ) ) ;
#3337 = DIRECTION ( 'NONE',  ( 0.000000000000000000, -1.000000000000000000, 0.000000000000000000 ) ) ;
#3338 = CIRCLE ( 'NONE', #4806, 0.03125000000000000694 ) ;
#3339 = EDGE_LOOP ( 'NONE', ( #4769, #2256, #3845, #3722, #1082, #402 ) ) ;
#3340 = DIRECTION ( 'NONE',  ( -0.5000000000000041078, 0.000000000000000000, -0.8660254037844362651 ) ) ;
#3341 = VECTOR ( 'NONE', #3818, 39.37007874015748143 ) ;
#3342 = VECTOR ( 'NONE', #4300, 39.37007874015748143 ) ;
#3343 = ORIENTED_EDGE ( 'NONE', *, *, #2892, .F. ) ;
#3344 = VECTOR ( 'NONE', #1531, 39.37007874015748143 ) ;
#3345 = DIRECTION ( 'NONE',  ( 0.000000000000000000, 0.000000000000000000, -1.000000000000000000 ) ) ;
#3346 = DIRECTION ( 'NONE',  ( 0.000000000000000000, 0.000000000000000000, 1.000000000000000000 ) ) ;
#3347 = DIRECTION ( 'NONE',  ( 5.329070518200749816E-15, 0.000000000000000000, -1.000000000000000000 ) ) ;
#3348 = ADVANCED_FACE ( 'NONE', ( #2046 ), #2075, .F. ) ;
#3349 = CARTESIAN_POINT ( 'NONE',  ( -0.7004590276885840350, 0.06250000000000000000, 0.3683258163679601904 ) ) ;
#3350 = DIRECTION ( 'NONE',  ( -0.000000000000000000, 1.000000000000000000, 0.000000000000000000 ) ) ;
#3351 = ORIENTED_EDGE ( 'NONE', *, *, #1272, .T. ) ;
#3352 = CARTESIAN_POINT ( 'NONE',  ( 0.2952755905511824097, 0.06250000000000000000, -0.5179774416898490497 ) ) ;
#3353 = CARTESIAN_POINT ( 'NONE',  ( -0.3452755905511801782, 0.000000000000000000, -0.1416099282303677764 ) ) ;
#3354 = FACE_OUTER_BOUND ( 'NONE', #927, .T. ) ;
#3355 = ADVANCED_FACE ( 'NONE', ( #340 ), #2617, .T. ) ;
#3356 = EDGE_LOOP ( 'NONE', ( #1369, #788, #946, #3153 ) ) ;
#3357 = EDGE_CURVE ( 'NONE', #2798, #102, #4312, .T. ) ;
#3358 = EDGE_LOOP ( 'NONE', ( #5334, #3784, #181, #2151 ) ) ;
#3359 = AXIS2_PLACEMENT_3D ( 'NONE', #4002, #4026, #4944 ) ;
#3360 = ORIENTED_EDGE ( 'NONE', *, *, #3903, .F. ) ;
#3361 = CARTESIAN_POINT ( 'NONE',  ( 0.3950223768158424020, 0.000000000000000000, 0.2280662755905474570 ) ) ;
#3362 = CARTESIAN_POINT ( 'NONE',  ( 0.6577707338203252485, 0.06250000000000000000, 0.3797641102362142584 ) ) ;
#3363 = EDGE_CURVE ( 'NONE', #4427, #319, #4776, .T. ) ;
#3364 = DIRECTION ( 'NONE',  ( 0.000000000000000000, -1.000000000000000000, 0.000000000000000000 ) ) ;
#3365 = ORIENTED_EDGE ( 'NONE', *, *, #50, .T. ) ;
#3366 = ORIENTED_EDGE ( 'NONE', *, *, #601, .T. ) ;
#3367 = CYLINDRICAL_SURFACE ( 'NONE', #3185, 0.03125000000000000000 ) ;
#3368 = ORIENTED_EDGE ( 'NONE', *, *, #1510, .T. ) ;
#3369 = DIRECTION ( 'NONE',  ( 0.000000000000000000, -1.000000000000000000, 0.000000000000000000 ) ) ;
#3370 = ORIENTED_EDGE ( 'NONE', *, *, #5460, .T. ) ;
#3371 = CARTESIAN_POINT ( 'NONE',  ( -0.1292906645817860911, 0.000000000000000000, 0.07464600000000061464 ) ) ;
#3372 = CARTESIAN_POINT ( 'NONE',  ( 0.7963347984258362100, 0.000000000000000000, 0.4597641102362131083 ) ) ;
#3373 = DIRECTION ( 'NONE',  ( 0.000000000000000000, -1.000000000000000000, 0.000000000000000000 ) ) ;
#3374 = ORIENTED_EDGE ( 'NONE', *, *, #1911, .F. ) ;
#3375 = DIRECTION ( 'NONE',  ( 0.8660254037844362651, 0.000000000000000000, -0.5000000000000038858 ) ) ;
#3376 = DIRECTION ( 'NONE',  ( 0.000000000000000000, 0.000000000000000000, 1.000000000000000000 ) ) ;
#3377 = VERTEX_POINT ( 'NONE', #369 ) ;
#3378 = CARTESIAN_POINT ( 'NONE',  ( -0.1912499999999991429, 0.04249999999999999611, -0.1493893821528155252 ) ) ;
#3379 = DIRECTION ( 'NONE',  ( -1.000000000000000000, 0.000000000000000000, 5.335640612625514622E-16 ) ) ;
#3380 = CARTESIAN_POINT ( 'NONE',  ( 0.7848965045575720945, 0.06250000000000000000, 0.4170758163679493813 ) ) ;
#3381 = LINE ( 'NONE', #4707, #372 ) ;
#3382 = EDGE_LOOP ( 'NONE', ( #3163, #4549, #2608, #17 ) ) ;
#3383 = EDGE_CURVE ( 'NONE', #2557, #1991, #1027, .T. ) ;
#3384 = ORIENTED_EDGE ( 'NONE', *, *, #5529, .F. ) ;
#3385 = CARTESIAN_POINT ( 'NONE',  ( 0.2952755905511824097, 0.000000000000000000, -0.6229774416898490319 ) ) ;
#3386 = CARTESIAN_POINT ( 'NONE',  ( 0.1862500000000011924, 0.06250000000000000000, -0.1493893821528162191 ) ) ;
#3387 = DIRECTION ( 'NONE',  ( -0.000000000000000000, 0.000000000000000000, 1.000000000000000000 ) ) ;
#3388 = ORIENTED_EDGE ( 'NONE', *, *, #3363, .T. ) ;
#3389 = ORIENTED_EDGE ( 'NONE', *, *, #3656, .F. ) ;
#3390 = LINE ( 'NONE', #764, #5390 ) ;
#3391 = EDGE_CURVE ( 'NONE', #3648, #2185, #4521, .T. ) ;
#3392 = ORIENTED_EDGE ( 'NONE', *, *, #4164, .T. ) ;
#3393 = CYLINDRICAL_SURFACE ( 'NONE', #2939, 0.2952755905511810774 ) ;
#3394 = CIRCLE ( 'NONE', #899, 0.06250000000000000000 ) ;
#3395 = EDGE_CURVE ( 'NONE', #302, #1330, #5553, .T. ) ;
#3396 = ORIENTED_EDGE ( 'NONE', *, *, #2045, .F. ) ;
#3397 = AXIS2_PLACEMENT_3D ( 'NONE', #2190, #4293, #1673 ) ;
#3398 = AXIS2_PLACEMENT_3D ( 'NONE', #1518, #3285, #5035 ) ;
#3399 = CARTESIAN_POINT ( 'NONE',  ( 0.07125000000000002165, 0.06250000000000000000, -0.1717920000000000280 ) ) ;
#3400 = DIRECTION ( 'NONE',  ( 5.551115123125779744E-16, 0.000000000000000000, 1.000000000000000000 ) ) ;
#3401 = CIRCLE ( 'NONE', #3766, 0.06250000000000001388 ) ;
#3402 = LINE ( 'NONE', #1175, #4881 ) ;
#3403 = AXIS2_PLACEMENT_3D ( 'NONE', #4378, #2509, #2081 ) ;
#3404 = VERTEX_POINT ( 'NONE', #823 ) ;
#3405 = DIRECTION ( 'NONE',  ( 0.000000000000000000, 1.000000000000000000, -0.000000000000000000 ) ) ;
#3406 = AXIS2_PLACEMENT_3D ( 'NONE', #1004, #4008, #1387 ) ;
#3407 = DIRECTION ( 'NONE',  ( 0.8660254037844373753, 0.000000000000000000, 0.5000000000000022204 ) ) ;
#3408 = ORIENTED_EDGE ( 'NONE', *, *, #1716, .F. ) ;
#3409 = DIRECTION ( 'NONE',  ( 0.000000000000000000, 0.000000000000000000, 1.000000000000000000 ) ) ;
#3410 = DIRECTION ( 'NONE',  ( 0.000000000000000000, -1.000000000000000000, 0.000000000000000000 ) ) ;
#3411 = CYLINDRICAL_SURFACE ( 'NONE', #2597, 0.03125000000000000694 ) ;
#3412 = CIRCLE ( 'NONE', #913, 0.03124999999999997571 ) ;
#3413 = DIRECTION ( 'NONE',  ( 0.000000000000000000, 1.000000000000000000, -0.000000000000000000 ) ) ;
#3414 = VERTEX_POINT ( 'NONE', #2586 ) ;
#3415 = AXIS2_PLACEMENT_3D ( 'NONE', #1916, #99, #527 ) ;
#3416 = VERTEX_POINT ( 'NONE', #3371 ) ;
#3417 = VECTOR ( 'NONE', #656, 39.37007874015748854 ) ;
#3418 = CARTESIAN_POINT ( 'NONE',  ( 0.4650856180304784315, 0.04249999999999999611, 0.4017427147418499711 ) ) ;
#3419 = CARTESIAN_POINT ( 'NONE',  ( 0.2952755905511824097, 0.06250000000000000000, -0.6496062992125984925 ) ) ;
#3420 = DIRECTION ( 'NONE',  ( 1.912293595564985633E-15, 0.000000000000000000, -1.000000000000000000 ) ) ;
#3421 = ORIENTED_EDGE ( 'NONE', *, *, #4608, .F. ) ;
#3422 = ORIENTED_EDGE ( 'NONE', *, *, #2769, .F. ) ;
#3423 = EDGE_CURVE ( 'NONE', #546, #1390, #4259, .T. ) ;
#3424 = CARTESIAN_POINT ( 'NONE',  ( 0.4106473768158420135, 0.06250000000000000000, 0.2010029817222835913 ) ) ;
#3425 = DIRECTION ( 'NONE',  ( -0.000000000000000000, -1.000000000000000000, -0.000000000000000000 ) ) ;
#3426 = ORIENTED_EDGE ( 'NONE', *, *, #3588, .T. ) ;
#3427 = EDGE_CURVE ( 'NONE', #4148, #4388, #3890, .T. ) ;
#3428 = CIRCLE ( 'NONE', #2407, 0.03125000000000000694 ) ;
#3429 = EDGE_CURVE ( 'NONE', #5084, #4715, #564, .T. ) ;
#3430 = AXIS2_PLACEMENT_3D ( 'NONE', #1952, #650, #224 ) ;
#3431 = DIRECTION ( 'NONE',  ( 0.000000000000000000, 1.000000000000000000, -0.000000000000000000 ) ) ;
#3432 = CARTESIAN_POINT ( 'NONE',  ( -0.3952755905511798895, 0.06250000000000000000, -0.2282124686088116972 ) ) ;
#3433 = ORIENTED_EDGE ( 'NONE', *, *, #3498, .T. ) ;
#3434 = AXIS2_PLACEMENT_3D ( 'NONE', #4674, #666, #3295 ) ;
#3435 = CARTESIAN_POINT ( 'NONE',  ( 0.07244534365313147484, 0.04249999999999999611, 0.2568893139328059516 ) ) ;
#3436 = FACE_OUTER_BOUND ( 'NONE', #3358, .T. ) ;
#3437 = ORIENTED_EDGE ( 'NONE', *, *, #5188, .F. ) ;
#3438 = CARTESIAN_POINT ( 'NONE',  ( 0.5625755575765067906, 0.06250000000000000000, 0.3248031496063016887 ) ) ;
#3439 = VECTOR ( 'NONE', #3125, 39.37007874015748143 ) ;
#3440 = DIRECTION ( 'NONE',  ( 0.000000000000000000, 0.000000000000000000, -1.000000000000000000 ) ) ;
#3441 = CYLINDRICAL_SURFACE ( 'NONE', #1575, 0.03125000000000000694 ) ;
#3442 = VERTEX_POINT ( 'NONE', #2130 ) ;
#3443 = ORIENTED_EDGE ( 'NONE', *, *, #2104, .T. ) ;
#3444 = DIRECTION ( 'NONE',  ( -1.000000000000000000, 0.000000000000000000, 6.661338147750939243E-16 ) ) ;
#3445 = DIRECTION ( 'NONE',  ( 0.000000000000000000, 1.000000000000000000, 0.000000000000000000 ) ) ;
#3446 = CARTESIAN_POINT ( 'NONE',  ( -0.3452755905511801782, 0.06250000000000000000, -0.1416099282303677764 ) ) ;
#3447 = ORIENTED_EDGE ( 'NONE', *, *, #2730, .F. ) ;
#3448 = AXIS2_PLACEMENT_3D ( 'NONE', #2852, #4573, #4110 ) ;
#3449 = EDGE_LOOP ( 'NONE', ( #586, #4845, #2799, #3864 ) ) ;
#3450 = LINE ( 'NONE', #2928, #1895 ) ;
#3451 = DIRECTION ( 'NONE',  ( 0.000000000000000000, 0.000000000000000000, 1.000000000000000000 ) ) ;
#3452 = EDGE_CURVE ( 'NONE', #4526, #2590, #5580, .T. ) ;
#3453 = ORIENTED_EDGE ( 'NONE', *, *, #145, .F. ) ;
#3454 = CARTESIAN_POINT ( 'NONE',  ( -0.5962194183662727909, 0.000000000000000000, 0.003272558310150185980 ) ) ;
#3455 = EDGE_CURVE ( 'NONE', #5113, #4804, #2779, .T. ) ;
#3456 = DIRECTION ( 'NONE',  ( -0.000000000000000000, -1.000000000000000000, -0.000000000000000000 ) ) ;
#3457 = LINE ( 'NONE', #744, #5162 ) ;
#3458 = VERTEX_POINT ( 'NONE', #5185 ) ;
#3459 = CARTESIAN_POINT ( 'NONE',  ( -0.2564164353190324652, 0.04249999999999999611, 0.1119577061317375000 ) ) ;
#3460 = DIRECTION ( 'NONE',  ( 0.000000000000000000, -1.000000000000000000, 0.000000000000000000 ) ) ;
#3461 = VERTEX_POINT ( 'NONE', #5236 ) ;
#3462 = EDGE_CURVE ( 'NONE', #1126, #3166, #1286, .T. ) ;
#3463 = DIRECTION ( 'NONE',  ( 0.000000000000000000, 0.000000000000000000, -1.000000000000000000 ) ) ;
#3464 = LINE ( 'NONE', #802, #3961 ) ;
#3465 = EDGE_CURVE ( 'NONE', #5694, #5584, #2503, .T. ) ;
#3466 = VECTOR ( 'NONE', #1252, 39.37007874015748143 ) ;
#3467 = FACE_OUTER_BOUND ( 'NONE', #5464, .T. ) ;
#3468 = ORIENTED_EDGE ( 'NONE', *, *, #4830, .T. ) ;
#3469 = VERTEX_POINT ( 'NONE', #3399 ) ;
#3470 = DIRECTION ( 'NONE',  ( -0.8660254037844400399, 0.000000000000000000, 0.4999999999999976685 ) ) ;
#3471 = FACE_OUTER_BOUND ( 'NONE', #335, .T. ) ;
#3472 = CARTESIAN_POINT ( 'NONE',  ( -0.008750000000000059813, 0.06250000000000000000, -0.2867919999999999359 ) ) ;
#3473 = ORIENTED_EDGE ( 'NONE', *, *, #2963, .F. ) ;
#3474 = ORIENTED_EDGE ( 'NONE', *, *, #4532, .F. ) ;
#3475 = LINE ( 'NONE', #849, #4460 ) ;
#3476 = EDGE_CURVE ( 'NONE', #3196, #978, #742, .T. ) ;
#3477 = DIRECTION ( 'NONE',  ( 0.000000000000000000, 0.000000000000000000, -1.000000000000000000 ) ) ;
#3478 = ORIENTED_EDGE ( 'NONE', *, *, #2769, .T. ) ;
#3479 = CARTESIAN_POINT ( 'NONE',  ( 0.3950223768158424020, 0.000000000000000000, 0.2280662755905474848 ) ) ;
#3480 = CARTESIAN_POINT ( 'NONE',  ( 0.03124999999999996877, 0.06250000000000000000, -0.4561325511811023525 ) ) ;
#3481 = CARTESIAN_POINT ( 'NONE',  ( -0.1563539584500497348, 0.000000000000000000, 0.09027100000000073954 ) ) ;
#3482 = AXIS2_PLACEMENT_3D ( 'NONE', #1152, #2916, #719 ) ;
#3483 = ORIENTED_EDGE ( 'NONE', *, *, #919, .T. ) ;
#3484 = CIRCLE ( 'NONE', #3398, 0.03124999999999997571 ) ;
#3485 = DIRECTION ( 'NONE',  ( 0.5000000000000034417, 0.000000000000000000, -0.8660254037844365982 ) ) ;
#3486 = ADVANCED_FACE ( 'NONE', ( #1205 ), #793, .F. ) ;
#3487 = EDGE_CURVE ( 'NONE', #1111, #2688, #3997, .T. ) ;
#3488 = DIRECTION ( 'NONE',  ( 0.000000000000000000, -1.000000000000000000, 0.000000000000000000 ) ) ;
#3489 = AXIS2_PLACEMENT_3D ( 'NONE', #3937, #3509, #4207 ) ;
#3490 = CIRCLE ( 'NONE', #3673, 0.2952755905511810774 ) ;
#3491 = ORIENTED_EDGE ( 'NONE', *, *, #2866, .T. ) ;
#3492 = PLANE ( 'NONE',  #5323 ) ;
#3493 = DIRECTION ( 'NONE',  ( 0.000000000000000000, 0.000000000000000000, -1.000000000000000000 ) ) ;
#3494 = CARTESIAN_POINT ( 'NONE',  ( 0.4149377623009158356, 0.000000000000000000, 0.5805193121410773260 ) ) ;
#3495 = VECTOR ( 'NONE', #4571, 39.37007874015748143 ) ;
#3496 = ADVANCED_FACE ( 'NONE', ( #3083 ), #908, .F. ) ;
#3497 = ORIENTED_EDGE ( 'NONE', *, *, #3363, .F. ) ;
#3498 = EDGE_CURVE ( 'NONE', #2325, #311, #483, .T. ) ;
#3499 = ORIENTED_EDGE ( 'NONE', *, *, #1550, .F. ) ;
#3500 = LINE ( 'NONE', #5654, #5357 ) ;
#3501 = CIRCLE ( 'NONE', #1656, 0.06249999999999997918 ) ;
#3502 = AXIS2_PLACEMENT_3D ( 'NONE', #4117, #1934, #3493 ) ;
#3503 = DIRECTION ( 'NONE',  ( -0.000000000000000000, 1.000000000000000000, -0.000000000000000000 ) ) ;
#3504 = ORIENTED_EDGE ( 'NONE', *, *, #4370, .F. ) ;
#3505 = AXIS2_PLACEMENT_3D ( 'NONE', #2176, #5685, #67 ) ;
#3506 = VERTEX_POINT ( 'NONE', #1346 ) ;
#3507 = DIRECTION ( 'NONE',  ( 0.000000000000000000, 0.000000000000000000, -1.000000000000000000 ) ) ;
#3508 = CIRCLE ( 'NONE', #1005, 0.03125000000000000000 ) ;
#3509 = DIRECTION ( 'NONE',  ( -0.000000000000000000, -1.000000000000000000, 0.000000000000000000 ) ) ;
#3510 = CARTESIAN_POINT ( 'NONE',  ( -0.1563539584500497348, 0.000000000000000000, 0.09027100000000073954 ) ) ;
#3511 = ORIENTED_EDGE ( 'NONE', *, *, #4608, .T. ) ;
#3512 = CARTESIAN_POINT ( 'NONE',  ( 0.03124999999999995143, 0.04249999999999999611, 6.669550765781882801E-18 ) ) ;
#3513 = LINE ( 'NONE', #1694, #2655 ) ;
#3514 = CARTESIAN_POINT ( 'NONE',  ( -0.008749999999999992159, 0.04249999999999999611, -0.1717920000000000280 ) ) ;
#3515 = ORIENTED_EDGE ( 'NONE', *, *, #4186, .F. ) ;
#3516 = DIRECTION ( 'NONE',  ( 0.000000000000000000, 0.000000000000000000, 1.000000000000000000 ) ) ;
#3517 = VECTOR ( 'NONE', #5488, 39.37007874015748143 ) ;
#3518 = FACE_OUTER_BOUND ( 'NONE', #3921, .T. ) ;
#3519 = VERTEX_POINT ( 'NONE', #4858 ) ;
#3520 = CARTESIAN_POINT ( 'NONE',  ( 0.000000000000000000, 0.04249999999999999611, 0.000000000000000000 ) ) ;
#3521 = CARTESIAN_POINT ( 'NONE',  ( -0.2952755905511798007, 0.000000000000000000, -0.5704774416898490408 ) ) ;
#3522 = EDGE_CURVE ( 'NONE', #1566, #3614, #3107, .T. ) ;
#3523 = VECTOR ( 'NONE', #1067, 39.37007874015748143 ) ;
#3524 = VECTOR ( 'NONE', #4793, 39.37007874015748143 ) ;
#3525 = EDGE_CURVE ( 'NONE', #847, #636, #5379, .T. ) ;
#3526 = FACE_BOUND ( 'NONE', #4678, .T. ) ;
#3527 = ORIENTED_EDGE ( 'NONE', *, *, #2849, .F. ) ;
#3528 = VECTOR ( 'NONE', #5569, 39.37007874015748143 ) ;
#3529 = ORIENTED_EDGE ( 'NONE', *, *, #4963, .T. ) ;
#3530 = CARTESIAN_POINT ( 'NONE',  ( -0.2127441576021456837, 0.04249999999999999611, 0.2051003100196422402 ) ) ;
#3531 = ADVANCED_FACE ( 'NONE', ( #52 ), #2697, .F. ) ;
#3532 = CARTESIAN_POINT ( 'NONE',  ( -0.5613228300057813147, 0.06250000000000000000, 0.1725254413438442325 ) ) ;
#3533 = CARTESIAN_POINT ( 'NONE',  ( -0.3381207453386736450, 0.06250000000000000000, 0.1129416899803603047 ) ) ;
#3534 = VERTEX_POINT ( 'NONE', #76 ) ;
#3535 = EDGE_CURVE ( 'NONE', #4473, #4784, #653, .T. ) ;
#3536 = EDGE_LOOP ( 'NONE', ( #1982, #3650, #3828, #5051, #4394, #1484 ) ) ;
#3537 = CARTESIAN_POINT ( 'NONE',  ( 0.09027464843040861053, 0.06250000000000000000, 0.06222372228311424947 ) ) ;
#3538 = CARTESIAN_POINT ( 'NONE',  ( -0.4794598536848218018, 0.000000000000000000, 0.2768162755905534955 ) ) ;
#3539 = EDGE_CURVE ( 'NONE', #3534, #4708, #5268, .T. ) ;
#3540 = CARTESIAN_POINT ( 'NONE',  ( 0.000000000000000000, 0.06250000000000000000, -0.6348973175201051422 ) ) ;
#3541 = EDGE_CURVE ( 'NONE', #4569, #4739, #2641, .T. ) ;
#3542 = VERTEX_POINT ( 'NONE', #4396 ) ;
#3543 = CIRCLE ( 'NONE', #318, 0.06250000000000001388 ) ;
#3544 = CYLINDRICAL_SURFACE ( 'NONE', #1953, 0.03124999999999998959 ) ;
#3545 = DIRECTION ( 'NONE',  ( 0.000000000000000000, -1.000000000000000000, 0.000000000000000000 ) ) ;
#3546 = CARTESIAN_POINT ( 'NONE',  ( -0.7102133528520961914, 0.06250000000000000000, 0.06908698707152455265 ) ) ;
#3547 = VERTEX_POINT ( 'NONE', #5321 ) ;
#3548 = DIRECTION ( 'NONE',  ( 0.000000000000000000, 1.000000000000000000, -0.000000000000000000 ) ) ;
#3549 = DIRECTION ( 'NONE',  ( 0.000000000000000000, 0.000000000000000000, 1.000000000000000000 ) ) ;
#3550 = DIRECTION ( 'NONE',  ( -0.000000000000000000, 1.000000000000000000, -0.000000000000000000 ) ) ;
#3551 = DIRECTION ( 'NONE',  ( 0.000000000000000000, 0.000000000000000000, 1.000000000000000000 ) ) ;
#3552 = CARTESIAN_POINT ( 'NONE',  ( 0.1237500000000017475, 0.04249999999999999611, 4.925412328896021184E-17 ) ) ;
#3553 = VERTEX_POINT ( 'NONE', #2751 ) ;
#3554 = EDGE_LOOP ( 'NONE', ( #1904, #905, #3668, #4451 ) ) ;
#3555 = CIRCLE ( 'NONE', #5124, 0.06250000000000001388 ) ;
#3556 = LINE ( 'NONE', #950, #1380 ) ;
#3557 = CARTESIAN_POINT ( 'NONE',  ( 6.429395695523603968E-18, 0.000000000000000000, -0.05249999999999999806 ) ) ;
#3558 = ORIENTED_EDGE ( 'NONE', *, *, #1475, .F. ) ;
#3559 = ORIENTED_EDGE ( 'NONE', *, *, #1579, .F. ) ;
#3560 = DIRECTION ( 'NONE',  ( 0.000000000000000000, 1.000000000000000000, 0.000000000000000000 ) ) ;
#3561 = EDGE_CURVE ( 'NONE', #4715, #5417, #1371, .T. ) ;
#3562 = DIRECTION ( 'NONE',  ( 0.000000000000000000, 0.000000000000000000, -1.000000000000000000 ) ) ;
#3563 = CARTESIAN_POINT ( 'NONE',  ( -5.187931594783850444E-19, 0.06250000000000000000, -0.4561325511811023525 ) ) ;
#3564 = FACE_OUTER_BOUND ( 'NONE', #1791, .T. ) ;
#3565 = ORIENTED_EDGE ( 'NONE', *, *, #5115, .T. ) ;
#3566 = EDGE_CURVE ( 'NONE', #3641, #4327, #1750, .T. ) ;
#3567 = DIRECTION ( 'NONE',  ( -0.000000000000000000, 1.000000000000000000, -0.000000000000000000 ) ) ;
#3568 = CARTESIAN_POINT ( 'NONE',  ( 0.3679590829475785640, 0.000000000000000000, 0.2124412755905477623 ) ) ;
#3569 = ORIENTED_EDGE ( 'NONE', *, *, #874, .T. ) ;
#3570 = CARTESIAN_POINT ( 'NONE',  ( 0.2407914353190341306, 0.000000000000000000, 0.1390209999999977297 ) ) ;
#3571 = CARTESIAN_POINT ( 'NONE',  ( 0.7692715045575724275, 0.000000000000000000, 0.4753891102362131083 ) ) ;
#3572 = DIRECTION ( 'NONE',  ( 0.8660254037844383745, 0.000000000000000000, 0.5000000000000003331 ) ) ;
#3573 = AXIS2_PLACEMENT_3D ( 'NONE', #49, #3995, #1397 ) ;
#3574 = DIRECTION ( 'NONE',  ( 0.000000000000000000, -1.000000000000000000, 0.000000000000000000 ) ) ;
#3575 = ORIENTED_EDGE ( 'NONE', *, *, #5529, .T. ) ;
#3576 = CIRCLE ( 'NONE', #2841, 0.06250000000000001388 ) ;
#3577 = AXIS2_PLACEMENT_3D ( 'NONE', #4109, #4173, #256 ) ;
#3578 = ORIENTED_EDGE ( 'NONE', *, *, #166, .T. ) ;
#3579 = CARTESIAN_POINT ( 'NONE',  ( -0.2952755905511798007, 0.000000000000000000, -0.1704774416898490463 ) ) ;
#3580 = DIRECTION ( 'NONE',  ( 0.000000000000000000, -1.000000000000000000, -0.000000000000000000 ) ) ;
#3581 = CARTESIAN_POINT ( 'NONE',  ( -0.3009438278150929902, 0.000000000000000000, 0.5147048833797012168 ) ) ;
#3582 = EDGE_LOOP ( 'NONE', ( #4218, #2594, #3483, #4744, #2762, #4494, #3768 ) ) ;
#3583 = ORIENTED_EDGE ( 'NONE', *, *, #293, .T. ) ;
#3584 = CARTESIAN_POINT ( 'NONE',  ( -0.4891994177423077961, 0.06250000000000000000, 0.4224468557994159879 ) ) ;
#3585 = AXIS2_PLACEMENT_3D ( 'NONE', #4818, #1611, #5619 ) ;
#3586 = CARTESIAN_POINT ( 'NONE',  ( -0.5065231475530854732, 0.06250000000000000000, 0.2924412755905536065 ) ) ;
#3587 = CARTESIAN_POINT ( 'NONE',  ( 0.6454622057670064139, 0.06250000000000000000, 0.1518213002862781047 ) ) ;
#3588 = EDGE_CURVE ( 'NONE', #3597, #2155, #5270, .T. ) ;
#3589 = DIRECTION ( 'NONE',  ( -0.8660254037844373753, 0.000000000000000000, -0.5000000000000022204 ) ) ;
#3590 = DIRECTION ( 'NONE',  ( -0.8660254037844362651, 0.000000000000000000, 0.5000000000000038858 ) ) ;
#3591 = ORIENTED_EDGE ( 'NONE', *, *, #3173, .F. ) ;
#3592 = VECTOR ( 'NONE', #3795, 39.37007874015748143 ) ;
#3593 = AXIS2_PLACEMENT_3D ( 'NONE', #4271, #2030, #327 ) ;
#3594 = CIRCLE ( 'NONE', #3415, 0.07499999999999998335 ) ;
#3595 = DIRECTION ( 'NONE',  ( 0.000000000000000000, 0.000000000000000000, -1.000000000000000000 ) ) ;
#3596 = ADVANCED_FACE ( 'NONE', ( #4050 ), #103, .T. ) ;
#3597 = VERTEX_POINT ( 'NONE', #452 ) ;
#3598 = ADVANCED_FACE ( 'NONE', ( #3624 ), #3971, .F. ) ;
#3599 = AXIS2_PLACEMENT_3D ( 'NONE', #4641, #290, #2417 ) ;
#3600 = CARTESIAN_POINT ( 'NONE',  ( 0.3009438278150915469, 0.06250000000000000000, 0.5147048833797018830 ) ) ;
#3601 = CARTESIAN_POINT ( 'NONE',  ( 0.03125000000000001388, 0.04249999999999999611, -0.2780419999999999559 ) ) ;
#3602 = DIRECTION ( 'NONE',  ( -0.000000000000000000, 1.000000000000000000, -0.000000000000000000 ) ) ;
#3603 = ADVANCED_FACE ( 'NONE', ( #3941 ), #3544, .F. ) ;
#3604 = ADVANCED_FACE ( 'NONE', ( #4538 ), #1513, .F. ) ;
#3605 = DIRECTION ( 'NONE',  ( 0.000000000000000000, 1.000000000000000000, 0.000000000000000000 ) ) ;
#3606 = AXIS2_PLACEMENT_3D ( 'NONE', #2264, #4022, #1401 ) ;
#3607 = ORIENTED_EDGE ( 'NONE', *, *, #1314, .T. ) ;
#3608 = VECTOR ( 'NONE', #3066, 39.37007874015748143 ) ;
#3609 = ORIENTED_EDGE ( 'NONE', *, *, #2324, .T. ) ;
#3610 = DIRECTION ( 'NONE',  ( 0.000000000000000000, 0.000000000000000000, -1.000000000000000000 ) ) ;
#3611 = VECTOR ( 'NONE', #4724, 39.37007874015748854 ) ;
#3612 = CARTESIAN_POINT ( 'NONE',  ( -1.707404996040164512E-17, 0.06250000000000000000, -0.7907782204724409514 ) ) ;
#3613 = DIRECTION ( 'NONE',  ( -0.000000000000000000, 1.000000000000000000, -0.000000000000000000 ) ) ;
#3614 = VERTEX_POINT ( 'NONE', #3279 ) ;
#3615 = ORIENTED_EDGE ( 'NONE', *, *, #366, .T. ) ;
#3616 = CIRCLE ( 'NONE', #5362, 0.2952755905511810774 ) ;
#3617 = CARTESIAN_POINT ( 'NONE',  ( 0.06125000000000198341, 0.04249999999999999611, -0.5723973175201051422 ) ) ;
#3618 = CARTESIAN_POINT ( 'NONE',  ( 0.4650856180304784315, 0.04249999999999999611, 0.3392427147418499711 ) ) ;
#3619 = PRODUCT_DEFINITION_FORMATION_WITH_SPECIFIED_SOURCE ( 'ANY', '', #4918, .NOT_KNOWN. ) ;
#3620 = FACE_OUTER_BOUND ( 'NONE', #613, .T. ) ;
#3621 = CARTESIAN_POINT ( 'NONE',  ( 0.3381207453386735340, 0.04249999999999999611, 0.1129416899803601659 ) ) ;
#3622 = ORIENTED_EDGE ( 'NONE', *, *, #4654, .F. ) ;
#3623 = ORIENTED_EDGE ( 'NONE', *, *, #2088, .T. ) ;
#3624 = FACE_OUTER_BOUND ( 'NONE', #884, .T. ) ;
#3625 = ORIENTED_EDGE ( 'NONE', *, *, #557, .T. ) ;
#3626 = VECTOR ( 'NONE', #3114, 39.37007874015748143 ) ;
#3627 = EDGE_CURVE ( 'NONE', #2798, #5419, #1114, .T. ) ;
#3628 = CARTESIAN_POINT ( 'NONE',  ( 0.000000000000000000, 0.06250000000000000000, 0.3409548833797020340 ) ) ;
#3629 = EDGE_CURVE ( 'NONE', #5584, #589, #298, .T. ) ;
#3630 = DIRECTION ( 'NONE',  ( -0.8660254037844382635, 0.000000000000000000, -0.5000000000000007772 ) ) ;
#3631 = CARTESIAN_POINT ( 'NONE',  ( -2.761194017033702111E-17, 0.06250000000000000000, -0.7595282204724409514 ) ) ;
#3632 = CARTESIAN_POINT ( 'NONE',  ( -0.4149377623009164462, 0.000000000000000000, 0.5805193121410755497 ) ) ;
#3633 = ORIENTED_EDGE ( 'NONE', *, *, #5151, .F. ) ;
#3634 = EDGE_CURVE ( 'NONE', #3597, #1227, #251, .T. ) ;
#3635 = ORIENTED_EDGE ( 'NONE', *, *, #1021, .T. ) ;
#3636 = EDGE_CURVE ( 'NONE', #61, #1798, #1393, .T. ) ;
#3637 = CARTESIAN_POINT ( 'NONE',  ( -0.4106473768158395710, 0.06250000000000000000, 0.2010029817222895310 ) ) ;
#3638 = DIRECTION ( 'NONE',  ( -0.000000000000000000, 1.000000000000000000, -0.000000000000000000 ) ) ;
#3639 = DATE_AND_TIME ( #1068, #4438 ) ;
#3640 = ORIENTED_EDGE ( 'NONE', *, *, #1486, .F. ) ;
#3641 = VERTEX_POINT ( 'NONE', #559 ) ;
#3642 = VERTEX_POINT ( 'NONE', #5029 ) ;
#3643 = DIRECTION ( 'NONE',  ( 0.8660254037844359321, 0.000000000000000000, -0.5000000000000046629 ) ) ;
#3644 = DIRECTION ( 'NONE',  ( -0.000000000000000000, -1.000000000000000000, -0.000000000000000000 ) ) ;
#3645 = FACE_OUTER_BOUND ( 'NONE', #3735, .T. ) ;
#3646 = CYLINDRICAL_SURFACE ( 'NONE', #5612, 0.03125000000000000694 ) ;
#3647 = VECTOR ( 'NONE', #310, 39.37007874015748143 ) ;
#3648 = VERTEX_POINT ( 'NONE', #5521 ) ;
#3649 = CARTESIAN_POINT ( 'NONE',  ( -0.6692090276885835909, 0.000000000000000000, 0.4224524041044874223 ) ) ;
#3650 = ORIENTED_EDGE ( 'NONE', *, *, #1235, .F. ) ;
#3651 = CARTESIAN_POINT ( 'NONE',  ( 0.4794598536848256320, 0.000000000000000000, 0.2768162755905466677 ) ) ;
#3652 = EDGE_LOOP ( 'NONE', ( #3905, #5628, #2628, #192 ) ) ;
#3653 = CARTESIAN_POINT ( 'NONE',  ( -0.4891994177423077961, 0.04249999999999999611, 0.4224468557994159879 ) ) ;
#3654 = CYLINDRICAL_SURFACE ( 'NONE', #811, 0.03125000000000000694 ) ;
#3655 = DIRECTION ( 'NONE',  ( -1.000000000000000000, 0.000000000000000000, 0.000000000000000000 ) ) ;
#3656 = EDGE_CURVE ( 'NONE', #3989, #2095, #5080, .T. ) ;
#3657 = CARTESIAN_POINT ( 'NONE',  ( 0.1531512361669359612, 0.04249999999999999611, 0.01581827771688686449 ) ) ;
#3658 = EDGE_LOOP ( 'NONE', ( #3001, #1772, #2984, #1661 ) ) ;
#3659 = AXIS2_PLACEMENT_3D ( 'NONE', #5572, #2037, #4247 ) ;
#3660 = ORIENTED_EDGE ( 'NONE', *, *, #428, .F. ) ;
#3661 = CARTESIAN_POINT ( 'NONE',  ( 0.008750000000000021649, 0.06250000000000000000, -0.1717920000000000280 ) ) ;
#3662 = CARTESIAN_POINT ( 'NONE',  ( -0.7692715045575660993, 0.06250000000000000000, 0.4441391102362241550 ) ) ;
#3663 = EDGE_CURVE ( 'NONE', #412, #1009, #2844, .T. ) ;
#3664 = CARTESIAN_POINT ( 'NONE',  ( 0.000000000000000000, 0.000000000000000000, 0.000000000000000000 ) ) ;
#3665 = VERTEX_POINT ( 'NONE', #1454 ) ;
#3666 = AXIS2_PLACEMENT_3D ( 'NONE', #1702, #2563, #3463 ) ;
#3667 = ORIENTED_EDGE ( 'NONE', *, *, #2778, .F. ) ;
#3668 = ORIENTED_EDGE ( 'NONE', *, *, #562, .T. ) ;
#3669 = DIRECTION ( 'NONE',  ( 0.8660254037844362651, 0.000000000000000000, 0.5000000000000041078 ) ) ;
#3670 = EDGE_CURVE ( 'NONE', #4146, #4274, #2878, .T. ) ;
#3671 = EDGE_LOOP ( 'NONE', ( #4068, #992, #5541, #4504 ) ) ;
#3672 = AXIS2_PLACEMENT_3D ( 'NONE', #2205, #419, #3562 ) ;
#3673 = AXIS2_PLACEMENT_3D ( 'NONE', #232, #3748, #2360 ) ;
#3674 = PLANE ( 'NONE',  #4807 ) ;
#3675 = CARTESIAN_POINT ( 'NONE',  ( 0.2952755905511824097, 0.000000000000000000, -0.9448818897637796255 ) ) ;
#3676 = DIRECTION ( 'NONE',  ( 5.551115123125780730E-16, 0.000000000000000000, 1.000000000000000000 ) ) ;
#3677 = CARTESIAN_POINT ( 'NONE',  ( -0.7807097984258296597, 0.000000000000000000, 0.4868274041044878819 ) ) ;
#3678 = ORIENTED_EDGE ( 'NONE', *, *, #3634, .T. ) ;
#3679 = FACE_OUTER_BOUND ( 'NONE', #1989, .T. ) ;
#3680 = ORIENTED_EDGE ( 'NONE', *, *, #3250, .T. ) ;
#3681 = DIRECTION ( 'NONE',  ( 0.000000000000000000, -1.000000000000000000, 0.000000000000000000 ) ) ;
#3682 = AXIS2_PLACEMENT_3D ( 'NONE', #1275, #4824, #3042 ) ;
#3683 = ORIENTED_EDGE ( 'NONE', *, *, #2892, .T. ) ;
#3684 = AXIS2_PLACEMENT_3D ( 'NONE', #3215, #2372, #3244 ) ;
#3685 = AXIS2_PLACEMENT_3D ( 'NONE', #3056, #4233, #342 ) ;
#3686 = DIRECTION ( 'NONE',  ( 0.000000000000000000, -1.000000000000000000, 0.000000000000000000 ) ) ;
#3687 = DIRECTION ( 'NONE',  ( 0.000000000000000000, 0.000000000000000000, 1.000000000000000000 ) ) ;
#3688 = CARTESIAN_POINT ( 'NONE',  ( -0.1131512361669355510, 0.04249999999999999611, 0.1476003100196417450 ) ) ;
#3689 = LINE ( 'NONE', #1493, #1120 ) ;
#3690 = ORIENTED_EDGE ( 'NONE', *, *, #2749, .T. ) ;
#3691 = CARTESIAN_POINT ( 'NONE',  ( 0.1531512361669359612, 0.04249999999999999611, 0.07831827771688686102 ) ) ;
#3692 = ORIENTED_EDGE ( 'NONE', *, *, #588, .F. ) ;
#3693 = DIRECTION ( 'NONE',  ( -0.000000000000000000, -1.000000000000000000, 0.000000000000000000 ) ) ;
#3694 = LINE ( 'NONE', #2893, #3523 ) ;
#3695 = ORIENTED_EDGE ( 'NONE', *, *, #2224, .F. ) ;
#3696 = VECTOR ( 'NONE', #2245, 39.37007874015748143 ) ;
#3697 = EDGE_LOOP ( 'NONE', ( #1930, #367, #3468, #3190, #3007, #3045, #4488 ) ) ;
#3698 = VERTEX_POINT ( 'NONE', #1081 ) ;
#3699 = EDGE_CURVE ( 'NONE', #1390, #5636, #384, .T. ) ;
#3700 = ORIENTED_EDGE ( 'NONE', *, *, #420, .T. ) ;
#3701 = DIRECTION ( 'NONE',  ( 0.000000000000000000, 0.000000000000000000, -1.000000000000000000 ) ) ;
#3702 = EDGE_CURVE ( 'NONE', #3938, #5520, #3976, .T. ) ;
#3703 = DIRECTION ( 'NONE',  ( 0.8660254037844400399, 0.000000000000000000, -0.4999999999999976685 ) ) ;
#3704 = PLANE ( 'NONE',  #5495 ) ;
#3705 = DIRECTION ( 'NONE',  ( -0.000000000000000000, -1.000000000000000000, -0.000000000000000000 ) ) ;
#3706 = CIRCLE ( 'NONE', #936, 0.07499999999999998335 ) ;
#3707 = ORIENTED_EDGE ( 'NONE', *, *, #355, .T. ) ;
#3708 = CARTESIAN_POINT ( 'NONE',  ( 6.429395695523603968E-18, 0.06250000000000000000, -0.05249999999999999806 ) ) ;
#3709 = ADVANCED_FACE ( 'NONE', ( #193 ), #1892, .F. ) ;
#3710 = CIRCLE ( 'NONE', #1225, 0.03124999999999997571 ) ;
#3711 = ORIENTED_EDGE ( 'NONE', *, *, #1314, .F. ) ;
#3712 = DIRECTION ( 'NONE',  ( 0.8660254037844360431, 0.000000000000000000, -0.5000000000000043299 ) ) ;
#3713 = EDGE_CURVE ( 'NONE', #4676, #3925, #3221, .T. ) ;
#3714 = ORIENTED_EDGE ( 'NONE', *, *, #3465, .F. ) ;
#3715 = DIRECTION ( 'NONE',  ( 0.000000000000000000, 0.000000000000000000, 1.000000000000000000 ) ) ;
#3716 = CYLINDRICAL_SURFACE ( 'NONE', #3577, 0.03124999999999997571 ) ;
#3717 = DIRECTION ( 'NONE',  ( 0.000000000000000000, 0.000000000000000000, -1.000000000000000000 ) ) ;
#3718 = CARTESIAN_POINT ( 'NONE',  ( -0.4794598536848219128, 0.000000000000000000, 0.2768162755905534955 ) ) ;
#3719 = ORIENTED_EDGE ( 'NONE', *, *, #3111, .F. ) ;
#3720 = ADVANCED_FACE ( 'NONE', ( #4600 ), #1569, .F. ) ;
#3721 = CYLINDRICAL_SURFACE ( 'NONE', #450, 0.06250000000000000000 ) ;
#3722 = ORIENTED_EDGE ( 'NONE', *, *, #361, .T. ) ;
#3723 = FACE_OUTER_BOUND ( 'NONE', #2606, .T. ) ;
#3724 = CARTESIAN_POINT ( 'NONE',  ( 0.1131512361669355787, 0.04249999999999999611, 0.1476003100196418005 ) ) ;
#3725 = CARTESIAN_POINT ( 'NONE',  ( 0.2407914353190341306, 0.000000000000000000, 0.1390209999999977852 ) ) ;
#3726 = APPROVAL_STATUS ( 'not_yet_approved' ) ;
#3727 = ORIENTED_EDGE ( 'NONE', *, *, #2359, .T. ) ;
#3728 = ORIENTED_EDGE ( 'NONE', *, *, #4750, .T. ) ;
#3729 = ORIENTED_EDGE ( 'NONE', *, *, #1983, .F. ) ;
#3730 = CARTESIAN_POINT ( 'NONE',  ( -0.2952755905511798007, 0.000000000000000000, -0.2282124686088116972 ) ) ;
#3731 = VERTEX_POINT ( 'NONE', #1023 ) ;
#3732 = CARTESIAN_POINT ( 'NONE',  ( -0.3464101615137755164, 0.06250000000000000000, 0.5409548833797019896 ) ) ;
#3733 = CARTESIAN_POINT ( 'NONE',  ( -0.7807097984258296597, 0.06250000000000000000, 0.4868274041044878819 ) ) ;
#3734 = CARTESIAN_POINT ( 'NONE',  ( -0.1531512361669359334, 0.04249999999999999611, 0.07831827771688688877 ) ) ;
#3735 = EDGE_LOOP ( 'NONE', ( #3308, #3447, #3930, #2348 ) ) ;
#3736 = EDGE_CURVE ( 'NONE', #485, #928, #3252, .T. ) ;
#3737 = CARTESIAN_POINT ( 'NONE',  ( -0.3950223768158394044, 0.06250000000000000000, 0.2280662755905530914 ) ) ;
#3738 = ORIENTED_EDGE ( 'NONE', *, *, #282, .F. ) ;
#3739 = CARTESIAN_POINT ( 'NONE',  ( 0.4794598536848256320, 0.000000000000000000, 0.2768162755905467232 ) ) ;
#3740 = ORIENTED_EDGE ( 'NONE', *, *, #1769, .F. ) ;
#3741 = EDGE_CURVE ( 'NONE', #5062, #3133, #4105, .T. ) ;
#3742 = ADVANCED_FACE ( 'NONE', ( #1921 ), #1538, .F. ) ;
#3743 = EDGE_CURVE ( 'NONE', #584, #4274, #4979, .T. ) ;
#3744 = FACE_OUTER_BOUND ( 'NONE', #3382, .T. ) ;
#3745 = DIRECTION ( 'NONE',  ( 0.000000000000000000, 1.000000000000000000, -0.000000000000000000 ) ) ;
#3746 = FACE_OUTER_BOUND ( 'NONE', #1565, .T. ) ;
#3747 = DIRECTION ( 'NONE',  ( 0.8660254037844373753, 0.000000000000000000, 0.5000000000000022204 ) ) ;
#3748 = DIRECTION ( 'NONE',  ( -0.000000000000000000, 1.000000000000000000, -0.000000000000000000 ) ) ;
#3749 = ORIENTED_EDGE ( 'NONE', *, *, #2616, .T. ) ;
#3750 = CARTESIAN_POINT ( 'NONE',  ( 0.008750000000000021649, 0.04249999999999999611, -0.1717920000000000280 ) ) ;
#3751 = DIRECTION ( 'NONE',  ( 7.469896857675723035E-16, 0.000000000000000000, 1.000000000000000000 ) ) ;
#3752 = CARTESIAN_POINT ( 'NONE',  ( -0.7102133528520961914, 0.000000000000000000, 0.06908698707152453877 ) ) ;
#3753 = DATE_AND_TIME ( #4617, #487 ) ;
#3754 = DIRECTION ( 'NONE',  ( 0.000000000000000000, 0.000000000000000000, -1.000000000000000000 ) ) ;
#3755 = ORIENTED_EDGE ( 'NONE', *, *, #4685, .T. ) ;
#3756 = AXIS2_PLACEMENT_3D ( 'NONE', #5483, #2458, #129 ) ;
#3757 = ORIENTED_EDGE ( 'NONE', *, *, #1896, .F. ) ;
#3758 = CARTESIAN_POINT ( 'NONE',  ( 0.2251664353190344636, 0.04249999999999999611, 0.1660842938682616232 ) ) ;
#3759 = DIRECTION ( 'NONE',  ( 0.000000000000000000, 0.000000000000000000, -1.000000000000000000 ) ) ;
#3760 = AXIS2_PLACEMENT_3D ( 'NONE', #3293, #5010, #2825 ) ;
#3761 = AXIS2_PLACEMENT_3D ( 'NONE', #3291, #202, #171 ) ;
#3762 = DIRECTION ( 'NONE',  ( -0.000000000000000000, -1.000000000000000000, -0.000000000000000000 ) ) ;
#3763 = ORIENTED_EDGE ( 'NONE', *, *, #4901, .T. ) ;
#3764 = ORIENTED_EDGE ( 'NONE', *, *, #3287, .T. ) ;
#3765 = CARTESIAN_POINT ( 'NONE',  ( 0.03124999999999998265, 0.000000000000000000, -0.5536325511811024391 ) ) ;
#3766 = AXIS2_PLACEMENT_3D ( 'NONE', #312, #2073, #2527 ) ;
#3767 = CIRCLE ( 'NONE', #4681, 0.03124999999999997571 ) ;
#3768 = ORIENTED_EDGE ( 'NONE', *, *, #2359, .F. ) ;
#3769 = CARTESIAN_POINT ( 'NONE',  ( -0.7692715045575660993, 0.000000000000000000, 0.4441391102362241550 ) ) ;
#3770 = EDGE_CURVE ( 'NONE', #4773, #4998, #1855, .T. ) ;
#3771 = ORIENTED_EDGE ( 'NONE', *, *, #180, .F. ) ;
#3772 = VECTOR ( 'NONE', #1925, 39.37007874015748143 ) ;
#3773 = CIRCLE ( 'NONE', #3039, 0.03124999999999997571 ) ;
#3774 = DIRECTION ( 'NONE',  ( -0.000000000000000000, 1.000000000000000000, 0.000000000000000000 ) ) ;
#3775 = ADVANCED_FACE ( 'NONE', ( #2496 ), #338, .F. ) ;
#3776 = DIRECTION ( 'NONE',  ( -0.8660254037844388186, 0.000000000000000000, 0.4999999999999997224 ) ) ;
#3777 = AXIS2_PLACEMENT_3D ( 'NONE', #971, #1847, #2272 ) ;
#3778 = CARTESIAN_POINT ( 'NONE',  ( 0.1563539584500509561, 0.000000000000000000, 0.09027099999999854685 ) ) ;
#3779 = EDGE_CURVE ( 'NONE', #589, #2435, #1658, .T. ) ;
#3780 = DIRECTION ( 'NONE',  ( 0.000000000000000000, 0.000000000000000000, -1.000000000000000000 ) ) ;
#3781 = CIRCLE ( 'NONE', #4505, 0.06250000000000000000 ) ;
#3782 = CIRCLE ( 'NONE', #1290, 0.2952755905511810774 ) ;
#3783 = DIRECTION ( 'NONE',  ( 0.000000000000000000, 1.000000000000000000, 0.000000000000000000 ) ) ;
#3784 = ORIENTED_EDGE ( 'NONE', *, *, #2128, .F. ) ;
#3785 = ADVANCED_FACE ( 'NONE', ( #2991 ), #394, .T. ) ;
#3786 = DIRECTION ( 'NONE',  ( 0.000000000000000000, -1.000000000000000000, 0.000000000000000000 ) ) ;
#3787 = DIRECTION ( 'NONE',  ( 1.000000000000000000, 0.000000000000000000, 0.000000000000000000 ) ) ;
#3788 = EDGE_CURVE ( 'NONE', #4341, #2290, #280, .T. ) ;
#3789 = DIRECTION ( 'NONE',  ( 0.5000000000000045519, 0.000000000000000000, 0.8660254037844359321 ) ) ;
#3790 = CARTESIAN_POINT ( 'NONE',  ( 1.297627796990524979E-15, 0.000000000000000000, -0.6496062992125984925 ) ) ;
#3791 = VERTEX_POINT ( 'NONE', #791 ) ;
#3792 = EDGE_LOOP ( 'NONE', ( #2078, #5203, #3081, #421 ) ) ;
#3793 = AXIS2_PLACEMENT_3D ( 'NONE', #1149, #4700, #5497 ) ;
#3794 = CARTESIAN_POINT ( 'NONE',  ( -0.4350728300057806197, 0.04249999999999999611, 0.3911968557994158213 ) ) ;
#3795 = DIRECTION ( 'NONE',  ( 0.000000000000000000, 1.000000000000000000, -0.000000000000000000 ) ) ;
#3796 = DIRECTION ( 'NONE',  ( 1.000000000000000000, 0.000000000000000000, 0.000000000000000000 ) ) ;
#3797 = ORIENTED_EDGE ( 'NONE', *, *, #2787, .F. ) ;
#3798 = VERTEX_POINT ( 'NONE', #2042 ) ;
#3799 = CARTESIAN_POINT ( 'NONE',  ( -0.1407289584500496238, 0.000000000000000000, 0.1173342938682643555 ) ) ;
#3800 = VECTOR ( 'NONE', #5156, 39.37007874015748143 ) ;
#3801 = EDGE_LOOP ( 'NONE', ( #1453, #4411, #5560, #5177 ) ) ;
#3802 = LINE ( 'NONE', #4308, #2876 ) ;
#3803 = CIRCLE ( 'NONE', #2050, 0.06250000000000001388 ) ;
#3804 = VECTOR ( 'NONE', #2630, 39.37007874015748143 ) ;
#3805 = ORIENTED_EDGE ( 'NONE', *, *, #3043, .F. ) ;
#3806 = CIRCLE ( 'NONE', #4722, 0.06250000000000001388 ) ;
#3807 = DIRECTION ( 'NONE',  ( -1.520051807921766838E-15, 0.000000000000000000, 1.000000000000000000 ) ) ;
#3808 = ADVANCED_FACE ( 'NONE', ( #2962 ), #4719, .F. ) ;
#3809 = FACE_OUTER_BOUND ( 'NONE', #2645, .T. ) ;
#3810 = CARTESIAN_POINT ( 'NONE',  ( 0.2175000000000011646, 0.04249999999999999611, -0.09526279441628850153 ) ) ;
#3811 = CIRCLE ( 'NONE', #4355, 0.06250000000000001388 ) ;
#3812 = CARTESIAN_POINT ( 'NONE',  ( -0.1912499999999992262, 0.06250000000000000000, -0.6348973175201051422 ) ) ;
#3813 = ADVANCED_FACE ( 'NONE', ( #4690 ), #1170, .T. ) ;
#3814 = CARTESIAN_POINT ( 'NONE',  ( -0.2219069860407204275, 0.000000000000000000, 0.4690729415053697671 ) ) ;
#3815 = ORIENTED_EDGE ( 'NONE', *, *, #2314, .F. ) ;
#3816 = DIRECTION ( 'NONE',  ( 0.000000000000000000, 1.000000000000000000, -0.000000000000000000 ) ) ;
#3817 = CARTESIAN_POINT ( 'NONE',  ( 0.07125000000000002165, 0.04249999999999999611, -0.1092920000000000280 ) ) ;
#3818 = DIRECTION ( 'NONE',  ( 0.8660254037844385966, 0.000000000000000000, -0.5000000000000000000 ) ) ;
#3819 = VERTEX_POINT ( 'NONE', #2552 ) ;
#3820 = EDGE_CURVE ( 'NONE', #4038, #4555, #3802, .T. ) ;
#3821 = ORIENTED_EDGE ( 'NONE', *, *, #1168, .F. ) ;
#3822 = AXIS2_PLACEMENT_3D ( 'NONE', #4143, #3655, #4203 ) ;
#3823 = ADVANCED_FACE ( 'NONE', ( #2581 ), #4252, .T. ) ;
#3824 = ORIENTED_EDGE ( 'NONE', *, *, #286, .T. ) ;
#3825 = DIRECTION ( 'NONE',  ( 0.000000000000000000, -1.000000000000000000, 0.000000000000000000 ) ) ;
#3826 = PLANE ( 'NONE',  #824 ) ;
#3827 = LINE ( 'NONE', #1620, #4395 ) ;
#3828 = ORIENTED_EDGE ( 'NONE', *, *, #1760, .F. ) ;
#3829 = DIRECTION ( 'NONE',  ( 0.000000000000000000, 0.000000000000000000, -1.000000000000000000 ) ) ;
#3830 = VERTEX_POINT ( 'NONE', #2126 ) ;
#3831 = DIRECTION ( 'NONE',  ( 0.000000000000000000, -1.000000000000000000, 0.000000000000000000 ) ) ;
#3832 = EDGE_LOOP ( 'NONE', ( #3667, #5653, #4871, #4628 ) ) ;
#3833 = DIRECTION ( 'NONE',  ( 0.000000000000000000, 0.000000000000000000, -1.000000000000000000 ) ) ;
#3834 = CYLINDRICAL_SURFACE ( 'NONE', #5143, 0.03124999999999997571 ) ;
#3835 = LINE ( 'NONE', #3810, #1201 ) ;
#3836 = ORIENTED_EDGE ( 'NONE', *, *, #2673, .T. ) ;
#3837 = CARTESIAN_POINT ( 'NONE',  ( 0.008749999999999983485, 0.04249999999999999611, -0.3492919999999999359 ) ) ;
#3838 = CARTESIAN_POINT ( 'NONE',  ( 1.038208950404672484E-17, 0.04249999999999999611, -0.1805419999999999803 ) ) ;
#3839 = ORIENTED_EDGE ( 'NONE', *, *, #1483, .T. ) ;
#3840 = DIRECTION ( 'NONE',  ( 0.000000000000000000, -1.000000000000000000, 0.000000000000000000 ) ) ;
#3841 = FACE_OUTER_BOUND ( 'NONE', #531, .T. ) ;
#3842 = ADVANCED_FACE ( 'NONE', ( #5123 ), #3393, .T. ) ;
#3843 = DIRECTION ( 'NONE',  ( 0.000000000000000000, 0.000000000000000000, -1.000000000000000000 ) ) ;
#3844 = ORIENTED_EDGE ( 'NONE', *, *, #3281, .T. ) ;
#3845 = ORIENTED_EDGE ( 'NONE', *, *, #3566, .F. ) ;
#3846 = ORIENTED_EDGE ( 'NONE', *, *, #2011, .T. ) ;
#3847 = DIRECTION ( 'NONE',  ( -0.000000000000000000, 1.000000000000000000, -0.000000000000000000 ) ) ;
#3848 = EDGE_CURVE ( 'NONE', #5636, #846, #1689, .T. ) ;
#3849 = DIRECTION ( 'NONE',  ( -0.000000000000000000, 1.000000000000000000, -0.000000000000000000 ) ) ;
#3850 = DIRECTION ( 'NONE',  ( 0.000000000000000000, 1.000000000000000000, 0.000000000000000000 ) ) ;
#3851 = ORIENTED_EDGE ( 'NONE', *, *, #4005, .T. ) ;
#3852 = EDGE_CURVE ( 'NONE', #2568, #2455, #4486, .T. ) ;
#3853 = ORIENTED_EDGE ( 'NONE', *, *, #3124, .T. ) ;
#3854 = DIRECTION ( 'NONE',  ( 0.000000000000000000, 0.000000000000000000, -1.000000000000000000 ) ) ;
#3855 = FACE_BOUND ( 'NONE', #4956, .T. ) ;
#3856 = AXIS2_PLACEMENT_3D ( 'NONE', #1745, #5266, #21 ) ;
#3857 = EDGE_CURVE ( 'NONE', #1559, #4116, #4126, .T. ) ;
#3858 = EDGE_LOOP ( 'NONE', ( #142, #961, #3559, #1883 ) ) ;
#3859 = CIRCLE ( 'NONE', #3943, 0.03125000000000000694 ) ;
#3860 = CARTESIAN_POINT ( 'NONE',  ( -0.01562500000000008674, 0.06250000000000000000, -0.02706329386826357430 ) ) ;
#3861 = FACE_OUTER_BOUND ( 'NONE', #54, .T. ) ;
#3862 = DIRECTION ( 'NONE',  ( -0.000000000000000000, -1.000000000000000000, -0.000000000000000000 ) ) ;
#3863 = CIRCLE ( 'NONE', #724, 0.06250000000000001388 ) ;
#3864 = ORIENTED_EDGE ( 'NONE', *, *, #3699, .F. ) ;
#3865 = DIRECTION ( 'NONE',  ( 0.8660254037844362651, 0.000000000000000000, -0.5000000000000037748 ) ) ;
#3866 = VECTOR ( 'NONE', #5473, 39.37007874015748854 ) ;
#3867 = DIRECTION ( 'NONE',  ( 0.000000000000000000, -1.000000000000000000, 0.000000000000000000 ) ) ;
#3868 = ORIENTED_EDGE ( 'NONE', *, *, #588, .T. ) ;
#3869 = DIRECTION ( 'NONE',  ( 0.000000000000000000, 1.000000000000000000, -0.000000000000000000 ) ) ;
#3870 = FACE_OUTER_BOUND ( 'NONE', #4938, .T. ) ;
#3871 = AXIS2_PLACEMENT_3D ( 'NONE', #3612, #573, #1849 ) ;
#3872 = LINE ( 'NONE', #5219, #1670 ) ;
#3873 = ORIENTED_EDGE ( 'NONE', *, *, #1870, .F. ) ;
#3874 = CIRCLE ( 'NONE', #1464, 0.06250000000000001388 ) ;
#3875 = ORIENTED_EDGE ( 'NONE', *, *, #876, .T. ) ;
#3876 = VECTOR ( 'NONE', #3286, 39.37007874015748854 ) ;
#3877 = EDGE_CURVE ( 'NONE', #4537, #5202, #3401, .T. ) ;
#3878 = DIRECTION ( 'NONE',  ( -0.000000000000000000, -1.000000000000000000, 0.000000000000000000 ) ) ;
#3879 = CARTESIAN_POINT ( 'NONE',  ( -4.164040646905202202E-17, 0.04249999999999999611, -0.3092919999999999559 ) ) ;
#3880 = ORIENTED_EDGE ( 'NONE', *, *, #3535, .T. ) ;
#3881 = VERTEX_POINT ( 'NONE', #2099 ) ;
#3882 = LINE ( 'NONE', #337, #695 ) ;
#3883 = ADVANCED_FACE ( 'NONE', ( #3855, #4040, #4467, #5265, #4831, #1394, #4422, #3158 ), #901, .F. ) ;
#3884 = ADVANCED_FACE ( 'NONE', ( #1313 ), #3051, .F. ) ;
#3885 = CARTESIAN_POINT ( 'NONE',  ( -0.5625755575765063465, 0.06250000000000000000, 0.3248031496063000789 ) ) ;
#3886 = ORIENTED_EDGE ( 'NONE', *, *, #3144, .T. ) ;
#3887 = CIRCLE ( 'NONE', #197, 0.03125000000000000694 ) ;
#3888 = EDGE_CURVE ( 'NONE', #3310, #4148, #722, .T. ) ;
#3889 = ADVANCED_FACE ( 'NONE', ( #1856 ), #444, .F. ) ;
#3890 = LINE ( 'NONE', #3917, #3065 ) ;
#3891 = CIRCLE ( 'NONE', #4624, 0.05249999999999998418 ) ;
#3892 = CYLINDRICAL_SURFACE ( 'NONE', #3206, 0.2952755905511810219 ) ;
#3893 = CARTESIAN_POINT ( 'NONE',  ( 0.008749999999999985220, 0.06250000000000000000, -0.3492919999999999359 ) ) ;
#3894 = ORIENTED_EDGE ( 'NONE', *, *, #3452, .T. ) ;
#3895 = AXIS2_PLACEMENT_3D ( 'NONE', #1879, #3638, #1438 ) ;
#3896 = CARTESIAN_POINT ( 'NONE',  ( 0.7692715045575724275, 0.000000000000000000, 0.4441391102362131083 ) ) ;
#3897 = LINE ( 'NONE', #5646, #1093 ) ;
#3898 = EDGE_LOOP ( 'NONE', ( #576, #1113, #92, #431 ) ) ;
#3899 = DIRECTION ( 'NONE',  ( 1.000000000000000000, 0.000000000000000000, 0.000000000000000000 ) ) ;
#3900 = VECTOR ( 'NONE', #91, 39.37007874015748854 ) ;
#3901 = CARTESIAN_POINT ( 'NONE',  ( 0.07125000000000002165, 0.04249999999999999611, -0.1092920000000000280 ) ) ;
#3902 = CARTESIAN_POINT ( 'NONE',  ( -0.1912499999999992262, 0.06250000000000000000, -0.6348973175201051422 ) ) ;
#3903 = EDGE_CURVE ( 'NONE', #2988, #4537, #1340, .T. ) ;
#3904 = ORIENTED_EDGE ( 'NONE', *, *, #1297, .F. ) ;
#3905 = ORIENTED_EDGE ( 'NONE', *, *, #2673, .F. ) ;
#3906 = CARTESIAN_POINT ( 'NONE',  ( 0.1531512361669359612, 0.06250000000000000000, 0.07831827771688686102 ) ) ;
#3907 = PLANE ( 'NONE',  #2667 ) ;
#3908 = DIRECTION ( 'NONE',  ( 0.000000000000000000, -1.000000000000000000, 0.000000000000000000 ) ) ;
#3909 = ORIENTED_EDGE ( 'NONE', *, *, #3915, .T. ) ;
#3910 = AXIS2_PLACEMENT_3D ( 'NONE', #3521, #4868, #3143 ) ;
#3911 = ORIENTED_EDGE ( 'NONE', *, *, #1870, .T. ) ;
#3912 = CARTESIAN_POINT ( 'NONE',  ( 0.3452755905511822321, 0.06250000000000000000, -0.1416099282303676932 ) ) ;
#3913 = CC_DESIGN_DATE_AND_TIME_ASSIGNMENT ( #4554, #574, ( #1034 ) ) ;
#3914 = DIRECTION ( 'NONE',  ( -0.000000000000000000, -1.000000000000000000, -0.000000000000000000 ) ) ;
#3915 = EDGE_CURVE ( 'NONE', #2430, #1779, #1455, .T. ) ;
#3916 = EDGE_LOOP ( 'NONE', ( #1537, #2170, #2180, #3728, #5531, #3092, #252, #502, #1302, #3209, #3529, #2815, #5228, #5402, #4166, #1590, #3433, #1797, #1208, #2672 ) ) ;
#3917 = CARTESIAN_POINT ( 'NONE',  ( 0.2981207453386732764, 0.06250000000000000000, 0.1822237222831151471 ) ) ;
#3918 = DIRECTION ( 'NONE',  ( 0.000000000000000000, 0.000000000000000000, -1.000000000000000000 ) ) ;
#3919 = FACE_OUTER_BOUND ( 'NONE', #3951, .T. ) ;
#3920 = EDGE_CURVE ( 'NONE', #2988, #28, #19, .T. ) ;
#3921 = EDGE_LOOP ( 'NONE', ( #3474, #5106, #3499, #2761 ) ) ;
#3922 = EDGE_CURVE ( 'NONE', #2904, #3262, #5686, .T. ) ;
#3923 = CYLINDRICAL_SURFACE ( 'NONE', #2026, 0.06250000000000001388 ) ;
#3924 = LINE ( 'NONE', #2107, #1644 ) ;
#3925 = VERTEX_POINT ( 'NONE', #4853 ) ;
#3926 = FACE_OUTER_BOUND ( 'NONE', #634, .T. ) ;
#3927 = VECTOR ( 'NONE', #3992, 39.37007874015748143 ) ;
#3928 = CARTESIAN_POINT ( 'NONE',  ( 0.1407289584500511781, 0.000000000000000000, 0.1173342938682623710 ) ) ;
#3929 = VERTEX_POINT ( 'NONE', #5346 ) ;
#3930 = ORIENTED_EDGE ( 'NONE', *, *, #3877, .F. ) ;
#3931 = CARTESIAN_POINT ( 'NONE',  ( -0.3950223768158394044, 0.000000000000000000, 0.2280662755905530914 ) ) ;
#3932 = CARTESIAN_POINT ( 'NONE',  ( -0.2668707453386729433, 0.04249999999999999611, 0.2363503100196425177 ) ) ;
#3933 = CARTESIAN_POINT ( 'NONE',  ( 0.2175000000000011646, 0.04249999999999999611, -0.09526279441628850153 ) ) ;
#3934 = ORIENTED_EDGE ( 'NONE', *, *, #2193, .T. ) ;
#3935 = VERTEX_POINT ( 'NONE', #2664 ) ;
#3936 = DIRECTION ( 'NONE',  ( 0.000000000000000000, 1.000000000000000000, 0.000000000000000000 ) ) ;
#3937 = CARTESIAN_POINT ( 'NONE',  ( -0.1906569860407206496, 0.06250000000000000000, 0.5231995292418972765 ) ) ;
#3938 = VERTEX_POINT ( 'NONE', #1824 ) ;
#3939 = CIRCLE ( 'NONE', #3659, 0.06250000000000001388 ) ;
#3940 = EDGE_CURVE ( 'NONE', #1309, #3597, #1276, .T. ) ;
#3941 = FACE_OUTER_BOUND ( 'NONE', #493, .T. ) ;
#3942 = CARTESIAN_POINT ( 'NONE',  ( 0.6142122057670065249, 0.04249999999999999611, 0.2059478880228055586 ) ) ;
#3943 = AXIS2_PLACEMENT_3D ( 'NONE', #2725, #3113, #2298 ) ;
#3944 = EDGE_LOOP ( 'NONE', ( #4012, #1157, #3868, #100, #718, #5184, #571 ) ) ;
#3945 = CIRCLE ( 'NONE', #819, 0.06250000000000001388 ) ;
#3946 = CARTESIAN_POINT ( 'NONE',  ( -0.1719789584500498458, 0.04249999999999999611, 0.06320770613173710972 ) ) ;
#3947 = EDGE_CURVE ( 'NONE', #5478, #5164, #3949, .T. ) ;
#3948 = FACE_OUTER_BOUND ( 'NONE', #2585, .T. ) ;
#3949 = CIRCLE ( 'NONE', #2659, 0.06249999999999995143 ) ;
#3950 = VECTOR ( 'NONE', #1378, 39.37007874015748143 ) ;
#3951 = EDGE_LOOP ( 'NONE', ( #3329, #5028, #649, #292 ) ) ;
#3952 = ADVANCED_FACE ( 'NONE', ( #5314 ), #3993, .F. ) ;
#3953 = DIRECTION ( 'NONE',  ( 1.000000000000000000, 0.000000000000000000, -0.000000000000000000 ) ) ;
#3954 = DIRECTION ( 'NONE',  ( 0.8660254037844398178, 0.000000000000000000, -0.4999999999999977240 ) ) ;
#3955 = CARTESIAN_POINT ( 'NONE',  ( -5.187931594783850444E-19, 0.000000000000000000, -0.4561325511811023525 ) ) ;
#3956 = VERTEX_POINT ( 'NONE', #1744 ) ;
#3957 = ADVANCED_FACE ( 'NONE', ( #3130 ), #2281, .T. ) ;
#3958 = VERTEX_POINT ( 'NONE', #2257 ) ;
#3959 = CARTESIAN_POINT ( 'NONE',  ( -0.01562499999999973112, 0.000000000000000000, 0.02706329386826380676 ) ) ;
#3960 = AXIS2_PLACEMENT_3D ( 'NONE', #5570, #1532, #4593 ) ;
#3961 = VECTOR ( 'NONE', #3954, 39.37007874015748143 ) ;
#3962 = DIRECTION ( 'NONE',  ( 0.000000000000000000, 0.000000000000000000, -1.000000000000000000 ) ) ;
#3963 = ORIENTED_EDGE ( 'NONE', *, *, #9, .F. ) ;
#3964 = VECTOR ( 'NONE', #3590, 39.37007874015748854 ) ;
#3965 = VERTEX_POINT ( 'NONE', #3586 ) ;
#3966 = CARTESIAN_POINT ( 'NONE',  ( 0.1444012361669358702, 0.04249999999999999611, 0.09347372228311451314 ) ) ;
#3967 = CIRCLE ( 'NONE', #7, 0.06250000000000000000 ) ;
#3968 = DIRECTION ( 'NONE',  ( 0.000000000000000000, -1.000000000000000000, 0.000000000000000000 ) ) ;
#3969 = CARTESIAN_POINT ( 'NONE',  ( 0.000000000000000000, 0.04249999999999999611, 0.000000000000000000 ) ) ;
#3970 = VERTEX_POINT ( 'NONE', #1283 ) ;
#3971 = PLANE ( 'NONE',  #23 ) ;
#3972 = CARTESIAN_POINT ( 'NONE',  ( 0.07250000000000102196, 0.000000000000000000, 0.2597520861406814596 ) ) ;
#3973 = DIRECTION ( 'NONE',  ( 0.8660254037844398178, 0.000000000000000000, -0.4999999999999977240 ) ) ;
#3974 = ORIENTED_EDGE ( 'NONE', *, *, #4733, .F. ) ;
#3975 = DIRECTION ( 'NONE',  ( -0.000000000000000000, 1.000000000000000000, -0.000000000000000000 ) ) ;
#3976 = CIRCLE ( 'NONE', #1675, 0.03124999999999997571 ) ;
#3977 = CARTESIAN_POINT ( 'NONE',  ( -0.1444012361669358702, 0.04249999999999999611, 0.09347372228311451314 ) ) ;
#3978 = FACE_OUTER_BOUND ( 'NONE', #3336, .T. ) ;
#3979 = DIRECTION ( 'NONE',  ( -2.048885995248196921E-15, 0.000000000000000000, -1.000000000000000000 ) ) ;
#3980 = VECTOR ( 'NONE', #1014, 39.37007874015748854 ) ;
#3981 = ADVANCED_FACE ( 'NONE', ( #852 ), #2612, .F. ) ;
#3982 = CARTESIAN_POINT ( 'NONE',  ( 0.4794598536848256320, 0.000000000000000000, 0.2768162755905467232 ) ) ;
#3983 = ORIENTED_EDGE ( 'NONE', *, *, #5109, .F. ) ;
#3984 = ORIENTED_EDGE ( 'NONE', *, *, #2279, .F. ) ;
#3985 = LINE ( 'NONE', #4902, #2389 ) ;
#3986 = DIRECTION ( 'NONE',  ( 0.000000000000000000, -1.000000000000000000, 0.000000000000000000 ) ) ;
#3987 = ADVANCED_FACE ( 'NONE', ( #4645, #4180 ), #234, .F. ) ;
#3988 = DIRECTION ( 'NONE',  ( 0.000000000000000000, -1.000000000000000000, 0.000000000000000000 ) ) ;
#3989 = VERTEX_POINT ( 'NONE', #4239 ) ;
#3990 = ORIENTED_EDGE ( 'NONE', *, *, #5496, .F. ) ;
#3991 = ADVANCED_FACE ( 'NONE', ( #5502 ), #1551, .F. ) ;
#3992 = DIRECTION ( 'NONE',  ( -1.224655746112435567E-16, 0.000000000000000000, -1.000000000000000000 ) ) ;
#3993 = CYLINDRICAL_SURFACE ( 'NONE', #3672, 0.03124999999999997571 ) ;
#3994 = DIRECTION ( 'NONE',  ( -0.000000000000000000, -1.000000000000000000, -0.000000000000000000 ) ) ;
#3995 = DIRECTION ( 'NONE',  ( 0.8660254037844367092, 0.000000000000000000, 0.5000000000000035527 ) ) ;
#3996 = ORIENTED_EDGE ( 'NONE', *, *, #895, .T. ) ;
#3997 = LINE ( 'NONE', #2210, #841 ) ;
#3998 = CARTESIAN_POINT ( 'NONE',  ( -0.1407289584500496793, 0.000000000000000000, 0.1173342938682643971 ) ) ;
#3999 = ORIENTED_EDGE ( 'NONE', *, *, #2584, .F. ) ;
#4000 = CARTESIAN_POINT ( 'NONE',  ( 0.000000000000000000, 0.000000000000000000, 0.3409548833797020340 ) ) ;
#4001 = CYLINDRICAL_SURFACE ( 'NONE', #2196, 0.06250000000000001388 ) ;
#4002 = CARTESIAN_POINT ( 'NONE',  ( -0.7692715045575660993, 0.000000000000000000, 0.4441391102362241550 ) ) ;
#4003 = DIRECTION ( 'NONE',  ( 0.5000000000000045519, 0.000000000000000000, 0.8660254037844361541 ) ) ;
#4004 = EDGE_LOOP ( 'NONE', ( #2971, #3511, #577, #4121 ) ) ;
#4005 = EDGE_CURVE ( 'NONE', #1568, #1390, #991, .T. ) ;
#4006 = VERTEX_POINT ( 'NONE', #1992 ) ;
#4007 = CIRCLE ( 'NONE', #509, 0.05249999999999998418 ) ;
#4008 = DIRECTION ( 'NONE',  ( 0.000000000000000000, 1.000000000000000000, 0.000000000000000000 ) ) ;
#4009 = FACE_OUTER_BOUND ( 'NONE', #4565, .T. ) ;
#4010 = DIRECTION ( 'NONE',  ( 0.000000000000000000, -1.000000000000000000, 0.000000000000000000 ) ) ;
#4011 = ORIENTED_EDGE ( 'NONE', *, *, #212, .F. ) ;
#4012 = ORIENTED_EDGE ( 'NONE', *, *, #397, .T. ) ;
#4013 = LINE ( 'NONE', #4907, #3927 ) ;
#4014 = ADVANCED_FACE ( 'NONE', ( #2890 ), #1065, .F. ) ;
#4015 = ORIENTED_EDGE ( 'NONE', *, *, #4576, .T. ) ;
#4016 = DIRECTION ( 'NONE',  ( -0.000000000000000000, -1.000000000000000000, -0.000000000000000000 ) ) ;
#4017 = DIRECTION ( 'NONE',  ( 0.000000000000000000, -1.000000000000000000, 0.000000000000000000 ) ) ;
#4018 = ADVANCED_FACE ( 'NONE', ( #2057 ), #2421, .F. ) ;
#4019 = FACE_OUTER_BOUND ( 'NONE', #604, .T. ) ;
#4020 = DIRECTION ( 'NONE',  ( 0.000000000000000000, -1.000000000000000000, 0.000000000000000000 ) ) ;
#4021 = ORIENTED_EDGE ( 'NONE', *, *, #355, .F. ) ;
#4022 = DIRECTION ( 'NONE',  ( 0.000000000000000000, 1.000000000000000000, 0.000000000000000000 ) ) ;
#4023 = ORIENTED_EDGE ( 'NONE', *, *, #1971, .T. ) ;
#4024 = CARTESIAN_POINT ( 'NONE',  ( -0.1563539584500497348, 0.04249999999999999611, 0.05902100000000073954 ) ) ;
#4025 = LINE ( 'NONE', #4942, #4586 ) ;
#4026 = DIRECTION ( 'NONE',  ( 0.000000000000000000, 1.000000000000000000, -0.000000000000000000 ) ) ;
#4027 = VECTOR ( 'NONE', #4563, 39.37007874015748854 ) ;
#4028 = CARTESIAN_POINT ( 'NONE',  ( 0.01562500000000009021, 0.04249999999999999611, 0.02706329386826353961 ) ) ;
#4029 = ORIENTED_EDGE ( 'NONE', *, *, #1058, .F. ) ;
#4030 = AXIS2_PLACEMENT_3D ( 'NONE', #260, #1962, #3376 ) ;
#4031 = ORIENTED_EDGE ( 'NONE', *, *, #1414, .T. ) ;
#4032 = DIRECTION ( 'NONE',  ( 0.000000000000000000, 1.000000000000000000, 0.000000000000000000 ) ) ;
#4033 = LINE ( 'NONE', #90, #1219 ) ;
#4034 = VECTOR ( 'NONE', #3059, 39.37007874015748143 ) ;
#4035 = CARTESIAN_POINT ( 'NONE',  ( -0.8182917201112818173, 0.000000000000000000, 0.4724409448818900348 ) ) ;
#4036 = ORIENTED_EDGE ( 'NONE', *, *, #2090, .F. ) ;
#4037 = EDGE_LOOP ( 'NONE', ( #106, #3207, #2941, #233 ) ) ;
#4038 = VERTEX_POINT ( 'NONE', #1610 ) ;
#4039 = AXIS2_PLACEMENT_3D ( 'NONE', #4240, #1099, #690 ) ;
#4040 = FACE_OUTER_BOUND ( 'NONE', #960, .T. ) ;
#4041 = CARTESIAN_POINT ( 'NONE',  ( -0.6416857520649560387, 0.06250000000000000000, 0.02952255831014991352 ) ) ;
#4042 = FACE_OUTER_BOUND ( 'NONE', #4650, .T. ) ;
#4043 = DIRECTION ( 'NONE',  ( 0.000000000000000000, 0.000000000000000000, 1.000000000000000000 ) ) ;
#4044 = VERTEX_POINT ( 'NONE', #3378 ) ;
#4045 = ADVANCED_FACE ( 'NONE', ( #689 ), #5472, .T. ) ;
#4046 = VECTOR ( 'NONE', #2403, 39.37007874015748143 ) ;
#4047 = VECTOR ( 'NONE', #3413, 39.37007874015748143 ) ;
#4048 = ADVANCED_FACE ( 'NONE', ( #204 ), #5372, .T. ) ;
#4049 = ORIENTED_EDGE ( 'NONE', *, *, #3254, .F. ) ;
#4050 = FACE_OUTER_BOUND ( 'NONE', #4885, .T. ) ;
#4051 = ORIENTED_EDGE ( 'NONE', *, *, #562, .F. ) ;
#4052 = EDGE_CURVE ( 'NONE', #1385, #2339, #4704, .T. ) ;
#4053 = EDGE_CURVE ( 'NONE', #3070, #5256, #163, .T. ) ;
#4054 = CIRCLE ( 'NONE', #1570, 0.05249999999999998418 ) ;
#4055 = CARTESIAN_POINT ( 'NONE',  ( -0.5613228300057813147, 0.04249999999999999611, 0.1725254413438442325 ) ) ;
#4056 = DIRECTION ( 'NONE',  ( 0.000000000000000000, 0.000000000000000000, -1.000000000000000000 ) ) ;
#4057 = DIRECTION ( 'NONE',  ( -0.000000000000000000, 1.000000000000000000, -0.000000000000000000 ) ) ;
#4058 = FACE_BOUND ( 'NONE', #5517, .T. ) ;
#4059 = AXIS2_PLACEMENT_3D ( 'NONE', #1050, #2783, #3712 ) ;
#4060 = ORIENTED_EDGE ( 'NONE', *, *, #1376, .F. ) ;
#4061 = AXIS2_PLACEMENT_3D ( 'NONE', #5071, #3289, #748 ) ;
#4062 = EDGE_LOOP ( 'NONE', ( #1972, #2794, #2723, #3934 ) ) ;
#4063 = VECTOR ( 'NONE', #2981, 39.37007874015748854 ) ;
#4064 = PLANE ( 'NONE',  #4782 ) ;
#4065 = VECTOR ( 'NONE', #769, 39.37007874015748854 ) ;
#4066 = CARTESIAN_POINT ( 'NONE',  ( -0.6848340276885838129, 0.06250000000000000000, 0.3953891102362238064 ) ) ;
#4067 = MECHANICAL_CONTEXT ( 'NONE', #5638, 'mechanical' ) ;
#4068 = ORIENTED_EDGE ( 'NONE', *, *, #2703, .F. ) ;
#4069 = VERTEX_POINT ( 'NONE', #1585 ) ;
#4070 = VERTEX_POINT ( 'NONE', #3352 ) ;
#4071 = AXIS2_PLACEMENT_3D ( 'NONE', #3361, #5114, #4592 ) ;
#4072 = CARTESIAN_POINT ( 'NONE',  ( -0.3679590829475756775, 0.000000000000000000, 0.2124412755905529249 ) ) ;
#4073 = DIRECTION ( 'NONE',  ( 0.000000000000000000, -1.000000000000000000, 0.000000000000000000 ) ) ;
#4074 = LOCAL_TIME ( 19, 46, 42.00000000000000000, #4985 ) ;
#4075 = FACE_OUTER_BOUND ( 'NONE', #3898, .T. ) ;
#4076 = LINE ( 'NONE', #2285, #5 ) ;
#4077 = ORIENTED_EDGE ( 'NONE', *, *, #5696, .F. ) ;
#4078 = CARTESIAN_POINT ( 'NONE',  ( -0.4663228300057806752, 0.06250000000000000000, 0.3995702680628884229 ) ) ;
#4079 = ORIENTED_EDGE ( 'NONE', *, *, #3922, .F. ) ;
#4080 = DIRECTION ( 'NONE',  ( 0.000000000000000000, -1.000000000000000000, 0.000000000000000000 ) ) ;
#4081 = ADVANCED_FACE ( 'NONE', ( #3723 ), #5107, .F. ) ;
#4082 = ADVANCED_FACE ( 'NONE', ( #1524 ), #3263, .T. ) ;
#4083 = ORIENTED_EDGE ( 'NONE', *, *, #4692, .T. ) ;
#4084 = DIRECTION ( 'NONE',  ( 0.8660254037844400399, 0.000000000000000000, -0.4999999999999976685 ) ) ;
#4085 = EDGE_CURVE ( 'NONE', #3166, #3458, #3022, .T. ) ;
#4086 = FACE_OUTER_BOUND ( 'NONE', #1706, .T. ) ;
#4087 = LINE ( 'NONE', #139, #283 ) ;
#4088 = EDGE_CURVE ( 'NONE', #605, #4913, #5142, .T. ) ;
#4089 = CYLINDRICAL_SURFACE ( 'NONE', #2965, 0.07499999999999998335 ) ;
#4090 = ORIENTED_EDGE ( 'NONE', *, *, #2216, .T. ) ;
#4091 = ORIENTED_EDGE ( 'NONE', *, *, #4235, .T. ) ;
#4092 = CARTESIAN_POINT ( 'NONE',  ( 0.6692090276885893640, 0.06250000000000000000, 0.4224524041044779299 ) ) ;
#4093 = LINE ( 'NONE', #3557, #4253 ) ;
#4094 = ORIENTED_EDGE ( 'NONE', *, *, #1873, .F. ) ;
#4095 = EDGE_LOOP ( 'NONE', ( #3692, #5317, #2117, #2507 ) ) ;
#4096 = ORIENTED_EDGE ( 'NONE', *, *, #5243, .T. ) ;
#4097 = VECTOR ( 'NONE', #3485, 39.37007874015748854 ) ;
#4098 = CARTESIAN_POINT ( 'NONE',  ( -0.6416857520649560387, 0.000000000000000000, 0.02952255831014991352 ) ) ;
#4099 = DIRECTION ( 'NONE',  ( -0.000000000000000000, 1.000000000000000000, -0.000000000000000000 ) ) ;
#4100 = DIRECTION ( 'NONE',  ( 0.000000000000000000, 0.000000000000000000, -1.000000000000000000 ) ) ;
#4101 = CARTESIAN_POINT ( 'NONE',  ( -0.6848340276885838129, 0.06250000000000000000, 0.3953891102362238064 ) ) ;
#4102 = EDGE_LOOP ( 'NONE', ( #4283, #1018, #1963, #4079 ) ) ;
#4103 = CYLINDRICAL_SURFACE ( 'NONE', #55, 0.03124999999999997571 ) ;
#4104 = EDGE_LOOP ( 'NONE', ( #5410, #4158, #4936, #3983 ) ) ;
#4105 = LINE ( 'NONE', #1981, #105 ) ;
#4106 = EDGE_LOOP ( 'NONE', ( #4689, #5212, #4243, #2426 ) ) ;
#4107 = EDGE_CURVE ( 'NONE', #680, #3929, #4613, .T. ) ;
#4108 = CARTESIAN_POINT ( 'NONE',  ( 0.7004590276885888089, 0.000000000000000000, 0.3683258163679501984 ) ) ;
#4109 = CARTESIAN_POINT ( 'NONE',  ( 0.7692715045575724275, 0.000000000000000000, 0.4441391102362131083 ) ) ;
#4110 = DIRECTION ( 'NONE',  ( 0.000000000000000000, 0.000000000000000000, 1.000000000000000000 ) ) ;
#4111 = CARTESIAN_POINT ( 'NONE',  ( 0.4950848536848253545, 0.06250000000000000000, 0.2497529817222827742 ) ) ;
#4112 = EDGE_CURVE ( 'NONE', #847, #3614, #1326, .T. ) ;
#4113 = EDGE_LOOP ( 'NONE', ( #2352, #2824, #1419, #3126 ) ) ;
#4114 = EDGE_CURVE ( 'NONE', #534, #2627, #378, .T. ) ;
#4115 = CARTESIAN_POINT ( 'NONE',  ( 0.5288356180304789600, 0.06250000000000000000, 0.2288244757593330680 ) ) ;
#4116 = VERTEX_POINT ( 'NONE', #4380 ) ;
#4117 = CARTESIAN_POINT ( 'NONE',  ( 0.2487500000000011924, 0.04249999999999999611, -0.1493893821528159416 ) ) ;
#4118 = LINE ( 'NONE', #2273, #848 ) ;
#4119 = EDGE_LOOP ( 'NONE', ( #5412, #1064, #436, #3220 ) ) ;
#4120 = AXIS2_PLACEMENT_3D ( 'NONE', #3438, #5248, #4 ) ;
#4121 = ORIENTED_EDGE ( 'NONE', *, *, #2429, .F. ) ;
#4122 = ADVANCED_FACE ( 'NONE', ( #3926 ), #2111, .F. ) ;
#4123 = ORIENTED_EDGE ( 'NONE', *, *, #909, .F. ) ;
#4124 = CARTESIAN_POINT ( 'NONE',  ( 0.5420887935035331173, 0.06250000000000000000, 0.4558693024783773140 ) ) ;
#4125 = ORIENTED_EDGE ( 'NONE', *, *, #2221, .F. ) ;
#4126 = CIRCLE ( 'NONE', #1737, 0.03124999999999997571 ) ;
#4127 = DIRECTION ( 'NONE',  ( 0.000000000000000000, 1.000000000000000000, 0.000000000000000000 ) ) ;
#4128 = CARTESIAN_POINT ( 'NONE',  ( 0.7807097984258365431, 0.06250000000000000000, 0.4868274041044768352 ) ) ;
#4129 = CARTESIAN_POINT ( 'NONE',  ( -0.6466994177423085466, 0.04249999999999999611, 0.1496488536073167230 ) ) ;
#4130 = LINE ( 'NONE', #4935, #4604 ) ;
#4131 = ORIENTED_EDGE ( 'NONE', *, *, #1261, .F. ) ;
#4132 = CARTESIAN_POINT ( 'NONE',  ( 0.000000000000000000, 0.06250000000000000000, 0.000000000000000000 ) ) ;
#4133 = VECTOR ( 'NONE', #3693, 39.37007874015748143 ) ;
#4134 = EDGE_LOOP ( 'NONE', ( #2308, #2105, #148, #3757 ) ) ;
#4135 = DIRECTION ( 'NONE',  ( 0.000000000000000000, 0.000000000000000000, -1.000000000000000000 ) ) ;
#4136 = VECTOR ( 'NONE', #4301, 39.37007874015748143 ) ;
#4137 = ORIENTED_EDGE ( 'NONE', *, *, #3079, .T. ) ;
#4138 = EDGE_CURVE ( 'NONE', #3205, #1867, #3089, .T. ) ;
#4139 = VECTOR ( 'NONE', #1415, 39.37007874015748143 ) ;
#4140 = CIRCLE ( 'NONE', #3138, 0.03124999999999998959 ) ;
#4141 = CARTESIAN_POINT ( 'NONE',  ( 0.2439941576021459613, 0.04249999999999999611, 0.1509737222831149250 ) ) ;
#4142 = CARTESIAN_POINT ( 'NONE',  ( -0.9659295153868718842, 0.06250000000000000000, 0.2167247823471144530 ) ) ;
#4143 = CARTESIAN_POINT ( 'NONE',  ( -0.2952755905511798007, 0.06250000000000000000, -0.1704774416898490463 ) ) ;
#4144 = CC_DESIGN_PERSON_AND_ORGANIZATION_ASSIGNMENT ( #5447, #3202, ( #4918 ) ) ;
#4145 = DIRECTION ( 'NONE',  ( 0.000000000000000000, 0.000000000000000000, -1.000000000000000000 ) ) ;
#4146 = VERTEX_POINT ( 'NONE', #801 ) ;
#4147 = CARTESIAN_POINT ( 'NONE',  ( 0.1237500000000018030, 0.04249999999999999611, -0.1133049903284639448 ) ) ;
#4148 = VERTEX_POINT ( 'NONE', #5674 ) ;
#4149 = DIRECTION ( 'NONE',  ( 0.000000000000000000, -1.000000000000000000, 0.000000000000000000 ) ) ;
#4150 = LINE ( 'NONE', #1066, #2573 ) ;
#4151 = EDGE_CURVE ( 'NONE', #448, #155, #863, .T. ) ;
#4152 = CARTESIAN_POINT ( 'NONE',  ( 0.03124999999999992367, 0.000000000000000000, 3.334775382890938319E-18 ) ) ;
#4153 = APPROVAL_DATE_TIME ( #3639, #1189 ) ;
#4154 = ORIENTED_EDGE ( 'NONE', *, *, #5388, .T. ) ;
#4155 = VECTOR ( 'NONE', #4819, 39.37007874015748143 ) ;
#4156 = ORIENTED_EDGE ( 'NONE', *, *, #5605, .F. ) ;
#4157 = ORIENTED_EDGE ( 'NONE', *, *, #4370, .T. ) ;
#4158 = ORIENTED_EDGE ( 'NONE', *, *, #972, .T. ) ;
#4159 = FACE_OUTER_BOUND ( 'NONE', #1487, .T. ) ;
#4160 = EDGE_CURVE ( 'NONE', #1902, #3205, #2654, .T. ) ;
#4161 = CARTESIAN_POINT ( 'NONE',  ( 0.07250000000000088318, 0.06250000000000000000, 0.3828127778959503624 ) ) ;
#4162 = CARTESIAN_POINT ( 'NONE',  ( -0.1912499999999991429, 0.04249999999999999611, -0.1493893821528155252 ) ) ;
#4163 = ORIENTED_EDGE ( 'NONE', *, *, #3498, .F. ) ;
#4164 = EDGE_CURVE ( 'NONE', #1771, #2339, #1825, .T. ) ;
#4165 = VECTOR ( 'NONE', #3789, 39.37007874015748854 ) ;
#4166 = ORIENTED_EDGE ( 'NONE', *, *, #2116, .T. ) ;
#4167 = LINE ( 'NONE', #3187, #206 ) ;
#4168 = ORIENTED_EDGE ( 'NONE', *, *, #3194, .T. ) ;
#4169 = DIRECTION ( 'NONE',  ( -0.000000000000000000, 1.000000000000000000, -0.000000000000000000 ) ) ;
#4170 = CIRCLE ( 'NONE', #670, 0.06250000000000001388 ) ;
#4171 = ORIENTED_EDGE ( 'NONE', *, *, #4763, .T. ) ;
#4172 = DIRECTION ( 'NONE',  ( -0.000000000000000000, 1.000000000000000000, 0.000000000000000000 ) ) ;
#4173 = DIRECTION ( 'NONE',  ( -0.000000000000000000, 1.000000000000000000, 0.000000000000000000 ) ) ;
#4174 = CYLINDRICAL_SURFACE ( 'NONE', #920, 0.05249999999999998418 ) ;
#4175 = AXIS2_PLACEMENT_3D ( 'NONE', #5005, #5070, #1121 ) ;
#4176 = DIRECTION ( 'NONE',  ( 0.000000000000000000, 0.000000000000000000, -1.000000000000000000 ) ) ;
#4177 = ORIENTED_EDGE ( 'NONE', *, *, #2432, .F. ) ;
#4178 = DIRECTION ( 'NONE',  ( 0.000000000000000000, -1.000000000000000000, 0.000000000000000000 ) ) ;
#4179 = EDGE_LOOP ( 'NONE', ( #3873, #1135, #411, #5434 ) ) ;
#4180 = FACE_OUTER_BOUND ( 'NONE', #178, .T. ) ;
#4181 = CARTESIAN_POINT ( 'NONE',  ( 0.03124999999999998265, 0.000000000000000000, -0.5536325511811024391 ) ) ;
#4182 = CARTESIAN_POINT ( 'NONE',  ( -0.4350728300057806197, 0.04249999999999999611, 0.3911968557994158213 ) ) ;
#4183 = DIRECTION ( 'NONE',  ( 1.000000000000000000, 0.000000000000000000, 0.000000000000000000 ) ) ;
#4184 = DIRECTION ( 'NONE',  ( -0.000000000000000000, 1.000000000000000000, -0.000000000000000000 ) ) ;
#4185 = ORIENTED_EDGE ( 'NONE', *, *, #4225, .T. ) ;
#4186 = EDGE_CURVE ( 'NONE', #2808, #4753, #2139, .T. ) ;
#4187 = ORIENTED_EDGE ( 'NONE', *, *, #4576, .F. ) ;
#4188 = CARTESIAN_POINT ( 'NONE',  ( 0.7004590276885888089, 0.06250000000000000000, 0.3683258163679501984 ) ) ;
#4189 = CYLINDRICAL_SURFACE ( 'NONE', #2948, 0.03125000000000000694 ) ;
#4190 = CARTESIAN_POINT ( 'NONE',  ( -0.1287499999999992262, 0.04249999999999999611, -0.5723973175201051422 ) ) ;
#4191 = ORIENTED_EDGE ( 'NONE', *, *, #3743, .F. ) ;
#4192 = ORIENTED_EDGE ( 'NONE', *, *, #3920, .T. ) ;
#4193 = CARTESIAN_POINT ( 'NONE',  ( -0.03374999999999878098, 0.04249999999999999611, 0.1594930118636350425 ) ) ;
#4194 = EDGE_CURVE ( 'NONE', #118, #2829, #4861, .T. ) ;
#4195 = ORIENTED_EDGE ( 'NONE', *, *, #491, .T. ) ;
#4196 = DIRECTION ( 'NONE',  ( 0.000000000000000000, 0.000000000000000000, 1.000000000000000000 ) ) ;
#4197 = VECTOR ( 'NONE', #1228, 39.37007874015748143 ) ;
#4198 = VERTEX_POINT ( 'NONE', #5217 ) ;
#4199 = ADVANCED_FACE ( 'NONE', ( #1726, #5194 ), #3492, .T. ) ;
#4200 = ADVANCED_FACE ( 'NONE', ( #2978 ), #888, .T. ) ;
#4201 = CYLINDRICAL_SURFACE ( 'NONE', #4954, 0.06250000000000001388 ) ;
#4202 = CARTESIAN_POINT ( 'NONE',  ( -0.03125000000000006245, 0.000000000000000000, -0.9195282204724408714 ) ) ;
#4203 = DIRECTION ( 'NONE',  ( 0.000000000000000000, 0.000000000000000000, 1.000000000000000000 ) ) ;
#4204 = CARTESIAN_POINT ( 'NONE',  ( -0.09027464843040859666, 0.06250000000000000000, 0.06222372228311427028 ) ) ;
#4205 = DIRECTION ( 'NONE',  ( 0.000000000000000000, 1.000000000000000000, 0.000000000000000000 ) ) ;
#4206 = ORIENTED_EDGE ( 'NONE', *, *, #454, .T. ) ;
#4207 = DIRECTION ( 'NONE',  ( 0.000000000000000000, 0.000000000000000000, -1.000000000000000000 ) ) ;
#4208 = CARTESIAN_POINT ( 'NONE',  ( -0.7692715045575662103, 0.000000000000000000, 0.4441391102362241550 ) ) ;
#4209 = PLANE ( 'NONE',  #1577 ) ;
#4210 = DIRECTION ( 'NONE',  ( 0.000000000000000000, 0.000000000000000000, -1.000000000000000000 ) ) ;
#4211 = ORIENTED_EDGE ( 'NONE', *, *, #4151, .F. ) ;
#4212 = VECTOR ( 'NONE', #5091, 39.37007874015748143 ) ;
#4213 = ORIENTED_EDGE ( 'NONE', *, *, #3852, .F. ) ;
#4214 = CARTESIAN_POINT ( 'NONE',  ( -0.07749999999999890310, 0.000000000000000000, 0.6847520861406815040 ) ) ;
#4215 = CARTESIAN_POINT ( 'NONE',  ( -0.2564164353190324652, 0.000000000000000000, 0.1119577061317375000 ) ) ;
#4216 = DIRECTION ( 'NONE',  ( 0.000000000000000000, 1.000000000000000000, 0.000000000000000000 ) ) ;
#4217 = VERTEX_POINT ( 'NONE', #1214 ) ;
#4218 = ORIENTED_EDGE ( 'NONE', *, *, #4693, .T. ) ;
#4219 = CARTESIAN_POINT ( 'NONE',  ( 0.5600856180304790710, 0.04249999999999999611, 0.1746978880228056974 ) ) ;
#4220 = ADVANCED_FACE ( 'NONE', ( #5279 ), #4841, .F. ) ;
#4221 = AXIS2_PLACEMENT_3D ( 'NONE', #663, #4672, #3323 ) ;
#4222 = CIRCLE ( 'NONE', #364, 0.03125000000000000694 ) ;
#4223 = EDGE_LOOP ( 'NONE', ( #1623, #1391, #3188, #639, #3478, #3384 ) ) ;
#4224 = DIRECTION ( 'NONE',  ( 0.000000000000000000, 0.000000000000000000, 1.000000000000000000 ) ) ;
#4225 = EDGE_CURVE ( 'NONE', #5478, #3322, #3061, .T. ) ;
#4226 = ORIENTED_EDGE ( 'NONE', *, *, #1550, .T. ) ;
#4227 = VECTOR ( 'NONE', #4172, 39.37007874015748143 ) ;
#4228 = EDGE_CURVE ( 'NONE', #2418, #534, #4407, .T. ) ;
#4229 = FACE_OUTER_BOUND ( 'NONE', #3792, .T. ) ;
#4230 = VECTOR ( 'NONE', #3503, 39.37007874015748143 ) ;
#4231 = CARTESIAN_POINT ( 'NONE',  ( -0.1563539584500497348, 0.000000000000000000, 0.05902100000000073954 ) ) ;
#4232 = CIRCLE ( 'NONE', #5607, 0.06249999999999997918 ) ;
#4233 = DIRECTION ( 'NONE',  ( 0.000000000000000000, -1.000000000000000000, 0.000000000000000000 ) ) ;
#4234 = ADVANCED_FACE ( 'NONE', ( #1241 ), #5648, .F. ) ;
#4235 = EDGE_CURVE ( 'NONE', #1740, #2405, #1265, .T. ) ;
#4236 = DIRECTION ( 'NONE',  ( 0.000000000000000000, -1.000000000000000000, 0.000000000000000000 ) ) ;
#4237 = DIRECTION ( 'NONE',  ( 0.000000000000000000, 0.000000000000000000, 1.000000000000000000 ) ) ;
#4238 = VERTEX_POINT ( 'NONE', #1812 ) ;
#4239 = CARTESIAN_POINT ( 'NONE',  ( 0.5065231475530895811, 0.000000000000000000, 0.2924412755905463901 ) ) ;
#4240 = CARTESIAN_POINT ( 'NONE',  ( -0.2527441576021460801, 0.04249999999999999611, 0.1358182777168873145 ) ) ;
#4241 = DIRECTION ( 'NONE',  ( -0.000000000000000000, 1.000000000000000000, 0.000000000000000000 ) ) ;
#4242 = CYLINDRICAL_SURFACE ( 'NONE', #1482, 0.06250000000000000000 ) ;
#4243 = ORIENTED_EDGE ( 'NONE', *, *, #2189, .F. ) ;
#4244 = ORIENTED_EDGE ( 'NONE', *, *, #955, .T. ) ;
#4245 = DIRECTION ( 'NONE',  ( 0.000000000000000000, -1.000000000000000000, 0.000000000000000000 ) ) ;
#4246 = CARTESIAN_POINT ( 'NONE',  ( -0.6848340276885838129, 0.06250000000000000000, 0.3641391102362238064 ) ) ;
#4247 = DIRECTION ( 'NONE',  ( 0.000000000000000000, 0.000000000000000000, -1.000000000000000000 ) ) ;
#4248 = EDGE_LOOP ( 'NONE', ( #177, #2270, #2691, #2510 ) ) ;
#4249 = CARTESIAN_POINT ( 'NONE',  ( -0.03125000000000006939, 0.000000000000000000, -0.5536325511811024391 ) ) ;
#4250 = VECTOR ( 'NONE', #3340, 39.37007874015748854 ) ;
#4251 = ORIENTED_EDGE ( 'NONE', *, *, #5259, .T. ) ;
#4252 = CYLINDRICAL_SURFACE ( 'NONE', #533, 0.2952755905511810774 ) ;
#4253 = VECTOR ( 'NONE', #951, 39.37007874015748143 ) ;
#4254 = CIRCLE ( 'NONE', #658, 0.06250000000000000000 ) ;
#4255 = VERTEX_POINT ( 'NONE', #511 ) ;
#4256 = CIRCLE ( 'NONE', #1777, 0.05250000000000005357 ) ;
#4257 = AXIS2_PLACEMENT_3D ( 'NONE', #3664, #603, #4183 ) ;
#4258 = EDGE_CURVE ( 'NONE', #5202, #506, #4514, .T. ) ;
#4259 = LINE ( 'NONE', #399, #1862 ) ;
#4260 = DIRECTION ( 'NONE',  ( 0.000000000000000000, 0.000000000000000000, -1.000000000000000000 ) ) ;
#4261 = DIRECTION ( 'NONE',  ( -0.000000000000000000, 1.000000000000000000, -0.000000000000000000 ) ) ;
#4262 = ORIENTED_EDGE ( 'NONE', *, *, #1589, .F. ) ;
#4263 = CARTESIAN_POINT ( 'NONE',  ( -0.8182917201112819283, 0.06250000000000000000, 0.4724409448818900348 ) ) ;
#4264 = EDGE_CURVE ( 'NONE', #5198, #3469, #995, .T. ) ;
#4265 = DIRECTION ( 'NONE',  ( -0.000000000000000000, 1.000000000000000000, -0.000000000000000000 ) ) ;
#4266 = EDGE_LOOP ( 'NONE', ( #3504, #859, #2379, #1530 ) ) ;
#4267 = DIRECTION ( 'NONE',  ( 0.000000000000000000, 1.000000000000000000, 0.000000000000000000 ) ) ;
#4268 = EDGE_CURVE ( 'NONE', #5084, #5662, #3192, .T. ) ;
#4269 = CARTESIAN_POINT ( 'NONE',  ( -0.2952755905511798007, 0.06250000000000000000, -0.1704774416898490463 ) ) ;
#4270 = LINE ( 'NONE', #326, #2881 ) ;
#4271 = CARTESIAN_POINT ( 'NONE',  ( -0.03124999999999968428, 0.000000000000000000, 2.167603998879093036E-17 ) ) ;
#4272 = ORIENTED_EDGE ( 'NONE', *, *, #2009, .F. ) ;
#4273 = VECTOR ( 'NONE', #4482, 39.37007874015748143 ) ;
#4274 = VERTEX_POINT ( 'NONE', #489 ) ;
#4275 = ADVANCED_FACE ( 'NONE', ( #1407 ), #2758, .F. ) ;
#4276 = CARTESIAN_POINT ( 'NONE',  ( 0.03124999999999997571, 0.000000000000000000, -0.7907782204724409514 ) ) ;
#4277 = LINE ( 'NONE', #333, #640 ) ;
#4278 = CARTESIAN_POINT ( 'NONE',  ( -0.2678547291872958591, 0.04249999999999999611, 0.1546460000000012824 ) ) ;
#4279 = VERTEX_POINT ( 'NONE', #5304 ) ;
#4280 = ORIENTED_EDGE ( 'NONE', *, *, #5661, .T. ) ;
#4281 = DIRECTION ( 'NONE',  ( -0.000000000000000000, -1.000000000000000000, -0.000000000000000000 ) ) ;
#4282 = CARTESIAN_POINT ( 'NONE',  ( 0.2407914353190341306, 0.04249999999999999611, 0.1390209999999977297 ) ) ;
#4283 = ORIENTED_EDGE ( 'NONE', *, *, #4663, .F. ) ;
#4284 = DIRECTION ( 'NONE',  ( 0.000000000000000000, 1.000000000000000000, -0.000000000000000000 ) ) ;
#4285 = AXIS2_PLACEMENT_3D ( 'NONE', #3737, #3306, #3247 ) ;
#4286 = DIRECTION ( 'NONE',  ( 0.000000000000000000, 0.000000000000000000, 1.000000000000000000 ) ) ;
#4287 = CYLINDRICAL_SURFACE ( 'NONE', #1751, 0.06250000000000001388 ) ;
#4288 = ORIENTED_EDGE ( 'NONE', *, *, #4631, .T. ) ;
#4289 = PLANE ( 'NONE',  #1342 ) ;
#4290 = EDGE_CURVE ( 'NONE', #659, #5120, #3576, .T. ) ;
#4291 = DIRECTION ( 'NONE',  ( 0.5000000000000034417, 0.000000000000000000, -0.8660254037844365982 ) ) ;
#4292 = EDGE_LOOP ( 'NONE', ( #2754, #1442, #2768, #3678 ) ) ;
#4293 = DIRECTION ( 'NONE',  ( 0.000000000000000000, -1.000000000000000000, 0.000000000000000000 ) ) ;
#4294 = CARTESIAN_POINT ( 'NONE',  ( -0.4794598536848219128, 0.06250000000000000000, 0.2768162755905534955 ) ) ;
#4295 = EDGE_CURVE ( 'NONE', #3614, #4417, #5232, .T. ) ;
#4296 = DIRECTION ( 'NONE',  ( 0.000000000000000000, -1.000000000000000000, 0.000000000000000000 ) ) ;
#4297 = ADVANCED_FACE ( 'NONE', ( #4086 ), #2789, .F. ) ;
#4298 = ORIENTED_EDGE ( 'NONE', *, *, #5571, .F. ) ;
#4299 = ORIENTED_EDGE ( 'NONE', *, *, #4428, .F. ) ;
#4300 = DIRECTION ( 'NONE',  ( -0.000000000000000000, -1.000000000000000000, -0.000000000000000000 ) ) ;
#4301 = DIRECTION ( 'NONE',  ( -0.000000000000000000, -1.000000000000000000, -0.000000000000000000 ) ) ;
#4302 = ADVANCED_FACE ( 'NONE', ( #4454 ), #536, .F. ) ;
#4303 = CARTESIAN_POINT ( 'NONE',  ( 0.6706539248356907512, 0.000000000000000000, 0.7281571074166679480 ) ) ;
#4304 = ORIENTED_EDGE ( 'NONE', *, *, #3713, .T. ) ;
#4305 = ORIENTED_EDGE ( 'NONE', *, *, #2467, .T. ) ;
#4306 = EDGE_CURVE ( 'NONE', #4856, #1126, #3859, .T. ) ;
#4307 = DIRECTION ( 'NONE',  ( -0.000000000000000000, -1.000000000000000000, -0.000000000000000000 ) ) ;
#4308 = CARTESIAN_POINT ( 'NONE',  ( 0.3918764952124575429, 0.000000000000000000, 0.5672048833797019851 ) ) ;
#4309 = EDGE_LOOP ( 'NONE', ( #5672, #1852, #2439, #677 ) ) ;
#4310 = VECTOR ( 'NONE', #3142, 39.37007874015748143 ) ;
#4311 = VECTOR ( 'NONE', #1957, 39.37007874015748854 ) ;
#4312 = LINE ( 'NONE', #2966, #4065 ) ;
#4313 = LINE ( 'NONE', #5691, #2561 ) ;
#4314 = CARTESIAN_POINT ( 'NONE',  ( 0.1862500000000018030, 0.06250000000000000000, -0.1133049903284639309 ) ) ;
#4315 = AXIS2_PLACEMENT_3D ( 'NONE', #3088, #4892, #4478 ) ;
#4316 = ORIENTED_EDGE ( 'NONE', *, *, #1020, .F. ) ;
#4317 = CARTESIAN_POINT ( 'NONE',  ( 0.5600856180304790710, 0.06250000000000000000, 0.1746978880228056974 ) ) ;
#4318 = AXIS2_PLACEMENT_3D ( 'NONE', #4754, #1292, #774 ) ;
#4319 = CIRCLE ( 'NONE', #3406, 0.06250000000000000000 ) ;
#4320 = CARTESIAN_POINT ( 'NONE',  ( 0.3950223768158424020, 0.06250000000000000000, 0.2280662755905474848 ) ) ;
#4321 = ORIENTED_EDGE ( 'NONE', *, *, #3281, .F. ) ;
#4322 = DIRECTION ( 'NONE',  ( -1.224655746112435567E-16, 0.000000000000000000, -1.000000000000000000 ) ) ;
#4323 = DIRECTION ( 'NONE',  ( 1.000000000000000000, 0.000000000000000000, 5.551115123125782702E-17 ) ) ;
#4324 = VECTOR ( 'NONE', #1783, 39.37007874015748854 ) ;
#4325 = CARTESIAN_POINT ( 'NONE',  ( -6.814803792450683845E-17, 0.06250000000000000000, -0.5536325511811024391 ) ) ;
#4326 = VECTOR ( 'NONE', #1643, 39.37007874015748143 ) ;
#4327 = VERTEX_POINT ( 'NONE', #3601 ) ;
#4328 = VECTOR ( 'NONE', #1775, 39.37007874015748143 ) ;
#4329 = EDGE_CURVE ( 'NONE', #4621, #319, #2736, .T. ) ;
#4330 = ORIENTED_EDGE ( 'NONE', *, *, #5214, .F. ) ;
#4331 = CARTESIAN_POINT ( 'NONE',  ( 0.07125000000000004940, 0.06250000000000000000, -0.3492919999999999914 ) ) ;
#4332 = CARTESIAN_POINT ( 'NONE',  ( -0.6577707338203201415, 0.000000000000000000, 0.3797641102362236953 ) ) ;
#4333 = DIRECTION ( 'NONE',  ( -0.000000000000000000, 1.000000000000000000, -0.000000000000000000 ) ) ;
#4334 = ORIENTED_EDGE ( 'NONE', *, *, #4409, .F. ) ;
#4335 = ORIENTED_EDGE ( 'NONE', *, *, #1138, .F. ) ;
#4336 = CARTESIAN_POINT ( 'NONE',  ( -0.01562500000000009714, 0.04249999999999999611, -0.02706329386826360206 ) ) ;
#4337 = AXIS2_PLACEMENT_3D ( 'NONE', #2887, #2020, #686 ) ;
#4338 = EDGE_CURVE ( 'NONE', #3120, #485, #4917, .T. ) ;
#4339 = CARTESIAN_POINT ( 'NONE',  ( -0.01562499999999971204, 0.06250000000000000000, 0.02706329386826378594 ) ) ;
#4340 = ADVANCED_FACE ( 'NONE', ( #3978 ), #4001, .T. ) ;
#4341 = VERTEX_POINT ( 'NONE', #3571 ) ;
#4342 = AXIS2_PLACEMENT_3D ( 'NONE', #4282, #3425, #4747 ) ;
#4343 = CIRCLE ( 'NONE', #5081, 0.03125000000000000694 ) ;
#4344 = VECTOR ( 'NONE', #2515, 39.37007874015748143 ) ;
#4345 = DIRECTION ( 'NONE',  ( -0.000000000000000000, 1.000000000000000000, -0.000000000000000000 ) ) ;
#4346 = VECTOR ( 'NONE', #1602, 39.37007874015748854 ) ;
#4347 = CARTESIAN_POINT ( 'NONE',  ( -0.4663228300057806752, 0.04249999999999999611, 0.3370702680628883674 ) ) ;
#4348 = CARTESIAN_POINT ( 'NONE',  ( 0.1563539584500509561, 0.04249999999999999611, 0.09027099999999854685 ) ) ;
#4349 = ORIENTED_EDGE ( 'NONE', *, *, #1261, .T. ) ;
#4350 = VECTOR ( 'NONE', #3326, 39.37007874015748143 ) ;
#4351 = CARTESIAN_POINT ( 'NONE',  ( -0.9659295153868718842, 0.06250000000000000000, 0.2167247823471144530 ) ) ;
#4352 = DIRECTION ( 'NONE',  ( -0.000000000000000000, -1.000000000000000000, -0.000000000000000000 ) ) ;
#4353 = ORIENTED_EDGE ( 'NONE', *, *, #2224, .T. ) ;
#4354 = DIRECTION ( 'NONE',  ( -0.000000000000000000, -1.000000000000000000, -0.000000000000000000 ) ) ;
#4355 = AXIS2_PLACEMENT_3D ( 'NONE', #2926, #4743, #1594 ) ;
#4356 = DIRECTION ( 'NONE',  ( -0.000000000000000000, 1.000000000000000000, -0.000000000000000000 ) ) ;
#4357 = LINE ( 'NONE', #5306, #3608 ) ;
#4358 = ORIENTED_EDGE ( 'NONE', *, *, #5259, .F. ) ;
#4359 = ORIENTED_EDGE ( 'NONE', *, *, #4437, .T. ) ;
#4360 = DIRECTION ( 'NONE',  ( -1.778546870875171607E-15, 0.000000000000000000, -1.000000000000000000 ) ) ;
#4361 = LINE ( 'NONE', #414, #4136 ) ;
#4362 = DIRECTION ( 'NONE',  ( 5.551115123125780730E-16, 0.000000000000000000, 1.000000000000000000 ) ) ;
#4363 = VERTEX_POINT ( 'NONE', #5330 ) ;
#4364 = VECTOR ( 'NONE', #2625, 39.37007874015748143 ) ;
#4365 = ORIENTED_EDGE ( 'NONE', *, *, #2696, .F. ) ;
#4366 = EDGE_CURVE ( 'NONE', #5247, #3196, #1364, .T. ) ;
#4367 = DIRECTION ( 'NONE',  ( 0.000000000000000000, 1.000000000000000000, 0.000000000000000000 ) ) ;
#4368 = DIRECTION ( 'NONE',  ( -0.000000000000000000, 1.000000000000000000, -0.000000000000000000 ) ) ;
#4369 = EDGE_LOOP ( 'NONE', ( #528, #157, #5371, #336, #1907, #2874, #2038 ) ) ;
#4370 = EDGE_CURVE ( 'NONE', #923, #2627, #4025, .T. ) ;
#4371 = EDGE_CURVE ( 'NONE', #1309, #3958, #33, .T. ) ;
#4372 = DIRECTION ( 'NONE',  ( 0.8660254037844382635, 0.000000000000000000, -0.5000000000000004441 ) ) ;
#4373 = DIRECTION ( 'NONE',  ( 0.8660254037844431485, -0.000000000000000000, 0.4999999999999921729 ) ) ;
#4374 = ORIENTED_EDGE ( 'NONE', *, *, #1516, .T. ) ;
#4375 = ADVANCED_FACE ( 'NONE', ( #5360 ), #3654, .F. ) ;
#4376 = DIRECTION ( 'NONE',  ( 0.000000000000000000, 0.000000000000000000, -1.000000000000000000 ) ) ;
#4377 = ADVANCED_FACE ( 'NONE', ( #3809 ), #3716, .F. ) ;
#4378 = CARTESIAN_POINT ( 'NONE',  ( 1.297627796990524979E-15, 0.06250000000000000000, -0.6496062992125984925 ) ) ;
#4379 = ORIENTED_EDGE ( 'NONE', *, *, #4725, .T. ) ;
#4380 = CARTESIAN_POINT ( 'NONE',  ( -1.775353833074013450E-17, 0.000000000000000000, -0.5848825511811023281 ) ) ;
#4381 = FACE_OUTER_BOUND ( 'NONE', #4464, .T. ) ;
#4382 = VECTOR ( 'NONE', #1654, 39.37007874015748143 ) ;
#4383 = CARTESIAN_POINT ( 'NONE',  ( -0.3950223768158394044, 0.000000000000000000, 0.2280662755905530914 ) ) ;
#4384 = ORIENTED_EDGE ( 'NONE', *, *, #3194, .F. ) ;
#4385 = ORIENTED_EDGE ( 'NONE', *, *, #2019, .F. ) ;
#4386 = CARTESIAN_POINT ( 'NONE',  ( 0.6416857520649560387, 0.000000000000000000, 0.02952255831014992046 ) ) ;
#4387 = CARTESIAN_POINT ( 'NONE',  ( -0.3452755905511801782, 0.000000000000000000, -0.1416099282303677487 ) ) ;
#4388 = VERTEX_POINT ( 'NONE', #5466 ) ;
#4389 = ORIENTED_EDGE ( 'NONE', *, *, #1837, .F. ) ;
#4390 = CARTESIAN_POINT ( 'NONE',  ( -0.6695760054788358895, 0.04249999999999999611, 0.2350254413438440937 ) ) ;
#4391 = CARTESIAN_POINT ( 'NONE',  ( 0.6683387935035338678, 0.04249999999999999611, 0.2371978880228055031 ) ) ;
#4392 = DIRECTION ( 'NONE',  ( 0.000000000000000000, 0.000000000000000000, 1.000000000000000000 ) ) ;
#4393 = CC_DESIGN_PERSON_AND_ORGANIZATION_ASSIGNMENT ( #237, #2797, ( #3619 ) ) ;
#4394 = ORIENTED_EDGE ( 'NONE', *, *, #5037, .F. ) ;
#4395 = VECTOR ( 'NONE', #1193, 39.37007874015748143 ) ;
#4396 = CARTESIAN_POINT ( 'NONE',  ( -0.1906569860407206496, 0.06250000000000000000, 0.4606995292418972210 ) ) ;
#4397 = ADVANCED_FACE ( 'NONE', ( #4606 ), #1174, .T. ) ;
#4398 = LINE ( 'NONE', #1782, #165 ) ;
#4399 = PLANE ( 'NONE',  #2752 ) ;
#4400 = VECTOR ( 'NONE', #4758, 39.37007874015748143 ) ;
#4401 = ORIENTED_EDGE ( 'NONE', *, *, #895, .F. ) ;
#4402 = AXIS2_PLACEMENT_3D ( 'NONE', #5666, #2555, #370 ) ;
#4403 = LINE ( 'NONE', #4814, #2813 ) ;
#4404 = CARTESIAN_POINT ( 'NONE',  ( 0.008750000000000026854, 0.04249999999999999611, -0.2867919999999999914 ) ) ;
#4405 = AXIS2_PLACEMENT_3D ( 'NONE', #95, #4802, #3078 ) ;
#4406 = ADVANCED_FACE ( 'NONE', ( #5436 ), #5101, .F. ) ;
#4407 = LINE ( 'NONE', #4734, #1919 ) ;
#4408 = CARTESIAN_POINT ( 'NONE',  ( -0.03124999999999968428, 0.06250000000000000000, 2.167603998879093036E-17 ) ) ;
#4409 = EDGE_CURVE ( 'NONE', #2590, #388, #287, .T. ) ;
#4410 = CARTESIAN_POINT ( 'NONE',  ( 0.6871520857636386204, 0.000000000000000000, 0.05577255831015086318 ) ) ;
#4411 = ORIENTED_EDGE ( 'NONE', *, *, #5676, .F. ) ;
#4412 = ORIENTED_EDGE ( 'NONE', *, *, #3283, .T. ) ;
#4413 = DIRECTION ( 'NONE',  ( 0.000000000000000000, 0.000000000000000000, -1.000000000000000000 ) ) ;
#4414 = VECTOR ( 'NONE', #3973, 39.37007874015748143 ) ;
#4415 = CARTESIAN_POINT ( 'NONE',  ( 0.1237500000000019695, 0.06250000000000000000, -0.5723973175201051422 ) ) ;
#4416 = DIRECTION ( 'NONE',  ( 0.000000000000000000, 0.000000000000000000, 1.000000000000000000 ) ) ;
#4417 = VERTEX_POINT ( 'NONE', #654 ) ;
#4418 = AXIS2_PLACEMENT_3D ( 'NONE', #5313, #4829, #4800 ) ;
#4419 = ORIENTED_EDGE ( 'NONE', *, *, #2921, .T. ) ;
#4420 = DIRECTION ( 'NONE',  ( -2.185478394931410180E-15, 0.000000000000000000, -1.000000000000000000 ) ) ;
#4421 = AXIS2_PLACEMENT_3D ( 'NONE', #3432, #5187, #4992 ) ;
#4422 = FACE_BOUND ( 'NONE', #4369, .T. ) ;
#4423 = DIRECTION ( 'NONE',  ( 2.185478394931410575E-15, 0.000000000000000000, -1.000000000000000000 ) ) ;
#4424 = ORIENTED_EDGE ( 'NONE', *, *, #2441, .F. ) ;
#4425 = DIRECTION ( 'NONE',  ( -0.000000000000000000, -1.000000000000000000, -0.000000000000000000 ) ) ;
#4426 = DIRECTION ( 'NONE',  ( -0.000000000000000000, 1.000000000000000000, -0.000000000000000000 ) ) ;
#4427 = VERTEX_POINT ( 'NONE', #4667 ) ;
#4428 = EDGE_CURVE ( 'NONE', #5007, #239, #4572, .T. ) ;
#4429 = VECTOR ( 'NONE', #2440, 39.37007874015748143 ) ;
#4430 = PLANE ( 'NONE',  #2567 ) ;
#4431 = CARTESIAN_POINT ( 'NONE',  ( -0.09027464843040859666, 0.06250000000000000000, 0.06222372228311426334 ) ) ;
#4432 = DIRECTION ( 'NONE',  ( 0.5000000000000004441, 0.000000000000000000, 0.8660254037844384856 ) ) ;
#4433 = CIRCLE ( 'NONE', #5182, 0.03124999999999997571 ) ;
#4434 = DIRECTION ( 'NONE',  ( -0.000000000000000000, 1.000000000000000000, 0.000000000000000000 ) ) ;
#4435 = EDGE_CURVE ( 'NONE', #4146, #37, #5598, .T. ) ;
#4436 = ORIENTED_EDGE ( 'NONE', *, *, #2576, .T. ) ;
#4437 = EDGE_CURVE ( 'NONE', #1941, #155, #622, .T. ) ;
#4438 = LOCAL_TIME ( 19, 46, 42.00000000000000000, #2338 ) ;
#4439 = ORIENTED_EDGE ( 'NONE', *, *, #2331, .T. ) ;
#4440 = CARTESIAN_POINT ( 'NONE',  ( -0.2839941576021463021, 0.04249999999999999611, 0.08169168998036001328 ) ) ;
#4441 = DIRECTION ( 'NONE',  ( 0.000000000000000000, -1.000000000000000000, 0.000000000000000000 ) ) ;
#4442 = DIRECTION ( 'NONE',  ( 0.000000000000000000, 0.000000000000000000, 1.000000000000000000 ) ) ;
#4443 = ORIENTED_EDGE ( 'NONE', *, *, #2045, .T. ) ;
#4444 = ORIENTED_EDGE ( 'NONE', *, *, #980, .F. ) ;
#4445 = CARTESIAN_POINT ( 'NONE',  ( -0.5204494177423081291, 0.04249999999999999611, 0.3683202680628883674 ) ) ;
#4446 = CARTESIAN_POINT ( 'NONE',  ( 0.2439941576021459613, 0.04249999999999999611, 0.1509737222831149250 ) ) ;
#4447 = CARTESIAN_POINT ( 'NONE',  ( 0.6706539248356907512, 0.06250000000000000000, 0.7281571074166679480 ) ) ;
#4448 = DIRECTION ( 'NONE',  ( 1.000000000000000000, -0.000000000000000000, 0.000000000000000000 ) ) ;
#4449 = EDGE_LOOP ( 'NONE', ( #2495, #5567, #5449, #1105 ) ) ;
#4450 = DIRECTION ( 'NONE',  ( 0.000000000000000000, 0.000000000000000000, 1.000000000000000000 ) ) ;
#4451 = ORIENTED_EDGE ( 'NONE', *, *, #676, .T. ) ;
#4452 = DIRECTION ( 'NONE',  ( 0.000000000000000000, 0.000000000000000000, 1.000000000000000000 ) ) ;
#4453 = DESIGN_CONTEXT ( 'detailed design', #2280, 'design' ) ;
#4454 = FACE_OUTER_BOUND ( 'NONE', #1877, .T. ) ;
#4455 = CARTESIAN_POINT ( 'NONE',  ( 0.1862500000000019140, 0.06250000000000000000, -0.6348973175201050312 ) ) ;
#4456 = EDGE_CURVE ( 'NONE', #1307, #1052, #1087, .T. ) ;
#4457 = DIRECTION ( 'NONE',  ( 0.000000000000000000, -1.000000000000000000, 0.000000000000000000 ) ) ;
#4458 = VERTEX_POINT ( 'NONE', #5004 ) ;
#4459 = VERTEX_POINT ( 'NONE', #3372 ) ;
#4460 = VECTOR ( 'NONE', #3936, 39.37007874015748143 ) ;
#4461 = DIRECTION ( 'NONE',  ( 0.000000000000000000, -1.000000000000000000, 0.000000000000000000 ) ) ;
#4462 = ADVANCED_FACE ( 'NONE', ( #5069 ), #5554, .T. ) ;
#4463 = DIRECTION ( 'NONE',  ( 0.000000000000000000, -1.000000000000000000, 0.000000000000000000 ) ) ;
#4464 = EDGE_LOOP ( 'NONE', ( #3623, #2839, #3558, #2207 ) ) ;
#4465 = EDGE_CURVE ( 'NONE', #3553, #4676, #5233, .T. ) ;
#4466 = ORIENTED_EDGE ( 'NONE', *, *, #113, .T. ) ;
#4467 = FACE_BOUND ( 'NONE', #5546, .T. ) ;
#4468 = CARTESIAN_POINT ( 'NONE',  ( -0.06624999999999922617, 0.04249999999999999611, -0.6348973175201051422 ) ) ;
#4469 = ADVANCED_FACE ( 'NONE', ( #2883 ), #2048, .F. ) ;
#4470 = CARTESIAN_POINT ( 'NONE',  ( -0.1531512361669359334, 0.04249999999999999611, 0.07831827771688688877 ) ) ;
#4471 = CARTESIAN_POINT ( 'NONE',  ( 0.01562499999999957152, 0.06250000000000000000, -0.02706329386826359165 ) ) ;
#4472 = ADVANCED_FACE ( 'NONE', ( #2382 ), #5126, .T. ) ;
#4473 = VERTEX_POINT ( 'NONE', #1543 ) ;
#4474 = ORIENTED_EDGE ( 'NONE', *, *, #5524, .F. ) ;
#4475 = CARTESIAN_POINT ( 'NONE',  ( -0.03125000000000006245, 0.000000000000000000, -0.9195282204724408714 ) ) ;
#4476 = ORIENTED_EDGE ( 'NONE', *, *, #3312, .F. ) ;
#4477 = AXIS2_PLACEMENT_3D ( 'NONE', #5226, #3850, #1278 ) ;
#4478 = DIRECTION ( 'NONE',  ( 0.5000000000000001110, 0.000000000000000000, 0.8660254037844385966 ) ) ;
#4479 = EDGE_CURVE ( 'NONE', #800, #1385, #3484, .T. ) ;
#4480 = DIRECTION ( 'NONE',  ( 0.000000000000000000, -1.000000000000000000, 0.000000000000000000 ) ) ;
#4481 = AXIS2_PLACEMENT_3D ( 'NONE', #4581, #630, #5043 ) ;
#4482 = DIRECTION ( 'NONE',  ( 6.936332796413168713E-16, 0.000000000000000000, 1.000000000000000000 ) ) ;
#4483 = AXIS2_PLACEMENT_3D ( 'NONE', #3256, #4638, #3346 ) ;
#4484 = DIRECTION ( 'NONE',  ( -0.8660254037844362651, 0.000000000000000000, 0.5000000000000038858 ) ) ;
#4485 = ORIENTED_EDGE ( 'NONE', *, *, #3541, .T. ) ;
#4486 = CIRCLE ( 'NONE', #169, 0.03125000000000000694 ) ;
#4487 = AXIS2_PLACEMENT_3D ( 'NONE', #3000, #4756, #376 ) ;
#4488 = ORIENTED_EDGE ( 'NONE', *, *, #1539, .T. ) ;
#4489 = CARTESIAN_POINT ( 'NONE',  ( 0.7692715045575723165, 0.000000000000000000, 0.4441391102362133303 ) ) ;
#4490 = DIRECTION ( 'NONE',  ( 0.000000000000000000, -1.000000000000000000, 0.000000000000000000 ) ) ;
#4491 = CIRCLE ( 'NONE', #5602, 0.03125000000000000694 ) ;
#4492 = PERSON_AND_ORGANIZATION ( #4642, #1318 ) ;
#4493 = ORIENTED_EDGE ( 'NONE', *, *, #2097, .T. ) ;
#4494 = ORIENTED_EDGE ( 'NONE', *, *, #2646, .T. ) ;
#4495 = EDGE_LOOP ( 'NONE', ( #2550, #4379, #3763, #3996 ) ) ;
#4496 = CARTESIAN_POINT ( 'NONE',  ( -0.8119597984258298817, 0.000000000000000000, 0.4327008163679606501 ) ) ;
#4497 = ADVANCED_FACE ( 'NONE', ( #1119 ), #2850, .F. ) ;
#4498 = CIRCLE ( 'NONE', #5332, 0.03124999999999997571 ) ;
#4499 = VECTOR ( 'NONE', #1137, 39.37007874015748143 ) ;
#4500 = AXIS2_PLACEMENT_3D ( 'NONE', #3294, #2795, #2480 ) ;
#4501 = DIRECTION ( 'NONE',  ( 0.000000000000000000, 0.000000000000000000, -1.000000000000000000 ) ) ;
#4502 = FACE_BOUND ( 'NONE', #3697, .T. ) ;
#4503 = DIRECTION ( 'NONE',  ( -0.000000000000000000, 1.000000000000000000, 0.000000000000000000 ) ) ;
#4504 = ORIENTED_EDGE ( 'NONE', *, *, #4893, .F. ) ;
#4505 = AXIS2_PLACEMENT_3D ( 'NONE', #5286, #2172, #3011 ) ;
#4506 = DIRECTION ( 'NONE',  ( -0.000000000000000000, 1.000000000000000000, -0.000000000000000000 ) ) ;
#4507 = ADVANCED_FACE ( 'NONE', ( #1233 ), #3892, .T. ) ;
#4508 = ADVANCED_FACE ( 'NONE', ( #1288 ), #3834, .F. ) ;
#4509 = VERTEX_POINT ( 'NONE', #4777 ) ;
#4510 = CARTESIAN_POINT ( 'NONE',  ( -0.3918764952124590972, 0.000000000000000000, 0.5672048833797009859 ) ) ;
#4511 = ORIENTED_EDGE ( 'NONE', *, *, #4764, .F. ) ;
#4512 = VECTOR ( 'NONE', #2853, 39.37007874015748143 ) ;
#4513 = CARTESIAN_POINT ( 'NONE',  ( 6.429395695523603968E-18, 0.000000000000000000, -0.05249999999999999806 ) ) ;
#4514 = LINE ( 'NONE', #1459, #5499 ) ;
#4515 = DIRECTION ( 'NONE',  ( -0.000000000000000000, 0.000000000000000000, 1.000000000000000000 ) ) ;
#4516 = CARTESIAN_POINT ( 'NONE',  ( 0.000000000000000000, 0.000000000000000000, 0.000000000000000000 ) ) ;
#4517 = ORIENTED_EDGE ( 'NONE', *, *, #5630, .F. ) ;
#4518 = EDGE_LOOP ( 'NONE', ( #4905, #2653, #3282, #4849, #2110, #1591, #5222, #3174, #2010 ) ) ;
#4519 = CIRCLE ( 'NONE', #1955, 0.06250000000000001388 ) ;
#4520 = CARTESIAN_POINT ( 'NONE',  ( 0.1531512361669359612, 0.06250000000000000000, 0.07831827771688686102 ) ) ;
#4521 = CIRCLE ( 'NONE', #2319, 0.03125000000000000694 ) ;
#4522 = DIRECTION ( 'NONE',  ( 0.000000000000000000, -1.000000000000000000, 0.000000000000000000 ) ) ;
#4523 = COORDINATED_UNIVERSAL_TIME_OFFSET ( 6, 0, .BEHIND. ) ;
#4524 = EDGE_LOOP ( 'NONE', ( #2536, #2720, #2449, #5490 ) ) ;
#4525 = ORIENTED_EDGE ( 'NONE', *, *, #4264, .F. ) ;
#4526 = VERTEX_POINT ( 'NONE', #2995 ) ;
#4527 = CIRCLE ( 'NONE', #2056, 0.1000000000000000194 ) ;
#4528 = ORIENTED_EDGE ( 'NONE', *, *, #665, .T. ) ;
#4529 = CARTESIAN_POINT ( 'NONE',  ( 0.2952755905511824097, 0.06250000000000000000, -0.1704774416898490463 ) ) ;
#4530 = DIRECTION ( 'NONE',  ( -1.000000000000000000, 0.000000000000000000, 6.661338147750939243E-16 ) ) ;
#4531 = VECTOR ( 'NONE', #3988, 39.37007874015748143 ) ;
#4532 = EDGE_CURVE ( 'NONE', #28, #242, #1365, .T. ) ;
#4533 = FACE_OUTER_BOUND ( 'NONE', #1763, .T. ) ;
#4534 = ORIENTED_EDGE ( 'NONE', *, *, #2740, .T. ) ;
#4535 = DIRECTION ( 'NONE',  ( -1.169270621478281311E-16, 0.000000000000000000, -1.000000000000000000 ) ) ;
#4536 = EDGE_CURVE ( 'NONE', #1991, #1307, #5237, .T. ) ;
#4537 = VERTEX_POINT ( 'NONE', #4751 ) ;
#4538 = FACE_OUTER_BOUND ( 'NONE', #1625, .T. ) ;
#4539 = EDGE_CURVE ( 'NONE', #1998, #3008, #5408, .T. ) ;
#4540 = VERTEX_POINT ( 'NONE', #5581 ) ;
#4541 = EDGE_CURVE ( 'NONE', #4006, #1568, #5508, .T. ) ;
#4542 = AXIS2_PLACEMENT_3D ( 'NONE', #4294, #348, #3440 ) ;
#4543 = DIRECTION ( 'NONE',  ( 0.000000000000000000, 1.000000000000000000, -0.000000000000000000 ) ) ;
#4544 = DIRECTION ( 'NONE',  ( -0.000000000000000000, 1.000000000000000000, 0.000000000000000000 ) ) ;
#4545 = DIRECTION ( 'NONE',  ( 0.000000000000000000, 1.000000000000000000, 0.000000000000000000 ) ) ;
#4546 = ADVANCED_FACE ( 'NONE', ( #3861 ), #1630, .F. ) ;
#4547 = EDGE_CURVE ( 'NONE', #2569, #2055, #2618, .T. ) ;
#4548 = CARTESIAN_POINT ( 'NONE',  ( -0.1131512361669355510, 0.06250000000000000000, 0.1476003100196417450 ) ) ;
#4549 = ORIENTED_EDGE ( 'NONE', *, *, #2858, .T. ) ;
#4550 = CARTESIAN_POINT ( 'NONE',  ( 0.1444012361669358702, 0.06250000000000000000, 0.09347372228311451314 ) ) ;
#4551 = ORIENTED_EDGE ( 'NONE', *, *, #2125, .T. ) ;
#4552 = DIRECTION ( 'NONE',  ( 0.8660254037844434816, -0.000000000000000000, 0.4999999999999915068 ) ) ;
#4553 = DIRECTION ( 'NONE',  ( 0.000000000000000000, -1.000000000000000000, 0.000000000000000000 ) ) ;
#4554 = DATE_AND_TIME ( #5013, #2235 ) ;
#4555 = VERTEX_POINT ( 'NONE', #424 ) ;
#4556 = ORIENTED_EDGE ( 'NONE', *, *, #1196, .F. ) ;
#4557 = ORIENTED_EDGE ( 'NONE', *, *, #4970, .T. ) ;
#4558 = CARTESIAN_POINT ( 'NONE',  ( 0.06125000000000198341, 0.06250000000000000000, -0.5723973175201051422 ) ) ;
#4559 = CIRCLE ( 'NONE', #2085, 0.05249999999999999806 ) ;
#4560 = ORIENTED_EDGE ( 'NONE', *, *, #3427, .F. ) ;
#4561 = CARTESIAN_POINT ( 'NONE',  ( -0.1912499999999992262, 0.06250000000000000000, -0.6973973175201051422 ) ) ;
#4562 = DIRECTION ( 'NONE',  ( 0.000000000000000000, -1.000000000000000000, 0.000000000000000000 ) ) ;
#4563 = DIRECTION ( 'NONE',  ( -0.8660254037844434816, 0.000000000000000000, -0.4999999999999915068 ) ) ;
#4564 = DIRECTION ( 'NONE',  ( 5.551115123125782702E-17, 0.000000000000000000, -1.000000000000000000 ) ) ;
#4565 = EDGE_LOOP ( 'NONE', ( #3640, #5344, #4957, #1653 ) ) ;
#4566 = CARTESIAN_POINT ( 'NONE',  ( -0.2678547291872958591, 0.000000000000000000, 0.1546460000000012547 ) ) ;
#4567 = ORIENTED_EDGE ( 'NONE', *, *, #2253, .T. ) ;
#4568 = DIRECTION ( 'NONE',  ( -0.000000000000000000, -1.000000000000000000, 0.000000000000000000 ) ) ;
#4569 = VERTEX_POINT ( 'NONE', #2131 ) ;
#4570 = EDGE_CURVE ( 'NONE', #1294, #5247, #4726, .T. ) ;
#4571 = DIRECTION ( 'NONE',  ( 0.000000000000000000, 1.000000000000000000, 0.000000000000000000 ) ) ;
#4572 = LINE ( 'NONE', #4231, #2013 ) ;
#4573 = DIRECTION ( 'NONE',  ( 0.000000000000000000, 1.000000000000000000, 0.000000000000000000 ) ) ;
#4574 = CARTESIAN_POINT ( 'NONE',  ( -0.6416857520649560387, 0.000000000000000000, 0.02952255831014991352 ) ) ;
#4575 = ORIENTED_EDGE ( 'NONE', *, *, #1299, .T. ) ;
#4576 = EDGE_CURVE ( 'NONE', #5240, #846, #4313, .T. ) ;
#4577 = CARTESIAN_POINT ( 'NONE',  ( -2.761194017033702111E-17, 0.000000000000000000, -0.7907782204724409514 ) ) ;
#4578 = AXIS2_PLACEMENT_3D ( 'NONE', #4768, #3908, #2067 ) ;
#4579 = EDGE_LOOP ( 'NONE', ( #4023, #3154, #5683, #3299 ) ) ;
#4580 = ADVANCED_FACE ( 'NONE', ( #5210 ), #770, .F. ) ;
#4581 = CARTESIAN_POINT ( 'NONE',  ( -0.002499999999998906309, 0.04249999999999999611, 0.2597520861406814041 ) ) ;
#4582 = DIRECTION ( 'NONE',  ( 0.000000000000000000, 0.000000000000000000, -1.000000000000000000 ) ) ;
#4583 = DIRECTION ( 'NONE',  ( -0.5000000000000039968, 0.000000000000000000, -0.8660254037844363761 ) ) ;
#4584 = DATE_AND_TIME ( #667, #2979 ) ;
#4585 = ORIENTED_EDGE ( 'NONE', *, *, #955, .F. ) ;
#4586 = VECTOR ( 'NONE', #2218, 39.37007874015748143 ) ;
#4587 = ORIENTED_EDGE ( 'NONE', *, *, #4963, .F. ) ;
#4588 = AXIS2_PLACEMENT_3D ( 'NONE', #3055, #857, #2159 ) ;
#4589 = ORIENTED_EDGE ( 'NONE', *, *, #4631, .F. ) ;
#4590 = ORIENTED_EDGE ( 'NONE', *, *, #1406, .F. ) ;
#4591 = AXIS2_PLACEMENT_3D ( 'NONE', #4320, #3867, #1635 ) ;
#4592 = DIRECTION ( 'NONE',  ( 0.000000000000000000, 0.000000000000000000, -1.000000000000000000 ) ) ;
#4593 = DIRECTION ( 'NONE',  ( 0.000000000000000000, 0.000000000000000000, 1.000000000000000000 ) ) ;
#4594 = CARTESIAN_POINT ( 'NONE',  ( 0.4879622057670057744, 0.04249999999999999611, 0.4246193024783773140 ) ) ;
#4595 = FACE_OUTER_BOUND ( 'NONE', #5039, .T. ) ;
#4596 = EDGE_LOOP ( 'NONE', ( #2387, #2460, #938, #3771 ) ) ;
#4597 = CARTESIAN_POINT ( 'NONE',  ( -0.3068707453386733119, 0.04249999999999999611, 0.1670682777168876199 ) ) ;
#4598 = CIRCLE ( 'NONE', #1, 0.06250000000000000000 ) ;
#4599 = ORIENTED_EDGE ( 'NONE', *, *, #4290, .T. ) ;
#4600 = FACE_OUTER_BOUND ( 'NONE', #5154, .T. ) ;
#4601 = VECTOR ( 'NONE', #728, 39.37007874015748143 ) ;
#4602 = ORIENTED_EDGE ( 'NONE', *, *, #1262, .F. ) ;
#4603 = AXIS2_PLACEMENT_3D ( 'NONE', #1557, #3328, #5082 ) ;
#4604 = VECTOR ( 'NONE', #4564, 39.37007874015748143 ) ;
#4605 = DIRECTION ( 'NONE',  ( 0.000000000000000000, 0.000000000000000000, 1.000000000000000000 ) ) ;
#4606 = FACE_OUTER_BOUND ( 'NONE', #1968, .T. ) ;
#4607 = CARTESIAN_POINT ( 'NONE',  ( 0.3679590829475785640, 0.000000000000000000, 0.2124412755905477346 ) ) ;
#4608 = EDGE_CURVE ( 'NONE', #2408, #1885, #1752, .T. ) ;
#4609 = PLANE ( 'NONE',  #3599 ) ;
#4610 = EDGE_LOOP ( 'NONE', ( #763, #1246, #3683, #837 ) ) ;
#4611 = CARTESIAN_POINT ( 'NONE',  ( -1.707404996040164512E-17, 0.000000000000000000, -0.7907782204724409514 ) ) ;
#4612 = VERTEX_POINT ( 'NONE', #3480 ) ;
#4613 = LINE ( 'NONE', #406, #987 ) ;
#4614 = CARTESIAN_POINT ( 'NONE',  ( 0.03124999999999987510, 0.06250000000000000000, -0.9195282204724408714 ) ) ;
#4615 = CARTESIAN_POINT ( 'NONE',  ( 0.09902464843040868769, 0.04249999999999999611, 0.04706827771688657652 ) ) ;
#4616 = EDGE_CURVE ( 'NONE', #1601, #5606, #3513, .T. ) ;
#4617 = CALENDAR_DATE ( 2024, 25, 1 ) ;
#4618 = VECTOR ( 'NONE', #5063, 39.37007874015748143 ) ;
#4619 = VECTOR ( 'NONE', #4434, 39.37007874015748143 ) ;
#4620 = CARTESIAN_POINT ( 'NONE',  ( -0.4106473768158395155, 0.06250000000000000000, 0.2010029817222894755 ) ) ;
#4621 = VERTEX_POINT ( 'NONE', #743 ) ;
#4622 = ADVANCED_FACE ( 'NONE', ( #2504 ), #2530, .T. ) ;
#4623 = ORIENTED_EDGE ( 'NONE', *, *, #5169, .T. ) ;
#4624 = AXIS2_PLACEMENT_3D ( 'NONE', #2118, #2603, #2519 ) ;
#4625 = CARTESIAN_POINT ( 'NONE',  ( 0.6416857520649560387, 0.06250000000000000000, 0.02952255831014992046 ) ) ;
#4626 = CARTESIAN_POINT ( 'NONE',  ( 0.6706539248356907512, 0.06250000000000000000, 0.7281571074166679480 ) ) ;
#4627 = CARTESIAN_POINT ( 'NONE',  ( 0.2175000000000011646, 0.06250000000000000000, -0.09526279441628850153 ) ) ;
#4628 = ORIENTED_EDGE ( 'NONE', *, *, #2018, .F. ) ;
#4629 = CIRCLE ( 'NONE', #4982, 0.03124999999999997571 ) ;
#4630 = ORIENTED_EDGE ( 'NONE', *, *, #1947, .F. ) ;
#4631 = EDGE_CURVE ( 'NONE', #4459, #3791, #3767, .T. ) ;
#4632 = DIRECTION ( 'NONE',  ( 0.000000000000000000, 0.000000000000000000, 1.000000000000000000 ) ) ;
#4633 = EDGE_LOOP ( 'NONE', ( #2247, #2263, #269, #2454, #1494, #1224, #2466, #2543, #5621, #5432, #952, #2712, #3164, #878, #4838, #2877, #4877, #2237, #5404, #696, #1754, #473, #4401, #3875, #2549, #1599, #351, #1638, #16, #2620, #828, #2230, #2276, #3370, #4485 ) ) ;
#4634 = CARTESIAN_POINT ( 'NONE',  ( 0.4794598536848256320, 0.06250000000000000000, 0.2768162755905467232 ) ) ;
#4635 = VECTOR ( 'NONE', #5341, 39.37007874015748143 ) ;
#4636 = ORIENTED_EDGE ( 'NONE', *, *, #1204, .F. ) ;
#4637 = FACE_OUTER_BOUND ( 'NONE', #1220, .T. ) ;
#4638 = DIRECTION ( 'NONE',  ( -0.000000000000000000, 1.000000000000000000, 0.000000000000000000 ) ) ;
#4639 = LINE ( 'NONE', #5494, #222 ) ;
#4640 = CIRCLE ( 'NONE', #2699, 0.03125000000000000694 ) ;
#4641 = CARTESIAN_POINT ( 'NONE',  ( 0.1862500000000011091, 0.04249999999999999611, -0.1133049903284643334 ) ) ;
#4642 = PERSON ( 'UNSPECIFIED', 'UNSPECIFIED', 'UNSPECIFIED', ('UNSPECIFIED'), ('UNSPECIFIED'), ('UNSPECIFIED') ) ;
#4643 = DIRECTION ( 'NONE',  ( 0.000000000000000000, 1.000000000000000000, -0.000000000000000000 ) ) ;
#4644 = ORIENTED_EDGE ( 'NONE', *, *, #104, .F. ) ;
#4645 = FACE_BOUND ( 'NONE', #3916, .T. ) ;
#4646 = CARTESIAN_POINT ( 'NONE',  ( 0.1302746484304088959, 0.06250000000000000000, -0.007058310019640613719 ) ) ;
#4647 = DIRECTION ( 'NONE',  ( 1.092739197465705682E-15, 0.000000000000000000, -1.000000000000000000 ) ) ;
#4648 = EDGE_CURVE ( 'NONE', #970, #4739, #2212, .T. ) ;
#4649 = FACE_OUTER_BOUND ( 'NONE', #2188, .T. ) ;
#4650 = EDGE_LOOP ( 'NONE', ( #597, #2634, #5255, #2064 ) ) ;
#4651 = EDGE_CURVE ( 'NONE', #274, #5458, #4398, .T. ) ;
#4652 = ORIENTED_EDGE ( 'NONE', *, *, #530, .F. ) ;
#4653 = DIRECTION ( 'NONE',  ( 0.000000000000000000, -1.000000000000000000, 0.000000000000000000 ) ) ;
#4654 = EDGE_CURVE ( 'NONE', #3217, #2784, #4775, .T. ) ;
#4655 = CARTESIAN_POINT ( 'NONE',  ( 0.1844012361669362110, 0.06250000000000000000, 0.02419168998035959098 ) ) ;
#4656 = CARTESIAN_POINT ( 'NONE',  ( -0.2219069860407204275, 0.06250000000000000000, 0.4690729415053697671 ) ) ;
#4657 = ORIENTED_EDGE ( 'NONE', *, *, #4465, .T. ) ;
#4658 = EDGE_LOOP ( 'NONE', ( #1861, #2214, #2516, #3230 ) ) ;
#4659 = FACE_OUTER_BOUND ( 'NONE', #1331, .T. ) ;
#4660 = ADVANCED_FACE ( 'NONE', ( #2642 ), #453, .F. ) ;
#4661 = EDGE_LOOP ( 'NONE', ( #1441, #5577, #2275, #4683 ) ) ;
#4662 = CARTESIAN_POINT ( 'NONE',  ( -0.008750000000000059813, 0.04249999999999999611, -0.2867919999999999359 ) ) ;
#4663 = EDGE_CURVE ( 'NONE', #3251, #2904, #1090, .T. ) ;
#4664 = CIRCLE ( 'NONE', #423, 0.03125000000000000694 ) ;
#4665 = ORIENTED_EDGE ( 'NONE', *, *, #458, .F. ) ;
#4666 = CARTESIAN_POINT ( 'NONE',  ( -0.6848340276885838129, 0.000000000000000000, 0.3953891102362238064 ) ) ;
#4667 = CARTESIAN_POINT ( 'NONE',  ( 0.4338356180304783205, 0.06250000000000000000, 0.3933693024783773695 ) ) ;
#4668 = CARTESIAN_POINT ( 'NONE',  ( -0.2981207453386732209, 0.04249999999999999611, 0.1822237222831152303 ) ) ;
#4669 = CARTESIAN_POINT ( 'NONE',  ( -0.03124999999999998959, 0.04249999999999999611, -0.1805419999999999803 ) ) ;
#4670 = DIRECTION ( 'NONE',  ( 0.000000000000000000, 0.000000000000000000, -1.000000000000000000 ) ) ;
#4671 = ORIENTED_EDGE ( 'NONE', *, *, #9, .T. ) ;
#4672 = DIRECTION ( 'NONE',  ( -0.000000000000000000, 1.000000000000000000, 0.000000000000000000 ) ) ;
#4673 = LINE ( 'NONE', #3325, #5245 ) ;
#4674 = CARTESIAN_POINT ( 'NONE',  ( -2.815803752535988757E-17, 0.000000000000000000, -0.4561325511811023525 ) ) ;
#4675 = CARTESIAN_POINT ( 'NONE',  ( -0.4663228300057806752, 0.04249999999999999611, 0.3995702680628884229 ) ) ;
#4676 = VERTEX_POINT ( 'NONE', #1548 ) ;
#4677 = CIRCLE ( 'NONE', #4857, 0.06250000000000000000 ) ;
#4678 = EDGE_LOOP ( 'NONE', ( #5509, #5622, #2333, #1549, #5152, #2976, #3443 ) ) ;
#4679 = DIRECTION ( 'NONE',  ( 0.000000000000000000, -1.000000000000000000, 0.000000000000000000 ) ) ;
#4680 = DIRECTION ( 'NONE',  ( -0.000000000000000000, -1.000000000000000000, 0.000000000000000000 ) ) ;
#4681 = AXIS2_PLACEMENT_3D ( 'NONE', #1257, #3020, #400 ) ;
#4682 = DIRECTION ( 'NONE',  ( 0.8660254037844383745, 0.000000000000000000, -0.5000000000000003331 ) ) ;
#4683 = ORIENTED_EDGE ( 'NONE', *, *, #212, .T. ) ;
#4684 = ORIENTED_EDGE ( 'NONE', *, *, #5221, .F. ) ;
#4685 = EDGE_CURVE ( 'NONE', #2577, #558, #1271, .T. ) ;
#4686 = CARTESIAN_POINT ( 'NONE',  ( 0.3793973768158426241, 0.06250000000000000000, 0.2551295694588113228 ) ) ;
#4687 = AXIS2_PLACEMENT_3D ( 'NONE', #2391, #2479, #751 ) ;
#4688 = CIRCLE ( 'NONE', #1370, 0.06249999999999997918 ) ;
#4689 = ORIENTED_EDGE ( 'NONE', *, *, #3713, .F. ) ;
#4690 = FACE_OUTER_BOUND ( 'NONE', #1002, .T. ) ;
#4691 = VERTEX_POINT ( 'NONE', #1582 ) ;
#4692 = EDGE_CURVE ( 'NONE', #5017, #2557, #1990, .T. ) ;
#4693 = EDGE_CURVE ( 'NONE', #5606, #4238, #1637, .T. ) ;
#4694 = DIRECTION ( 'NONE',  ( -0.000000000000000000, -1.000000000000000000, 0.000000000000000000 ) ) ;
#4695 = VECTOR ( 'NONE', #4426, 39.37007874015748143 ) ;
#4696 = CARTESIAN_POINT ( 'NONE',  ( -0.5120760054788352500, 0.06250000000000000000, 0.5078234435359434418 ) ) ;
#4697 = DIRECTION ( 'NONE',  ( 0.4999999999999915623, 0.000000000000000000, -0.8660254037844435926 ) ) ;
#4698 = VECTOR ( 'NONE', #4967, 39.37007874015748143 ) ;
#4699 = ORIENTED_EDGE ( 'NONE', *, *, #676, .F. ) ;
#4700 = DIRECTION ( 'NONE',  ( 0.000000000000000000, -1.000000000000000000, 0.000000000000000000 ) ) ;
#4701 = CIRCLE ( 'NONE', #2954, 0.03125000000000000000 ) ;
#4702 = LINE ( 'NONE', #430, #1924 ) ;
#4703 = EDGE_LOOP ( 'NONE', ( #520, #3365, #3104, #5197 ) ) ;
#4704 = LINE ( 'NONE', #324, #445 ) ;
#4705 = LINE ( 'NONE', #4269, #947 ) ;
#4706 = PLANE ( 'NONE',  #24 ) ;
#4707 = CARTESIAN_POINT ( 'NONE',  ( -0.2952755905511798007, 0.000000000000000000, -0.5179774416898490497 ) ) ;
#4708 = VERTEX_POINT ( 'NONE', #3261 ) ;
#4709 = VERTEX_POINT ( 'NONE', #2859 ) ;
#4710 = CARTESIAN_POINT ( 'NONE',  ( 0.1862500000000019973, 0.04249999999999999611, -0.6973973175201051422 ) ) ;
#4711 = LINE ( 'NONE', #2000, #543 ) ;
#4712 = CIRCLE ( 'NONE', #2136, 0.03125000000000000694 ) ;
#4713 = DIRECTION ( 'NONE',  ( 0.000000000000000000, 0.000000000000000000, 1.000000000000000000 ) ) ;
#4714 = ORIENTED_EDGE ( 'NONE', *, *, #289, .T. ) ;
#4715 = VERTEX_POINT ( 'NONE', #3814 ) ;
#4716 = CARTESIAN_POINT ( 'NONE',  ( -2.815803752535988757E-17, 0.06250000000000000000, -0.4248825511811023525 ) ) ;
#4717 = AXIS2_PLACEMENT_3D ( 'NONE', #737, #820, #4224 ) ;
#4718 = ORIENTED_EDGE ( 'NONE', *, *, #3239, .T. ) ;
#4719 = CYLINDRICAL_SURFACE ( 'NONE', #5624, 0.06250000000000001388 ) ;
#4720 = AXIS2_PLACEMENT_3D ( 'NONE', #518, #4441, #5415 ) ;
#4721 = ORIENTED_EDGE ( 'NONE', *, *, #293, .F. ) ;
#4722 = AXIS2_PLACEMENT_3D ( 'NONE', #1592, #2431, #3701 ) ;
#4723 = AXIS2_PLACEMENT_3D ( 'NONE', #1417, #4904, #4416 ) ;
#4724 = DIRECTION ( 'NONE',  ( -0.8660254037844382635, 0.000000000000000000, -0.5000000000000007772 ) ) ;
#4725 = EDGE_CURVE ( 'NONE', #3830, #4070, #812, .T. ) ;
#4726 = LINE ( 'NONE', #2183, #1452 ) ;
#4727 = FACE_OUTER_BOUND ( 'NONE', #4095, .T. ) ;
#4728 = ADVANCED_FACE ( 'NONE', ( #2022 ), #2448, .F. ) ;
#4729 = ORIENTED_EDGE ( 'NONE', *, *, #880, .F. ) ;
#4730 = LINE ( 'NONE', #4839, #5059 ) ;
#4731 = DIRECTION ( 'NONE',  ( 0.000000000000000000, 0.000000000000000000, -1.000000000000000000 ) ) ;
#4732 = ORIENTED_EDGE ( 'NONE', *, *, #3036, .T. ) ;
#4733 = EDGE_CURVE ( 'NONE', #339, #2782, #1732, .T. ) ;
#4734 = CARTESIAN_POINT ( 'NONE',  ( -0.7008260054788358895, 0.06250000000000000000, 0.1808988536073167230 ) ) ;
#4735 = CARTESIAN_POINT ( 'NONE',  ( -0.3381207453386736450, 0.04249999999999999611, 0.1129416899803603047 ) ) ;
#4736 = EDGE_CURVE ( 'NONE', #1052, #547, #5130, .T. ) ;
#4737 = DIRECTION ( 'NONE',  ( -1.067128122525102974E-16, 0.000000000000000000, 1.000000000000000000 ) ) ;
#4738 = DIRECTION ( 'NONE',  ( 0.000000000000000000, -1.000000000000000000, 0.000000000000000000 ) ) ;
#4739 = VERTEX_POINT ( 'NONE', #628 ) ;
#4740 = ORIENTED_EDGE ( 'NONE', *, *, #3539, .F. ) ;
#4741 = PLANE ( 'NONE',  #5542 ) ;
#4742 = CARTESIAN_POINT ( 'NONE',  ( 0.7963347984258363210, 0.000000000000000000, 0.4597641102362129417 ) ) ;
#4743 = DIRECTION ( 'NONE',  ( -0.000000000000000000, 1.000000000000000000, -0.000000000000000000 ) ) ;
#4744 = ORIENTED_EDGE ( 'NONE', *, *, #4822, .T. ) ;
#4745 = ORIENTED_EDGE ( 'NONE', *, *, #2289, .T. ) ;
#4746 = DIRECTION ( 'NONE',  ( -0.000000000000000000, -1.000000000000000000, -0.000000000000000000 ) ) ;
#4747 = DIRECTION ( 'NONE',  ( 2.185478394931411364E-15, 0.000000000000000000, 1.000000000000000000 ) ) ;
#4748 = EDGE_LOOP ( 'NONE', ( #3527, #2072, #3198, #3707 ) ) ;
#4749 = CARTESIAN_POINT ( 'NONE',  ( 0.5498372057670060098, 0.04249999999999999611, 0.3174486587600527931 ) ) ;
#4750 = EDGE_CURVE ( 'NONE', #5256, #1052, #3945, .T. ) ;
#4751 = CARTESIAN_POINT ( 'NONE',  ( 0.5420887935035332283, 0.06250000000000000000, 0.4558693024783771475 ) ) ;
#4752 = CARTESIAN_POINT ( 'NONE',  ( 0.03124999999999989592, 0.000000000000000000, -0.8882782204724408714 ) ) ;
#4753 = VERTEX_POINT ( 'NONE', #5530 ) ;
#4754 = CARTESIAN_POINT ( 'NONE',  ( -0.5625755575765063465, 0.06250000000000000000, 0.3248031496063000789 ) ) ;
#4755 = ADVANCED_FACE ( 'NONE', ( #1150 ), #3721, .F. ) ;
#4756 = DIRECTION ( 'NONE',  ( 0.000000000000000000, 1.000000000000000000, 0.000000000000000000 ) ) ;
#4757 = ORIENTED_EDGE ( 'NONE', *, *, #4787, .T. ) ;
#4758 = DIRECTION ( 'NONE',  ( 0.8660254037844360431, 0.000000000000000000, -0.5000000000000045519 ) ) ;
#4759 = DIRECTION ( 'NONE',  ( 5.551115123125782702E-17, 0.000000000000000000, -1.000000000000000000 ) ) ;
#4760 = LINE ( 'NONE', #3902, #1211 ) ;
#4761 = EDGE_CURVE ( 'NONE', #5342, #930, #2114, .T. ) ;
#4762 = ORIENTED_EDGE ( 'NONE', *, *, #391, .T. ) ;
#4763 = EDGE_CURVE ( 'NONE', #5617, #440, #267, .T. ) ;
#4764 = EDGE_CURVE ( 'NONE', #2613, #3259, #4949, .T. ) ;
#4765 = ORIENTED_EDGE ( 'NONE', *, *, #3429, .F. ) ;
#4766 = LINE ( 'NONE', #1303, #2601 ) ;
#4767 = CARTESIAN_POINT ( 'NONE',  ( 0.4338356180304783205, 0.04249999999999999611, 0.3933693024783773695 ) ) ;
#4768 = CARTESIAN_POINT ( 'NONE',  ( -0.1531512361669359334, 0.06250000000000000000, 0.07831827771688688877 ) ) ;
#4769 = ORIENTED_EDGE ( 'NONE', *, *, #3852, .T. ) ;
#4770 = EDGE_LOOP ( 'NONE', ( #3963, #3984, #1588, #3117 ) ) ;
#4771 = LINE ( 'NONE', #5147, #5209 ) ;
#4772 = DIRECTION ( 'NONE',  ( -0.000000000000000000, 1.000000000000000000, 0.000000000000000000 ) ) ;
#4773 = VERTEX_POINT ( 'NONE', #2419 ) ;
#4774 = VECTOR ( 'NONE', #3227, 39.37007874015748143 ) ;
#4775 = CIRCLE ( 'NONE', #903, 0.2952755905511810774 ) ;
#4776 = LINE ( 'NONE', #2501, #3611 ) ;
#4777 = CARTESIAN_POINT ( 'NONE',  ( 0.03124999999999998959, 0.000000000000000000, -0.1805419999999999803 ) ) ;
#4778 = PLANE ( 'NONE',  #5252 ) ;
#4779 = ORIENTED_EDGE ( 'NONE', *, *, #2400, .T. ) ;
#4780 = FACE_OUTER_BOUND ( 'NONE', #377, .T. ) ;
#4781 = VECTOR ( 'NONE', #1699, 39.37007874015747433 ) ;
#4782 = AXIS2_PLACEMENT_3D ( 'NONE', #119, #893, #88 ) ;
#4783 = DIRECTION ( 'NONE',  ( 0.000000000000000000, -1.000000000000000000, 0.000000000000000000 ) ) ;
#4784 = VERTEX_POINT ( 'NONE', #2054 ) ;
#4785 = CARTESIAN_POINT ( 'NONE',  ( -0.2668707453386729433, 0.04249999999999999611, 0.2363503100196425177 ) ) ;
#4786 = DIRECTION ( 'NONE',  ( 0.000000000000000000, 0.000000000000000000, -1.000000000000000000 ) ) ;
#4787 = EDGE_CURVE ( 'NONE', #3008, #2229, #3490, .T. ) ;
#4788 = VECTOR ( 'NONE', #4099, 39.37007874015748143 ) ;
#4789 = CYLINDRICAL_SURFACE ( 'NONE', #5437, 0.03124999999999997571 ) ;
#4790 = CLOSED_SHELL ( 'NONE', ( #107, #515, #225, #915, #5179, #1159, #5031, #4898, #4622, #4340, #2542, #3889, #1647, #4927, #2259, #2929, #5363, #3596, #1903, #638, #5283, #4045, #1677, #3232, #2058, #2544, #321, #5030, #2362, #5254, #4082, #1894, #4472, #3883, #253, #2886, #11, #1655, #4497, #627, #2080, #1122, #3604, #5045, #4794, #68, #5148, #4199, #2820, #2053, #2498, #1698, #5190, #1057, #1515, #1243, #5207, #2827, #1612, #1850, #4546, #2288, #3987, #2261, #3785, #5533, #3355, #461, #4959, #3137, #3598, #4996, #3348, #4297, #1773, #4397, #694, #4122, #4220, #4275, #4469, #4507, #3842, #4200, #1086, #4860, #3823, #775, #945, #5452, #2675, #1725, #2005, #4081, #3991, #2156, #3813, #1162, #3003, #4302, #4234, #3957, #4869, #4854, #4462, #4864, #5386, #4048, #2152, #5155, #5083, #549, #4660, #4377, #1304, #3486, #3952, #3047, #5637, #3742, #2894, #2812, #4931, #4406, #5251, #4728, #4508, #1345, #1696, #4580, #2514, #248, #709, #2353, #5564, #3531, #393, #1831, #2644, #838, #5223, #254, #3603, #3720, #851, #3884, #4018, #4375, #3709, #5183, #5068, #330, #3775, #2182, #3808, #3168, #4014, #3496, #4755, #451, #1657, #1383, #3141, #349, #75, #5319, #3981 ) ) ;
#4791 = ORIENTED_EDGE ( 'NONE', *, *, #5489, .T. ) ;
#4792 = ORIENTED_EDGE ( 'NONE', *, *, #842, .F. ) ;
#4793 = DIRECTION ( 'NONE',  ( 0.000000000000000000, 0.000000000000000000, 1.000000000000000000 ) ) ;
#4794 = ADVANCED_FACE ( 'NONE', ( #5498 ), #1495, .F. ) ;
#4795 = DIRECTION ( 'NONE',  ( 0.5000000000000037748, 0.000000000000000000, 0.8660254037844364872 ) ) ;
#4796 = DIRECTION ( 'NONE',  ( 0.000000000000000000, -1.000000000000000000, 0.000000000000000000 ) ) ;
#4797 = ORIENTED_EDGE ( 'NONE', *, *, #5318, .T. ) ;
#4798 = EDGE_CURVE ( 'NONE', #3798, #2436, #2388, .T. ) ;
#4799 = EDGE_LOOP ( 'NONE', ( #168, #4474, #5267, #4029 ) ) ;
#4800 = DIRECTION ( 'NONE',  ( 0.000000000000000000, 0.000000000000000000, -1.000000000000000000 ) ) ;
#4801 = VECTOR ( 'NONE', #2942, 39.37007874015748143 ) ;
#4802 = DIRECTION ( 'NONE',  ( -0.000000000000000000, 1.000000000000000000, -0.000000000000000000 ) ) ;
#4803 = EDGE_CURVE ( 'NONE', #1496, #821, #1457, .T. ) ;
#4804 = VERTEX_POINT ( 'NONE', #2593 ) ;
#4805 = AXIS2_PLACEMENT_3D ( 'NONE', #3739, #3309, #3451 ) ;
#4806 = AXIS2_PLACEMENT_3D ( 'NONE', #3718, #2385, #5558 ) ;
#4807 = AXIS2_PLACEMENT_3D ( 'NONE', #4447, #70, #2716 ) ;
#4808 = DIRECTION ( 'NONE',  ( 0.000000000000000000, 0.000000000000000000, -1.000000000000000000 ) ) ;
#4809 = AXIS2_PLACEMENT_3D ( 'NONE', #13, #5224, #758 ) ;
#4810 = DIRECTION ( 'NONE',  ( -0.000000000000000000, 1.000000000000000000, -0.000000000000000000 ) ) ;
#4811 = DIRECTION ( 'NONE',  ( -0.000000000000000000, -1.000000000000000000, -0.000000000000000000 ) ) ;
#4812 = EDGE_LOOP ( 'NONE', ( #3515, #4036, #5053, #953 ) ) ;
#4813 = CIRCLE ( 'NONE', #853, 0.05249999999999998418 ) ;
#4814 = CARTESIAN_POINT ( 'NONE',  ( -0.1287499999999992262, 0.04249999999999999611, -0.6973973175201051422 ) ) ;
#4815 = CARTESIAN_POINT ( 'NONE',  ( -0.002499999999998966157, 0.04249999999999999611, 0.1847520861406814763 ) ) ;
#4816 = ORIENTED_EDGE ( 'NONE', *, *, #2611, .T. ) ;
#4817 = DIRECTION ( 'NONE',  ( 0.5000000000000001110, 0.000000000000000000, 0.8660254037844385966 ) ) ;
#4818 = CARTESIAN_POINT ( 'NONE',  ( -0.6848340276885838129, 0.000000000000000000, 0.3953891102362238064 ) ) ;
#4819 = DIRECTION ( 'NONE',  ( 0.000000000000000000, -1.000000000000000000, 0.000000000000000000 ) ) ;
#4820 = VERTEX_POINT ( 'NONE', #5616 ) ;
#4821 = ORIENTED_EDGE ( 'NONE', *, *, #5593, .T. ) ;
#4822 = EDGE_CURVE ( 'NONE', #4820, #2408, #1277, .T. ) ;
#4823 = DIRECTION ( 'NONE',  ( -0.000000000000000000, -1.000000000000000000, 0.000000000000000000 ) ) ;
#4824 = DIRECTION ( 'NONE',  ( -0.000000000000000000, 1.000000000000000000, -0.000000000000000000 ) ) ;
#4825 = FACE_OUTER_BOUND ( 'NONE', #3801, .T. ) ;
#4826 = ORIENTED_EDGE ( 'NONE', *, *, #4541, .T. ) ;
#4827 = AXIS2_PLACEMENT_3D ( 'NONE', #512, #4057, #5361 ) ;
#4828 = ORIENTED_EDGE ( 'NONE', *, *, #948, .T. ) ;
#4829 = DIRECTION ( 'NONE',  ( -0.000000000000000000, 1.000000000000000000, -0.000000000000000000 ) ) ;
#4830 = EDGE_CURVE ( 'NONE', #2777, #3086, #5329, .T. ) ;
#4831 = FACE_BOUND ( 'NONE', #2705, .T. ) ;
#4832 = DIRECTION ( 'NONE',  ( 0.000000000000000000, 0.000000000000000000, -1.000000000000000000 ) ) ;
#4833 = ORIENTED_EDGE ( 'NONE', *, *, #673, .T. ) ;
#4834 = EDGE_CURVE ( 'NONE', #4148, #4540, #5671, .T. ) ;
#4835 = EDGE_CURVE ( 'NONE', #4458, #416, #4222, .T. ) ;
#4836 = DIRECTION ( 'NONE',  ( 0.000000000000000000, 1.000000000000000000, 0.000000000000000000 ) ) ;
#4837 = LINE ( 'NONE', #3675, #3318 ) ;
#4838 = ORIENTED_EDGE ( 'NONE', *, *, #4886, .T. ) ;
#4839 = CARTESIAN_POINT ( 'NONE',  ( -0.2668707453386729433, 0.06250000000000000000, 0.2363503100196425177 ) ) ;
#4840 = CYLINDRICAL_SURFACE ( 'NONE', #2380, 0.03125000000000000694 ) ;
#4841 = PLANE ( 'NONE',  #5597 ) ;
#4842 = CARTESIAN_POINT ( 'NONE',  ( 0.09027464843040861053, 0.04249999999999999611, 0.06222372228311424947 ) ) ;
#4843 = DIRECTION ( 'NONE',  ( -0.000000000000000000, 1.000000000000000000, -0.000000000000000000 ) ) ;
#4844 = ORIENTED_EDGE ( 'NONE', *, *, #5496, .T. ) ;
#4845 = ORIENTED_EDGE ( 'NONE', *, *, #136, .F. ) ;
#4846 = CARTESIAN_POINT ( 'NONE',  ( 1.297627796990524979E-15, 0.06250000000000000000, -0.6496062992125984925 ) ) ;
#4847 = DIRECTION ( 'NONE',  ( -0.000000000000000000, 1.000000000000000000, -0.000000000000000000 ) ) ;
#4848 = LINE ( 'NONE', #4387, #4531 ) ;
#4849 = ORIENTED_EDGE ( 'NONE', *, *, #328, .T. ) ;
#4850 = EDGE_LOOP ( 'NONE', ( #4299, #4923, #223, #688 ) ) ;
#4851 = CARTESIAN_POINT ( 'NONE',  ( 0.5065231475530894700, 0.000000000000000000, 0.2924412755905465011 ) ) ;
#4852 = PRODUCT_RELATED_PRODUCT_CATEGORY ( 'detail', '', ( #4918 ) ) ;
#4853 = CARTESIAN_POINT ( 'NONE',  ( -0.1531512361669359334, 0.04249999999999999611, 0.01581827771688688183 ) ) ;
#4854 = ADVANCED_FACE ( 'NONE', ( #2622 ), #1671, .F. ) ;
#4855 = FACE_BOUND ( 'NONE', #1040, .T. ) ;
#4856 = VERTEX_POINT ( 'NONE', #2560 ) ;
#4857 = AXIS2_PLACEMENT_3D ( 'NONE', #644, #4993, #3303 ) ;
#4858 = CARTESIAN_POINT ( 'NONE',  ( 0.2952755905511824097, 0.06250000000000000000, -0.2282124686088114196 ) ) ;
#4859 = DIRECTION ( 'NONE',  ( -0.8660254037844437036, 0.000000000000000000, -0.4999999999999913403 ) ) ;
#4860 = ADVANCED_FACE ( 'NONE', ( #1700 ), #2164, .T. ) ;
#4861 = CIRCLE ( 'NONE', #902, 0.05250000000000006051 ) ;
#4862 = ORIENTED_EDGE ( 'NONE', *, *, #5326, .F. ) ;
#4863 = AXIS2_PLACEMENT_3D ( 'NONE', #1147, #162, #228 ) ;
#4864 = ADVANCED_FACE ( 'NONE', ( #3518 ), #5215, .F. ) ;
#4865 = FACE_OUTER_BOUND ( 'NONE', #1402, .T. ) ;
#4866 = VECTOR ( 'NONE', #476, 39.37007874015748143 ) ;
#4867 = CARTESIAN_POINT ( 'NONE',  ( -0.4663228300057806752, 0.06250000000000000000, 0.3370702680628883674 ) ) ;
#4868 = DIRECTION ( 'NONE',  ( 0.000000000000000000, 1.000000000000000000, 0.000000000000000000 ) ) ;
#4869 = ADVANCED_FACE ( 'NONE', ( #3436 ), #1293, .T. ) ;
#4870 = CARTESIAN_POINT ( 'NONE',  ( -0.5625755575765063465, 0.06250000000000000000, 0.6200787401574812119 ) ) ;
#4871 = ORIENTED_EDGE ( 'NONE', *, *, #5072, .F. ) ;
#4872 = CIRCLE ( 'NONE', #1285, 0.05250000000000005357 ) ;
#4873 = ORIENTED_EDGE ( 'NONE', *, *, #97, .T. ) ;
#4874 = DIRECTION ( 'NONE',  ( 0.000000000000000000, -1.000000000000000000, 0.000000000000000000 ) ) ;
#4875 = VECTOR ( 'NONE', #244, 39.37007874015748854 ) ;
#4876 = DIRECTION ( 'NONE',  ( -0.8660254037844379305, 0.000000000000000000, -0.5000000000000009992 ) ) ;
#4877 = ORIENTED_EDGE ( 'NONE', *, *, #1367, .T. ) ;
#4878 = AXIS2_PLACEMENT_3D ( 'NONE', #2342, #5052, #3208 ) ;
#4879 = EDGE_LOOP ( 'NONE', ( #1195, #208, #1820, #1652 ) ) ;
#4880 = DIRECTION ( 'NONE',  ( 0.000000000000000000, 0.000000000000000000, -1.000000000000000000 ) ) ;
#4881 = VECTOR ( 'NONE', #5211, 39.37007874015748143 ) ;
#4882 = CARTESIAN_POINT ( 'NONE',  ( -0.06624999999999922617, 0.04249999999999999611, -0.6348973175201051422 ) ) ;
#4883 = CARTESIAN_POINT ( 'NONE',  ( 0.3381207453386735340, 0.06250000000000000000, 0.1129416899803601659 ) ) ;
#4884 = DIRECTION ( 'NONE',  ( 0.5000000000000022204, 0.000000000000000000, -0.8660254037844373753 ) ) ;
#4885 = EDGE_LOOP ( 'NONE', ( #5099, #5206, #1810, #2562 ) ) ;
#4886 = EDGE_CURVE ( 'NONE', #3335, #1528, #3924, .T. ) ;
#4887 = VECTOR ( 'NONE', #2154, 39.37007874015748143 ) ;
#4888 = VECTOR ( 'NONE', #3605, 39.37007874015748143 ) ;
#4889 = ORIENTED_EDGE ( 'NONE', *, *, #2993, .F. ) ;
#4890 = EDGE_CURVE ( 'NONE', #4217, #5662, #4702, .T. ) ;
#4891 = AXIS2_PLACEMENT_3D ( 'NONE', #5231, #1199, #2907 ) ;
#4892 = DIRECTION ( 'NONE',  ( -0.8660254037844385966, 0.000000000000000000, 0.5000000000000001110 ) ) ;
#4893 = EDGE_CURVE ( 'NONE', #3970, #412, #4491, .T. ) ;
#4894 = DIRECTION ( 'NONE',  ( -2.185478394931410180E-15, 0.000000000000000000, -1.000000000000000000 ) ) ;
#4895 = DIRECTION ( 'NONE',  ( -0.000000000000000000, 1.000000000000000000, -0.000000000000000000 ) ) ;
#4896 = DIRECTION ( 'NONE',  ( 0.000000000000000000, -1.000000000000000000, 0.000000000000000000 ) ) ;
#4897 = ORIENTED_EDGE ( 'NONE', *, *, #522, .T. ) ;
#4898 = ADVANCED_FACE ( 'NONE', ( #3948 ), #1179, .F. ) ;
#4899 = APPROVAL_PERSON_ORGANIZATION ( #5416, #2807, #176 ) ;
#4900 = EDGE_LOOP ( 'NONE', ( #5429, #4551, #2922, #2931, #2033, #701, #4947, #3805, #5629 ) ) ;
#4901 = EDGE_CURVE ( 'NONE', #4070, #1435, #3897, .T. ) ;
#4902 = CARTESIAN_POINT ( 'NONE',  ( 0.3381207453386735340, 0.04249999999999999611, 0.1129416899803601659 ) ) ;
#4903 = DIRECTION ( 'NONE',  ( 0.000000000000000000, -1.000000000000000000, 0.000000000000000000 ) ) ;
#4904 = DIRECTION ( 'NONE',  ( -0.000000000000000000, 1.000000000000000000, 0.000000000000000000 ) ) ;
#4905 = ORIENTED_EDGE ( 'NONE', *, *, #1837, .T. ) ;
#4906 = ORIENTED_EDGE ( 'NONE', *, *, #3741, .T. ) ;
#4907 = CARTESIAN_POINT ( 'NONE',  ( -0.1287499999999991429, 0.06250000000000000000, 1.576744273119750504E-17 ) ) ;
#4908 = DIRECTION ( 'NONE',  ( -0.5000000000000002220, 0.000000000000000000, 0.8660254037844384856 ) ) ;
#4909 = CYLINDRICAL_SURFACE ( 'NONE', #4071, 0.03125000000000000694 ) ;
#4910 = AXIS2_PLACEMENT_3D ( 'NONE', #433, #3379, #5133 ) ;
#4911 = DIRECTION ( 'NONE',  ( -0.000000000000000000, 1.000000000000000000, -0.000000000000000000 ) ) ;
#4912 = ORIENTED_EDGE ( 'NONE', *, *, #5575, .T. ) ;
#4913 = VERTEX_POINT ( 'NONE', #4815 ) ;
#4914 = CARTESIAN_POINT ( 'NONE',  ( 0.07250000000000102196, 0.000000000000000000, 0.1847520861406814763 ) ) ;
#4915 = ORIENTED_EDGE ( 'NONE', *, *, #4834, .T. ) ;
#4916 = DIRECTION ( 'NONE',  ( 0.000000000000000000, 0.000000000000000000, 1.000000000000000000 ) ) ;
#4917 = LINE ( 'NONE', #4431, #261 ) ;
#4918 = PRODUCT ( 'Circuit Board', 'Circuit Board', '', ( #4067 ) ) ;
#4919 = CARTESIAN_POINT ( 'NONE',  ( 0.06437500000000044575, 0.06250000000000000000, -0.1115007707372471513 ) ) ;
#4920 = EDGE_CURVE ( 'NONE', #118, #2792, #2975, .T. ) ;
#4921 = CARTESIAN_POINT ( 'NONE',  ( -0.4950848536848221348, 0.06250000000000000000, 0.2497529817222899351 ) ) ;
#4922 = ORIENTED_EDGE ( 'NONE', *, *, #500, .T. ) ;
#4923 = ORIENTED_EDGE ( 'NONE', *, *, #3287, .F. ) ;
#4924 = CIRCLE ( 'NONE', #3505, 0.06250000000000000000 ) ;
#4925 = CARTESIAN_POINT ( 'NONE',  ( -0.07124999999999999389, 0.04249999999999999611, -0.1092920000000000280 ) ) ;
#4926 = CARTESIAN_POINT ( 'NONE',  ( -0.5300728300057810927, 0.04249999999999999611, 0.2266520290803715199 ) ) ;
#4927 = ADVANCED_FACE ( 'NONE', ( #5163 ), #776, .T. ) ;
#4928 = CARTESIAN_POINT ( 'NONE',  ( -0.7102133528520961914, 0.06250000000000000000, 0.06908698707152453877 ) ) ;
#4929 = ORIENTED_EDGE ( 'NONE', *, *, #5645, .T. ) ;
#4930 = ORIENTED_EDGE ( 'NONE', *, *, #618, .F. ) ;
#4931 = ADVANCED_FACE ( 'NONE', ( #940 ), #110, .F. ) ;
#4932 = ORIENTED_EDGE ( 'NONE', *, *, #3033, .F. ) ;
#4933 = DIRECTION ( 'NONE',  ( -0.000000000000000000, 1.000000000000000000, 0.000000000000000000 ) ) ;
#4934 = PLANE ( 'NONE',  #3573 ) ;
#4935 = CARTESIAN_POINT ( 'NONE',  ( 0.07125000000000002165, 0.06250000000000000000, -0.1092920000000000280 ) ) ;
#4936 = ORIENTED_EDGE ( 'NONE', *, *, #2930, .T. ) ;
#4937 = CARTESIAN_POINT ( 'NONE',  ( 0.4338356180304784315, 0.04249999999999999611, 0.3933693024783774250 ) ) ;
#4938 = EDGE_LOOP ( 'NONE', ( #2271, #1691, #4986, #2335 ) ) ;
#4939 = DIRECTION ( 'NONE',  ( 0.5000000000000005551, 0.000000000000000000, 0.8660254037844383745 ) ) ;
#4940 = EDGE_LOOP ( 'NONE', ( #839, #3583, #4590, #4011 ) ) ;
#4941 = DIRECTION ( 'NONE',  ( 0.000000000000000000, 0.000000000000000000, -1.000000000000000000 ) ) ;
#4942 = CARTESIAN_POINT ( 'NONE',  ( -0.7008260054788358895, 0.04249999999999999611, 0.1808988536073167230 ) ) ;
#4943 = AXIS2_PLACEMENT_3D ( 'NONE', #138, #1029, #2701 ) ;
#4944 = DIRECTION ( 'NONE',  ( 0.000000000000000000, 0.000000000000000000, 1.000000000000000000 ) ) ;
#4945 = AXIS2_PLACEMENT_3D ( 'NONE', #4611, #4205, #4237 ) ;
#4946 = FACE_OUTER_BOUND ( 'NONE', #3269, .T. ) ;
#4947 = ORIENTED_EDGE ( 'NONE', *, *, #1411, .T. ) ;
#4948 = AXIS2_PLACEMENT_3D ( 'NONE', #5077, #1128, #263 ) ;
#4949 = CIRCLE ( 'NONE', #170, 0.03124999999999997571 ) ;
#4950 = EDGE_CURVE ( 'NONE', #133, #238, #2296, .T. ) ;
#4951 = ORIENTED_EDGE ( 'NONE', *, *, #2899, .T. ) ;
#4952 = LINE ( 'NONE', #1467, #2668 ) ;
#4953 = CARTESIAN_POINT ( 'NONE',  ( -1.775353833074013450E-17, 0.06250000000000000000, -0.5848825511811023281 ) ) ;
#4954 = AXIS2_PLACEMENT_3D ( 'NONE', #590, #2788, #3715 ) ;
#4955 = PERSON_AND_ORGANIZATION_ROLE ( 'creator' ) ;
#4956 = EDGE_LOOP ( 'NONE', ( #1540, #2366 ) ) ;
#4957 = ORIENTED_EDGE ( 'NONE', *, *, #4693, .F. ) ;
#4958 = ORIENTED_EDGE ( 'NONE', *, *, #817, .T. ) ;
#4959 = ADVANCED_FACE ( 'NONE', ( #56 ), #2241, .T. ) ;
#4960 = VECTOR ( 'NONE', #1913, 39.37007874015748143 ) ;
#4961 = CIRCLE ( 'NONE', #1649, 0.06250000000000000000 ) ;
#4962 = CARTESIAN_POINT ( 'NONE',  ( 0.2127441576021457115, 0.04249999999999999611, 0.2051003100196422124 ) ) ;
#4963 = EDGE_CURVE ( 'NONE', #2904, #3534, #2757, .T. ) ;
#4964 = LINE ( 'NONE', #2369, #4324 ) ;
#4965 = VECTOR ( 'NONE', #3705, 39.37007874015748143 ) ;
#4966 = CARTESIAN_POINT ( 'NONE',  ( 0.01562499999999967908, 0.000000000000000000, -0.02706329386826376859 ) ) ;
#4967 = DIRECTION ( 'NONE',  ( 0.8660254037844360431, 0.000000000000000000, -0.5000000000000043299 ) ) ;
#4968 = ORIENTED_EDGE ( 'NONE', *, *, #4085, .F. ) ;
#4969 = CARTESIAN_POINT ( 'NONE',  ( -0.06562499999999973910, 0.06250000000000000000, -0.1136658342467071203 ) ) ;
#4970 = EDGE_CURVE ( 'NONE', #4509, #3641, #3140, .T. ) ;
#4971 = VERTEX_POINT ( 'NONE', #887 ) ;
#4972 = CARTESIAN_POINT ( 'NONE',  ( -0.1531512361669359334, 0.04249999999999999611, 0.01581827771688688183 ) ) ;
#4973 = EDGE_CURVE ( 'NONE', #1867, #3120, #3863, .T. ) ;
#4974 = ORIENTED_EDGE ( 'NONE', *, *, #3947, .F. ) ;
#4975 = DIRECTION ( 'NONE',  ( -0.8660254037844434816, 0.000000000000000000, -0.4999999999999916178 ) ) ;
#4976 = DIRECTION ( 'NONE',  ( -0.8660254037844379305, 0.000000000000000000, -0.5000000000000009992 ) ) ;
#4977 = CARTESIAN_POINT ( 'NONE',  ( -0.5120760054788352500, 0.04249999999999999611, 0.5078234435359434418 ) ) ;
#4978 = DIRECTION ( 'NONE',  ( 0.000000000000000000, 1.000000000000000000, -0.000000000000000000 ) ) ;
#4979 = CIRCLE ( 'NONE', #4342, 0.03124999999999998959 ) ;
#4980 = ORIENTED_EDGE ( 'NONE', *, *, #3462, .F. ) ;
#4981 = EDGE_LOOP ( 'NONE', ( #2361, #1509, #4833, #2983 ) ) ;
#4982 = AXIS2_PLACEMENT_3D ( 'NONE', #2337, #4553, #2250 ) ;
#4983 = CARTESIAN_POINT ( 'NONE',  ( 0.1550000000000017752, 0.04249999999999999611, -0.05917840259193651170 ) ) ;
#4984 = CARTESIAN_POINT ( 'NONE',  ( -0.008750000000000094508, 0.06250000000000000000, -0.3492919999999999359 ) ) ;
#4985 = COORDINATED_UNIVERSAL_TIME_OFFSET ( 6, 0, .BEHIND. ) ;
#4986 = ORIENTED_EDGE ( 'NONE', *, *, #3139, .F. ) ;
#4987 = VERTEX_POINT ( 'NONE', #3169 ) ;
#4988 = ORIENTED_EDGE ( 'NONE', *, *, #4107, .F. ) ;
#4989 = CIRCLE ( 'NONE', #2234, 0.05249999999999998418 ) ;
#4990 = CC_DESIGN_PERSON_AND_ORGANIZATION_ASSIGNMENT ( #4492, #545, ( #1034 ) ) ;
#4991 = LINE ( 'NONE', #1857, #3245 ) ;
#4992 = DIRECTION ( 'NONE',  ( 0.000000000000000000, 0.000000000000000000, 1.000000000000000000 ) ) ;
#4993 = DIRECTION ( 'NONE',  ( 0.000000000000000000, -1.000000000000000000, 0.000000000000000000 ) ) ;
#4994 = LINE ( 'NONE', #645, #1200 ) ;
#4995 = ORIENTED_EDGE ( 'NONE', *, *, #4834, .F. ) ;
#4996 = ADVANCED_FACE ( 'NONE', ( #32 ), #2674, .F. ) ;
#4997 = LINE ( 'NONE', #585, #5635 ) ;
#4998 = VERTEX_POINT ( 'NONE', #4513 ) ;
#4999 = DIRECTION ( 'NONE',  ( 0.000000000000000000, 0.000000000000000000, -1.000000000000000000 ) ) ;
#5000 = VERTEX_POINT ( 'NONE', #994 ) ;
#5001 = EDGE_CURVE ( 'NONE', #5419, #309, #2700, .T. ) ;
#5002 = EDGE_CURVE ( 'NONE', #3205, #1954, #460, .T. ) ;
#5003 = CYLINDRICAL_SURFACE ( 'NONE', #270, 0.06250000000000001388 ) ;
#5004 = CARTESIAN_POINT ( 'NONE',  ( 0.2251664353190344081, 0.000000000000000000, 0.1660842938682615955 ) ) ;
#5005 = CARTESIAN_POINT ( 'NONE',  ( -0.2952755905511798007, 0.06250000000000000000, -0.1704774416898490463 ) ) ;
#5006 = CARTESIAN_POINT ( 'NONE',  ( 0.2839941576021463021, 0.04249999999999999611, 0.08169168998035994389 ) ) ;
#5007 = VERTEX_POINT ( 'NONE', #4024 ) ;
#5008 = CARTESIAN_POINT ( 'NONE',  ( 0.01562499999999957152, 0.000000000000000000, -0.02706329386826359165 ) ) ;
#5009 = ORIENTED_EDGE ( 'NONE', *, *, #2162, .F. ) ;
#5010 = DIRECTION ( 'NONE',  ( 1.000000000000000000, 0.000000000000000000, 0.000000000000000000 ) ) ;
#5011 = DIRECTION ( 'NONE',  ( 0.000000000000000000, 1.000000000000000000, 0.000000000000000000 ) ) ;
#5012 = DIRECTION ( 'NONE',  ( 0.000000000000000000, -1.000000000000000000, 0.000000000000000000 ) ) ;
#5013 = CALENDAR_DATE ( 2024, 25, 1 ) ;
#5014 = VERTEX_POINT ( 'NONE', #535 ) ;
#5015 = PRODUCT_DEFINITION_SHAPE ( 'NONE', 'NONE',  #5350 ) ;
#5016 = ORIENTED_EDGE ( 'NONE', *, *, #3036, .F. ) ;
#5017 = VERTEX_POINT ( 'NONE', #4055 ) ;
#5018 = CARTESIAN_POINT ( 'NONE',  ( 0.2407914353190341306, 0.04249999999999999611, 0.1390209999999977852 ) ) ;
#5019 = VECTOR ( 'NONE', #1949, 39.37007874015748143 ) ;
#5020 = CIRCLE ( 'NONE', #1253, 0.06250000000000001388 ) ;
#5021 = EDGE_LOOP ( 'NONE', ( #5689, #1116, #4684, #4412 ) ) ;
#5022 = LINE ( 'NONE', #5512, #2321 ) ;
#5023 = CARTESIAN_POINT ( 'NONE',  ( 1.038208950404672484E-17, 0.000000000000000000, -0.1805419999999999803 ) ) ;
#5024 = DIRECTION ( 'NONE',  ( -0.000000000000000000, -1.000000000000000000, -0.000000000000000000 ) ) ;
#5025 = LINE ( 'NONE', #4471, #5159 ) ;
#5026 = ORIENTED_EDGE ( 'NONE', *, *, #2785, .T. ) ;
#5027 = LINE ( 'NONE', #702, #2719 ) ;
#5028 = ORIENTED_EDGE ( 'NONE', *, *, #282, .T. ) ;
#5029 = CARTESIAN_POINT ( 'NONE',  ( -0.3009438278150929347, 0.06250000000000000000, 0.5147048833797012168 ) ) ;
#5030 = ADVANCED_FACE ( 'NONE', ( #3191 ), #137, .T. ) ;
#5031 = ADVANCED_FACE ( 'NONE', ( #5277 ), #4840, .F. ) ;
#5032 = ORIENTED_EDGE ( 'NONE', *, *, #3462, .T. ) ;
#5033 = CARTESIAN_POINT ( 'NONE',  ( 0.1407289584500512059, 0.04249999999999999611, 0.1173342938682623987 ) ) ;
#5034 = EDGE_CURVE ( 'NONE', #3929, #494, #4688, .T. ) ;
#5035 = DIRECTION ( 'NONE',  ( -8.741913579725648610E-15, 0.000000000000000000, -1.000000000000000000 ) ) ;
#5036 = DIRECTION ( 'NONE',  ( -0.000000000000000000, -1.000000000000000000, 0.000000000000000000 ) ) ;
#5037 = EDGE_CURVE ( 'NONE', #2055, #605, #1350, .T. ) ;
#5038 = CARTESIAN_POINT ( 'NONE',  ( 0.2407914353190341306, 0.000000000000000000, 0.1702709999999977852 ) ) ;
#5039 = EDGE_LOOP ( 'NONE', ( #44, #2301, #4585, #3815 ) ) ;
#5040 = CARTESIAN_POINT ( 'NONE',  ( -0.5613228300057810927, 0.06250000000000000000, 0.1725254413438441214 ) ) ;
#5041 = AXIS2_PLACEMENT_3D ( 'NONE', #4666, #2354, #1054 ) ;
#5042 = ORIENTED_EDGE ( 'NONE', *, *, #4005, .F. ) ;
#5043 = DIRECTION ( 'NONE',  ( 0.000000000000000000, 0.000000000000000000, -1.000000000000000000 ) ) ;
#5044 = CARTESIAN_POINT ( 'NONE',  ( -0.3068707453386733119, 0.06250000000000000000, 0.1670682777168876199 ) ) ;
#5045 = ADVANCED_FACE ( 'NONE', ( #4865 ), #4430, .T. ) ;
#5046 = CARTESIAN_POINT ( 'NONE',  ( 0.6848340276885890310, 0.06250000000000000000, 0.3953891102362140919 ) ) ;
#5047 = APPLICATION_PROTOCOL_DEFINITION ( 'international standard', 'config_control_design', 1994, #2280 ) ;
#5048 = VECTOR ( 'NONE', #2328, 39.37007874015748143 ) ;
#5049 = DIRECTION ( 'NONE',  ( 0.000000000000000000, 0.000000000000000000, -1.000000000000000000 ) ) ;
#5050 = AXIS2_PLACEMENT_3D ( 'NONE', #2818, #619, #711 ) ;
#5051 = ORIENTED_EDGE ( 'NONE', *, *, #4088, .F. ) ;
#5052 = DIRECTION ( 'NONE',  ( 0.000000000000000000, -1.000000000000000000, 0.000000000000000000 ) ) ;
#5053 = ORIENTED_EDGE ( 'NONE', *, *, #2179, .T. ) ;
#5054 = VECTOR ( 'NONE', #3112, 39.37007874015748143 ) ;
#5055 = LINE ( 'NONE', #5454, #2781 ) ;
#5056 = DIRECTION ( 'NONE',  ( 0.000000000000000000, 1.000000000000000000, 0.000000000000000000 ) ) ;
#5057 = DIRECTION ( 'NONE',  ( 0.000000000000000000, 0.000000000000000000, 1.000000000000000000 ) ) ;
#5058 = ORIENTED_EDGE ( 'NONE', *, *, #798, .F. ) ;
#5059 = VECTOR ( 'NONE', #1721, 39.37007874015748143 ) ;
#5060 = CARTESIAN_POINT ( 'NONE',  ( -2.815803752535988757E-17, 0.000000000000000000, -0.4561325511811023525 ) ) ;
#5061 = CIRCLE ( 'NONE', #822, 0.06250000000000000000 ) ;
#5062 = VERTEX_POINT ( 'NONE', #3600 ) ;
#5063 = DIRECTION ( 'NONE',  ( 0.000000000000000000, 1.000000000000000000, 0.000000000000000000 ) ) ;
#5064 = VECTOR ( 'NONE', #5482, 39.37007874015748143 ) ;
#5065 = EDGE_LOOP ( 'NONE', ( #3453, #2920, #331, #5336 ) ) ;
#5066 = AXIS2_PLACEMENT_3D ( 'NONE', #4558, #3238, #125 ) ;
#5067 = DIRECTION ( 'NONE',  ( 0.000000000000000000, 0.000000000000000000, -1.000000000000000000 ) ) ;
#5068 = ADVANCED_FACE ( 'NONE', ( #5358 ), #5405, .F. ) ;
#5069 = FACE_OUTER_BOUND ( 'NONE', #868, .T. ) ;
#5070 = DIRECTION ( 'NONE',  ( -1.000000000000000000, 0.000000000000000000, 0.000000000000000000 ) ) ;
#5071 = CARTESIAN_POINT ( 'NONE',  ( -4.164040646905202202E-17, 0.000000000000000000, -0.2780419999999999559 ) ) ;
#5072 = EDGE_CURVE ( 'NONE', #3278, #4987, #1572, .T. ) ;
#5073 = CIRCLE ( 'NONE', #101, 0.06250000000000001388 ) ;
#5074 = EDGE_CURVE ( 'NONE', #3148, #800, #2471, .T. ) ;
#5075 = DIRECTION ( 'NONE',  ( 0.000000000000000000, 0.000000000000000000, -1.000000000000000000 ) ) ;
#5076 = ORIENTED_EDGE ( 'NONE', *, *, #3173, .T. ) ;
#5077 = CARTESIAN_POINT ( 'NONE',  ( 0.4794598536848256320, 0.06250000000000000000, 0.2768162755905467232 ) ) ;
#5078 = DIRECTION ( 'NONE',  ( 0.000000000000000000, -1.000000000000000000, 0.000000000000000000 ) ) ;
#5079 = CARTESIAN_POINT ( 'NONE',  ( -0.3918764952124590972, 0.06250000000000000000, 0.5672048833797009859 ) ) ;
#5080 = CIRCLE ( 'NONE', #480, 0.03125000000000000694 ) ;
#5081 = AXIS2_PLACEMENT_3D ( 'NONE', #1520, #623, #1546 ) ;
#5082 = DIRECTION ( 'NONE',  ( 2.185478394931410180E-15, 0.000000000000000000, -1.000000000000000000 ) ) ;
#5083 = ADVANCED_FACE ( 'NONE', ( #4229 ), #5003, .F. ) ;
#5084 = VERTEX_POINT ( 'NONE', #1984 ) ;
#5085 = EDGE_CURVE ( 'NONE', #3791, #800, #652, .T. ) ;
#5086 = CIRCLE ( 'NONE', #2973, 0.03124999999999998959 ) ;
#5087 = VERTEX_POINT ( 'NONE', #1146 ) ;
#5088 = AXIS2_PLACEMENT_3D ( 'NONE', #3019, #4345, #1693 ) ;
#5089 = CARTESIAN_POINT ( 'NONE',  ( -0.2952755905511798007, 0.000000000000000000, -0.1704774416898490463 ) ) ;
#5090 = LINE ( 'NONE', #2900, #5697 ) ;
#5091 = DIRECTION ( 'NONE',  ( 0.000000000000000000, -1.000000000000000000, 0.000000000000000000 ) ) ;
#5092 = ORIENTED_EDGE ( 'NONE', *, *, #4160, .F. ) ;
#5093 = VECTOR ( 'NONE', #3444, 39.37007874015748143 ) ;
#5094 = ORIENTED_EDGE ( 'NONE', *, *, #2744, .T. ) ;
#5095 = DIRECTION ( 'NONE',  ( 0.000000000000000000, 0.000000000000000000, -1.000000000000000000 ) ) ;
#5096 = ORIENTED_EDGE ( 'NONE', *, *, #834, .F. ) ;
#5097 = DIRECTION ( 'NONE',  ( -4.370956789862820361E-15, 0.000000000000000000, -1.000000000000000000 ) ) ;
#5098 = VECTOR ( 'NONE', #2521, 39.37007874015748143 ) ;
#5099 = ORIENTED_EDGE ( 'NONE', *, *, #3110, .F. ) ;
#5100 = FACE_OUTER_BOUND ( 'NONE', #4004, .T. ) ;
#5101 = CYLINDRICAL_SURFACE ( 'NONE', #4483, 0.03124999999999998959 ) ;
#5102 = DIRECTION ( 'NONE',  ( 0.000000000000000000, 1.000000000000000000, -0.000000000000000000 ) ) ;
#5103 = AXIS2_PLACEMENT_3D ( 'NONE', #1242, #4356, #865 ) ;
#5104 = CARTESIAN_POINT ( 'NONE',  ( -0.3950223768158394044, 0.06250000000000000000, 0.1968162755905530914 ) ) ;
#5105 = DIRECTION ( 'NONE',  ( 0.000000000000000000, 0.000000000000000000, -1.000000000000000000 ) ) ;
#5106 = ORIENTED_EDGE ( 'NONE', *, *, #3920, .F. ) ;
#5107 = CYLINDRICAL_SURFACE ( 'NONE', #2108, 0.05249999999999998418 ) ;
#5108 = DIRECTION ( 'NONE',  ( -0.000000000000000000, 1.000000000000000000, -0.000000000000000000 ) ) ;
#5109 = EDGE_CURVE ( 'NONE', #3180, #2908, #255, .T. ) ;
#5110 = CARTESIAN_POINT ( 'NONE',  ( -0.3381207453386736450, 0.04249999999999999611, 0.1129416899803603047 ) ) ;
#5111 = PLANE ( 'NONE',  #5340 ) ;
#5112 = ORIENTED_EDGE ( 'NONE', *, *, #4798, .T. ) ;
#5113 = VERTEX_POINT ( 'NONE', #3313 ) ;
#5114 = DIRECTION ( 'NONE',  ( 0.000000000000000000, -1.000000000000000000, 0.000000000000000000 ) ) ;
#5115 = EDGE_CURVE ( 'NONE', #122, #1035, #5435, .T. ) ;
#5116 = FACE_OUTER_BOUND ( 'NONE', #3652, .T. ) ;
#5117 = DIRECTION ( 'NONE',  ( -0.000000000000000000, 1.000000000000000000, -0.000000000000000000 ) ) ;
#5118 = ORIENTED_EDGE ( 'NONE', *, *, #5571, .T. ) ;
#5119 = EDGE_CURVE ( 'NONE', #2792, #5594, #2021, .T. ) ;
#5120 = VERTEX_POINT ( 'NONE', #1117 ) ;
#5121 = DIRECTION ( 'NONE',  ( 0.000000000000000000, -1.000000000000000000, 0.000000000000000000 ) ) ;
#5122 = ORIENTED_EDGE ( 'NONE', *, *, #3629, .T. ) ;
#5123 = FACE_OUTER_BOUND ( 'NONE', #3186, .T. ) ;
#5124 = AXIS2_PLACEMENT_3D ( 'NONE', #2960, #2098, #3854 ) ;
#5125 = EDGE_LOOP ( 'NONE', ( #3422, #5356, #4930, #831 ) ) ;
#5126 = PLANE ( 'NONE',  #2738 ) ;
#5127 = DIRECTION ( 'NONE',  ( 0.000000000000000000, 0.000000000000000000, -1.000000000000000000 ) ) ;
#5128 = VERTEX_POINT ( 'NONE', #1458 ) ;
#5129 = CARTESIAN_POINT ( 'NONE',  ( -0.2952755905511798007, 0.06250000000000000000, -0.6229774416898490319 ) ) ;
#5130 = LINE ( 'NONE', #1931, #717 ) ;
#5131 = EDGE_LOOP ( 'NONE', ( #1980, #4123, #262, #2420 ) ) ;
#5132 = CARTESIAN_POINT ( 'NONE',  ( 0.03124999999999995143, 0.000000000000000000, 6.669550765781882801E-18 ) ) ;
#5133 = DIRECTION ( 'NONE',  ( 5.335640612625514622E-16, 0.000000000000000000, 1.000000000000000000 ) ) ;
#5134 = LINE ( 'NONE', #4182, #4344 ) ;
#5135 = DIRECTION ( 'NONE',  ( 0.000000000000000000, -1.000000000000000000, 0.000000000000000000 ) ) ;
#5136 = ORIENTED_EDGE ( 'NONE', *, *, #5138, .F. ) ;
#5137 = VECTOR ( 'NONE', #4216, 39.37007874015748143 ) ;
#5138 = EDGE_CURVE ( 'NONE', #5587, #2523, #2848, .T. ) ;
#5139 = ORIENTED_EDGE ( 'NONE', *, *, #2179, .F. ) ;
#5140 = LINE ( 'NONE', #3385, #1315 ) ;
#5141 = DIRECTION ( 'NONE',  ( -0.000000000000000000, 1.000000000000000000, -0.000000000000000000 ) ) ;
#5142 = CIRCLE ( 'NONE', #4481, 0.07499999999999998335 ) ;
#5143 = AXIS2_PLACEMENT_3D ( 'NONE', #316, #1320, #3918 ) ;
#5144 = DIRECTION ( 'NONE',  ( 0.000000000000000000, -1.000000000000000000, 0.000000000000000000 ) ) ;
#5145 = VERTEX_POINT ( 'NONE', #1517 ) ;
#5146 = ORIENTED_EDGE ( 'NONE', *, *, #2467, .F. ) ;
#5147 = CARTESIAN_POINT ( 'NONE',  ( 0.2952755905511824097, 0.000000000000000000, -0.9448818897637796255 ) ) ;
#5148 = ADVANCED_FACE ( 'NONE', ( #3744 ), #2882, .F. ) ;
#5149 = AXIS2_PLACEMENT_3D ( 'NONE', #3617, #503, #2178 ) ;
#5150 = VECTOR ( 'NONE', #3407, 39.37007874015748854 ) ;
#5151 = EDGE_CURVE ( 'NONE', #213, #201, #2443, .T. ) ;
#5152 = ORIENTED_EDGE ( 'NONE', *, *, #1051, .T. ) ;
#5153 = CARTESIAN_POINT ( 'NONE',  ( 0.1531512361669359612, 0.04249999999999999611, 0.07831827771688686102 ) ) ;
#5154 = EDGE_LOOP ( 'NONE', ( #1875, #3098, #2889, #2100 ) ) ;
#5155 = ADVANCED_FACE ( 'NONE', ( #4637 ), #4201, .F. ) ;
#5156 = DIRECTION ( 'NONE',  ( -0.000000000000000000, -1.000000000000000000, -0.000000000000000000 ) ) ;
#5157 = CARTESIAN_POINT ( 'NONE',  ( 0.5625755575765064576, 0.06250000000000000000, 0.3248031496063021883 ) ) ;
#5158 = CARTESIAN_POINT ( 'NONE',  ( -0.1287499999999992262, 0.06250000000000000000, -0.5723973175201051422 ) ) ;
#5159 = VECTOR ( 'NONE', #1077, 39.37007874015748854 ) ;
#5160 = ORIENTED_EDGE ( 'NONE', *, *, #5074, .F. ) ;
#5161 = CARTESIAN_POINT ( 'NONE',  ( -0.01562499999999971204, 0.000000000000000000, 0.02706329386826378594 ) ) ;
#5162 = VECTOR ( 'NONE', #2132, 39.37007874015748143 ) ;
#5163 = FACE_OUTER_BOUND ( 'NONE', #5065, .T. ) ;
#5164 = VERTEX_POINT ( 'NONE', #1085 ) ;
#5165 = DIRECTION ( 'NONE',  ( 0.000000000000000000, 0.000000000000000000, -1.000000000000000000 ) ) ;
#5166 = DIRECTION ( 'NONE',  ( -0.000000000000000000, 1.000000000000000000, -0.000000000000000000 ) ) ;
#5167 = CARTESIAN_POINT ( 'NONE',  ( 0.4794598536848256320, 0.000000000000000000, 0.2768162755905466677 ) ) ;
#5168 = FACE_OUTER_BOUND ( 'NONE', #2401, .T. ) ;
#5169 = EDGE_CURVE ( 'NONE', #5278, #736, #2476, .T. ) ;
#5170 = ORIENTED_EDGE ( 'NONE', *, *, #3636, .F. ) ;
#5171 = ORIENTED_EDGE ( 'NONE', *, *, #1131, .F. ) ;
#5172 = DIRECTION ( 'NONE',  ( 0.000000000000000000, 1.000000000000000000, -0.000000000000000000 ) ) ;
#5173 = DIRECTION ( 'NONE',  ( 0.000000000000000000, 1.000000000000000000, 0.000000000000000000 ) ) ;
#5174 = AXIS2_PLACEMENT_3D ( 'NONE', #2194, #380, #804 ) ;
#5175 = LINE ( 'NONE', #5627, #5137 ) ;
#5176 = ORIENTED_EDGE ( 'NONE', *, *, #5119, .F. ) ;
#5177 = ORIENTED_EDGE ( 'NONE', *, *, #1978, .T. ) ;
#5178 = DIRECTION ( 'NONE',  ( 0.000000000000000000, 0.000000000000000000, 1.000000000000000000 ) ) ;
#5179 = ADVANCED_FACE ( 'NONE', ( #5100 ), #5492, .F. ) ;
#5180 = VECTOR ( 'NONE', #532, 39.37007874015748143 ) ;
#5181 = DIRECTION ( 'NONE',  ( 0.000000000000000000, 0.000000000000000000, -1.000000000000000000 ) ) ;
#5182 = AXIS2_PLACEMENT_3D ( 'NONE', #4066, #4490, #973 ) ;
#5183 = ADVANCED_FACE ( 'NONE', ( #5465 ), #3284, .F. ) ;
#5184 = ORIENTED_EDGE ( 'NONE', *, *, #3324, .T. ) ;
#5185 = CARTESIAN_POINT ( 'NONE',  ( -0.3793973768158393489, 0.06250000000000000000, 0.2551295694588167629 ) ) ;
#5186 = DIRECTION ( 'NONE',  ( 3.734948428837861518E-16, 0.000000000000000000, 1.000000000000000000 ) ) ;
#5187 = DIRECTION ( 'NONE',  ( 0.000000000000000000, 1.000000000000000000, 0.000000000000000000 ) ) ;
#5188 = EDGE_CURVE ( 'NONE', #309, #213, #3024, .T. ) ;
#5189 = ORIENTED_EDGE ( 'NONE', *, *, #2424, .T. ) ;
#5190 = ADVANCED_FACE ( 'NONE', ( #3132, #4502 ), #2639, .T. ) ;
#5191 = DIRECTION ( 'NONE',  ( 0.000000000000000000, -1.000000000000000000, 0.000000000000000000 ) ) ;
#5192 = CARTESIAN_POINT ( 'NONE',  ( 0.2407914353190341306, 0.04249999999999999611, 0.1390209999999977852 ) ) ;
#5193 = ORIENTED_EDGE ( 'NONE', *, *, #5661, .F. ) ;
#5194 = FACE_BOUND ( 'NONE', #5370, .T. ) ;
#5195 = DIRECTION ( 'NONE',  ( -1.365923996832131609E-16, -0.000000000000000000, -1.000000000000000000 ) ) ;
#5196 = DIRECTION ( 'NONE',  ( 0.000000000000000000, -1.000000000000000000, 0.000000000000000000 ) ) ;
#5197 = ORIENTED_EDGE ( 'NONE', *, *, #4736, .F. ) ;
#5198 = VERTEX_POINT ( 'NONE', #2236 ) ;
#5199 = DIRECTION ( 'NONE',  ( -0.000000000000000000, -1.000000000000000000, -0.000000000000000000 ) ) ;
#5200 = DIRECTION ( 'NONE',  ( -0.000000000000000000, 1.000000000000000000, -0.000000000000000000 ) ) ;
#5201 = DIRECTION ( 'NONE',  ( 0.000000000000000000, 0.000000000000000000, -1.000000000000000000 ) ) ;
#5202 = VERTEX_POINT ( 'NONE', #5316 ) ;
#5203 = ORIENTED_EDGE ( 'NONE', *, *, #4114, .F. ) ;
#5204 = DIRECTION ( 'NONE',  ( 0.000000000000000000, 0.000000000000000000, -1.000000000000000000 ) ) ;
#5205 = DIRECTION ( 'NONE',  ( -0.8660254037844431485, 0.000000000000000000, -0.4999999999999919509 ) ) ;
#5206 = ORIENTED_EDGE ( 'NONE', *, *, #2249, .F. ) ;
#5207 = ADVANCED_FACE ( 'NONE', ( #4019 ), #4934, .F. ) ;
#5208 = DIRECTION ( 'NONE',  ( -1.000000000000000000, 0.000000000000000000, -1.520051807921766838E-15 ) ) ;
#5209 = VECTOR ( 'NONE', #5178, 39.37007874015748143 ) ;
#5210 = FACE_OUTER_BOUND ( 'NONE', #4596, .T. ) ;
#5211 = DIRECTION ( 'NONE',  ( 0.8660254037844398178, 0.000000000000000000, -0.4999999999999977240 ) ) ;
#5212 = ORIENTED_EDGE ( 'NONE', *, *, #4465, .F. ) ;
#5213 = DIRECTION ( 'NONE',  ( 0.5000000000000038858, 0.000000000000000000, 0.8660254037844364872 ) ) ;
#5214 = EDGE_CURVE ( 'NONE', #5062, #2442, #2745, .T. ) ;
#5215 = CYLINDRICAL_SURFACE ( 'NONE', #2846, 0.06250000000000000000 ) ;
#5216 = ORIENTED_EDGE ( 'NONE', *, *, #1909, .T. ) ;
#5217 = CARTESIAN_POINT ( 'NONE',  ( -0.2952755905511798007, 0.000000000000000000, -0.6229774416898490319 ) ) ;
#5218 = DIRECTION ( 'NONE',  ( 0.000000000000000000, 0.000000000000000000, 1.000000000000000000 ) ) ;
#5219 = CARTESIAN_POINT ( 'NONE',  ( -0.01562500000000009714, 0.000000000000000000, -0.02706329386826360206 ) ) ;
#5220 = VERTEX_POINT ( 'NONE', #3161 ) ;
#5221 = EDGE_CURVE ( 'NONE', #3416, #239, #616, .T. ) ;
#5222 = ORIENTED_EDGE ( 'NONE', *, *, #4160, .T. ) ;
#5223 = ADVANCED_FACE ( 'NONE', ( #4075 ), #904, .F. ) ;
#5224 = DIRECTION ( 'NONE',  ( -0.000000000000000000, 1.000000000000000000, -0.000000000000000000 ) ) ;
#5225 = CARTESIAN_POINT ( 'NONE',  ( 0.7692715045575724275, 0.06250000000000000000, 0.4441391102362131083 ) ) ;
#5226 = CARTESIAN_POINT ( 'NONE',  ( -0.2952755905511798007, 0.06250000000000000000, -0.5704774416898490408 ) ) ;
#5227 = ORIENTED_EDGE ( 'NONE', *, *, #1769, .T. ) ;
#5228 = ORIENTED_EDGE ( 'NONE', *, *, #190, .T. ) ;
#5229 = CIRCLE ( 'NONE', #4477, 0.05249999999999998418 ) ;
#5230 = DIRECTION ( 'NONE',  ( 0.000000000000000000, 1.000000000000000000, 0.000000000000000000 ) ) ;
#5231 = CARTESIAN_POINT ( 'NONE',  ( -0.1912499999999991429, 0.04249999999999999611, -0.1133049903284640142 ) ) ;
#5232 = CIRCLE ( 'NONE', #5687, 0.03124999999999997571 ) ;
#5233 = CIRCLE ( 'NONE', #1826, 0.06250000000000000000 ) ;
#5234 = ORIENTED_EDGE ( 'NONE', *, *, #594, .F. ) ;
#5235 = AXIS2_PLACEMENT_3D ( 'NONE', #4446, #2715, #877 ) ;
#5236 = CARTESIAN_POINT ( 'NONE',  ( 0.2127441576021456837, 0.06250000000000000000, 0.2051003100196422124 ) ) ;
#5237 = LINE ( 'NONE', #2102, #529 ) ;
#5238 = LINE ( 'NONE', #1289, #740 ) ;
#5239 = AXIS2_PLACEMENT_3D ( 'NONE', #2816, #3226, #4975 ) ;
#5240 = VERTEX_POINT ( 'NONE', #958 ) ;
#5241 = CARTESIAN_POINT ( 'NONE',  ( -0.2952755905511798007, 0.000000000000000000, -0.5179774416898490497 ) ) ;
#5242 = VECTOR ( 'NONE', #3025, 39.37007874015748143 ) ;
#5243 = EDGE_CURVE ( 'NONE', #1009, #693, #1633, .T. ) ;
#5244 = CIRCLE ( 'NONE', #277, 0.03125000000000000694 ) ;
#5245 = VECTOR ( 'NONE', #4552, 39.37007874015748143 ) ;
#5246 = CARTESIAN_POINT ( 'NONE',  ( 0.6142122057670065249, 0.04249999999999999611, 0.2059478880228055586 ) ) ;
#5247 = VERTEX_POINT ( 'NONE', #3080 ) ;
#5248 = DIRECTION ( 'NONE',  ( 0.000000000000000000, -1.000000000000000000, 0.000000000000000000 ) ) ;
#5249 = CIRCLE ( 'NONE', #1001, 0.06250000000000001388 ) ;
#5250 = CARTESIAN_POINT ( 'NONE',  ( -0.7536465045575660993, 0.000000000000000000, 0.4712024041044877709 ) ) ;
#5251 = ADVANCED_FACE ( 'NONE', ( #3564 ), #933, .F. ) ;
#5252 = AXIS2_PLACEMENT_3D ( 'NONE', #2969, #4697, #2049 ) ;
#5253 = FACE_BOUND ( 'NONE', #1213, .T. ) ;
#5254 = ADVANCED_FACE ( 'NONE', ( #4042 ), #1828, .T. ) ;
#5255 = ORIENTED_EDGE ( 'NONE', *, *, #708, .T. ) ;
#5256 = VERTEX_POINT ( 'NONE', #2284 ) ;
#5257 = CARTESIAN_POINT ( 'NONE',  ( -0.1292906645817860911, 0.000000000000000000, 0.07464600000000061464 ) ) ;
#5258 = CARTESIAN_POINT ( 'NONE',  ( -1.775353833074013450E-17, 0.000000000000000000, -0.5536325511811024391 ) ) ;
#5259 = EDGE_CURVE ( 'NONE', #3262, #3731, #2694, .T. ) ;
#5260 =( NAMED_UNIT ( * ) PLANE_ANGLE_UNIT ( ) SI_UNIT ( $, .RADIAN. ) );
#5261 = EDGE_LOOP ( 'NONE', ( #1047, #1667, #1337, #1360 ) ) ;
#5262 = VERTEX_POINT ( 'NONE', #3183 ) ;
#5263 = EDGE_CURVE ( 'NONE', #5220, #3925, #5500, .T. ) ;
#5264 = CARTESIAN_POINT ( 'NONE',  ( 0.07250000000000102196, 0.06250000000000000000, 0.2597520861406814041 ) ) ;
#5265 = FACE_BOUND ( 'NONE', #4900, .T. ) ;
#5266 = DIRECTION ( 'NONE',  ( 0.000000000000000000, 1.000000000000000000, -0.000000000000000000 ) ) ;
#5267 = ORIENTED_EDGE ( 'NONE', *, *, #1171, .F. ) ;
#5268 = CIRCLE ( 'NONE', #2771, 0.06250000000000001388 ) ;
#5269 = AXIS2_PLACEMENT_3D ( 'NONE', #4152, #5474, #4737 ) ;
#5270 = LINE ( 'NONE', #4475, #5180 ) ;
#5271 = AXIS2_PLACEMENT_3D ( 'NONE', #2546, #3878, #2571 ) ;
#5272 = DIRECTION ( 'NONE',  ( 0.000000000000000000, 0.000000000000000000, 1.000000000000000000 ) ) ;
#5273 = LINE ( 'NONE', #1044, #4960 ) ;
#5274 = ORIENTED_EDGE ( 'NONE', *, *, #2868, .T. ) ;
#5275 = AXIS2_PLACEMENT_3D ( 'NONE', #3332, #2924, #1617 ) ;
#5276 = LINE ( 'NONE', #3946, #5242 ) ;
#5277 = FACE_OUTER_BOUND ( 'NONE', #343, .T. ) ;
#5278 = VERTEX_POINT ( 'NONE', #526 ) ;
#5279 = FACE_OUTER_BOUND ( 'NONE', #1605, .T. ) ;
#5280 = DIRECTION ( 'NONE',  ( 0.8660254037844383745, 0.000000000000000000, -0.5000000000000003331 ) ) ;
#5281 = DIRECTION ( 'NONE',  ( 0.000000000000000000, -1.000000000000000000, 0.000000000000000000 ) ) ;
#5282 = ORIENTED_EDGE ( 'NONE', *, *, #2923, .T. ) ;
#5283 = ADVANCED_FACE ( 'NONE', ( #4855, #98, #1858, #3620 ), #447, .F. ) ;
#5284 = ORIENTED_EDGE ( 'NONE', *, *, #1344, .F. ) ;
#5285 = CARTESIAN_POINT ( 'NONE',  ( -0.8182917201112819283, 0.000000000000000000, 0.4724409448818900348 ) ) ;
#5286 = CARTESIAN_POINT ( 'NONE',  ( -0.2439941576021459613, 0.06250000000000000000, 0.1509737222831150083 ) ) ;
#5287 = DIRECTION ( 'NONE',  ( 0.000000000000000000, -1.000000000000000000, 0.000000000000000000 ) ) ;
#5288 = ORIENTED_EDGE ( 'NONE', *, *, #2193, .F. ) ;
#5289 = VECTOR ( 'NONE', #567, 39.37007874015748143 ) ;
#5290 = ORIENTED_EDGE ( 'NONE', *, *, #1262, .T. ) ;
#5291 = CARTESIAN_POINT ( 'NONE',  ( 0.05902464843040834686, 0.04249999999999999611, 0.1163503100196415507 ) ) ;
#5292 = EDGE_CURVE ( 'NONE', #5458, #3665, #1083, .T. ) ;
#5293 = DIRECTION ( 'NONE',  ( 0.000000000000000000, -1.000000000000000000, 0.000000000000000000 ) ) ;
#5294 = EDGE_CURVE ( 'NONE', #2044, #3251, #1447, .T. ) ;
#5295 = DIRECTION ( 'NONE',  ( 0.000000000000000000, 1.000000000000000000, -0.000000000000000000 ) ) ;
#5296 = ORIENTED_EDGE ( 'NONE', *, *, #2162, .T. ) ;
#5297 = CARTESIAN_POINT ( 'NONE',  ( -0.2407914353190322987, 0.000000000000000000, 0.1390210000000011714 ) ) ;
#5298 = CARTESIAN_POINT ( 'NONE',  ( -0.5625755575765063465, 0.000000000000000000, 0.3248031496063001344 ) ) ;
#5299 = EDGE_CURVE ( 'NONE', #37, #4987, #3214, .T. ) ;
#5300 = CARTESIAN_POINT ( 'NONE',  ( -0.1719789584500499013, 0.04249999999999999611, 0.06320770613173713748 ) ) ;
#5301 = VERTEX_POINT ( 'NONE', #1887 ) ;
#5302 = LINE ( 'NONE', #648, #3280 ) ;
#5303 = DIRECTION ( 'NONE',  ( 0.000000000000000000, 1.000000000000000000, 0.000000000000000000 ) ) ;
#5304 = CARTESIAN_POINT ( 'NONE',  ( 0.5192122057670057744, 0.06250000000000000000, 0.3704927147418499156 ) ) ;
#5305 = CYLINDRICAL_SURFACE ( 'NONE', #3359, 0.03124999999999997571 ) ;
#5306 = CARTESIAN_POINT ( 'NONE',  ( 0.03124999999999989592, 0.000000000000000000, -0.8882782204724408714 ) ) ;
#5307 = ORIENTED_EDGE ( 'NONE', *, *, #1971, .F. ) ;
#5308 = ORIENTED_EDGE ( 'NONE', *, *, #39, .F. ) ;
#5309 = CYLINDRICAL_SURFACE ( 'NONE', #1102, 0.03124999999999997571 ) ;
#5310 = CARTESIAN_POINT ( 'NONE',  ( 0.02875000000000128147, 0.04249999999999999611, 0.1594930118636350702 ) ) ;
#5311 = ORIENTED_EDGE ( 'NONE', *, *, #1762, .F. ) ;
#5312 = VERTEX_POINT ( 'NONE', #4627 ) ;
#5313 = CARTESIAN_POINT ( 'NONE',  ( -0.1563539584500497348, 0.000000000000000000, 0.09027100000000073954 ) ) ;
#5314 = FACE_OUTER_BOUND ( 'NONE', #5469, .T. ) ;
#5315 = DIRECTION ( 'NONE',  ( 0.000000000000000000, -1.000000000000000000, 0.000000000000000000 ) ) ;
#5316 = CARTESIAN_POINT ( 'NONE',  ( 0.4567122057670057189, 0.06250000000000000000, 0.4787458902149047124 ) ) ;
#5317 = ORIENTED_EDGE ( 'NONE', *, *, #1339, .T. ) ;
#5318 = EDGE_CURVE ( 'NONE', #3414, #2055, #1541, .T. ) ;
#5319 = ADVANCED_FACE ( 'NONE', ( #4533 ), #609, .T. ) ;
#5320 = VECTOR ( 'NONE', #5515, 39.37007874015748143 ) ;
#5321 = CARTESIAN_POINT ( 'NONE',  ( 0.1844012361669362110, 0.04249999999999999611, 0.02419168998035959098 ) ) ;
#5322 = DIRECTION ( 'NONE',  ( 0.5000000000000001110, 0.000000000000000000, 0.8660254037844385966 ) ) ;
#5323 = AXIS2_PLACEMENT_3D ( 'NONE', #3520, #3869, #5618 ) ;
#5324 = ORIENTED_EDGE ( 'NONE', *, *, #747, .T. ) ;
#5325 = AXIS2_PLACEMENT_3D ( 'NONE', #4347, #825, #4286 ) ;
#5326 = EDGE_CURVE ( 'NONE', #3442, #1270, #2346, .T. ) ;
#5327 = EDGE_CURVE ( 'NONE', #3046, #2569, #1076, .T. ) ;
#5328 = DIRECTION ( 'NONE',  ( 1.000000000000000000, -0.000000000000000000, 0.000000000000000000 ) ) ;
#5329 = CIRCLE ( 'NONE', #1547, 0.03125000000000000694 ) ;
#5330 = CARTESIAN_POINT ( 'NONE',  ( -0.1912499999999991429, 0.06250000000000000000, -0.1493893821528155252 ) ) ;
#5331 = PLANE ( 'NONE',  #2525 ) ;
#5332 = AXIS2_PLACEMENT_3D ( 'NONE', #3896, #3975, #3087 ) ;
#5333 = DIRECTION ( 'NONE',  ( 1.776356839400250070E-15, 0.000000000000000000, 1.000000000000000000 ) ) ;
#5334 = ORIENTED_EDGE ( 'NONE', *, *, #1581, .F. ) ;
#5335 = CIRCLE ( 'NONE', #1556, 0.05249999999999998418 ) ;
#5336 = ORIENTED_EDGE ( 'NONE', *, *, #5605, .T. ) ;
#5337 = DIRECTION ( 'NONE',  ( 0.000000000000000000, 1.000000000000000000, 0.000000000000000000 ) ) ;
#5338 = CIRCLE ( 'NONE', #2855, 0.03124999999999997571 ) ;
#5339 = CYLINDRICAL_SURFACE ( 'NONE', #4720, 0.03124999999999997571 ) ;
#5340 = AXIS2_PLACEMENT_3D ( 'NONE', #1614, #2453, #668 ) ;
#5341 = DIRECTION ( 'NONE',  ( 0.000000000000000000, 1.000000000000000000, -0.000000000000000000 ) ) ;
#5342 = VERTEX_POINT ( 'NONE', #217 ) ;
#5343 = CIRCLE ( 'NONE', #2582, 0.06250000000000001388 ) ;
#5344 = ORIENTED_EDGE ( 'NONE', *, *, #2009, .T. ) ;
#5345 = DIRECTION ( 'NONE',  ( -0.000000000000000000, 1.000000000000000000, -0.000000000000000000 ) ) ;
#5346 = CARTESIAN_POINT ( 'NONE',  ( 0.07125000000000002165, 0.04249999999999999611, -0.2867919999999999914 ) ) ;
#5347 = DIRECTION ( 'NONE',  ( -0.000000000000000000, 1.000000000000000000, -0.000000000000000000 ) ) ;
#5348 = DIRECTION ( 'NONE',  ( 0.8660254037844431485, 0.000000000000000000, -0.4999999999999918954 ) ) ;
#5349 = PLANE ( 'NONE',  #3225 ) ;
#5350 = PRODUCT_DEFINITION ( 'UNKNOWN', '', #3619, #4453 ) ;
#5351 = ORIENTED_EDGE ( 'NONE', *, *, #2936, .F. ) ;
#5352 = DIRECTION ( 'NONE',  ( 0.000000000000000000, -1.000000000000000000, 0.000000000000000000 ) ) ;
#5353 = EDGE_CURVE ( 'NONE', #4363, #4044, #2001, .T. ) ;
#5354 = AXIS2_PLACEMENT_3D ( 'NONE', #3016, #4772, #766 ) ;
#5355 = VECTOR ( 'NONE', #3258, 39.37007874015748143 ) ;
#5356 = ORIENTED_EDGE ( 'NONE', *, *, #1663, .T. ) ;
#5357 = VECTOR ( 'NONE', #3470, 39.37007874015748854 ) ;
#5358 = FACE_OUTER_BOUND ( 'NONE', #194, .T. ) ;
#5359 = EDGE_CURVE ( 'NONE', #2418, #3442, #4677, .T. ) ;
#5360 = FACE_OUTER_BOUND ( 'NONE', #1746, .T. ) ;
#5361 = DIRECTION ( 'NONE',  ( 0.000000000000000000, 0.000000000000000000, 1.000000000000000000 ) ) ;
#5362 = AXIS2_PLACEMENT_3D ( 'NONE', #2772, #4073, #550 ) ;
#5363 = ADVANCED_FACE ( 'NONE', ( #1945 ), #3704, .T. ) ;
#5364 = PLANE ( 'NONE',  #477 ) ;
#5365 = ORIENTED_EDGE ( 'NONE', *, *, #3026, .T. ) ;
#5366 = ORIENTED_EDGE ( 'NONE', *, *, #1003, .F. ) ;
#5367 = DIRECTION ( 'NONE',  ( -0.000000000000000000, 1.000000000000000000, 0.000000000000000000 ) ) ;
#5368 = CARTESIAN_POINT ( 'NONE',  ( -2.761194017033702111E-17, 0.000000000000000000, -0.7595282204724409514 ) ) ;
#5369 = CARTESIAN_POINT ( 'NONE',  ( -0.2251664353190321877, 0.04249999999999999611, 0.1660842938682648151 ) ) ;
#5370 = EDGE_LOOP ( 'NONE', ( #323, #5122, #2122, #3764, #5510, #5523, #3615 ) ) ;
#5371 = ORIENTED_EDGE ( 'NONE', *, *, #1716, .T. ) ;
#5372 = CYLINDRICAL_SURFACE ( 'NONE', #1180, 0.06250000000000001388 ) ;
#5373 = DIRECTION ( 'NONE',  ( 0.000000000000000000, 0.000000000000000000, -1.000000000000000000 ) ) ;
#5374 = AXIS2_PLACEMENT_3D ( 'NONE', #1056, #5438, #3347 ) ;
#5375 = CARTESIAN_POINT ( 'NONE',  ( 0.000000000000000000, 0.06250000000000000000, 0.000000000000000000 ) ) ;
#5376 = FACE_OUTER_BOUND ( 'NONE', #4661, .T. ) ;
#5377 = ORIENTED_EDGE ( 'NONE', *, *, #3100, .F. ) ;
#5378 = ORIENTED_EDGE ( 'NONE', *, *, #975, .F. ) ;
#5379 = LINE ( 'NONE', #25, #935 ) ;
#5380 = ORIENTED_EDGE ( 'NONE', *, *, #3111, .T. ) ;
#5381 = EDGE_CURVE ( 'NONE', #3290, #3458, #1016, .T. ) ;
#5382 = DIRECTION ( 'NONE',  ( -0.5000000000000002220, 0.000000000000000000, 0.8660254037844384856 ) ) ;
#5383 = DIRECTION ( 'NONE',  ( 0.000000000000000000, 0.000000000000000000, 1.000000000000000000 ) ) ;
#5384 = CARTESIAN_POINT ( 'NONE',  ( -0.2251664353190322432, 0.000000000000000000, 0.1660842938682648706 ) ) ;
#5385 = CARTESIAN_POINT ( 'NONE',  ( 0.6692090276885893640, 0.000000000000000000, 0.4224524041044779299 ) ) ;
#5386 = ADVANCED_FACE ( 'NONE', ( #3645 ), #1507, .F. ) ;
#5387 = ORIENTED_EDGE ( 'NONE', *, *, #4306, .F. ) ;
#5388 = EDGE_CURVE ( 'NONE', #441, #1239, #153, .T. ) ;
#5389 = ORIENTED_EDGE ( 'NONE', *, *, #2778, .T. ) ;
#5390 = VECTOR ( 'NONE', #4746, 39.37007874015748143 ) ;
#5391 = DIRECTION ( 'NONE',  ( 0.000000000000000000, 0.000000000000000000, -1.000000000000000000 ) ) ;
#5392 = CARTESIAN_POINT ( 'NONE',  ( 0.6706539248356907512, 0.000000000000000000, 0.7281571074166679480 ) ) ;
#5393 = ORIENTED_EDGE ( 'NONE', *, *, #4366, .T. ) ;
#5394 = ORIENTED_EDGE ( 'NONE', *, *, #739, .T. ) ;
#5395 = EDGE_CURVE ( 'NONE', #3925, #4971, #1822, .T. ) ;
#5396 = ORIENTED_EDGE ( 'NONE', *, *, #4651, .F. ) ;
#5397 = LINE ( 'NONE', #4561, #1584 ) ;
#5398 = DIRECTION ( 'NONE',  ( 0.000000000000000000, -1.000000000000000000, 0.000000000000000000 ) ) ;
#5399 = DIRECTION ( 'NONE',  ( 0.000000000000000000, -1.000000000000000000, 0.000000000000000000 ) ) ;
#5400 = ORIENTED_EDGE ( 'NONE', *, *, #803, .F. ) ;
#5401 = LINE ( 'NONE', #4937, #1429 ) ;
#5402 = ORIENTED_EDGE ( 'NONE', *, *, #1020, .T. ) ;
#5403 = DIRECTION ( 'NONE',  ( 0.000000000000000000, -1.000000000000000000, 0.000000000000000000 ) ) ;
#5404 = ORIENTED_EDGE ( 'NONE', *, *, #3105, .T. ) ;
#5405 = CYLINDRICAL_SURFACE ( 'NONE', #5511, 0.06250000000000000000 ) ;
#5406 = DIRECTION ( 'NONE',  ( 0.000000000000000000, 0.000000000000000000, -1.000000000000000000 ) ) ;
#5407 = CARTESIAN_POINT ( 'NONE',  ( -0.6695760054788358895, 0.04249999999999999611, 0.2350254413438440937 ) ) ;
#5408 = CIRCLE ( 'NONE', #358, 0.2952755905511810774 ) ;
#5409 = CARTESIAN_POINT ( 'NONE',  ( 0.1531512361669359612, 0.04249999999999999611, 0.01581827771688686449 ) ) ;
#5410 = ORIENTED_EDGE ( 'NONE', *, *, #481, .F. ) ;
#5411 = VECTOR ( 'NONE', #965, 39.37007874015748143 ) ;
#5412 = ORIENTED_EDGE ( 'NONE', *, *, #391, .F. ) ;
#5413 = DIRECTION ( 'NONE',  ( 0.000000000000000000, 1.000000000000000000, -0.000000000000000000 ) ) ;
#5414 = EDGE_CURVE ( 'NONE', #238, #3196, #1915, .T. ) ;
#5415 = DIRECTION ( 'NONE',  ( 0.000000000000000000, 0.000000000000000000, -1.000000000000000000 ) ) ;
#5416 = PERSON_AND_ORGANIZATION ( #4642, #1318 ) ;
#5417 = VERTEX_POINT ( 'NONE', #4656 ) ;
#5418 = EDGE_LOOP ( 'NONE', ( #4745, #3569, #2343, #3565 ) ) ;
#5419 = VERTEX_POINT ( 'NONE', #699 ) ;
#5420 = CYLINDRICAL_SURFACE ( 'NONE', #4878, 0.2952755905511810774 ) ;
#5421 = CIRCLE ( 'NONE', #3682, 0.06250000000000001388 ) ;
#5422 = CARTESIAN_POINT ( 'NONE',  ( 0.5962194183662724578, 0.06250000000000000000, 0.003272558310150600145 ) ) ;
#5423 = EDGE_CURVE ( 'NONE', #2782, #1845, #5426, .T. ) ;
#5424 = LINE ( 'NONE', #2619, #4414 ) ;
#5425 = CIRCLE ( 'NONE', #3684, 0.06250000000000000000 ) ;
#5426 = LINE ( 'NONE', #1478, #5684 ) ;
#5427 = CARTESIAN_POINT ( 'NONE',  ( -0.6466994177423085466, 0.04249999999999999611, 0.1496488536073167230 ) ) ;
#5428 = EDGE_CURVE ( 'NONE', #417, #1730, #2192, .T. ) ;
#5429 = ORIENTED_EDGE ( 'NONE', *, *, #624, .F. ) ;
#5430 = AXIS2_PLACEMENT_3D ( 'NONE', #5642, #1234, #795 ) ;
#5431 = LINE ( 'NONE', #4969, #2177 ) ;
#5432 = ORIENTED_EDGE ( 'NONE', *, *, #145, .T. ) ;
#5433 = DIRECTION ( 'NONE',  ( 0.000000000000000000, 0.000000000000000000, -1.000000000000000000 ) ) ;
#5434 = ORIENTED_EDGE ( 'NONE', *, *, #4970, .F. ) ;
#5435 = LINE ( 'NONE', #5033, #4227 ) ;
#5436 = FACE_OUTER_BOUND ( 'NONE', #3832, .T. ) ;
#5437 = AXIS2_PLACEMENT_3D ( 'NONE', #3955, #836, #2599 ) ;
#5438 = DIRECTION ( 'NONE',  ( -0.000000000000000000, 1.000000000000000000, -0.000000000000000000 ) ) ;
#5439 = CARTESIAN_POINT ( 'NONE',  ( -0.2407914353190322709, 0.000000000000000000, 0.1390210000000011159 ) ) ;
#5440 = AXIS2_PLACEMENT_3D ( 'NONE', #2554, #507, #4450 ) ;
#5441 = ORIENTED_EDGE ( 'NONE', *, *, #708, .F. ) ;
#5442 = CARTESIAN_POINT ( 'NONE',  ( -0.2527441576021460801, 0.04249999999999999611, 0.1358182777168873145 ) ) ;
#5443 = ORIENTED_EDGE ( 'NONE', *, *, #4235, .F. ) ;
#5444 = CIRCLE ( 'NONE', #2144, 0.05249999999999998418 ) ;
#5445 = CARTESIAN_POINT ( 'NONE',  ( 0.008750000000000021649, 0.04249999999999999611, -0.1717920000000000280 ) ) ;
#5446 = DIRECTION ( 'NONE',  ( -0.8660254037844362651, 0.000000000000000000, 0.5000000000000038858 ) ) ;
#5447 = PERSON_AND_ORGANIZATION ( #4642, #1318 ) ;
#5448 = ORIENTED_EDGE ( 'NONE', *, *, #4536, .T. ) ;
#5449 = ORIENTED_EDGE ( 'NONE', *, *, #1690, .T. ) ;
#5450 = ORIENTED_EDGE ( 'NONE', *, *, #1553, .F. ) ;
#5451 = AXIS2_PLACEMENT_3D ( 'NONE', #2171, #437, #4360 ) ;
#5452 = ADVANCED_FACE ( 'NONE', ( #1109 ), #2872, .F. ) ;
#5453 = EDGE_LOOP ( 'NONE', ( #5669, #2934, #1680, #5396 ) ) ;
#5454 = CARTESIAN_POINT ( 'NONE',  ( -0.2952755905511798007, 0.06250000000000000000, -0.6496062992125984925 ) ) ;
#5455 = DIRECTION ( 'NONE',  ( -0.000000000000000000, -1.000000000000000000, -0.000000000000000000 ) ) ;
#5456 = CARTESIAN_POINT ( 'NONE',  ( 0.01562499999999998959, 0.06250000000000000000, 0.02706329386826335573 ) ) ;
#5457 = DIRECTION ( 'NONE',  ( -5.335640612625514622E-16, 0.000000000000000000, -1.000000000000000000 ) ) ;
#5458 = VERTEX_POINT ( 'NONE', #5545 ) ;
#5459 = DIRECTION ( 'NONE',  ( 0.000000000000000000, 1.000000000000000000, -0.000000000000000000 ) ) ;
#5460 = EDGE_CURVE ( 'NONE', #3133, #4569, #2148, .T. ) ;
#5461 = EDGE_CURVE ( 'NONE', #5262, #448, #5229, .T. ) ;
#5462 = ORIENTED_EDGE ( 'NONE', *, *, #2565, .F. ) ;
#5463 = CARTESIAN_POINT ( 'NONE',  ( -0.2407914353190322987, 0.000000000000000000, 0.1390210000000011714 ) ) ;
#5464 = EDGE_LOOP ( 'NONE', ( #279, #2115, #922, #5016 ) ) ;
#5465 = FACE_OUTER_BOUND ( 'NONE', #5131, .T. ) ;
#5466 = CARTESIAN_POINT ( 'NONE',  ( 0.2981207453386732764, 0.06250000000000000000, 0.1822237222831151471 ) ) ;
#5467 = LINE ( 'NONE', #4607, #2393 ) ;
#5468 = CARTESIAN_POINT ( 'NONE',  ( 0.008750000000000021649, 0.04249999999999999611, -0.1092920000000000280 ) ) ;
#5469 = EDGE_LOOP ( 'NONE', ( #4652, #5484, #1609, #123 ) ) ;
#5470 = DIRECTION ( 'NONE',  ( 0.000000000000000000, 0.000000000000000000, -1.000000000000000000 ) ) ;
#5471 = ORIENTED_EDGE ( 'NONE', *, *, #5002, .F. ) ;
#5472 = PLANE ( 'NONE',  #2375 ) ;
#5473 = DIRECTION ( 'NONE',  ( -0.5000000000000038858, 0.000000000000000000, 0.8660254037844362651 ) ) ;
#5474 = DIRECTION ( 'NONE',  ( -1.000000000000000000, 0.000000000000000000, -1.067128122525102974E-16 ) ) ;
#5475 = COORDINATED_UNIVERSAL_TIME_OFFSET ( 6, 0, .BEHIND. ) ;
#5476 = VERTEX_POINT ( 'NONE', #3044 ) ;
#5477 = PLANE ( 'NONE',  #3593 ) ;
#5478 = VERTEX_POINT ( 'NONE', #845 ) ;
#5479 = VECTOR ( 'NONE', #1712, 39.37007874015748143 ) ;
#5480 = ORIENTED_EDGE ( 'NONE', *, *, #3357, .T. ) ;
#5481 = DIRECTION ( 'NONE',  ( 0.000000000000000000, 0.000000000000000000, -1.000000000000000000 ) ) ;
#5482 = DIRECTION ( 'NONE',  ( 0.8660254037844360431, 0.000000000000000000, -0.5000000000000043299 ) ) ;
#5483 = CARTESIAN_POINT ( 'NONE',  ( -0.1287499999999992262, 0.06250000000000000000, -0.6348973175201051422 ) ) ;
#5484 = ORIENTED_EDGE ( 'NONE', *, *, #4052, .T. ) ;
#5485 = ORIENTED_EDGE ( 'NONE', *, *, #975, .T. ) ;
#5486 = CARTESIAN_POINT ( 'NONE',  ( -0.1131512361669355787, 0.04249999999999999611, 0.1476003100196417450 ) ) ;
#5487 = ORIENTED_EDGE ( 'NONE', *, *, #1979, .F. ) ;
#5488 = DIRECTION ( 'NONE',  ( -0.000000000000000000, -1.000000000000000000, -0.000000000000000000 ) ) ;
#5489 = EDGE_CURVE ( 'NONE', #238, #2687, #2008, .T. ) ;
#5490 = ORIENTED_EDGE ( 'NONE', *, *, #4692, .F. ) ;
#5491 = EDGE_CURVE ( 'NONE', #4676, #928, #3197, .T. ) ;
#5492 = CYLINDRICAL_SURFACE ( 'NONE', #5041, 0.03124999999999997571 ) ;
#5493 = DIRECTION ( 'NONE',  ( 0.4999999999999996114, 0.000000000000000000, 0.8660254037844388186 ) ) ;
#5494 = CARTESIAN_POINT ( 'NONE',  ( -0.3068707453386733119, 0.06250000000000000000, 0.1670682777168876199 ) ) ;
#5495 = AXIS2_PLACEMENT_3D ( 'NONE', #3274, #2434, #3334 ) ;
#5496 = EDGE_CURVE ( 'NONE', #2325, #2577, #5175, .T. ) ;
#5497 = DIRECTION ( 'NONE',  ( 0.000000000000000000, 0.000000000000000000, -1.000000000000000000 ) ) ;
#5498 = FACE_OUTER_BOUND ( 'NONE', #1284, .T. ) ;
#5499 = VECTOR ( 'NONE', #4976, 39.37007874015748854 ) ;
#5500 = CIRCLE ( 'NONE', #2651, 0.06250000000000000000 ) ;
#5501 = ORIENTED_EDGE ( 'NONE', *, *, #5034, .T. ) ;
#5502 = FACE_OUTER_BOUND ( 'NONE', #553, .T. ) ;
#5503 = CARTESIAN_POINT ( 'NONE',  ( -0.1719789584500499013, 0.000000000000000000, 0.06320770613173713748 ) ) ;
#5504 = CARTESIAN_POINT ( 'NONE',  ( 0.000000000000000000, 0.04249999999999999611, 0.000000000000000000 ) ) ;
#5505 = COORDINATED_UNIVERSAL_TIME_OFFSET ( 6, 0, .BEHIND. ) ;
#5506 = AXIS2_PLACEMENT_3D ( 'NONE', #3750, #4149, #5532 ) ;
#5507 = LINE ( 'NONE', #4620, #4326 ) ;
#5508 = CIRCLE ( 'NONE', #4588, 0.03125000000000000694 ) ;
#5509 = ORIENTED_EDGE ( 'NONE', *, *, #175, .F. ) ;
#5510 = ORIENTED_EDGE ( 'NONE', *, *, #2384, .T. ) ;
#5511 = AXIS2_PLACEMENT_3D ( 'NONE', #4141, #617, #5067 ) ;
#5512 = CARTESIAN_POINT ( 'NONE',  ( -0.7008260054788358895, 0.06250000000000000000, 0.1808988536073167230 ) ) ;
#5513 = EDGE_CURVE ( 'NONE', #116, #3830, #2575, .T. ) ;
#5514 = CARTESIAN_POINT ( 'NONE',  ( 0.1237500000000019279, 0.06250000000000000000, -0.6973973175201051422 ) ) ;
#5515 = DIRECTION ( 'NONE',  ( -0.000000000000000000, -1.000000000000000000, -0.000000000000000000 ) ) ;
#5516 = ORIENTED_EDGE ( 'NONE', *, *, #703, .T. ) ;
#5517 = EDGE_LOOP ( 'NONE', ( #3711, #499, #3880, #4779, #4096, #3911 ) ) ;
#5518 = LINE ( 'NONE', #1624, #3005 ) ;
#5519 = VECTOR ( 'NONE', #3751, 39.37007874015748143 ) ;
#5520 = VERTEX_POINT ( 'NONE', #1249 ) ;
#5521 = CARTESIAN_POINT ( 'NONE',  ( 0.4106473768158420135, 0.000000000000000000, 0.2010029817222835913 ) ) ;
#5522 = VECTOR ( 'NONE', #3849, 39.37007874015748143 ) ;
#5523 = ORIENTED_EDGE ( 'NONE', *, *, #2330, .T. ) ;
#5524 = EDGE_CURVE ( 'NONE', #311, #4255, #3939, .T. ) ;
#5525 = DIRECTION ( 'NONE',  ( 0.000000000000000000, 0.000000000000000000, -1.000000000000000000 ) ) ;
#5526 = CARTESIAN_POINT ( 'NONE',  ( -0.5498244177423089463, 0.04249999999999999611, 0.3174412755905510752 ) ) ;
#5527 = CARTESIAN_POINT ( 'NONE',  ( 0.3950223768158424020, 0.06250000000000000000, 0.2280662755905474570 ) ) ;
#5528 = CARTESIAN_POINT ( 'NONE',  ( 0.7692715045575724275, 0.06250000000000000000, 0.4441391102362131083 ) ) ;
#5529 = EDGE_CURVE ( 'NONE', #1559, #5128, #3827, .T. ) ;
#5530 = CARTESIAN_POINT ( 'NONE',  ( -0.6871520857636389534, 0.06250000000000000000, 0.05577255831014996112 ) ) ;
#5531 = ORIENTED_EDGE ( 'NONE', *, *, #4456, .F. ) ;
#5532 = DIRECTION ( 'NONE',  ( 0.000000000000000000, 0.000000000000000000, -1.000000000000000000 ) ) ;
#5533 = ADVANCED_FACE ( 'NONE', ( #5656 ), #1709, .T. ) ;
#5534 = CARTESIAN_POINT ( 'NONE',  ( -0.5625755575765063465, 0.06250000000000000000, 0.3248031496063000789 ) ) ;
#5535 = LINE ( 'NONE', #1130, #3155 ) ;
#5536 = VECTOR ( 'NONE', #2722, 39.37007874015748143 ) ;
#5537 = VECTOR ( 'NONE', #3091, 39.37007874015748143 ) ;
#5538 = CYLINDRICAL_SURFACE ( 'NONE', #2857, 0.07499999999999998335 ) ;
#5539 = ORIENTED_EDGE ( 'NONE', *, *, #880, .T. ) ;
#5540 = AXIS2_PLACEMENT_3D ( 'NONE', #524, #4017, #1827 ) ;
#5541 = ORIENTED_EDGE ( 'NONE', *, *, #3663, .F. ) ;
#5542 = AXIS2_PLACEMENT_3D ( 'NONE', #3959, #869, #1333 ) ;
#5543 = PLANE ( 'NONE',  #5275 ) ;
#5544 = LINE ( 'NONE', #3733, #5064 ) ;
#5545 = CARTESIAN_POINT ( 'NONE',  ( 0.2839941576021463021, 0.06250000000000000000, 0.08169168998035994389 ) ) ;
#5546 = EDGE_LOOP ( 'NONE', ( #4384, #65, #3821, #3175, #3236, #5393, #2294, #4791 ) ) ;
#5547 = VECTOR ( 'NONE', #304, 39.37007874015748143 ) ;
#5548 = ORIENTED_EDGE ( 'NONE', *, *, #2565, .T. ) ;
#5549 = CARTESIAN_POINT ( 'NONE',  ( 0.2952755905511824097, 0.000000000000000000, -0.5704774416898490408 ) ) ;
#5550 = VERTEX_POINT ( 'NONE', #3446 ) ;
#5551 = DIRECTION ( 'NONE',  ( 0.000000000000000000, 0.000000000000000000, -1.000000000000000000 ) ) ;
#5552 = ORIENTED_EDGE ( 'NONE', *, *, #1866, .F. ) ;
#5553 = LINE ( 'NONE', #3860, #4346 ) ;
#5554 = CYLINDRICAL_SURFACE ( 'NONE', #79, 0.06249999999999997918 ) ;
#5555 = FACE_OUTER_BOUND ( 'NONE', #4524, .T. ) ;
#5556 = AXIS2_PLACEMENT_3D ( 'NONE', #1727, #3032, #4786 ) ;
#5557 = EDGE_CURVE ( 'NONE', #485, #300, #3394, .T. ) ;
#5558 = DIRECTION ( 'NONE',  ( 0.000000000000000000, 0.000000000000000000, -1.000000000000000000 ) ) ;
#5559 = DIRECTION ( 'NONE',  ( 0.000000000000000000, 0.000000000000000000, 1.000000000000000000 ) ) ;
#5560 = ORIENTED_EDGE ( 'NONE', *, *, #4803, .F. ) ;
#5561 = DIRECTION ( 'NONE',  ( 0.000000000000000000, 0.000000000000000000, 1.000000000000000000 ) ) ;
#5562 = DIRECTION ( 'NONE',  ( 0.000000000000000000, 0.000000000000000000, -1.000000000000000000 ) ) ;
#5563 = FACE_BOUND ( 'NONE', #3339, .T. ) ;
#5564 = ADVANCED_FACE ( 'NONE', ( #1651 ), #3012, .F. ) ;
#5565 = ORIENTED_EDGE ( 'NONE', *, *, #3702, .T. ) ;
#5566 = EDGE_CURVE ( 'NONE', #547, #659, #3811, .T. ) ;
#5567 = ORIENTED_EDGE ( 'NONE', *, *, #3487, .T. ) ;
#5568 = ORIENTED_EDGE ( 'NONE', *, *, #1979, .T. ) ;
#5569 = DIRECTION ( 'NONE',  ( 0.000000000000000000, 0.000000000000000000, -1.000000000000000000 ) ) ;
#5570 = CARTESIAN_POINT ( 'NONE',  ( -0.1563539584500497348, 0.04249999999999999611, 0.09027100000000073954 ) ) ;
#5571 = EDGE_CURVE ( 'NONE', #5594, #3008, #814, .T. ) ;
#5572 = CARTESIAN_POINT ( 'NONE',  ( 0.4650856180304784315, 0.04249999999999999611, 0.3392427147418499711 ) ) ;
#5573 = ORIENTED_EDGE ( 'NONE', *, *, #175, .T. ) ;
#5574 = ORIENTED_EDGE ( 'NONE', *, *, #1131, .T. ) ;
#5575 = EDGE_CURVE ( 'NONE', #3070, #725, #306, .T. ) ;
#5576 = DIRECTION ( 'NONE',  ( 0.000000000000000000, 0.000000000000000000, -1.000000000000000000 ) ) ;
#5577 = ORIENTED_EDGE ( 'NONE', *, *, #4651, .T. ) ;
#5578 = DIRECTION ( 'NONE',  ( -0.000000000000000000, 1.000000000000000000, -0.000000000000000000 ) ) ;
#5579 = EDGE_LOOP ( 'NONE', ( #3343, #5565, #611, #5290, #541, #2411, #1410 ) ) ;
#5580 = LINE ( 'NONE', #5640, #2052 ) ;
#5581 = CARTESIAN_POINT ( 'NONE',  ( 0.3068707453386733675, 0.04249999999999999611, 0.1670682777168874256 ) ) ;
#5582 = CARTESIAN_POINT ( 'NONE',  ( -0.03125000000000001388, 0.000000000000000000, -0.7907782204724409514 ) ) ;
#5583 = EDGE_CURVE ( 'NONE', #1500, #765, #760, .T. ) ;
#5584 = VERTEX_POINT ( 'NONE', #4278 ) ;
#5585 = CARTESIAN_POINT ( 'NONE',  ( -0.1906569860407206496, 0.06250000000000000000, 0.5231995292418972765 ) ) ;
#5586 = CARTESIAN_POINT ( 'NONE',  ( 0.2952755905511824097, 0.000000000000000000, -0.1704774416898490463 ) ) ;
#5587 = VERTEX_POINT ( 'NONE', #334 ) ;
#5588 = CARTESIAN_POINT ( 'NONE',  ( -0.1912499999999992262, 0.04249999999999999611, -0.6973973175201051422 ) ) ;
#5589 = CARTESIAN_POINT ( 'NONE',  ( -5.235597351138785502E-17, 0.000000000000000000, -0.8882782204724408714 ) ) ;
#5590 = LINE ( 'NONE', #780, #4063 ) ;
#5591 = CARTESIAN_POINT ( 'NONE',  ( 0.7692715045575723165, 0.06250000000000000000, 0.4441391102362133303 ) ) ;
#5592 = ORIENTED_EDGE ( 'NONE', *, *, #104, .T. ) ;
#5593 = EDGE_CURVE ( 'NONE', #1190, #3322, #570, .T. ) ;
#5594 = VERTEX_POINT ( 'NONE', #1223 ) ;
#5595 = DIRECTION ( 'NONE',  ( 0.000000000000000000, 0.000000000000000000, -1.000000000000000000 ) ) ;
#5596 = FACE_OUTER_BOUND ( 'NONE', #3671, .T. ) ;
#5597 = AXIS2_PLACEMENT_3D ( 'NONE', #1295, #2649, #3953 ) ;
#5598 = CIRCLE ( 'NONE', #3119, 0.03124999999999998959 ) ;
#5599 = DIRECTION ( 'NONE',  ( -0.000000000000000000, 1.000000000000000000, -0.000000000000000000 ) ) ;
#5600 = VERTEX_POINT ( 'NONE', #2632 ) ;
#5601 = FACE_OUTER_BOUND ( 'NONE', #5021, .T. ) ;
#5602 = AXIS2_PLACEMENT_3D ( 'NONE', #3838, #1723, #1212 ) ;
#5603 = EDGE_CURVE ( 'NONE', #307, #2252, #4170, .T. ) ;
#5604 = DIRECTION ( 'NONE',  ( 0.000000000000000000, -1.000000000000000000, 0.000000000000000000 ) ) ;
#5605 = EDGE_CURVE ( 'NONE', #440, #3217, #519, .T. ) ;
#5606 = VERTEX_POINT ( 'NONE', #2173 ) ;
#5607 = AXIS2_PLACEMENT_3D ( 'NONE', #3661, #2657, #4413 ) ;
#5608 = DIRECTION ( 'NONE',  ( 0.000000000000000000, 1.000000000000000000, -0.000000000000000000 ) ) ;
#5609 = AXIS2_PLACEMENT_3D ( 'NONE', #3514, #4562, #581 ) ;
#5610 = DIRECTION ( 'NONE',  ( 0.000000000000000000, -1.000000000000000000, 0.000000000000000000 ) ) ;
#5611 = CARTESIAN_POINT ( 'NONE',  ( -0.5300728300057810927, 0.04249999999999999611, 0.2266520290803715199 ) ) ;
#5612 = AXIS2_PLACEMENT_3D ( 'NONE', #2775, #4503, #4043 ) ;
#5613 = ORIENTED_EDGE ( 'NONE', *, *, #885, .T. ) ;
#5614 = CARTESIAN_POINT ( 'NONE',  ( 0.1531512361669359612, 0.04249999999999999611, 0.07831827771688686102 ) ) ;
#5615 = VECTOR ( 'NONE', #2940, 39.37007874015748143 ) ;
#5616 = CARTESIAN_POINT ( 'NONE',  ( -0.7004590276885840350, 0.06250000000000000000, 0.3683258163679600794 ) ) ;
#5617 = VERTEX_POINT ( 'NONE', #4928 ) ;
#5618 = DIRECTION ( 'NONE',  ( 0.000000000000000000, 0.000000000000000000, 1.000000000000000000 ) ) ;
#5619 = DIRECTION ( 'NONE',  ( 0.000000000000000000, 0.000000000000000000, -1.000000000000000000 ) ) ;
#5620 = DIRECTION ( 'NONE',  ( 0.000000000000000000, 0.000000000000000000, -1.000000000000000000 ) ) ;
#5621 = ORIENTED_EDGE ( 'NONE', *, *, #5188, .T. ) ;
#5622 = ORIENTED_EDGE ( 'NONE', *, *, #2787, .T. ) ;
#5623 = LINE ( 'NONE', #1681, #303 ) ;
#5624 = AXIS2_PLACEMENT_3D ( 'NONE', #4662, #3831, #3477 ) ;
#5625 = LINE ( 'NONE', #1306, #2208 ) ;
#5626 = VECTOR ( 'NONE', #115, 39.37007874015748143 ) ;
#5627 = CARTESIAN_POINT ( 'NONE',  ( 0.5829622057670064139, 0.04249999999999999611, 0.2600744757593330680 ) ) ;
#5628 = ORIENTED_EDGE ( 'NONE', *, *, #5460, .F. ) ;
#5629 = ORIENTED_EDGE ( 'NONE', *, *, #5292, .T. ) ;
#5630 = EDGE_CURVE ( 'NONE', #133, #978, #2605, .T. ) ;
#5631 = CYLINDRICAL_SURFACE ( 'NONE', #2912, 0.03124999999999997571 ) ;
#5632 = VECTOR ( 'NONE', #5608, 39.37007874015748143 ) ;
#5633 = DIRECTION ( 'NONE',  ( 0.000000000000000000, 0.000000000000000000, 1.000000000000000000 ) ) ;
#5634 = AXIS2_PLACEMENT_3D ( 'NONE', #3234, #4522, #3151 ) ;
#5635 = VECTOR ( 'NONE', #1511, 39.37007874015748143 ) ;
#5636 = VERTEX_POINT ( 'NONE', #1739 ) ;
#5637 = ADVANCED_FACE ( 'NONE', ( #4825 ), #2686, .F. ) ;
#5638 = APPLICATION_CONTEXT ( 'configuration controlled 3d designs of mechanical parts and assemblies' ) ;
#5639 = EDGE_CURVE ( 'NONE', #1535, #3038, #415, .T. ) ;
#5640 = CARTESIAN_POINT ( 'NONE',  ( 0.7536465045575726496, 0.000000000000000000, 0.4712024041044771128 ) ) ;
#5641 = CARTESIAN_POINT ( 'NONE',  ( -0.6848340276885838129, 0.000000000000000000, 0.3641391102362238064 ) ) ;
#5642 = CARTESIAN_POINT ( 'NONE',  ( -0.05902464843040835379, 0.04249999999999999611, 0.1163503100196415091 ) ) ;
#5643 = ORIENTED_EDGE ( 'NONE', *, *, #4733, .T. ) ;
#5644 = CARTESIAN_POINT ( 'NONE',  ( -0.5433260054788351390, 0.06250000000000000000, 0.4536968557994159879 ) ) ;
#5645 = EDGE_CURVE ( 'NONE', #4708, #2487, #472, .T. ) ;
#5646 = CARTESIAN_POINT ( 'NONE',  ( 0.2952755905511824097, 0.000000000000000000, -0.5179774416898490497 ) ) ;
#5647 = VERTEX_POINT ( 'NONE', #3933 ) ;
#5648 = CYLINDRICAL_SURFACE ( 'NONE', #3666, 0.06249999999999995143 ) ;
#5649 = CIRCLE ( 'NONE', #407, 0.1000000000000000194 ) ;
#5650 = LINE ( 'NONE', #5675, #2119 ) ;
#5651 = DIRECTION ( 'NONE',  ( 0.000000000000000000, 0.000000000000000000, -1.000000000000000000 ) ) ;
#5652 = ORIENTED_EDGE ( 'NONE', *, *, #215, .F. ) ;
#5653 = ORIENTED_EDGE ( 'NONE', *, *, #221, .F. ) ;
#5654 = CARTESIAN_POINT ( 'NONE',  ( 0.000000000000000000, 0.000000000000000000, 0.3409548833797020340 ) ) ;
#5655 = CARTESIAN_POINT ( 'NONE',  ( -0.01562500000000009714, 0.000000000000000000, -0.02706329386826360206 ) ) ;
#5656 = FACE_OUTER_BOUND ( 'NONE', #2961, .T. ) ;
#5657 = ORIENTED_EDGE ( 'NONE', *, *, #5566, .T. ) ;
#5658 = VERTEX_POINT ( 'NONE', #1819 ) ;
#5659 = CARTESIAN_POINT ( 'NONE',  ( -0.6416857520649560387, 0.000000000000000000, 0.02952255831014991352 ) ) ;
#5660 = DIRECTION ( 'NONE',  ( 0.000000000000000000, 0.000000000000000000, 1.000000000000000000 ) ) ;
#5661 = EDGE_CURVE ( 'NONE', #3958, #5600, #313, .T. ) ;
#5662 = VERTEX_POINT ( 'NONE', #926 ) ;
#5663 = CARTESIAN_POINT ( 'NONE',  ( -0.1906569860407206496, 0.000000000000000000, 0.5231995292418972765 ) ) ;
#5664 = VECTOR ( 'NONE', #2437, 39.37007874015748143 ) ;
#5665 = EDGE_CURVE ( 'NONE', #1035, #3093, #2885, .T. ) ;
#5666 = CARTESIAN_POINT ( 'NONE',  ( -6.814803792450683845E-17, 0.000000000000000000, -0.5536325511811024391 ) ) ;
#5667 = CARTESIAN_POINT ( 'NONE',  ( 0.008749999999999983485, 0.06250000000000000000, -0.3492919999999999359 ) ) ;
#5668 = EDGE_CURVE ( 'NONE', #5550, #1528, #4848, .T. ) ;
#5669 = ORIENTED_EDGE ( 'NONE', *, *, #2502, .F. ) ;
#5670 = CARTESIAN_POINT ( 'NONE',  ( -0.03125000000000006939, 0.06250000000000000000, -0.5536325511811024391 ) ) ;
#5671 = LINE ( 'NONE', #2943, #1187 ) ;
#5672 = ORIENTED_EDGE ( 'NONE', *, *, #2116, .F. ) ;
#5673 = EDGE_CURVE ( 'NONE', #5087, #3642, #64, .T. ) ;
#5674 = CARTESIAN_POINT ( 'NONE',  ( 0.2981207453386732764, 0.04249999999999999611, 0.1822237222831151471 ) ) ;
#5675 = CARTESIAN_POINT ( 'NONE',  ( 0.07250000000000102196, 0.06250000000000000000, 0.1847520861406814763 ) ) ;
#5676 = EDGE_CURVE ( 'NONE', #821, #3648, #41, .T. ) ;
#5677 = CARTESIAN_POINT ( 'NONE',  ( 0.6454622057670064139, 0.04249999999999999611, 0.1518213002862781047 ) ) ;
#5678 = ORIENTED_EDGE ( 'NONE', *, *, #43, .T. ) ;
#5679 = VERTEX_POINT ( 'NONE', #1389 ) ;
#5680 = DIRECTION ( 'NONE',  ( -0.000000000000000000, 1.000000000000000000, -0.000000000000000000 ) ) ;
#5681 = PLANE ( 'NONE',  #1929 ) ;
#5682 = ORIENTED_EDGE ( 'NONE', *, *, #3476, .T. ) ;
#5683 = ORIENTED_EDGE ( 'NONE', *, *, #3069, .F. ) ;
#5684 = VECTOR ( 'NONE', #3243, 39.37007874015748854 ) ;
#5685 = DIRECTION ( 'NONE',  ( -0.000000000000000000, 1.000000000000000000, -0.000000000000000000 ) ) ;
#5686 = LINE ( 'NONE', #4882, #4866 ) ;
#5687 = AXIS2_PLACEMENT_3D ( 'NONE', #3170, #2242, #1871 ) ;
#5688 = AXIS2_PLACEMENT_3D ( 'NONE', #3691, #3783, #660 ) ;
#5689 = ORIENTED_EDGE ( 'NONE', *, *, #2384, .F. ) ;
#5690 = CARTESIAN_POINT ( 'NONE',  ( -0.2219069860407204831, 0.06250000000000000000, 0.4690729415053697671 ) ) ;
#5691 = CARTESIAN_POINT ( 'NONE',  ( 0.3793973768158426241, 0.06250000000000000000, 0.2551295694588113228 ) ) ;
#5692 = CARTESIAN_POINT ( 'NONE',  ( 0.6416857520649560387, 0.000000000000000000, 0.08202255831014997056 ) ) ;
#5693 = AXIS2_PLACEMENT_3D ( 'NONE', #3255, #4543, #4605 ) ;
#5694 = VERTEX_POINT ( 'NONE', #5369 ) ;
#5695 = DIRECTION ( 'NONE',  ( 4.370956789862824305E-15, 0.000000000000000000, -1.000000000000000000 ) ) ;
#5696 = EDGE_CURVE ( 'NONE', #1798, #5694, #3178, .T. ) ;
#5697 = VECTOR ( 'NONE', #4680, 39.37007874015748143 ) ;
ENDSEC;
END-ISO-10303-21;
