solid OpenSCAD_Model
  facet normal -0 0 1
    outer loop
      vertex 9.5 1 9.1
      vertex 11 0 9.1
      vertex 11 1 9.1
    endloop
  endfacet
  facet normal 0 0 1
    outer loop
      vertex 11 0 9.1
      vertex 9.5 1 9.1
      vertex 9.5 0 9.1
    endloop
  endfacet
  facet normal 0 0 -1
    outer loop
      vertex 9.5 0 10.1
      vertex 11 1 10.1
      vertex 11 0 10.1
    endloop
  endfacet
  facet normal -0 0 -1
    outer loop
      vertex 11 1 10.1
      vertex 9.5 0 10.1
      vertex 9.5 1 10.1
    endloop
  endfacet
  facet normal 0 -1 0
    outer loop
      vertex 9.5 1 9.1
      vertex 11 1 10.1
      vertex 9.5 1 10.1
    endloop
  endfacet
  facet normal 0 -1 -0
    outer loop
      vertex 11 1 10.1
      vertex 9.5 1 9.1
      vertex 11 1 9.1
    endloop
  endfacet
  facet normal -0 0 1
    outer loop
      vertex 9.5 13.8 9.1
      vertex 11 12.8 9.1
      vertex 11 13.8 9.1
    endloop
  endfacet
  facet normal 0 0 1
    outer loop
      vertex 11 12.8 9.1
      vertex 9.5 13.8 9.1
      vertex 9.5 12.8 9.1
    endloop
  endfacet
  facet normal 0 0 -1
    outer loop
      vertex 9.5 12.8 10.1
      vertex 11 13.8 10.1
      vertex 11 12.8 10.1
    endloop
  endfacet
  facet normal -0 0 -1
    outer loop
      vertex 11 13.8 10.1
      vertex 9.5 12.8 10.1
      vertex 9.5 13.8 10.1
    endloop
  endfacet
  facet normal 0 1 -0
    outer loop
      vertex 11 12.8 9.1
      vertex 9.5 12.8 10.1
      vertex 11 12.8 10.1
    endloop
  endfacet
  facet normal 0 1 0
    outer loop
      vertex 9.5 12.8 10.1
      vertex 11 12.8 9.1
      vertex 9.5 12.8 9.1
    endloop
  endfacet
  facet normal -0 0 1
    outer loop
      vertex 0 1 9.1
      vertex 1.5 0 9.1
      vertex 1.5 1 9.1
    endloop
  endfacet
  facet normal 0 0 1
    outer loop
      vertex 1.5 0 9.1
      vertex 0 1 9.1
      vertex 0 0 9.1
    endloop
  endfacet
  facet normal 0 0 -1
    outer loop
      vertex 0 0 10.1
      vertex 1.5 1 10.1
      vertex 1.5 0 10.1
    endloop
  endfacet
  facet normal -0 0 -1
    outer loop
      vertex 1.5 1 10.1
      vertex 0 0 10.1
      vertex 0 1 10.1
    endloop
  endfacet
  facet normal 0 -1 0
    outer loop
      vertex 0 1 9.1
      vertex 1.5 1 10.1
      vertex 0 1 10.1
    endloop
  endfacet
  facet normal 0 -1 -0
    outer loop
      vertex 1.5 1 10.1
      vertex 0 1 9.1
      vertex 1.5 1 9.1
    endloop
  endfacet
  facet normal -0 0 1
    outer loop
      vertex 0 13.8 9.1
      vertex 1.5 12.8 9.1
      vertex 1.5 13.8 9.1
    endloop
  endfacet
  facet normal 0 0 1
    outer loop
      vertex 1.5 12.8 9.1
      vertex 0 13.8 9.1
      vertex 0 12.8 9.1
    endloop
  endfacet
  facet normal 0 0 -1
    outer loop
      vertex 0 12.8 10.1
      vertex 1.5 13.8 10.1
      vertex 1.5 12.8 10.1
    endloop
  endfacet
  facet normal -0 0 -1
    outer loop
      vertex 1.5 13.8 10.1
      vertex 0 12.8 10.1
      vertex 0 13.8 10.1
    endloop
  endfacet
  facet normal 0 1 -0
    outer loop
      vertex 1.5 12.8 9.1
      vertex 0 12.8 10.1
      vertex 1.5 12.8 10.1
    endloop
  endfacet
  facet normal 0 1 0
    outer loop
      vertex 0 12.8 10.1
      vertex 1.5 12.8 9.1
      vertex 0 12.8 9.1
    endloop
  endfacet
  facet normal -0 0 1
    outer loop
      vertex 9.5 1 15.6
      vertex 11 0 15.6
      vertex 11 1 15.6
    endloop
  endfacet
  facet normal 0 0 1
    outer loop
      vertex 11 0 15.6
      vertex 9.5 1 15.6
      vertex 9.5 0 15.6
    endloop
  endfacet
  facet normal 0 0 -1
    outer loop
      vertex 9.5 0 16.6
      vertex 11 1 16.6
      vertex 11 0 16.6
    endloop
  endfacet
  facet normal -0 0 -1
    outer loop
      vertex 11 1 16.6
      vertex 9.5 0 16.6
      vertex 9.5 1 16.6
    endloop
  endfacet
  facet normal 0 -1 0
    outer loop
      vertex 9.5 1 15.6
      vertex 11 1 16.6
      vertex 9.5 1 16.6
    endloop
  endfacet
  facet normal 0 -1 -0
    outer loop
      vertex 11 1 16.6
      vertex 9.5 1 15.6
      vertex 11 1 15.6
    endloop
  endfacet
  facet normal -0 0 1
    outer loop
      vertex 9.5 13.8 15.6
      vertex 11 12.8 15.6
      vertex 11 13.8 15.6
    endloop
  endfacet
  facet normal 0 0 1
    outer loop
      vertex 11 12.8 15.6
      vertex 9.5 13.8 15.6
      vertex 9.5 12.8 15.6
    endloop
  endfacet
  facet normal 0 0 -1
    outer loop
      vertex 9.5 12.8 16.6
      vertex 11 13.8 16.6
      vertex 11 12.8 16.6
    endloop
  endfacet
  facet normal -0 0 -1
    outer loop
      vertex 11 13.8 16.6
      vertex 9.5 12.8 16.6
      vertex 9.5 13.8 16.6
    endloop
  endfacet
  facet normal 0 1 -0
    outer loop
      vertex 11 12.8 15.6
      vertex 9.5 12.8 16.6
      vertex 11 12.8 16.6
    endloop
  endfacet
  facet normal 0 1 0
    outer loop
      vertex 9.5 12.8 16.6
      vertex 11 12.8 15.6
      vertex 9.5 12.8 15.6
    endloop
  endfacet
  facet normal -0 0 1
    outer loop
      vertex 0 1 15.6
      vertex 1.5 0 15.6
      vertex 1.5 1 15.6
    endloop
  endfacet
  facet normal 0 0 1
    outer loop
      vertex 1.5 0 15.6
      vertex 0 1 15.6
      vertex 0 0 15.6
    endloop
  endfacet
  facet normal 0 0 -1
    outer loop
      vertex 0 0 16.6
      vertex 1.5 1 16.6
      vertex 1.5 0 16.6
    endloop
  endfacet
  facet normal -0 0 -1
    outer loop
      vertex 1.5 1 16.6
      vertex 0 0 16.6
      vertex 0 1 16.6
    endloop
  endfacet
  facet normal 0 -1 0
    outer loop
      vertex 0 1 15.6
      vertex 1.5 1 16.6
      vertex 0 1 16.6
    endloop
  endfacet
  facet normal 0 -1 -0
    outer loop
      vertex 1.5 1 16.6
      vertex 0 1 15.6
      vertex 1.5 1 15.6
    endloop
  endfacet
  facet normal -0 0 1
    outer loop
      vertex 0 13.8 15.6
      vertex 1.5 12.8 15.6
      vertex 1.5 13.8 15.6
    endloop
  endfacet
  facet normal 0 0 1
    outer loop
      vertex 1.5 12.8 15.6
      vertex 0 13.8 15.6
      vertex 0 12.8 15.6
    endloop
  endfacet
  facet normal 0 0 -1
    outer loop
      vertex 0 12.8 16.6
      vertex 1.5 13.8 16.6
      vertex 1.5 12.8 16.6
    endloop
  endfacet
  facet normal -0 0 -1
    outer loop
      vertex 1.5 13.8 16.6
      vertex 0 12.8 16.6
      vertex 0 13.8 16.6
    endloop
  endfacet
  facet normal 0 1 -0
    outer loop
      vertex 1.5 12.8 15.6
      vertex 0 12.8 16.6
      vertex 1.5 12.8 16.6
    endloop
  endfacet
  facet normal 0 1 0
    outer loop
      vertex 0 12.8 16.6
      vertex 1.5 12.8 15.6
      vertex 0 12.8 15.6
    endloop
  endfacet
  facet normal 0 0 1
    outer loop
      vertex 9.5 13.8 8
      vertex 7.75 6.9 8
      vertex 9.5 0 8
    endloop
  endfacet
  facet normal 0 0 1
    outer loop
      vertex 9.5 13.8 8
      vertex 7.74556 7.04128 8
      vertex 7.75 6.9 8
    endloop
  endfacet
  facet normal 0 0 1
    outer loop
      vertex 9.5 13.8 8
      vertex 7.73226 7.182 8
      vertex 7.74556 7.04128 8
    endloop
  endfacet
  facet normal 0 0 1
    outer loop
      vertex 9.5 13.8 8
      vertex 7.71015 7.32161 8
      vertex 7.73226 7.182 8
    endloop
  endfacet
  facet normal 0 0 1
    outer loop
      vertex 9.5 13.8 8
      vertex 7.67931 7.45955 8
      vertex 7.71015 7.32161 8
    endloop
  endfacet
  facet normal 0 0 1
    outer loop
      vertex 9.5 13.8 8
      vertex 7.63988 7.59529 8
      vertex 7.67931 7.45955 8
    endloop
  endfacet
  facet normal 0 0 1
    outer loop
      vertex 9.5 13.8 8
      vertex 7.592 7.72828 8
      vertex 7.63988 7.59529 8
    endloop
  endfacet
  facet normal 0 0 1
    outer loop
      vertex 9.5 13.8 8
      vertex 7.53586 7.858 8
      vertex 7.592 7.72828 8
    endloop
  endfacet
  facet normal 0 0 1
    outer loop
      vertex 9.5 13.8 8
      vertex 7.47169 7.98394 8
      vertex 7.53586 7.858 8
    endloop
  endfacet
  facet normal 0 0 1
    outer loop
      vertex 9.5 13.8 8
      vertex 7.39974 8.10561 8
      vertex 7.47169 7.98394 8
    endloop
  endfacet
  facet normal 0 0 1
    outer loop
      vertex 9.5 13.8 8
      vertex 7.32029 8.22252 8
      vertex 7.39974 8.10561 8
    endloop
  endfacet
  facet normal 0 0 1
    outer loop
      vertex 9.5 13.8 8
      vertex 7.23365 8.3342 8
      vertex 7.32029 8.22252 8
    endloop
  endfacet
  facet normal 0 0 1
    outer loop
      vertex 9.5 13.8 8
      vertex 7.14018 8.44023 8
      vertex 7.23365 8.3342 8
    endloop
  endfacet
  facet normal 0 0 1
    outer loop
      vertex 9.5 13.8 8
      vertex 7.04023 8.54018 8
      vertex 7.14018 8.44023 8
    endloop
  endfacet
  facet normal 0 0 1
    outer loop
      vertex 9.5 13.8 8
      vertex 6.9342 8.63365 8
      vertex 7.04023 8.54018 8
    endloop
  endfacet
  facet normal 0 0 1
    outer loop
      vertex 9.5 13.8 8
      vertex 6.82252 8.72029 8
      vertex 6.9342 8.63365 8
    endloop
  endfacet
  facet normal 0 0 1
    outer loop
      vertex 9.5 13.8 8
      vertex 6.70561 8.79974 8
      vertex 6.82252 8.72029 8
    endloop
  endfacet
  facet normal 0 0 1
    outer loop
      vertex 9.5 13.8 8
      vertex 6.58395 8.87169 8
      vertex 6.70561 8.79974 8
    endloop
  endfacet
  facet normal 0 0 1
    outer loop
      vertex 9.5 13.8 8
      vertex 6.458 8.93586 8
      vertex 6.58395 8.87169 8
    endloop
  endfacet
  facet normal 0 0 1
    outer loop
      vertex 9.5 13.8 8
      vertex 6.32828 8.992 8
      vertex 6.458 8.93586 8
    endloop
  endfacet
  facet normal 0 0 1
    outer loop
      vertex 9.5 13.8 8
      vertex 6.19529 9.03988 8
      vertex 6.32828 8.992 8
    endloop
  endfacet
  facet normal 0 0 1
    outer loop
      vertex 9.5 13.8 8
      vertex 6.05955 9.07931 8
      vertex 6.19529 9.03988 8
    endloop
  endfacet
  facet normal 0 0 1
    outer loop
      vertex 9.5 13.8 8
      vertex 5.92161 9.11015 8
      vertex 6.05955 9.07931 8
    endloop
  endfacet
  facet normal 0 0 1
    outer loop
      vertex 9.5 13.8 8
      vertex 5.782 9.13226 8
      vertex 5.92161 9.11015 8
    endloop
  endfacet
  facet normal 0 0 1
    outer loop
      vertex 9.5 13.8 8
      vertex 5.64128 9.14556 8
      vertex 5.782 9.13226 8
    endloop
  endfacet
  facet normal 0 0 1
    outer loop
      vertex 9.5 13.8 8
      vertex 5.5 9.15 8
      vertex 5.64128 9.14556 8
    endloop
  endfacet
  facet normal -0 0 1
    outer loop
      vertex 1.5 13.8 8
      vertex 5.5 9.15 8
      vertex 9.5 13.8 8
    endloop
  endfacet
  facet normal 0 0 1
    outer loop
      vertex 5.5 9.15 8
      vertex 1.5 13.8 8
      vertex 5.35872 9.14556 8
    endloop
  endfacet
  facet normal 0 0 1
    outer loop
      vertex 5.35872 9.14556 8
      vertex 1.5 13.8 8
      vertex 5.218 9.13226 8
    endloop
  endfacet
  facet normal 0 0 1
    outer loop
      vertex 5.218 9.13226 8
      vertex 1.5 13.8 8
      vertex 5.07839 9.11015 8
    endloop
  endfacet
  facet normal 0 0 1
    outer loop
      vertex 5.07839 9.11015 8
      vertex 1.5 13.8 8
      vertex 4.94045 9.07931 8
    endloop
  endfacet
  facet normal 0 0 1
    outer loop
      vertex 4.94045 9.07931 8
      vertex 1.5 13.8 8
      vertex 4.80471 9.03988 8
    endloop
  endfacet
  facet normal 0 0 1
    outer loop
      vertex 4.80471 9.03988 8
      vertex 1.5 13.8 8
      vertex 4.67172 8.992 8
    endloop
  endfacet
  facet normal 0 0 1
    outer loop
      vertex 4.67172 8.992 8
      vertex 1.5 13.8 8
      vertex 4.542 8.93586 8
    endloop
  endfacet
  facet normal 0 0 1
    outer loop
      vertex 4.542 8.93586 8
      vertex 1.5 13.8 8
      vertex 4.41605 8.87169 8
    endloop
  endfacet
  facet normal 0 0 1
    outer loop
      vertex 4.41605 8.87169 8
      vertex 1.5 13.8 8
      vertex 4.29439 8.79974 8
    endloop
  endfacet
  facet normal 0 0 1
    outer loop
      vertex 4.29439 8.79974 8
      vertex 1.5 13.8 8
      vertex 4.17748 8.72029 8
    endloop
  endfacet
  facet normal 0 0 1
    outer loop
      vertex 4.17748 8.72029 8
      vertex 1.5 13.8 8
      vertex 4.0658 8.63365 8
    endloop
  endfacet
  facet normal 0 0 1
    outer loop
      vertex 3.25444 7.04128 8
      vertex 1.5 13.8 8
      vertex 3.25 6.9 8
    endloop
  endfacet
  facet normal 0 0 1
    outer loop
      vertex 3.26774 7.182 8
      vertex 1.5 13.8 8
      vertex 3.25444 7.04128 8
    endloop
  endfacet
  facet normal 0 0 1
    outer loop
      vertex 3.28985 7.32161 8
      vertex 1.5 13.8 8
      vertex 3.26774 7.182 8
    endloop
  endfacet
  facet normal 0 0 1
    outer loop
      vertex 3.32069 7.45955 8
      vertex 1.5 13.8 8
      vertex 3.28985 7.32161 8
    endloop
  endfacet
  facet normal 0 0 1
    outer loop
      vertex 3.36012 7.59529 8
      vertex 1.5 13.8 8
      vertex 3.32069 7.45955 8
    endloop
  endfacet
  facet normal 0 0 1
    outer loop
      vertex 3.408 7.72828 8
      vertex 1.5 13.8 8
      vertex 3.36012 7.59529 8
    endloop
  endfacet
  facet normal 0 0 1
    outer loop
      vertex 3.46414 7.858 8
      vertex 1.5 13.8 8
      vertex 3.408 7.72828 8
    endloop
  endfacet
  facet normal 0 0 1
    outer loop
      vertex 3.52831 7.98394 8
      vertex 1.5 13.8 8
      vertex 3.46414 7.858 8
    endloop
  endfacet
  facet normal 0 0 1
    outer loop
      vertex 3.60026 8.10561 8
      vertex 1.5 13.8 8
      vertex 3.52831 7.98394 8
    endloop
  endfacet
  facet normal 0 0 1
    outer loop
      vertex 3.67971 8.22252 8
      vertex 1.5 13.8 8
      vertex 3.60026 8.10561 8
    endloop
  endfacet
  facet normal 0 0 1
    outer loop
      vertex 3.76635 8.3342 8
      vertex 1.5 13.8 8
      vertex 3.67971 8.22252 8
    endloop
  endfacet
  facet normal 0 0 1
    outer loop
      vertex 3.85982 8.44023 8
      vertex 1.5 13.8 8
      vertex 3.76635 8.3342 8
    endloop
  endfacet
  facet normal 0 0 1
    outer loop
      vertex 3.95977 8.54018 8
      vertex 1.5 13.8 8
      vertex 3.85982 8.44023 8
    endloop
  endfacet
  facet normal 0 0 1
    outer loop
      vertex 4.0658 8.63365 8
      vertex 1.5 13.8 8
      vertex 3.95977 8.54018 8
    endloop
  endfacet
  facet normal -0 0 1
    outer loop
      vertex 7.74556 6.75872 8
      vertex 9.5 0 8
      vertex 7.75 6.9 8
    endloop
  endfacet
  facet normal -0 0 1
    outer loop
      vertex 7.73226 6.618 8
      vertex 9.5 0 8
      vertex 7.74556 6.75872 8
    endloop
  endfacet
  facet normal -0 0 1
    outer loop
      vertex 7.71015 6.47839 8
      vertex 9.5 0 8
      vertex 7.73226 6.618 8
    endloop
  endfacet
  facet normal -0 0 1
    outer loop
      vertex 7.67931 6.34045 8
      vertex 9.5 0 8
      vertex 7.71015 6.47839 8
    endloop
  endfacet
  facet normal -0 0 1
    outer loop
      vertex 7.63988 6.20471 8
      vertex 9.5 0 8
      vertex 7.67931 6.34045 8
    endloop
  endfacet
  facet normal -0 0 1
    outer loop
      vertex 7.592 6.07172 8
      vertex 9.5 0 8
      vertex 7.63988 6.20471 8
    endloop
  endfacet
  facet normal -0 0 1
    outer loop
      vertex 7.53586 5.942 8
      vertex 9.5 0 8
      vertex 7.592 6.07172 8
    endloop
  endfacet
  facet normal -0 0 1
    outer loop
      vertex 7.47169 5.81605 8
      vertex 9.5 0 8
      vertex 7.53586 5.942 8
    endloop
  endfacet
  facet normal -0 0 1
    outer loop
      vertex 7.39974 5.69439 8
      vertex 9.5 0 8
      vertex 7.47169 5.81605 8
    endloop
  endfacet
  facet normal -0 0 1
    outer loop
      vertex 7.32029 5.57748 8
      vertex 9.5 0 8
      vertex 7.39974 5.69439 8
    endloop
  endfacet
  facet normal -0 0 1
    outer loop
      vertex 7.23365 5.4658 8
      vertex 9.5 0 8
      vertex 7.32029 5.57748 8
    endloop
  endfacet
  facet normal -0 0 1
    outer loop
      vertex 7.14018 5.35977 8
      vertex 9.5 0 8
      vertex 7.23365 5.4658 8
    endloop
  endfacet
  facet normal -0 0 1
    outer loop
      vertex 7.04023 5.25982 8
      vertex 9.5 0 8
      vertex 7.14018 5.35977 8
    endloop
  endfacet
  facet normal -0 0 1
    outer loop
      vertex 6.9342 5.16634 8
      vertex 9.5 0 8
      vertex 7.04023 5.25982 8
    endloop
  endfacet
  facet normal -0 0 1
    outer loop
      vertex 6.82252 5.07971 8
      vertex 9.5 0 8
      vertex 6.9342 5.16634 8
    endloop
  endfacet
  facet normal -0 0 1
    outer loop
      vertex 6.70561 5.00026 8
      vertex 9.5 0 8
      vertex 6.82252 5.07971 8
    endloop
  endfacet
  facet normal -0 0 1
    outer loop
      vertex 6.58395 4.92831 8
      vertex 9.5 0 8
      vertex 6.70561 5.00026 8
    endloop
  endfacet
  facet normal -0 0 1
    outer loop
      vertex 6.458 4.86414 8
      vertex 9.5 0 8
      vertex 6.58395 4.92831 8
    endloop
  endfacet
  facet normal -0 0 1
    outer loop
      vertex 6.32828 4.808 8
      vertex 9.5 0 8
      vertex 6.458 4.86414 8
    endloop
  endfacet
  facet normal -0 0 1
    outer loop
      vertex 6.19529 4.76012 8
      vertex 9.5 0 8
      vertex 6.32828 4.808 8
    endloop
  endfacet
  facet normal -0 0 1
    outer loop
      vertex 6.05955 4.72069 8
      vertex 9.5 0 8
      vertex 6.19529 4.76012 8
    endloop
  endfacet
  facet normal -0 0 1
    outer loop
      vertex 5.92161 4.68985 8
      vertex 9.5 0 8
      vertex 6.05955 4.72069 8
    endloop
  endfacet
  facet normal -0 0 1
    outer loop
      vertex 5.782 4.66774 8
      vertex 9.5 0 8
      vertex 5.92161 4.68985 8
    endloop
  endfacet
  facet normal -0 0 1
    outer loop
      vertex 5.64128 4.65444 8
      vertex 9.5 0 8
      vertex 5.782 4.66774 8
    endloop
  endfacet
  facet normal -0 0 1
    outer loop
      vertex 5.5 4.65 8
      vertex 9.5 0 8
      vertex 5.64128 4.65444 8
    endloop
  endfacet
  facet normal 0 0 1
    outer loop
      vertex 1.5 0 8
      vertex 5.5 4.65 8
      vertex 5.35872 4.65444 8
    endloop
  endfacet
  facet normal 0 0 1
    outer loop
      vertex 1.5 0 8
      vertex 5.35872 4.65444 8
      vertex 5.218 4.66774 8
    endloop
  endfacet
  facet normal 0 0 1
    outer loop
      vertex 1.5 0 8
      vertex 5.218 4.66774 8
      vertex 5.07839 4.68985 8
    endloop
  endfacet
  facet normal 0 0 1
    outer loop
      vertex 1.5 0 8
      vertex 5.07839 4.68985 8
      vertex 4.94045 4.72069 8
    endloop
  endfacet
  facet normal 0 0 1
    outer loop
      vertex 1.5 0 8
      vertex 4.94045 4.72069 8
      vertex 4.80471 4.76012 8
    endloop
  endfacet
  facet normal 0 0 1
    outer loop
      vertex 1.5 0 8
      vertex 4.80471 4.76012 8
      vertex 4.67172 4.808 8
    endloop
  endfacet
  facet normal 0 0 1
    outer loop
      vertex 1.5 0 8
      vertex 4.67172 4.808 8
      vertex 4.542 4.86414 8
    endloop
  endfacet
  facet normal 0 0 1
    outer loop
      vertex 1.5 0 8
      vertex 4.542 4.86414 8
      vertex 4.41605 4.92831 8
    endloop
  endfacet
  facet normal 0 0 1
    outer loop
      vertex 1.5 0 8
      vertex 4.41605 4.92831 8
      vertex 4.29439 5.00026 8
    endloop
  endfacet
  facet normal 0 0 1
    outer loop
      vertex 1.5 0 8
      vertex 4.29439 5.00026 8
      vertex 4.17748 5.07971 8
    endloop
  endfacet
  facet normal 0 0 1
    outer loop
      vertex 1.5 0 8
      vertex 4.17748 5.07971 8
      vertex 4.0658 5.16634 8
    endloop
  endfacet
  facet normal 0 0 1
    outer loop
      vertex 1.5 0 8
      vertex 4.0658 5.16634 8
      vertex 3.95977 5.25982 8
    endloop
  endfacet
  facet normal 0 0 1
    outer loop
      vertex 1.5 0 8
      vertex 3.25 6.9 8
      vertex 1.5 13.8 8
    endloop
  endfacet
  facet normal 0 0 1
    outer loop
      vertex 3.25 6.9 8
      vertex 1.5 0 8
      vertex 3.25444 6.75872 8
    endloop
  endfacet
  facet normal 0 0 1
    outer loop
      vertex 3.25444 6.75872 8
      vertex 1.5 0 8
      vertex 3.26774 6.618 8
    endloop
  endfacet
  facet normal 0 0 1
    outer loop
      vertex 3.26774 6.618 8
      vertex 1.5 0 8
      vertex 3.28985 6.47839 8
    endloop
  endfacet
  facet normal 0 0 1
    outer loop
      vertex 5.5 4.65 8
      vertex 1.5 0 8
      vertex 9.5 0 8
    endloop
  endfacet
  facet normal 0 0 1
    outer loop
      vertex 3.85982 5.35977 8
      vertex 1.5 0 8
      vertex 3.95977 5.25982 8
    endloop
  endfacet
  facet normal 0 0 1
    outer loop
      vertex 3.76635 5.4658 8
      vertex 1.5 0 8
      vertex 3.85982 5.35977 8
    endloop
  endfacet
  facet normal 0 0 1
    outer loop
      vertex 3.67971 5.57748 8
      vertex 1.5 0 8
      vertex 3.76635 5.4658 8
    endloop
  endfacet
  facet normal 0 0 1
    outer loop
      vertex 3.60026 5.69439 8
      vertex 1.5 0 8
      vertex 3.67971 5.57748 8
    endloop
  endfacet
  facet normal 0 0 1
    outer loop
      vertex 3.52831 5.81605 8
      vertex 1.5 0 8
      vertex 3.60026 5.69439 8
    endloop
  endfacet
  facet normal 0 0 1
    outer loop
      vertex 3.46414 5.942 8
      vertex 1.5 0 8
      vertex 3.52831 5.81605 8
    endloop
  endfacet
  facet normal 0 0 1
    outer loop
      vertex 3.408 6.07172 8
      vertex 1.5 0 8
      vertex 3.46414 5.942 8
    endloop
  endfacet
  facet normal 0 0 1
    outer loop
      vertex 3.36012 6.20471 8
      vertex 1.5 0 8
      vertex 3.408 6.07172 8
    endloop
  endfacet
  facet normal 0 0 1
    outer loop
      vertex 3.32069 6.34045 8
      vertex 1.5 0 8
      vertex 3.36012 6.20471 8
    endloop
  endfacet
  facet normal 0 0 1
    outer loop
      vertex 3.28985 6.47839 8
      vertex 1.5 0 8
      vertex 3.32069 6.34045 8
    endloop
  endfacet
  facet normal 1 -0 0
    outer loop
      vertex 1.5 0 15.6
      vertex 1.5 1 10.1
      vertex 1.5 1 15.6
    endloop
  endfacet
  facet normal 1 0 0
    outer loop
      vertex 1.5 1 10.1
      vertex 1.5 0 15.6
      vertex 1.5 0 10.1
    endloop
  endfacet
  facet normal 1 0 0
    outer loop
      vertex 1.5 13.8 17.1
      vertex 1.5 12.8 16.6
      vertex 1.5 13.8 16.6
    endloop
  endfacet
  facet normal 1 0 0
    outer loop
      vertex 1.5 1 15.6
      vertex 1.5 12.8 15.6
      vertex 1.5 12.8 16.6
    endloop
  endfacet
  facet normal 1 0 0
    outer loop
      vertex 1.5 12.8 15.6
      vertex 1.5 1 15.6
      vertex 1.5 12.8 10.1
    endloop
  endfacet
  facet normal 1 0 0
    outer loop
      vertex 1.5 1 15.6
      vertex 1.5 12.8 16.6
      vertex 1.5 1 16.6
    endloop
  endfacet
  facet normal 1 0 0
    outer loop
      vertex 1.5 13.8 17.1
      vertex 1.5 1 16.6
      vertex 1.5 12.8 16.6
    endloop
  endfacet
  facet normal 1 -0 0
    outer loop
      vertex 1.5 0 17.1
      vertex 1.5 1 16.6
      vertex 1.5 13.8 17.1
    endloop
  endfacet
  facet normal 1 0 0
    outer loop
      vertex 1.5 1 16.6
      vertex 1.5 0 17.1
      vertex 1.5 0 16.6
    endloop
  endfacet
  facet normal 1 -0 0
    outer loop
      vertex 1.5 12.8 15.6
      vertex 1.5 13.8 10.1
      vertex 1.5 13.8 15.6
    endloop
  endfacet
  facet normal 1 0 0
    outer loop
      vertex 1.5 13.8 10.1
      vertex 1.5 12.8 15.6
      vertex 1.5 12.8 10.1
    endloop
  endfacet
  facet normal 1 -0 0
    outer loop
      vertex 1.5 12.8 9.1
      vertex 1.5 13.8 8
      vertex 1.5 13.8 9.1
    endloop
  endfacet
  facet normal 1 0 0
    outer loop
      vertex 1.5 1 10.1
      vertex 1.5 12.8 10.1
      vertex 1.5 1 15.6
    endloop
  endfacet
  facet normal 1 0 0
    outer loop
      vertex 1.5 12.8 10.1
      vertex 1.5 1 10.1
      vertex 1.5 12.8 9.1
    endloop
  endfacet
  facet normal 1 0 0
    outer loop
      vertex 1.5 1 9.1
      vertex 1.5 12.8 9.1
      vertex 1.5 1 10.1
    endloop
  endfacet
  facet normal 1 0 0
    outer loop
      vertex 1.5 12.8 9.1
      vertex 1.5 1 9.1
      vertex 1.5 13.8 8
    endloop
  endfacet
  facet normal 1 0 0
    outer loop
      vertex 1.5 0 8
      vertex 1.5 1 9.1
      vertex 1.5 0 9.1
    endloop
  endfacet
  facet normal 1 0 0
    outer loop
      vertex 1.5 1 9.1
      vertex 1.5 0 8
      vertex 1.5 13.8 8
    endloop
  endfacet
  facet normal -1 0 0
    outer loop
      vertex 9.5 0 10.1
      vertex 9.5 1 15.6
      vertex 9.5 1 10.1
    endloop
  endfacet
  facet normal -1 -0 0
    outer loop
      vertex 9.5 1 15.6
      vertex 9.5 0 10.1
      vertex 9.5 0 15.6
    endloop
  endfacet
  facet normal -1 0 0
    outer loop
      vertex 9.5 13.8 8
      vertex 9.5 12.8 9.1
      vertex 9.5 13.8 9.1
    endloop
  endfacet
  facet normal -1 0 0
    outer loop
      vertex 9.5 1 10.1
      vertex 9.5 12.8 10.1
      vertex 9.5 12.8 9.1
    endloop
  endfacet
  facet normal -1 0 0
    outer loop
      vertex 9.5 12.8 10.1
      vertex 9.5 1 10.1
      vertex 9.5 12.8 15.6
    endloop
  endfacet
  facet normal -1 0 0
    outer loop
      vertex 9.5 1 10.1
      vertex 9.5 12.8 9.1
      vertex 9.5 1 9.1
    endloop
  endfacet
  facet normal -1 0 0
    outer loop
      vertex 9.5 13.8 8
      vertex 9.5 1 9.1
      vertex 9.5 12.8 9.1
    endloop
  endfacet
  facet normal -1 0 0
    outer loop
      vertex 9.5 0 8
      vertex 9.5 1 9.1
      vertex 9.5 13.8 8
    endloop
  endfacet
  facet normal -1 -0 0
    outer loop
      vertex 9.5 1 9.1
      vertex 9.5 0 8
      vertex 9.5 0 9.1
    endloop
  endfacet
  facet normal -1 0 0
    outer loop
      vertex 9.5 12.8 10.1
      vertex 9.5 13.8 15.6
      vertex 9.5 13.8 10.1
    endloop
  endfacet
  facet normal -1 -0 0
    outer loop
      vertex 9.5 13.8 15.6
      vertex 9.5 12.8 10.1
      vertex 9.5 12.8 15.6
    endloop
  endfacet
  facet normal -1 0 0
    outer loop
      vertex 9.5 12.8 16.6
      vertex 9.5 13.8 17.1
      vertex 9.5 13.8 16.6
    endloop
  endfacet
  facet normal -1 0 0
    outer loop
      vertex 9.5 1 15.6
      vertex 9.5 12.8 15.6
      vertex 9.5 1 10.1
    endloop
  endfacet
  facet normal -1 0 0
    outer loop
      vertex 9.5 12.8 15.6
      vertex 9.5 1 15.6
      vertex 9.5 12.8 16.6
    endloop
  endfacet
  facet normal -1 0 0
    outer loop
      vertex 9.5 1 16.6
      vertex 9.5 12.8 16.6
      vertex 9.5 1 15.6
    endloop
  endfacet
  facet normal -1 0 0
    outer loop
      vertex 9.5 12.8 16.6
      vertex 9.5 1 16.6
      vertex 9.5 13.8 17.1
    endloop
  endfacet
  facet normal -1 0 0
    outer loop
      vertex 9.5 0 17.1
      vertex 9.5 1 16.6
      vertex 9.5 0 16.6
    endloop
  endfacet
  facet normal -1 0 0
    outer loop
      vertex 9.5 1 16.6
      vertex 9.5 0 17.1
      vertex 9.5 13.8 17.1
    endloop
  endfacet
  facet normal -0.661355 -0.750073 0
    outer loop
      vertex 6.45614 8.05577 0
      vertex 6.52682 7.99345 1.5
      vertex 6.45614 8.05577 1.5
    endloop
  endfacet
  facet normal -0.661355 -0.750073 -0
    outer loop
      vertex 6.52682 7.99345 1.5
      vertex 6.45614 8.05577 0
      vertex 6.52682 7.99345 0
    endloop
  endfacet
  facet normal 0.338708 -0.940891 0
    outer loop
      vertex 4.94781 8.29466 0
      vertex 5.03648 8.32658 1.5
      vertex 4.94781 8.29466 1.5
    endloop
  endfacet
  facet normal 0.338708 -0.940891 0
    outer loop
      vertex 5.03648 8.32658 1.5
      vertex 4.94781 8.29466 0
      vertex 5.03648 8.32658 0
    endloop
  endfacet
  facet normal 0.891005 -0.453993 0
    outer loop
      vertex 4.14276 7.53867 1.5
      vertex 4.18554 7.62263 0
      vertex 4.18554 7.62263 1.5
    endloop
  endfacet
  facet normal 0.891005 -0.453993 0
    outer loop
      vertex 4.18554 7.62263 0
      vertex 4.14276 7.53867 1.5
      vertex 4.14276 7.53867 0
    endloop
  endfacet
  facet normal -0.99556 0.094133 0
    outer loop
      vertex 6.98817 6.712 0
      vertex 6.99704 6.80581 1.5
      vertex 6.99704 6.80581 0
    endloop
  endfacet
  facet normal -0.99556 0.094133 0
    outer loop
      vertex 6.99704 6.80581 1.5
      vertex 6.98817 6.712 0
      vertex 6.98817 6.712 1.5
    endloop
  endfacet
  facet normal 0.940879 0.338742 0
    outer loop
      vertex 4.10534 6.34781 1.5
      vertex 4.07342 6.43647 0
      vertex 4.07342 6.43647 1.5
    endloop
  endfacet
  facet normal 0.940879 0.338742 0
    outer loop
      vertex 4.07342 6.43647 0
      vertex 4.10534 6.34781 1.5
      vertex 4.10534 6.34781 0
    endloop
  endfacet
  facet normal 0.453993 0.891005 -0
    outer loop
      vertex 4.86133 5.54276 0
      vertex 4.77737 5.58554 1.5
      vertex 4.86133 5.54276 1.5
    endloop
  endfacet
  facet normal 0.453993 0.891005 0
    outer loop
      vertex 4.77737 5.58554 1.5
      vertex 4.86133 5.54276 0
      vertex 4.77737 5.58554 0
    endloop
  endfacet
  facet normal -0.891005 -0.453993 0
    outer loop
      vertex 6.85724 7.53867 0
      vertex 6.81446 7.62263 1.5
      vertex 6.81446 7.62263 0
    endloop
  endfacet
  facet normal -0.891005 -0.453993 0
    outer loop
      vertex 6.81446 7.62263 1.5
      vertex 6.85724 7.53867 0
      vertex 6.85724 7.53867 1.5
    endloop
  endfacet
  facet normal 0.707107 -0.707107 0
    outer loop
      vertex 4.40655 7.92682 1.5
      vertex 4.47318 7.99345 0
      vertex 4.47318 7.99345 1.5
    endloop
  endfacet
  facet normal 0.707107 -0.707107 0
    outer loop
      vertex 4.47318 7.99345 0
      vertex 4.40655 7.92682 1.5
      vertex 4.40655 7.92682 0
    endloop
  endfacet
  facet normal 0.156426 -0.98769 0
    outer loop
      vertex 5.21893 8.37343 0
      vertex 5.312 8.38817 1.5
      vertex 5.21893 8.37343 1.5
    endloop
  endfacet
  facet normal 0.156426 -0.98769 0
    outer loop
      vertex 5.312 8.38817 1.5
      vertex 5.21893 8.37343 0
      vertex 5.312 8.38817 0
    endloop
  endfacet
  facet normal -0.940845 0.338836 0
    outer loop
      vertex 6.89466 6.34781 0
      vertex 6.92659 6.43647 1.5
      vertex 6.92659 6.43647 0
    endloop
  endfacet
  facet normal -0.940845 0.338836 0
    outer loop
      vertex 6.92659 6.43647 1.5
      vertex 6.89466 6.34781 0
      vertex 6.89466 6.34781 1.5
    endloop
  endfacet
  facet normal 0.707107 0.707107 0
    outer loop
      vertex 4.47318 5.80655 1.5
      vertex 4.40655 5.87318 0
      vertex 4.40655 5.87318 1.5
    endloop
  endfacet
  facet normal 0.707107 0.707107 0
    outer loop
      vertex 4.40655 5.87318 0
      vertex 4.47318 5.80655 1.5
      vertex 4.47318 5.80655 0
    endloop
  endfacet
  facet normal 0.98769 0.156426 0
    outer loop
      vertex 4.02657 6.61893 1.5
      vertex 4.01183 6.712 0
      vertex 4.01183 6.712 1.5
    endloop
  endfacet
  facet normal 0.98769 0.156426 0
    outer loop
      vertex 4.01183 6.712 0
      vertex 4.02657 6.61893 1.5
      vertex 4.02657 6.61893 0
    endloop
  endfacet
  facet normal -0.975929 -0.218088 0
    outer loop
      vertex 6.97343 7.18107 0
      vertex 6.95288 7.27303 1.5
      vertex 6.95288 7.27303 0
    endloop
  endfacet
  facet normal -0.975929 -0.218088 0
    outer loop
      vertex 6.95288 7.27303 1.5
      vertex 6.97343 7.18107 0
      vertex 6.97343 7.18107 1.5
    endloop
  endfacet
  facet normal -0.960301 -0.278965 0
    outer loop
      vertex 6.95288 7.27303 0
      vertex 6.92659 7.36353 1.5
      vertex 6.92659 7.36353 0
    endloop
  endfacet
  facet normal -0.960301 -0.278965 0
    outer loop
      vertex 6.92659 7.36353 1.5
      vertex 6.95288 7.27303 0
      vertex 6.95288 7.27303 1.5
    endloop
  endfacet
  facet normal -0.79014 -0.612926 0
    outer loop
      vertex 6.71353 7.78168 0
      vertex 6.65577 7.85614 1.5
      vertex 6.65577 7.85614 0
    endloop
  endfacet
  facet normal -0.79014 -0.612926 0
    outer loop
      vertex 6.65577 7.85614 1.5
      vertex 6.71353 7.78168 0
      vertex 6.71353 7.78168 1.5
    endloop
  endfacet
  facet normal -0.82712 -0.562026 0
    outer loop
      vertex 6.76649 7.70374 0
      vertex 6.71353 7.78168 1.5
      vertex 6.71353 7.78168 0
    endloop
  endfacet
  facet normal -0.82712 -0.562026 0
    outer loop
      vertex 6.71353 7.78168 1.5
      vertex 6.76649 7.70374 0
      vertex 6.76649 7.70374 1.5
    endloop
  endfacet
  facet normal -0.509055 -0.860734 0
    outer loop
      vertex 6.22263 8.21446 0
      vertex 6.30374 8.16649 1.5
      vertex 6.22263 8.21446 1.5
    endloop
  endfacet
  facet normal -0.509055 -0.860734 -0
    outer loop
      vertex 6.30374 8.16649 1.5
      vertex 6.22263 8.21446 0
      vertex 6.30374 8.16649 0
    endloop
  endfacet
  facet normal -0.0314103 -0.999507 0
    outer loop
      vertex 5.5 8.4 0
      vertex 5.59419 8.39704 1.5
      vertex 5.5 8.4 1.5
    endloop
  endfacet
  facet normal -0.0314103 -0.999507 -0
    outer loop
      vertex 5.59419 8.39704 1.5
      vertex 5.5 8.4 0
      vertex 5.59419 8.39704 0
    endloop
  endfacet
  facet normal 0.999507 -0.0314103 0
    outer loop
      vertex 4 6.9 1.5
      vertex 4.00296 6.99419 0
      vertex 4.00296 6.99419 1.5
    endloop
  endfacet
  facet normal 0.999507 -0.0314103 0
    outer loop
      vertex 4.00296 6.99419 0
      vertex 4 6.9 1.5
      vertex 4 6.9 0
    endloop
  endfacet
  facet normal 0.975907 -0.218189 0
    outer loop
      vertex 4.02657 7.18107 1.5
      vertex 4.04713 7.27303 0
      vertex 4.04713 7.27303 1.5
    endloop
  endfacet
  facet normal 0.975907 -0.218189 0
    outer loop
      vertex 4.04713 7.27303 0
      vertex 4.02657 7.18107 1.5
      vertex 4.02657 7.18107 0
    endloop
  endfacet
  facet normal 0.790191 -0.61286 0
    outer loop
      vertex 4.28648 7.78168 1.5
      vertex 4.34423 7.85614 0
      vertex 4.34423 7.85614 1.5
    endloop
  endfacet
  facet normal 0.790191 -0.61286 0
    outer loop
      vertex 4.34423 7.85614 0
      vertex 4.28648 7.78168 1.5
      vertex 4.28648 7.78168 0
    endloop
  endfacet
  facet normal 0.218189 -0.975907 0
    outer loop
      vertex 5.12697 8.35287 0
      vertex 5.21893 8.37343 1.5
      vertex 5.12697 8.35287 1.5
    endloop
  endfacet
  facet normal 0.218189 -0.975907 0
    outer loop
      vertex 5.21893 8.37343 1.5
      vertex 5.12697 8.35287 0
      vertex 5.21893 8.37343 0
    endloop
  endfacet
  facet normal 0.0314137 -0.999506 0
    outer loop
      vertex 5.40582 8.39704 0
      vertex 5.5 8.4 1.5
      vertex 5.40582 8.39704 1.5
    endloop
  endfacet
  facet normal 0.0314137 -0.999506 0
    outer loop
      vertex 5.5 8.4 1.5
      vertex 5.40582 8.39704 0
      vertex 5.5 8.4 0
    endloop
  endfacet
  facet normal 0.509055 -0.860734 0
    outer loop
      vertex 4.69626 8.16649 0
      vertex 4.77737 8.21446 1.5
      vertex 4.69626 8.16649 1.5
    endloop
  endfacet
  facet normal 0.509055 -0.860734 0
    outer loop
      vertex 4.77737 8.21446 1.5
      vertex 4.69626 8.16649 0
      vertex 4.77737 8.21446 0
    endloop
  endfacet
  facet normal 0.562026 -0.82712 0
    outer loop
      vertex 4.61832 8.11353 0
      vertex 4.69626 8.16649 1.5
      vertex 4.61832 8.11353 1.5
    endloop
  endfacet
  facet normal 0.562026 -0.82712 0
    outer loop
      vertex 4.69626 8.16649 1.5
      vertex 4.61832 8.11353 0
      vertex 4.69626 8.16649 0
    endloop
  endfacet
  facet normal 0.453993 -0.891005 0
    outer loop
      vertex 4.77737 8.21446 0
      vertex 4.86133 8.25724 1.5
      vertex 4.77737 8.21446 1.5
    endloop
  endfacet
  facet normal 0.453993 -0.891005 0
    outer loop
      vertex 4.86133 8.25724 1.5
      vertex 4.77737 8.21446 0
      vertex 4.86133 8.25724 0
    endloop
  endfacet
  facet normal -0.999507 0.0314103 0
    outer loop
      vertex 6.99704 6.80581 0
      vertex 7 6.9 1.5
      vertex 7 6.9 0
    endloop
  endfacet
  facet normal -0.999507 0.0314103 0
    outer loop
      vertex 7 6.9 1.5
      vertex 6.99704 6.80581 0
      vertex 6.99704 6.80581 1.5
    endloop
  endfacet
  facet normal -0.975929 0.218088 0
    outer loop
      vertex 6.95288 6.52697 0
      vertex 6.97343 6.61893 1.5
      vertex 6.97343 6.61893 0
    endloop
  endfacet
  facet normal -0.975929 0.218088 0
    outer loop
      vertex 6.97343 6.61893 1.5
      vertex 6.95288 6.52697 0
      vertex 6.95288 6.52697 1.5
    endloop
  endfacet
  facet normal -0.750073 0.661355 0
    outer loop
      vertex 6.59345 5.87318 0
      vertex 6.65577 5.94386 1.5
      vertex 6.65577 5.94386 0
    endloop
  endfacet
  facet normal -0.750073 0.661355 0
    outer loop
      vertex 6.65577 5.94386 1.5
      vertex 6.59345 5.87318 0
      vertex 6.59345 5.87318 1.5
    endloop
  endfacet
  facet normal -0.156426 0.98769 0
    outer loop
      vertex 5.78107 5.42657 0
      vertex 5.688 5.41183 1.5
      vertex 5.78107 5.42657 1.5
    endloop
  endfacet
  facet normal -0.156426 0.98769 0
    outer loop
      vertex 5.688 5.41183 1.5
      vertex 5.78107 5.42657 0
      vertex 5.688 5.41183 0
    endloop
  endfacet
  facet normal -0.218065 0.975934 0
    outer loop
      vertex 5.87304 5.44712 0
      vertex 5.78107 5.42657 1.5
      vertex 5.87304 5.44712 1.5
    endloop
  endfacet
  facet normal -0.218065 0.975934 0
    outer loop
      vertex 5.78107 5.42657 1.5
      vertex 5.87304 5.44712 0
      vertex 5.78107 5.42657 0
    endloop
  endfacet
  facet normal -0.612926 0.79014 0
    outer loop
      vertex 6.45614 5.74423 0
      vertex 6.38168 5.68647 1.5
      vertex 6.45614 5.74423 1.5
    endloop
  endfacet
  facet normal -0.612926 0.79014 0
    outer loop
      vertex 6.38168 5.68647 1.5
      vertex 6.45614 5.74423 0
      vertex 6.38168 5.68647 0
    endloop
  endfacet
  facet normal 0.094123 0.995561 -0
    outer loop
      vertex 5.40582 5.40296 0
      vertex 5.312 5.41183 1.5
      vertex 5.40582 5.40296 1.5
    endloop
  endfacet
  facet normal 0.094123 0.995561 0
    outer loop
      vertex 5.312 5.41183 1.5
      vertex 5.40582 5.40296 0
      vertex 5.312 5.41183 0
    endloop
  endfacet
  facet normal 0.278993 0.960293 -0
    outer loop
      vertex 5.12697 5.44712 0
      vertex 5.03648 5.47341 1.5
      vertex 5.12697 5.44712 1.5
    endloop
  endfacet
  facet normal 0.278993 0.960293 0
    outer loop
      vertex 5.03648 5.47341 1.5
      vertex 5.12697 5.44712 0
      vertex 5.03648 5.47341 0
    endloop
  endfacet
  facet normal 0.612926 0.79014 -0
    outer loop
      vertex 4.61832 5.68647 0
      vertex 4.54386 5.74423 1.5
      vertex 4.61832 5.68647 1.5
    endloop
  endfacet
  facet normal 0.612926 0.79014 0
    outer loop
      vertex 4.54386 5.74423 1.5
      vertex 4.61832 5.68647 0
      vertex 4.54386 5.74423 0
    endloop
  endfacet
  facet normal 0.999507 0.0314103 0
    outer loop
      vertex 4.00296 6.80581 1.5
      vertex 4 6.9 0
      vertex 4 6.9 1.5
    endloop
  endfacet
  facet normal 0.999507 0.0314103 0
    outer loop
      vertex 4 6.9 0
      vertex 4.00296 6.80581 1.5
      vertex 4.00296 6.80581 0
    endloop
  endfacet
  facet normal 0.860734 0.509055 0
    outer loop
      vertex 4.23351 6.09626 1.5
      vertex 4.18554 6.17737 0
      vertex 4.18554 6.17737 1.5
    endloop
  endfacet
  facet normal 0.860734 0.509055 0
    outer loop
      vertex 4.18554 6.17737 0
      vertex 4.23351 6.09626 1.5
      vertex 4.23351 6.09626 0
    endloop
  endfacet
  facet normal 0.827071 0.562098 0
    outer loop
      vertex 4.28648 6.01832 1.5
      vertex 4.23351 6.09626 0
      vertex 4.23351 6.09626 1.5
    endloop
  endfacet
  facet normal 0.827071 0.562098 0
    outer loop
      vertex 4.23351 6.09626 0
      vertex 4.28648 6.01832 1.5
      vertex 4.28648 6.01832 0
    endloop
  endfacet
  facet normal 0.891005 0.453993 0
    outer loop
      vertex 4.18554 6.17737 1.5
      vertex 4.14276 6.26133 0
      vertex 4.14276 6.26133 1.5
    endloop
  endfacet
  facet normal 0.891005 0.453993 0
    outer loop
      vertex 4.14276 6.26133 0
      vertex 4.18554 6.17737 1.5
      vertex 4.18554 6.17737 0
    endloop
  endfacet
  facet normal -0.99556 -0.094133 0
    outer loop
      vertex 6.99704 6.99419 0
      vertex 6.98817 7.088 1.5
      vertex 6.98817 7.088 0
    endloop
  endfacet
  facet normal -0.99556 -0.094133 0
    outer loop
      vertex 6.98817 7.088 1.5
      vertex 6.99704 6.99419 0
      vertex 6.99704 6.99419 1.5
    endloop
  endfacet
  facet normal -0.98769 -0.156426 0
    outer loop
      vertex 6.98817 7.088 0
      vertex 6.97343 7.18107 1.5
      vertex 6.97343 7.18107 0
    endloop
  endfacet
  facet normal -0.98769 -0.156426 0
    outer loop
      vertex 6.97343 7.18107 1.5
      vertex 6.98817 7.088 0
      vertex 6.98817 7.088 1.5
    endloop
  endfacet
  facet normal -0.917767 -0.397119 0
    outer loop
      vertex 6.89466 7.45219 0
      vertex 6.85724 7.53867 1.5
      vertex 6.85724 7.53867 0
    endloop
  endfacet
  facet normal -0.917767 -0.397119 0
    outer loop
      vertex 6.85724 7.53867 1.5
      vertex 6.89466 7.45219 0
      vertex 6.89466 7.45219 1.5
    endloop
  endfacet
  facet normal -0.940845 -0.338836 0
    outer loop
      vertex 6.92659 7.36353 0
      vertex 6.89466 7.45219 1.5
      vertex 6.89466 7.45219 0
    endloop
  endfacet
  facet normal -0.940845 -0.338836 0
    outer loop
      vertex 6.89466 7.45219 1.5
      vertex 6.92659 7.36353 0
      vertex 6.92659 7.36353 1.5
    endloop
  endfacet
  facet normal -0.860734 -0.509055 0
    outer loop
      vertex 6.81446 7.62263 0
      vertex 6.76649 7.70374 1.5
      vertex 6.76649 7.70374 0
    endloop
  endfacet
  facet normal -0.860734 -0.509055 0
    outer loop
      vertex 6.76649 7.70374 1.5
      vertex 6.81446 7.62263 0
      vertex 6.81446 7.62263 1.5
    endloop
  endfacet
  facet normal -0.750073 -0.661355 0
    outer loop
      vertex 6.65577 7.85614 0
      vertex 6.59345 7.92682 1.5
      vertex 6.59345 7.92682 0
    endloop
  endfacet
  facet normal -0.750073 -0.661355 0
    outer loop
      vertex 6.59345 7.92682 1.5
      vertex 6.65577 7.85614 0
      vertex 6.65577 7.85614 1.5
    endloop
  endfacet
  facet normal -0.562026 -0.82712 0
    outer loop
      vertex 6.30374 8.16649 0
      vertex 6.38168 8.11353 1.5
      vertex 6.30374 8.16649 1.5
    endloop
  endfacet
  facet normal -0.562026 -0.82712 -0
    outer loop
      vertex 6.38168 8.11353 1.5
      vertex 6.30374 8.16649 0
      vertex 6.38168 8.11353 0
    endloop
  endfacet
  facet normal -0.453993 -0.891005 0
    outer loop
      vertex 6.13867 8.25724 0
      vertex 6.22263 8.21446 1.5
      vertex 6.13867 8.25724 1.5
    endloop
  endfacet
  facet normal -0.453993 -0.891005 -0
    outer loop
      vertex 6.22263 8.21446 1.5
      vertex 6.13867 8.25724 0
      vertex 6.22263 8.21446 0
    endloop
  endfacet
  facet normal -0.338742 -0.940879 0
    outer loop
      vertex 5.96353 8.32658 0
      vertex 6.05219 8.29466 1.5
      vertex 5.96353 8.32658 1.5
    endloop
  endfacet
  facet normal -0.338742 -0.940879 -0
    outer loop
      vertex 6.05219 8.29466 1.5
      vertex 5.96353 8.32658 0
      vertex 6.05219 8.29466 0
    endloop
  endfacet
  facet normal -0.156426 -0.98769 0
    outer loop
      vertex 5.688 8.38817 0
      vertex 5.78107 8.37343 1.5
      vertex 5.688 8.38817 1.5
    endloop
  endfacet
  facet normal -0.156426 -0.98769 -0
    outer loop
      vertex 5.78107 8.37343 1.5
      vertex 5.688 8.38817 0
      vertex 5.78107 8.37343 0
    endloop
  endfacet
  facet normal -0.218166 -0.975912 0
    outer loop
      vertex 5.78107 8.37343 0
      vertex 5.87304 8.35287 1.5
      vertex 5.78107 8.37343 1.5
    endloop
  endfacet
  facet normal -0.218166 -0.975912 -0
    outer loop
      vertex 5.87304 8.35287 1.5
      vertex 5.78107 8.37343 0
      vertex 5.87304 8.35287 0
    endloop
  endfacet
  facet normal 0.940879 -0.338742 0
    outer loop
      vertex 4.07342 7.36353 1.5
      vertex 4.10534 7.45219 0
      vertex 4.10534 7.45219 1.5
    endloop
  endfacet
  facet normal 0.940879 -0.338742 0
    outer loop
      vertex 4.10534 7.45219 0
      vertex 4.07342 7.36353 1.5
      vertex 4.07342 7.36353 0
    endloop
  endfacet
  facet normal 0.917767 -0.397119 0
    outer loop
      vertex 4.10534 7.45219 1.5
      vertex 4.14276 7.53867 0
      vertex 4.14276 7.53867 1.5
    endloop
  endfacet
  facet normal 0.917767 -0.397119 0
    outer loop
      vertex 4.14276 7.53867 0
      vertex 4.10534 7.45219 1.5
      vertex 4.10534 7.45219 0
    endloop
  endfacet
  facet normal 0.98769 -0.156426 0
    outer loop
      vertex 4.01183 7.088 1.5
      vertex 4.02657 7.18107 0
      vertex 4.02657 7.18107 1.5
    endloop
  endfacet
  facet normal 0.98769 -0.156426 0
    outer loop
      vertex 4.02657 7.18107 0
      vertex 4.01183 7.088 1.5
      vertex 4.01183 7.088 0
    endloop
  endfacet
  facet normal 0.99556 -0.094133 0
    outer loop
      vertex 4.00296 6.99419 1.5
      vertex 4.01183 7.088 0
      vertex 4.01183 7.088 1.5
    endloop
  endfacet
  facet normal 0.99556 -0.094133 0
    outer loop
      vertex 4.01183 7.088 0
      vertex 4.00296 6.99419 1.5
      vertex 4.00296 6.99419 0
    endloop
  endfacet
  facet normal 0.960301 -0.278965 0
    outer loop
      vertex 4.04713 7.27303 1.5
      vertex 4.07342 7.36353 0
      vertex 4.07342 7.36353 1.5
    endloop
  endfacet
  facet normal 0.960301 -0.278965 0
    outer loop
      vertex 4.07342 7.36353 0
      vertex 4.04713 7.27303 1.5
      vertex 4.04713 7.27303 0
    endloop
  endfacet
  facet normal 0.827071 -0.562098 0
    outer loop
      vertex 4.23351 7.70374 1.5
      vertex 4.28648 7.78168 0
      vertex 4.28648 7.78168 1.5
    endloop
  endfacet
  facet normal 0.827071 -0.562098 0
    outer loop
      vertex 4.28648 7.78168 0
      vertex 4.23351 7.70374 1.5
      vertex 4.23351 7.70374 0
    endloop
  endfacet
  facet normal 0.860734 -0.509055 0
    outer loop
      vertex 4.18554 7.62263 1.5
      vertex 4.23351 7.70374 0
      vertex 4.23351 7.70374 1.5
    endloop
  endfacet
  facet normal 0.860734 -0.509055 0
    outer loop
      vertex 4.23351 7.70374 0
      vertex 4.18554 7.62263 1.5
      vertex 4.18554 7.62263 0
    endloop
  endfacet
  facet normal 0.750073 -0.661355 0
    outer loop
      vertex 4.34423 7.85614 1.5
      vertex 4.40655 7.92682 0
      vertex 4.40655 7.92682 1.5
    endloop
  endfacet
  facet normal 0.750073 -0.661355 0
    outer loop
      vertex 4.40655 7.92682 0
      vertex 4.34423 7.85614 1.5
      vertex 4.34423 7.85614 0
    endloop
  endfacet
  facet normal 0.278993 -0.960293 0
    outer loop
      vertex 5.03648 8.32658 0
      vertex 5.12697 8.35287 1.5
      vertex 5.03648 8.32658 1.5
    endloop
  endfacet
  facet normal 0.278993 -0.960293 0
    outer loop
      vertex 5.12697 8.35287 1.5
      vertex 5.03648 8.32658 0
      vertex 5.12697 8.35287 0
    endloop
  endfacet
  facet normal 0.094123 -0.995561 0
    outer loop
      vertex 5.312 8.38817 0
      vertex 5.40582 8.39704 1.5
      vertex 5.312 8.38817 1.5
    endloop
  endfacet
  facet normal 0.094123 -0.995561 0
    outer loop
      vertex 5.40582 8.39704 1.5
      vertex 5.312 8.38817 0
      vertex 5.40582 8.39704 0
    endloop
  endfacet
  facet normal 0.397119 -0.917767 0
    outer loop
      vertex 4.86133 8.25724 0
      vertex 4.94781 8.29466 1.5
      vertex 4.86133 8.25724 1.5
    endloop
  endfacet
  facet normal 0.397119 -0.917767 0
    outer loop
      vertex 4.94781 8.29466 1.5
      vertex 4.86133 8.25724 0
      vertex 4.94781 8.29466 0
    endloop
  endfacet
  facet normal 0.612926 -0.79014 0
    outer loop
      vertex 4.54386 8.05577 0
      vertex 4.61832 8.11353 1.5
      vertex 4.54386 8.05577 1.5
    endloop
  endfacet
  facet normal 0.612926 -0.79014 0
    outer loop
      vertex 4.61832 8.11353 1.5
      vertex 4.54386 8.05577 0
      vertex 4.61832 8.11353 0
    endloop
  endfacet
  facet normal 0.661355 -0.750073 0
    outer loop
      vertex 4.47318 7.99345 0
      vertex 4.54386 8.05577 1.5
      vertex 4.47318 7.99345 1.5
    endloop
  endfacet
  facet normal 0.661355 -0.750073 0
    outer loop
      vertex 4.54386 8.05577 1.5
      vertex 4.47318 7.99345 0
      vertex 4.54386 8.05577 0
    endloop
  endfacet
  facet normal -0.999507 -0.0314103 0
    outer loop
      vertex 7 6.9 0
      vertex 6.99704 6.99419 1.5
      vertex 6.99704 6.99419 0
    endloop
  endfacet
  facet normal -0.999507 -0.0314103 0
    outer loop
      vertex 6.99704 6.99419 1.5
      vertex 7 6.9 0
      vertex 7 6.9 1.5
    endloop
  endfacet
  facet normal -0.0314103 0.999507 0
    outer loop
      vertex 5.59419 5.40296 0
      vertex 5.5 5.4 1.5
      vertex 5.59419 5.40296 1.5
    endloop
  endfacet
  facet normal -0.0314103 0.999507 0
    outer loop
      vertex 5.5 5.4 1.5
      vertex 5.59419 5.40296 0
      vertex 5.5 5.4 0
    endloop
  endfacet
  facet normal -0.98769 0.156426 0
    outer loop
      vertex 6.97343 6.61893 0
      vertex 6.98817 6.712 1.5
      vertex 6.98817 6.712 0
    endloop
  endfacet
  facet normal -0.98769 0.156426 0
    outer loop
      vertex 6.98817 6.712 1.5
      vertex 6.97343 6.61893 0
      vertex 6.97343 6.61893 1.5
    endloop
  endfacet
  facet normal -0.82712 0.562026 0
    outer loop
      vertex 6.71353 6.01832 0
      vertex 6.76649 6.09626 1.5
      vertex 6.76649 6.09626 0
    endloop
  endfacet
  facet normal -0.82712 0.562026 0
    outer loop
      vertex 6.76649 6.09626 1.5
      vertex 6.71353 6.01832 0
      vertex 6.71353 6.01832 1.5
    endloop
  endfacet
  facet normal -0.094133 0.99556 0
    outer loop
      vertex 5.688 5.41183 0
      vertex 5.59419 5.40296 1.5
      vertex 5.688 5.41183 1.5
    endloop
  endfacet
  facet normal -0.094133 0.99556 0
    outer loop
      vertex 5.59419 5.40296 1.5
      vertex 5.688 5.41183 0
      vertex 5.59419 5.40296 0
    endloop
  endfacet
  facet normal -0.278993 0.960293 0
    outer loop
      vertex 5.96353 5.47341 0
      vertex 5.87304 5.44712 1.5
      vertex 5.96353 5.47341 1.5
    endloop
  endfacet
  facet normal -0.278993 0.960293 0
    outer loop
      vertex 5.87304 5.44712 1.5
      vertex 5.96353 5.47341 0
      vertex 5.87304 5.44712 0
    endloop
  endfacet
  facet normal -0.661355 0.750073 0
    outer loop
      vertex 6.52682 5.80655 0
      vertex 6.45614 5.74423 1.5
      vertex 6.52682 5.80655 1.5
    endloop
  endfacet
  facet normal -0.661355 0.750073 0
    outer loop
      vertex 6.45614 5.74423 1.5
      vertex 6.52682 5.80655 0
      vertex 6.45614 5.74423 0
    endloop
  endfacet
  facet normal -0.509055 0.860734 0
    outer loop
      vertex 6.30374 5.63351 0
      vertex 6.22263 5.58554 1.5
      vertex 6.30374 5.63351 1.5
    endloop
  endfacet
  facet normal -0.509055 0.860734 0
    outer loop
      vertex 6.22263 5.58554 1.5
      vertex 6.30374 5.63351 0
      vertex 6.22263 5.58554 0
    endloop
  endfacet
  facet normal -0.397208 0.917728 0
    outer loop
      vertex 6.13867 5.54276 0
      vertex 6.05219 5.50533 1.5
      vertex 6.13867 5.54276 1.5
    endloop
  endfacet
  facet normal -0.397208 0.917728 0
    outer loop
      vertex 6.05219 5.50533 1.5
      vertex 6.13867 5.54276 0
      vertex 6.05219 5.50533 0
    endloop
  endfacet
  facet normal 0.0314137 0.999506 -0
    outer loop
      vertex 5.5 5.4 0
      vertex 5.40582 5.40296 1.5
      vertex 5.5 5.4 1.5
    endloop
  endfacet
  facet normal 0.0314137 0.999506 0
    outer loop
      vertex 5.40582 5.40296 1.5
      vertex 5.5 5.4 0
      vertex 5.40582 5.40296 0
    endloop
  endfacet
  facet normal 0.338708 0.940891 -0
    outer loop
      vertex 5.03648 5.47341 0
      vertex 4.94781 5.50533 1.5
      vertex 5.03648 5.47341 1.5
    endloop
  endfacet
  facet normal 0.338708 0.940891 0
    outer loop
      vertex 4.94781 5.50533 1.5
      vertex 5.03648 5.47341 0
      vertex 4.94781 5.50533 0
    endloop
  endfacet
  facet normal 0.397208 0.917728 -0
    outer loop
      vertex 4.94781 5.50533 0
      vertex 4.86133 5.54276 1.5
      vertex 4.94781 5.50533 1.5
    endloop
  endfacet
  facet normal 0.397208 0.917728 0
    outer loop
      vertex 4.86133 5.54276 1.5
      vertex 4.94781 5.50533 0
      vertex 4.86133 5.54276 0
    endloop
  endfacet
  facet normal 0.218088 0.975929 -0
    outer loop
      vertex 5.21893 5.42657 0
      vertex 5.12697 5.44712 1.5
      vertex 5.21893 5.42657 1.5
    endloop
  endfacet
  facet normal 0.218088 0.975929 0
    outer loop
      vertex 5.12697 5.44712 1.5
      vertex 5.21893 5.42657 0
      vertex 5.12697 5.44712 0
    endloop
  endfacet
  facet normal 0.156426 0.98769 -0
    outer loop
      vertex 5.312 5.41183 0
      vertex 5.21893 5.42657 1.5
      vertex 5.312 5.41183 1.5
    endloop
  endfacet
  facet normal 0.156426 0.98769 0
    outer loop
      vertex 5.21893 5.42657 1.5
      vertex 5.312 5.41183 0
      vertex 5.21893 5.42657 0
    endloop
  endfacet
  facet normal 0.562026 0.82712 -0
    outer loop
      vertex 4.69626 5.63351 0
      vertex 4.61832 5.68647 1.5
      vertex 4.69626 5.63351 1.5
    endloop
  endfacet
  facet normal 0.562026 0.82712 0
    outer loop
      vertex 4.61832 5.68647 1.5
      vertex 4.69626 5.63351 0
      vertex 4.61832 5.68647 0
    endloop
  endfacet
  facet normal 0.509055 0.860734 -0
    outer loop
      vertex 4.77737 5.58554 0
      vertex 4.69626 5.63351 1.5
      vertex 4.77737 5.58554 1.5
    endloop
  endfacet
  facet normal 0.509055 0.860734 0
    outer loop
      vertex 4.69626 5.63351 1.5
      vertex 4.77737 5.58554 0
      vertex 4.69626 5.63351 0
    endloop
  endfacet
  facet normal 0.661355 0.750073 -0
    outer loop
      vertex 4.54386 5.74423 0
      vertex 4.47318 5.80655 1.5
      vertex 4.54386 5.74423 1.5
    endloop
  endfacet
  facet normal 0.661355 0.750073 0
    outer loop
      vertex 4.47318 5.80655 1.5
      vertex 4.54386 5.74423 0
      vertex 4.47318 5.80655 0
    endloop
  endfacet
  facet normal 0.975907 0.218189 0
    outer loop
      vertex 4.04713 6.52697 1.5
      vertex 4.02657 6.61893 0
      vertex 4.02657 6.61893 1.5
    endloop
  endfacet
  facet normal 0.975907 0.218189 0
    outer loop
      vertex 4.02657 6.61893 0
      vertex 4.04713 6.52697 1.5
      vertex 4.04713 6.52697 0
    endloop
  endfacet
  facet normal 0.960301 0.278965 0
    outer loop
      vertex 4.07342 6.43647 1.5
      vertex 4.04713 6.52697 0
      vertex 4.04713 6.52697 1.5
    endloop
  endfacet
  facet normal 0.960301 0.278965 0
    outer loop
      vertex 4.04713 6.52697 0
      vertex 4.07342 6.43647 1.5
      vertex 4.07342 6.43647 0
    endloop
  endfacet
  facet normal 0.99556 0.094133 0
    outer loop
      vertex 4.01183 6.712 1.5
      vertex 4.00296 6.80581 0
      vertex 4.00296 6.80581 1.5
    endloop
  endfacet
  facet normal 0.99556 0.094133 0
    outer loop
      vertex 4.00296 6.80581 0
      vertex 4.01183 6.712 1.5
      vertex 4.01183 6.712 0
    endloop
  endfacet
  facet normal 0.917767 0.397119 0
    outer loop
      vertex 4.14276 6.26133 1.5
      vertex 4.10534 6.34781 0
      vertex 4.10534 6.34781 1.5
    endloop
  endfacet
  facet normal 0.917767 0.397119 0
    outer loop
      vertex 4.10534 6.34781 0
      vertex 4.14276 6.26133 1.5
      vertex 4.14276 6.26133 0
    endloop
  endfacet
  facet normal 0.790191 0.61286 0
    outer loop
      vertex 4.34423 5.94386 1.5
      vertex 4.28648 6.01832 0
      vertex 4.28648 6.01832 1.5
    endloop
  endfacet
  facet normal 0.790191 0.61286 0
    outer loop
      vertex 4.28648 6.01832 0
      vertex 4.34423 5.94386 1.5
      vertex 4.34423 5.94386 0
    endloop
  endfacet
  facet normal 0.750073 0.661355 0
    outer loop
      vertex 4.40655 5.87318 1.5
      vertex 4.34423 5.94386 0
      vertex 4.34423 5.94386 1.5
    endloop
  endfacet
  facet normal 0.750073 0.661355 0
    outer loop
      vertex 4.34423 5.94386 0
      vertex 4.40655 5.87318 1.5
      vertex 4.40655 5.87318 0
    endloop
  endfacet
  facet normal -0.707107 -0.707107 0
    outer loop
      vertex 6.59345 7.92682 0
      vertex 6.52682 7.99345 1.5
      vertex 6.52682 7.99345 0
    endloop
  endfacet
  facet normal -0.707107 -0.707107 0
    outer loop
      vertex 6.52682 7.99345 1.5
      vertex 6.59345 7.92682 0
      vertex 6.59345 7.92682 1.5
    endloop
  endfacet
  facet normal -0.612926 -0.79014 0
    outer loop
      vertex 6.38168 8.11353 0
      vertex 6.45614 8.05577 1.5
      vertex 6.38168 8.11353 1.5
    endloop
  endfacet
  facet normal -0.612926 -0.79014 -0
    outer loop
      vertex 6.45614 8.05577 1.5
      vertex 6.38168 8.11353 0
      vertex 6.45614 8.05577 0
    endloop
  endfacet
  facet normal -0.397119 -0.917767 0
    outer loop
      vertex 6.05219 8.29466 0
      vertex 6.13867 8.25724 1.5
      vertex 6.05219 8.29466 1.5
    endloop
  endfacet
  facet normal -0.397119 -0.917767 -0
    outer loop
      vertex 6.13867 8.25724 1.5
      vertex 6.05219 8.29466 0
      vertex 6.13867 8.25724 0
    endloop
  endfacet
  facet normal -0.094133 -0.99556 0
    outer loop
      vertex 5.59419 8.39704 0
      vertex 5.688 8.38817 1.5
      vertex 5.59419 8.39704 1.5
    endloop
  endfacet
  facet normal -0.094133 -0.99556 -0
    outer loop
      vertex 5.688 8.38817 1.5
      vertex 5.59419 8.39704 0
      vertex 5.688 8.38817 0
    endloop
  endfacet
  facet normal -0.278993 -0.960293 0
    outer loop
      vertex 5.87304 8.35287 0
      vertex 5.96353 8.32658 1.5
      vertex 5.87304 8.35287 1.5
    endloop
  endfacet
  facet normal -0.278993 -0.960293 -0
    outer loop
      vertex 5.96353 8.32658 1.5
      vertex 5.87304 8.35287 0
      vertex 5.96353 8.32658 0
    endloop
  endfacet
  facet normal -0.960301 0.278965 0
    outer loop
      vertex 6.92659 6.43647 0
      vertex 6.95288 6.52697 1.5
      vertex 6.95288 6.52697 0
    endloop
  endfacet
  facet normal -0.960301 0.278965 0
    outer loop
      vertex 6.95288 6.52697 1.5
      vertex 6.92659 6.43647 0
      vertex 6.92659 6.43647 1.5
    endloop
  endfacet
  facet normal -0.891005 0.453993 0
    outer loop
      vertex 6.81446 6.17737 0
      vertex 6.85724 6.26133 1.5
      vertex 6.85724 6.26133 0
    endloop
  endfacet
  facet normal -0.891005 0.453993 0
    outer loop
      vertex 6.85724 6.26133 1.5
      vertex 6.81446 6.17737 0
      vertex 6.81446 6.17737 1.5
    endloop
  endfacet
  facet normal -0.338742 0.940879 0
    outer loop
      vertex 6.05219 5.50533 0
      vertex 5.96353 5.47341 1.5
      vertex 6.05219 5.50533 1.5
    endloop
  endfacet
  facet normal -0.338742 0.940879 0
    outer loop
      vertex 5.96353 5.47341 1.5
      vertex 6.05219 5.50533 0
      vertex 5.96353 5.47341 0
    endloop
  endfacet
  facet normal -0.707107 0.707107 0
    outer loop
      vertex 6.52682 5.80655 0
      vertex 6.59345 5.87318 1.5
      vertex 6.59345 5.87318 0
    endloop
  endfacet
  facet normal -0.707107 0.707107 0
    outer loop
      vertex 6.59345 5.87318 1.5
      vertex 6.52682 5.80655 0
      vertex 6.52682 5.80655 1.5
    endloop
  endfacet
  facet normal -0.562026 0.82712 0
    outer loop
      vertex 6.38168 5.68647 0
      vertex 6.30374 5.63351 1.5
      vertex 6.38168 5.68647 1.5
    endloop
  endfacet
  facet normal -0.562026 0.82712 0
    outer loop
      vertex 6.30374 5.63351 1.5
      vertex 6.38168 5.68647 0
      vertex 6.30374 5.63351 0
    endloop
  endfacet
  facet normal -0.453993 0.891005 0
    outer loop
      vertex 6.22263 5.58554 0
      vertex 6.13867 5.54276 1.5
      vertex 6.22263 5.58554 1.5
    endloop
  endfacet
  facet normal -0.453993 0.891005 0
    outer loop
      vertex 6.13867 5.54276 1.5
      vertex 6.22263 5.58554 0
      vertex 6.13867 5.54276 0
    endloop
  endfacet
  facet normal -0.917767 0.397119 0
    outer loop
      vertex 6.85724 6.26133 0
      vertex 6.89466 6.34781 1.5
      vertex 6.89466 6.34781 0
    endloop
  endfacet
  facet normal -0.917767 0.397119 0
    outer loop
      vertex 6.89466 6.34781 1.5
      vertex 6.85724 6.26133 0
      vertex 6.85724 6.26133 1.5
    endloop
  endfacet
  facet normal -0.79014 0.612926 0
    outer loop
      vertex 6.65577 5.94386 0
      vertex 6.71353 6.01832 1.5
      vertex 6.71353 6.01832 0
    endloop
  endfacet
  facet normal -0.79014 0.612926 0
    outer loop
      vertex 6.71353 6.01832 1.5
      vertex 6.65577 5.94386 0
      vertex 6.65577 5.94386 1.5
    endloop
  endfacet
  facet normal -0.860734 0.509055 0
    outer loop
      vertex 6.76649 6.09626 0
      vertex 6.81446 6.17737 1.5
      vertex 6.81446 6.17737 0
    endloop
  endfacet
  facet normal -0.860734 0.509055 0
    outer loop
      vertex 6.81446 6.17737 1.5
      vertex 6.76649 6.09626 0
      vertex 6.76649 6.09626 1.5
    endloop
  endfacet
  facet normal -0.891005 -0.453993 0
    outer loop
      vertex 7.53586 7.858 1.5
      vertex 7.47169 7.98394 8
      vertex 7.47169 7.98394 1.5
    endloop
  endfacet
  facet normal -0.891005 -0.453993 0
    outer loop
      vertex 7.47169 7.98394 8
      vertex 7.53586 7.858 1.5
      vertex 7.53586 7.858 8
    endloop
  endfacet
  facet normal 0.338742 -0.940879 0
    outer loop
      vertex 4.67172 8.992 1.5
      vertex 4.80471 9.03988 8
      vertex 4.67172 8.992 8
    endloop
  endfacet
  facet normal 0.338742 -0.940879 0
    outer loop
      vertex 4.80471 9.03988 8
      vertex 4.67172 8.992 1.5
      vertex 4.80471 9.03988 1.5
    endloop
  endfacet
  facet normal 0.917741 -0.397179 0
    outer loop
      vertex 3.408 7.72828 8
      vertex 3.46414 7.858 1.5
      vertex 3.46414 7.858 8
    endloop
  endfacet
  facet normal 0.917741 -0.397179 0
    outer loop
      vertex 3.46414 7.858 1.5
      vertex 3.408 7.72828 8
      vertex 3.408 7.72828 1.5
    endloop
  endfacet
  facet normal -0.999507 0.0314114 0
    outer loop
      vertex 7.74556 6.75872 1.5
      vertex 7.75 6.9 8
      vertex 7.75 6.9 1.5
    endloop
  endfacet
  facet normal -0.999507 0.0314114 0
    outer loop
      vertex 7.75 6.9 8
      vertex 7.74556 6.75872 1.5
      vertex 7.74556 6.75872 8
    endloop
  endfacet
  facet normal -0.15642 -0.987691 0
    outer loop
      vertex 5.782 9.13226 1.5
      vertex 5.92161 9.11015 8
      vertex 5.782 9.13226 8
    endloop
  endfacet
  facet normal -0.15642 -0.987691 -0
    outer loop
      vertex 5.92161 9.11015 8
      vertex 5.782 9.13226 1.5
      vertex 5.92161 9.11015 1.5
    endloop
  endfacet
  facet normal -0.562074 -0.827087 0
    outer loop
      vertex 6.70561 8.79974 1.5
      vertex 6.82252 8.72029 8
      vertex 6.70561 8.79974 8
    endloop
  endfacet
  facet normal -0.562074 -0.827087 -0
    outer loop
      vertex 6.82252 8.72029 8
      vertex 6.70561 8.79974 1.5
      vertex 6.82252 8.72029 1.5
    endloop
  endfacet
  facet normal 0.987691 -0.15642 0
    outer loop
      vertex 3.26774 7.182 8
      vertex 3.28985 7.32161 1.5
      vertex 3.28985 7.32161 8
    endloop
  endfacet
  facet normal 0.987691 -0.15642 0
    outer loop
      vertex 3.28985 7.32161 1.5
      vertex 3.26774 7.182 8
      vertex 3.26774 7.182 1.5
    endloop
  endfacet
  facet normal 0.707107 -0.707107 0
    outer loop
      vertex 3.85982 8.44023 8
      vertex 3.95977 8.54018 1.5
      vertex 3.95977 8.54018 8
    endloop
  endfacet
  facet normal 0.707107 -0.707107 0
    outer loop
      vertex 3.95977 8.54018 1.5
      vertex 3.85982 8.44023 8
      vertex 3.85982 8.44023 1.5
    endloop
  endfacet
  facet normal 0.15642 -0.987691 0
    outer loop
      vertex 5.07839 9.11015 1.5
      vertex 5.218 9.13226 8
      vertex 5.07839 9.11015 8
    endloop
  endfacet
  facet normal 0.15642 -0.987691 0
    outer loop
      vertex 5.218 9.13226 8
      vertex 5.07839 9.11015 1.5
      vertex 5.218 9.13226 1.5
    endloop
  endfacet
  facet normal 0.66132 0.750104 -0
    outer loop
      vertex 4.0658 5.16634 1.5
      vertex 3.95977 5.25982 8
      vertex 4.0658 5.16634 8
    endloop
  endfacet
  facet normal 0.66132 0.750104 0
    outer loop
      vertex 3.95977 5.25982 8
      vertex 4.0658 5.16634 1.5
      vertex 3.95977 5.25982 1.5
    endloop
  endfacet
  facet normal -0.995563 -0.0940946 0
    outer loop
      vertex 7.74556 7.04128 1.5
      vertex 7.73226 7.182 8
      vertex 7.73226 7.182 1.5
    endloop
  endfacet
  facet normal -0.995563 -0.0940946 0
    outer loop
      vertex 7.73226 7.182 8
      vertex 7.74556 7.04128 1.5
      vertex 7.74556 7.04128 8
    endloop
  endfacet
  facet normal -0.790114 -0.612961 0
    outer loop
      vertex 7.32029 8.22252 1.5
      vertex 7.23365 8.3342 8
      vertex 7.23365 8.3342 1.5
    endloop
  endfacet
  facet normal -0.790114 -0.612961 0
    outer loop
      vertex 7.23365 8.3342 8
      vertex 7.32029 8.22252 1.5
      vertex 7.32029 8.22252 8
    endloop
  endfacet
  facet normal -0.750139 -0.66128 0
    outer loop
      vertex 7.23365 8.3342 1.5
      vertex 7.14018 8.44023 8
      vertex 7.14018 8.44023 1.5
    endloop
  endfacet
  facet normal -0.750139 -0.66128 0
    outer loop
      vertex 7.14018 8.44023 8
      vertex 7.23365 8.3342 1.5
      vertex 7.23365 8.3342 8
    endloop
  endfacet
  facet normal -0.0940946 -0.995563 0
    outer loop
      vertex 5.64128 9.14556 1.5
      vertex 5.782 9.13226 8
      vertex 5.64128 9.14556 8
    endloop
  endfacet
  facet normal -0.0940946 -0.995563 -0
    outer loop
      vertex 5.782 9.13226 8
      vertex 5.64128 9.14556 1.5
      vertex 5.782 9.13226 1.5
    endloop
  endfacet
  facet normal -0.338742 -0.940879 0
    outer loop
      vertex 6.19529 9.03988 1.5
      vertex 6.32828 8.992 8
      vertex 6.19529 9.03988 8
    endloop
  endfacet
  facet normal -0.338742 -0.940879 -0
    outer loop
      vertex 6.32828 8.992 8
      vertex 6.19529 9.03988 1.5
      vertex 6.32828 8.992 1.5
    endloop
  endfacet
  facet normal -0.218189 -0.975907 0
    outer loop
      vertex 5.92161 9.11015 1.5
      vertex 6.05955 9.07931 8
      vertex 5.92161 9.11015 8
    endloop
  endfacet
  facet normal -0.218189 -0.975907 -0
    outer loop
      vertex 6.05955 9.07931 8
      vertex 5.92161 9.11015 1.5
      vertex 6.05955 9.07931 1.5
    endloop
  endfacet
  facet normal -0.66128 -0.750139 0
    outer loop
      vertex 6.9342 8.63365 1.5
      vertex 7.04023 8.54018 8
      vertex 6.9342 8.63365 8
    endloop
  endfacet
  facet normal -0.66128 -0.750139 -0
    outer loop
      vertex 7.04023 8.54018 8
      vertex 6.9342 8.63365 1.5
      vertex 7.04023 8.54018 1.5
    endloop
  endfacet
  facet normal 0.975907 -0.218189 0
    outer loop
      vertex 3.28985 7.32161 8
      vertex 3.32069 7.45955 1.5
      vertex 3.32069 7.45955 8
    endloop
  endfacet
  facet normal 0.975907 -0.218189 0
    outer loop
      vertex 3.32069 7.45955 1.5
      vertex 3.28985 7.32161 8
      vertex 3.28985 7.32161 1.5
    endloop
  endfacet
  facet normal 0.827087 -0.562074 0
    outer loop
      vertex 3.60026 8.10561 8
      vertex 3.67971 8.22252 1.5
      vertex 3.67971 8.22252 8
    endloop
  endfacet
  facet normal 0.827087 -0.562074 0
    outer loop
      vertex 3.67971 8.22252 1.5
      vertex 3.60026 8.10561 8
      vertex 3.60026 8.10561 1.5
    endloop
  endfacet
  facet normal 0.0940946 -0.995563 0
    outer loop
      vertex 5.218 9.13226 1.5
      vertex 5.35872 9.14556 8
      vertex 5.218 9.13226 8
    endloop
  endfacet
  facet normal 0.0940946 -0.995563 0
    outer loop
      vertex 5.35872 9.14556 8
      vertex 5.218 9.13226 1.5
      vertex 5.35872 9.14556 1.5
    endloop
  endfacet
  facet normal 0.509044 -0.860741 0
    outer loop
      vertex 4.29439 8.79974 1.5
      vertex 4.41605 8.87169 8
      vertex 4.29439 8.79974 8
    endloop
  endfacet
  facet normal 0.509044 -0.860741 0
    outer loop
      vertex 4.41605 8.87169 8
      vertex 4.29439 8.79974 1.5
      vertex 4.41605 8.87169 1.5
    endloop
  endfacet
  facet normal 0.397179 -0.917741 0
    outer loop
      vertex 4.542 8.93586 1.5
      vertex 4.67172 8.992 8
      vertex 4.542 8.93586 8
    endloop
  endfacet
  facet normal 0.397179 -0.917741 0
    outer loop
      vertex 4.67172 8.992 8
      vertex 4.542 8.93586 1.5
      vertex 4.67172 8.992 1.5
    endloop
  endfacet
  facet normal 0.66128 -0.750139 0
    outer loop
      vertex 3.95977 8.54018 1.5
      vertex 4.0658 8.63365 8
      vertex 3.95977 8.54018 8
    endloop
  endfacet
  facet normal 0.66128 -0.750139 0
    outer loop
      vertex 4.0658 8.63365 8
      vertex 3.95977 8.54018 1.5
      vertex 4.0658 8.63365 1.5
    endloop
  endfacet
  facet normal -0.960305 0.278951 0
    outer loop
      vertex 7.63988 6.20471 1.5
      vertex 7.67931 6.34045 8
      vertex 7.67931 6.34045 1.5
    endloop
  endfacet
  facet normal -0.960305 0.278951 0
    outer loop
      vertex 7.67931 6.34045 8
      vertex 7.63988 6.20471 1.5
      vertex 7.63988 6.20471 8
    endloop
  endfacet
  facet normal 0.987691 0.15642 0
    outer loop
      vertex 3.28985 6.47839 8
      vertex 3.26774 6.618 1.5
      vertex 3.26774 6.618 8
    endloop
  endfacet
  facet normal 0.987691 0.15642 0
    outer loop
      vertex 3.26774 6.618 1.5
      vertex 3.28985 6.47839 8
      vertex 3.28985 6.47839 1.5
    endloop
  endfacet
  facet normal -0.987691 -0.15642 0
    outer loop
      vertex 7.73226 7.182 1.5
      vertex 7.71015 7.32161 8
      vertex 7.71015 7.32161 1.5
    endloop
  endfacet
  facet normal -0.987691 -0.15642 0
    outer loop
      vertex 7.71015 7.32161 8
      vertex 7.73226 7.182 1.5
      vertex 7.73226 7.182 8
    endloop
  endfacet
  facet normal -0.917741 -0.397179 0
    outer loop
      vertex 7.592 7.72828 1.5
      vertex 7.53586 7.858 8
      vertex 7.53586 7.858 1.5
    endloop
  endfacet
  facet normal -0.917741 -0.397179 0
    outer loop
      vertex 7.53586 7.858 8
      vertex 7.592 7.72828 1.5
      vertex 7.592 7.72828 8
    endloop
  endfacet
  facet normal -0.975907 -0.218189 0
    outer loop
      vertex 7.71015 7.32161 1.5
      vertex 7.67931 7.45955 8
      vertex 7.67931 7.45955 1.5
    endloop
  endfacet
  facet normal -0.975907 -0.218189 0
    outer loop
      vertex 7.67931 7.45955 8
      vertex 7.71015 7.32161 1.5
      vertex 7.71015 7.32161 8
    endloop
  endfacet
  facet normal -0.707107 -0.707107 0
    outer loop
      vertex 7.14018 8.44023 1.5
      vertex 7.04023 8.54018 8
      vertex 7.04023 8.54018 1.5
    endloop
  endfacet
  facet normal -0.707107 -0.707107 0
    outer loop
      vertex 7.04023 8.54018 8
      vertex 7.14018 8.44023 1.5
      vertex 7.14018 8.44023 8
    endloop
  endfacet
  facet normal -0.827087 -0.562074 0
    outer loop
      vertex 7.39974 8.10561 1.5
      vertex 7.32029 8.22252 8
      vertex 7.32029 8.22252 1.5
    endloop
  endfacet
  facet normal -0.827087 -0.562074 0
    outer loop
      vertex 7.32029 8.22252 8
      vertex 7.39974 8.10561 1.5
      vertex 7.39974 8.10561 8
    endloop
  endfacet
  facet normal -0.0314114 -0.999507 0
    outer loop
      vertex 5.5 9.15 1.5
      vertex 5.64128 9.14556 8
      vertex 5.5 9.15 8
    endloop
  endfacet
  facet normal -0.0314114 -0.999507 -0
    outer loop
      vertex 5.64128 9.14556 8
      vertex 5.5 9.15 1.5
      vertex 5.64128 9.14556 1.5
    endloop
  endfacet
  facet normal -0.278951 -0.960305 0
    outer loop
      vertex 6.05955 9.07931 1.5
      vertex 6.19529 9.03988 8
      vertex 6.05955 9.07931 8
    endloop
  endfacet
  facet normal -0.278951 -0.960305 -0
    outer loop
      vertex 6.19529 9.03988 8
      vertex 6.05955 9.07931 1.5
      vertex 6.19529 9.03988 1.5
    endloop
  endfacet
  facet normal -0.509044 -0.860741 0
    outer loop
      vertex 6.58395 8.87169 1.5
      vertex 6.70561 8.79974 8
      vertex 6.58395 8.87169 8
    endloop
  endfacet
  facet normal -0.509044 -0.860741 -0
    outer loop
      vertex 6.70561 8.79974 8
      vertex 6.58395 8.87169 1.5
      vertex 6.70561 8.79974 1.5
    endloop
  endfacet
  facet normal -0.397179 -0.917741 0
    outer loop
      vertex 6.32828 8.992 1.5
      vertex 6.458 8.93586 8
      vertex 6.32828 8.992 8
    endloop
  endfacet
  facet normal -0.397179 -0.917741 -0
    outer loop
      vertex 6.458 8.93586 8
      vertex 6.32828 8.992 1.5
      vertex 6.458 8.93586 1.5
    endloop
  endfacet
  facet normal -0.612961 -0.790114 0
    outer loop
      vertex 6.82252 8.72029 1.5
      vertex 6.9342 8.63365 8
      vertex 6.82252 8.72029 8
    endloop
  endfacet
  facet normal -0.612961 -0.790114 -0
    outer loop
      vertex 6.9342 8.63365 8
      vertex 6.82252 8.72029 1.5
      vertex 6.9342 8.63365 1.5
    endloop
  endfacet
  facet normal 0.999507 -0.0314114 0
    outer loop
      vertex 3.25 6.9 8
      vertex 3.25444 7.04128 1.5
      vertex 3.25444 7.04128 8
    endloop
  endfacet
  facet normal 0.999507 -0.0314114 0
    outer loop
      vertex 3.25444 7.04128 1.5
      vertex 3.25 6.9 8
      vertex 3.25 6.9 1.5
    endloop
  endfacet
  facet normal 0.960305 -0.278951 0
    outer loop
      vertex 3.32069 7.45955 8
      vertex 3.36012 7.59529 1.5
      vertex 3.36012 7.59529 8
    endloop
  endfacet
  facet normal 0.960305 -0.278951 0
    outer loop
      vertex 3.36012 7.59529 1.5
      vertex 3.32069 7.45955 8
      vertex 3.32069 7.45955 1.5
    endloop
  endfacet
  facet normal 0.940879 -0.338742 0
    outer loop
      vertex 3.36012 7.59529 8
      vertex 3.408 7.72828 1.5
      vertex 3.408 7.72828 8
    endloop
  endfacet
  facet normal 0.940879 -0.338742 0
    outer loop
      vertex 3.408 7.72828 1.5
      vertex 3.36012 7.59529 8
      vertex 3.36012 7.59529 1.5
    endloop
  endfacet
  facet normal 0.860759 -0.509013 0
    outer loop
      vertex 3.52831 7.98394 8
      vertex 3.60026 8.10561 1.5
      vertex 3.60026 8.10561 8
    endloop
  endfacet
  facet normal 0.860759 -0.509013 0
    outer loop
      vertex 3.60026 8.10561 1.5
      vertex 3.52831 7.98394 8
      vertex 3.52831 7.98394 1.5
    endloop
  endfacet
  facet normal 0.891005 -0.453993 0
    outer loop
      vertex 3.46414 7.858 8
      vertex 3.52831 7.98394 1.5
      vertex 3.52831 7.98394 8
    endloop
  endfacet
  facet normal 0.891005 -0.453993 0
    outer loop
      vertex 3.52831 7.98394 1.5
      vertex 3.46414 7.858 8
      vertex 3.46414 7.858 1.5
    endloop
  endfacet
  facet normal 0.750139 -0.66128 0
    outer loop
      vertex 3.76635 8.3342 8
      vertex 3.85982 8.44023 1.5
      vertex 3.85982 8.44023 8
    endloop
  endfacet
  facet normal 0.750139 -0.66128 0
    outer loop
      vertex 3.85982 8.44023 1.5
      vertex 3.76635 8.3342 8
      vertex 3.76635 8.3342 1.5
    endloop
  endfacet
  facet normal 0.790114 -0.612961 0
    outer loop
      vertex 3.67971 8.22252 8
      vertex 3.76635 8.3342 1.5
      vertex 3.76635 8.3342 8
    endloop
  endfacet
  facet normal 0.790114 -0.612961 0
    outer loop
      vertex 3.76635 8.3342 1.5
      vertex 3.67971 8.22252 8
      vertex 3.67971 8.22252 1.5
    endloop
  endfacet
  facet normal 0.218189 -0.975907 0
    outer loop
      vertex 4.94045 9.07931 1.5
      vertex 5.07839 9.11015 8
      vertex 4.94045 9.07931 8
    endloop
  endfacet
  facet normal 0.218189 -0.975907 0
    outer loop
      vertex 5.07839 9.11015 8
      vertex 4.94045 9.07931 1.5
      vertex 5.07839 9.11015 1.5
    endloop
  endfacet
  facet normal 0.278951 -0.960305 0
    outer loop
      vertex 4.80471 9.03988 1.5
      vertex 4.94045 9.07931 8
      vertex 4.80471 9.03988 8
    endloop
  endfacet
  facet normal 0.278951 -0.960305 0
    outer loop
      vertex 4.94045 9.07931 8
      vertex 4.80471 9.03988 1.5
      vertex 4.94045 9.07931 1.5
    endloop
  endfacet
  facet normal 0.0314114 -0.999507 0
    outer loop
      vertex 5.35872 9.14556 1.5
      vertex 5.5 9.15 8
      vertex 5.35872 9.14556 8
    endloop
  endfacet
  facet normal 0.0314114 -0.999507 0
    outer loop
      vertex 5.5 9.15 8
      vertex 5.35872 9.14556 1.5
      vertex 5.5 9.15 1.5
    endloop
  endfacet
  facet normal 0.453964 -0.89102 0
    outer loop
      vertex 4.41605 8.87169 1.5
      vertex 4.542 8.93586 8
      vertex 4.41605 8.87169 8
    endloop
  endfacet
  facet normal 0.453964 -0.89102 0
    outer loop
      vertex 4.542 8.93586 8
      vertex 4.41605 8.87169 1.5
      vertex 4.542 8.93586 1.5
    endloop
  endfacet
  facet normal 0.612961 -0.790114 0
    outer loop
      vertex 4.0658 8.63365 1.5
      vertex 4.17748 8.72029 8
      vertex 4.0658 8.63365 8
    endloop
  endfacet
  facet normal 0.612961 -0.790114 0
    outer loop
      vertex 4.17748 8.72029 8
      vertex 4.0658 8.63365 1.5
      vertex 4.17748 8.72029 1.5
    endloop
  endfacet
  facet normal 0.562074 -0.827087 0
    outer loop
      vertex 4.17748 8.72029 1.5
      vertex 4.29439 8.79974 8
      vertex 4.17748 8.72029 8
    endloop
  endfacet
  facet normal 0.562074 -0.827087 0
    outer loop
      vertex 4.29439 8.79974 8
      vertex 4.17748 8.72029 1.5
      vertex 4.29439 8.79974 1.5
    endloop
  endfacet
  facet normal -0.999507 -0.0314114 0
    outer loop
      vertex 7.75 6.9 1.5
      vertex 7.74556 7.04128 8
      vertex 7.74556 7.04128 1.5
    endloop
  endfacet
  facet normal -0.999507 -0.0314114 0
    outer loop
      vertex 7.74556 7.04128 8
      vertex 7.75 6.9 1.5
      vertex 7.75 6.9 8
    endloop
  endfacet
  facet normal -0.995563 0.0940946 0
    outer loop
      vertex 7.73226 6.618 1.5
      vertex 7.74556 6.75872 8
      vertex 7.74556 6.75872 1.5
    endloop
  endfacet
  facet normal -0.995563 0.0940946 0
    outer loop
      vertex 7.74556 6.75872 8
      vertex 7.73226 6.618 1.5
      vertex 7.73226 6.618 8
    endloop
  endfacet
  facet normal -0.940879 0.338742 0
    outer loop
      vertex 7.592 6.07172 1.5
      vertex 7.63988 6.20471 8
      vertex 7.63988 6.20471 1.5
    endloop
  endfacet
  facet normal -0.940879 0.338742 0
    outer loop
      vertex 7.63988 6.20471 8
      vertex 7.592 6.07172 1.5
      vertex 7.592 6.07172 8
    endloop
  endfacet
  facet normal -0.790114 0.612961 0
    outer loop
      vertex 7.23365 5.4658 1.5
      vertex 7.32029 5.57748 8
      vertex 7.32029 5.57748 1.5
    endloop
  endfacet
  facet normal -0.790114 0.612961 0
    outer loop
      vertex 7.32029 5.57748 8
      vertex 7.23365 5.4658 1.5
      vertex 7.23365 5.4658 8
    endloop
  endfacet
  facet normal -0.860741 0.509044 0
    outer loop
      vertex 7.39974 5.69439 1.5
      vertex 7.47169 5.81605 8
      vertex 7.47169 5.81605 1.5
    endloop
  endfacet
  facet normal -0.860741 0.509044 0
    outer loop
      vertex 7.47169 5.81605 8
      vertex 7.39974 5.69439 1.5
      vertex 7.39974 5.69439 8
    endloop
  endfacet
  facet normal 0.338742 0.940879 -0
    outer loop
      vertex 4.80471 4.76012 1.5
      vertex 4.67172 4.808 8
      vertex 4.80471 4.76012 8
    endloop
  endfacet
  facet normal 0.338742 0.940879 0
    outer loop
      vertex 4.67172 4.808 8
      vertex 4.80471 4.76012 1.5
      vertex 4.67172 4.808 1.5
    endloop
  endfacet
  facet normal 0.940879 0.338742 0
    outer loop
      vertex 3.408 6.07172 8
      vertex 3.36012 6.20471 1.5
      vertex 3.36012 6.20471 8
    endloop
  endfacet
  facet normal 0.940879 0.338742 0
    outer loop
      vertex 3.36012 6.20471 1.5
      vertex 3.408 6.07172 8
      vertex 3.408 6.07172 1.5
    endloop
  endfacet
  facet normal -0.0940946 0.995563 0
    outer loop
      vertex 5.782 4.66774 1.5
      vertex 5.64128 4.65444 8
      vertex 5.782 4.66774 8
    endloop
  endfacet
  facet normal -0.0940946 0.995563 0
    outer loop
      vertex 5.64128 4.65444 8
      vertex 5.782 4.66774 1.5
      vertex 5.64128 4.65444 1.5
    endloop
  endfacet
  facet normal -0.338742 0.940879 0
    outer loop
      vertex 6.32828 4.808 1.5
      vertex 6.19529 4.76012 8
      vertex 6.32828 4.808 8
    endloop
  endfacet
  facet normal -0.338742 0.940879 0
    outer loop
      vertex 6.19529 4.76012 8
      vertex 6.32828 4.808 1.5
      vertex 6.19529 4.76012 1.5
    endloop
  endfacet
  facet normal -0.397179 0.917741 0
    outer loop
      vertex 6.458 4.86414 1.5
      vertex 6.32828 4.808 8
      vertex 6.458 4.86414 8
    endloop
  endfacet
  facet normal -0.397179 0.917741 0
    outer loop
      vertex 6.32828 4.808 8
      vertex 6.458 4.86414 1.5
      vertex 6.32828 4.808 1.5
    endloop
  endfacet
  facet normal -0.960305 -0.278951 0
    outer loop
      vertex 7.67931 7.45955 1.5
      vertex 7.63988 7.59529 8
      vertex 7.63988 7.59529 1.5
    endloop
  endfacet
  facet normal -0.960305 -0.278951 0
    outer loop
      vertex 7.63988 7.59529 8
      vertex 7.67931 7.45955 1.5
      vertex 7.67931 7.45955 8
    endloop
  endfacet
  facet normal -0.860759 -0.509013 0
    outer loop
      vertex 7.47169 7.98394 1.5
      vertex 7.39974 8.10561 8
      vertex 7.39974 8.10561 1.5
    endloop
  endfacet
  facet normal -0.860759 -0.509013 0
    outer loop
      vertex 7.39974 8.10561 8
      vertex 7.47169 7.98394 1.5
      vertex 7.47169 7.98394 8
    endloop
  endfacet
  facet normal -0.453964 -0.89102 0
    outer loop
      vertex 6.458 8.93586 1.5
      vertex 6.58395 8.87169 8
      vertex 6.458 8.93586 8
    endloop
  endfacet
  facet normal -0.453964 -0.89102 -0
    outer loop
      vertex 6.58395 8.87169 8
      vertex 6.458 8.93586 1.5
      vertex 6.58395 8.87169 1.5
    endloop
  endfacet
  facet normal 0.995563 -0.0940946 0
    outer loop
      vertex 3.25444 7.04128 8
      vertex 3.26774 7.182 1.5
      vertex 3.26774 7.182 8
    endloop
  endfacet
  facet normal 0.995563 -0.0940946 0
    outer loop
      vertex 3.26774 7.182 1.5
      vertex 3.25444 7.04128 8
      vertex 3.25444 7.04128 1.5
    endloop
  endfacet
  facet normal -0.975907 0.218189 0
    outer loop
      vertex 7.67931 6.34045 1.5
      vertex 7.71015 6.47839 8
      vertex 7.71015 6.47839 1.5
    endloop
  endfacet
  facet normal -0.975907 0.218189 0
    outer loop
      vertex 7.71015 6.47839 8
      vertex 7.67931 6.34045 1.5
      vertex 7.67931 6.34045 8
    endloop
  endfacet
  facet normal 0.562074 0.827087 -0
    outer loop
      vertex 4.29439 5.00026 1.5
      vertex 4.17748 5.07971 8
      vertex 4.29439 5.00026 8
    endloop
  endfacet
  facet normal 0.562074 0.827087 0
    outer loop
      vertex 4.17748 5.07971 8
      vertex 4.29439 5.00026 1.5
      vertex 4.17748 5.07971 1.5
    endloop
  endfacet
  facet normal 0 0 1
    outer loop
      vertex 7 6.9 1.5
      vertex 7.75 6.9 1.5
      vertex 7.74556 7.04128 1.5
    endloop
  endfacet
  facet normal 0 0 1
    outer loop
      vertex 6.99704 6.99419 1.5
      vertex 7.74556 7.04128 1.5
      vertex 7.73226 7.182 1.5
    endloop
  endfacet
  facet normal 0 0 1
    outer loop
      vertex 7.75 6.9 1.5
      vertex 7 6.9 1.5
      vertex 7.74556 6.75872 1.5
    endloop
  endfacet
  facet normal 0 0 1
    outer loop
      vertex 6.98817 7.088 1.5
      vertex 7.73226 7.182 1.5
      vertex 7.71015 7.32161 1.5
    endloop
  endfacet
  facet normal -0 0 1
    outer loop
      vertex 6.99704 6.80581 1.5
      vertex 7.74556 6.75872 1.5
      vertex 7 6.9 1.5
    endloop
  endfacet
  facet normal 0 0 1
    outer loop
      vertex 6.97343 7.18107 1.5
      vertex 7.71015 7.32161 1.5
      vertex 7.67931 7.45955 1.5
    endloop
  endfacet
  facet normal 0 0 1
    outer loop
      vertex 7.74556 6.75872 1.5
      vertex 6.99704 6.80581 1.5
      vertex 7.73226 6.618 1.5
    endloop
  endfacet
  facet normal 0 0 1
    outer loop
      vertex 6.95288 7.27303 1.5
      vertex 7.67931 7.45955 1.5
      vertex 7.63988 7.59529 1.5
    endloop
  endfacet
  facet normal -0 0 1
    outer loop
      vertex 6.98817 6.712 1.5
      vertex 7.73226 6.618 1.5
      vertex 6.99704 6.80581 1.5
    endloop
  endfacet
  facet normal 0 0 1
    outer loop
      vertex 6.92659 7.36353 1.5
      vertex 7.63988 7.59529 1.5
      vertex 7.592 7.72828 1.5
    endloop
  endfacet
  facet normal 0 0 1
    outer loop
      vertex 7.73226 6.618 1.5
      vertex 6.98817 6.712 1.5
      vertex 7.71015 6.47839 1.5
    endloop
  endfacet
  facet normal 0 0 1
    outer loop
      vertex 6.89466 7.45219 1.5
      vertex 7.592 7.72828 1.5
      vertex 7.53586 7.858 1.5
    endloop
  endfacet
  facet normal -0 0 1
    outer loop
      vertex 6.97343 6.61893 1.5
      vertex 7.71015 6.47839 1.5
      vertex 6.98817 6.712 1.5
    endloop
  endfacet
  facet normal 0 0 1
    outer loop
      vertex 6.85724 7.53867 1.5
      vertex 7.53586 7.858 1.5
      vertex 7.47169 7.98394 1.5
    endloop
  endfacet
  facet normal 0 0 1
    outer loop
      vertex 7.71015 6.47839 1.5
      vertex 6.97343 6.61893 1.5
      vertex 7.67931 6.34045 1.5
    endloop
  endfacet
  facet normal 0 0 1
    outer loop
      vertex 6.81446 7.62263 1.5
      vertex 7.47169 7.98394 1.5
      vertex 7.39974 8.10561 1.5
    endloop
  endfacet
  facet normal -0 0 1
    outer loop
      vertex 6.95288 6.52697 1.5
      vertex 7.67931 6.34045 1.5
      vertex 6.97343 6.61893 1.5
    endloop
  endfacet
  facet normal 0 0 1
    outer loop
      vertex 6.76649 7.70374 1.5
      vertex 7.39974 8.10561 1.5
      vertex 7.32029 8.22252 1.5
    endloop
  endfacet
  facet normal 0 0 1
    outer loop
      vertex 7.67931 6.34045 1.5
      vertex 6.95288 6.52697 1.5
      vertex 7.63988 6.20471 1.5
    endloop
  endfacet
  facet normal 0 0 1
    outer loop
      vertex 6.71353 7.78168 1.5
      vertex 7.32029 8.22252 1.5
      vertex 7.23365 8.3342 1.5
    endloop
  endfacet
  facet normal -0 0 1
    outer loop
      vertex 6.92659 6.43647 1.5
      vertex 7.63988 6.20471 1.5
      vertex 6.95288 6.52697 1.5
    endloop
  endfacet
  facet normal 0 0 1
    outer loop
      vertex 6.65577 7.85614 1.5
      vertex 7.23365 8.3342 1.5
      vertex 7.14018 8.44023 1.5
    endloop
  endfacet
  facet normal 0 0 1
    outer loop
      vertex 7.63988 6.20471 1.5
      vertex 6.92659 6.43647 1.5
      vertex 7.592 6.07172 1.5
    endloop
  endfacet
  facet normal 0 0 1
    outer loop
      vertex 6.59345 7.92682 1.5
      vertex 7.14018 8.44023 1.5
      vertex 7.04023 8.54018 1.5
    endloop
  endfacet
  facet normal -0 0 1
    outer loop
      vertex 6.89466 6.34781 1.5
      vertex 7.592 6.07172 1.5
      vertex 6.92659 6.43647 1.5
    endloop
  endfacet
  facet normal 0 0 1
    outer loop
      vertex 7.592 6.07172 1.5
      vertex 6.89466 6.34781 1.5
      vertex 7.53586 5.942 1.5
    endloop
  endfacet
  facet normal 0 0 1
    outer loop
      vertex 7.74556 7.04128 1.5
      vertex 6.99704 6.99419 1.5
      vertex 7 6.9 1.5
    endloop
  endfacet
  facet normal 0 0 1
    outer loop
      vertex 7.73226 7.182 1.5
      vertex 6.98817 7.088 1.5
      vertex 6.99704 6.99419 1.5
    endloop
  endfacet
  facet normal 0 0 1
    outer loop
      vertex 7.71015 7.32161 1.5
      vertex 6.97343 7.18107 1.5
      vertex 6.98817 7.088 1.5
    endloop
  endfacet
  facet normal 0 0 1
    outer loop
      vertex 7.67931 7.45955 1.5
      vertex 6.95288 7.27303 1.5
      vertex 6.97343 7.18107 1.5
    endloop
  endfacet
  facet normal 0 0 1
    outer loop
      vertex 6.52682 7.99345 1.5
      vertex 7.04023 8.54018 1.5
      vertex 6.9342 8.63365 1.5
    endloop
  endfacet
  facet normal 0 0 1
    outer loop
      vertex 7.63988 7.59529 1.5
      vertex 6.92659 7.36353 1.5
      vertex 6.95288 7.27303 1.5
    endloop
  endfacet
  facet normal 0 0 1
    outer loop
      vertex 7.592 7.72828 1.5
      vertex 6.89466 7.45219 1.5
      vertex 6.92659 7.36353 1.5
    endloop
  endfacet
  facet normal 0 0 1
    outer loop
      vertex 7.53586 7.858 1.5
      vertex 6.85724 7.53867 1.5
      vertex 6.89466 7.45219 1.5
    endloop
  endfacet
  facet normal 0 0 1
    outer loop
      vertex 6.45614 8.05577 1.5
      vertex 6.9342 8.63365 1.5
      vertex 6.82252 8.72029 1.5
    endloop
  endfacet
  facet normal 0 0 1
    outer loop
      vertex 7.47169 7.98394 1.5
      vertex 6.81446 7.62263 1.5
      vertex 6.85724 7.53867 1.5
    endloop
  endfacet
  facet normal 0 0 1
    outer loop
      vertex 7.39974 8.10561 1.5
      vertex 6.76649 7.70374 1.5
      vertex 6.81446 7.62263 1.5
    endloop
  endfacet
  facet normal 0 0 1
    outer loop
      vertex 7.32029 8.22252 1.5
      vertex 6.71353 7.78168 1.5
      vertex 6.76649 7.70374 1.5
    endloop
  endfacet
  facet normal 0 0 1
    outer loop
      vertex 6.38168 8.11353 1.5
      vertex 6.82252 8.72029 1.5
      vertex 6.70561 8.79974 1.5
    endloop
  endfacet
  facet normal 0 0 1
    outer loop
      vertex 7.23365 8.3342 1.5
      vertex 6.65577 7.85614 1.5
      vertex 6.71353 7.78168 1.5
    endloop
  endfacet
  facet normal 0 0 1
    outer loop
      vertex 7.14018 8.44023 1.5
      vertex 6.59345 7.92682 1.5
      vertex 6.65577 7.85614 1.5
    endloop
  endfacet
  facet normal 0 0 1
    outer loop
      vertex 6.30374 8.16649 1.5
      vertex 6.70561 8.79974 1.5
      vertex 6.58395 8.87169 1.5
    endloop
  endfacet
  facet normal 0 0 1
    outer loop
      vertex 7.04023 8.54018 1.5
      vertex 6.52682 7.99345 1.5
      vertex 6.59345 7.92682 1.5
    endloop
  endfacet
  facet normal 0 0 1
    outer loop
      vertex 6.22263 8.21446 1.5
      vertex 6.58395 8.87169 1.5
      vertex 6.458 8.93586 1.5
    endloop
  endfacet
  facet normal 0 0 1
    outer loop
      vertex 6.9342 8.63365 1.5
      vertex 6.45614 8.05577 1.5
      vertex 6.52682 7.99345 1.5
    endloop
  endfacet
  facet normal 0 0 1
    outer loop
      vertex 6.82252 8.72029 1.5
      vertex 6.38168 8.11353 1.5
      vertex 6.45614 8.05577 1.5
    endloop
  endfacet
  facet normal 0 0 1
    outer loop
      vertex 6.13867 8.25724 1.5
      vertex 6.458 8.93586 1.5
      vertex 6.32828 8.992 1.5
    endloop
  endfacet
  facet normal 0 0 1
    outer loop
      vertex 6.70561 8.79974 1.5
      vertex 6.30374 8.16649 1.5
      vertex 6.38168 8.11353 1.5
    endloop
  endfacet
  facet normal 0 0 1
    outer loop
      vertex 6.58395 8.87169 1.5
      vertex 6.22263 8.21446 1.5
      vertex 6.30374 8.16649 1.5
    endloop
  endfacet
  facet normal 0 0 1
    outer loop
      vertex 6.05219 8.29466 1.5
      vertex 6.32828 8.992 1.5
      vertex 6.19529 9.03988 1.5
    endloop
  endfacet
  facet normal 0 0 1
    outer loop
      vertex 6.458 8.93586 1.5
      vertex 6.13867 8.25724 1.5
      vertex 6.22263 8.21446 1.5
    endloop
  endfacet
  facet normal 0 0 1
    outer loop
      vertex 5.96353 8.32658 1.5
      vertex 6.19529 9.03988 1.5
      vertex 6.05955 9.07931 1.5
    endloop
  endfacet
  facet normal 0 0 1
    outer loop
      vertex 6.32828 8.992 1.5
      vertex 6.05219 8.29466 1.5
      vertex 6.13867 8.25724 1.5
    endloop
  endfacet
  facet normal 0 0 1
    outer loop
      vertex 6.19529 9.03988 1.5
      vertex 5.96353 8.32658 1.5
      vertex 6.05219 8.29466 1.5
    endloop
  endfacet
  facet normal 0 0 1
    outer loop
      vertex 5.87304 8.35287 1.5
      vertex 6.05955 9.07931 1.5
      vertex 5.92161 9.11015 1.5
    endloop
  endfacet
  facet normal 0 0 1
    outer loop
      vertex 6.05955 9.07931 1.5
      vertex 5.87304 8.35287 1.5
      vertex 5.96353 8.32658 1.5
    endloop
  endfacet
  facet normal 0 0 1
    outer loop
      vertex 5.78107 8.37343 1.5
      vertex 5.92161 9.11015 1.5
      vertex 5.782 9.13226 1.5
    endloop
  endfacet
  facet normal 0 0 1
    outer loop
      vertex 5.92161 9.11015 1.5
      vertex 5.78107 8.37343 1.5
      vertex 5.87304 8.35287 1.5
    endloop
  endfacet
  facet normal 0 0 1
    outer loop
      vertex 5.782 9.13226 1.5
      vertex 5.688 8.38817 1.5
      vertex 5.78107 8.37343 1.5
    endloop
  endfacet
  facet normal 0 0 1
    outer loop
      vertex 5.64128 9.14556 1.5
      vertex 5.688 8.38817 1.5
      vertex 5.782 9.13226 1.5
    endloop
  endfacet
  facet normal 0 0 1
    outer loop
      vertex 5.64128 9.14556 1.5
      vertex 5.59419 8.39704 1.5
      vertex 5.688 8.38817 1.5
    endloop
  endfacet
  facet normal 0 0 1
    outer loop
      vertex 5.5 9.15 1.5
      vertex 5.59419 8.39704 1.5
      vertex 5.64128 9.14556 1.5
    endloop
  endfacet
  facet normal 0 0 1
    outer loop
      vertex 5.5 9.15 1.5
      vertex 5.5 8.4 1.5
      vertex 5.59419 8.39704 1.5
    endloop
  endfacet
  facet normal 0 0 1
    outer loop
      vertex 5.5 9.15 1.5
      vertex 5.40582 8.39704 1.5
      vertex 5.5 8.4 1.5
    endloop
  endfacet
  facet normal -0 0 1
    outer loop
      vertex 5.35872 9.14556 1.5
      vertex 5.40582 8.39704 1.5
      vertex 5.5 9.15 1.5
    endloop
  endfacet
  facet normal 0 0 1
    outer loop
      vertex 5.35872 9.14556 1.5
      vertex 5.312 8.38817 1.5
      vertex 5.40582 8.39704 1.5
    endloop
  endfacet
  facet normal -0 0 1
    outer loop
      vertex 5.218 9.13226 1.5
      vertex 5.312 8.38817 1.5
      vertex 5.35872 9.14556 1.5
    endloop
  endfacet
  facet normal 0 0 1
    outer loop
      vertex 5.312 8.38817 1.5
      vertex 5.218 9.13226 1.5
      vertex 5.21893 8.37343 1.5
    endloop
  endfacet
  facet normal -0 0 1
    outer loop
      vertex 5.07839 9.11015 1.5
      vertex 5.21893 8.37343 1.5
      vertex 5.218 9.13226 1.5
    endloop
  endfacet
  facet normal 0 0 1
    outer loop
      vertex 5.21893 8.37343 1.5
      vertex 5.07839 9.11015 1.5
      vertex 5.12697 8.35287 1.5
    endloop
  endfacet
  facet normal -0 0 1
    outer loop
      vertex 4.94045 9.07931 1.5
      vertex 5.12697 8.35287 1.5
      vertex 5.07839 9.11015 1.5
    endloop
  endfacet
  facet normal 0 0 1
    outer loop
      vertex 5.12697 8.35287 1.5
      vertex 4.94045 9.07931 1.5
      vertex 5.03648 8.32658 1.5
    endloop
  endfacet
  facet normal -0 0 1
    outer loop
      vertex 4.80471 9.03988 1.5
      vertex 5.03648 8.32658 1.5
      vertex 4.94045 9.07931 1.5
    endloop
  endfacet
  facet normal 0 0 1
    outer loop
      vertex 5.03648 8.32658 1.5
      vertex 4.80471 9.03988 1.5
      vertex 4.94781 8.29466 1.5
    endloop
  endfacet
  facet normal -0 0 1
    outer loop
      vertex 4.67172 8.992 1.5
      vertex 4.94781 8.29466 1.5
      vertex 4.80471 9.03988 1.5
    endloop
  endfacet
  facet normal 0 0 1
    outer loop
      vertex 4.94781 8.29466 1.5
      vertex 4.67172 8.992 1.5
      vertex 4.86133 8.25724 1.5
    endloop
  endfacet
  facet normal -0 0 1
    outer loop
      vertex 4.542 8.93586 1.5
      vertex 4.86133 8.25724 1.5
      vertex 4.67172 8.992 1.5
    endloop
  endfacet
  facet normal 0 0 1
    outer loop
      vertex 4.86133 8.25724 1.5
      vertex 4.542 8.93586 1.5
      vertex 4.77737 8.21446 1.5
    endloop
  endfacet
  facet normal -0 0 1
    outer loop
      vertex 4.41605 8.87169 1.5
      vertex 4.77737 8.21446 1.5
      vertex 4.542 8.93586 1.5
    endloop
  endfacet
  facet normal 0 0 1
    outer loop
      vertex 4.77737 8.21446 1.5
      vertex 4.41605 8.87169 1.5
      vertex 4.69626 8.16649 1.5
    endloop
  endfacet
  facet normal -0 0 1
    outer loop
      vertex 4.29439 8.79974 1.5
      vertex 4.69626 8.16649 1.5
      vertex 4.41605 8.87169 1.5
    endloop
  endfacet
  facet normal 0 0 1
    outer loop
      vertex 4.69626 8.16649 1.5
      vertex 4.29439 8.79974 1.5
      vertex 4.61832 8.11353 1.5
    endloop
  endfacet
  facet normal -0 0 1
    outer loop
      vertex 4.17748 8.72029 1.5
      vertex 4.61832 8.11353 1.5
      vertex 4.29439 8.79974 1.5
    endloop
  endfacet
  facet normal 0 0 1
    outer loop
      vertex 4.61832 8.11353 1.5
      vertex 4.17748 8.72029 1.5
      vertex 4.54386 8.05577 1.5
    endloop
  endfacet
  facet normal -0 0 1
    outer loop
      vertex 4.0658 8.63365 1.5
      vertex 4.54386 8.05577 1.5
      vertex 4.17748 8.72029 1.5
    endloop
  endfacet
  facet normal 0 0 1
    outer loop
      vertex 4.54386 8.05577 1.5
      vertex 4.0658 8.63365 1.5
      vertex 4.47318 7.99345 1.5
    endloop
  endfacet
  facet normal -0 0 1
    outer loop
      vertex 3.95977 8.54018 1.5
      vertex 4.47318 7.99345 1.5
      vertex 4.0658 8.63365 1.5
    endloop
  endfacet
  facet normal 0 0 1
    outer loop
      vertex 4.47318 7.99345 1.5
      vertex 3.95977 8.54018 1.5
      vertex 4.40655 7.92682 1.5
    endloop
  endfacet
  facet normal -0 0 1
    outer loop
      vertex 3.85982 8.44023 1.5
      vertex 4.40655 7.92682 1.5
      vertex 3.95977 8.54018 1.5
    endloop
  endfacet
  facet normal 0 0 1
    outer loop
      vertex 4.40655 7.92682 1.5
      vertex 3.85982 8.44023 1.5
      vertex 4.34423 7.85614 1.5
    endloop
  endfacet
  facet normal -0 0 1
    outer loop
      vertex 3.76635 8.3342 1.5
      vertex 4.34423 7.85614 1.5
      vertex 3.85982 8.44023 1.5
    endloop
  endfacet
  facet normal 0 0 1
    outer loop
      vertex 4.34423 7.85614 1.5
      vertex 3.76635 8.3342 1.5
      vertex 4.28648 7.78168 1.5
    endloop
  endfacet
  facet normal -0 0 1
    outer loop
      vertex 3.67971 8.22252 1.5
      vertex 4.28648 7.78168 1.5
      vertex 3.76635 8.3342 1.5
    endloop
  endfacet
  facet normal 0 0 1
    outer loop
      vertex 4.28648 7.78168 1.5
      vertex 3.67971 8.22252 1.5
      vertex 4.23351 7.70374 1.5
    endloop
  endfacet
  facet normal -0 0 1
    outer loop
      vertex 3.60026 8.10561 1.5
      vertex 4.23351 7.70374 1.5
      vertex 3.67971 8.22252 1.5
    endloop
  endfacet
  facet normal 0 0 1
    outer loop
      vertex 4.23351 7.70374 1.5
      vertex 3.60026 8.10561 1.5
      vertex 4.18554 7.62263 1.5
    endloop
  endfacet
  facet normal -0 0 1
    outer loop
      vertex 3.52831 7.98394 1.5
      vertex 4.18554 7.62263 1.5
      vertex 3.60026 8.10561 1.5
    endloop
  endfacet
  facet normal 0 0 1
    outer loop
      vertex 4.18554 7.62263 1.5
      vertex 3.52831 7.98394 1.5
      vertex 4.14276 7.53867 1.5
    endloop
  endfacet
  facet normal 0 0 1
    outer loop
      vertex 4.14276 7.53867 1.5
      vertex 3.46414 7.858 1.5
      vertex 4.10534 7.45219 1.5
    endloop
  endfacet
  facet normal -0 0 1
    outer loop
      vertex 3.46414 7.858 1.5
      vertex 4.14276 7.53867 1.5
      vertex 3.52831 7.98394 1.5
    endloop
  endfacet
  facet normal -0 0 1
    outer loop
      vertex 6.85724 6.26133 1.5
      vertex 7.53586 5.942 1.5
      vertex 6.89466 6.34781 1.5
    endloop
  endfacet
  facet normal 0 0 1
    outer loop
      vertex 7.53586 5.942 1.5
      vertex 6.85724 6.26133 1.5
      vertex 7.47169 5.81605 1.5
    endloop
  endfacet
  facet normal -0 0 1
    outer loop
      vertex 6.81446 6.17737 1.5
      vertex 7.47169 5.81605 1.5
      vertex 6.85724 6.26133 1.5
    endloop
  endfacet
  facet normal 0 0 1
    outer loop
      vertex 7.47169 5.81605 1.5
      vertex 6.81446 6.17737 1.5
      vertex 7.39974 5.69439 1.5
    endloop
  endfacet
  facet normal -0 0 1
    outer loop
      vertex 6.76649 6.09626 1.5
      vertex 7.39974 5.69439 1.5
      vertex 6.81446 6.17737 1.5
    endloop
  endfacet
  facet normal 0 0 1
    outer loop
      vertex 7.39974 5.69439 1.5
      vertex 6.76649 6.09626 1.5
      vertex 7.32029 5.57748 1.5
    endloop
  endfacet
  facet normal -0 0 1
    outer loop
      vertex 6.71353 6.01832 1.5
      vertex 7.32029 5.57748 1.5
      vertex 6.76649 6.09626 1.5
    endloop
  endfacet
  facet normal 0 0 1
    outer loop
      vertex 7.32029 5.57748 1.5
      vertex 6.71353 6.01832 1.5
      vertex 7.23365 5.4658 1.5
    endloop
  endfacet
  facet normal -0 0 1
    outer loop
      vertex 6.65577 5.94386 1.5
      vertex 7.23365 5.4658 1.5
      vertex 6.71353 6.01832 1.5
    endloop
  endfacet
  facet normal 0 0 1
    outer loop
      vertex 7.23365 5.4658 1.5
      vertex 6.65577 5.94386 1.5
      vertex 7.14018 5.35977 1.5
    endloop
  endfacet
  facet normal -0 0 1
    outer loop
      vertex 6.59345 5.87318 1.5
      vertex 7.14018 5.35977 1.5
      vertex 6.65577 5.94386 1.5
    endloop
  endfacet
  facet normal 0 0 1
    outer loop
      vertex 7.14018 5.35977 1.5
      vertex 6.59345 5.87318 1.5
      vertex 7.04023 5.25982 1.5
    endloop
  endfacet
  facet normal -0 0 1
    outer loop
      vertex 6.52682 5.80655 1.5
      vertex 7.04023 5.25982 1.5
      vertex 6.59345 5.87318 1.5
    endloop
  endfacet
  facet normal 0 0 1
    outer loop
      vertex 7.04023 5.25982 1.5
      vertex 6.52682 5.80655 1.5
      vertex 6.9342 5.16634 1.5
    endloop
  endfacet
  facet normal -0 0 1
    outer loop
      vertex 6.45614 5.74423 1.5
      vertex 6.9342 5.16634 1.5
      vertex 6.52682 5.80655 1.5
    endloop
  endfacet
  facet normal 0 0 1
    outer loop
      vertex 6.9342 5.16634 1.5
      vertex 6.45614 5.74423 1.5
      vertex 6.82252 5.07971 1.5
    endloop
  endfacet
  facet normal -0 0 1
    outer loop
      vertex 6.38168 5.68647 1.5
      vertex 6.82252 5.07971 1.5
      vertex 6.45614 5.74423 1.5
    endloop
  endfacet
  facet normal 0 0 1
    outer loop
      vertex 6.82252 5.07971 1.5
      vertex 6.38168 5.68647 1.5
      vertex 6.70561 5.00026 1.5
    endloop
  endfacet
  facet normal -0 0 1
    outer loop
      vertex 6.30374 5.63351 1.5
      vertex 6.70561 5.00026 1.5
      vertex 6.38168 5.68647 1.5
    endloop
  endfacet
  facet normal 0 0 1
    outer loop
      vertex 6.70561 5.00026 1.5
      vertex 6.30374 5.63351 1.5
      vertex 6.58395 4.92831 1.5
    endloop
  endfacet
  facet normal -0 0 1
    outer loop
      vertex 6.22263 5.58554 1.5
      vertex 6.58395 4.92831 1.5
      vertex 6.30374 5.63351 1.5
    endloop
  endfacet
  facet normal 0 0 1
    outer loop
      vertex 6.58395 4.92831 1.5
      vertex 6.22263 5.58554 1.5
      vertex 6.458 4.86414 1.5
    endloop
  endfacet
  facet normal -0 0 1
    outer loop
      vertex 6.13867 5.54276 1.5
      vertex 6.458 4.86414 1.5
      vertex 6.22263 5.58554 1.5
    endloop
  endfacet
  facet normal 0 0 1
    outer loop
      vertex 6.458 4.86414 1.5
      vertex 6.13867 5.54276 1.5
      vertex 6.32828 4.808 1.5
    endloop
  endfacet
  facet normal -0 0 1
    outer loop
      vertex 6.05219 5.50533 1.5
      vertex 6.32828 4.808 1.5
      vertex 6.13867 5.54276 1.5
    endloop
  endfacet
  facet normal 0 0 1
    outer loop
      vertex 6.32828 4.808 1.5
      vertex 6.05219 5.50533 1.5
      vertex 6.19529 4.76012 1.5
    endloop
  endfacet
  facet normal -0 0 1
    outer loop
      vertex 5.96353 5.47341 1.5
      vertex 6.19529 4.76012 1.5
      vertex 6.05219 5.50533 1.5
    endloop
  endfacet
  facet normal 0 0 1
    outer loop
      vertex 6.19529 4.76012 1.5
      vertex 5.96353 5.47341 1.5
      vertex 6.05955 4.72069 1.5
    endloop
  endfacet
  facet normal -0 0 1
    outer loop
      vertex 5.87304 5.44712 1.5
      vertex 6.05955 4.72069 1.5
      vertex 5.96353 5.47341 1.5
    endloop
  endfacet
  facet normal 0 0 1
    outer loop
      vertex 6.05955 4.72069 1.5
      vertex 5.87304 5.44712 1.5
      vertex 5.92161 4.68985 1.5
    endloop
  endfacet
  facet normal -0 0 1
    outer loop
      vertex 5.78107 5.42657 1.5
      vertex 5.92161 4.68985 1.5
      vertex 5.87304 5.44712 1.5
    endloop
  endfacet
  facet normal 0 0 1
    outer loop
      vertex 5.92161 4.68985 1.5
      vertex 5.78107 5.42657 1.5
      vertex 5.782 4.66774 1.5
    endloop
  endfacet
  facet normal -0 0 1
    outer loop
      vertex 5.688 5.41183 1.5
      vertex 5.782 4.66774 1.5
      vertex 5.78107 5.42657 1.5
    endloop
  endfacet
  facet normal 0 0 1
    outer loop
      vertex 5.688 5.41183 1.5
      vertex 5.64128 4.65444 1.5
      vertex 5.782 4.66774 1.5
    endloop
  endfacet
  facet normal -0 0 1
    outer loop
      vertex 5.59419 5.40296 1.5
      vertex 5.64128 4.65444 1.5
      vertex 5.688 5.41183 1.5
    endloop
  endfacet
  facet normal -0 0 1
    outer loop
      vertex 5.5 5.4 1.5
      vertex 5.64128 4.65444 1.5
      vertex 5.59419 5.40296 1.5
    endloop
  endfacet
  facet normal 0 0 1
    outer loop
      vertex 5.5 5.4 1.5
      vertex 5.5 4.65 1.5
      vertex 5.64128 4.65444 1.5
    endloop
  endfacet
  facet normal 0 0 1
    outer loop
      vertex 5.40582 5.40296 1.5
      vertex 5.5 4.65 1.5
      vertex 5.5 5.4 1.5
    endloop
  endfacet
  facet normal 0 0 1
    outer loop
      vertex 5.40582 5.40296 1.5
      vertex 5.35872 4.65444 1.5
      vertex 5.5 4.65 1.5
    endloop
  endfacet
  facet normal 0 0 1
    outer loop
      vertex 5.312 5.41183 1.5
      vertex 5.35872 4.65444 1.5
      vertex 5.40582 5.40296 1.5
    endloop
  endfacet
  facet normal 0 0 1
    outer loop
      vertex 5.218 4.66774 1.5
      vertex 5.312 5.41183 1.5
      vertex 5.21893 5.42657 1.5
    endloop
  endfacet
  facet normal 0 0 1
    outer loop
      vertex 5.312 5.41183 1.5
      vertex 5.218 4.66774 1.5
      vertex 5.35872 4.65444 1.5
    endloop
  endfacet
  facet normal 0 0 1
    outer loop
      vertex 5.07839 4.68985 1.5
      vertex 5.21893 5.42657 1.5
      vertex 5.12697 5.44712 1.5
    endloop
  endfacet
  facet normal 0 0 1
    outer loop
      vertex 5.21893 5.42657 1.5
      vertex 5.07839 4.68985 1.5
      vertex 5.218 4.66774 1.5
    endloop
  endfacet
  facet normal 0 0 1
    outer loop
      vertex 4.94045 4.72069 1.5
      vertex 5.12697 5.44712 1.5
      vertex 5.03648 5.47341 1.5
    endloop
  endfacet
  facet normal 0 0 1
    outer loop
      vertex 4.80471 4.76012 1.5
      vertex 5.03648 5.47341 1.5
      vertex 4.94781 5.50533 1.5
    endloop
  endfacet
  facet normal 0 0 1
    outer loop
      vertex 5.12697 5.44712 1.5
      vertex 4.94045 4.72069 1.5
      vertex 5.07839 4.68985 1.5
    endloop
  endfacet
  facet normal 0 0 1
    outer loop
      vertex 4.67172 4.808 1.5
      vertex 4.94781 5.50533 1.5
      vertex 4.86133 5.54276 1.5
    endloop
  endfacet
  facet normal 0 0 1
    outer loop
      vertex 5.03648 5.47341 1.5
      vertex 4.80471 4.76012 1.5
      vertex 4.94045 4.72069 1.5
    endloop
  endfacet
  facet normal 0 0 1
    outer loop
      vertex 4.542 4.86414 1.5
      vertex 4.86133 5.54276 1.5
      vertex 4.77737 5.58554 1.5
    endloop
  endfacet
  facet normal 0 0 1
    outer loop
      vertex 4.41605 4.92831 1.5
      vertex 4.77737 5.58554 1.5
      vertex 4.69626 5.63351 1.5
    endloop
  endfacet
  facet normal 0 0 1
    outer loop
      vertex 4.94781 5.50533 1.5
      vertex 4.67172 4.808 1.5
      vertex 4.80471 4.76012 1.5
    endloop
  endfacet
  facet normal 0 0 1
    outer loop
      vertex 4.29439 5.00026 1.5
      vertex 4.69626 5.63351 1.5
      vertex 4.61832 5.68647 1.5
    endloop
  endfacet
  facet normal 0 0 1
    outer loop
      vertex 4.17748 5.07971 1.5
      vertex 4.61832 5.68647 1.5
      vertex 4.54386 5.74423 1.5
    endloop
  endfacet
  facet normal 0 0 1
    outer loop
      vertex 4.86133 5.54276 1.5
      vertex 4.542 4.86414 1.5
      vertex 4.67172 4.808 1.5
    endloop
  endfacet
  facet normal 0 0 1
    outer loop
      vertex 4.0658 5.16634 1.5
      vertex 4.54386 5.74423 1.5
      vertex 4.47318 5.80655 1.5
    endloop
  endfacet
  facet normal 0 0 1
    outer loop
      vertex 4.77737 5.58554 1.5
      vertex 4.41605 4.92831 1.5
      vertex 4.542 4.86414 1.5
    endloop
  endfacet
  facet normal 0 0 1
    outer loop
      vertex 3.95977 5.25982 1.5
      vertex 4.47318 5.80655 1.5
      vertex 4.40655 5.87318 1.5
    endloop
  endfacet
  facet normal 0 0 1
    outer loop
      vertex 3.85982 5.35977 1.5
      vertex 4.40655 5.87318 1.5
      vertex 4.34423 5.94386 1.5
    endloop
  endfacet
  facet normal 0 0 1
    outer loop
      vertex 4.69626 5.63351 1.5
      vertex 4.29439 5.00026 1.5
      vertex 4.41605 4.92831 1.5
    endloop
  endfacet
  facet normal 0 0 1
    outer loop
      vertex 3.76635 5.4658 1.5
      vertex 4.34423 5.94386 1.5
      vertex 4.28648 6.01832 1.5
    endloop
  endfacet
  facet normal 0 0 1
    outer loop
      vertex 3.67971 5.57748 1.5
      vertex 4.28648 6.01832 1.5
      vertex 4.23351 6.09626 1.5
    endloop
  endfacet
  facet normal 0 0 1
    outer loop
      vertex 3.60026 5.69439 1.5
      vertex 4.23351 6.09626 1.5
      vertex 4.18554 6.17737 1.5
    endloop
  endfacet
  facet normal 0 0 1
    outer loop
      vertex 4.61832 5.68647 1.5
      vertex 4.17748 5.07971 1.5
      vertex 4.29439 5.00026 1.5
    endloop
  endfacet
  facet normal 0 0 1
    outer loop
      vertex 3.52831 5.81605 1.5
      vertex 4.18554 6.17737 1.5
      vertex 4.14276 6.26133 1.5
    endloop
  endfacet
  facet normal 0 0 1
    outer loop
      vertex 3.46414 5.942 1.5
      vertex 4.14276 6.26133 1.5
      vertex 4.10534 6.34781 1.5
    endloop
  endfacet
  facet normal 0 0 1
    outer loop
      vertex 3.408 6.07172 1.5
      vertex 4.10534 6.34781 1.5
      vertex 4.07342 6.43647 1.5
    endloop
  endfacet
  facet normal 0 0 1
    outer loop
      vertex 4.54386 5.74423 1.5
      vertex 4.0658 5.16634 1.5
      vertex 4.17748 5.07971 1.5
    endloop
  endfacet
  facet normal 0 0 1
    outer loop
      vertex 3.36012 6.20471 1.5
      vertex 4.07342 6.43647 1.5
      vertex 4.04713 6.52697 1.5
    endloop
  endfacet
  facet normal 0 0 1
    outer loop
      vertex 3.32069 6.34045 1.5
      vertex 4.04713 6.52697 1.5
      vertex 4.02657 6.61893 1.5
    endloop
  endfacet
  facet normal 0 0 1
    outer loop
      vertex 3.28985 6.47839 1.5
      vertex 4.02657 6.61893 1.5
      vertex 4.01183 6.712 1.5
    endloop
  endfacet
  facet normal 0 0 1
    outer loop
      vertex 3.26774 6.618 1.5
      vertex 4.01183 6.712 1.5
      vertex 4.00296 6.80581 1.5
    endloop
  endfacet
  facet normal 0 0 1
    outer loop
      vertex 4.47318 5.80655 1.5
      vertex 3.95977 5.25982 1.5
      vertex 4.0658 5.16634 1.5
    endloop
  endfacet
  facet normal 0 0 1
    outer loop
      vertex 3.25444 6.75872 1.5
      vertex 4.00296 6.80581 1.5
      vertex 4 6.9 1.5
    endloop
  endfacet
  facet normal -0 0 1
    outer loop
      vertex 3.408 7.72828 1.5
      vertex 4.10534 7.45219 1.5
      vertex 3.46414 7.858 1.5
    endloop
  endfacet
  facet normal 0 0 1
    outer loop
      vertex 4.10534 7.45219 1.5
      vertex 3.408 7.72828 1.5
      vertex 4.07342 7.36353 1.5
    endloop
  endfacet
  facet normal 0 0 1
    outer loop
      vertex 4.40655 5.87318 1.5
      vertex 3.85982 5.35977 1.5
      vertex 3.95977 5.25982 1.5
    endloop
  endfacet
  facet normal -0 0 1
    outer loop
      vertex 3.36012 7.59529 1.5
      vertex 4.07342 7.36353 1.5
      vertex 3.408 7.72828 1.5
    endloop
  endfacet
  facet normal 0 0 1
    outer loop
      vertex 4.34423 5.94386 1.5
      vertex 3.76635 5.4658 1.5
      vertex 3.85982 5.35977 1.5
    endloop
  endfacet
  facet normal 0 0 1
    outer loop
      vertex 4.07342 7.36353 1.5
      vertex 3.36012 7.59529 1.5
      vertex 4.04713 7.27303 1.5
    endloop
  endfacet
  facet normal 0 0 1
    outer loop
      vertex 4.28648 6.01832 1.5
      vertex 3.67971 5.57748 1.5
      vertex 3.76635 5.4658 1.5
    endloop
  endfacet
  facet normal -0 0 1
    outer loop
      vertex 3.32069 7.45955 1.5
      vertex 4.04713 7.27303 1.5
      vertex 3.36012 7.59529 1.5
    endloop
  endfacet
  facet normal 0 0 1
    outer loop
      vertex 4.23351 6.09626 1.5
      vertex 3.60026 5.69439 1.5
      vertex 3.67971 5.57748 1.5
    endloop
  endfacet
  facet normal 0 0 1
    outer loop
      vertex 4.04713 7.27303 1.5
      vertex 3.32069 7.45955 1.5
      vertex 4.02657 7.18107 1.5
    endloop
  endfacet
  facet normal 0 0 1
    outer loop
      vertex 4.18554 6.17737 1.5
      vertex 3.52831 5.81605 1.5
      vertex 3.60026 5.69439 1.5
    endloop
  endfacet
  facet normal -0 0 1
    outer loop
      vertex 3.28985 7.32161 1.5
      vertex 4.02657 7.18107 1.5
      vertex 3.32069 7.45955 1.5
    endloop
  endfacet
  facet normal 0 0 1
    outer loop
      vertex 4.14276 6.26133 1.5
      vertex 3.46414 5.942 1.5
      vertex 3.52831 5.81605 1.5
    endloop
  endfacet
  facet normal 0 0 1
    outer loop
      vertex 4.02657 7.18107 1.5
      vertex 3.28985 7.32161 1.5
      vertex 4.01183 7.088 1.5
    endloop
  endfacet
  facet normal 0 0 1
    outer loop
      vertex 4.10534 6.34781 1.5
      vertex 3.408 6.07172 1.5
      vertex 3.46414 5.942 1.5
    endloop
  endfacet
  facet normal -0 0 1
    outer loop
      vertex 3.26774 7.182 1.5
      vertex 4.01183 7.088 1.5
      vertex 3.28985 7.32161 1.5
    endloop
  endfacet
  facet normal 0 0 1
    outer loop
      vertex 4.07342 6.43647 1.5
      vertex 3.36012 6.20471 1.5
      vertex 3.408 6.07172 1.5
    endloop
  endfacet
  facet normal 0 0 1
    outer loop
      vertex 4.01183 7.088 1.5
      vertex 3.26774 7.182 1.5
      vertex 4.00296 6.99419 1.5
    endloop
  endfacet
  facet normal 0 0 1
    outer loop
      vertex 4.04713 6.52697 1.5
      vertex 3.32069 6.34045 1.5
      vertex 3.36012 6.20471 1.5
    endloop
  endfacet
  facet normal -0 0 1
    outer loop
      vertex 3.25444 7.04128 1.5
      vertex 4.00296 6.99419 1.5
      vertex 3.26774 7.182 1.5
    endloop
  endfacet
  facet normal 0 0 1
    outer loop
      vertex 4.02657 6.61893 1.5
      vertex 3.28985 6.47839 1.5
      vertex 3.32069 6.34045 1.5
    endloop
  endfacet
  facet normal 0 0 1
    outer loop
      vertex 4.00296 6.99419 1.5
      vertex 3.25444 7.04128 1.5
      vertex 4 6.9 1.5
    endloop
  endfacet
  facet normal 0 0 1
    outer loop
      vertex 4.01183 6.712 1.5
      vertex 3.26774 6.618 1.5
      vertex 3.28985 6.47839 1.5
    endloop
  endfacet
  facet normal 0 0 1
    outer loop
      vertex 3.25 6.9 1.5
      vertex 4 6.9 1.5
      vertex 3.25444 7.04128 1.5
    endloop
  endfacet
  facet normal 0 0 1
    outer loop
      vertex 4.00296 6.80581 1.5
      vertex 3.25444 6.75872 1.5
      vertex 3.26774 6.618 1.5
    endloop
  endfacet
  facet normal 0 0 1
    outer loop
      vertex 4 6.9 1.5
      vertex 3.25 6.9 1.5
      vertex 3.25444 6.75872 1.5
    endloop
  endfacet
  facet normal 0.0940946 0.995563 -0
    outer loop
      vertex 5.35872 4.65444 1.5
      vertex 5.218 4.66774 8
      vertex 5.35872 4.65444 8
    endloop
  endfacet
  facet normal 0.0940946 0.995563 0
    outer loop
      vertex 5.218 4.66774 8
      vertex 5.35872 4.65444 1.5
      vertex 5.218 4.66774 1.5
    endloop
  endfacet
  facet normal 0.999507 0.0314114 0
    outer loop
      vertex 3.25444 6.75872 8
      vertex 3.25 6.9 1.5
      vertex 3.25 6.9 8
    endloop
  endfacet
  facet normal 0.999507 0.0314114 0
    outer loop
      vertex 3.25 6.9 1.5
      vertex 3.25444 6.75872 8
      vertex 3.25444 6.75872 1.5
    endloop
  endfacet
  facet normal 0.975907 0.218189 0
    outer loop
      vertex 3.32069 6.34045 8
      vertex 3.28985 6.47839 1.5
      vertex 3.28985 6.47839 8
    endloop
  endfacet
  facet normal 0.975907 0.218189 0
    outer loop
      vertex 3.28985 6.47839 1.5
      vertex 3.32069 6.34045 8
      vertex 3.32069 6.34045 1.5
    endloop
  endfacet
  facet normal 0.860741 0.509044 0
    outer loop
      vertex 3.60026 5.69439 8
      vertex 3.52831 5.81605 1.5
      vertex 3.52831 5.81605 8
    endloop
  endfacet
  facet normal 0.860741 0.509044 0
    outer loop
      vertex 3.52831 5.81605 1.5
      vertex 3.60026 5.69439 8
      vertex 3.60026 5.69439 1.5
    endloop
  endfacet
  facet normal 0.707107 0.707107 0
    outer loop
      vertex 3.95977 5.25982 8
      vertex 3.85982 5.35977 1.5
      vertex 3.85982 5.35977 8
    endloop
  endfacet
  facet normal 0.707107 0.707107 0
    outer loop
      vertex 3.85982 5.35977 1.5
      vertex 3.95977 5.25982 8
      vertex 3.95977 5.25982 1.5
    endloop
  endfacet
  facet normal -0.15642 0.987691 0
    outer loop
      vertex 5.92161 4.68985 1.5
      vertex 5.782 4.66774 8
      vertex 5.92161 4.68985 8
    endloop
  endfacet
  facet normal -0.15642 0.987691 0
    outer loop
      vertex 5.782 4.66774 8
      vertex 5.92161 4.68985 1.5
      vertex 5.782 4.66774 1.5
    endloop
  endfacet
  facet normal -0.278951 0.960305 0
    outer loop
      vertex 6.19529 4.76012 1.5
      vertex 6.05955 4.72069 8
      vertex 6.19529 4.76012 8
    endloop
  endfacet
  facet normal -0.278951 0.960305 0
    outer loop
      vertex 6.05955 4.72069 8
      vertex 6.19529 4.76012 1.5
      vertex 6.05955 4.72069 1.5
    endloop
  endfacet
  facet normal -0.940879 -0.338742 0
    outer loop
      vertex 7.63988 7.59529 1.5
      vertex 7.592 7.72828 8
      vertex 7.592 7.72828 1.5
    endloop
  endfacet
  facet normal -0.940879 -0.338742 0
    outer loop
      vertex 7.592 7.72828 8
      vertex 7.63988 7.59529 1.5
      vertex 7.63988 7.59529 8
    endloop
  endfacet
  facet normal -0.987691 0.15642 0
    outer loop
      vertex 7.71015 6.47839 1.5
      vertex 7.73226 6.618 8
      vertex 7.73226 6.618 1.5
    endloop
  endfacet
  facet normal -0.987691 0.15642 0
    outer loop
      vertex 7.73226 6.618 8
      vertex 7.71015 6.47839 1.5
      vertex 7.71015 6.47839 8
    endloop
  endfacet
  facet normal -0.917741 0.397179 0
    outer loop
      vertex 7.53586 5.942 1.5
      vertex 7.592 6.07172 8
      vertex 7.592 6.07172 1.5
    endloop
  endfacet
  facet normal -0.917741 0.397179 0
    outer loop
      vertex 7.592 6.07172 8
      vertex 7.53586 5.942 1.5
      vertex 7.53586 5.942 8
    endloop
  endfacet
  facet normal -0.89102 0.453964 0
    outer loop
      vertex 7.47169 5.81605 1.5
      vertex 7.53586 5.942 8
      vertex 7.53586 5.942 1.5
    endloop
  endfacet
  facet normal -0.89102 0.453964 0
    outer loop
      vertex 7.53586 5.942 8
      vertex 7.47169 5.81605 1.5
      vertex 7.47169 5.81605 8
    endloop
  endfacet
  facet normal -0.509044 0.860741 0
    outer loop
      vertex 6.70561 5.00026 1.5
      vertex 6.58395 4.92831 8
      vertex 6.70561 5.00026 8
    endloop
  endfacet
  facet normal -0.509044 0.860741 0
    outer loop
      vertex 6.58395 4.92831 8
      vertex 6.70561 5.00026 1.5
      vertex 6.58395 4.92831 1.5
    endloop
  endfacet
  facet normal -0.453964 0.89102 0
    outer loop
      vertex 6.58395 4.92831 1.5
      vertex 6.458 4.86414 8
      vertex 6.58395 4.92831 8
    endloop
  endfacet
  facet normal -0.453964 0.89102 0
    outer loop
      vertex 6.458 4.86414 8
      vertex 6.58395 4.92831 1.5
      vertex 6.458 4.86414 1.5
    endloop
  endfacet
  facet normal -0.707107 0.707107 0
    outer loop
      vertex 7.04023 5.25982 1.5
      vertex 7.14018 5.35977 8
      vertex 7.14018 5.35977 1.5
    endloop
  endfacet
  facet normal -0.707107 0.707107 0
    outer loop
      vertex 7.14018 5.35977 8
      vertex 7.04023 5.25982 1.5
      vertex 7.04023 5.25982 8
    endloop
  endfacet
  facet normal -0.612916 0.790148 0
    outer loop
      vertex 6.9342 5.16634 1.5
      vertex 6.82252 5.07971 8
      vertex 6.9342 5.16634 8
    endloop
  endfacet
  facet normal -0.612916 0.790148 0
    outer loop
      vertex 6.82252 5.07971 8
      vertex 6.9342 5.16634 1.5
      vertex 6.82252 5.07971 1.5
    endloop
  endfacet
  facet normal -0.827087 0.562074 0
    outer loop
      vertex 7.32029 5.57748 1.5
      vertex 7.39974 5.69439 8
      vertex 7.39974 5.69439 1.5
    endloop
  endfacet
  facet normal -0.827087 0.562074 0
    outer loop
      vertex 7.39974 5.69439 8
      vertex 7.32029 5.57748 1.5
      vertex 7.32029 5.57748 8
    endloop
  endfacet
  facet normal 0.612916 0.790148 -0
    outer loop
      vertex 4.17748 5.07971 1.5
      vertex 4.0658 5.16634 8
      vertex 4.17748 5.07971 8
    endloop
  endfacet
  facet normal 0.612916 0.790148 0
    outer loop
      vertex 4.0658 5.16634 8
      vertex 4.17748 5.07971 1.5
      vertex 4.0658 5.16634 1.5
    endloop
  endfacet
  facet normal -0.0314114 0.999507 0
    outer loop
      vertex 5.64128 4.65444 1.5
      vertex 5.5 4.65 8
      vertex 5.64128 4.65444 8
    endloop
  endfacet
  facet normal -0.0314114 0.999507 0
    outer loop
      vertex 5.5 4.65 8
      vertex 5.64128 4.65444 1.5
      vertex 5.5 4.65 1.5
    endloop
  endfacet
  facet normal 0.0314114 0.999507 -0
    outer loop
      vertex 5.5 4.65 1.5
      vertex 5.35872 4.65444 8
      vertex 5.5 4.65 8
    endloop
  endfacet
  facet normal 0.0314114 0.999507 0
    outer loop
      vertex 5.35872 4.65444 8
      vertex 5.5 4.65 1.5
      vertex 5.35872 4.65444 1.5
    endloop
  endfacet
  facet normal 0.453964 0.89102 -0
    outer loop
      vertex 4.542 4.86414 1.5
      vertex 4.41605 4.92831 8
      vertex 4.542 4.86414 8
    endloop
  endfacet
  facet normal 0.453964 0.89102 0
    outer loop
      vertex 4.41605 4.92831 8
      vertex 4.542 4.86414 1.5
      vertex 4.41605 4.92831 1.5
    endloop
  endfacet
  facet normal 0.397179 0.917741 -0
    outer loop
      vertex 4.67172 4.808 1.5
      vertex 4.542 4.86414 8
      vertex 4.67172 4.808 8
    endloop
  endfacet
  facet normal 0.397179 0.917741 0
    outer loop
      vertex 4.542 4.86414 8
      vertex 4.67172 4.808 1.5
      vertex 4.542 4.86414 1.5
    endloop
  endfacet
  facet normal 0.509044 0.860741 -0
    outer loop
      vertex 4.41605 4.92831 1.5
      vertex 4.29439 5.00026 8
      vertex 4.41605 4.92831 8
    endloop
  endfacet
  facet normal 0.509044 0.860741 0
    outer loop
      vertex 4.29439 5.00026 8
      vertex 4.41605 4.92831 1.5
      vertex 4.29439 5.00026 1.5
    endloop
  endfacet
  facet normal 0.278951 0.960305 -0
    outer loop
      vertex 4.94045 4.72069 1.5
      vertex 4.80471 4.76012 8
      vertex 4.94045 4.72069 8
    endloop
  endfacet
  facet normal 0.278951 0.960305 0
    outer loop
      vertex 4.80471 4.76012 8
      vertex 4.94045 4.72069 1.5
      vertex 4.80471 4.76012 1.5
    endloop
  endfacet
  facet normal 0.995563 0.0940946 0
    outer loop
      vertex 3.26774 6.618 8
      vertex 3.25444 6.75872 1.5
      vertex 3.25444 6.75872 8
    endloop
  endfacet
  facet normal 0.995563 0.0940946 0
    outer loop
      vertex 3.25444 6.75872 1.5
      vertex 3.26774 6.618 8
      vertex 3.26774 6.618 1.5
    endloop
  endfacet
  facet normal 0.960305 0.278951 0
    outer loop
      vertex 3.36012 6.20471 8
      vertex 3.32069 6.34045 1.5
      vertex 3.32069 6.34045 8
    endloop
  endfacet
  facet normal 0.960305 0.278951 0
    outer loop
      vertex 3.32069 6.34045 1.5
      vertex 3.36012 6.20471 8
      vertex 3.36012 6.20471 1.5
    endloop
  endfacet
  facet normal 0.89102 0.453964 0
    outer loop
      vertex 3.52831 5.81605 8
      vertex 3.46414 5.942 1.5
      vertex 3.46414 5.942 8
    endloop
  endfacet
  facet normal 0.89102 0.453964 0
    outer loop
      vertex 3.46414 5.942 1.5
      vertex 3.52831 5.81605 8
      vertex 3.52831 5.81605 1.5
    endloop
  endfacet
  facet normal 0.917741 0.397179 0
    outer loop
      vertex 3.46414 5.942 8
      vertex 3.408 6.07172 1.5
      vertex 3.408 6.07172 8
    endloop
  endfacet
  facet normal 0.917741 0.397179 0
    outer loop
      vertex 3.408 6.07172 1.5
      vertex 3.46414 5.942 8
      vertex 3.46414 5.942 1.5
    endloop
  endfacet
  facet normal 0.790114 0.612961 0
    outer loop
      vertex 3.76635 5.4658 8
      vertex 3.67971 5.57748 1.5
      vertex 3.67971 5.57748 8
    endloop
  endfacet
  facet normal 0.790114 0.612961 0
    outer loop
      vertex 3.67971 5.57748 1.5
      vertex 3.76635 5.4658 8
      vertex 3.76635 5.4658 1.5
    endloop
  endfacet
  facet normal 0.827087 0.562074 0
    outer loop
      vertex 3.67971 5.57748 8
      vertex 3.60026 5.69439 1.5
      vertex 3.60026 5.69439 8
    endloop
  endfacet
  facet normal 0.827087 0.562074 0
    outer loop
      vertex 3.60026 5.69439 1.5
      vertex 3.67971 5.57748 8
      vertex 3.67971 5.57748 1.5
    endloop
  endfacet
  facet normal 0.750139 0.66128 0
    outer loop
      vertex 3.85982 5.35977 8
      vertex 3.76635 5.4658 1.5
      vertex 3.76635 5.4658 8
    endloop
  endfacet
  facet normal 0.750139 0.66128 0
    outer loop
      vertex 3.76635 5.4658 1.5
      vertex 3.85982 5.35977 8
      vertex 3.85982 5.35977 1.5
    endloop
  endfacet
  facet normal -0.218189 0.975907 0
    outer loop
      vertex 6.05955 4.72069 1.5
      vertex 5.92161 4.68985 8
      vertex 6.05955 4.72069 8
    endloop
  endfacet
  facet normal -0.218189 0.975907 0
    outer loop
      vertex 5.92161 4.68985 8
      vertex 6.05955 4.72069 1.5
      vertex 5.92161 4.68985 1.5
    endloop
  endfacet
  facet normal -0.562074 0.827087 0
    outer loop
      vertex 6.82252 5.07971 1.5
      vertex 6.70561 5.00026 8
      vertex 6.82252 5.07971 8
    endloop
  endfacet
  facet normal -0.562074 0.827087 0
    outer loop
      vertex 6.70561 5.00026 8
      vertex 6.82252 5.07971 1.5
      vertex 6.70561 5.00026 1.5
    endloop
  endfacet
  facet normal -0.66132 0.750104 0
    outer loop
      vertex 7.04023 5.25982 1.5
      vertex 6.9342 5.16634 8
      vertex 7.04023 5.25982 8
    endloop
  endfacet
  facet normal -0.66132 0.750104 0
    outer loop
      vertex 6.9342 5.16634 8
      vertex 7.04023 5.25982 1.5
      vertex 6.9342 5.16634 1.5
    endloop
  endfacet
  facet normal -0.750139 0.66128 0
    outer loop
      vertex 7.14018 5.35977 1.5
      vertex 7.23365 5.4658 8
      vertex 7.23365 5.4658 1.5
    endloop
  endfacet
  facet normal -0.750139 0.66128 0
    outer loop
      vertex 7.23365 5.4658 8
      vertex 7.14018 5.35977 1.5
      vertex 7.14018 5.35977 8
    endloop
  endfacet
  facet normal 0.15642 0.987691 -0
    outer loop
      vertex 5.218 4.66774 1.5
      vertex 5.07839 4.68985 8
      vertex 5.218 4.66774 8
    endloop
  endfacet
  facet normal 0.15642 0.987691 0
    outer loop
      vertex 5.07839 4.68985 8
      vertex 5.218 4.66774 1.5
      vertex 5.07839 4.68985 1.5
    endloop
  endfacet
  facet normal 0.218189 0.975907 -0
    outer loop
      vertex 5.07839 4.68985 1.5
      vertex 4.94045 4.72069 8
      vertex 5.07839 4.68985 8
    endloop
  endfacet
  facet normal 0.218189 0.975907 0
    outer loop
      vertex 4.94045 4.72069 8
      vertex 5.07839 4.68985 1.5
      vertex 4.94045 4.72069 1.5
    endloop
  endfacet
  facet normal 0 0 -1
    outer loop
      vertex 14 -3 0
      vertex 11 0 0
      vertex 14 0 0
    endloop
  endfacet
  facet normal 0 0 -1
    outer loop
      vertex 11 0 0
      vertex 7 6.9 0
      vertex 11 13.8 0
    endloop
  endfacet
  facet normal 0 0 -1
    outer loop
      vertex 11 0 0
      vertex 6.99704 6.80581 0
      vertex 7 6.9 0
    endloop
  endfacet
  facet normal 0 0 -1
    outer loop
      vertex 11 0 0
      vertex 6.98817 6.712 0
      vertex 6.99704 6.80581 0
    endloop
  endfacet
  facet normal 0 0 -1
    outer loop
      vertex 11 0 0
      vertex 6.97343 6.61893 0
      vertex 6.98817 6.712 0
    endloop
  endfacet
  facet normal 0 0 -1
    outer loop
      vertex 11 0 0
      vertex 6.95288 6.52697 0
      vertex 6.97343 6.61893 0
    endloop
  endfacet
  facet normal 0 0 -1
    outer loop
      vertex 11 0 0
      vertex 6.92659 6.43647 0
      vertex 6.95288 6.52697 0
    endloop
  endfacet
  facet normal 0 0 -1
    outer loop
      vertex 11 0 0
      vertex 6.89466 6.34781 0
      vertex 6.92659 6.43647 0
    endloop
  endfacet
  facet normal 0 0 -1
    outer loop
      vertex 11 0 0
      vertex 6.85724 6.26133 0
      vertex 6.89466 6.34781 0
    endloop
  endfacet
  facet normal 0 0 -1
    outer loop
      vertex 11 0 0
      vertex 6.81446 6.17737 0
      vertex 6.85724 6.26133 0
    endloop
  endfacet
  facet normal 0 0 -1
    outer loop
      vertex 11 0 0
      vertex 6.76649 6.09626 0
      vertex 6.81446 6.17737 0
    endloop
  endfacet
  facet normal 0 0 -1
    outer loop
      vertex 11 0 0
      vertex 6.71353 6.01832 0
      vertex 6.76649 6.09626 0
    endloop
  endfacet
  facet normal 0 0 -1
    outer loop
      vertex 11 0 0
      vertex 6.65577 5.94386 0
      vertex 6.71353 6.01832 0
    endloop
  endfacet
  facet normal 0 0 -1
    outer loop
      vertex 11 0 0
      vertex 6.59345 5.87318 0
      vertex 6.65577 5.94386 0
    endloop
  endfacet
  facet normal 0 0 -1
    outer loop
      vertex 11 0 0
      vertex 6.52682 5.80655 0
      vertex 6.59345 5.87318 0
    endloop
  endfacet
  facet normal 0 0 -1
    outer loop
      vertex 11 0 0
      vertex 6.45614 5.74423 0
      vertex 6.52682 5.80655 0
    endloop
  endfacet
  facet normal 0 0 -1
    outer loop
      vertex 11 0 0
      vertex 6.38168 5.68647 0
      vertex 6.45614 5.74423 0
    endloop
  endfacet
  facet normal 0 0 -1
    outer loop
      vertex 11 0 0
      vertex 6.30374 5.63351 0
      vertex 6.38168 5.68647 0
    endloop
  endfacet
  facet normal 0 0 -1
    outer loop
      vertex 11 0 0
      vertex 6.22263 5.58554 0
      vertex 6.30374 5.63351 0
    endloop
  endfacet
  facet normal 0 0 -1
    outer loop
      vertex 11 0 0
      vertex 6.13867 5.54276 0
      vertex 6.22263 5.58554 0
    endloop
  endfacet
  facet normal 0 0 -1
    outer loop
      vertex 11 0 0
      vertex 6.05219 5.50533 0
      vertex 6.13867 5.54276 0
    endloop
  endfacet
  facet normal 0 0 -1
    outer loop
      vertex 11 0 0
      vertex 5.96353 5.47341 0
      vertex 6.05219 5.50533 0
    endloop
  endfacet
  facet normal 0 0 -1
    outer loop
      vertex 11 0 0
      vertex 5.87304 5.44712 0
      vertex 5.96353 5.47341 0
    endloop
  endfacet
  facet normal 0 0 -1
    outer loop
      vertex 11 0 0
      vertex 5.78107 5.42657 0
      vertex 5.87304 5.44712 0
    endloop
  endfacet
  facet normal 0 0 -1
    outer loop
      vertex 11 0 0
      vertex 5.688 5.41183 0
      vertex 5.78107 5.42657 0
    endloop
  endfacet
  facet normal 0 0 -1
    outer loop
      vertex 11 0 0
      vertex 5.59419 5.40296 0
      vertex 5.688 5.41183 0
    endloop
  endfacet
  facet normal 0 0 -1
    outer loop
      vertex 0 0 0
      vertex 11 0 0
      vertex 14 -3 0
    endloop
  endfacet
  facet normal 0 -0 -1
    outer loop
      vertex 5.5 5.4 0
      vertex 11 0 0
      vertex 0 0 0
    endloop
  endfacet
  facet normal 0 0 -1
    outer loop
      vertex 11 0 0
      vertex 5.5 5.4 0
      vertex 5.59419 5.40296 0
    endloop
  endfacet
  facet normal -0 0 -1
    outer loop
      vertex 5.5 5.4 0
      vertex 0 0 0
      vertex 5.40582 5.40296 0
    endloop
  endfacet
  facet normal -0 0 -1
    outer loop
      vertex 5.40582 5.40296 0
      vertex 0 0 0
      vertex 5.312 5.41183 0
    endloop
  endfacet
  facet normal -0 0 -1
    outer loop
      vertex 5.312 5.41183 0
      vertex 0 0 0
      vertex 5.21893 5.42657 0
    endloop
  endfacet
  facet normal -0 0 -1
    outer loop
      vertex 5.21893 5.42657 0
      vertex 0 0 0
      vertex 5.12697 5.44712 0
    endloop
  endfacet
  facet normal -0 0 -1
    outer loop
      vertex 5.12697 5.44712 0
      vertex 0 0 0
      vertex 5.03648 5.47341 0
    endloop
  endfacet
  facet normal -0 0 -1
    outer loop
      vertex 5.03648 5.47341 0
      vertex 0 0 0
      vertex 4.94781 5.50533 0
    endloop
  endfacet
  facet normal -0 0 -1
    outer loop
      vertex 4.94781 5.50533 0
      vertex 0 0 0
      vertex 4.86133 5.54276 0
    endloop
  endfacet
  facet normal -0 0 -1
    outer loop
      vertex 4.86133 5.54276 0
      vertex 0 0 0
      vertex 4.77737 5.58554 0
    endloop
  endfacet
  facet normal -0 0 -1
    outer loop
      vertex 4.77737 5.58554 0
      vertex 0 0 0
      vertex 4.69626 5.63351 0
    endloop
  endfacet
  facet normal -0 0 -1
    outer loop
      vertex 4.69626 5.63351 0
      vertex 0 0 0
      vertex 4.61832 5.68647 0
    endloop
  endfacet
  facet normal -0 0 -1
    outer loop
      vertex 4.61832 5.68647 0
      vertex 0 0 0
      vertex 4.54386 5.74423 0
    endloop
  endfacet
  facet normal -0 0 -1
    outer loop
      vertex 4.00296 6.80581 0
      vertex 0 0 0
      vertex 4 6.9 0
    endloop
  endfacet
  facet normal -0 0 -1
    outer loop
      vertex 4.01183 6.712 0
      vertex 0 0 0
      vertex 4.00296 6.80581 0
    endloop
  endfacet
  facet normal -0 0 -1
    outer loop
      vertex 4.02657 6.61893 0
      vertex 0 0 0
      vertex 4.01183 6.712 0
    endloop
  endfacet
  facet normal -0 0 -1
    outer loop
      vertex 4.04713 6.52697 0
      vertex 0 0 0
      vertex 4.02657 6.61893 0
    endloop
  endfacet
  facet normal -0 0 -1
    outer loop
      vertex 4.07342 6.43647 0
      vertex 0 0 0
      vertex 4.04713 6.52697 0
    endloop
  endfacet
  facet normal -0 0 -1
    outer loop
      vertex 4.10534 6.34781 0
      vertex 0 0 0
      vertex 4.07342 6.43647 0
    endloop
  endfacet
  facet normal -0 0 -1
    outer loop
      vertex 4.14276 6.26133 0
      vertex 0 0 0
      vertex 4.10534 6.34781 0
    endloop
  endfacet
  facet normal -0 0 -1
    outer loop
      vertex 4.18554 6.17737 0
      vertex 0 0 0
      vertex 4.14276 6.26133 0
    endloop
  endfacet
  facet normal -0 0 -1
    outer loop
      vertex 4.23351 6.09626 0
      vertex 0 0 0
      vertex 4.18554 6.17737 0
    endloop
  endfacet
  facet normal -0 0 -1
    outer loop
      vertex 4.28648 6.01832 0
      vertex 0 0 0
      vertex 4.23351 6.09626 0
    endloop
  endfacet
  facet normal -0 0 -1
    outer loop
      vertex 4.34423 5.94386 0
      vertex 0 0 0
      vertex 4.28648 6.01832 0
    endloop
  endfacet
  facet normal -0 0 -1
    outer loop
      vertex 4.40655 5.87318 0
      vertex 0 0 0
      vertex 4.34423 5.94386 0
    endloop
  endfacet
  facet normal -0 0 -1
    outer loop
      vertex 4.47318 5.80655 0
      vertex 0 0 0
      vertex 4.40655 5.87318 0
    endloop
  endfacet
  facet normal -0 0 -1
    outer loop
      vertex 4.54386 5.74423 0
      vertex 0 0 0
      vertex 4.47318 5.80655 0
    endloop
  endfacet
  facet normal 0 0 -1
    outer loop
      vertex -3 -3 0
      vertex 0 0 0
      vertex 14 -3 0
    endloop
  endfacet
  facet normal -0 0 -1
    outer loop
      vertex 0 0 0
      vertex -3 -3 0
      vertex -3 0 0
    endloop
  endfacet
  facet normal 0 0 -1
    outer loop
      vertex 6.99704 6.99419 0
      vertex 11 13.8 0
      vertex 7 6.9 0
    endloop
  endfacet
  facet normal 0 0 -1
    outer loop
      vertex 6.98817 7.088 0
      vertex 11 13.8 0
      vertex 6.99704 6.99419 0
    endloop
  endfacet
  facet normal 0 0 -1
    outer loop
      vertex 6.97343 7.18107 0
      vertex 11 13.8 0
      vertex 6.98817 7.088 0
    endloop
  endfacet
  facet normal 0 0 -1
    outer loop
      vertex 6.95288 7.27303 0
      vertex 11 13.8 0
      vertex 6.97343 7.18107 0
    endloop
  endfacet
  facet normal 0 0 -1
    outer loop
      vertex 6.92659 7.36353 0
      vertex 11 13.8 0
      vertex 6.95288 7.27303 0
    endloop
  endfacet
  facet normal 0 0 -1
    outer loop
      vertex 6.89466 7.45219 0
      vertex 11 13.8 0
      vertex 6.92659 7.36353 0
    endloop
  endfacet
  facet normal 0 0 -1
    outer loop
      vertex 6.85724 7.53867 0
      vertex 11 13.8 0
      vertex 6.89466 7.45219 0
    endloop
  endfacet
  facet normal 0 0 -1
    outer loop
      vertex 6.81446 7.62263 0
      vertex 11 13.8 0
      vertex 6.85724 7.53867 0
    endloop
  endfacet
  facet normal 0 0 -1
    outer loop
      vertex 6.76649 7.70374 0
      vertex 11 13.8 0
      vertex 6.81446 7.62263 0
    endloop
  endfacet
  facet normal 0 0 -1
    outer loop
      vertex 6.71353 7.78168 0
      vertex 11 13.8 0
      vertex 6.76649 7.70374 0
    endloop
  endfacet
  facet normal 0 0 -1
    outer loop
      vertex 6.65577 7.85614 0
      vertex 11 13.8 0
      vertex 6.71353 7.78168 0
    endloop
  endfacet
  facet normal 0 0 -1
    outer loop
      vertex 6.59345 7.92682 0
      vertex 11 13.8 0
      vertex 6.65577 7.85614 0
    endloop
  endfacet
  facet normal 0 0 -1
    outer loop
      vertex 6.52682 7.99345 0
      vertex 11 13.8 0
      vertex 6.59345 7.92682 0
    endloop
  endfacet
  facet normal 0 0 -1
    outer loop
      vertex 6.45614 8.05577 0
      vertex 11 13.8 0
      vertex 6.52682 7.99345 0
    endloop
  endfacet
  facet normal 0 0 -1
    outer loop
      vertex 6.38168 8.11353 0
      vertex 11 13.8 0
      vertex 6.45614 8.05577 0
    endloop
  endfacet
  facet normal 0 0 -1
    outer loop
      vertex 6.30374 8.16649 0
      vertex 11 13.8 0
      vertex 6.38168 8.11353 0
    endloop
  endfacet
  facet normal 0 0 -1
    outer loop
      vertex 6.22263 8.21446 0
      vertex 11 13.8 0
      vertex 6.30374 8.16649 0
    endloop
  endfacet
  facet normal 0 0 -1
    outer loop
      vertex 6.13867 8.25724 0
      vertex 11 13.8 0
      vertex 6.22263 8.21446 0
    endloop
  endfacet
  facet normal 0 0 -1
    outer loop
      vertex 6.05219 8.29466 0
      vertex 11 13.8 0
      vertex 6.13867 8.25724 0
    endloop
  endfacet
  facet normal 0 0 -1
    outer loop
      vertex 5.96353 8.32658 0
      vertex 11 13.8 0
      vertex 6.05219 8.29466 0
    endloop
  endfacet
  facet normal 0 0 -1
    outer loop
      vertex 5.87304 8.35287 0
      vertex 11 13.8 0
      vertex 5.96353 8.32658 0
    endloop
  endfacet
  facet normal 0 0 -1
    outer loop
      vertex 5.78107 8.37343 0
      vertex 11 13.8 0
      vertex 5.87304 8.35287 0
    endloop
  endfacet
  facet normal 0 0 -1
    outer loop
      vertex 5.688 8.38817 0
      vertex 11 13.8 0
      vertex 5.78107 8.37343 0
    endloop
  endfacet
  facet normal 0 0 -1
    outer loop
      vertex 5.59419 8.39704 0
      vertex 11 13.8 0
      vertex 5.688 8.38817 0
    endloop
  endfacet
  facet normal 0 0 -1
    outer loop
      vertex 5.5 8.4 0
      vertex 11 13.8 0
      vertex 5.59419 8.39704 0
    endloop
  endfacet
  facet normal 0 0 -1
    outer loop
      vertex 0 13.8 0
      vertex 5.5 8.4 0
      vertex 5.40582 8.39704 0
    endloop
  endfacet
  facet normal 0 0 -1
    outer loop
      vertex 0 13.8 0
      vertex 5.40582 8.39704 0
      vertex 5.312 8.38817 0
    endloop
  endfacet
  facet normal 0 0 -1
    outer loop
      vertex 0 13.8 0
      vertex 5.312 8.38817 0
      vertex 5.21893 8.37343 0
    endloop
  endfacet
  facet normal 0 0 -1
    outer loop
      vertex 0 13.8 0
      vertex 5.21893 8.37343 0
      vertex 5.12697 8.35287 0
    endloop
  endfacet
  facet normal 0 0 -1
    outer loop
      vertex 0 13.8 0
      vertex 5.12697 8.35287 0
      vertex 5.03648 8.32658 0
    endloop
  endfacet
  facet normal 0 0 -1
    outer loop
      vertex 0 13.8 0
      vertex 5.03648 8.32658 0
      vertex 4.94781 8.29466 0
    endloop
  endfacet
  facet normal 0 0 -1
    outer loop
      vertex 0 13.8 0
      vertex 4.94781 8.29466 0
      vertex 4.86133 8.25724 0
    endloop
  endfacet
  facet normal 0 0 -1
    outer loop
      vertex 0 13.8 0
      vertex 4.86133 8.25724 0
      vertex 4.77737 8.21446 0
    endloop
  endfacet
  facet normal 0 0 -1
    outer loop
      vertex 0 13.8 0
      vertex 4.77737 8.21446 0
      vertex 4.69626 8.16649 0
    endloop
  endfacet
  facet normal 0 0 -1
    outer loop
      vertex 0 13.8 0
      vertex 4.69626 8.16649 0
      vertex 4.61832 8.11353 0
    endloop
  endfacet
  facet normal 0 0 -1
    outer loop
      vertex 0 13.8 0
      vertex 4.61832 8.11353 0
      vertex 4.54386 8.05577 0
    endloop
  endfacet
  facet normal 0 0 -1
    outer loop
      vertex 0 13.8 0
      vertex 4.54386 8.05577 0
      vertex 4.47318 7.99345 0
    endloop
  endfacet
  facet normal 0 0 -1
    outer loop
      vertex 0 13.8 0
      vertex 4 6.9 0
      vertex 0 0 0
    endloop
  endfacet
  facet normal 0 0 -1
    outer loop
      vertex 4 6.9 0
      vertex 0 13.8 0
      vertex 4.00296 6.99419 0
    endloop
  endfacet
  facet normal 0 0 -1
    outer loop
      vertex 4.00296 6.99419 0
      vertex 0 13.8 0
      vertex 4.01183 7.088 0
    endloop
  endfacet
  facet normal 0 0 -1
    outer loop
      vertex 4.01183 7.088 0
      vertex 0 13.8 0
      vertex 4.02657 7.18107 0
    endloop
  endfacet
  facet normal 0 0 -1
    outer loop
      vertex 4.02657 7.18107 0
      vertex 0 13.8 0
      vertex 4.04713 7.27303 0
    endloop
  endfacet
  facet normal 0 0 -1
    outer loop
      vertex 4.04713 7.27303 0
      vertex 0 13.8 0
      vertex 4.07342 7.36353 0
    endloop
  endfacet
  facet normal 0 0 -1
    outer loop
      vertex 4.07342 7.36353 0
      vertex 0 13.8 0
      vertex 4.10534 7.45219 0
    endloop
  endfacet
  facet normal 0 0 -1
    outer loop
      vertex 4.10534 7.45219 0
      vertex 0 13.8 0
      vertex 4.14276 7.53867 0
    endloop
  endfacet
  facet normal 0 0 -1
    outer loop
      vertex 5.5 8.4 0
      vertex 0 13.8 0
      vertex 11 13.8 0
    endloop
  endfacet
  facet normal 0 0 -1
    outer loop
      vertex 4.40655 7.92682 0
      vertex 0 13.8 0
      vertex 4.47318 7.99345 0
    endloop
  endfacet
  facet normal 0 0 -1
    outer loop
      vertex 4.34423 7.85614 0
      vertex 0 13.8 0
      vertex 4.40655 7.92682 0
    endloop
  endfacet
  facet normal 0 0 -1
    outer loop
      vertex 4.28648 7.78168 0
      vertex 0 13.8 0
      vertex 4.34423 7.85614 0
    endloop
  endfacet
  facet normal 0 0 -1
    outer loop
      vertex 4.23351 7.70374 0
      vertex 0 13.8 0
      vertex 4.28648 7.78168 0
    endloop
  endfacet
  facet normal 0 0 -1
    outer loop
      vertex 4.18554 7.62263 0
      vertex 0 13.8 0
      vertex 4.23351 7.70374 0
    endloop
  endfacet
  facet normal 0 0 -1
    outer loop
      vertex 4.14276 7.53867 0
      vertex 0 13.8 0
      vertex 4.18554 7.62263 0
    endloop
  endfacet
  facet normal -1 0 0
    outer loop
      vertex 0 0 10.1
      vertex 0 1 15.6
      vertex 0 1 10.1
    endloop
  endfacet
  facet normal -1 -0 0
    outer loop
      vertex 0 1 15.6
      vertex 0 0 10.1
      vertex 0 0 15.6
    endloop
  endfacet
  facet normal -1 0 0
    outer loop
      vertex 0 13.8 0
      vertex 0 12.8 9.1
      vertex 0 13.8 9.1
    endloop
  endfacet
  facet normal -1 0 0
    outer loop
      vertex 0 1 10.1
      vertex 0 12.8 10.1
      vertex 0 12.8 9.1
    endloop
  endfacet
  facet normal -1 0 0
    outer loop
      vertex 0 12.8 10.1
      vertex 0 1 10.1
      vertex 0 12.8 15.6
    endloop
  endfacet
  facet normal -1 0 0
    outer loop
      vertex 0 1 10.1
      vertex 0 12.8 9.1
      vertex 0 1 9.1
    endloop
  endfacet
  facet normal -1 0 0
    outer loop
      vertex 0 13.8 0
      vertex 0 1 9.1
      vertex 0 12.8 9.1
    endloop
  endfacet
  facet normal -1 0 0
    outer loop
      vertex 0 0 0
      vertex 0 1 9.1
      vertex 0 13.8 0
    endloop
  endfacet
  facet normal -1 0 0
    outer loop
      vertex 0 0 8
      vertex 0 1 9.1
      vertex 0 0 0
    endloop
  endfacet
  facet normal -1 -0 0
    outer loop
      vertex 0 1 9.1
      vertex 0 0 8
      vertex 0 0 9.1
    endloop
  endfacet
  facet normal -1 0 0
    outer loop
      vertex 0 12.8 10.1
      vertex 0 13.8 15.6
      vertex 0 13.8 10.1
    endloop
  endfacet
  facet normal -1 -0 0
    outer loop
      vertex 0 13.8 15.6
      vertex 0 12.8 10.1
      vertex 0 12.8 15.6
    endloop
  endfacet
  facet normal -1 0 0
    outer loop
      vertex 0 12.8 16.6
      vertex 0 13.8 17.1
      vertex 0 13.8 16.6
    endloop
  endfacet
  facet normal -1 0 0
    outer loop
      vertex 0 1 15.6
      vertex 0 12.8 15.6
      vertex 0 1 10.1
    endloop
  endfacet
  facet normal -1 0 0
    outer loop
      vertex 0 12.8 15.6
      vertex 0 1 15.6
      vertex 0 12.8 16.6
    endloop
  endfacet
  facet normal -1 0 0
    outer loop
      vertex 0 1 16.6
      vertex 0 12.8 16.6
      vertex 0 1 15.6
    endloop
  endfacet
  facet normal -1 0 0
    outer loop
      vertex 0 12.8 16.6
      vertex 0 1 16.6
      vertex 0 13.8 17.1
    endloop
  endfacet
  facet normal -1 0 0
    outer loop
      vertex 0 0 17.1
      vertex 0 1 16.6
      vertex 0 0 16.6
    endloop
  endfacet
  facet normal -1 0 0
    outer loop
      vertex 0 1 16.6
      vertex 0 0 17.1
      vertex 0 13.8 17.1
    endloop
  endfacet
  facet normal -0 0 1
    outer loop
      vertex 0 13.8 17.1
      vertex 1.5 0 17.1
      vertex 1.5 13.8 17.1
    endloop
  endfacet
  facet normal 0 0 1
    outer loop
      vertex 1.5 0 17.1
      vertex 0 13.8 17.1
      vertex 0 0 17.1
    endloop
  endfacet
  facet normal -0 0 1
    outer loop
      vertex 9.5 13.8 17.1
      vertex 11 0 17.1
      vertex 11 13.8 17.1
    endloop
  endfacet
  facet normal 0 0 1
    outer loop
      vertex 11 0 17.1
      vertex 9.5 13.8 17.1
      vertex 9.5 0 17.1
    endloop
  endfacet
  facet normal 0 1 -0
    outer loop
      vertex 11 13.8 16.6
      vertex 9.5 13.8 17.1
      vertex 11 13.8 17.1
    endloop
  endfacet
  facet normal 0 1 0
    outer loop
      vertex 9.5 13.8 17.1
      vertex 11 13.8 16.6
      vertex 9.5 13.8 16.6
    endloop
  endfacet
  facet normal 0 1 -0
    outer loop
      vertex 1.5 13.8 16.6
      vertex 0 13.8 17.1
      vertex 1.5 13.8 17.1
    endloop
  endfacet
  facet normal 0 1 0
    outer loop
      vertex 0 13.8 17.1
      vertex 1.5 13.8 16.6
      vertex 0 13.8 16.6
    endloop
  endfacet
  facet normal 0 1 0
    outer loop
      vertex 11 13.8 9.1
      vertex 9.5 13.8 8
      vertex 9.5 13.8 9.1
    endloop
  endfacet
  facet normal 0 1 0
    outer loop
      vertex 9.5 13.8 8
      vertex 11 13.8 0
      vertex 1.5 13.8 8
    endloop
  endfacet
  facet normal 0 1 -0
    outer loop
      vertex 11 13.8 0
      vertex 9.5 13.8 8
      vertex 11 13.8 9.1
    endloop
  endfacet
  facet normal 0 1 -0
    outer loop
      vertex 1.5 13.8 8
      vertex 0 13.8 9.1
      vertex 1.5 13.8 9.1
    endloop
  endfacet
  facet normal 0 1 0
    outer loop
      vertex 0 13.8 0
      vertex 1.5 13.8 8
      vertex 11 13.8 0
    endloop
  endfacet
  facet normal 0 1 0
    outer loop
      vertex 1.5 13.8 8
      vertex 0 13.8 0
      vertex 0 13.8 9.1
    endloop
  endfacet
  facet normal 0 1 -0
    outer loop
      vertex 11 13.8 10.1
      vertex 9.5 13.8 15.6
      vertex 11 13.8 15.6
    endloop
  endfacet
  facet normal 0 1 0
    outer loop
      vertex 9.5 13.8 15.6
      vertex 11 13.8 10.1
      vertex 9.5 13.8 10.1
    endloop
  endfacet
  facet normal 0 1 -0
    outer loop
      vertex 1.5 13.8 10.1
      vertex 0 13.8 15.6
      vertex 1.5 13.8 15.6
    endloop
  endfacet
  facet normal 0 1 0
    outer loop
      vertex 0 13.8 15.6
      vertex 1.5 13.8 10.1
      vertex 0 13.8 10.1
    endloop
  endfacet
  facet normal 1 -0 0
    outer loop
      vertex 11 0 15.6
      vertex 11 1 10.1
      vertex 11 1 15.6
    endloop
  endfacet
  facet normal 1 0 0
    outer loop
      vertex 11 1 10.1
      vertex 11 0 15.6
      vertex 11 0 10.1
    endloop
  endfacet
  facet normal 1 0 0
    outer loop
      vertex 11 13.8 17.1
      vertex 11 12.8 16.6
      vertex 11 13.8 16.6
    endloop
  endfacet
  facet normal 1 0 0
    outer loop
      vertex 11 1 15.6
      vertex 11 12.8 15.6
      vertex 11 12.8 16.6
    endloop
  endfacet
  facet normal 1 0 0
    outer loop
      vertex 11 12.8 15.6
      vertex 11 1 15.6
      vertex 11 12.8 10.1
    endloop
  endfacet
  facet normal 1 0 0
    outer loop
      vertex 11 1 15.6
      vertex 11 12.8 16.6
      vertex 11 1 16.6
    endloop
  endfacet
  facet normal 1 0 0
    outer loop
      vertex 11 13.8 17.1
      vertex 11 1 16.6
      vertex 11 12.8 16.6
    endloop
  endfacet
  facet normal 1 -0 0
    outer loop
      vertex 11 0 17.1
      vertex 11 1 16.6
      vertex 11 13.8 17.1
    endloop
  endfacet
  facet normal 1 0 0
    outer loop
      vertex 11 1 16.6
      vertex 11 0 17.1
      vertex 11 0 16.6
    endloop
  endfacet
  facet normal 1 -0 0
    outer loop
      vertex 11 12.8 15.6
      vertex 11 13.8 10.1
      vertex 11 13.8 15.6
    endloop
  endfacet
  facet normal 1 0 0
    outer loop
      vertex 11 13.8 10.1
      vertex 11 12.8 15.6
      vertex 11 12.8 10.1
    endloop
  endfacet
  facet normal 1 -0 0
    outer loop
      vertex 11 12.8 9.1
      vertex 11 13.8 0
      vertex 11 13.8 9.1
    endloop
  endfacet
  facet normal 1 0 0
    outer loop
      vertex 11 1 10.1
      vertex 11 12.8 10.1
      vertex 11 1 15.6
    endloop
  endfacet
  facet normal 1 0 0
    outer loop
      vertex 11 12.8 10.1
      vertex 11 1 10.1
      vertex 11 12.8 9.1
    endloop
  endfacet
  facet normal 1 0 0
    outer loop
      vertex 11 1 9.1
      vertex 11 12.8 9.1
      vertex 11 1 10.1
    endloop
  endfacet
  facet normal 1 0 0
    outer loop
      vertex 11 12.8 9.1
      vertex 11 1 9.1
      vertex 11 13.8 0
    endloop
  endfacet
  facet normal 1 0 0
    outer loop
      vertex 11 0 8
      vertex 11 1 9.1
      vertex 11 0 9.1
    endloop
  endfacet
  facet normal 1 0 0
    outer loop
      vertex 11 0 0
      vertex 11 1 9.1
      vertex 11 0 8
    endloop
  endfacet
  facet normal 1 0 0
    outer loop
      vertex 11 1 9.1
      vertex 11 0 0
      vertex 11 13.8 0
    endloop
  endfacet
  facet normal 0 1 0
    outer loop
      vertex 0 0 8
      vertex -3 0 6
      vertex -3 0 8
    endloop
  endfacet
  facet normal 0 1 -0
    outer loop
      vertex -3.09418 0 4.49704
      vertex -3.18837 0 5.99408
      vertex -3 0 6
    endloop
  endfacet
  facet normal 0 1 0
    outer loop
      vertex -3.18837 0 5.99408
      vertex -3.09418 0 4.49704
      vertex -3.376 0 5.97634
    endloop
  endfacet
  facet normal 0 1 0
    outer loop
      vertex -3.376 0 5.97634
      vertex -3.188 0 4.48817
      vertex -3.56214 0 5.94686
    endloop
  endfacet
  facet normal 0 1 -0
    outer loop
      vertex -3.28107 0 4.47343
      vertex -3.56214 0 5.94686
      vertex -3.188 0 4.48817
    endloop
  endfacet
  facet normal 0 1 -0
    outer loop
      vertex -3.37303 0 4.45287
      vertex -3.74607 0 5.90575
      vertex -3.28107 0 4.47343
    endloop
  endfacet
  facet normal 0 1 0
    outer loop
      vertex -3.74607 0 5.90575
      vertex -3.37303 0 4.45287
      vertex -3.92705 0 5.85317
    endloop
  endfacet
  facet normal 0 1 0
    outer loop
      vertex -3.92705 0 5.85317
      vertex -3.46352 0 4.42658
      vertex -4.10437 0 5.78933
    endloop
  endfacet
  facet normal 0 1 -0
    outer loop
      vertex -3.55219 0 4.39466
      vertex -4.10437 0 5.78933
      vertex -3.46352 0 4.42658
    endloop
  endfacet
  facet normal 0 1 -0
    outer loop
      vertex -3.63867 0 4.35724
      vertex -4.27734 0 5.71448
      vertex -3.55219 0 4.39466
    endloop
  endfacet
  facet normal 0 1 0
    outer loop
      vertex -4.27734 0 5.71448
      vertex -3.63867 0 4.35724
      vertex -4.44526 0 5.62892
    endloop
  endfacet
  facet normal 0 1 0
    outer loop
      vertex -4.44526 0 5.62892
      vertex -3.72263 0 4.31446
      vertex -4.60748 0 5.53298
    endloop
  endfacet
  facet normal 0 1 -0
    outer loop
      vertex -3.80374 0 4.26649
      vertex -4.60748 0 5.53298
      vertex -3.72263 0 4.31446
    endloop
  endfacet
  facet normal 0 1 -0
    outer loop
      vertex -3.88168 0 4.21352
      vertex -4.76336 0 5.42705
      vertex -3.80374 0 4.26649
    endloop
  endfacet
  facet normal 0 1 0
    outer loop
      vertex -4.76336 0 5.42705
      vertex -3.88168 0 4.21352
      vertex -4.91227 0 5.31154
    endloop
  endfacet
  facet normal 0 1 0
    outer loop
      vertex -4.91227 0 5.31154
      vertex -3.95614 0 4.15577
      vertex -5.05364 0 5.18691
    endloop
  endfacet
  facet normal 0 1 0
    outer loop
      vertex -3.09418 0 4.49704
      vertex -3 0 6
      vertex -3 0 4.5
    endloop
  endfacet
  facet normal 0 1 -0
    outer loop
      vertex -2.11832 0 4.21352
      vertex -3 0 6
      vertex 0 0 8
    endloop
  endfacet
  facet normal 0 1 0
    outer loop
      vertex -3 0 6
      vertex -2.90581 0 4.49704
      vertex -3 0 4.5
    endloop
  endfacet
  facet normal 0 1 0
    outer loop
      vertex -3 0 6
      vertex -2.812 0 4.48817
      vertex -2.90581 0 4.49704
    endloop
  endfacet
  facet normal 0 1 0
    outer loop
      vertex -3 0 6
      vertex -2.71893 0 4.47343
      vertex -2.812 0 4.48817
    endloop
  endfacet
  facet normal 0 1 0
    outer loop
      vertex -3 0 6
      vertex -2.62696 0 4.45287
      vertex -2.71893 0 4.47343
    endloop
  endfacet
  facet normal 0 1 0
    outer loop
      vertex -3 0 6
      vertex -2.53647 0 4.42658
      vertex -2.62696 0 4.45287
    endloop
  endfacet
  facet normal 0 1 0
    outer loop
      vertex -3 0 6
      vertex -2.44781 0 4.39466
      vertex -2.53647 0 4.42658
    endloop
  endfacet
  facet normal 0 1 0
    outer loop
      vertex -3 0 6
      vertex -2.36133 0 4.35724
      vertex -2.44781 0 4.39466
    endloop
  endfacet
  facet normal 0 1 0
    outer loop
      vertex -3 0 6
      vertex -2.27737 0 4.31446
      vertex -2.36133 0 4.35724
    endloop
  endfacet
  facet normal 0 1 0
    outer loop
      vertex -3 0 6
      vertex -2.19626 0 4.26649
      vertex -2.27737 0 4.31446
    endloop
  endfacet
  facet normal 0 1 0
    outer loop
      vertex -3 0 6
      vertex -2.11832 0 4.21352
      vertex -2.19626 0 4.26649
    endloop
  endfacet
  facet normal 0 1 0
    outer loop
      vertex 0 0 8
      vertex -2.04386 0 4.15577
      vertex -2.11832 0 4.21352
    endloop
  endfacet
  facet normal 0 1 0
    outer loop
      vertex 0 0 8
      vertex -1.97318 0 4.09345
      vertex -2.04386 0 4.15577
    endloop
  endfacet
  facet normal 0 1 0
    outer loop
      vertex 0 0 8
      vertex -1.90655 0 4.02682
      vertex -1.97318 0 4.09345
    endloop
  endfacet
  facet normal 0 1 0
    outer loop
      vertex 0 0 8
      vertex -1.84423 0 3.95614
      vertex -1.90655 0 4.02682
    endloop
  endfacet
  facet normal 0 1 0
    outer loop
      vertex 0 0 8
      vertex -1.78647 0 3.88168
      vertex -1.84423 0 3.95614
    endloop
  endfacet
  facet normal 0 1 0
    outer loop
      vertex 0 0 8
      vertex -1.73351 0 3.80374
      vertex -1.78647 0 3.88168
    endloop
  endfacet
  facet normal 0 1 0
    outer loop
      vertex 0 0 8
      vertex -1.68554 0 3.72263
      vertex -1.73351 0 3.80374
    endloop
  endfacet
  facet normal 0 1 0
    outer loop
      vertex 0 0 8
      vertex -1.64276 0 3.63867
      vertex -1.68554 0 3.72263
    endloop
  endfacet
  facet normal 0 1 0
    outer loop
      vertex 0 0 8
      vertex -1.60534 0 3.55219
      vertex -1.64276 0 3.63867
    endloop
  endfacet
  facet normal 0 1 0
    outer loop
      vertex 0 0 8
      vertex -1.57341 0 3.46352
      vertex -1.60534 0 3.55219
    endloop
  endfacet
  facet normal 0 1 0
    outer loop
      vertex 0 0 8
      vertex -1.54712 0 3.37303
      vertex -1.57341 0 3.46352
    endloop
  endfacet
  facet normal 0 1 0
    outer loop
      vertex 0 0 8
      vertex -1.52657 0 3.28107
      vertex -1.54712 0 3.37303
    endloop
  endfacet
  facet normal 0 1 0
    outer loop
      vertex 0 0 8
      vertex -1.51183 0 3.188
      vertex -1.52657 0 3.28107
    endloop
  endfacet
  facet normal 0 1 -0
    outer loop
      vertex 0 0 0
      vertex -1.51183 0 3.188
      vertex 0 0 8
    endloop
  endfacet
  facet normal 0 1 0
    outer loop
      vertex -1.51183 0 3.188
      vertex 0 0 0
      vertex -1.50296 0 3.09418
    endloop
  endfacet
  facet normal 0 1 0
    outer loop
      vertex -1.50296 0 3.09418
      vertex 0 0 0
      vertex -1.5 0 3
    endloop
  endfacet
  facet normal 0 1 0
    outer loop
      vertex -1.5 0 3
      vertex 0 0 0
      vertex -1.50296 0 2.90581
    endloop
  endfacet
  facet normal 0 1 0
    outer loop
      vertex -1.50296 0 2.90581
      vertex 0 0 0
      vertex -1.51183 0 2.812
    endloop
  endfacet
  facet normal 0 1 0
    outer loop
      vertex -1.51183 0 2.812
      vertex 0 0 0
      vertex -1.52657 0 2.71893
    endloop
  endfacet
  facet normal 0 1 0
    outer loop
      vertex -3 0 0
      vertex -3 0 1.5
      vertex -2.90581 0 1.50296
    endloop
  endfacet
  facet normal 0 1 0
    outer loop
      vertex -3 0 1.5
      vertex -5.42705 0 1.23664
      vertex -5.53298 0 1.39252
    endloop
  endfacet
  facet normal 0 1 0
    outer loop
      vertex -3 0 0
      vertex -2.90581 0 1.50296
      vertex -2.812 0 1.51183
    endloop
  endfacet
  facet normal 0 1 0
    outer loop
      vertex -3 0 1.5
      vertex -5.31154 0 1.08773
      vertex -5.42705 0 1.23664
    endloop
  endfacet
  facet normal 0 1 0
    outer loop
      vertex -3 0 0
      vertex -2.812 0 1.51183
      vertex -2.71893 0 1.52657
    endloop
  endfacet
  facet normal 0 1 0
    outer loop
      vertex -3 0 1.5
      vertex -5.18691 0 0.946359
      vertex -5.31154 0 1.08773
    endloop
  endfacet
  facet normal 0 1 0
    outer loop
      vertex -3 0 0
      vertex -2.71893 0 1.52657
      vertex -2.62696 0 1.54712
    endloop
  endfacet
  facet normal 0 1 0
    outer loop
      vertex -3 0 1.5
      vertex -5.05364 0 0.813093
      vertex -5.18691 0 0.946359
    endloop
  endfacet
  facet normal 0 1 0
    outer loop
      vertex -3 0 0
      vertex -2.62696 0 1.54712
      vertex -2.53647 0 1.57341
    endloop
  endfacet
  facet normal 0 1 0
    outer loop
      vertex -3 0 1.5
      vertex -4.91227 0 0.688459
      vertex -5.05364 0 0.813093
    endloop
  endfacet
  facet normal 0 1 0
    outer loop
      vertex -3 0 0
      vertex -2.53647 0 1.57341
      vertex -2.44781 0 1.60534
    endloop
  endfacet
  facet normal 0 1 0
    outer loop
      vertex -3 0 1.5
      vertex -4.76336 0 0.572948
      vertex -4.91227 0 0.688459
    endloop
  endfacet
  facet normal 0 1 0
    outer loop
      vertex -3 0 0
      vertex -2.44781 0 1.60534
      vertex -2.36133 0 1.64276
    endloop
  endfacet
  facet normal 0 1 0
    outer loop
      vertex -3 0 1.5
      vertex -4.60748 0 0.467016
      vertex -4.76336 0 0.572948
    endloop
  endfacet
  facet normal 0 1 0
    outer loop
      vertex -3 0 0
      vertex -2.36133 0 1.64276
      vertex -2.27737 0 1.68554
    endloop
  endfacet
  facet normal 0 1 0
    outer loop
      vertex -3 0 1.5
      vertex -4.44526 0 0.371079
      vertex -4.60748 0 0.467016
    endloop
  endfacet
  facet normal 0 1 0
    outer loop
      vertex 0 0 0
      vertex -2.27737 0 1.68554
      vertex -2.19626 0 1.73351
    endloop
  endfacet
  facet normal 0 1 0
    outer loop
      vertex -3 0 1.5
      vertex -4.27734 0 0.285519
      vertex -4.44526 0 0.371079
    endloop
  endfacet
  facet normal 0 1 0
    outer loop
      vertex 0 0 0
      vertex -2.19626 0 1.73351
      vertex -2.11832 0 1.78647
    endloop
  endfacet
  facet normal 0 1 0
    outer loop
      vertex -3 0 1.5
      vertex -4.10437 0 0.21067
      vertex -4.27734 0 0.285519
    endloop
  endfacet
  facet normal 0 1 0
    outer loop
      vertex 0 0 0
      vertex -2.11832 0 1.78647
      vertex -2.04386 0 1.84423
    endloop
  endfacet
  facet normal 0 1 0
    outer loop
      vertex -3 0 1.5
      vertex -3.92705 0 0.14683
      vertex -4.10437 0 0.21067
    endloop
  endfacet
  facet normal 0 1 0
    outer loop
      vertex 0 0 0
      vertex -2.04386 0 1.84423
      vertex -1.97318 0 1.90655
    endloop
  endfacet
  facet normal 0 1 0
    outer loop
      vertex -3 0 1.5
      vertex -3.74607 0 0.0942497
      vertex -3.92705 0 0.14683
    endloop
  endfacet
  facet normal 0 1 0
    outer loop
      vertex 0 0 0
      vertex -1.97318 0 1.90655
      vertex -1.90655 0 1.97318
    endloop
  endfacet
  facet normal 0 1 0
    outer loop
      vertex -3 0 1.5
      vertex -3.56214 0 0.0531378
      vertex -3.74607 0 0.0942497
    endloop
  endfacet
  facet normal 0 1 0
    outer loop
      vertex 0 0 0
      vertex -1.90655 0 1.97318
      vertex -1.84423 0 2.04386
    endloop
  endfacet
  facet normal 0 1 0
    outer loop
      vertex -3 0 1.5
      vertex -3.376 0 0.0236559
      vertex -3.56214 0 0.0531378
    endloop
  endfacet
  facet normal 0 1 0
    outer loop
      vertex 0 0 0
      vertex -1.84423 0 2.04386
      vertex -1.78647 0 2.11832
    endloop
  endfacet
  facet normal 0 1 0
    outer loop
      vertex -3 0 1.5
      vertex -3.18837 0 0.00591946
      vertex -3.376 0 0.0236559
    endloop
  endfacet
  facet normal 0 1 0
    outer loop
      vertex 0 0 0
      vertex -1.78647 0 2.11832
      vertex -1.73351 0 2.19626
    endloop
  endfacet
  facet normal 0 1 0
    outer loop
      vertex -1.52657 0 2.71893
      vertex 0 0 0
      vertex -1.54712 0 2.62696
    endloop
  endfacet
  facet normal 0 1 0
    outer loop
      vertex 0 0 0
      vertex -1.57341 0 2.53647
      vertex -1.54712 0 2.62696
    endloop
  endfacet
  facet normal 0 1 0
    outer loop
      vertex 0 0 0
      vertex -1.60534 0 2.44781
      vertex -1.57341 0 2.53647
    endloop
  endfacet
  facet normal 0 1 0
    outer loop
      vertex 0 0 0
      vertex -1.64276 0 2.36133
      vertex -1.60534 0 2.44781
    endloop
  endfacet
  facet normal 0 1 0
    outer loop
      vertex 0 0 0
      vertex -1.68554 0 2.27737
      vertex -1.64276 0 2.36133
    endloop
  endfacet
  facet normal 0 1 0
    outer loop
      vertex 0 0 0
      vertex -1.73351 0 2.19626
      vertex -1.68554 0 2.27737
    endloop
  endfacet
  facet normal 0 1 0
    outer loop
      vertex -2.27737 0 1.68554
      vertex 0 0 0
      vertex -3 0 0
    endloop
  endfacet
  facet normal 0 1 0
    outer loop
      vertex -3 0 1.5
      vertex -3 0 0
      vertex -3.18837 0 0.00591946
    endloop
  endfacet
  facet normal 0 1 0
    outer loop
      vertex -3.376 0 5.97634
      vertex -3.09418 0 4.49704
      vertex -3.188 0 4.48817
    endloop
  endfacet
  facet normal 0 1 0
    outer loop
      vertex -3.56214 0 5.94686
      vertex -3.28107 0 4.47343
      vertex -3.74607 0 5.90575
    endloop
  endfacet
  facet normal 0 1 -0
    outer loop
      vertex -3.46352 0 4.42658
      vertex -3.92705 0 5.85317
      vertex -3.37303 0 4.45287
    endloop
  endfacet
  facet normal 0 1 0
    outer loop
      vertex -4.10437 0 5.78933
      vertex -3.55219 0 4.39466
      vertex -4.27734 0 5.71448
    endloop
  endfacet
  facet normal 0 1 -0
    outer loop
      vertex -3.72263 0 4.31446
      vertex -4.44526 0 5.62892
      vertex -3.63867 0 4.35724
    endloop
  endfacet
  facet normal 0 1 0
    outer loop
      vertex -4.60748 0 5.53298
      vertex -3.80374 0 4.26649
      vertex -4.76336 0 5.42705
    endloop
  endfacet
  facet normal 0 1 -0
    outer loop
      vertex -3.95614 0 4.15577
      vertex -4.91227 0 5.31154
      vertex -3.88168 0 4.21352
    endloop
  endfacet
  facet normal 0 1 -0
    outer loop
      vertex -4.02682 0 4.09345
      vertex -5.05364 0 5.18691
      vertex -3.95614 0 4.15577
    endloop
  endfacet
  facet normal 0 1 0
    outer loop
      vertex -5.05364 0 5.18691
      vertex -4.02682 0 4.09345
      vertex -5.18691 0 5.05364
    endloop
  endfacet
  facet normal 0 1 -0
    outer loop
      vertex -4.09345 0 4.02682
      vertex -5.18691 0 5.05364
      vertex -4.02682 0 4.09345
    endloop
  endfacet
  facet normal 0 1 0
    outer loop
      vertex -5.18691 0 5.05364
      vertex -4.09345 0 4.02682
      vertex -5.31154 0 4.91227
    endloop
  endfacet
  facet normal 0 1 -0
    outer loop
      vertex -4.15577 0 3.95614
      vertex -5.31154 0 4.91227
      vertex -4.09345 0 4.02682
    endloop
  endfacet
  facet normal 0 1 0
    outer loop
      vertex -5.31154 0 4.91227
      vertex -4.15577 0 3.95614
      vertex -5.42705 0 4.76336
    endloop
  endfacet
  facet normal 0 1 -0
    outer loop
      vertex -4.21352 0 3.88168
      vertex -5.42705 0 4.76336
      vertex -4.15577 0 3.95614
    endloop
  endfacet
  facet normal 0 1 0
    outer loop
      vertex -5.42705 0 4.76336
      vertex -4.21352 0 3.88168
      vertex -5.53298 0 4.60748
    endloop
  endfacet
  facet normal 0 1 -0
    outer loop
      vertex -4.26649 0 3.80374
      vertex -5.53298 0 4.60748
      vertex -4.21352 0 3.88168
    endloop
  endfacet
  facet normal 0 1 0
    outer loop
      vertex -5.53298 0 4.60748
      vertex -4.26649 0 3.80374
      vertex -5.62892 0 4.44526
    endloop
  endfacet
  facet normal 0 1 -0
    outer loop
      vertex -4.31446 0 3.72263
      vertex -5.62892 0 4.44526
      vertex -4.26649 0 3.80374
    endloop
  endfacet
  facet normal 0 1 0
    outer loop
      vertex -5.62892 0 4.44526
      vertex -4.31446 0 3.72263
      vertex -5.71448 0 4.27734
    endloop
  endfacet
  facet normal 0 1 -0
    outer loop
      vertex -4.35724 0 3.63867
      vertex -5.71448 0 4.27734
      vertex -4.31446 0 3.72263
    endloop
  endfacet
  facet normal 0 1 0
    outer loop
      vertex -5.71448 0 4.27734
      vertex -4.35724 0 3.63867
      vertex -5.78933 0 4.10437
    endloop
  endfacet
  facet normal 0 1 -0
    outer loop
      vertex -4.39466 0 3.55219
      vertex -5.78933 0 4.10437
      vertex -4.35724 0 3.63867
    endloop
  endfacet
  facet normal 0 1 0
    outer loop
      vertex -5.78933 0 4.10437
      vertex -4.39466 0 3.55219
      vertex -5.85317 0 3.92705
    endloop
  endfacet
  facet normal 0 1 -0
    outer loop
      vertex -4.42658 0 3.46352
      vertex -5.85317 0 3.92705
      vertex -4.39466 0 3.55219
    endloop
  endfacet
  facet normal 0 1 0
    outer loop
      vertex -5.85317 0 3.92705
      vertex -4.42658 0 3.46352
      vertex -5.90575 0 3.74607
    endloop
  endfacet
  facet normal 0 1 -0
    outer loop
      vertex -4.45287 0 3.37303
      vertex -5.90575 0 3.74607
      vertex -4.42658 0 3.46352
    endloop
  endfacet
  facet normal 0 1 0
    outer loop
      vertex -5.90575 0 3.74607
      vertex -4.45287 0 3.37303
      vertex -5.94686 0 3.56214
    endloop
  endfacet
  facet normal 0 1 -0
    outer loop
      vertex -4.47343 0 3.28107
      vertex -5.94686 0 3.56214
      vertex -4.45287 0 3.37303
    endloop
  endfacet
  facet normal 0 1 0
    outer loop
      vertex -5.94686 0 3.56214
      vertex -4.47343 0 3.28107
      vertex -5.97634 0 3.376
    endloop
  endfacet
  facet normal 0 1 -0
    outer loop
      vertex -4.48817 0 3.188
      vertex -5.97634 0 3.376
      vertex -4.47343 0 3.28107
    endloop
  endfacet
  facet normal 0 1 0
    outer loop
      vertex -5.97634 0 3.376
      vertex -4.48817 0 3.188
      vertex -5.99408 0 3.18837
    endloop
  endfacet
  facet normal 0 1 -0
    outer loop
      vertex -4.49704 0 3.09418
      vertex -5.99408 0 3.18837
      vertex -4.48817 0 3.188
    endloop
  endfacet
  facet normal 0 1 -0
    outer loop
      vertex -4.5 0 3
      vertex -5.99408 0 3.18837
      vertex -4.49704 0 3.09418
    endloop
  endfacet
  facet normal 0 1 0
    outer loop
      vertex -4.5 0 3
      vertex -6 0 3
      vertex -5.99408 0 3.18837
    endloop
  endfacet
  facet normal 0 1 0
    outer loop
      vertex -4.49704 0 2.90581
      vertex -6 0 3
      vertex -4.5 0 3
    endloop
  endfacet
  facet normal 0 1 0
    outer loop
      vertex -5.99408 0 2.81163
      vertex -4.49704 0 2.90581
      vertex -4.48817 0 2.812
    endloop
  endfacet
  facet normal 0 1 0
    outer loop
      vertex -4.49704 0 2.90581
      vertex -5.99408 0 2.81163
      vertex -6 0 3
    endloop
  endfacet
  facet normal 0 1 0
    outer loop
      vertex -5.97634 0 2.624
      vertex -4.48817 0 2.812
      vertex -4.47343 0 2.71893
    endloop
  endfacet
  facet normal 0 1 0
    outer loop
      vertex -5.94686 0 2.43786
      vertex -4.47343 0 2.71893
      vertex -4.45287 0 2.62696
    endloop
  endfacet
  facet normal 0 1 0
    outer loop
      vertex -4.48817 0 2.812
      vertex -5.97634 0 2.624
      vertex -5.99408 0 2.81163
    endloop
  endfacet
  facet normal 0 1 0
    outer loop
      vertex -5.90575 0 2.25393
      vertex -4.45287 0 2.62696
      vertex -4.42658 0 2.53647
    endloop
  endfacet
  facet normal 0 1 0
    outer loop
      vertex -5.85317 0 2.07295
      vertex -4.42658 0 2.53647
      vertex -4.39466 0 2.44781
    endloop
  endfacet
  facet normal 0 1 0
    outer loop
      vertex -4.47343 0 2.71893
      vertex -5.94686 0 2.43786
      vertex -5.97634 0 2.624
    endloop
  endfacet
  facet normal 0 1 0
    outer loop
      vertex -5.78933 0 1.89563
      vertex -4.39466 0 2.44781
      vertex -4.35724 0 2.36133
    endloop
  endfacet
  facet normal 0 1 0
    outer loop
      vertex -5.71448 0 1.72266
      vertex -4.35724 0 2.36133
      vertex -4.31446 0 2.27737
    endloop
  endfacet
  facet normal 0 1 0
    outer loop
      vertex -4.45287 0 2.62696
      vertex -5.90575 0 2.25393
      vertex -5.94686 0 2.43786
    endloop
  endfacet
  facet normal 0 1 0
    outer loop
      vertex -5.62892 0 1.55474
      vertex -4.31446 0 2.27737
      vertex -4.26649 0 2.19626
    endloop
  endfacet
  facet normal 0 1 0
    outer loop
      vertex -5.53298 0 1.39252
      vertex -4.26649 0 2.19626
      vertex -4.21352 0 2.11832
    endloop
  endfacet
  facet normal 0 1 0
    outer loop
      vertex -4.42658 0 2.53647
      vertex -5.85317 0 2.07295
      vertex -5.90575 0 2.25393
    endloop
  endfacet
  facet normal 0 1 0
    outer loop
      vertex -5.53298 0 1.39252
      vertex -4.21352 0 2.11832
      vertex -4.15577 0 2.04386
    endloop
  endfacet
  facet normal 0 1 0
    outer loop
      vertex -5.53298 0 1.39252
      vertex -4.15577 0 2.04386
      vertex -4.09345 0 1.97318
    endloop
  endfacet
  facet normal 0 1 0
    outer loop
      vertex -5.53298 0 1.39252
      vertex -4.09345 0 1.97318
      vertex -4.02682 0 1.90655
    endloop
  endfacet
  facet normal 0 1 0
    outer loop
      vertex -4.39466 0 2.44781
      vertex -5.78933 0 1.89563
      vertex -5.85317 0 2.07295
    endloop
  endfacet
  facet normal 0 1 0
    outer loop
      vertex -5.53298 0 1.39252
      vertex -4.02682 0 1.90655
      vertex -3.95614 0 1.84423
    endloop
  endfacet
  facet normal 0 1 0
    outer loop
      vertex -5.53298 0 1.39252
      vertex -3.95614 0 1.84423
      vertex -3.88168 0 1.78647
    endloop
  endfacet
  facet normal 0 1 0
    outer loop
      vertex -5.53298 0 1.39252
      vertex -3.88168 0 1.78647
      vertex -3.80374 0 1.73351
    endloop
  endfacet
  facet normal 0 1 0
    outer loop
      vertex -4.35724 0 2.36133
      vertex -5.71448 0 1.72266
      vertex -5.78933 0 1.89563
    endloop
  endfacet
  facet normal 0 1 0
    outer loop
      vertex -5.53298 0 1.39252
      vertex -3.80374 0 1.73351
      vertex -3.72263 0 1.68554
    endloop
  endfacet
  facet normal 0 1 0
    outer loop
      vertex -5.53298 0 1.39252
      vertex -3.72263 0 1.68554
      vertex -3.63867 0 1.64276
    endloop
  endfacet
  facet normal 0 1 0
    outer loop
      vertex -5.53298 0 1.39252
      vertex -3.63867 0 1.64276
      vertex -3.55219 0 1.60534
    endloop
  endfacet
  facet normal 0 1 0
    outer loop
      vertex -5.53298 0 1.39252
      vertex -3.55219 0 1.60534
      vertex -3.46352 0 1.57341
    endloop
  endfacet
  facet normal 0 1 0
    outer loop
      vertex -4.31446 0 2.27737
      vertex -5.62892 0 1.55474
      vertex -5.71448 0 1.72266
    endloop
  endfacet
  facet normal 0 1 0
    outer loop
      vertex -5.53298 0 1.39252
      vertex -3.46352 0 1.57341
      vertex -3.37303 0 1.54712
    endloop
  endfacet
  facet normal 0 1 0
    outer loop
      vertex -5.53298 0 1.39252
      vertex -3.37303 0 1.54712
      vertex -3.28107 0 1.52657
    endloop
  endfacet
  facet normal 0 1 0
    outer loop
      vertex -5.53298 0 1.39252
      vertex -3.28107 0 1.52657
      vertex -3.188 0 1.51183
    endloop
  endfacet
  facet normal 0 1 0
    outer loop
      vertex -5.53298 0 1.39252
      vertex -3.188 0 1.51183
      vertex -3.09418 0 1.50296
    endloop
  endfacet
  facet normal 0 1 0
    outer loop
      vertex -5.53298 0 1.39252
      vertex -3.09418 0 1.50296
      vertex -3 0 1.5
    endloop
  endfacet
  facet normal 0 1 0
    outer loop
      vertex -4.26649 0 2.19626
      vertex -5.53298 0 1.39252
      vertex -5.62892 0 1.55474
    endloop
  endfacet
  facet normal 0 1 0
    outer loop
      vertex 14.1884 0 5.99408
      vertex 14.0942 0 4.49704
      vertex 14 0 4.5
    endloop
  endfacet
  facet normal 0 1 0
    outer loop
      vertex 16.4271 0 4.76336
      vertex 14.188 0 4.48817
      vertex 14.0942 0 4.49704
    endloop
  endfacet
  facet normal 0 1 0
    outer loop
      vertex 16.4271 0 4.76336
      vertex 14.2811 0 4.47343
      vertex 14.188 0 4.48817
    endloop
  endfacet
  facet normal 0 1 0
    outer loop
      vertex 16.4271 0 4.76336
      vertex 14.373 0 4.45287
      vertex 14.2811 0 4.47343
    endloop
  endfacet
  facet normal 0 1 0
    outer loop
      vertex 15.2665 0 3.80374
      vertex 16.533 0 4.60748
      vertex 16.6289 0 4.44526
    endloop
  endfacet
  facet normal 0 1 0
    outer loop
      vertex 16.4271 0 4.76336
      vertex 14.4635 0 4.42658
      vertex 14.373 0 4.45287
    endloop
  endfacet
  facet normal 0 1 0
    outer loop
      vertex 16.4271 0 4.76336
      vertex 14.5522 0 4.39466
      vertex 14.4635 0 4.42658
    endloop
  endfacet
  facet normal 0 1 0
    outer loop
      vertex 16.4271 0 4.76336
      vertex 14.6387 0 4.35724
      vertex 14.5522 0 4.39466
    endloop
  endfacet
  facet normal 0 1 0
    outer loop
      vertex 16.4271 0 4.76336
      vertex 14.7226 0 4.31446
      vertex 14.6387 0 4.35724
    endloop
  endfacet
  facet normal 0 1 0
    outer loop
      vertex 15.3145 0 3.72263
      vertex 16.6289 0 4.44526
      vertex 16.7145 0 4.27734
    endloop
  endfacet
  facet normal 0 1 0
    outer loop
      vertex 16.4271 0 4.76336
      vertex 14.8037 0 4.26649
      vertex 14.7226 0 4.31446
    endloop
  endfacet
  facet normal 0 1 0
    outer loop
      vertex 16.4271 0 4.76336
      vertex 14.8817 0 4.21352
      vertex 14.8037 0 4.26649
    endloop
  endfacet
  facet normal 0 1 0
    outer loop
      vertex 16.4271 0 4.76336
      vertex 14.9561 0 4.15577
      vertex 14.8817 0 4.21352
    endloop
  endfacet
  facet normal 0 1 0
    outer loop
      vertex 15.3572 0 3.63867
      vertex 16.7145 0 4.27734
      vertex 16.7893 0 4.10437
    endloop
  endfacet
  facet normal 0 1 0
    outer loop
      vertex 16.4271 0 4.76336
      vertex 15.0268 0 4.09345
      vertex 14.9561 0 4.15577
    endloop
  endfacet
  facet normal 0 1 0
    outer loop
      vertex 16.4271 0 4.76336
      vertex 15.0935 0 4.02682
      vertex 15.0268 0 4.09345
    endloop
  endfacet
  facet normal 0 1 0
    outer loop
      vertex 16.4271 0 4.76336
      vertex 15.1558 0 3.95614
      vertex 15.0935 0 4.02682
    endloop
  endfacet
  facet normal 0 1 0
    outer loop
      vertex 15.3947 0 3.55219
      vertex 16.7893 0 4.10437
      vertex 16.8532 0 3.92705
    endloop
  endfacet
  facet normal 0 1 0
    outer loop
      vertex 16.4271 0 4.76336
      vertex 15.2135 0 3.88168
      vertex 15.1558 0 3.95614
    endloop
  endfacet
  facet normal 0 1 0
    outer loop
      vertex 16.533 0 4.60748
      vertex 15.2665 0 3.80374
      vertex 15.2135 0 3.88168
    endloop
  endfacet
  facet normal 0 1 0
    outer loop
      vertex 15.4266 0 3.46352
      vertex 16.8532 0 3.92705
      vertex 16.9058 0 3.74607
    endloop
  endfacet
  facet normal 0 1 0
    outer loop
      vertex 16.6289 0 4.44526
      vertex 15.3145 0 3.72263
      vertex 15.2665 0 3.80374
    endloop
  endfacet
  facet normal 0 1 0
    outer loop
      vertex 16.7145 0 4.27734
      vertex 15.3572 0 3.63867
      vertex 15.3145 0 3.72263
    endloop
  endfacet
  facet normal 0 1 0
    outer loop
      vertex 15.4529 0 3.37303
      vertex 16.9058 0 3.74607
      vertex 16.9469 0 3.56214
    endloop
  endfacet
  facet normal 0 1 0
    outer loop
      vertex 16.7893 0 4.10437
      vertex 15.3947 0 3.55219
      vertex 15.3572 0 3.63867
    endloop
  endfacet
  facet normal 0 1 0
    outer loop
      vertex 16.8532 0 3.92705
      vertex 15.4266 0 3.46352
      vertex 15.3947 0 3.55219
    endloop
  endfacet
  facet normal 0 1 0
    outer loop
      vertex 15.4734 0 3.28107
      vertex 16.9469 0 3.56214
      vertex 16.9763 0 3.376
    endloop
  endfacet
  facet normal 0 1 0
    outer loop
      vertex 16.9058 0 3.74607
      vertex 15.4529 0 3.37303
      vertex 15.4266 0 3.46352
    endloop
  endfacet
  facet normal 0 1 0
    outer loop
      vertex 16.9469 0 3.56214
      vertex 15.4734 0 3.28107
      vertex 15.4529 0 3.37303
    endloop
  endfacet
  facet normal 0 1 0
    outer loop
      vertex 15.4882 0 3.188
      vertex 16.9763 0 3.376
      vertex 16.9941 0 3.18837
    endloop
  endfacet
  facet normal 0 1 0
    outer loop
      vertex 16.9763 0 3.376
      vertex 15.4882 0 3.188
      vertex 15.4734 0 3.28107
    endloop
  endfacet
  facet normal 0 1 0
    outer loop
      vertex 16.9941 0 3.18837
      vertex 15.497 0 3.09418
      vertex 15.4882 0 3.188
    endloop
  endfacet
  facet normal 0 1 0
    outer loop
      vertex 17 0 3
      vertex 15.497 0 3.09418
      vertex 16.9941 0 3.18837
    endloop
  endfacet
  facet normal 0 1 0
    outer loop
      vertex 17 0 3
      vertex 15.5 0 3
      vertex 15.497 0 3.09418
    endloop
  endfacet
  facet normal 0 1 0
    outer loop
      vertex 17 0 3
      vertex 15.497 0 2.90581
      vertex 15.5 0 3
    endloop
  endfacet
  facet normal 0 1 -0
    outer loop
      vertex 16.9941 0 2.81163
      vertex 15.497 0 2.90581
      vertex 17 0 3
    endloop
  endfacet
  facet normal 0 1 0
    outer loop
      vertex 15.497 0 2.90581
      vertex 16.9941 0 2.81163
      vertex 15.4882 0 2.812
    endloop
  endfacet
  facet normal 0 1 -0
    outer loop
      vertex 16.9763 0 2.624
      vertex 15.4882 0 2.812
      vertex 16.9941 0 2.81163
    endloop
  endfacet
  facet normal 0 1 0
    outer loop
      vertex 15.4882 0 2.812
      vertex 16.9763 0 2.624
      vertex 15.4734 0 2.71893
    endloop
  endfacet
  facet normal 0 1 -0
    outer loop
      vertex 16.9469 0 2.43786
      vertex 15.4734 0 2.71893
      vertex 16.9763 0 2.624
    endloop
  endfacet
  facet normal 0 1 0
    outer loop
      vertex 15.4734 0 2.71893
      vertex 16.9469 0 2.43786
      vertex 15.4529 0 2.62696
    endloop
  endfacet
  facet normal 0 1 -0
    outer loop
      vertex 16.9058 0 2.25393
      vertex 15.4529 0 2.62696
      vertex 16.9469 0 2.43786
    endloop
  endfacet
  facet normal 0 1 0
    outer loop
      vertex 15.4529 0 2.62696
      vertex 16.9058 0 2.25393
      vertex 15.4266 0 2.53647
    endloop
  endfacet
  facet normal 0 1 -0
    outer loop
      vertex 16.8532 0 2.07295
      vertex 15.4266 0 2.53647
      vertex 16.9058 0 2.25393
    endloop
  endfacet
  facet normal 0 1 0
    outer loop
      vertex 15.4266 0 2.53647
      vertex 16.8532 0 2.07295
      vertex 15.3947 0 2.44781
    endloop
  endfacet
  facet normal 0 1 -0
    outer loop
      vertex 16.7893 0 1.89563
      vertex 15.3947 0 2.44781
      vertex 16.8532 0 2.07295
    endloop
  endfacet
  facet normal 0 1 0
    outer loop
      vertex 15.3947 0 2.44781
      vertex 16.7893 0 1.89563
      vertex 15.3572 0 2.36133
    endloop
  endfacet
  facet normal 0 1 -0
    outer loop
      vertex 16.7145 0 1.72266
      vertex 15.3572 0 2.36133
      vertex 16.7893 0 1.89563
    endloop
  endfacet
  facet normal 0 1 0
    outer loop
      vertex 15.3572 0 2.36133
      vertex 16.7145 0 1.72266
      vertex 15.3145 0 2.27737
    endloop
  endfacet
  facet normal 0 1 -0
    outer loop
      vertex 16.6289 0 1.55474
      vertex 15.3145 0 2.27737
      vertex 16.7145 0 1.72266
    endloop
  endfacet
  facet normal 0 1 0
    outer loop
      vertex 15.3145 0 2.27737
      vertex 16.6289 0 1.55474
      vertex 15.2665 0 2.19626
    endloop
  endfacet
  facet normal 0 1 -0
    outer loop
      vertex 16.533 0 1.39252
      vertex 15.2665 0 2.19626
      vertex 16.6289 0 1.55474
    endloop
  endfacet
  facet normal 0 1 0
    outer loop
      vertex 15.2665 0 2.19626
      vertex 16.533 0 1.39252
      vertex 15.2135 0 2.11832
    endloop
  endfacet
  facet normal 0 1 -0
    outer loop
      vertex 16.4271 0 1.23664
      vertex 15.2135 0 2.11832
      vertex 16.533 0 1.39252
    endloop
  endfacet
  facet normal 0 1 0
    outer loop
      vertex 15.2135 0 2.11832
      vertex 16.4271 0 1.23664
      vertex 15.1558 0 2.04386
    endloop
  endfacet
  facet normal 0 1 -0
    outer loop
      vertex 16.3115 0 1.08773
      vertex 15.1558 0 2.04386
      vertex 16.4271 0 1.23664
    endloop
  endfacet
  facet normal 0 1 0
    outer loop
      vertex 15.1558 0 2.04386
      vertex 16.3115 0 1.08773
      vertex 15.0935 0 1.97318
    endloop
  endfacet
  facet normal 0 1 -0
    outer loop
      vertex 16.1869 0 0.946359
      vertex 15.0935 0 1.97318
      vertex 16.3115 0 1.08773
    endloop
  endfacet
  facet normal 0 1 0
    outer loop
      vertex 15.0935 0 1.97318
      vertex 16.1869 0 0.946359
      vertex 15.0268 0 1.90655
    endloop
  endfacet
  facet normal 0 1 -0
    outer loop
      vertex 16.0536 0 0.813093
      vertex 15.0268 0 1.90655
      vertex 16.1869 0 0.946359
    endloop
  endfacet
  facet normal 0 1 0
    outer loop
      vertex 15.0268 0 1.90655
      vertex 16.0536 0 0.813093
      vertex 14.9561 0 1.84423
    endloop
  endfacet
  facet normal 0 1 -0
    outer loop
      vertex 15.9123 0 0.688459
      vertex 14.9561 0 1.84423
      vertex 16.0536 0 0.813093
    endloop
  endfacet
  facet normal 0 1 0
    outer loop
      vertex 14.9561 0 1.84423
      vertex 15.9123 0 0.688459
      vertex 14.8817 0 1.78647
    endloop
  endfacet
  facet normal 0 1 -0
    outer loop
      vertex 15.7634 0 0.572948
      vertex 14.8817 0 1.78647
      vertex 15.9123 0 0.688459
    endloop
  endfacet
  facet normal 0 1 0
    outer loop
      vertex 14.8817 0 1.78647
      vertex 15.7634 0 0.572948
      vertex 14.8037 0 1.73351
    endloop
  endfacet
  facet normal 0 1 -0
    outer loop
      vertex 15.6075 0 0.467016
      vertex 14.8037 0 1.73351
      vertex 15.7634 0 0.572948
    endloop
  endfacet
  facet normal 0 1 0
    outer loop
      vertex 14.8037 0 1.73351
      vertex 15.6075 0 0.467016
      vertex 14.7226 0 1.68554
    endloop
  endfacet
  facet normal 0 1 -0
    outer loop
      vertex 15.4453 0 0.371079
      vertex 14.7226 0 1.68554
      vertex 15.6075 0 0.467016
    endloop
  endfacet
  facet normal 0 1 -0
    outer loop
      vertex 14 0 6
      vertex 11 0 8
      vertex 14 0 8
    endloop
  endfacet
  facet normal 0 1 0
    outer loop
      vertex 14.0942 0 4.49704
      vertex 14.1884 0 5.99408
      vertex 14.376 0 5.97634
    endloop
  endfacet
  facet normal 0 1 0
    outer loop
      vertex 14.0942 0 4.49704
      vertex 14.376 0 5.97634
      vertex 14.5621 0 5.94686
    endloop
  endfacet
  facet normal 0 1 0
    outer loop
      vertex 14.0942 0 4.49704
      vertex 14.5621 0 5.94686
      vertex 14.7461 0 5.90575
    endloop
  endfacet
  facet normal 0 1 0
    outer loop
      vertex 14.0942 0 4.49704
      vertex 14.7461 0 5.90575
      vertex 14.9271 0 5.85317
    endloop
  endfacet
  facet normal 0 1 0
    outer loop
      vertex 14.0942 0 4.49704
      vertex 14.9271 0 5.85317
      vertex 15.1044 0 5.78933
    endloop
  endfacet
  facet normal 0 1 0
    outer loop
      vertex 14.0942 0 4.49704
      vertex 15.1044 0 5.78933
      vertex 15.2773 0 5.71448
    endloop
  endfacet
  facet normal 0 1 0
    outer loop
      vertex 14.0942 0 4.49704
      vertex 15.2773 0 5.71448
      vertex 15.4453 0 5.62892
    endloop
  endfacet
  facet normal 0 1 0
    outer loop
      vertex 14.0942 0 4.49704
      vertex 15.4453 0 5.62892
      vertex 15.6075 0 5.53298
    endloop
  endfacet
  facet normal 0 1 0
    outer loop
      vertex 14.0942 0 4.49704
      vertex 15.6075 0 5.53298
      vertex 15.7634 0 5.42705
    endloop
  endfacet
  facet normal 0 1 0
    outer loop
      vertex 14.0942 0 4.49704
      vertex 15.7634 0 5.42705
      vertex 15.9123 0 5.31154
    endloop
  endfacet
  facet normal 0 1 0
    outer loop
      vertex 14.0942 0 4.49704
      vertex 15.9123 0 5.31154
      vertex 16.0536 0 5.18691
    endloop
  endfacet
  facet normal 0 1 0
    outer loop
      vertex 14.0942 0 4.49704
      vertex 16.0536 0 5.18691
      vertex 16.1869 0 5.05364
    endloop
  endfacet
  facet normal 0 1 0
    outer loop
      vertex 14.0942 0 4.49704
      vertex 16.1869 0 5.05364
      vertex 16.3115 0 4.91227
    endloop
  endfacet
  facet normal 0 1 0
    outer loop
      vertex 14.0942 0 4.49704
      vertex 16.3115 0 4.91227
      vertex 16.4271 0 4.76336
    endloop
  endfacet
  facet normal 0 1 0
    outer loop
      vertex 15.2135 0 3.88168
      vertex 16.4271 0 4.76336
      vertex 16.533 0 4.60748
    endloop
  endfacet
  facet normal 0 1 0
    outer loop
      vertex 14.1884 0 5.99408
      vertex 14 0 4.5
      vertex 14 0 6
    endloop
  endfacet
  facet normal 0 1 0
    outer loop
      vertex 13.9058 0 4.49704
      vertex 14 0 6
      vertex 14 0 4.5
    endloop
  endfacet
  facet normal 0 1 0
    outer loop
      vertex 13.812 0 4.48817
      vertex 14 0 6
      vertex 13.9058 0 4.49704
    endloop
  endfacet
  facet normal 0 1 0
    outer loop
      vertex 13.7189 0 4.47343
      vertex 14 0 6
      vertex 13.812 0 4.48817
    endloop
  endfacet
  facet normal 0 1 0
    outer loop
      vertex 13.627 0 4.45287
      vertex 14 0 6
      vertex 13.7189 0 4.47343
    endloop
  endfacet
  facet normal 0 1 0
    outer loop
      vertex 13.5365 0 4.42658
      vertex 14 0 6
      vertex 13.627 0 4.45287
    endloop
  endfacet
  facet normal 0 1 0
    outer loop
      vertex 13.4478 0 4.39466
      vertex 14 0 6
      vertex 13.5365 0 4.42658
    endloop
  endfacet
  facet normal 0 1 0
    outer loop
      vertex 13.3613 0 4.35724
      vertex 14 0 6
      vertex 13.4478 0 4.39466
    endloop
  endfacet
  facet normal 0 1 0
    outer loop
      vertex 13.2774 0 4.31446
      vertex 14 0 6
      vertex 13.3613 0 4.35724
    endloop
  endfacet
  facet normal 0 1 0
    outer loop
      vertex 13.1963 0 4.26649
      vertex 14 0 6
      vertex 13.2774 0 4.31446
    endloop
  endfacet
  facet normal 0 1 0
    outer loop
      vertex 13.1183 0 4.21352
      vertex 14 0 6
      vertex 13.1963 0 4.26649
    endloop
  endfacet
  facet normal 0 1 0
    outer loop
      vertex 14 0 6
      vertex 13.1183 0 4.21352
      vertex 11 0 8
    endloop
  endfacet
  facet normal 0 1 -0
    outer loop
      vertex 13.0439 0 4.15577
      vertex 11 0 8
      vertex 13.1183 0 4.21352
    endloop
  endfacet
  facet normal 0 1 -0
    outer loop
      vertex 12.9732 0 4.09345
      vertex 11 0 8
      vertex 13.0439 0 4.15577
    endloop
  endfacet
  facet normal 0 1 -0
    outer loop
      vertex 12.9065 0 4.02682
      vertex 11 0 8
      vertex 12.9732 0 4.09345
    endloop
  endfacet
  facet normal 0 1 -0
    outer loop
      vertex 12.8442 0 3.95614
      vertex 11 0 8
      vertex 12.9065 0 4.02682
    endloop
  endfacet
  facet normal 0 1 -0
    outer loop
      vertex 12.7865 0 3.88168
      vertex 11 0 8
      vertex 12.8442 0 3.95614
    endloop
  endfacet
  facet normal 0 1 -0
    outer loop
      vertex 12.7335 0 3.80374
      vertex 11 0 8
      vertex 12.7865 0 3.88168
    endloop
  endfacet
  facet normal 0 1 -0
    outer loop
      vertex 12.6855 0 3.72263
      vertex 11 0 8
      vertex 12.7335 0 3.80374
    endloop
  endfacet
  facet normal 0 1 -0
    outer loop
      vertex 12.6428 0 3.63867
      vertex 11 0 8
      vertex 12.6855 0 3.72263
    endloop
  endfacet
  facet normal 0 1 -0
    outer loop
      vertex 12.6053 0 3.55219
      vertex 11 0 8
      vertex 12.6428 0 3.63867
    endloop
  endfacet
  facet normal 0 1 -0
    outer loop
      vertex 12.5734 0 3.46352
      vertex 11 0 8
      vertex 12.6053 0 3.55219
    endloop
  endfacet
  facet normal 0 1 -0
    outer loop
      vertex 12.5471 0 3.37303
      vertex 11 0 8
      vertex 12.5734 0 3.46352
    endloop
  endfacet
  facet normal 0 1 -0
    outer loop
      vertex 12.5266 0 3.28107
      vertex 11 0 8
      vertex 12.5471 0 3.37303
    endloop
  endfacet
  facet normal 0 1 -0
    outer loop
      vertex 12.5118 0 3.188
      vertex 11 0 8
      vertex 12.5266 0 3.28107
    endloop
  endfacet
  facet normal 0 1 0
    outer loop
      vertex 11 0 0
      vertex 12.5118 0 3.188
      vertex 12.503 0 3.09418
    endloop
  endfacet
  facet normal 0 1 0
    outer loop
      vertex 11 0 0
      vertex 12.503 0 3.09418
      vertex 12.5 0 3
    endloop
  endfacet
  facet normal 0 1 0
    outer loop
      vertex 11 0 0
      vertex 12.5 0 3
      vertex 12.503 0 2.90581
    endloop
  endfacet
  facet normal 0 1 0
    outer loop
      vertex 11 0 0
      vertex 12.503 0 2.90581
      vertex 12.5118 0 2.812
    endloop
  endfacet
  facet normal 0 1 0
    outer loop
      vertex 11 0 0
      vertex 12.5118 0 2.812
      vertex 12.5266 0 2.71893
    endloop
  endfacet
  facet normal 0 1 0
    outer loop
      vertex 11 0 0
      vertex 12.5266 0 2.71893
      vertex 12.5471 0 2.62696
    endloop
  endfacet
  facet normal 0 1 0
    outer loop
      vertex 14.7226 0 1.68554
      vertex 15.4453 0 0.371079
      vertex 14.6387 0 1.64276
    endloop
  endfacet
  facet normal 0 1 -0
    outer loop
      vertex 15.2773 0 0.285519
      vertex 14.6387 0 1.64276
      vertex 15.4453 0 0.371079
    endloop
  endfacet
  facet normal 0 1 0
    outer loop
      vertex 14.6387 0 1.64276
      vertex 15.2773 0 0.285519
      vertex 14.5522 0 1.60534
    endloop
  endfacet
  facet normal 0 1 -0
    outer loop
      vertex 15.1044 0 0.21067
      vertex 14.5522 0 1.60534
      vertex 15.2773 0 0.285519
    endloop
  endfacet
  facet normal 0 1 0
    outer loop
      vertex 14.5522 0 1.60534
      vertex 15.1044 0 0.21067
      vertex 14.4635 0 1.57341
    endloop
  endfacet
  facet normal 0 1 -0
    outer loop
      vertex 14.9271 0 0.14683
      vertex 14.4635 0 1.57341
      vertex 15.1044 0 0.21067
    endloop
  endfacet
  facet normal 0 1 0
    outer loop
      vertex 14.4635 0 1.57341
      vertex 14.9271 0 0.14683
      vertex 14.373 0 1.54712
    endloop
  endfacet
  facet normal 0 1 -0
    outer loop
      vertex 14.7461 0 0.0942497
      vertex 14.373 0 1.54712
      vertex 14.9271 0 0.14683
    endloop
  endfacet
  facet normal 0 1 0
    outer loop
      vertex 14.373 0 1.54712
      vertex 14.7461 0 0.0942497
      vertex 14.2811 0 1.52657
    endloop
  endfacet
  facet normal 0 1 -0
    outer loop
      vertex 14.5621 0 0.0531378
      vertex 14.2811 0 1.52657
      vertex 14.7461 0 0.0942497
    endloop
  endfacet
  facet normal 0 1 0
    outer loop
      vertex 14.2811 0 1.52657
      vertex 14.5621 0 0.0531378
      vertex 14.188 0 1.51183
    endloop
  endfacet
  facet normal 0 1 -0
    outer loop
      vertex 14.376 0 0.0236559
      vertex 14.188 0 1.51183
      vertex 14.5621 0 0.0531378
    endloop
  endfacet
  facet normal 0 1 0
    outer loop
      vertex 14.188 0 1.51183
      vertex 14.376 0 0.0236559
      vertex 14.0942 0 1.50296
    endloop
  endfacet
  facet normal 0 1 -0
    outer loop
      vertex 14.1884 0 0.00591946
      vertex 14.0942 0 1.50296
      vertex 14.376 0 0.0236559
    endloop
  endfacet
  facet normal 0 1 0
    outer loop
      vertex 14.0942 0 1.50296
      vertex 14.1884 0 0.00591946
      vertex 14 0 1.5
    endloop
  endfacet
  facet normal 0 1 0
    outer loop
      vertex 14 0 0
      vertex 14 0 1.5
      vertex 14.1884 0 0.00591946
    endloop
  endfacet
  facet normal 0 1 0
    outer loop
      vertex 14 0 1.5
      vertex 14 0 0
      vertex 13.9058 0 1.50296
    endloop
  endfacet
  facet normal 0 1 0
    outer loop
      vertex 13.9058 0 1.50296
      vertex 14 0 0
      vertex 13.812 0 1.51183
    endloop
  endfacet
  facet normal 0 1 0
    outer loop
      vertex 13.812 0 1.51183
      vertex 14 0 0
      vertex 13.7189 0 1.52657
    endloop
  endfacet
  facet normal 0 1 0
    outer loop
      vertex 13.7189 0 1.52657
      vertex 14 0 0
      vertex 13.627 0 1.54712
    endloop
  endfacet
  facet normal 0 1 0
    outer loop
      vertex 13.627 0 1.54712
      vertex 14 0 0
      vertex 13.5365 0 1.57341
    endloop
  endfacet
  facet normal 0 1 0
    outer loop
      vertex 13.5365 0 1.57341
      vertex 14 0 0
      vertex 13.4478 0 1.60534
    endloop
  endfacet
  facet normal 0 1 0
    outer loop
      vertex 13.4478 0 1.60534
      vertex 14 0 0
      vertex 13.3613 0 1.64276
    endloop
  endfacet
  facet normal 0 1 0
    outer loop
      vertex 13.3613 0 1.64276
      vertex 14 0 0
      vertex 13.2774 0 1.68554
    endloop
  endfacet
  facet normal 0 1 0
    outer loop
      vertex 11 0 0
      vertex 13.2774 0 1.68554
      vertex 14 0 0
    endloop
  endfacet
  facet normal 0 1 0
    outer loop
      vertex 13.2774 0 1.68554
      vertex 11 0 0
      vertex 13.1963 0 1.73351
    endloop
  endfacet
  facet normal 0 1 0
    outer loop
      vertex 13.1963 0 1.73351
      vertex 11 0 0
      vertex 13.1183 0 1.78647
    endloop
  endfacet
  facet normal 0 1 0
    outer loop
      vertex 13.1183 0 1.78647
      vertex 11 0 0
      vertex 13.0439 0 1.84423
    endloop
  endfacet
  facet normal 0 1 0
    outer loop
      vertex 13.0439 0 1.84423
      vertex 11 0 0
      vertex 12.9732 0 1.90655
    endloop
  endfacet
  facet normal 0 1 0
    outer loop
      vertex 12.9732 0 1.90655
      vertex 11 0 0
      vertex 12.9065 0 1.97318
    endloop
  endfacet
  facet normal 0 1 0
    outer loop
      vertex 12.9065 0 1.97318
      vertex 11 0 0
      vertex 12.8442 0 2.04386
    endloop
  endfacet
  facet normal 0 1 0
    outer loop
      vertex 12.8442 0 2.04386
      vertex 11 0 0
      vertex 12.7865 0 2.11832
    endloop
  endfacet
  facet normal 0 1 0
    outer loop
      vertex 12.7865 0 2.11832
      vertex 11 0 0
      vertex 12.7335 0 2.19626
    endloop
  endfacet
  facet normal 0 1 0
    outer loop
      vertex 12.5118 0 3.188
      vertex 11 0 0
      vertex 11 0 8
    endloop
  endfacet
  facet normal 0 1 0
    outer loop
      vertex 12.5734 0 2.53647
      vertex 11 0 0
      vertex 12.5471 0 2.62696
    endloop
  endfacet
  facet normal 0 1 0
    outer loop
      vertex 12.6053 0 2.44781
      vertex 11 0 0
      vertex 12.5734 0 2.53647
    endloop
  endfacet
  facet normal 0 1 0
    outer loop
      vertex 12.6428 0 2.36133
      vertex 11 0 0
      vertex 12.6053 0 2.44781
    endloop
  endfacet
  facet normal 0 1 0
    outer loop
      vertex 12.6855 0 2.27737
      vertex 11 0 0
      vertex 12.6428 0 2.36133
    endloop
  endfacet
  facet normal 0 1 0
    outer loop
      vertex 12.7335 0 2.19626
      vertex 11 0 0
      vertex 12.6855 0 2.27737
    endloop
  endfacet
  facet normal 0 -1 0
    outer loop
      vertex 0 0 16.6
      vertex 1.5 0 17.1
      vertex 0 0 17.1
    endloop
  endfacet
  facet normal 0 -1 -0
    outer loop
      vertex 1.5 0 17.1
      vertex 0 0 16.6
      vertex 1.5 0 16.6
    endloop
  endfacet
  facet normal 0 -1 0
    outer loop
      vertex 9.5 0 16.6
      vertex 11 0 17.1
      vertex 9.5 0 17.1
    endloop
  endfacet
  facet normal 0 -1 -0
    outer loop
      vertex 11 0 17.1
      vertex 9.5 0 16.6
      vertex 11 0 16.6
    endloop
  endfacet
  facet normal 0 -1 0
    outer loop
      vertex 9.5 0 8
      vertex 11 0 9.1
      vertex 9.5 0 9.1
    endloop
  endfacet
  facet normal 0 -1 -0
    outer loop
      vertex 11 0 9.1
      vertex 9.5 0 8
      vertex 11 0 8
    endloop
  endfacet
  facet normal 0 -1 0
    outer loop
      vertex 9.5 0 10.1
      vertex 11 0 15.6
      vertex 9.5 0 15.6
    endloop
  endfacet
  facet normal 0 -1 -0
    outer loop
      vertex 11 0 15.6
      vertex 9.5 0 10.1
      vertex 11 0 10.1
    endloop
  endfacet
  facet normal 0 -1 0
    outer loop
      vertex 0 0 8
      vertex 1.5 0 9.1
      vertex 0 0 9.1
    endloop
  endfacet
  facet normal 0 -1 -0
    outer loop
      vertex 1.5 0 9.1
      vertex 0 0 8
      vertex 1.5 0 8
    endloop
  endfacet
  facet normal 0 -1 0
    outer loop
      vertex 0 0 10.1
      vertex 1.5 0 15.6
      vertex 0 0 15.6
    endloop
  endfacet
  facet normal 0 -1 -0
    outer loop
      vertex 1.5 0 15.6
      vertex 0 0 10.1
      vertex 1.5 0 10.1
    endloop
  endfacet
  facet normal 0 0 -1
    outer loop
      vertex 8.75 0 17.1
      vertex 11 13.8 17.1
      vertex 11 0 17.1
    endloop
  endfacet
  facet normal -0 0 -1
    outer loop
      vertex 11 13.8 17.1
      vertex 8.75 0 17.1
      vertex 8.75 13.8 17.1
    endloop
  endfacet
  facet normal -1 0 0
    outer loop
      vertex 8.75 0 17.1
      vertex 8.75 13.8 18.6
      vertex 8.75 13.8 17.1
    endloop
  endfacet
  facet normal -1 -0 0
    outer loop
      vertex 8.75 13.8 18.6
      vertex 8.75 0 17.1
      vertex 8.75 0 18.6
    endloop
  endfacet
  facet normal -0 0 1
    outer loop
      vertex 8.75 13.8 18.6
      vertex 9.5 0 18.6
      vertex 9.5 13.8 18.6
    endloop
  endfacet
  facet normal 0 0 1
    outer loop
      vertex 9.5 0 18.6
      vertex 8.75 13.8 18.6
      vertex 8.75 0 18.6
    endloop
  endfacet
  facet normal -1 0 0
    outer loop
      vertex 9.5 0 18.6
      vertex 9.5 13.8 20.2
      vertex 9.5 13.8 18.6
    endloop
  endfacet
  facet normal -1 -0 0
    outer loop
      vertex 9.5 13.8 20.2
      vertex 9.5 0 18.6
      vertex 9.5 0 20.2
    endloop
  endfacet
  facet normal 0 -1 0
    outer loop
      vertex 8.75 0 18.6
      vertex 8.75 0 17.1
      vertex 9.5 0 18.6
    endloop
  endfacet
  facet normal 0 -1 0
    outer loop
      vertex 9.5 0 20.2
      vertex 9.5 0 21.7
      vertex 8 0 20.2
    endloop
  endfacet
  facet normal 0 -1 0
    outer loop
      vertex 9.5 0 21.7
      vertex 9.5 0 20.2
      vertex 11 0 21.7
    endloop
  endfacet
  facet normal 0 -1 0
    outer loop
      vertex 9.5 0 18.6
      vertex 11 0 21.7
      vertex 9.5 0 20.2
    endloop
  endfacet
  facet normal 0 -1 0
    outer loop
      vertex 9.5 0 18.6
      vertex 11 0 17.1
      vertex 11 0 21.7
    endloop
  endfacet
  facet normal 0 -1 0
    outer loop
      vertex 11 0 17.1
      vertex 9.5 0 18.6
      vertex 8.75 0 17.1
    endloop
  endfacet
  facet normal 0 1 0
    outer loop
      vertex 11 13.8 21.7
      vertex 9.5 13.8 20.2
      vertex 9.5 13.8 21.7
    endloop
  endfacet
  facet normal 0 1 0
    outer loop
      vertex 11 13.8 21.7
      vertex 9.5 13.8 18.6
      vertex 9.5 13.8 20.2
    endloop
  endfacet
  facet normal 0 1 -0
    outer loop
      vertex 11 13.8 17.1
      vertex 9.5 13.8 18.6
      vertex 11 13.8 21.7
    endloop
  endfacet
  facet normal 0 1 0
    outer loop
      vertex 8.75 13.8 17.1
      vertex 9.5 13.8 18.6
      vertex 11 13.8 17.1
    endloop
  endfacet
  facet normal 0 1 0
    outer loop
      vertex 9.5 13.8 18.6
      vertex 8.75 13.8 17.1
      vertex 8.75 13.8 18.6
    endloop
  endfacet
  facet normal 0 1 0
    outer loop
      vertex 9.5 13.8 21.7
      vertex 9.5 13.8 20.2
      vertex 8 13.8 20.2
    endloop
  endfacet
  facet normal -0 0 1
    outer loop
      vertex 9.5 13.8 21.7
      vertex 11 0 21.7
      vertex 11 13.8 21.7
    endloop
  endfacet
  facet normal 0 0 1
    outer loop
      vertex 11 0 21.7
      vertex 9.5 13.8 21.7
      vertex 9.5 0 21.7
    endloop
  endfacet
  facet normal 1 -0 0
    outer loop
      vertex 11 0 21.7
      vertex 11 13.8 17.1
      vertex 11 13.8 21.7
    endloop
  endfacet
  facet normal 1 0 0
    outer loop
      vertex 11 13.8 17.1
      vertex 11 0 21.7
      vertex 11 0 17.1
    endloop
  endfacet
  facet normal -0.707107 0 0.707107
    outer loop
      vertex 8 0 20.2
      vertex 9.5 13.8 21.7
      vertex 8 13.8 20.2
    endloop
  endfacet
  facet normal -0.707107 0 0.707107
    outer loop
      vertex 9.5 13.8 21.7
      vertex 8 0 20.2
      vertex 9.5 0 21.7
    endloop
  endfacet
  facet normal 0 0 -1
    outer loop
      vertex 8 0 20.2
      vertex 9.5 13.8 20.2
      vertex 9.5 0 20.2
    endloop
  endfacet
  facet normal -0 0 -1
    outer loop
      vertex 9.5 13.8 20.2
      vertex 8 0 20.2
      vertex 8 13.8 20.2
    endloop
  endfacet
  facet normal 0 0 -1
    outer loop
      vertex 0 7.62939e-07 17.1
      vertex 2.25 13.8 17.1
      vertex 2.25 7.62939e-07 17.1
    endloop
  endfacet
  facet normal -0 0 -1
    outer loop
      vertex 2.25 13.8 17.1
      vertex 0 7.62939e-07 17.1
      vertex 0 13.8 17.1
    endloop
  endfacet
  facet normal 1 -0 0
    outer loop
      vertex 2.25 7.62939e-07 18.6
      vertex 2.25 13.8 17.1
      vertex 2.25 13.8 18.6
    endloop
  endfacet
  facet normal 1 0 0
    outer loop
      vertex 2.25 13.8 17.1
      vertex 2.25 7.62939e-07 18.6
      vertex 2.25 7.62939e-07 17.1
    endloop
  endfacet
  facet normal -0 0 1
    outer loop
      vertex 1.5 13.8 18.6
      vertex 2.25 7.62939e-07 18.6
      vertex 2.25 13.8 18.6
    endloop
  endfacet
  facet normal 0 0 1
    outer loop
      vertex 2.25 7.62939e-07 18.6
      vertex 1.5 13.8 18.6
      vertex 1.5 7.62939e-07 18.6
    endloop
  endfacet
  facet normal 0 -1 0
    outer loop
      vertex 0 7.62939e-07 21.7
      vertex 1.5 7.62939e-07 20.2
      vertex 1.5 7.62939e-07 21.7
    endloop
  endfacet
  facet normal 0 -1 0
    outer loop
      vertex 0 7.62939e-07 21.7
      vertex 1.5 7.62939e-07 18.6
      vertex 1.5 7.62939e-07 20.2
    endloop
  endfacet
  facet normal 0 -1 0
    outer loop
      vertex 0 7.62939e-07 17.1
      vertex 1.5 7.62939e-07 18.6
      vertex 0 7.62939e-07 21.7
    endloop
  endfacet
  facet normal 0 -1 0
    outer loop
      vertex 2.25 7.62939e-07 17.1
      vertex 1.5 7.62939e-07 18.6
      vertex 0 7.62939e-07 17.1
    endloop
  endfacet
  facet normal 0 -1 0
    outer loop
      vertex 1.5 7.62939e-07 18.6
      vertex 2.25 7.62939e-07 17.1
      vertex 2.25 7.62939e-07 18.6
    endloop
  endfacet
  facet normal 0 -1 0
    outer loop
      vertex 1.5 7.62939e-07 21.7
      vertex 1.5 7.62939e-07 20.2
      vertex 3 7.62939e-07 20.2
    endloop
  endfacet
  facet normal 1 -0 0
    outer loop
      vertex 1.5 7.62939e-07 20.2
      vertex 1.5 13.8 18.6
      vertex 1.5 13.8 20.2
    endloop
  endfacet
  facet normal 1 0 0
    outer loop
      vertex 1.5 13.8 18.6
      vertex 1.5 7.62939e-07 20.2
      vertex 1.5 7.62939e-07 18.6
    endloop
  endfacet
  facet normal 0 1 0
    outer loop
      vertex 2.25 13.8 18.6
      vertex 2.25 13.8 17.1
      vertex 1.5 13.8 18.6
    endloop
  endfacet
  facet normal 0 1 0
    outer loop
      vertex 1.5 13.8 20.2
      vertex 1.5 13.8 21.7
      vertex 3 13.8 20.2
    endloop
  endfacet
  facet normal 0 1 0
    outer loop
      vertex 1.5 13.8 21.7
      vertex 1.5 13.8 20.2
      vertex 0 13.8 21.7
    endloop
  endfacet
  facet normal 0 1 -0
    outer loop
      vertex 1.5 13.8 18.6
      vertex 0 13.8 21.7
      vertex 1.5 13.8 20.2
    endloop
  endfacet
  facet normal 0 1 0
    outer loop
      vertex 1.5 13.8 18.6
      vertex 0 13.8 17.1
      vertex 0 13.8 21.7
    endloop
  endfacet
  facet normal 0 1 0
    outer loop
      vertex 0 13.8 17.1
      vertex 1.5 13.8 18.6
      vertex 2.25 13.8 17.1
    endloop
  endfacet
  facet normal -0 0 1
    outer loop
      vertex 0 13.8 21.7
      vertex 1.5 7.62939e-07 21.7
      vertex 1.5 13.8 21.7
    endloop
  endfacet
  facet normal 0 0 1
    outer loop
      vertex 1.5 7.62939e-07 21.7
      vertex 0 13.8 21.7
      vertex 0 7.62939e-07 21.7
    endloop
  endfacet
  facet normal -1 0 0
    outer loop
      vertex 0 7.62939e-07 17.1
      vertex 0 13.8 21.7
      vertex 0 13.8 17.1
    endloop
  endfacet
  facet normal -1 -0 0
    outer loop
      vertex 0 13.8 21.7
      vertex 0 7.62939e-07 17.1
      vertex 0 7.62939e-07 21.7
    endloop
  endfacet
  facet normal 0.707107 -0 0.707107
    outer loop
      vertex 1.5 7.62939e-07 21.7
      vertex 3 13.8 20.2
      vertex 1.5 13.8 21.7
    endloop
  endfacet
  facet normal 0.707107 0 0.707107
    outer loop
      vertex 3 13.8 20.2
      vertex 1.5 7.62939e-07 21.7
      vertex 3 7.62939e-07 20.2
    endloop
  endfacet
  facet normal 0 0 -1
    outer loop
      vertex 1.5 7.62939e-07 20.2
      vertex 3 13.8 20.2
      vertex 3 7.62939e-07 20.2
    endloop
  endfacet
  facet normal -0 0 -1
    outer loop
      vertex 3 13.8 20.2
      vertex 1.5 7.62939e-07 20.2
      vertex 1.5 13.8 20.2
    endloop
  endfacet
  facet normal 0 -1 0
    outer loop
      vertex -2.71893 -3 4.47343
      vertex -3 -3 6
      vertex -2.812 -3 4.48817
    endloop
  endfacet
  facet normal 0 -1 -0
    outer loop
      vertex 14 -3 6
      vertex 13.9058 -3 4.49704
      vertex 14 -3 4.5
    endloop
  endfacet
  facet normal 0 -1 0
    outer loop
      vertex -2.62696 -3 4.45287
      vertex -3 -3 6
      vertex -2.71893 -3 4.47343
    endloop
  endfacet
  facet normal 0 -1 0
    outer loop
      vertex 14 -3 6
      vertex 13.812 -3 4.48817
      vertex 13.9058 -3 4.49704
    endloop
  endfacet
  facet normal 0 -1 0
    outer loop
      vertex -2.53647 -3 4.42658
      vertex -3 -3 6
      vertex -2.62696 -3 4.45287
    endloop
  endfacet
  facet normal 0 -1 0
    outer loop
      vertex 14 -3 6
      vertex 13.7189 -3 4.47343
      vertex 13.812 -3 4.48817
    endloop
  endfacet
  facet normal 0 -1 0
    outer loop
      vertex -2.44781 -3 4.39466
      vertex -3 -3 6
      vertex -2.53647 -3 4.42658
    endloop
  endfacet
  facet normal 0 -1 0
    outer loop
      vertex 14 -3 6
      vertex 13.627 -3 4.45287
      vertex 13.7189 -3 4.47343
    endloop
  endfacet
  facet normal 0 -1 0
    outer loop
      vertex -2.36133 -3 4.35724
      vertex -3 -3 6
      vertex -2.44781 -3 4.39466
    endloop
  endfacet
  facet normal 0 -1 0
    outer loop
      vertex 14 -3 6
      vertex 13.5365 -3 4.42658
      vertex 13.627 -3 4.45287
    endloop
  endfacet
  facet normal 0 -1 0
    outer loop
      vertex -2.27737 -3 4.31446
      vertex -3 -3 6
      vertex -2.36133 -3 4.35724
    endloop
  endfacet
  facet normal 0 -1 0
    outer loop
      vertex 14 -3 6
      vertex 13.4478 -3 4.39466
      vertex 13.5365 -3 4.42658
    endloop
  endfacet
  facet normal 0 -1 0
    outer loop
      vertex -2.19626 -3 4.26649
      vertex -3 -3 6
      vertex -2.27737 -3 4.31446
    endloop
  endfacet
  facet normal 0 -1 0
    outer loop
      vertex 14 -3 6
      vertex 13.3613 -3 4.35724
      vertex 13.4478 -3 4.39466
    endloop
  endfacet
  facet normal 0 -1 0
    outer loop
      vertex -2.11832 -3 4.21352
      vertex -3 -3 6
      vertex -2.19626 -3 4.26649
    endloop
  endfacet
  facet normal 0 -1 0
    outer loop
      vertex 14 -3 6
      vertex 13.2774 -3 4.31446
      vertex 13.3613 -3 4.35724
    endloop
  endfacet
  facet normal 0 -1 0
    outer loop
      vertex -2.04386 -3 4.15577
      vertex -3 -3 6
      vertex -2.11832 -3 4.21352
    endloop
  endfacet
  facet normal 0 -1 0
    outer loop
      vertex 14 -3 6
      vertex 13.1963 -3 4.26649
      vertex 13.2774 -3 4.31446
    endloop
  endfacet
  facet normal 0 -1 0
    outer loop
      vertex -1.97318 -3 4.09345
      vertex -3 -3 6
      vertex -2.04386 -3 4.15577
    endloop
  endfacet
  facet normal 0 -1 0
    outer loop
      vertex 14 -3 6
      vertex 13.1183 -3 4.21352
      vertex 13.1963 -3 4.26649
    endloop
  endfacet
  facet normal 0 -1 0
    outer loop
      vertex -1.90655 -3 4.02682
      vertex -3 -3 6
      vertex -1.97318 -3 4.09345
    endloop
  endfacet
  facet normal 0 -1 0
    outer loop
      vertex 14 -3 6
      vertex 13.0439 -3 4.15577
      vertex 13.1183 -3 4.21352
    endloop
  endfacet
  facet normal 0 -1 0
    outer loop
      vertex -1.84423 -3 3.95614
      vertex -3 -3 6
      vertex -1.90655 -3 4.02682
    endloop
  endfacet
  facet normal 0 -1 0
    outer loop
      vertex 14 -3 6
      vertex 12.9732 -3 4.09345
      vertex 13.0439 -3 4.15577
    endloop
  endfacet
  facet normal 0 -1 0
    outer loop
      vertex -1.78647 -3 3.88168
      vertex -3 -3 6
      vertex -1.84423 -3 3.95614
    endloop
  endfacet
  facet normal 0 -1 0
    outer loop
      vertex 14 -3 6
      vertex 12.9065 -3 4.02682
      vertex 12.9732 -3 4.09345
    endloop
  endfacet
  facet normal 0 -1 0
    outer loop
      vertex -3 -3 6
      vertex -1.78647 -3 3.88168
      vertex 14 -3 6
    endloop
  endfacet
  facet normal 0 -1 0
    outer loop
      vertex 14 -3 6
      vertex 12.8442 -3 3.95614
      vertex 12.9065 -3 4.02682
    endloop
  endfacet
  facet normal 0 -1 0
    outer loop
      vertex 12.7865 -3 3.88168
      vertex 14 -3 6
      vertex -1.78647 -3 3.88168
    endloop
  endfacet
  facet normal 0 -1 0
    outer loop
      vertex 14 -3 6
      vertex 12.7865 -3 3.88168
      vertex 12.8442 -3 3.95614
    endloop
  endfacet
  facet normal 0 -1 0
    outer loop
      vertex -1.73351 -3 3.80374
      vertex 12.7865 -3 3.88168
      vertex -1.78647 -3 3.88168
    endloop
  endfacet
  facet normal 0 -1 0
    outer loop
      vertex -1.73351 -3 3.80374
      vertex 12.7335 -3 3.80374
      vertex 12.7865 -3 3.88168
    endloop
  endfacet
  facet normal 0 -1 0
    outer loop
      vertex -1.68554 -3 3.72263
      vertex 12.7335 -3 3.80374
      vertex -1.73351 -3 3.80374
    endloop
  endfacet
  facet normal 0 -1 0
    outer loop
      vertex -1.68554 -3 3.72263
      vertex 12.6855 -3 3.72263
      vertex 12.7335 -3 3.80374
    endloop
  endfacet
  facet normal 0 -1 0
    outer loop
      vertex -1.64276 -3 3.63867
      vertex 12.6855 -3 3.72263
      vertex -1.68554 -3 3.72263
    endloop
  endfacet
  facet normal 0 -1 0
    outer loop
      vertex -1.64276 -3 3.63867
      vertex 12.6428 -3 3.63867
      vertex 12.6855 -3 3.72263
    endloop
  endfacet
  facet normal 0 -1 0
    outer loop
      vertex -1.60534 -3 3.55219
      vertex 12.6428 -3 3.63867
      vertex -1.64276 -3 3.63867
    endloop
  endfacet
  facet normal 0 -1 0
    outer loop
      vertex -1.60534 -3 3.55219
      vertex 12.6053 -3 3.55219
      vertex 12.6428 -3 3.63867
    endloop
  endfacet
  facet normal 0 -1 0
    outer loop
      vertex -1.57341 -3 3.46352
      vertex 12.6053 -3 3.55219
      vertex -1.60534 -3 3.55219
    endloop
  endfacet
  facet normal 0 -1 0
    outer loop
      vertex -1.57341 -3 3.46352
      vertex 12.5734 -3 3.46352
      vertex 12.6053 -3 3.55219
    endloop
  endfacet
  facet normal 0 -1 0
    outer loop
      vertex -1.54712 -3 3.37303
      vertex 12.5734 -3 3.46352
      vertex -1.57341 -3 3.46352
    endloop
  endfacet
  facet normal 0 -1 0
    outer loop
      vertex -1.54712 -3 3.37303
      vertex 12.5471 -3 3.37303
      vertex 12.5734 -3 3.46352
    endloop
  endfacet
  facet normal 0 -1 0
    outer loop
      vertex -1.52657 -3 3.28107
      vertex 12.5471 -3 3.37303
      vertex -1.54712 -3 3.37303
    endloop
  endfacet
  facet normal 0 -1 0
    outer loop
      vertex -1.52657 -3 3.28107
      vertex 12.5266 -3 3.28107
      vertex 12.5471 -3 3.37303
    endloop
  endfacet
  facet normal 0 -1 0
    outer loop
      vertex -1.51183 -3 3.188
      vertex 12.5266 -3 3.28107
      vertex -1.52657 -3 3.28107
    endloop
  endfacet
  facet normal 0 -1 0
    outer loop
      vertex -1.51183 -3 3.188
      vertex 12.5118 -3 3.188
      vertex 12.5266 -3 3.28107
    endloop
  endfacet
  facet normal 0 -1 0
    outer loop
      vertex -1.50296 -3 3.09418
      vertex 12.5118 -3 3.188
      vertex -1.51183 -3 3.188
    endloop
  endfacet
  facet normal 0 -1 0
    outer loop
      vertex -1.50296 -3 3.09418
      vertex 12.503 -3 3.09418
      vertex 12.5118 -3 3.188
    endloop
  endfacet
  facet normal 0 -1 0
    outer loop
      vertex -1.5 -3 3
      vertex 12.503 -3 3.09418
      vertex -1.50296 -3 3.09418
    endloop
  endfacet
  facet normal 0 -1 0
    outer loop
      vertex -1.5 -3 3
      vertex 12.5 -3 3
      vertex 12.503 -3 3.09418
    endloop
  endfacet
  facet normal 0 -1 0
    outer loop
      vertex -1.50296 -3 2.90581
      vertex 12.5 -3 3
      vertex -1.5 -3 3
    endloop
  endfacet
  facet normal 0 -1 0
    outer loop
      vertex -1.50296 -3 2.90581
      vertex 12.503 -3 2.90581
      vertex 12.5 -3 3
    endloop
  endfacet
  facet normal 0 -1 0
    outer loop
      vertex -1.51183 -3 2.812
      vertex 12.503 -3 2.90581
      vertex -1.50296 -3 2.90581
    endloop
  endfacet
  facet normal 0 -1 0
    outer loop
      vertex -1.51183 -3 2.812
      vertex 12.5118 -3 2.812
      vertex 12.503 -3 2.90581
    endloop
  endfacet
  facet normal 0 -1 0
    outer loop
      vertex -1.52657 -3 2.71893
      vertex 12.5118 -3 2.812
      vertex -1.51183 -3 2.812
    endloop
  endfacet
  facet normal 0 -1 0
    outer loop
      vertex -1.52657 -3 2.71893
      vertex 12.5266 -3 2.71893
      vertex 12.5118 -3 2.812
    endloop
  endfacet
  facet normal 0 -1 0
    outer loop
      vertex -1.54712 -3 2.62696
      vertex 12.5266 -3 2.71893
      vertex -1.52657 -3 2.71893
    endloop
  endfacet
  facet normal 0 -1 0
    outer loop
      vertex -1.54712 -3 2.62696
      vertex 12.5471 -3 2.62696
      vertex 12.5266 -3 2.71893
    endloop
  endfacet
  facet normal 0 -1 0
    outer loop
      vertex -1.57341 -3 2.53647
      vertex 12.5471 -3 2.62696
      vertex -1.54712 -3 2.62696
    endloop
  endfacet
  facet normal 0 -1 0
    outer loop
      vertex -1.57341 -3 2.53647
      vertex 12.5734 -3 2.53647
      vertex 12.5471 -3 2.62696
    endloop
  endfacet
  facet normal 0 -1 0
    outer loop
      vertex -1.60534 -3 2.44781
      vertex 12.5734 -3 2.53647
      vertex -1.57341 -3 2.53647
    endloop
  endfacet
  facet normal 0 -1 0
    outer loop
      vertex -1.60534 -3 2.44781
      vertex 12.6053 -3 2.44781
      vertex 12.5734 -3 2.53647
    endloop
  endfacet
  facet normal 0 -1 0
    outer loop
      vertex -1.64276 -3 2.36133
      vertex 12.6053 -3 2.44781
      vertex -1.60534 -3 2.44781
    endloop
  endfacet
  facet normal 0 -1 0
    outer loop
      vertex -1.64276 -3 2.36133
      vertex 12.6428 -3 2.36133
      vertex 12.6053 -3 2.44781
    endloop
  endfacet
  facet normal 0 -1 0
    outer loop
      vertex -1.68554 -3 2.27737
      vertex 12.6428 -3 2.36133
      vertex -1.64276 -3 2.36133
    endloop
  endfacet
  facet normal 0 -1 0
    outer loop
      vertex -1.68554 -3 2.27737
      vertex 12.6855 -3 2.27737
      vertex 12.6428 -3 2.36133
    endloop
  endfacet
  facet normal 0 -1 0
    outer loop
      vertex -1.73351 -3 2.19626
      vertex 12.6855 -3 2.27737
      vertex -1.68554 -3 2.27737
    endloop
  endfacet
  facet normal 0 -1 0
    outer loop
      vertex -1.73351 -3 2.19626
      vertex 12.7335 -3 2.19626
      vertex 12.6855 -3 2.27737
    endloop
  endfacet
  facet normal 0 -1 0
    outer loop
      vertex -1.78647 -3 2.11832
      vertex 12.7335 -3 2.19626
      vertex -1.73351 -3 2.19626
    endloop
  endfacet
  facet normal 0 -1 0
    outer loop
      vertex -1.78647 -3 2.11832
      vertex 12.7865 -3 2.11832
      vertex 12.7335 -3 2.19626
    endloop
  endfacet
  facet normal 0 -1 0
    outer loop
      vertex -3 -3 0
      vertex -1.78647 -3 2.11832
      vertex -1.84423 -3 2.04386
    endloop
  endfacet
  facet normal 0 -1 -0
    outer loop
      vertex -1.78647 -3 2.11832
      vertex -3 -3 0
      vertex 12.7865 -3 2.11832
    endloop
  endfacet
  facet normal 0 -1 0
    outer loop
      vertex -3 -3 0
      vertex -1.84423 -3 2.04386
      vertex -1.90655 -3 1.97318
    endloop
  endfacet
  facet normal 0 -1 0
    outer loop
      vertex 14 -3 0
      vertex 12.7865 -3 2.11832
      vertex -3 -3 0
    endloop
  endfacet
  facet normal 0 -1 0
    outer loop
      vertex -3 -3 0
      vertex -1.90655 -3 1.97318
      vertex -1.97318 -3 1.90655
    endloop
  endfacet
  facet normal 0 -1 0
    outer loop
      vertex 12.7865 -3 2.11832
      vertex 14 -3 0
      vertex 12.8442 -3 2.04386
    endloop
  endfacet
  facet normal 0 -1 0
    outer loop
      vertex -3 -3 0
      vertex -1.97318 -3 1.90655
      vertex -2.04386 -3 1.84423
    endloop
  endfacet
  facet normal 0 -1 0
    outer loop
      vertex 12.8442 -3 2.04386
      vertex 14 -3 0
      vertex 12.9065 -3 1.97318
    endloop
  endfacet
  facet normal 0 -1 0
    outer loop
      vertex -3 -3 0
      vertex -2.04386 -3 1.84423
      vertex -2.11832 -3 1.78647
    endloop
  endfacet
  facet normal 0 -1 0
    outer loop
      vertex 12.9065 -3 1.97318
      vertex 14 -3 0
      vertex 12.9732 -3 1.90655
    endloop
  endfacet
  facet normal 0 -1 0
    outer loop
      vertex -3 -3 0
      vertex -2.11832 -3 1.78647
      vertex -2.19626 -3 1.73351
    endloop
  endfacet
  facet normal 0 -1 0
    outer loop
      vertex 12.9732 -3 1.90655
      vertex 14 -3 0
      vertex 13.0439 -3 1.84423
    endloop
  endfacet
  facet normal 0 -1 0
    outer loop
      vertex -3 -3 0
      vertex -2.19626 -3 1.73351
      vertex -2.27737 -3 1.68554
    endloop
  endfacet
  facet normal 0 -1 0
    outer loop
      vertex 13.0439 -3 1.84423
      vertex 14 -3 0
      vertex 13.1183 -3 1.78647
    endloop
  endfacet
  facet normal 0 -1 0
    outer loop
      vertex -3 -3 0
      vertex -2.27737 -3 1.68554
      vertex -2.36133 -3 1.64276
    endloop
  endfacet
  facet normal 0 -1 0
    outer loop
      vertex 13.1183 -3 1.78647
      vertex 14 -3 0
      vertex 13.1963 -3 1.73351
    endloop
  endfacet
  facet normal 0 -1 0
    outer loop
      vertex -3 -3 0
      vertex -2.36133 -3 1.64276
      vertex -2.44781 -3 1.60534
    endloop
  endfacet
  facet normal 0 -1 0
    outer loop
      vertex 13.1963 -3 1.73351
      vertex 14 -3 0
      vertex 13.2774 -3 1.68554
    endloop
  endfacet
  facet normal 0 -1 0
    outer loop
      vertex -3 -3 0
      vertex -2.44781 -3 1.60534
      vertex -2.53647 -3 1.57341
    endloop
  endfacet
  facet normal 0 -1 0
    outer loop
      vertex 13.2774 -3 1.68554
      vertex 14 -3 0
      vertex 13.3613 -3 1.64276
    endloop
  endfacet
  facet normal 0 -1 0
    outer loop
      vertex -3 -3 0
      vertex -2.53647 -3 1.57341
      vertex -2.62696 -3 1.54712
    endloop
  endfacet
  facet normal 0 -1 0
    outer loop
      vertex 13.3613 -3 1.64276
      vertex 14 -3 0
      vertex 13.4478 -3 1.60534
    endloop
  endfacet
  facet normal 0 -1 0
    outer loop
      vertex -3 -3 0
      vertex -2.62696 -3 1.54712
      vertex -2.71893 -3 1.52657
    endloop
  endfacet
  facet normal 0 -1 0
    outer loop
      vertex 13.4478 -3 1.60534
      vertex 14 -3 0
      vertex 13.5365 -3 1.57341
    endloop
  endfacet
  facet normal 0 -1 0
    outer loop
      vertex -3 -3 0
      vertex -2.71893 -3 1.52657
      vertex -2.812 -3 1.51183
    endloop
  endfacet
  facet normal 0 -1 0
    outer loop
      vertex 13.5365 -3 1.57341
      vertex 14 -3 0
      vertex 13.627 -3 1.54712
    endloop
  endfacet
  facet normal 0 -1 0
    outer loop
      vertex -3 -3 0
      vertex -2.812 -3 1.51183
      vertex -2.90581 -3 1.50296
    endloop
  endfacet
  facet normal 0 -1 0
    outer loop
      vertex 13.627 -3 1.54712
      vertex 14 -3 0
      vertex 13.7189 -3 1.52657
    endloop
  endfacet
  facet normal 0 -1 0
    outer loop
      vertex -3 -3 0
      vertex -2.90581 -3 1.50296
      vertex -3 -3 1.5
    endloop
  endfacet
  facet normal 0 -1 0
    outer loop
      vertex 13.7189 -3 1.52657
      vertex 14 -3 0
      vertex 13.812 -3 1.51183
    endloop
  endfacet
  facet normal 0 -1 0
    outer loop
      vertex -3 -3 6
      vertex 14 -3 8
      vertex -3 -3 8
    endloop
  endfacet
  facet normal 0 -1 0
    outer loop
      vertex -3 -3 6
      vertex 14 -3 6
      vertex 14 -3 8
    endloop
  endfacet
  facet normal 0 -1 0
    outer loop
      vertex -3 -3 4.5
      vertex -3 -3 6
      vertex -3.18837 -3 5.99408
    endloop
  endfacet
  facet normal 0 -1 0
    outer loop
      vertex -2.90581 -3 4.49704
      vertex -3 -3 6
      vertex -3 -3 4.5
    endloop
  endfacet
  facet normal 0 -1 0
    outer loop
      vertex -3.09418 -3 4.49704
      vertex -3.18837 -3 5.99408
      vertex -3.376 -3 5.97634
    endloop
  endfacet
  facet normal 0 -1 0
    outer loop
      vertex -2.812 -3 4.48817
      vertex -3 -3 6
      vertex -2.90581 -3 4.49704
    endloop
  endfacet
  facet normal 0 -1 0
    outer loop
      vertex -3.188 -3 4.48817
      vertex -3.376 -3 5.97634
      vertex -3.56214 -3 5.94686
    endloop
  endfacet
  facet normal 0 -1 0
    outer loop
      vertex 14 -3 6
      vertex 14 -3 4.5
      vertex 14.1884 -3 5.99408
    endloop
  endfacet
  facet normal 0 -1 0
    outer loop
      vertex -3.28107 -3 4.47343
      vertex -3.56214 -3 5.94686
      vertex -3.74607 -3 5.90575
    endloop
  endfacet
  facet normal 0 -1 0
    outer loop
      vertex 14.0942 -3 4.49704
      vertex 14.1884 -3 5.99408
      vertex 14 -3 4.5
    endloop
  endfacet
  facet normal 0 -1 0
    outer loop
      vertex -3.37303 -3 4.45287
      vertex -3.74607 -3 5.90575
      vertex -3.92705 -3 5.85317
    endloop
  endfacet
  facet normal 0 -1 -0
    outer loop
      vertex 14.1884 -3 5.99408
      vertex 14.0942 -3 4.49704
      vertex 14.376 -3 5.97634
    endloop
  endfacet
  facet normal 0 -1 0
    outer loop
      vertex -3.46352 -3 4.42658
      vertex -3.92705 -3 5.85317
      vertex -4.10437 -3 5.78933
    endloop
  endfacet
  facet normal 0 -1 0
    outer loop
      vertex 14.188 -3 4.48817
      vertex 14.376 -3 5.97634
      vertex 14.0942 -3 4.49704
    endloop
  endfacet
  facet normal 0 -1 0
    outer loop
      vertex -3.55219 -3 4.39466
      vertex -4.10437 -3 5.78933
      vertex -4.27734 -3 5.71448
    endloop
  endfacet
  facet normal 0 -1 -0
    outer loop
      vertex 14.376 -3 5.97634
      vertex 14.188 -3 4.48817
      vertex 14.5621 -3 5.94686
    endloop
  endfacet
  facet normal 0 -1 0
    outer loop
      vertex -3.63867 -3 4.35724
      vertex -4.27734 -3 5.71448
      vertex -4.44526 -3 5.62892
    endloop
  endfacet
  facet normal 0 -1 0
    outer loop
      vertex 14.2811 -3 4.47343
      vertex 14.5621 -3 5.94686
      vertex 14.188 -3 4.48817
    endloop
  endfacet
  facet normal 0 -1 0
    outer loop
      vertex -3.72263 -3 4.31446
      vertex -4.44526 -3 5.62892
      vertex -4.60748 -3 5.53298
    endloop
  endfacet
  facet normal 0 -1 -0
    outer loop
      vertex 14.5621 -3 5.94686
      vertex 14.2811 -3 4.47343
      vertex 14.7461 -3 5.90575
    endloop
  endfacet
  facet normal 0 -1 0
    outer loop
      vertex -3.80374 -3 4.26649
      vertex -4.60748 -3 5.53298
      vertex -4.76336 -3 5.42705
    endloop
  endfacet
  facet normal 0 -1 0
    outer loop
      vertex 14.373 -3 4.45287
      vertex 14.7461 -3 5.90575
      vertex 14.2811 -3 4.47343
    endloop
  endfacet
  facet normal 0 -1 0
    outer loop
      vertex -3.88168 -3 4.21352
      vertex -4.76336 -3 5.42705
      vertex -4.91227 -3 5.31154
    endloop
  endfacet
  facet normal 0 -1 -0
    outer loop
      vertex 14.7461 -3 5.90575
      vertex 14.373 -3 4.45287
      vertex 14.9271 -3 5.85317
    endloop
  endfacet
  facet normal 0 -1 0
    outer loop
      vertex -3.95614 -3 4.15577
      vertex -4.91227 -3 5.31154
      vertex -5.05364 -3 5.18691
    endloop
  endfacet
  facet normal 0 -1 0
    outer loop
      vertex 14.4635 -3 4.42658
      vertex 14.9271 -3 5.85317
      vertex 14.373 -3 4.45287
    endloop
  endfacet
  facet normal 0 -1 0
    outer loop
      vertex -4.02682 -3 4.09345
      vertex -5.05364 -3 5.18691
      vertex -5.18691 -3 5.05364
    endloop
  endfacet
  facet normal 0 -1 -0
    outer loop
      vertex 14.9271 -3 5.85317
      vertex 14.4635 -3 4.42658
      vertex 15.1044 -3 5.78933
    endloop
  endfacet
  facet normal 0 -1 0
    outer loop
      vertex -4.09345 -3 4.02682
      vertex -5.18691 -3 5.05364
      vertex -5.31154 -3 4.91227
    endloop
  endfacet
  facet normal 0 -1 0
    outer loop
      vertex 14.5522 -3 4.39466
      vertex 15.1044 -3 5.78933
      vertex 14.4635 -3 4.42658
    endloop
  endfacet
  facet normal 0 -1 0
    outer loop
      vertex -4.15577 -3 3.95614
      vertex -5.31154 -3 4.91227
      vertex -5.42705 -3 4.76336
    endloop
  endfacet
  facet normal 0 -1 -0
    outer loop
      vertex 15.1044 -3 5.78933
      vertex 14.5522 -3 4.39466
      vertex 15.2773 -3 5.71448
    endloop
  endfacet
  facet normal 0 -1 0
    outer loop
      vertex -4.21352 -3 3.88168
      vertex -5.42705 -3 4.76336
      vertex -5.53298 -3 4.60748
    endloop
  endfacet
  facet normal 0 -1 0
    outer loop
      vertex 14.6387 -3 4.35724
      vertex 15.2773 -3 5.71448
      vertex 14.5522 -3 4.39466
    endloop
  endfacet
  facet normal 0 -1 -0
    outer loop
      vertex 15.2773 -3 5.71448
      vertex 14.6387 -3 4.35724
      vertex 15.4453 -3 5.62892
    endloop
  endfacet
  facet normal 0 -1 0
    outer loop
      vertex -3.18837 -3 5.99408
      vertex -3.09418 -3 4.49704
      vertex -3 -3 4.5
    endloop
  endfacet
  facet normal 0 -1 0
    outer loop
      vertex -3.376 -3 5.97634
      vertex -3.188 -3 4.48817
      vertex -3.09418 -3 4.49704
    endloop
  endfacet
  facet normal 0 -1 0
    outer loop
      vertex -3.56214 -3 5.94686
      vertex -3.28107 -3 4.47343
      vertex -3.188 -3 4.48817
    endloop
  endfacet
  facet normal 0 -1 0
    outer loop
      vertex -3.74607 -3 5.90575
      vertex -3.37303 -3 4.45287
      vertex -3.28107 -3 4.47343
    endloop
  endfacet
  facet normal 0 -1 0
    outer loop
      vertex -4.26649 -3 3.80374
      vertex -5.53298 -3 4.60748
      vertex -5.62892 -3 4.44526
    endloop
  endfacet
  facet normal 0 -1 0
    outer loop
      vertex -3.92705 -3 5.85317
      vertex -3.46352 -3 4.42658
      vertex -3.37303 -3 4.45287
    endloop
  endfacet
  facet normal 0 -1 0
    outer loop
      vertex -4.10437 -3 5.78933
      vertex -3.55219 -3 4.39466
      vertex -3.46352 -3 4.42658
    endloop
  endfacet
  facet normal 0 -1 0
    outer loop
      vertex -4.27734 -3 5.71448
      vertex -3.63867 -3 4.35724
      vertex -3.55219 -3 4.39466
    endloop
  endfacet
  facet normal 0 -1 0
    outer loop
      vertex -4.44526 -3 5.62892
      vertex -3.72263 -3 4.31446
      vertex -3.63867 -3 4.35724
    endloop
  endfacet
  facet normal 0 -1 0
    outer loop
      vertex -4.31446 -3 3.72263
      vertex -5.62892 -3 4.44526
      vertex -5.71448 -3 4.27734
    endloop
  endfacet
  facet normal 0 -1 0
    outer loop
      vertex -4.60748 -3 5.53298
      vertex -3.80374 -3 4.26649
      vertex -3.72263 -3 4.31446
    endloop
  endfacet
  facet normal 0 -1 0
    outer loop
      vertex -4.76336 -3 5.42705
      vertex -3.88168 -3 4.21352
      vertex -3.80374 -3 4.26649
    endloop
  endfacet
  facet normal 0 -1 0
    outer loop
      vertex -4.91227 -3 5.31154
      vertex -3.95614 -3 4.15577
      vertex -3.88168 -3 4.21352
    endloop
  endfacet
  facet normal 0 -1 0
    outer loop
      vertex -4.35724 -3 3.63867
      vertex -5.71448 -3 4.27734
      vertex -5.78933 -3 4.10437
    endloop
  endfacet
  facet normal 0 -1 0
    outer loop
      vertex -5.05364 -3 5.18691
      vertex -4.02682 -3 4.09345
      vertex -3.95614 -3 4.15577
    endloop
  endfacet
  facet normal 0 -1 0
    outer loop
      vertex -5.18691 -3 5.05364
      vertex -4.09345 -3 4.02682
      vertex -4.02682 -3 4.09345
    endloop
  endfacet
  facet normal 0 -1 0
    outer loop
      vertex -5.31154 -3 4.91227
      vertex -4.15577 -3 3.95614
      vertex -4.09345 -3 4.02682
    endloop
  endfacet
  facet normal 0 -1 0
    outer loop
      vertex -4.39466 -3 3.55219
      vertex -5.78933 -3 4.10437
      vertex -5.85317 -3 3.92705
    endloop
  endfacet
  facet normal 0 -1 0
    outer loop
      vertex -5.42705 -3 4.76336
      vertex -4.21352 -3 3.88168
      vertex -4.15577 -3 3.95614
    endloop
  endfacet
  facet normal 0 -1 0
    outer loop
      vertex -5.53298 -3 4.60748
      vertex -4.26649 -3 3.80374
      vertex -4.21352 -3 3.88168
    endloop
  endfacet
  facet normal 0 -1 0
    outer loop
      vertex -4.42658 -3 3.46352
      vertex -5.85317 -3 3.92705
      vertex -5.90575 -3 3.74607
    endloop
  endfacet
  facet normal 0 -1 0
    outer loop
      vertex -5.62892 -3 4.44526
      vertex -4.31446 -3 3.72263
      vertex -4.26649 -3 3.80374
    endloop
  endfacet
  facet normal 0 -1 0
    outer loop
      vertex -5.71448 -3 4.27734
      vertex -4.35724 -3 3.63867
      vertex -4.31446 -3 3.72263
    endloop
  endfacet
  facet normal 0 -1 0
    outer loop
      vertex -4.45287 -3 3.37303
      vertex -5.90575 -3 3.74607
      vertex -5.94686 -3 3.56214
    endloop
  endfacet
  facet normal 0 -1 0
    outer loop
      vertex -5.78933 -3 4.10437
      vertex -4.39466 -3 3.55219
      vertex -4.35724 -3 3.63867
    endloop
  endfacet
  facet normal 0 -1 0
    outer loop
      vertex -5.85317 -3 3.92705
      vertex -4.42658 -3 3.46352
      vertex -4.39466 -3 3.55219
    endloop
  endfacet
  facet normal 0 -1 0
    outer loop
      vertex -4.47343 -3 3.28107
      vertex -5.94686 -3 3.56214
      vertex -5.97634 -3 3.376
    endloop
  endfacet
  facet normal 0 -1 0
    outer loop
      vertex -5.90575 -3 3.74607
      vertex -4.45287 -3 3.37303
      vertex -4.42658 -3 3.46352
    endloop
  endfacet
  facet normal 0 -1 0
    outer loop
      vertex -5.94686 -3 3.56214
      vertex -4.47343 -3 3.28107
      vertex -4.45287 -3 3.37303
    endloop
  endfacet
  facet normal 0 -1 0
    outer loop
      vertex -4.48817 -3 3.188
      vertex -5.97634 -3 3.376
      vertex -5.99408 -3 3.18837
    endloop
  endfacet
  facet normal 0 -1 0
    outer loop
      vertex -5.97634 -3 3.376
      vertex -4.48817 -3 3.188
      vertex -4.47343 -3 3.28107
    endloop
  endfacet
  facet normal 0 -1 0
    outer loop
      vertex -5.99408 -3 3.18837
      vertex -4.49704 -3 3.09418
      vertex -4.48817 -3 3.188
    endloop
  endfacet
  facet normal 0 -1 0
    outer loop
      vertex -6 -3 3
      vertex -4.49704 -3 3.09418
      vertex -5.99408 -3 3.18837
    endloop
  endfacet
  facet normal 0 -1 0
    outer loop
      vertex -6 -3 3
      vertex -4.5 -3 3
      vertex -4.49704 -3 3.09418
    endloop
  endfacet
  facet normal 0 -1 0
    outer loop
      vertex -6 -3 3
      vertex -4.49704 -3 2.90581
      vertex -4.5 -3 3
    endloop
  endfacet
  facet normal 0 -1 0
    outer loop
      vertex -5.99408 -3 2.81163
      vertex -4.49704 -3 2.90581
      vertex -6 -3 3
    endloop
  endfacet
  facet normal 0 -1 -0
    outer loop
      vertex -4.49704 -3 2.90581
      vertex -5.99408 -3 2.81163
      vertex -4.48817 -3 2.812
    endloop
  endfacet
  facet normal 0 -1 0
    outer loop
      vertex -5.97634 -3 2.624
      vertex -4.48817 -3 2.812
      vertex -5.99408 -3 2.81163
    endloop
  endfacet
  facet normal 0 -1 -0
    outer loop
      vertex -4.48817 -3 2.812
      vertex -5.97634 -3 2.624
      vertex -4.47343 -3 2.71893
    endloop
  endfacet
  facet normal 0 -1 0
    outer loop
      vertex -5.94686 -3 2.43786
      vertex -4.47343 -3 2.71893
      vertex -5.97634 -3 2.624
    endloop
  endfacet
  facet normal 0 -1 -0
    outer loop
      vertex -4.47343 -3 2.71893
      vertex -5.94686 -3 2.43786
      vertex -4.45287 -3 2.62696
    endloop
  endfacet
  facet normal 0 -1 0
    outer loop
      vertex -5.90575 -3 2.25393
      vertex -4.45287 -3 2.62696
      vertex -5.94686 -3 2.43786
    endloop
  endfacet
  facet normal 0 -1 -0
    outer loop
      vertex -4.45287 -3 2.62696
      vertex -5.90575 -3 2.25393
      vertex -4.42658 -3 2.53647
    endloop
  endfacet
  facet normal 0 -1 0
    outer loop
      vertex -5.85317 -3 2.07295
      vertex -4.42658 -3 2.53647
      vertex -5.90575 -3 2.25393
    endloop
  endfacet
  facet normal 0 -1 -0
    outer loop
      vertex -4.42658 -3 2.53647
      vertex -5.85317 -3 2.07295
      vertex -4.39466 -3 2.44781
    endloop
  endfacet
  facet normal 0 -1 0
    outer loop
      vertex -5.78933 -3 1.89563
      vertex -4.39466 -3 2.44781
      vertex -5.85317 -3 2.07295
    endloop
  endfacet
  facet normal 0 -1 -0
    outer loop
      vertex -4.39466 -3 2.44781
      vertex -5.78933 -3 1.89563
      vertex -4.35724 -3 2.36133
    endloop
  endfacet
  facet normal 0 -1 0
    outer loop
      vertex -5.71448 -3 1.72266
      vertex -4.35724 -3 2.36133
      vertex -5.78933 -3 1.89563
    endloop
  endfacet
  facet normal 0 -1 -0
    outer loop
      vertex -4.35724 -3 2.36133
      vertex -5.71448 -3 1.72266
      vertex -4.31446 -3 2.27737
    endloop
  endfacet
  facet normal 0 -1 0
    outer loop
      vertex -5.62892 -3 1.55474
      vertex -4.31446 -3 2.27737
      vertex -5.71448 -3 1.72266
    endloop
  endfacet
  facet normal 0 -1 -0
    outer loop
      vertex -4.31446 -3 2.27737
      vertex -5.62892 -3 1.55474
      vertex -4.26649 -3 2.19626
    endloop
  endfacet
  facet normal 0 -1 0
    outer loop
      vertex -5.53298 -3 1.39252
      vertex -4.26649 -3 2.19626
      vertex -5.62892 -3 1.55474
    endloop
  endfacet
  facet normal 0 -1 -0
    outer loop
      vertex -4.26649 -3 2.19626
      vertex -5.53298 -3 1.39252
      vertex -4.21352 -3 2.11832
    endloop
  endfacet
  facet normal 0 -1 0
    outer loop
      vertex -5.42705 -3 1.23664
      vertex -4.21352 -3 2.11832
      vertex -5.53298 -3 1.39252
    endloop
  endfacet
  facet normal 0 -1 -0
    outer loop
      vertex -4.21352 -3 2.11832
      vertex -5.42705 -3 1.23664
      vertex -4.15577 -3 2.04386
    endloop
  endfacet
  facet normal 0 -1 0
    outer loop
      vertex -5.31154 -3 1.08773
      vertex -4.15577 -3 2.04386
      vertex -5.42705 -3 1.23664
    endloop
  endfacet
  facet normal 0 -1 -0
    outer loop
      vertex -4.15577 -3 2.04386
      vertex -5.31154 -3 1.08773
      vertex -4.09345 -3 1.97318
    endloop
  endfacet
  facet normal 0 -1 0
    outer loop
      vertex -5.18691 -3 0.946359
      vertex -4.09345 -3 1.97318
      vertex -5.31154 -3 1.08773
    endloop
  endfacet
  facet normal 0 -1 -0
    outer loop
      vertex -4.09345 -3 1.97318
      vertex -5.18691 -3 0.946359
      vertex -4.02682 -3 1.90655
    endloop
  endfacet
  facet normal 0 -1 0
    outer loop
      vertex -5.05364 -3 0.813093
      vertex -4.02682 -3 1.90655
      vertex -5.18691 -3 0.946359
    endloop
  endfacet
  facet normal 0 -1 -0
    outer loop
      vertex -4.02682 -3 1.90655
      vertex -5.05364 -3 0.813093
      vertex -3.95614 -3 1.84423
    endloop
  endfacet
  facet normal 0 -1 0
    outer loop
      vertex -4.91227 -3 0.688459
      vertex -3.95614 -3 1.84423
      vertex -5.05364 -3 0.813093
    endloop
  endfacet
  facet normal 0 -1 -0
    outer loop
      vertex -3.95614 -3 1.84423
      vertex -4.91227 -3 0.688459
      vertex -3.88168 -3 1.78647
    endloop
  endfacet
  facet normal 0 -1 0
    outer loop
      vertex -4.76336 -3 0.572948
      vertex -3.88168 -3 1.78647
      vertex -4.91227 -3 0.688459
    endloop
  endfacet
  facet normal 0 -1 -0
    outer loop
      vertex -3.88168 -3 1.78647
      vertex -4.76336 -3 0.572948
      vertex -3.80374 -3 1.73351
    endloop
  endfacet
  facet normal 0 -1 0
    outer loop
      vertex -4.60748 -3 0.467016
      vertex -3.80374 -3 1.73351
      vertex -4.76336 -3 0.572948
    endloop
  endfacet
  facet normal 0 -1 -0
    outer loop
      vertex -3.80374 -3 1.73351
      vertex -4.60748 -3 0.467016
      vertex -3.72263 -3 1.68554
    endloop
  endfacet
  facet normal 0 -1 -0
    outer loop
      vertex -3.72263 -3 1.68554
      vertex -4.44526 -3 0.371079
      vertex -3.63867 -3 1.64276
    endloop
  endfacet
  facet normal 0 -1 0
    outer loop
      vertex -4.44526 -3 0.371079
      vertex -3.72263 -3 1.68554
      vertex -4.60748 -3 0.467016
    endloop
  endfacet
  facet normal 0 -1 0
    outer loop
      vertex 14.7226 -3 4.31446
      vertex 15.4453 -3 5.62892
      vertex 14.6387 -3 4.35724
    endloop
  endfacet
  facet normal 0 -1 -0
    outer loop
      vertex 15.4453 -3 5.62892
      vertex 14.7226 -3 4.31446
      vertex 15.6075 -3 5.53298
    endloop
  endfacet
  facet normal 0 -1 0
    outer loop
      vertex 14.8037 -3 4.26649
      vertex 15.6075 -3 5.53298
      vertex 14.7226 -3 4.31446
    endloop
  endfacet
  facet normal 0 -1 -0
    outer loop
      vertex 15.6075 -3 5.53298
      vertex 14.8037 -3 4.26649
      vertex 15.7634 -3 5.42705
    endloop
  endfacet
  facet normal 0 -1 0
    outer loop
      vertex 14.8817 -3 4.21352
      vertex 15.7634 -3 5.42705
      vertex 14.8037 -3 4.26649
    endloop
  endfacet
  facet normal 0 -1 -0
    outer loop
      vertex 15.7634 -3 5.42705
      vertex 14.8817 -3 4.21352
      vertex 15.9123 -3 5.31154
    endloop
  endfacet
  facet normal 0 -1 0
    outer loop
      vertex 14.9561 -3 4.15577
      vertex 15.9123 -3 5.31154
      vertex 14.8817 -3 4.21352
    endloop
  endfacet
  facet normal 0 -1 -0
    outer loop
      vertex 15.9123 -3 5.31154
      vertex 14.9561 -3 4.15577
      vertex 16.0536 -3 5.18691
    endloop
  endfacet
  facet normal 0 -1 0
    outer loop
      vertex 15.0268 -3 4.09345
      vertex 16.0536 -3 5.18691
      vertex 14.9561 -3 4.15577
    endloop
  endfacet
  facet normal 0 -1 -0
    outer loop
      vertex 16.0536 -3 5.18691
      vertex 15.0268 -3 4.09345
      vertex 16.1869 -3 5.05364
    endloop
  endfacet
  facet normal 0 -1 0
    outer loop
      vertex 15.0935 -3 4.02682
      vertex 16.1869 -3 5.05364
      vertex 15.0268 -3 4.09345
    endloop
  endfacet
  facet normal 0 -1 -0
    outer loop
      vertex 16.1869 -3 5.05364
      vertex 15.0935 -3 4.02682
      vertex 16.3115 -3 4.91227
    endloop
  endfacet
  facet normal 0 -1 0
    outer loop
      vertex 15.1558 -3 3.95614
      vertex 16.3115 -3 4.91227
      vertex 15.0935 -3 4.02682
    endloop
  endfacet
  facet normal 0 -1 -0
    outer loop
      vertex 16.3115 -3 4.91227
      vertex 15.1558 -3 3.95614
      vertex 16.4271 -3 4.76336
    endloop
  endfacet
  facet normal 0 -1 0
    outer loop
      vertex 15.2135 -3 3.88168
      vertex 16.4271 -3 4.76336
      vertex 15.1558 -3 3.95614
    endloop
  endfacet
  facet normal 0 -1 -0
    outer loop
      vertex 16.4271 -3 4.76336
      vertex 15.2135 -3 3.88168
      vertex 16.533 -3 4.60748
    endloop
  endfacet
  facet normal 0 -1 0
    outer loop
      vertex 15.2665 -3 3.80374
      vertex 16.533 -3 4.60748
      vertex 15.2135 -3 3.88168
    endloop
  endfacet
  facet normal 0 -1 -0
    outer loop
      vertex 16.533 -3 4.60748
      vertex 15.2665 -3 3.80374
      vertex 16.6289 -3 4.44526
    endloop
  endfacet
  facet normal 0 -1 0
    outer loop
      vertex 15.3145 -3 3.72263
      vertex 16.6289 -3 4.44526
      vertex 15.2665 -3 3.80374
    endloop
  endfacet
  facet normal 0 -1 -0
    outer loop
      vertex 16.6289 -3 4.44526
      vertex 15.3145 -3 3.72263
      vertex 16.7145 -3 4.27734
    endloop
  endfacet
  facet normal 0 -1 0
    outer loop
      vertex 15.3572 -3 3.63867
      vertex 16.7145 -3 4.27734
      vertex 15.3145 -3 3.72263
    endloop
  endfacet
  facet normal 0 -1 -0
    outer loop
      vertex 16.7145 -3 4.27734
      vertex 15.3572 -3 3.63867
      vertex 16.7893 -3 4.10437
    endloop
  endfacet
  facet normal 0 -1 0
    outer loop
      vertex 15.3947 -3 3.55219
      vertex 16.7893 -3 4.10437
      vertex 15.3572 -3 3.63867
    endloop
  endfacet
  facet normal 0 -1 -0
    outer loop
      vertex 16.7893 -3 4.10437
      vertex 15.3947 -3 3.55219
      vertex 16.8532 -3 3.92705
    endloop
  endfacet
  facet normal 0 -1 0
    outer loop
      vertex 15.4266 -3 3.46352
      vertex 16.8532 -3 3.92705
      vertex 15.3947 -3 3.55219
    endloop
  endfacet
  facet normal 0 -1 -0
    outer loop
      vertex 16.8532 -3 3.92705
      vertex 15.4266 -3 3.46352
      vertex 16.9058 -3 3.74607
    endloop
  endfacet
  facet normal 0 -1 0
    outer loop
      vertex 15.4529 -3 3.37303
      vertex 16.9058 -3 3.74607
      vertex 15.4266 -3 3.46352
    endloop
  endfacet
  facet normal 0 -1 -0
    outer loop
      vertex 16.9058 -3 3.74607
      vertex 15.4529 -3 3.37303
      vertex 16.9469 -3 3.56214
    endloop
  endfacet
  facet normal 0 -1 0
    outer loop
      vertex 15.4734 -3 3.28107
      vertex 16.9469 -3 3.56214
      vertex 15.4529 -3 3.37303
    endloop
  endfacet
  facet normal 0 -1 -0
    outer loop
      vertex 16.9469 -3 3.56214
      vertex 15.4734 -3 3.28107
      vertex 16.9763 -3 3.376
    endloop
  endfacet
  facet normal 0 -1 0
    outer loop
      vertex 15.4882 -3 3.188
      vertex 16.9763 -3 3.376
      vertex 15.4734 -3 3.28107
    endloop
  endfacet
  facet normal 0 -1 -0
    outer loop
      vertex 16.9763 -3 3.376
      vertex 15.4882 -3 3.188
      vertex 16.9941 -3 3.18837
    endloop
  endfacet
  facet normal 0 -1 0
    outer loop
      vertex 15.497 -3 3.09418
      vertex 16.9941 -3 3.18837
      vertex 15.4882 -3 3.188
    endloop
  endfacet
  facet normal 0 -1 0
    outer loop
      vertex 15.5 -3 3
      vertex 16.9941 -3 3.18837
      vertex 15.497 -3 3.09418
    endloop
  endfacet
  facet normal 0 -1 0
    outer loop
      vertex 15.5 -3 3
      vertex 17 -3 3
      vertex 16.9941 -3 3.18837
    endloop
  endfacet
  facet normal 0 -1 0
    outer loop
      vertex 15.497 -3 2.90581
      vertex 17 -3 3
      vertex 15.5 -3 3
    endloop
  endfacet
  facet normal 0 -1 0
    outer loop
      vertex 16.9941 -3 2.81163
      vertex 15.497 -3 2.90581
      vertex 15.4882 -3 2.812
    endloop
  endfacet
  facet normal 0 -1 0
    outer loop
      vertex 15.497 -3 2.90581
      vertex 16.9941 -3 2.81163
      vertex 17 -3 3
    endloop
  endfacet
  facet normal 0 -1 0
    outer loop
      vertex 16.9763 -3 2.624
      vertex 15.4882 -3 2.812
      vertex 15.4734 -3 2.71893
    endloop
  endfacet
  facet normal 0 -1 0
    outer loop
      vertex 16.9469 -3 2.43786
      vertex 15.4734 -3 2.71893
      vertex 15.4529 -3 2.62696
    endloop
  endfacet
  facet normal 0 -1 0
    outer loop
      vertex 15.4882 -3 2.812
      vertex 16.9763 -3 2.624
      vertex 16.9941 -3 2.81163
    endloop
  endfacet
  facet normal 0 -1 0
    outer loop
      vertex 16.9058 -3 2.25393
      vertex 15.4529 -3 2.62696
      vertex 15.4266 -3 2.53647
    endloop
  endfacet
  facet normal 0 -1 0
    outer loop
      vertex 16.8532 -3 2.07295
      vertex 15.4266 -3 2.53647
      vertex 15.3947 -3 2.44781
    endloop
  endfacet
  facet normal 0 -1 0
    outer loop
      vertex 15.4734 -3 2.71893
      vertex 16.9469 -3 2.43786
      vertex 16.9763 -3 2.624
    endloop
  endfacet
  facet normal 0 -1 0
    outer loop
      vertex 16.7893 -3 1.89563
      vertex 15.3947 -3 2.44781
      vertex 15.3572 -3 2.36133
    endloop
  endfacet
  facet normal 0 -1 0
    outer loop
      vertex 16.7145 -3 1.72266
      vertex 15.3572 -3 2.36133
      vertex 15.3145 -3 2.27737
    endloop
  endfacet
  facet normal 0 -1 0
    outer loop
      vertex 15.4529 -3 2.62696
      vertex 16.9058 -3 2.25393
      vertex 16.9469 -3 2.43786
    endloop
  endfacet
  facet normal 0 -1 0
    outer loop
      vertex 16.6289 -3 1.55474
      vertex 15.3145 -3 2.27737
      vertex 15.2665 -3 2.19626
    endloop
  endfacet
  facet normal 0 -1 0
    outer loop
      vertex 16.533 -3 1.39252
      vertex 15.2665 -3 2.19626
      vertex 15.2135 -3 2.11832
    endloop
  endfacet
  facet normal 0 -1 0
    outer loop
      vertex 15.4266 -3 2.53647
      vertex 16.8532 -3 2.07295
      vertex 16.9058 -3 2.25393
    endloop
  endfacet
  facet normal 0 -1 0
    outer loop
      vertex 16.4271 -3 1.23664
      vertex 15.2135 -3 2.11832
      vertex 15.1558 -3 2.04386
    endloop
  endfacet
  facet normal 0 -1 0
    outer loop
      vertex 16.3115 -3 1.08773
      vertex 15.1558 -3 2.04386
      vertex 15.0935 -3 1.97318
    endloop
  endfacet
  facet normal 0 -1 0
    outer loop
      vertex 16.1869 -3 0.946359
      vertex 15.0935 -3 1.97318
      vertex 15.0268 -3 1.90655
    endloop
  endfacet
  facet normal 0 -1 0
    outer loop
      vertex 15.3947 -3 2.44781
      vertex 16.7893 -3 1.89563
      vertex 16.8532 -3 2.07295
    endloop
  endfacet
  facet normal 0 -1 0
    outer loop
      vertex 16.0536 -3 0.813093
      vertex 15.0268 -3 1.90655
      vertex 14.9561 -3 1.84423
    endloop
  endfacet
  facet normal 0 -1 0
    outer loop
      vertex 15.9123 -3 0.688459
      vertex 14.9561 -3 1.84423
      vertex 14.8817 -3 1.78647
    endloop
  endfacet
  facet normal 0 -1 0
    outer loop
      vertex 15.7634 -3 0.572948
      vertex 14.8817 -3 1.78647
      vertex 14.8037 -3 1.73351
    endloop
  endfacet
  facet normal 0 -1 0
    outer loop
      vertex 15.3572 -3 2.36133
      vertex 16.7145 -3 1.72266
      vertex 16.7893 -3 1.89563
    endloop
  endfacet
  facet normal 0 -1 0
    outer loop
      vertex 15.6075 -3 0.467016
      vertex 14.8037 -3 1.73351
      vertex 14.7226 -3 1.68554
    endloop
  endfacet
  facet normal 0 -1 0
    outer loop
      vertex 15.4453 -3 0.371079
      vertex 14.7226 -3 1.68554
      vertex 14.6387 -3 1.64276
    endloop
  endfacet
  facet normal 0 -1 0
    outer loop
      vertex 15.2773 -3 0.285519
      vertex 14.6387 -3 1.64276
      vertex 14.5522 -3 1.60534
    endloop
  endfacet
  facet normal 0 -1 0
    outer loop
      vertex 15.1044 -3 0.21067
      vertex 14.5522 -3 1.60534
      vertex 14.4635 -3 1.57341
    endloop
  endfacet
  facet normal 0 -1 0
    outer loop
      vertex 15.3145 -3 2.27737
      vertex 16.6289 -3 1.55474
      vertex 16.7145 -3 1.72266
    endloop
  endfacet
  facet normal 0 -1 0
    outer loop
      vertex 14.9271 -3 0.14683
      vertex 14.4635 -3 1.57341
      vertex 14.373 -3 1.54712
    endloop
  endfacet
  facet normal 0 -1 0
    outer loop
      vertex 14.7461 -3 0.0942497
      vertex 14.373 -3 1.54712
      vertex 14.2811 -3 1.52657
    endloop
  endfacet
  facet normal 0 -1 0
    outer loop
      vertex 14.5621 -3 0.0531378
      vertex 14.2811 -3 1.52657
      vertex 14.188 -3 1.51183
    endloop
  endfacet
  facet normal 0 -1 0
    outer loop
      vertex 14.376 -3 0.0236559
      vertex 14.188 -3 1.51183
      vertex 14.0942 -3 1.50296
    endloop
  endfacet
  facet normal 0 -1 0
    outer loop
      vertex 14.1884 -3 0.00591946
      vertex 14.0942 -3 1.50296
      vertex 14 -3 1.5
    endloop
  endfacet
  facet normal 0 -1 0
    outer loop
      vertex 15.2665 -3 2.19626
      vertex 16.533 -3 1.39252
      vertex 16.6289 -3 1.55474
    endloop
  endfacet
  facet normal 0 -1 0
    outer loop
      vertex 13.812 -3 1.51183
      vertex 14 -3 0
      vertex 13.9058 -3 1.50296
    endloop
  endfacet
  facet normal 0 -1 0
    outer loop
      vertex -4.27734 -3 0.285519
      vertex -3.63867 -3 1.64276
      vertex -4.44526 -3 0.371079
    endloop
  endfacet
  facet normal 0 -1 0
    outer loop
      vertex 13.9058 -3 1.50296
      vertex 14 -3 0
      vertex 14 -3 1.5
    endloop
  endfacet
  facet normal 0 -1 -0
    outer loop
      vertex -3.63867 -3 1.64276
      vertex -4.27734 -3 0.285519
      vertex -3.55219 -3 1.60534
    endloop
  endfacet
  facet normal -0 -1 0
    outer loop
      vertex 14.1884 -3 0.00591946
      vertex 14 -3 1.5
      vertex 14 -3 0
    endloop
  endfacet
  facet normal 0 -1 0
    outer loop
      vertex -4.10437 -3 0.21067
      vertex -3.55219 -3 1.60534
      vertex -4.27734 -3 0.285519
    endloop
  endfacet
  facet normal 0 -1 0
    outer loop
      vertex 15.2135 -3 2.11832
      vertex 16.4271 -3 1.23664
      vertex 16.533 -3 1.39252
    endloop
  endfacet
  facet normal 0 -1 -0
    outer loop
      vertex -3.55219 -3 1.60534
      vertex -4.10437 -3 0.21067
      vertex -3.46352 -3 1.57341
    endloop
  endfacet
  facet normal 0 -1 0
    outer loop
      vertex 15.1558 -3 2.04386
      vertex 16.3115 -3 1.08773
      vertex 16.4271 -3 1.23664
    endloop
  endfacet
  facet normal 0 -1 0
    outer loop
      vertex -3.92705 -3 0.14683
      vertex -3.46352 -3 1.57341
      vertex -4.10437 -3 0.21067
    endloop
  endfacet
  facet normal 0 -1 0
    outer loop
      vertex 15.0935 -3 1.97318
      vertex 16.1869 -3 0.946359
      vertex 16.3115 -3 1.08773
    endloop
  endfacet
  facet normal 0 -1 -0
    outer loop
      vertex -3.46352 -3 1.57341
      vertex -3.92705 -3 0.14683
      vertex -3.37303 -3 1.54712
    endloop
  endfacet
  facet normal 0 -1 0
    outer loop
      vertex 15.0268 -3 1.90655
      vertex 16.0536 -3 0.813093
      vertex 16.1869 -3 0.946359
    endloop
  endfacet
  facet normal 0 -1 0
    outer loop
      vertex -3.74607 -3 0.0942497
      vertex -3.37303 -3 1.54712
      vertex -3.92705 -3 0.14683
    endloop
  endfacet
  facet normal 0 -1 0
    outer loop
      vertex 14.9561 -3 1.84423
      vertex 15.9123 -3 0.688459
      vertex 16.0536 -3 0.813093
    endloop
  endfacet
  facet normal 0 -1 -0
    outer loop
      vertex -3.37303 -3 1.54712
      vertex -3.74607 -3 0.0942497
      vertex -3.28107 -3 1.52657
    endloop
  endfacet
  facet normal 0 -1 0
    outer loop
      vertex 14.8817 -3 1.78647
      vertex 15.7634 -3 0.572948
      vertex 15.9123 -3 0.688459
    endloop
  endfacet
  facet normal 0 -1 0
    outer loop
      vertex -3.56214 -3 0.0531378
      vertex -3.28107 -3 1.52657
      vertex -3.74607 -3 0.0942497
    endloop
  endfacet
  facet normal 0 -1 0
    outer loop
      vertex 14.8037 -3 1.73351
      vertex 15.6075 -3 0.467016
      vertex 15.7634 -3 0.572948
    endloop
  endfacet
  facet normal 0 -1 -0
    outer loop
      vertex -3.28107 -3 1.52657
      vertex -3.56214 -3 0.0531378
      vertex -3.188 -3 1.51183
    endloop
  endfacet
  facet normal 0 -1 0
    outer loop
      vertex 14.7226 -3 1.68554
      vertex 15.4453 -3 0.371079
      vertex 15.6075 -3 0.467016
    endloop
  endfacet
  facet normal 0 -1 0
    outer loop
      vertex -3.376 -3 0.0236559
      vertex -3.188 -3 1.51183
      vertex -3.56214 -3 0.0531378
    endloop
  endfacet
  facet normal 0 -1 0
    outer loop
      vertex 14.6387 -3 1.64276
      vertex 15.2773 -3 0.285519
      vertex 15.4453 -3 0.371079
    endloop
  endfacet
  facet normal 0 -1 -0
    outer loop
      vertex -3.188 -3 1.51183
      vertex -3.376 -3 0.0236559
      vertex -3.09418 -3 1.50296
    endloop
  endfacet
  facet normal 0 -1 0
    outer loop
      vertex 14.5522 -3 1.60534
      vertex 15.1044 -3 0.21067
      vertex 15.2773 -3 0.285519
    endloop
  endfacet
  facet normal 0 -1 0
    outer loop
      vertex -3.18837 -3 0.00591946
      vertex -3.09418 -3 1.50296
      vertex -3.376 -3 0.0236559
    endloop
  endfacet
  facet normal 0 -1 0
    outer loop
      vertex 14.4635 -3 1.57341
      vertex 14.9271 -3 0.14683
      vertex 15.1044 -3 0.21067
    endloop
  endfacet
  facet normal 0 -1 -0
    outer loop
      vertex -3.09418 -3 1.50296
      vertex -3.18837 -3 0.00591946
      vertex -3 -3 1.5
    endloop
  endfacet
  facet normal 0 -1 0
    outer loop
      vertex 14.373 -3 1.54712
      vertex 14.7461 -3 0.0942497
      vertex 14.9271 -3 0.14683
    endloop
  endfacet
  facet normal 0 -1 -0
    outer loop
      vertex -3 -3 1.5
      vertex -3.18837 -3 0.00591946
      vertex -3 -3 0
    endloop
  endfacet
  facet normal 0 -1 0
    outer loop
      vertex 14.2811 -3 1.52657
      vertex 14.5621 -3 0.0531378
      vertex 14.7461 -3 0.0942497
    endloop
  endfacet
  facet normal 0 -1 0
    outer loop
      vertex 14.188 -3 1.51183
      vertex 14.376 -3 0.0236559
      vertex 14.5621 -3 0.0531378
    endloop
  endfacet
  facet normal 0 -1 0
    outer loop
      vertex 14.0942 -3 1.50296
      vertex 14.1884 -3 0.00591946
      vertex 14.376 -3 0.0236559
    endloop
  endfacet
  facet normal -0 0 1
    outer loop
      vertex 11 0 8
      vertex 14 -3 8
      vertex 14 0 8
    endloop
  endfacet
  facet normal -0 0 1
    outer loop
      vertex 9.5 0 8
      vertex 14 -3 8
      vertex 11 0 8
    endloop
  endfacet
  facet normal -0 0 1
    outer loop
      vertex 1.5 0 8
      vertex 14 -3 8
      vertex 9.5 0 8
    endloop
  endfacet
  facet normal 0 0 1
    outer loop
      vertex -3 -3 8
      vertex 1.5 0 8
      vertex 0 0 8
    endloop
  endfacet
  facet normal 0 0 1
    outer loop
      vertex -3 -3 8
      vertex 0 0 8
      vertex -3 0 8
    endloop
  endfacet
  facet normal 0 0 1
    outer loop
      vertex 1.5 0 8
      vertex -3 -3 8
      vertex 14 -3 8
    endloop
  endfacet
  facet normal -1 0 0
    outer loop
      vertex -3 -3 6
      vertex -3 0 8
      vertex -3 0 6
    endloop
  endfacet
  facet normal -1 -0 0
    outer loop
      vertex -3 0 8
      vertex -3 -3 6
      vertex -3 -3 8
    endloop
  endfacet
  facet normal 1 -0 0
    outer loop
      vertex 14 -3 8
      vertex 14 0 6
      vertex 14 0 8
    endloop
  endfacet
  facet normal 1 0 0
    outer loop
      vertex 14 0 6
      vertex 14 -3 8
      vertex 14 -3 6
    endloop
  endfacet
  facet normal 0.0941429 0 0.995559
    outer loop
      vertex 14.1884 0 5.99408
      vertex 14.376 -3 5.97634
      vertex 14.376 0 5.97634
    endloop
  endfacet
  facet normal 0.0941429 0 0.995559
    outer loop
      vertex 14.376 -3 5.97634
      vertex 14.1884 0 5.99408
      vertex 14.1884 -3 5.99408
    endloop
  endfacet
  facet normal 0.612945 0 0.790126
    outer loop
      vertex 15.7634 0 5.42705
      vertex 15.9123 -3 5.31154
      vertex 15.9123 0 5.31154
    endloop
  endfacet
  facet normal 0.612945 0 0.790126
    outer loop
      vertex 15.9123 -3 5.31154
      vertex 15.7634 0 5.42705
      vertex 15.7634 -3 5.42705
    endloop
  endfacet
  facet normal 0.99553 0 -0.0944435
    outer loop
      vertex 16.9941 -3 2.81163
      vertex 16.9763 0 2.624
      vertex 16.9941 0 2.81163
    endloop
  endfacet
  facet normal 0.99553 0 -0.0944435
    outer loop
      vertex 16.9763 0 2.624
      vertex 16.9941 -3 2.81163
      vertex 16.9763 -3 2.624
    endloop
  endfacet
  facet normal 0.789915 0 -0.613217
    outer loop
      vertex 16.4271 -3 1.23664
      vertex 16.3115 0 1.08773
      vertex 16.4271 0 1.23664
    endloop
  endfacet
  facet normal 0.789915 0 -0.613217
    outer loop
      vertex 16.3115 0 1.08773
      vertex 16.4271 -3 1.23664
      vertex 16.3115 -3 1.08773
    endloop
  endfacet
  facet normal 0.453821 0 -0.891093
    outer loop
      vertex 15.2773 -3 0.285519
      vertex 15.4453 0 0.371079
      vertex 15.4453 -3 0.371079
    endloop
  endfacet
  facet normal 0.453821 0 -0.891093
    outer loop
      vertex 15.4453 0 0.371079
      vertex 15.2773 -3 0.285519
      vertex 15.2773 0 0.285519
    endloop
  endfacet
  facet normal 0.0314041 0 -0.999507
    outer loop
      vertex 14 -3 0
      vertex 14.1884 0 0.00591946
      vertex 14.1884 -3 0.00591946
    endloop
  endfacet
  facet normal 0.0314041 0 -0.999507
    outer loop
      vertex 14.1884 0 0.00591946
      vertex 14 -3 0
      vertex 14 0 0
    endloop
  endfacet
  facet normal 0.278965 0 0.960301
    outer loop
      vertex 14.7461 0 5.90575
      vertex 14.9271 -3 5.85317
      vertex 14.9271 0 5.85317
    endloop
  endfacet
  facet normal 0.278965 0 0.960301
    outer loop
      vertex 14.9271 -3 5.85317
      vertex 14.7461 0 5.90575
      vertex 14.7461 -3 5.90575
    endloop
  endfacet
  facet normal 0.750202 -0 0.661209
    outer loop
      vertex 16.1869 -3 5.05364
      vertex 16.3115 0 4.91227
      vertex 16.1869 0 5.05364
    endloop
  endfacet
  facet normal 0.750202 0 0.661209
    outer loop
      vertex 16.3115 0 4.91227
      vertex 16.1869 -3 5.05364
      vertex 16.3115 -3 4.91227
    endloop
  endfacet
  facet normal 0.453821 0 0.891093
    outer loop
      vertex 15.2773 0 5.71448
      vertex 15.4453 -3 5.62892
      vertex 15.4453 0 5.62892
    endloop
  endfacet
  facet normal 0.453821 0 0.891093
    outer loop
      vertex 15.4453 -3 5.62892
      vertex 15.2773 0 5.71448
      vertex 15.2773 -3 5.71448
    endloop
  endfacet
  facet normal 0.99951 -0 0.031306
    outer loop
      vertex 16.9941 -3 3.18837
      vertex 17 0 3
      vertex 16.9941 0 3.18837
    endloop
  endfacet
  facet normal 0.99951 0 0.031306
    outer loop
      vertex 17 0 3
      vertex 16.9941 -3 3.18837
      vertex 17 -3 3
    endloop
  endfacet
  facet normal 0.960265 0 -0.279091
    outer loop
      vertex 16.9058 -3 2.25393
      vertex 16.8532 0 2.07295
      vertex 16.9058 0 2.25393
    endloop
  endfacet
  facet normal 0.960265 0 -0.279091
    outer loop
      vertex 16.8532 0 2.07295
      vertex 16.9058 -3 2.25393
      vertex 16.8532 -3 2.07295
    endloop
  endfacet
  facet normal 0.89092 0 -0.454161
    outer loop
      vertex 16.7145 -3 1.72266
      vertex 16.6289 0 1.55474
      vertex 16.7145 0 1.72266
    endloop
  endfacet
  facet normal 0.89092 0 -0.454161
    outer loop
      vertex 16.6289 0 1.55474
      vertex 16.7145 -3 1.72266
      vertex 16.6289 -3 1.55474
    endloop
  endfacet
  facet normal 0.940778 0 -0.339024
    outer loop
      vertex 16.8532 -3 2.07295
      vertex 16.7893 0 1.89563
      vertex 16.8532 0 2.07295
    endloop
  endfacet
  facet normal 0.940778 0 -0.339024
    outer loop
      vertex 16.7893 0 1.89563
      vertex 16.8532 -3 2.07295
      vertex 16.7893 -3 1.89563
    endloop
  endfacet
  facet normal 0.661495 0 -0.74995
    outer loop
      vertex 15.9123 -3 0.688459
      vertex 16.0536 0 0.813093
      vertex 16.0536 -3 0.813093
    endloop
  endfacet
  facet normal 0.661495 0 -0.74995
    outer loop
      vertex 16.0536 0 0.813093
      vertex 15.9123 -3 0.688459
      vertex 15.9123 0 0.688459
    endloop
  endfacet
  facet normal 0.031407 0 0.999507
    outer loop
      vertex 14 0 6
      vertex 14.1884 -3 5.99408
      vertex 14.1884 0 5.99408
    endloop
  endfacet
  facet normal 0.031407 0 0.999507
    outer loop
      vertex 14.1884 -3 5.99408
      vertex 14 0 6
      vertex 14 -3 6
    endloop
  endfacet
  facet normal 0.99553 -0 0.0944435
    outer loop
      vertex 16.9763 -3 3.376
      vertex 16.9941 0 3.18837
      vertex 16.9763 0 3.376
    endloop
  endfacet
  facet normal 0.99553 0 0.0944435
    outer loop
      vertex 16.9941 0 3.18837
      vertex 16.9763 -3 3.376
      vertex 16.9941 -3 3.18837
    endloop
  endfacet
  facet normal 0.987755 -0 0.156012
    outer loop
      vertex 16.9469 -3 3.56214
      vertex 16.9763 0 3.376
      vertex 16.9469 0 3.56214
    endloop
  endfacet
  facet normal 0.987755 0 0.156012
    outer loop
      vertex 16.9763 0 3.376
      vertex 16.9469 -3 3.56214
      vertex 16.9763 -3 3.376
    endloop
  endfacet
  facet normal 0.975932 -0 0.218076
    outer loop
      vertex 16.9058 -3 3.74607
      vertex 16.9469 0 3.56214
      vertex 16.9058 0 3.74607
    endloop
  endfacet
  facet normal 0.975932 0 0.218076
    outer loop
      vertex 16.9469 0 3.56214
      vertex 16.9058 -3 3.74607
      vertex 16.9469 -3 3.56214
    endloop
  endfacet
  facet normal 0.917853 -0 0.396921
    outer loop
      vertex 16.7145 -3 4.27734
      vertex 16.7893 0 4.10437
      vertex 16.7145 0 4.27734
    endloop
  endfacet
  facet normal 0.917853 0 0.396921
    outer loop
      vertex 16.7893 0 4.10437
      vertex 16.7145 -3 4.27734
      vertex 16.7893 -3 4.10437
    endloop
  endfacet
  facet normal 0.89092 -0 0.454161
    outer loop
      vertex 16.6289 -3 4.44526
      vertex 16.7145 0 4.27734
      vertex 16.6289 0 4.44526
    endloop
  endfacet
  facet normal 0.89092 0 0.454161
    outer loop
      vertex 16.7145 0 4.27734
      vertex 16.6289 -3 4.44526
      vertex 16.7145 -3 4.27734
    endloop
  endfacet
  facet normal 0.940778 -0 0.339024
    outer loop
      vertex 16.7893 -3 4.10437
      vertex 16.8532 0 3.92705
      vertex 16.7893 0 4.10437
    endloop
  endfacet
  facet normal 0.940778 0 0.339024
    outer loop
      vertex 16.8532 0 3.92705
      vertex 16.7893 -3 4.10437
      vertex 16.8532 -3 3.92705
    endloop
  endfacet
  facet normal 0.661483 0 0.74996
    outer loop
      vertex 15.9123 0 5.31154
      vertex 16.0536 -3 5.18691
      vertex 16.0536 0 5.18691
    endloop
  endfacet
  facet normal 0.661483 0 0.74996
    outer loop
      vertex 16.0536 -3 5.18691
      vertex 15.9123 0 5.31154
      vertex 15.9123 -3 5.31154
    endloop
  endfacet
  facet normal 0.707027 -0 0.707186
    outer loop
      vertex 16.0536 -3 5.18691
      vertex 16.1869 0 5.05364
      vertex 16.0536 0 5.18691
    endloop
  endfacet
  facet normal 0.707027 0 0.707186
    outer loop
      vertex 16.1869 0 5.05364
      vertex 16.0536 -3 5.18691
      vertex 16.1869 -3 5.05364
    endloop
  endfacet
  facet normal 0.789915 -0 0.613217
    outer loop
      vertex 16.3115 -3 4.91227
      vertex 16.4271 0 4.76336
      vertex 16.3115 0 4.91227
    endloop
  endfacet
  facet normal 0.789915 0 0.613217
    outer loop
      vertex 16.4271 0 4.76336
      vertex 16.3115 -3 4.91227
      vertex 16.4271 -3 4.76336
    endloop
  endfacet
  facet normal 0.860827 -0 0.508897
    outer loop
      vertex 16.533 -3 4.60748
      vertex 16.6289 0 4.44526
      vertex 16.533 0 4.60748
    endloop
  endfacet
  facet normal 0.860827 0 0.508897
    outer loop
      vertex 16.6289 0 4.44526
      vertex 16.533 -3 4.60748
      vertex 16.6289 -3 4.44526
    endloop
  endfacet
  facet normal 0.39728 0 0.917698
    outer loop
      vertex 15.1044 0 5.78933
      vertex 15.2773 -3 5.71448
      vertex 15.2773 0 5.71448
    endloop
  endfacet
  facet normal 0.39728 0 0.917698
    outer loop
      vertex 15.2773 -3 5.71448
      vertex 15.1044 0 5.78933
      vertex 15.1044 -3 5.78933
    endloop
  endfacet
  facet normal 0.562012 0 0.827129
    outer loop
      vertex 15.6075 0 5.53298
      vertex 15.7634 -3 5.42705
      vertex 15.7634 0 5.42705
    endloop
  endfacet
  facet normal 0.562012 0 0.827129
    outer loop
      vertex 15.7634 -3 5.42705
      vertex 15.6075 0 5.53298
      vertex 15.6075 -3 5.53298
    endloop
  endfacet
  facet normal 0.509101 0 0.860707
    outer loop
      vertex 15.4453 0 5.62892
      vertex 15.6075 -3 5.53298
      vertex 15.6075 0 5.53298
    endloop
  endfacet
  facet normal 0.509101 0 0.860707
    outer loop
      vertex 15.6075 -3 5.53298
      vertex 15.4453 0 5.62892
      vertex 15.4453 -3 5.62892
    endloop
  endfacet
  facet normal 0.99951 0 -0.031306
    outer loop
      vertex 17 -3 3
      vertex 16.9941 0 2.81163
      vertex 17 0 3
    endloop
  endfacet
  facet normal 0.99951 0 -0.031306
    outer loop
      vertex 16.9941 0 2.81163
      vertex 17 -3 3
      vertex 16.9941 -3 2.81163
    endloop
  endfacet
  facet normal 0.975932 0 -0.218076
    outer loop
      vertex 16.9469 -3 2.43786
      vertex 16.9058 0 2.25393
      vertex 16.9469 0 2.43786
    endloop
  endfacet
  facet normal 0.975932 0 -0.218076
    outer loop
      vertex 16.9058 0 2.25393
      vertex 16.9469 -3 2.43786
      vertex 16.9058 -3 2.25393
    endloop
  endfacet
  facet normal 0.917853 0 -0.396921
    outer loop
      vertex 16.7893 -3 1.89563
      vertex 16.7145 0 1.72266
      vertex 16.7893 0 1.89563
    endloop
  endfacet
  facet normal 0.917853 0 -0.396921
    outer loop
      vertex 16.7145 0 1.72266
      vertex 16.7893 -3 1.89563
      vertex 16.7145 -3 1.72266
    endloop
  endfacet
  facet normal 0.827169 0 -0.561953
    outer loop
      vertex 16.533 -3 1.39252
      vertex 16.4271 0 1.23664
      vertex 16.533 0 1.39252
    endloop
  endfacet
  facet normal 0.827169 0 -0.561953
    outer loop
      vertex 16.4271 0 1.23664
      vertex 16.533 -3 1.39252
      vertex 16.4271 -3 1.23664
    endloop
  endfacet
  facet normal 0.860827 0 -0.508897
    outer loop
      vertex 16.6289 -3 1.55474
      vertex 16.533 0 1.39252
      vertex 16.6289 0 1.55474
    endloop
  endfacet
  facet normal 0.860827 0 -0.508897
    outer loop
      vertex 16.533 0 1.39252
      vertex 16.6289 -3 1.55474
      vertex 16.533 -3 1.39252
    endloop
  endfacet
  facet normal 0.338776 0 -0.940867
    outer loop
      vertex 14.9271 -3 0.14683
      vertex 15.1044 0 0.21067
      vertex 15.1044 -3 0.21067
    endloop
  endfacet
  facet normal 0.338776 0 -0.940867
    outer loop
      vertex 15.1044 0 0.21067
      vertex 14.9271 -3 0.14683
      vertex 14.9271 0 0.14683
    endloop
  endfacet
  facet normal 0.218058 0 -0.975936
    outer loop
      vertex 14.5621 -3 0.0531378
      vertex 14.7461 0 0.0942497
      vertex 14.7461 -3 0.0942497
    endloop
  endfacet
  facet normal 0.218058 0 -0.975936
    outer loop
      vertex 14.7461 0 0.0942497
      vertex 14.5621 -3 0.0531378
      vertex 14.5621 0 0.0531378
    endloop
  endfacet
  facet normal 0.0941242 0 -0.99556
    outer loop
      vertex 14.1884 -3 0.00591946
      vertex 14.376 0 0.0236559
      vertex 14.376 -3 0.0236559
    endloop
  endfacet
  facet normal 0.0941242 0 -0.99556
    outer loop
      vertex 14.376 0 0.0236559
      vertex 14.1884 -3 0.00591946
      vertex 14.1884 0 0.00591946
    endloop
  endfacet
  facet normal 0.612948 0 -0.790123
    outer loop
      vertex 15.7634 -3 0.572948
      vertex 15.9123 0 0.688459
      vertex 15.9123 -3 0.688459
    endloop
  endfacet
  facet normal 0.612948 0 -0.790123
    outer loop
      vertex 15.9123 0 0.688459
      vertex 15.7634 -3 0.572948
      vertex 15.7634 0 0.572948
    endloop
  endfacet
  facet normal 0.509089 0 -0.860714
    outer loop
      vertex 15.4453 -3 0.371079
      vertex 15.6075 0 0.467016
      vertex 15.6075 -3 0.467016
    endloop
  endfacet
  facet normal 0.509089 0 -0.860714
    outer loop
      vertex 15.6075 0 0.467016
      vertex 15.4453 -3 0.371079
      vertex 15.4453 0 0.371079
    endloop
  endfacet
  facet normal 0.707017 0 -0.707197
    outer loop
      vertex 16.1869 -3 0.946359
      vertex 16.0536 0 0.813093
      vertex 16.1869 0 0.946359
    endloop
  endfacet
  facet normal 0.707017 0 -0.707197
    outer loop
      vertex 16.0536 0 0.813093
      vertex 16.1869 -3 0.946359
      vertex 16.0536 -3 0.813093
    endloop
  endfacet
  facet normal 0.218048 0 0.975938
    outer loop
      vertex 14.5621 0 5.94686
      vertex 14.7461 -3 5.90575
      vertex 14.7461 0 5.90575
    endloop
  endfacet
  facet normal 0.218048 0 0.975938
    outer loop
      vertex 14.7461 -3 5.90575
      vertex 14.5621 0 5.94686
      vertex 14.5621 -3 5.94686
    endloop
  endfacet
  facet normal 0.960265 -0 0.279091
    outer loop
      vertex 16.8532 -3 3.92705
      vertex 16.9058 0 3.74607
      vertex 16.8532 0 3.92705
    endloop
  endfacet
  facet normal 0.960265 0 0.279091
    outer loop
      vertex 16.9058 0 3.74607
      vertex 16.8532 -3 3.92705
      vertex 16.9058 -3 3.74607
    endloop
  endfacet
  facet normal 0.827169 -0 0.561953
    outer loop
      vertex 16.4271 -3 4.76336
      vertex 16.533 0 4.60748
      vertex 16.4271 0 4.76336
    endloop
  endfacet
  facet normal 0.827169 0 0.561953
    outer loop
      vertex 16.533 0 4.60748
      vertex 16.4271 -3 4.76336
      vertex 16.533 -3 4.60748
    endloop
  endfacet
  facet normal 0.338776 0 0.940867
    outer loop
      vertex 14.9271 0 5.85317
      vertex 15.1044 -3 5.78933
      vertex 15.1044 0 5.78933
    endloop
  endfacet
  facet normal 0.338776 0 0.940867
    outer loop
      vertex 15.1044 -3 5.78933
      vertex 14.9271 0 5.85317
      vertex 14.9271 -3 5.85317
    endloop
  endfacet
  facet normal 0.987755 0 -0.156012
    outer loop
      vertex 16.9763 -3 2.624
      vertex 16.9469 0 2.43786
      vertex 16.9763 0 2.624
    endloop
  endfacet
  facet normal 0.987755 0 -0.156012
    outer loop
      vertex 16.9469 0 2.43786
      vertex 16.9763 -3 2.624
      vertex 16.9469 -3 2.43786
    endloop
  endfacet
  facet normal 0.397275 0 -0.9177
    outer loop
      vertex 15.1044 -3 0.21067
      vertex 15.2773 0 0.285519
      vertex 15.2773 -3 0.285519
    endloop
  endfacet
  facet normal 0.397275 0 -0.9177
    outer loop
      vertex 15.2773 0 0.285519
      vertex 15.1044 -3 0.21067
      vertex 15.1044 0 0.21067
    endloop
  endfacet
  facet normal 0.156468 0 -0.987683
    outer loop
      vertex 14.376 -3 0.0236559
      vertex 14.5621 0 0.0531378
      vertex 14.5621 -3 0.0531378
    endloop
  endfacet
  facet normal 0.156468 0 -0.987683
    outer loop
      vertex 14.5621 0 0.0531378
      vertex 14.376 -3 0.0236559
      vertex 14.376 0 0.0236559
    endloop
  endfacet
  facet normal 0.278966 0 -0.960301
    outer loop
      vertex 14.7461 -3 0.0942497
      vertex 14.9271 0 0.14683
      vertex 14.9271 -3 0.14683
    endloop
  endfacet
  facet normal 0.278966 0 -0.960301
    outer loop
      vertex 14.9271 0 0.14683
      vertex 14.7461 -3 0.0942497
      vertex 14.7461 0 0.0942497
    endloop
  endfacet
  facet normal 0.56202 0 -0.827124
    outer loop
      vertex 15.6075 -3 0.467016
      vertex 15.7634 0 0.572948
      vertex 15.7634 -3 0.572948
    endloop
  endfacet
  facet normal 0.56202 0 -0.827124
    outer loop
      vertex 15.7634 0 0.572948
      vertex 15.6075 -3 0.467016
      vertex 15.6075 0 0.467016
    endloop
  endfacet
  facet normal 0.750204 0 -0.661206
    outer loop
      vertex 16.3115 -3 1.08773
      vertex 16.1869 0 0.946359
      vertex 16.3115 0 1.08773
    endloop
  endfacet
  facet normal 0.750204 0 -0.661206
    outer loop
      vertex 16.1869 0 0.946359
      vertex 16.3115 -3 1.08773
      vertex 16.1869 -3 0.946359
    endloop
  endfacet
  facet normal 0.156459 0 0.987685
    outer loop
      vertex 14.376 0 5.97634
      vertex 14.5621 -3 5.94686
      vertex 14.5621 0 5.94686
    endloop
  endfacet
  facet normal 0.156459 0 0.987685
    outer loop
      vertex 14.5621 -3 5.94686
      vertex 14.376 0 5.97634
      vertex 14.376 -3 5.97634
    endloop
  endfacet
  facet normal -0.790146 0 0.612919
    outer loop
      vertex -5.42705 -3 4.76336
      vertex -5.31154 0 4.91227
      vertex -5.42705 0 4.76336
    endloop
  endfacet
  facet normal -0.790146 0 0.612919
    outer loop
      vertex -5.31154 0 4.91227
      vertex -5.42705 -3 4.76336
      vertex -5.31154 -3 4.91227
    endloop
  endfacet
  facet normal -0.891005 0 -0.453993
    outer loop
      vertex -5.62892 -3 1.55474
      vertex -5.71448 0 1.72266
      vertex -5.62892 0 1.55474
    endloop
  endfacet
  facet normal -0.891005 -0 -0.453993
    outer loop
      vertex -5.71448 0 1.72266
      vertex -5.62892 -3 1.55474
      vertex -5.71448 -3 1.72266
    endloop
  endfacet
  facet normal -0.338742 0 -0.940879
    outer loop
      vertex -4.10437 -3 0.21067
      vertex -3.92705 0 0.14683
      vertex -3.92705 -3 0.14683
    endloop
  endfacet
  facet normal -0.338742 0 -0.940879
    outer loop
      vertex -3.92705 0 0.14683
      vertex -4.10437 -3 0.21067
      vertex -4.10437 0 0.21067
    endloop
  endfacet
  facet normal -0.453993 0 0.891005
    outer loop
      vertex -4.44526 0 5.62892
      vertex -4.27734 -3 5.71448
      vertex -4.27734 0 5.71448
    endloop
  endfacet
  facet normal -0.453993 0 0.891005
    outer loop
      vertex -4.27734 -3 5.71448
      vertex -4.44526 0 5.62892
      vertex -4.44526 -3 5.62892
    endloop
  endfacet
  facet normal -0.509055 0 0.860734
    outer loop
      vertex -4.60748 0 5.53298
      vertex -4.44526 -3 5.62892
      vertex -4.44526 0 5.62892
    endloop
  endfacet
  facet normal -0.509055 0 0.860734
    outer loop
      vertex -4.44526 -3 5.62892
      vertex -4.60748 0 5.53298
      vertex -4.60748 -3 5.53298
    endloop
  endfacet
  facet normal -0.940879 0 0.338742
    outer loop
      vertex -5.85317 -3 3.92705
      vertex -5.78933 0 4.10437
      vertex -5.85317 0 3.92705
    endloop
  endfacet
  facet normal -0.940879 0 0.338742
    outer loop
      vertex -5.78933 0 4.10437
      vertex -5.85317 -3 3.92705
      vertex -5.78933 -3 4.10437
    endloop
  endfacet
  facet normal -0.0941093 0 -0.995562
    outer loop
      vertex -3.376 -3 0.0236559
      vertex -3.18837 0 0.00591946
      vertex -3.18837 -3 0.00591946
    endloop
  endfacet
  facet normal -0.0941093 0 -0.995562
    outer loop
      vertex -3.18837 0 0.00591946
      vertex -3.376 -3 0.0236559
      vertex -3.376 0 0.0236559
    endloop
  endfacet
  facet normal -0.612922 0 -0.790143
    outer loop
      vertex -4.91227 -3 0.688459
      vertex -4.76336 0 0.572948
      vertex -4.76336 -3 0.572948
    endloop
  endfacet
  facet normal -0.612922 0 -0.790143
    outer loop
      vertex -4.76336 0 0.572948
      vertex -4.91227 -3 0.688459
      vertex -4.91227 0 0.688459
    endloop
  endfacet
  facet normal -0.960293 0 -0.278993
    outer loop
      vertex -5.85317 -3 2.07295
      vertex -5.90575 0 2.25393
      vertex -5.85317 0 2.07295
    endloop
  endfacet
  facet normal -0.960293 -0 -0.278993
    outer loop
      vertex -5.90575 0 2.25393
      vertex -5.85317 -3 2.07295
      vertex -5.90575 -3 2.25393
    endloop
  endfacet
  facet normal -0.156426 0 0.98769
    outer loop
      vertex -3.56214 0 5.94686
      vertex -3.376 -3 5.97634
      vertex -3.376 0 5.97634
    endloop
  endfacet
  facet normal -0.156426 0 0.98769
    outer loop
      vertex -3.376 -3 5.97634
      vertex -3.56214 0 5.94686
      vertex -3.56214 -3 5.94686
    endloop
  endfacet
  facet normal -0.278993 0 0.960293
    outer loop
      vertex -3.92705 0 5.85317
      vertex -3.74607 -3 5.90575
      vertex -3.74607 0 5.90575
    endloop
  endfacet
  facet normal -0.278993 0 0.960293
    outer loop
      vertex -3.74607 -3 5.90575
      vertex -3.92705 0 5.85317
      vertex -3.92705 -3 5.85317
    endloop
  endfacet
  facet normal -0.661299 0 0.750123
    outer loop
      vertex -5.05364 0 5.18691
      vertex -4.91227 -3 5.31154
      vertex -4.91227 0 5.31154
    endloop
  endfacet
  facet normal -0.661299 0 0.750123
    outer loop
      vertex -4.91227 -3 5.31154
      vertex -5.05364 0 5.18691
      vertex -5.05364 -3 5.18691
    endloop
  endfacet
  facet normal -0.612919 0 0.790146
    outer loop
      vertex -4.91227 0 5.31154
      vertex -4.76336 -3 5.42705
      vertex -4.76336 0 5.42705
    endloop
  endfacet
  facet normal -0.612919 0 0.790146
    outer loop
      vertex -4.76336 -3 5.42705
      vertex -4.91227 0 5.31154
      vertex -4.91227 -3 5.31154
    endloop
  endfacet
  facet normal -0.860734 0 0.509055
    outer loop
      vertex -5.62892 -3 4.44526
      vertex -5.53298 0 4.60748
      vertex -5.62892 0 4.44526
    endloop
  endfacet
  facet normal -0.860734 0 0.509055
    outer loop
      vertex -5.53298 0 4.60748
      vertex -5.62892 -3 4.44526
      vertex -5.53298 -3 4.60748
    endloop
  endfacet
  facet normal -0.999507 0 -0.031412
    outer loop
      vertex -5.99408 -3 2.81163
      vertex -6 0 3
      vertex -5.99408 0 2.81163
    endloop
  endfacet
  facet normal -0.999507 -0 -0.031412
    outer loop
      vertex -6 0 3
      vertex -5.99408 -3 2.81163
      vertex -6 -3 3
    endloop
  endfacet
  facet normal -0.891005 0 0.453993
    outer loop
      vertex -5.71448 -3 4.27734
      vertex -5.62892 0 4.44526
      vertex -5.71448 0 4.27734
    endloop
  endfacet
  facet normal -0.891005 0 0.453993
    outer loop
      vertex -5.62892 0 4.44526
      vertex -5.71448 -3 4.27734
      vertex -5.62892 -3 4.44526
    endloop
  endfacet
  facet normal -0.999507 0 0.031412
    outer loop
      vertex -6 -3 3
      vertex -5.99408 0 3.18837
      vertex -6 0 3
    endloop
  endfacet
  facet normal -0.999507 0 0.031412
    outer loop
      vertex -5.99408 0 3.18837
      vertex -6 -3 3
      vertex -5.99408 -3 3.18837
    endloop
  endfacet
  facet normal -0.960293 0 0.278993
    outer loop
      vertex -5.90575 -3 3.74607
      vertex -5.85317 0 3.92705
      vertex -5.90575 0 3.74607
    endloop
  endfacet
  facet normal -0.960293 0 0.278993
    outer loop
      vertex -5.85317 0 3.92705
      vertex -5.90575 -3 3.74607
      vertex -5.85317 -3 3.92705
    endloop
  endfacet
  facet normal -0.98769 0 0.156426
    outer loop
      vertex -5.97634 -3 3.376
      vertex -5.94686 0 3.56214
      vertex -5.97634 0 3.376
    endloop
  endfacet
  facet normal -0.98769 0 0.156426
    outer loop
      vertex -5.94686 0 3.56214
      vertex -5.97634 -3 3.376
      vertex -5.94686 -3 3.56214
    endloop
  endfacet
  facet normal -0.278995 0 -0.960293
    outer loop
      vertex -3.92705 -3 0.14683
      vertex -3.74607 0 0.0942497
      vertex -3.74607 -3 0.0942497
    endloop
  endfacet
  facet normal -0.278995 0 -0.960293
    outer loop
      vertex -3.74607 0 0.0942497
      vertex -3.92705 -3 0.14683
      vertex -3.92705 0 0.14683
    endloop
  endfacet
  facet normal -0.156436 0 -0.987688
    outer loop
      vertex -3.56214 -3 0.0531378
      vertex -3.376 0 0.0236559
      vertex -3.376 -3 0.0236559
    endloop
  endfacet
  facet normal -0.156436 0 -0.987688
    outer loop
      vertex -3.376 0 0.0236559
      vertex -3.56214 -3 0.0531378
      vertex -3.56214 0 0.0531378
    endloop
  endfacet
  facet normal -0.453993 0 -0.891005
    outer loop
      vertex -4.44526 -3 0.371079
      vertex -4.27734 0 0.285519
      vertex -4.27734 -3 0.285519
    endloop
  endfacet
  facet normal -0.453993 0 -0.891005
    outer loop
      vertex -4.27734 0 0.285519
      vertex -4.44526 -3 0.371079
      vertex -4.44526 0 0.371079
    endloop
  endfacet
  facet normal -0.509043 0 -0.860741
    outer loop
      vertex -4.60748 -3 0.467016
      vertex -4.44526 0 0.371079
      vertex -4.44526 -3 0.371079
    endloop
  endfacet
  facet normal -0.509043 0 -0.860741
    outer loop
      vertex -4.44526 0 0.371079
      vertex -4.60748 -3 0.467016
      vertex -4.60748 0 0.467016
    endloop
  endfacet
  facet normal -0.790146 0 -0.612919
    outer loop
      vertex -5.31154 -3 1.08773
      vertex -5.42705 0 1.23664
      vertex -5.31154 0 1.08773
    endloop
  endfacet
  facet normal -0.790146 -0 -0.612919
    outer loop
      vertex -5.42705 0 1.23664
      vertex -5.31154 -3 1.08773
      vertex -5.42705 -3 1.23664
    endloop
  endfacet
  facet normal -0.750125 0 -0.661296
    outer loop
      vertex -5.18691 -3 0.946359
      vertex -5.31154 0 1.08773
      vertex -5.18691 0 0.946359
    endloop
  endfacet
  facet normal -0.750125 -0 -0.661296
    outer loop
      vertex -5.31154 0 1.08773
      vertex -5.18691 -3 0.946359
      vertex -5.31154 -3 1.08773
    endloop
  endfacet
  facet normal -0.827095 0 -0.562062
    outer loop
      vertex -5.42705 -3 1.23664
      vertex -5.53298 0 1.39252
      vertex -5.42705 0 1.23664
    endloop
  endfacet
  facet normal -0.827095 -0 -0.562062
    outer loop
      vertex -5.53298 0 1.39252
      vertex -5.42705 -3 1.23664
      vertex -5.53298 -3 1.39252
    endloop
  endfacet
  facet normal -0.031412 0 0.999507
    outer loop
      vertex -3.18837 0 5.99408
      vertex -3 -3 6
      vertex -3 0 6
    endloop
  endfacet
  facet normal -0.031412 0 0.999507
    outer loop
      vertex -3 -3 6
      vertex -3.18837 0 5.99408
      vertex -3.18837 -3 5.99408
    endloop
  endfacet
  facet normal -0.218127 0 0.97592
    outer loop
      vertex -3.74607 0 5.90575
      vertex -3.56214 -3 5.94686
      vertex -3.56214 0 5.94686
    endloop
  endfacet
  facet normal -0.218127 0 0.97592
    outer loop
      vertex -3.56214 -3 5.94686
      vertex -3.74607 0 5.90575
      vertex -3.74607 -3 5.90575
    endloop
  endfacet
  facet normal -0.397144 0 0.917756
    outer loop
      vertex -4.27734 0 5.71448
      vertex -4.10437 -3 5.78933
      vertex -4.10437 0 5.78933
    endloop
  endfacet
  facet normal -0.397144 0 0.917756
    outer loop
      vertex -4.10437 -3 5.78933
      vertex -4.27734 0 5.71448
      vertex -4.27734 -3 5.71448
    endloop
  endfacet
  facet normal -0.338742 0 0.940879
    outer loop
      vertex -4.10437 0 5.78933
      vertex -3.92705 -3 5.85317
      vertex -3.92705 0 5.85317
    endloop
  endfacet
  facet normal -0.338742 0 0.940879
    outer loop
      vertex -3.92705 -3 5.85317
      vertex -4.10437 0 5.78933
      vertex -4.10437 -3 5.78933
    endloop
  endfacet
  facet normal -0.562062 0 0.827095
    outer loop
      vertex -4.76336 0 5.42705
      vertex -4.60748 -3 5.53298
      vertex -4.60748 0 5.53298
    endloop
  endfacet
  facet normal -0.562062 0 0.827095
    outer loop
      vertex -4.60748 -3 5.53298
      vertex -4.76336 0 5.42705
      vertex -4.76336 -3 5.42705
    endloop
  endfacet
  facet normal -0.707107 0 0.707107
    outer loop
      vertex -5.18691 -3 5.05364
      vertex -5.05364 0 5.18691
      vertex -5.18691 0 5.05364
    endloop
  endfacet
  facet normal -0.707107 0 0.707107
    outer loop
      vertex -5.05364 0 5.18691
      vertex -5.18691 -3 5.05364
      vertex -5.05364 -3 5.18691
    endloop
  endfacet
  facet normal -0.750123 0 0.661299
    outer loop
      vertex -5.31154 -3 4.91227
      vertex -5.18691 0 5.05364
      vertex -5.31154 0 4.91227
    endloop
  endfacet
  facet normal -0.750123 0 0.661299
    outer loop
      vertex -5.18691 0 5.05364
      vertex -5.31154 -3 4.91227
      vertex -5.18691 -3 5.05364
    endloop
  endfacet
  facet normal -0.827095 0 0.562062
    outer loop
      vertex -5.53298 -3 4.60748
      vertex -5.42705 0 4.76336
      vertex -5.53298 0 4.60748
    endloop
  endfacet
  facet normal -0.827095 0 0.562062
    outer loop
      vertex -5.42705 0 4.76336
      vertex -5.53298 -3 4.60748
      vertex -5.42705 -3 4.76336
    endloop
  endfacet
  facet normal -0.917756 0 0.397144
    outer loop
      vertex -5.78933 -3 4.10437
      vertex -5.71448 0 4.27734
      vertex -5.78933 0 4.10437
    endloop
  endfacet
  facet normal -0.917756 0 0.397144
    outer loop
      vertex -5.71448 0 4.27734
      vertex -5.78933 -3 4.10437
      vertex -5.71448 -3 4.27734
    endloop
  endfacet
  facet normal -0.97592 0 0.218127
    outer loop
      vertex -5.94686 -3 3.56214
      vertex -5.90575 0 3.74607
      vertex -5.94686 0 3.56214
    endloop
  endfacet
  facet normal -0.97592 0 0.218127
    outer loop
      vertex -5.90575 0 3.74607
      vertex -5.94686 -3 3.56214
      vertex -5.90575 -3 3.74607
    endloop
  endfacet
  facet normal -0.218137 0 -0.975918
    outer loop
      vertex -3.74607 -3 0.0942497
      vertex -3.56214 0 0.0531378
      vertex -3.56214 -3 0.0531378
    endloop
  endfacet
  facet normal -0.218137 0 -0.975918
    outer loop
      vertex -3.56214 0 0.0531378
      vertex -3.74607 -3 0.0942497
      vertex -3.74607 0 0.0942497
    endloop
  endfacet
  facet normal -0.39714 0 -0.917758
    outer loop
      vertex -4.27734 -3 0.285519
      vertex -4.10437 0 0.21067
      vertex -4.10437 -3 0.21067
    endloop
  endfacet
  facet normal -0.39714 0 -0.917758
    outer loop
      vertex -4.10437 0 0.21067
      vertex -4.27734 -3 0.285519
      vertex -4.27734 0 0.285519
    endloop
  endfacet
  facet normal -0.917756 0 -0.397144
    outer loop
      vertex -5.71448 -3 1.72266
      vertex -5.78933 0 1.89563
      vertex -5.71448 0 1.72266
    endloop
  endfacet
  facet normal -0.917756 -0 -0.397144
    outer loop
      vertex -5.78933 0 1.89563
      vertex -5.71448 -3 1.72266
      vertex -5.78933 -3 1.89563
    endloop
  endfacet
  facet normal -0.99556 0 -0.094128
    outer loop
      vertex -5.97634 -3 2.624
      vertex -5.99408 0 2.81163
      vertex -5.97634 0 2.624
    endloop
  endfacet
  facet normal -0.99556 -0 -0.094128
    outer loop
      vertex -5.99408 0 2.81163
      vertex -5.97634 -3 2.624
      vertex -5.99408 -3 2.81163
    endloop
  endfacet
  facet normal -0.98769 0 -0.156426
    outer loop
      vertex -5.94686 -3 2.43786
      vertex -5.97634 0 2.624
      vertex -5.94686 0 2.43786
    endloop
  endfacet
  facet normal -0.98769 -0 -0.156426
    outer loop
      vertex -5.97634 0 2.624
      vertex -5.94686 -3 2.43786
      vertex -5.97634 -3 2.624
    endloop
  endfacet
  facet normal -0.860734 0 -0.509055
    outer loop
      vertex -5.53298 -3 1.39252
      vertex -5.62892 0 1.55474
      vertex -5.53298 0 1.39252
    endloop
  endfacet
  facet normal -0.860734 -0 -0.509055
    outer loop
      vertex -5.62892 0 1.55474
      vertex -5.53298 -3 1.39252
      vertex -5.62892 -3 1.55474
    endloop
  endfacet
  facet normal -0.707096 0 -0.707117
    outer loop
      vertex -5.05364 -3 0.813093
      vertex -5.18691 0 0.946359
      vertex -5.05364 0 0.813093
    endloop
  endfacet
  facet normal -0.707096 -0 -0.707117
    outer loop
      vertex -5.18691 0 0.946359
      vertex -5.05364 -3 0.813093
      vertex -5.18691 -3 0.946359
    endloop
  endfacet
  facet normal -0.661311 0 -0.750112
    outer loop
      vertex -5.05364 -3 0.813093
      vertex -4.91227 0 0.688459
      vertex -4.91227 -3 0.688459
    endloop
  endfacet
  facet normal -0.661311 0 -0.750112
    outer loop
      vertex -4.91227 0 0.688459
      vertex -5.05364 -3 0.813093
      vertex -5.05364 0 0.813093
    endloop
  endfacet
  facet normal -0.094128 0 0.99556
    outer loop
      vertex -3.376 0 5.97634
      vertex -3.18837 -3 5.99408
      vertex -3.18837 0 5.99408
    endloop
  endfacet
  facet normal -0.094128 0 0.99556
    outer loop
      vertex -3.18837 -3 5.99408
      vertex -3.376 0 5.97634
      vertex -3.376 -3 5.97634
    endloop
  endfacet
  facet normal -0.99556 0 0.094128
    outer loop
      vertex -5.99408 -3 3.18837
      vertex -5.97634 0 3.376
      vertex -5.99408 0 3.18837
    endloop
  endfacet
  facet normal -0.99556 0 0.094128
    outer loop
      vertex -5.97634 0 3.376
      vertex -5.99408 -3 3.18837
      vertex -5.97634 -3 3.376
    endloop
  endfacet
  facet normal -0.0314091 0 -0.999507
    outer loop
      vertex -3.18837 -3 0.00591946
      vertex -3 0 0
      vertex -3 -3 0
    endloop
  endfacet
  facet normal -0.0314091 0 -0.999507
    outer loop
      vertex -3 0 0
      vertex -3.18837 -3 0.00591946
      vertex -3.18837 0 0.00591946
    endloop
  endfacet
  facet normal -0.562069 0 -0.82709
    outer loop
      vertex -4.76336 -3 0.572948
      vertex -4.60748 0 0.467016
      vertex -4.60748 -3 0.467016
    endloop
  endfacet
  facet normal -0.562069 0 -0.82709
    outer loop
      vertex -4.60748 0 0.467016
      vertex -4.76336 -3 0.572948
      vertex -4.76336 0 0.572948
    endloop
  endfacet
  facet normal -0.940879 0 -0.338742
    outer loop
      vertex -5.78933 -3 1.89563
      vertex -5.85317 0 2.07295
      vertex -5.78933 0 1.89563
    endloop
  endfacet
  facet normal -0.940879 -0 -0.338742
    outer loop
      vertex -5.85317 0 2.07295
      vertex -5.78933 -3 1.89563
      vertex -5.85317 -3 2.07295
    endloop
  endfacet
  facet normal -0.97592 0 -0.218127
    outer loop
      vertex -5.90575 -3 2.25393
      vertex -5.94686 0 2.43786
      vertex -5.90575 0 2.25393
    endloop
  endfacet
  facet normal -0.97592 -0 -0.218127
    outer loop
      vertex -5.94686 0 2.43786
      vertex -5.90575 -3 2.25393
      vertex -5.94686 -3 2.43786
    endloop
  endfacet
  facet normal 0.790448 0 -0.612529
    outer loop
      vertex 12.8442 -3 3.95614
      vertex 12.7865 0 3.88168
      vertex 12.8442 0 3.95614
    endloop
  endfacet
  facet normal 0.790448 0 -0.612529
    outer loop
      vertex 12.7865 0 3.88168
      vertex 12.8442 -3 3.95614
      vertex 12.7865 -3 3.88168
    endloop
  endfacet
  facet normal 0.891349 -0 0.453318
    outer loop
      vertex 12.6428 -3 2.36133
      vertex 12.6855 0 2.27737
      vertex 12.6428 0 2.36133
    endloop
  endfacet
  facet normal 0.891349 0 0.453318
    outer loop
      vertex 12.6855 0 2.27737
      vertex 12.6428 -3 2.36133
      vertex 12.6855 -3 2.27737
    endloop
  endfacet
  facet normal 0.338701 0 0.940894
    outer loop
      vertex 13.4478 0 1.60534
      vertex 13.5365 -3 1.57341
      vertex 13.5365 0 1.57341
    endloop
  endfacet
  facet normal 0.338701 0 0.940894
    outer loop
      vertex 13.5365 -3 1.57341
      vertex 13.4478 0 1.60534
      vertex 13.4478 -3 1.60534
    endloop
  endfacet
  facet normal 0.338607 0 -0.940928
    outer loop
      vertex 13.4478 -3 4.39466
      vertex 13.5365 0 4.42658
      vertex 13.5365 -3 4.42658
    endloop
  endfacet
  facet normal 0.338607 0 -0.940928
    outer loop
      vertex 13.5365 0 4.42658
      vertex 13.4478 -3 4.39466
      vertex 13.4478 0 4.39466
    endloop
  endfacet
  facet normal 0.509101 0 -0.860707
    outer loop
      vertex 13.1963 -3 4.26649
      vertex 13.2774 0 4.31446
      vertex 13.2774 -3 4.31446
    endloop
  endfacet
  facet normal 0.509101 0 -0.860707
    outer loop
      vertex 13.2774 0 4.31446
      vertex 13.1963 -3 4.26649
      vertex 13.1963 0 4.26649
    endloop
  endfacet
  facet normal 0.940959 0 -0.33852
    outer loop
      vertex 12.6053 -3 3.55219
      vertex 12.5734 0 3.46352
      vertex 12.6053 0 3.55219
    endloop
  endfacet
  facet normal 0.940959 0 -0.33852
    outer loop
      vertex 12.5734 0 3.46352
      vertex 12.6053 -3 3.55219
      vertex 12.5734 -3 3.46352
    endloop
  endfacet
  facet normal 0.0941429 0 0.995559
    outer loop
      vertex 13.812 0 1.51183
      vertex 13.9058 -3 1.50296
      vertex 13.9058 0 1.50296
    endloop
  endfacet
  facet normal 0.0941429 0 0.995559
    outer loop
      vertex 13.9058 -3 1.50296
      vertex 13.812 0 1.51183
      vertex 13.812 -3 1.51183
    endloop
  endfacet
  facet normal 0.613235 0 0.789901
    outer loop
      vertex 13.0439 0 1.84423
      vertex 13.1183 -3 1.78647
      vertex 13.1183 0 1.78647
    endloop
  endfacet
  facet normal 0.613235 0 0.789901
    outer loop
      vertex 13.1183 -3 1.78647
      vertex 13.0439 0 1.84423
      vertex 13.0439 -3 1.84423
    endloop
  endfacet
  facet normal 0.976047 -0 0.21756
    outer loop
      vertex 12.5266 -3 2.71893
      vertex 12.5471 0 2.62696
      vertex 12.5266 0 2.71893
    endloop
  endfacet
  facet normal 0.976047 0 0.21756
    outer loop
      vertex 12.5471 0 2.62696
      vertex 12.5266 -3 2.71893
      vertex 12.5471 -3 2.62696
    endloop
  endfacet
  facet normal -0.0941429 0 -0.995559
    outer loop
      vertex 14.0942 -3 4.49704
      vertex 14.188 0 4.48817
      vertex 14.188 -3 4.48817
    endloop
  endfacet
  facet normal -0.0941429 0 -0.995559
    outer loop
      vertex 14.188 0 4.48817
      vertex 14.0942 -3 4.49704
      vertex 14.0942 0 4.49704
    endloop
  endfacet
  facet normal -0.613168 0 -0.789952
    outer loop
      vertex 14.8817 -3 4.21352
      vertex 14.9561 0 4.15577
      vertex 14.9561 -3 4.15577
    endloop
  endfacet
  facet normal -0.613168 0 -0.789952
    outer loop
      vertex 14.9561 0 4.15577
      vertex 14.8817 -3 4.21352
      vertex 14.8817 0 4.21352
    endloop
  endfacet
  facet normal -0.995629 0 0.0933966
    outer loop
      vertex 15.4882 -3 2.812
      vertex 15.497 0 2.90581
      vertex 15.4882 0 2.812
    endloop
  endfacet
  facet normal -0.995629 0 0.0933966
    outer loop
      vertex 15.497 0 2.90581
      vertex 15.4882 -3 2.812
      vertex 15.497 -3 2.90581
    endloop
  endfacet
  facet normal -0.790448 0 0.612529
    outer loop
      vertex 15.1558 -3 2.04386
      vertex 15.2135 0 2.11832
      vertex 15.1558 0 2.04386
    endloop
  endfacet
  facet normal -0.790448 0 0.612529
    outer loop
      vertex 15.2135 0 2.11832
      vertex 15.1558 -3 2.04386
      vertex 15.2135 -3 2.11832
    endloop
  endfacet
  facet normal -0.397042 0 0.917801
    outer loop
      vertex 14.5522 0 1.60534
      vertex 14.6387 -3 1.64276
      vertex 14.6387 0 1.64276
    endloop
  endfacet
  facet normal -0.397042 0 0.917801
    outer loop
      vertex 14.6387 -3 1.64276
      vertex 14.5522 0 1.60534
      vertex 14.5522 -3 1.60534
    endloop
  endfacet
  facet normal 0.156377 0 -0.987698
    outer loop
      vertex 13.7189 -3 4.47343
      vertex 13.812 0 4.48817
      vertex 13.812 -3 4.48817
    endloop
  endfacet
  facet normal 0.156377 0 -0.987698
    outer loop
      vertex 13.812 0 4.48817
      vertex 13.7189 -3 4.47343
      vertex 13.7189 0 4.47343
    endloop
  endfacet
  facet normal 0.218324 0 -0.975876
    outer loop
      vertex 13.627 -3 4.45287
      vertex 13.7189 0 4.47343
      vertex 13.7189 -3 4.47343
    endloop
  endfacet
  facet normal 0.218324 0 -0.975876
    outer loop
      vertex 13.7189 0 4.47343
      vertex 13.627 -3 4.45287
      vertex 13.627 0 4.45287
    endloop
  endfacet
  facet normal 0.66125 0 -0.750166
    outer loop
      vertex 12.9732 -3 4.09345
      vertex 13.0439 0 4.15577
      vertex 13.0439 -3 4.15577
    endloop
  endfacet
  facet normal 0.66125 0 -0.750166
    outer loop
      vertex 13.0439 0 4.15577
      vertex 12.9732 -3 4.09345
      vertex 12.9732 0 4.09345
    endloop
  endfacet
  facet normal 0.613168 0 -0.789952
    outer loop
      vertex 13.0439 -3 4.15577
      vertex 13.1183 0 4.21352
      vertex 13.1183 -3 4.21352
    endloop
  endfacet
  facet normal 0.613168 0 -0.789952
    outer loop
      vertex 13.1183 0 4.21352
      vertex 13.0439 -3 4.15577
      vertex 13.0439 0 4.15577
    endloop
  endfacet
  facet normal 0.860595 0 -0.50929
    outer loop
      vertex 12.7335 -3 3.80374
      vertex 12.6855 0 3.72263
      vertex 12.7335 0 3.80374
    endloop
  endfacet
  facet normal 0.860595 0 -0.50929
    outer loop
      vertex 12.6855 0 3.72263
      vertex 12.7335 -3 3.80374
      vertex 12.6855 -3 3.72263
    endloop
  endfacet
  facet normal 0.999493 -0 0.0318344
    outer loop
      vertex 12.5 -3 3
      vertex 12.503 0 2.90581
      vertex 12.5 0 3
    endloop
  endfacet
  facet normal 0.999493 0 0.0318344
    outer loop
      vertex 12.503 0 2.90581
      vertex 12.5 -3 3
      vertex 12.503 -3 2.90581
    endloop
  endfacet
  facet normal 0.999493 0 -0.0318377
    outer loop
      vertex 12.503 -3 3.09418
      vertex 12.5 0 3
      vertex 12.503 0 3.09418
    endloop
  endfacet
  facet normal 0.999493 0 -0.0318377
    outer loop
      vertex 12.5 0 3
      vertex 12.503 -3 3.09418
      vertex 12.5 -3 3
    endloop
  endfacet
  facet normal 0.987591 0 -0.157047
    outer loop
      vertex 12.5266 -3 3.28107
      vertex 12.5118 0 3.188
      vertex 12.5266 0 3.28107
    endloop
  endfacet
  facet normal 0.987591 0 -0.157047
    outer loop
      vertex 12.5118 0 3.188
      vertex 12.5266 -3 3.28107
      vertex 12.5118 -3 3.188
    endloop
  endfacet
  facet normal -0.031407 0 0.999507
    outer loop
      vertex 14 0 1.5
      vertex 14.0942 -3 1.50296
      vertex 14.0942 0 1.50296
    endloop
  endfacet
  facet normal -0.031407 0 0.999507
    outer loop
      vertex 14.0942 -3 1.50296
      vertex 14 0 1.5
      vertex 14 -3 1.5
    endloop
  endfacet
  facet normal 0.156377 0 0.987698
    outer loop
      vertex 13.7189 0 1.52657
      vertex 13.812 -3 1.51183
      vertex 13.812 0 1.51183
    endloop
  endfacet
  facet normal 0.156377 0 0.987698
    outer loop
      vertex 13.812 -3 1.51183
      vertex 13.7189 0 1.52657
      vertex 13.7189 -3 1.52657
    endloop
  endfacet
  facet normal 0.509101 0 0.860707
    outer loop
      vertex 13.1963 0 1.73351
      vertex 13.2774 -3 1.68554
      vertex 13.2774 0 1.68554
    endloop
  endfacet
  facet normal 0.509101 0 0.860707
    outer loop
      vertex 13.2774 -3 1.68554
      vertex 13.1963 0 1.73351
      vertex 13.1963 -3 1.73351
    endloop
  endfacet
  facet normal 0.790448 -0 0.612529
    outer loop
      vertex 12.7865 -3 2.11832
      vertex 12.8442 0 2.04386
      vertex 12.7865 0 2.11832
    endloop
  endfacet
  facet normal 0.790448 0 0.612529
    outer loop
      vertex 12.8442 0 2.04386
      vertex 12.7865 -3 2.11832
      vertex 12.8442 -3 2.04386
    endloop
  endfacet
  facet normal 0.750178 -0 0.661235
    outer loop
      vertex 12.8442 -3 2.04386
      vertex 12.9065 0 1.97318
      vertex 12.8442 0 2.04386
    endloop
  endfacet
  facet normal 0.750178 0 0.661235
    outer loop
      vertex 12.9065 0 1.97318
      vertex 12.8442 -3 2.04386
      vertex 12.9065 -3 1.97318
    endloop
  endfacet
  facet normal 0.826923 -0 0.562316
    outer loop
      vertex 12.7335 -3 2.19626
      vertex 12.7865 0 2.11832
      vertex 12.7335 0 2.19626
    endloop
  endfacet
  facet normal 0.826923 0 0.562316
    outer loop
      vertex 12.7865 0 2.11832
      vertex 12.7335 -3 2.19626
      vertex 12.7865 -3 2.11832
    endloop
  endfacet
  facet normal 0.031407 0 -0.999507
    outer loop
      vertex 13.9058 -3 4.49704
      vertex 14 0 4.5
      vertex 14 -3 4.5
    endloop
  endfacet
  facet normal 0.031407 0 -0.999507
    outer loop
      vertex 14 0 4.5
      vertex 13.9058 -3 4.49704
      vertex 13.9058 0 4.49704
    endloop
  endfacet
  facet normal -0.976042 0 -0.217582
    outer loop
      vertex 15.4734 -3 3.28107
      vertex 15.4529 0 3.37303
      vertex 15.4734 0 3.28107
    endloop
  endfacet
  facet normal -0.976042 -0 -0.217582
    outer loop
      vertex 15.4529 0 3.37303
      vertex 15.4734 -3 3.28107
      vertex 15.4529 -3 3.37303
    endloop
  endfacet
  facet normal -0.031407 0 -0.999507
    outer loop
      vertex 14 -3 4.5
      vertex 14.0942 0 4.49704
      vertex 14.0942 -3 4.49704
    endloop
  endfacet
  facet normal -0.031407 0 -0.999507
    outer loop
      vertex 14.0942 0 4.49704
      vertex 14 -3 4.5
      vertex 14 0 4.5
    endloop
  endfacet
  facet normal -0.750178 0 -0.661235
    outer loop
      vertex 15.1558 -3 3.95614
      vertex 15.0935 0 4.02682
      vertex 15.1558 0 3.95614
    endloop
  endfacet
  facet normal -0.750178 -0 -0.661235
    outer loop
      vertex 15.0935 0 4.02682
      vertex 15.1558 -3 3.95614
      vertex 15.0935 -3 4.02682
    endloop
  endfacet
  facet normal -0.999493 0 -0.0318377
    outer loop
      vertex 15.5 -3 3
      vertex 15.497 0 3.09418
      vertex 15.5 0 3
    endloop
  endfacet
  facet normal -0.999493 -0 -0.0318377
    outer loop
      vertex 15.497 0 3.09418
      vertex 15.5 -3 3
      vertex 15.497 -3 3.09418
    endloop
  endfacet
  facet normal -0.66125 0 0.750166
    outer loop
      vertex 14.9561 0 1.84423
      vertex 15.0268 -3 1.90655
      vertex 15.0268 0 1.90655
    endloop
  endfacet
  facet normal -0.66125 0 0.750166
    outer loop
      vertex 15.0268 -3 1.90655
      vertex 14.9561 0 1.84423
      vertex 14.9561 -3 1.84423
    endloop
  endfacet
  facet normal 0.0941429 0 -0.995559
    outer loop
      vertex 13.812 -3 4.48817
      vertex 13.9058 0 4.49704
      vertex 13.9058 -3 4.49704
    endloop
  endfacet
  facet normal 0.0941429 0 -0.995559
    outer loop
      vertex 13.9058 0 4.49704
      vertex 13.812 -3 4.48817
      vertex 13.812 0 4.48817
    endloop
  endfacet
  facet normal 0.45425 0 -0.890874
    outer loop
      vertex 13.2774 -3 4.31446
      vertex 13.3613 0 4.35724
      vertex 13.3613 -3 4.35724
    endloop
  endfacet
  facet normal 0.45425 0 -0.890874
    outer loop
      vertex 13.3613 0 4.35724
      vertex 13.2774 -3 4.31446
      vertex 13.2774 0 4.31446
    endloop
  endfacet
  facet normal 0.397042 0 -0.917801
    outer loop
      vertex 13.3613 -3 4.35724
      vertex 13.4478 0 4.39466
      vertex 13.4478 -3 4.39466
    endloop
  endfacet
  facet normal 0.397042 0 -0.917801
    outer loop
      vertex 13.4478 0 4.39466
      vertex 13.3613 -3 4.35724
      vertex 13.3613 0 4.35724
    endloop
  endfacet
  facet normal 0.278965 0 -0.960301
    outer loop
      vertex 13.5365 -3 4.42658
      vertex 13.627 0 4.45287
      vertex 13.627 -3 4.45287
    endloop
  endfacet
  facet normal 0.278965 0 -0.960301
    outer loop
      vertex 13.627 0 4.45287
      vertex 13.5365 -3 4.42658
      vertex 13.5365 0 4.42658
    endloop
  endfacet
  facet normal 0.561802 0 -0.827272
    outer loop
      vertex 13.1183 -3 4.21352
      vertex 13.1963 0 4.26649
      vertex 13.1963 -3 4.26649
    endloop
  endfacet
  facet normal 0.561802 0 -0.827272
    outer loop
      vertex 13.1963 0 4.26649
      vertex 13.1183 -3 4.21352
      vertex 13.1183 0 4.21352
    endloop
  endfacet
  facet normal 0.706735 0 -0.707478
    outer loop
      vertex 12.9732 -3 4.09345
      vertex 12.9065 0 4.02682
      vertex 12.9732 0 4.09345
    endloop
  endfacet
  facet normal 0.706735 0 -0.707478
    outer loop
      vertex 12.9065 0 4.02682
      vertex 12.9732 -3 4.09345
      vertex 12.9065 -3 4.02682
    endloop
  endfacet
  facet normal 0.750178 0 -0.661235
    outer loop
      vertex 12.9065 -3 4.02682
      vertex 12.8442 0 3.95614
      vertex 12.9065 0 4.02682
    endloop
  endfacet
  facet normal 0.750178 0 -0.661235
    outer loop
      vertex 12.8442 0 3.95614
      vertex 12.9065 -3 4.02682
      vertex 12.8442 -3 3.95614
    endloop
  endfacet
  facet normal 0.826923 0 -0.562316
    outer loop
      vertex 12.7865 -3 3.88168
      vertex 12.7335 0 3.80374
      vertex 12.7865 0 3.88168
    endloop
  endfacet
  facet normal 0.826923 0 -0.562316
    outer loop
      vertex 12.7335 0 3.80374
      vertex 12.7865 -3 3.88168
      vertex 12.7335 -3 3.80374
    endloop
  endfacet
  facet normal 0.917458 0 -0.397834
    outer loop
      vertex 12.6428 -3 3.63867
      vertex 12.6053 0 3.55219
      vertex 12.6428 0 3.63867
    endloop
  endfacet
  facet normal 0.917458 0 -0.397834
    outer loop
      vertex 12.6053 0 3.55219
      vertex 12.6428 -3 3.63867
      vertex 12.6053 -3 3.55219
    endloop
  endfacet
  facet normal 0.891349 0 -0.453318
    outer loop
      vertex 12.6855 -3 3.72263
      vertex 12.6428 0 3.63867
      vertex 12.6855 0 3.72263
    endloop
  endfacet
  facet normal 0.891349 0 -0.453318
    outer loop
      vertex 12.6428 0 3.63867
      vertex 12.6855 -3 3.72263
      vertex 12.6428 -3 3.63867
    endloop
  endfacet
  facet normal 0.976042 0 -0.217582
    outer loop
      vertex 12.5471 -3 3.37303
      vertex 12.5266 0 3.28107
      vertex 12.5471 0 3.37303
    endloop
  endfacet
  facet normal 0.976042 0 -0.217582
    outer loop
      vertex 12.5266 0 3.28107
      vertex 12.5471 -3 3.37303
      vertex 12.5266 -3 3.28107
    endloop
  endfacet
  facet normal 0.960265 0 -0.279091
    outer loop
      vertex 12.5734 -3 3.46352
      vertex 12.5471 0 3.37303
      vertex 12.5734 0 3.46352
    endloop
  endfacet
  facet normal 0.960265 0 -0.279091
    outer loop
      vertex 12.5471 0 3.37303
      vertex 12.5734 -3 3.46352
      vertex 12.5471 -3 3.37303
    endloop
  endfacet
  facet normal 0.99563 0 -0.0933867
    outer loop
      vertex 12.5118 -3 3.188
      vertex 12.503 0 3.09418
      vertex 12.5118 0 3.188
    endloop
  endfacet
  facet normal 0.99563 0 -0.0933867
    outer loop
      vertex 12.503 0 3.09418
      vertex 12.5118 -3 3.188
      vertex 12.503 -3 3.09418
    endloop
  endfacet
  facet normal 0.218223 0 0.975899
    outer loop
      vertex 13.627 0 1.54712
      vertex 13.7189 -3 1.52657
      vertex 13.7189 0 1.52657
    endloop
  endfacet
  facet normal 0.218223 0 0.975899
    outer loop
      vertex 13.7189 -3 1.52657
      vertex 13.627 0 1.54712
      vertex 13.627 -3 1.54712
    endloop
  endfacet
  facet normal 0.278965 0 0.960301
    outer loop
      vertex 13.5365 0 1.57341
      vertex 13.627 -3 1.54712
      vertex 13.627 0 1.54712
    endloop
  endfacet
  facet normal 0.278965 0 0.960301
    outer loop
      vertex 13.627 -3 1.54712
      vertex 13.5365 0 1.57341
      vertex 13.5365 -3 1.57341
    endloop
  endfacet
  facet normal 0.031407 0 0.999507
    outer loop
      vertex 13.9058 0 1.50296
      vertex 14 -3 1.5
      vertex 14 0 1.5
    endloop
  endfacet
  facet normal 0.031407 0 0.999507
    outer loop
      vertex 14 -3 1.5
      vertex 13.9058 0 1.50296
      vertex 13.9058 -3 1.50296
    endloop
  endfacet
  facet normal 0.45425 0 0.890874
    outer loop
      vertex 13.2774 0 1.68554
      vertex 13.3613 -3 1.64276
      vertex 13.3613 0 1.64276
    endloop
  endfacet
  facet normal 0.45425 0 0.890874
    outer loop
      vertex 13.3613 -3 1.64276
      vertex 13.2774 0 1.68554
      vertex 13.2774 -3 1.68554
    endloop
  endfacet
  facet normal 0.397042 0 0.917801
    outer loop
      vertex 13.3613 0 1.64276
      vertex 13.4478 -3 1.60534
      vertex 13.4478 0 1.60534
    endloop
  endfacet
  facet normal 0.397042 0 0.917801
    outer loop
      vertex 13.4478 -3 1.60534
      vertex 13.3613 0 1.64276
      vertex 13.3613 -3 1.64276
    endloop
  endfacet
  facet normal 0.56173 0 0.827321
    outer loop
      vertex 13.1183 0 1.78647
      vertex 13.1963 -3 1.73351
      vertex 13.1963 0 1.73351
    endloop
  endfacet
  facet normal 0.56173 0 0.827321
    outer loop
      vertex 13.1963 -3 1.73351
      vertex 13.1183 0 1.78647
      vertex 13.1183 -3 1.78647
    endloop
  endfacet
  facet normal 0.940947 -0 0.338554
    outer loop
      vertex 12.5734 -3 2.53647
      vertex 12.6053 0 2.44781
      vertex 12.5734 0 2.53647
    endloop
  endfacet
  facet normal 0.940947 0 0.338554
    outer loop
      vertex 12.6053 0 2.44781
      vertex 12.5734 -3 2.53647
      vertex 12.6053 -3 2.44781
    endloop
  endfacet
  facet normal 0.960265 -0 0.279091
    outer loop
      vertex 12.5471 -3 2.62696
      vertex 12.5734 0 2.53647
      vertex 12.5471 0 2.62696
    endloop
  endfacet
  facet normal 0.960265 0 0.279091
    outer loop
      vertex 12.5734 0 2.53647
      vertex 12.5471 -3 2.62696
      vertex 12.5734 -3 2.53647
    endloop
  endfacet
  facet normal 0.917458 -0 0.397834
    outer loop
      vertex 12.6053 -3 2.44781
      vertex 12.6428 0 2.36133
      vertex 12.6053 0 2.44781
    endloop
  endfacet
  facet normal 0.917458 0 0.397834
    outer loop
      vertex 12.6428 0 2.36133
      vertex 12.6053 -3 2.44781
      vertex 12.6428 -3 2.36133
    endloop
  endfacet
  facet normal 0.995629 -0 0.0933966
    outer loop
      vertex 12.503 -3 2.90581
      vertex 12.5118 0 2.812
      vertex 12.503 0 2.90581
    endloop
  endfacet
  facet normal 0.995629 0 0.0933966
    outer loop
      vertex 12.5118 0 2.812
      vertex 12.503 -3 2.90581
      vertex 12.5118 -3 2.812
    endloop
  endfacet
  facet normal 0.987591 -0 0.157047
    outer loop
      vertex 12.5118 -3 2.812
      vertex 12.5266 0 2.71893
      vertex 12.5118 0 2.812
    endloop
  endfacet
  facet normal 0.987591 0 0.157047
    outer loop
      vertex 12.5266 0 2.71893
      vertex 12.5118 -3 2.812
      vertex 12.5266 -3 2.71893
    endloop
  endfacet
  facet normal 0.860595 -0 0.50929
    outer loop
      vertex 12.6855 -3 2.27737
      vertex 12.7335 0 2.19626
      vertex 12.6855 0 2.27737
    endloop
  endfacet
  facet normal 0.860595 0 0.50929
    outer loop
      vertex 12.7335 0 2.19626
      vertex 12.6855 -3 2.27737
      vertex 12.7335 -3 2.19626
    endloop
  endfacet
  facet normal 0.706735 -0 0.707478
    outer loop
      vertex 12.9065 -3 1.97318
      vertex 12.9732 0 1.90655
      vertex 12.9065 0 1.97318
    endloop
  endfacet
  facet normal 0.706735 0 0.707478
    outer loop
      vertex 12.9732 0 1.90655
      vertex 12.9065 -3 1.97318
      vertex 12.9732 -3 1.90655
    endloop
  endfacet
  facet normal 0.66125 0 0.750166
    outer loop
      vertex 12.9732 0 1.90655
      vertex 13.0439 -3 1.84423
      vertex 13.0439 0 1.84423
    endloop
  endfacet
  facet normal 0.66125 0 0.750166
    outer loop
      vertex 13.0439 -3 1.84423
      vertex 12.9732 0 1.90655
      vertex 12.9732 -3 1.90655
    endloop
  endfacet
  facet normal -0.99563 0 -0.0933867
    outer loop
      vertex 15.497 -3 3.09418
      vertex 15.4882 0 3.188
      vertex 15.497 0 3.09418
    endloop
  endfacet
  facet normal -0.99563 -0 -0.0933867
    outer loop
      vertex 15.4882 0 3.188
      vertex 15.497 -3 3.09418
      vertex 15.4882 -3 3.188
    endloop
  endfacet
  facet normal -0.156377 0 -0.987698
    outer loop
      vertex 14.188 -3 4.48817
      vertex 14.2811 0 4.47343
      vertex 14.2811 -3 4.47343
    endloop
  endfacet
  facet normal -0.156377 0 -0.987698
    outer loop
      vertex 14.2811 0 4.47343
      vertex 14.188 -3 4.48817
      vertex 14.188 0 4.48817
    endloop
  endfacet
  facet normal -0.278965 0 -0.960301
    outer loop
      vertex 14.373 -3 4.45287
      vertex 14.4635 0 4.42658
      vertex 14.4635 -3 4.42658
    endloop
  endfacet
  facet normal -0.278965 0 -0.960301
    outer loop
      vertex 14.4635 0 4.42658
      vertex 14.373 -3 4.45287
      vertex 14.373 0 4.45287
    endloop
  endfacet
  facet normal -0.987591 0 -0.157047
    outer loop
      vertex 15.4882 -3 3.188
      vertex 15.4734 0 3.28107
      vertex 15.4882 0 3.188
    endloop
  endfacet
  facet normal -0.987591 -0 -0.157047
    outer loop
      vertex 15.4734 0 3.28107
      vertex 15.4882 -3 3.188
      vertex 15.4734 -3 3.28107
    endloop
  endfacet
  facet normal -0.917458 0 -0.397834
    outer loop
      vertex 15.3947 -3 3.55219
      vertex 15.3572 0 3.63867
      vertex 15.3947 0 3.55219
    endloop
  endfacet
  facet normal -0.917458 -0 -0.397834
    outer loop
      vertex 15.3572 0 3.63867
      vertex 15.3947 -3 3.55219
      vertex 15.3572 -3 3.63867
    endloop
  endfacet
  facet normal -0.960265 0 -0.279091
    outer loop
      vertex 15.4529 -3 3.37303
      vertex 15.4266 0 3.46352
      vertex 15.4529 0 3.37303
    endloop
  endfacet
  facet normal -0.960265 -0 -0.279091
    outer loop
      vertex 15.4266 0 3.46352
      vertex 15.4529 -3 3.37303
      vertex 15.4266 -3 3.46352
    endloop
  endfacet
  facet normal -0.706735 0 -0.707478
    outer loop
      vertex 15.0935 -3 4.02682
      vertex 15.0268 0 4.09345
      vertex 15.0935 0 4.02682
    endloop
  endfacet
  facet normal -0.706735 -0 -0.707478
    outer loop
      vertex 15.0268 0 4.09345
      vertex 15.0935 -3 4.02682
      vertex 15.0268 -3 4.09345
    endloop
  endfacet
  facet normal -0.790448 0 -0.612529
    outer loop
      vertex 15.2135 -3 3.88168
      vertex 15.1558 0 3.95614
      vertex 15.2135 0 3.88168
    endloop
  endfacet
  facet normal -0.790448 -0 -0.612529
    outer loop
      vertex 15.1558 0 3.95614
      vertex 15.2135 -3 3.88168
      vertex 15.1558 -3 3.95614
    endloop
  endfacet
  facet normal -0.860595 0 -0.50929
    outer loop
      vertex 15.3145 -3 3.72263
      vertex 15.2665 0 3.80374
      vertex 15.3145 0 3.72263
    endloop
  endfacet
  facet normal -0.860595 -0 -0.50929
    outer loop
      vertex 15.2665 0 3.80374
      vertex 15.3145 -3 3.72263
      vertex 15.2665 -3 3.80374
    endloop
  endfacet
  facet normal -0.397042 0 -0.917801
    outer loop
      vertex 14.5522 -3 4.39466
      vertex 14.6387 0 4.35724
      vertex 14.6387 -3 4.35724
    endloop
  endfacet
  facet normal -0.397042 0 -0.917801
    outer loop
      vertex 14.6387 0 4.35724
      vertex 14.5522 -3 4.39466
      vertex 14.5522 0 4.39466
    endloop
  endfacet
  facet normal -0.45425 0 -0.890874
    outer loop
      vertex 14.6387 -3 4.35724
      vertex 14.7226 0 4.31446
      vertex 14.7226 -3 4.31446
    endloop
  endfacet
  facet normal -0.45425 0 -0.890874
    outer loop
      vertex 14.7226 0 4.31446
      vertex 14.6387 -3 4.35724
      vertex 14.6387 0 4.35724
    endloop
  endfacet
  facet normal -0.338607 0 -0.940928
    outer loop
      vertex 14.4635 -3 4.42658
      vertex 14.5522 0 4.39466
      vertex 14.5522 -3 4.39466
    endloop
  endfacet
  facet normal -0.338607 0 -0.940928
    outer loop
      vertex 14.5522 0 4.39466
      vertex 14.4635 -3 4.42658
      vertex 14.4635 0 4.42658
    endloop
  endfacet
  facet normal -0.561802 0 -0.827272
    outer loop
      vertex 14.8037 -3 4.26649
      vertex 14.8817 0 4.21352
      vertex 14.8817 -3 4.21352
    endloop
  endfacet
  facet normal -0.561802 0 -0.827272
    outer loop
      vertex 14.8817 0 4.21352
      vertex 14.8037 -3 4.26649
      vertex 14.8037 0 4.26649
    endloop
  endfacet
  facet normal -0.509101 0 -0.860707
    outer loop
      vertex 14.7226 -3 4.31446
      vertex 14.8037 0 4.26649
      vertex 14.8037 -3 4.26649
    endloop
  endfacet
  facet normal -0.509101 0 -0.860707
    outer loop
      vertex 14.8037 0 4.26649
      vertex 14.7226 -3 4.31446
      vertex 14.7226 0 4.31446
    endloop
  endfacet
  facet normal -0.987591 0 0.157047
    outer loop
      vertex 15.4734 -3 2.71893
      vertex 15.4882 0 2.812
      vertex 15.4734 0 2.71893
    endloop
  endfacet
  facet normal -0.987591 0 0.157047
    outer loop
      vertex 15.4882 0 2.812
      vertex 15.4734 -3 2.71893
      vertex 15.4882 -3 2.812
    endloop
  endfacet
  facet normal -0.960265 0 0.279091
    outer loop
      vertex 15.4266 -3 2.53647
      vertex 15.4529 0 2.62696
      vertex 15.4266 0 2.53647
    endloop
  endfacet
  facet normal -0.960265 0 0.279091
    outer loop
      vertex 15.4529 0 2.62696
      vertex 15.4266 -3 2.53647
      vertex 15.4529 -3 2.62696
    endloop
  endfacet
  facet normal -0.999493 0 0.0318344
    outer loop
      vertex 15.497 -3 2.90581
      vertex 15.5 0 3
      vertex 15.497 0 2.90581
    endloop
  endfacet
  facet normal -0.999493 0 0.0318344
    outer loop
      vertex 15.5 0 3
      vertex 15.497 -3 2.90581
      vertex 15.5 -3 3
    endloop
  endfacet
  facet normal -0.976047 0 0.21756
    outer loop
      vertex 15.4529 -3 2.62696
      vertex 15.4734 0 2.71893
      vertex 15.4529 0 2.62696
    endloop
  endfacet
  facet normal -0.976047 0 0.21756
    outer loop
      vertex 15.4734 0 2.71893
      vertex 15.4529 -3 2.62696
      vertex 15.4734 -3 2.71893
    endloop
  endfacet
  facet normal -0.940947 0 0.338554
    outer loop
      vertex 15.3947 -3 2.44781
      vertex 15.4266 0 2.53647
      vertex 15.3947 0 2.44781
    endloop
  endfacet
  facet normal -0.940947 0 0.338554
    outer loop
      vertex 15.4266 0 2.53647
      vertex 15.3947 -3 2.44781
      vertex 15.4266 -3 2.53647
    endloop
  endfacet
  facet normal -0.891349 0 0.453318
    outer loop
      vertex 15.3145 -3 2.27737
      vertex 15.3572 0 2.36133
      vertex 15.3145 0 2.27737
    endloop
  endfacet
  facet normal -0.891349 0 0.453318
    outer loop
      vertex 15.3572 0 2.36133
      vertex 15.3145 -3 2.27737
      vertex 15.3572 -3 2.36133
    endloop
  endfacet
  facet normal -0.917458 0 0.397834
    outer loop
      vertex 15.3572 -3 2.36133
      vertex 15.3947 0 2.44781
      vertex 15.3572 0 2.36133
    endloop
  endfacet
  facet normal -0.917458 0 0.397834
    outer loop
      vertex 15.3947 0 2.44781
      vertex 15.3572 -3 2.36133
      vertex 15.3947 -3 2.44781
    endloop
  endfacet
  facet normal -0.826923 0 0.562316
    outer loop
      vertex 15.2135 -3 2.11832
      vertex 15.2665 0 2.19626
      vertex 15.2135 0 2.11832
    endloop
  endfacet
  facet normal -0.826923 0 0.562316
    outer loop
      vertex 15.2665 0 2.19626
      vertex 15.2135 -3 2.11832
      vertex 15.2665 -3 2.19626
    endloop
  endfacet
  facet normal -0.860595 0 0.50929
    outer loop
      vertex 15.2665 -3 2.19626
      vertex 15.3145 0 2.27737
      vertex 15.2665 0 2.19626
    endloop
  endfacet
  facet normal -0.860595 0 0.50929
    outer loop
      vertex 15.3145 0 2.27737
      vertex 15.2665 -3 2.19626
      vertex 15.3145 -3 2.27737
    endloop
  endfacet
  facet normal -0.45425 0 0.890874
    outer loop
      vertex 14.6387 0 1.64276
      vertex 14.7226 -3 1.68554
      vertex 14.7226 0 1.68554
    endloop
  endfacet
  facet normal -0.45425 0 0.890874
    outer loop
      vertex 14.7226 -3 1.68554
      vertex 14.6387 0 1.64276
      vertex 14.6387 -3 1.64276
    endloop
  endfacet
  facet normal -0.278965 0 0.960301
    outer loop
      vertex 14.373 0 1.54712
      vertex 14.4635 -3 1.57341
      vertex 14.4635 0 1.57341
    endloop
  endfacet
  facet normal -0.278965 0 0.960301
    outer loop
      vertex 14.4635 -3 1.57341
      vertex 14.373 0 1.54712
      vertex 14.373 -3 1.54712
    endloop
  endfacet
  facet normal -0.218223 0 0.975899
    outer loop
      vertex 14.2811 0 1.52657
      vertex 14.373 -3 1.54712
      vertex 14.373 0 1.54712
    endloop
  endfacet
  facet normal -0.218223 0 0.975899
    outer loop
      vertex 14.373 -3 1.54712
      vertex 14.2811 0 1.52657
      vertex 14.2811 -3 1.52657
    endloop
  endfacet
  facet normal -0.0941429 0 0.995559
    outer loop
      vertex 14.0942 0 1.50296
      vertex 14.188 -3 1.51183
      vertex 14.188 0 1.51183
    endloop
  endfacet
  facet normal -0.0941429 0 0.995559
    outer loop
      vertex 14.188 -3 1.51183
      vertex 14.0942 0 1.50296
      vertex 14.0942 -3 1.50296
    endloop
  endfacet
  facet normal -0.613235 0 0.789901
    outer loop
      vertex 14.8817 0 1.78647
      vertex 14.9561 -3 1.84423
      vertex 14.9561 0 1.84423
    endloop
  endfacet
  facet normal -0.613235 0 0.789901
    outer loop
      vertex 14.9561 -3 1.84423
      vertex 14.8817 0 1.78647
      vertex 14.8817 -3 1.78647
    endloop
  endfacet
  facet normal -0.509101 0 0.860707
    outer loop
      vertex 14.7226 0 1.68554
      vertex 14.8037 -3 1.73351
      vertex 14.8037 0 1.73351
    endloop
  endfacet
  facet normal -0.509101 0 0.860707
    outer loop
      vertex 14.8037 -3 1.73351
      vertex 14.7226 0 1.68554
      vertex 14.7226 -3 1.68554
    endloop
  endfacet
  facet normal -0.706735 0 0.707478
    outer loop
      vertex 15.0268 -3 1.90655
      vertex 15.0935 0 1.97318
      vertex 15.0268 0 1.90655
    endloop
  endfacet
  facet normal -0.706735 0 0.707478
    outer loop
      vertex 15.0935 0 1.97318
      vertex 15.0268 -3 1.90655
      vertex 15.0935 -3 1.97318
    endloop
  endfacet
  facet normal -0.218324 0 -0.975876
    outer loop
      vertex 14.2811 -3 4.47343
      vertex 14.373 0 4.45287
      vertex 14.373 -3 4.45287
    endloop
  endfacet
  facet normal -0.218324 0 -0.975876
    outer loop
      vertex 14.373 0 4.45287
      vertex 14.2811 -3 4.47343
      vertex 14.2811 0 4.47343
    endloop
  endfacet
  facet normal -0.891349 0 -0.453318
    outer loop
      vertex 15.3572 -3 3.63867
      vertex 15.3145 0 3.72263
      vertex 15.3572 0 3.63867
    endloop
  endfacet
  facet normal -0.891349 -0 -0.453318
    outer loop
      vertex 15.3145 0 3.72263
      vertex 15.3572 -3 3.63867
      vertex 15.3145 -3 3.72263
    endloop
  endfacet
  facet normal -0.940959 0 -0.33852
    outer loop
      vertex 15.4266 -3 3.46352
      vertex 15.3947 0 3.55219
      vertex 15.4266 0 3.46352
    endloop
  endfacet
  facet normal -0.940959 -0 -0.33852
    outer loop
      vertex 15.3947 0 3.55219
      vertex 15.4266 -3 3.46352
      vertex 15.3947 -3 3.55219
    endloop
  endfacet
  facet normal -0.66125 0 -0.750166
    outer loop
      vertex 14.9561 -3 4.15577
      vertex 15.0268 0 4.09345
      vertex 15.0268 -3 4.09345
    endloop
  endfacet
  facet normal -0.66125 0 -0.750166
    outer loop
      vertex 15.0268 0 4.09345
      vertex 14.9561 -3 4.15577
      vertex 14.9561 0 4.15577
    endloop
  endfacet
  facet normal -0.826923 0 -0.562316
    outer loop
      vertex 15.2665 -3 3.80374
      vertex 15.2135 0 3.88168
      vertex 15.2665 0 3.80374
    endloop
  endfacet
  facet normal -0.826923 -0 -0.562316
    outer loop
      vertex 15.2135 0 3.88168
      vertex 15.2665 -3 3.80374
      vertex 15.2135 -3 3.88168
    endloop
  endfacet
  facet normal -0.338701 0 0.940894
    outer loop
      vertex 14.4635 0 1.57341
      vertex 14.5522 -3 1.60534
      vertex 14.5522 0 1.60534
    endloop
  endfacet
  facet normal -0.338701 0 0.940894
    outer loop
      vertex 14.5522 -3 1.60534
      vertex 14.4635 0 1.57341
      vertex 14.4635 -3 1.57341
    endloop
  endfacet
  facet normal -0.156377 0 0.987698
    outer loop
      vertex 14.188 0 1.51183
      vertex 14.2811 -3 1.52657
      vertex 14.2811 0 1.52657
    endloop
  endfacet
  facet normal -0.156377 0 0.987698
    outer loop
      vertex 14.2811 -3 1.52657
      vertex 14.188 0 1.51183
      vertex 14.188 -3 1.51183
    endloop
  endfacet
  facet normal -0.56173 0 0.827321
    outer loop
      vertex 14.8037 0 1.73351
      vertex 14.8817 -3 1.78647
      vertex 14.8817 0 1.78647
    endloop
  endfacet
  facet normal -0.56173 0 0.827321
    outer loop
      vertex 14.8817 -3 1.78647
      vertex 14.8037 0 1.73351
      vertex 14.8037 -3 1.73351
    endloop
  endfacet
  facet normal -0.750178 0 0.661235
    outer loop
      vertex 15.0935 -3 1.97318
      vertex 15.1558 0 2.04386
      vertex 15.0935 0 1.97318
    endloop
  endfacet
  facet normal -0.750178 0 0.661235
    outer loop
      vertex 15.1558 0 2.04386
      vertex 15.0935 -3 1.97318
      vertex 15.1558 -3 2.04386
    endloop
  endfacet
  facet normal 0.790191 0 -0.61286
    outer loop
      vertex -4.15577 -3 3.95614
      vertex -4.21352 0 3.88168
      vertex -4.15577 0 3.95614
    endloop
  endfacet
  facet normal 0.790191 0 -0.61286
    outer loop
      vertex -4.21352 0 3.88168
      vertex -4.15577 -3 3.95614
      vertex -4.21352 -3 3.88168
    endloop
  endfacet
  facet normal 0.891005 -0 0.453993
    outer loop
      vertex -4.35724 -3 2.36133
      vertex -4.31446 0 2.27737
      vertex -4.35724 0 2.36133
    endloop
  endfacet
  facet normal 0.891005 0 0.453993
    outer loop
      vertex -4.31446 0 2.27737
      vertex -4.35724 -3 2.36133
      vertex -4.31446 -3 2.27737
    endloop
  endfacet
  facet normal 0.338802 0 0.940858
    outer loop
      vertex -3.55219 0 1.60534
      vertex -3.46352 -3 1.57341
      vertex -3.46352 0 1.57341
    endloop
  endfacet
  facet normal 0.338802 0 0.940858
    outer loop
      vertex -3.46352 -3 1.57341
      vertex -3.55219 0 1.60534
      vertex -3.55219 -3 1.60534
    endloop
  endfacet
  facet normal 0.338708 0 -0.940891
    outer loop
      vertex -3.55219 -3 4.39466
      vertex -3.46352 0 4.42658
      vertex -3.46352 -3 4.42658
    endloop
  endfacet
  facet normal 0.338708 0 -0.940891
    outer loop
      vertex -3.46352 0 4.42658
      vertex -3.55219 -3 4.39466
      vertex -3.55219 0 4.39466
    endloop
  endfacet
  facet normal 0.509055 0 -0.860734
    outer loop
      vertex -3.80374 -3 4.26649
      vertex -3.72263 0 4.31446
      vertex -3.72263 -3 4.31446
    endloop
  endfacet
  facet normal 0.509055 0 -0.860734
    outer loop
      vertex -3.72263 0 4.31446
      vertex -3.80374 -3 4.26649
      vertex -3.80374 0 4.26649
    endloop
  endfacet
  facet normal 0.940891 0 -0.338708
    outer loop
      vertex -4.39466 -3 3.55219
      vertex -4.42658 0 3.46352
      vertex -4.39466 0 3.55219
    endloop
  endfacet
  facet normal 0.940891 0 -0.338708
    outer loop
      vertex -4.42658 0 3.46352
      vertex -4.39466 -3 3.55219
      vertex -4.42658 -3 3.46352
    endloop
  endfacet
  facet normal 0.094123 0 0.995561
    outer loop
      vertex -3.188 0 1.51183
      vertex -3.09418 -3 1.50296
      vertex -3.09418 0 1.50296
    endloop
  endfacet
  facet normal 0.094123 0 0.995561
    outer loop
      vertex -3.09418 -3 1.50296
      vertex -3.188 0 1.51183
      vertex -3.188 -3 1.51183
    endloop
  endfacet
  facet normal 0.612926 0 0.79014
    outer loop
      vertex -3.95614 0 1.84423
      vertex -3.88168 -3 1.78647
      vertex -3.88168 0 1.78647
    endloop
  endfacet
  facet normal 0.612926 0 0.79014
    outer loop
      vertex -3.88168 -3 1.78647
      vertex -3.95614 0 1.84423
      vertex -3.95614 -3 1.84423
    endloop
  endfacet
  facet normal 0.975912 -0 0.218166
    outer loop
      vertex -4.47343 -3 2.71893
      vertex -4.45287 0 2.62696
      vertex -4.47343 0 2.71893
    endloop
  endfacet
  facet normal 0.975912 0 0.218166
    outer loop
      vertex -4.45287 0 2.62696
      vertex -4.47343 -3 2.71893
      vertex -4.45287 -3 2.62696
    endloop
  endfacet
  facet normal -0.094133 0 -0.99556
    outer loop
      vertex -2.90581 -3 4.49704
      vertex -2.812 0 4.48817
      vertex -2.812 -3 4.48817
    endloop
  endfacet
  facet normal -0.094133 0 -0.99556
    outer loop
      vertex -2.812 0 4.48817
      vertex -2.90581 -3 4.49704
      vertex -2.90581 0 4.49704
    endloop
  endfacet
  facet normal -0.61286 0 -0.790191
    outer loop
      vertex -2.11832 -3 4.21352
      vertex -2.04386 0 4.15577
      vertex -2.04386 -3 4.15577
    endloop
  endfacet
  facet normal -0.61286 0 -0.790191
    outer loop
      vertex -2.04386 0 4.15577
      vertex -2.11832 -3 4.21352
      vertex -2.11832 0 4.21352
    endloop
  endfacet
  facet normal -0.99556 0 0.094133
    outer loop
      vertex -1.51183 -3 2.812
      vertex -1.50296 0 2.90581
      vertex -1.51183 0 2.812
    endloop
  endfacet
  facet normal -0.99556 0 0.094133
    outer loop
      vertex -1.50296 0 2.90581
      vertex -1.51183 -3 2.812
      vertex -1.50296 -3 2.90581
    endloop
  endfacet
  facet normal -0.79014 0 0.612926
    outer loop
      vertex -1.84423 -3 2.04386
      vertex -1.78647 0 2.11832
      vertex -1.84423 0 2.04386
    endloop
  endfacet
  facet normal -0.79014 0 0.612926
    outer loop
      vertex -1.78647 0 2.11832
      vertex -1.84423 -3 2.04386
      vertex -1.78647 -3 2.11832
    endloop
  endfacet
  facet normal -0.397119 0 0.917767
    outer loop
      vertex -2.44781 0 1.60534
      vertex -2.36133 -3 1.64276
      vertex -2.36133 0 1.64276
    endloop
  endfacet
  facet normal -0.397119 0 0.917767
    outer loop
      vertex -2.36133 -3 1.64276
      vertex -2.44781 0 1.60534
      vertex -2.44781 -3 1.60534
    endloop
  endfacet
  facet normal 0.156426 0 -0.98769
    outer loop
      vertex -3.28107 -3 4.47343
      vertex -3.188 0 4.48817
      vertex -3.188 -3 4.48817
    endloop
  endfacet
  facet normal 0.156426 0 -0.98769
    outer loop
      vertex -3.188 0 4.48817
      vertex -3.28107 -3 4.47343
      vertex -3.28107 0 4.47343
    endloop
  endfacet
  facet normal 0.218189 0 -0.975907
    outer loop
      vertex -3.37303 -3 4.45287
      vertex -3.28107 0 4.47343
      vertex -3.28107 -3 4.47343
    endloop
  endfacet
  facet normal 0.218189 0 -0.975907
    outer loop
      vertex -3.28107 0 4.47343
      vertex -3.37303 -3 4.45287
      vertex -3.37303 0 4.45287
    endloop
  endfacet
  facet normal 0.661355 0 -0.750073
    outer loop
      vertex -4.02682 -3 4.09345
      vertex -3.95614 0 4.15577
      vertex -3.95614 -3 4.15577
    endloop
  endfacet
  facet normal 0.661355 0 -0.750073
    outer loop
      vertex -3.95614 0 4.15577
      vertex -4.02682 -3 4.09345
      vertex -4.02682 0 4.09345
    endloop
  endfacet
  facet normal 0.61286 0 -0.790191
    outer loop
      vertex -3.95614 -3 4.15577
      vertex -3.88168 0 4.21352
      vertex -3.88168 -3 4.21352
    endloop
  endfacet
  facet normal 0.61286 0 -0.790191
    outer loop
      vertex -3.88168 0 4.21352
      vertex -3.95614 -3 4.15577
      vertex -3.95614 0 4.15577
    endloop
  endfacet
  facet normal 0.860734 0 -0.509055
    outer loop
      vertex -4.26649 -3 3.80374
      vertex -4.31446 0 3.72263
      vertex -4.26649 0 3.80374
    endloop
  endfacet
  facet normal 0.860734 0 -0.509055
    outer loop
      vertex -4.31446 0 3.72263
      vertex -4.26649 -3 3.80374
      vertex -4.31446 -3 3.72263
    endloop
  endfacet
  facet normal 0.999507 -0 0.0314103
    outer loop
      vertex -4.5 -3 3
      vertex -4.49704 0 2.90581
      vertex -4.5 0 3
    endloop
  endfacet
  facet normal 0.999507 0 0.0314103
    outer loop
      vertex -4.49704 0 2.90581
      vertex -4.5 -3 3
      vertex -4.49704 -3 2.90581
    endloop
  endfacet
  facet normal 0.999506 0 -0.0314137
    outer loop
      vertex -4.49704 -3 3.09418
      vertex -4.5 0 3
      vertex -4.49704 0 3.09418
    endloop
  endfacet
  facet normal 0.999506 0 -0.0314137
    outer loop
      vertex -4.5 0 3
      vertex -4.49704 -3 3.09418
      vertex -4.5 -3 3
    endloop
  endfacet
  facet normal 0.98769 0 -0.156426
    outer loop
      vertex -4.47343 -3 3.28107
      vertex -4.48817 0 3.188
      vertex -4.47343 0 3.28107
    endloop
  endfacet
  facet normal 0.98769 0 -0.156426
    outer loop
      vertex -4.48817 0 3.188
      vertex -4.47343 -3 3.28107
      vertex -4.48817 -3 3.188
    endloop
  endfacet
  facet normal -0.0314103 0 0.999507
    outer loop
      vertex -3 0 1.5
      vertex -2.90581 -3 1.50296
      vertex -2.90581 0 1.50296
    endloop
  endfacet
  facet normal -0.0314103 0 0.999507
    outer loop
      vertex -2.90581 -3 1.50296
      vertex -3 0 1.5
      vertex -3 -3 1.5
    endloop
  endfacet
  facet normal 0.156426 0 0.98769
    outer loop
      vertex -3.28107 0 1.52657
      vertex -3.188 -3 1.51183
      vertex -3.188 0 1.51183
    endloop
  endfacet
  facet normal 0.156426 0 0.98769
    outer loop
      vertex -3.188 -3 1.51183
      vertex -3.28107 0 1.52657
      vertex -3.28107 -3 1.52657
    endloop
  endfacet
  facet normal 0.509055 0 0.860734
    outer loop
      vertex -3.80374 0 1.73351
      vertex -3.72263 -3 1.68554
      vertex -3.72263 0 1.68554
    endloop
  endfacet
  facet normal 0.509055 0 0.860734
    outer loop
      vertex -3.72263 -3 1.68554
      vertex -3.80374 0 1.73351
      vertex -3.80374 -3 1.73351
    endloop
  endfacet
  facet normal 0.790191 -0 0.61286
    outer loop
      vertex -4.21352 -3 2.11832
      vertex -4.15577 0 2.04386
      vertex -4.21352 0 2.11832
    endloop
  endfacet
  facet normal 0.790191 0 0.61286
    outer loop
      vertex -4.15577 0 2.04386
      vertex -4.21352 -3 2.11832
      vertex -4.15577 -3 2.04386
    endloop
  endfacet
  facet normal 0.750073 -0 0.661355
    outer loop
      vertex -4.15577 -3 2.04386
      vertex -4.09345 0 1.97318
      vertex -4.15577 0 2.04386
    endloop
  endfacet
  facet normal 0.750073 0 0.661355
    outer loop
      vertex -4.09345 0 1.97318
      vertex -4.15577 -3 2.04386
      vertex -4.09345 -3 1.97318
    endloop
  endfacet
  facet normal 0.827071 -0 0.562098
    outer loop
      vertex -4.26649 -3 2.19626
      vertex -4.21352 0 2.11832
      vertex -4.26649 0 2.19626
    endloop
  endfacet
  facet normal 0.827071 0 0.562098
    outer loop
      vertex -4.21352 0 2.11832
      vertex -4.26649 -3 2.19626
      vertex -4.21352 -3 2.11832
    endloop
  endfacet
  facet normal 0.0314137 0 -0.999506
    outer loop
      vertex -3.09418 -3 4.49704
      vertex -3 0 4.5
      vertex -3 -3 4.5
    endloop
  endfacet
  facet normal 0.0314137 0 -0.999506
    outer loop
      vertex -3 0 4.5
      vertex -3.09418 -3 4.49704
      vertex -3.09418 0 4.49704
    endloop
  endfacet
  facet normal -0.975929 0 -0.218088
    outer loop
      vertex -1.52657 -3 3.28107
      vertex -1.54712 0 3.37303
      vertex -1.52657 0 3.28107
    endloop
  endfacet
  facet normal -0.975929 -0 -0.218088
    outer loop
      vertex -1.54712 0 3.37303
      vertex -1.52657 -3 3.28107
      vertex -1.54712 -3 3.37303
    endloop
  endfacet
  facet normal -0.0314103 0 -0.999507
    outer loop
      vertex -3 -3 4.5
      vertex -2.90581 0 4.49704
      vertex -2.90581 -3 4.49704
    endloop
  endfacet
  facet normal -0.0314103 0 -0.999507
    outer loop
      vertex -2.90581 0 4.49704
      vertex -3 -3 4.5
      vertex -3 0 4.5
    endloop
  endfacet
  facet normal -0.750073 0 -0.661355
    outer loop
      vertex -1.84423 -3 3.95614
      vertex -1.90655 0 4.02682
      vertex -1.84423 0 3.95614
    endloop
  endfacet
  facet normal -0.750073 -0 -0.661355
    outer loop
      vertex -1.90655 0 4.02682
      vertex -1.84423 -3 3.95614
      vertex -1.90655 -3 4.02682
    endloop
  endfacet
  facet normal -0.999506 0 -0.0314137
    outer loop
      vertex -1.5 -3 3
      vertex -1.50296 0 3.09418
      vertex -1.5 0 3
    endloop
  endfacet
  facet normal -0.999506 -0 -0.0314137
    outer loop
      vertex -1.50296 0 3.09418
      vertex -1.5 -3 3
      vertex -1.50296 -3 3.09418
    endloop
  endfacet
  facet normal -0.156426 0 0.98769
    outer loop
      vertex -2.812 0 1.51183
      vertex -2.71893 -3 1.52657
      vertex -2.71893 0 1.52657
    endloop
  endfacet
  facet normal -0.156426 0 0.98769
    outer loop
      vertex -2.71893 -3 1.52657
      vertex -2.812 0 1.51183
      vertex -2.812 -3 1.51183
    endloop
  endfacet
  facet normal -0.661355 0 0.750073
    outer loop
      vertex -2.04386 0 1.84423
      vertex -1.97318 -3 1.90655
      vertex -1.97318 0 1.90655
    endloop
  endfacet
  facet normal -0.661355 0 0.750073
    outer loop
      vertex -1.97318 -3 1.90655
      vertex -2.04386 0 1.84423
      vertex -2.04386 -3 1.84423
    endloop
  endfacet
  facet normal 0.094123 0 -0.995561
    outer loop
      vertex -3.188 -3 4.48817
      vertex -3.09418 0 4.49704
      vertex -3.09418 -3 4.49704
    endloop
  endfacet
  facet normal 0.094123 0 -0.995561
    outer loop
      vertex -3.09418 0 4.49704
      vertex -3.188 -3 4.48817
      vertex -3.188 0 4.48817
    endloop
  endfacet
  facet normal 0.453993 0 -0.891005
    outer loop
      vertex -3.72263 -3 4.31446
      vertex -3.63867 0 4.35724
      vertex -3.63867 -3 4.35724
    endloop
  endfacet
  facet normal 0.453993 0 -0.891005
    outer loop
      vertex -3.63867 0 4.35724
      vertex -3.72263 -3 4.31446
      vertex -3.72263 0 4.31446
    endloop
  endfacet
  facet normal 0.397119 0 -0.917767
    outer loop
      vertex -3.63867 -3 4.35724
      vertex -3.55219 0 4.39466
      vertex -3.55219 -3 4.39466
    endloop
  endfacet
  facet normal 0.397119 0 -0.917767
    outer loop
      vertex -3.55219 0 4.39466
      vertex -3.63867 -3 4.35724
      vertex -3.63867 0 4.35724
    endloop
  endfacet
  facet normal 0.278993 0 -0.960293
    outer loop
      vertex -3.46352 -3 4.42658
      vertex -3.37303 0 4.45287
      vertex -3.37303 -3 4.45287
    endloop
  endfacet
  facet normal 0.278993 0 -0.960293
    outer loop
      vertex -3.37303 0 4.45287
      vertex -3.46352 -3 4.42658
      vertex -3.46352 0 4.42658
    endloop
  endfacet
  facet normal 0.562098 0 -0.827071
    outer loop
      vertex -3.88168 -3 4.21352
      vertex -3.80374 0 4.26649
      vertex -3.80374 -3 4.26649
    endloop
  endfacet
  facet normal 0.562098 0 -0.827071
    outer loop
      vertex -3.80374 0 4.26649
      vertex -3.88168 -3 4.21352
      vertex -3.88168 0 4.21352
    endloop
  endfacet
  facet normal 0.707107 0 -0.707107
    outer loop
      vertex -4.02682 -3 4.09345
      vertex -4.09345 0 4.02682
      vertex -4.02682 0 4.09345
    endloop
  endfacet
  facet normal 0.707107 0 -0.707107
    outer loop
      vertex -4.09345 0 4.02682
      vertex -4.02682 -3 4.09345
      vertex -4.09345 -3 4.02682
    endloop
  endfacet
  facet normal 0.750073 0 -0.661355
    outer loop
      vertex -4.09345 -3 4.02682
      vertex -4.15577 0 3.95614
      vertex -4.09345 0 4.02682
    endloop
  endfacet
  facet normal 0.750073 0 -0.661355
    outer loop
      vertex -4.15577 0 3.95614
      vertex -4.09345 -3 4.02682
      vertex -4.15577 -3 3.95614
    endloop
  endfacet
  facet normal 0.827071 0 -0.562098
    outer loop
      vertex -4.21352 -3 3.88168
      vertex -4.26649 0 3.80374
      vertex -4.21352 0 3.88168
    endloop
  endfacet
  facet normal 0.827071 0 -0.562098
    outer loop
      vertex -4.26649 0 3.80374
      vertex -4.21352 -3 3.88168
      vertex -4.26649 -3 3.80374
    endloop
  endfacet
  facet normal 0.917767 0 -0.397119
    outer loop
      vertex -4.35724 -3 3.63867
      vertex -4.39466 0 3.55219
      vertex -4.35724 0 3.63867
    endloop
  endfacet
  facet normal 0.917767 0 -0.397119
    outer loop
      vertex -4.39466 0 3.55219
      vertex -4.35724 -3 3.63867
      vertex -4.39466 -3 3.55219
    endloop
  endfacet
  facet normal 0.891005 0 -0.453993
    outer loop
      vertex -4.31446 -3 3.72263
      vertex -4.35724 0 3.63867
      vertex -4.31446 0 3.72263
    endloop
  endfacet
  facet normal 0.891005 0 -0.453993
    outer loop
      vertex -4.35724 0 3.63867
      vertex -4.31446 -3 3.72263
      vertex -4.35724 -3 3.63867
    endloop
  endfacet
  facet normal 0.975907 0 -0.218189
    outer loop
      vertex -4.45287 -3 3.37303
      vertex -4.47343 0 3.28107
      vertex -4.45287 0 3.37303
    endloop
  endfacet
  facet normal 0.975907 0 -0.218189
    outer loop
      vertex -4.47343 0 3.28107
      vertex -4.45287 -3 3.37303
      vertex -4.47343 -3 3.28107
    endloop
  endfacet
  facet normal 0.960293 0 -0.278993
    outer loop
      vertex -4.42658 -3 3.46352
      vertex -4.45287 0 3.37303
      vertex -4.42658 0 3.46352
    endloop
  endfacet
  facet normal 0.960293 0 -0.278993
    outer loop
      vertex -4.45287 0 3.37303
      vertex -4.42658 -3 3.46352
      vertex -4.45287 -3 3.37303
    endloop
  endfacet
  facet normal 0.995561 0 -0.094123
    outer loop
      vertex -4.48817 -3 3.188
      vertex -4.49704 0 3.09418
      vertex -4.48817 0 3.188
    endloop
  endfacet
  facet normal 0.995561 0 -0.094123
    outer loop
      vertex -4.49704 0 3.09418
      vertex -4.48817 -3 3.188
      vertex -4.49704 -3 3.09418
    endloop
  endfacet
  facet normal 0.218088 0 0.975929
    outer loop
      vertex -3.37303 0 1.54712
      vertex -3.28107 -3 1.52657
      vertex -3.28107 0 1.52657
    endloop
  endfacet
  facet normal 0.218088 0 0.975929
    outer loop
      vertex -3.28107 -3 1.52657
      vertex -3.37303 0 1.54712
      vertex -3.37303 -3 1.54712
    endloop
  endfacet
  facet normal 0.278993 0 0.960293
    outer loop
      vertex -3.46352 0 1.57341
      vertex -3.37303 -3 1.54712
      vertex -3.37303 0 1.54712
    endloop
  endfacet
  facet normal 0.278993 0 0.960293
    outer loop
      vertex -3.37303 -3 1.54712
      vertex -3.46352 0 1.57341
      vertex -3.46352 -3 1.57341
    endloop
  endfacet
  facet normal 0.0314137 0 0.999506
    outer loop
      vertex -3.09418 0 1.50296
      vertex -3 -3 1.5
      vertex -3 0 1.5
    endloop
  endfacet
  facet normal 0.0314137 0 0.999506
    outer loop
      vertex -3 -3 1.5
      vertex -3.09418 0 1.50296
      vertex -3.09418 -3 1.50296
    endloop
  endfacet
  facet normal 0.453993 0 0.891005
    outer loop
      vertex -3.72263 0 1.68554
      vertex -3.63867 -3 1.64276
      vertex -3.63867 0 1.64276
    endloop
  endfacet
  facet normal 0.453993 0 0.891005
    outer loop
      vertex -3.63867 -3 1.64276
      vertex -3.72263 0 1.68554
      vertex -3.72263 -3 1.68554
    endloop
  endfacet
  facet normal 0.397119 0 0.917767
    outer loop
      vertex -3.63867 0 1.64276
      vertex -3.55219 -3 1.60534
      vertex -3.55219 0 1.60534
    endloop
  endfacet
  facet normal 0.397119 0 0.917767
    outer loop
      vertex -3.55219 -3 1.60534
      vertex -3.63867 0 1.64276
      vertex -3.63867 -3 1.64276
    endloop
  endfacet
  facet normal 0.562026 0 0.82712
    outer loop
      vertex -3.88168 0 1.78647
      vertex -3.80374 -3 1.73351
      vertex -3.80374 0 1.73351
    endloop
  endfacet
  facet normal 0.562026 0 0.82712
    outer loop
      vertex -3.80374 -3 1.73351
      vertex -3.88168 0 1.78647
      vertex -3.88168 -3 1.78647
    endloop
  endfacet
  facet normal 0.940879 -0 0.338742
    outer loop
      vertex -4.42658 -3 2.53647
      vertex -4.39466 0 2.44781
      vertex -4.42658 0 2.53647
    endloop
  endfacet
  facet normal 0.940879 0 0.338742
    outer loop
      vertex -4.39466 0 2.44781
      vertex -4.42658 -3 2.53647
      vertex -4.39466 -3 2.44781
    endloop
  endfacet
  facet normal 0.960293 -0 0.278993
    outer loop
      vertex -4.45287 -3 2.62696
      vertex -4.42658 0 2.53647
      vertex -4.45287 0 2.62696
    endloop
  endfacet
  facet normal 0.960293 0 0.278993
    outer loop
      vertex -4.42658 0 2.53647
      vertex -4.45287 -3 2.62696
      vertex -4.42658 -3 2.53647
    endloop
  endfacet
  facet normal 0.917767 -0 0.397119
    outer loop
      vertex -4.39466 -3 2.44781
      vertex -4.35724 0 2.36133
      vertex -4.39466 0 2.44781
    endloop
  endfacet
  facet normal 0.917767 0 0.397119
    outer loop
      vertex -4.35724 0 2.36133
      vertex -4.39466 -3 2.44781
      vertex -4.35724 -3 2.36133
    endloop
  endfacet
  facet normal 0.99556 -0 0.094133
    outer loop
      vertex -4.49704 -3 2.90581
      vertex -4.48817 0 2.812
      vertex -4.49704 0 2.90581
    endloop
  endfacet
  facet normal 0.99556 0 0.094133
    outer loop
      vertex -4.48817 0 2.812
      vertex -4.49704 -3 2.90581
      vertex -4.48817 -3 2.812
    endloop
  endfacet
  facet normal 0.98769 -0 0.156426
    outer loop
      vertex -4.48817 -3 2.812
      vertex -4.47343 0 2.71893
      vertex -4.48817 0 2.812
    endloop
  endfacet
  facet normal 0.98769 0 0.156426
    outer loop
      vertex -4.47343 0 2.71893
      vertex -4.48817 -3 2.812
      vertex -4.47343 -3 2.71893
    endloop
  endfacet
  facet normal 0.860734 -0 0.509055
    outer loop
      vertex -4.31446 -3 2.27737
      vertex -4.26649 0 2.19626
      vertex -4.31446 0 2.27737
    endloop
  endfacet
  facet normal 0.860734 0 0.509055
    outer loop
      vertex -4.26649 0 2.19626
      vertex -4.31446 -3 2.27737
      vertex -4.26649 -3 2.19626
    endloop
  endfacet
  facet normal 0.707107 -0 0.707107
    outer loop
      vertex -4.09345 -3 1.97318
      vertex -4.02682 0 1.90655
      vertex -4.09345 0 1.97318
    endloop
  endfacet
  facet normal 0.707107 0 0.707107
    outer loop
      vertex -4.02682 0 1.90655
      vertex -4.09345 -3 1.97318
      vertex -4.02682 -3 1.90655
    endloop
  endfacet
  facet normal 0.661355 0 0.750073
    outer loop
      vertex -4.02682 0 1.90655
      vertex -3.95614 -3 1.84423
      vertex -3.95614 0 1.84423
    endloop
  endfacet
  facet normal 0.661355 0 0.750073
    outer loop
      vertex -3.95614 -3 1.84423
      vertex -4.02682 0 1.90655
      vertex -4.02682 -3 1.90655
    endloop
  endfacet
  facet normal -0.995561 0 -0.094123
    outer loop
      vertex -1.50296 -3 3.09418
      vertex -1.51183 0 3.188
      vertex -1.50296 0 3.09418
    endloop
  endfacet
  facet normal -0.995561 -0 -0.094123
    outer loop
      vertex -1.51183 0 3.188
      vertex -1.50296 -3 3.09418
      vertex -1.51183 -3 3.188
    endloop
  endfacet
  facet normal -0.156426 0 -0.98769
    outer loop
      vertex -2.812 -3 4.48817
      vertex -2.71893 0 4.47343
      vertex -2.71893 -3 4.47343
    endloop
  endfacet
  facet normal -0.156426 0 -0.98769
    outer loop
      vertex -2.71893 0 4.47343
      vertex -2.812 -3 4.48817
      vertex -2.812 0 4.48817
    endloop
  endfacet
  facet normal -0.278993 0 -0.960293
    outer loop
      vertex -2.62696 -3 4.45287
      vertex -2.53647 0 4.42658
      vertex -2.53647 -3 4.42658
    endloop
  endfacet
  facet normal -0.278993 0 -0.960293
    outer loop
      vertex -2.53647 0 4.42658
      vertex -2.62696 -3 4.45287
      vertex -2.62696 0 4.45287
    endloop
  endfacet
  facet normal -0.98769 0 -0.156426
    outer loop
      vertex -1.51183 -3 3.188
      vertex -1.52657 0 3.28107
      vertex -1.51183 0 3.188
    endloop
  endfacet
  facet normal -0.98769 -0 -0.156426
    outer loop
      vertex -1.52657 0 3.28107
      vertex -1.51183 -3 3.188
      vertex -1.52657 -3 3.28107
    endloop
  endfacet
  facet normal -0.917767 0 -0.397119
    outer loop
      vertex -1.60534 -3 3.55219
      vertex -1.64276 0 3.63867
      vertex -1.60534 0 3.55219
    endloop
  endfacet
  facet normal -0.917767 -0 -0.397119
    outer loop
      vertex -1.64276 0 3.63867
      vertex -1.60534 -3 3.55219
      vertex -1.64276 -3 3.63867
    endloop
  endfacet
  facet normal -0.960293 0 -0.278993
    outer loop
      vertex -1.54712 -3 3.37303
      vertex -1.57341 0 3.46352
      vertex -1.54712 0 3.37303
    endloop
  endfacet
  facet normal -0.960293 -0 -0.278993
    outer loop
      vertex -1.57341 0 3.46352
      vertex -1.54712 -3 3.37303
      vertex -1.57341 -3 3.46352
    endloop
  endfacet
  facet normal -0.707107 0 -0.707107
    outer loop
      vertex -1.90655 -3 4.02682
      vertex -1.97318 0 4.09345
      vertex -1.90655 0 4.02682
    endloop
  endfacet
  facet normal -0.707107 -0 -0.707107
    outer loop
      vertex -1.97318 0 4.09345
      vertex -1.90655 -3 4.02682
      vertex -1.97318 -3 4.09345
    endloop
  endfacet
  facet normal -0.79014 0 -0.612926
    outer loop
      vertex -1.78647 -3 3.88168
      vertex -1.84423 0 3.95614
      vertex -1.78647 0 3.88168
    endloop
  endfacet
  facet normal -0.79014 -0 -0.612926
    outer loop
      vertex -1.84423 0 3.95614
      vertex -1.78647 -3 3.88168
      vertex -1.84423 -3 3.95614
    endloop
  endfacet
  facet normal -0.860734 0 -0.509055
    outer loop
      vertex -1.68554 -3 3.72263
      vertex -1.73351 0 3.80374
      vertex -1.68554 0 3.72263
    endloop
  endfacet
  facet normal -0.860734 -0 -0.509055
    outer loop
      vertex -1.73351 0 3.80374
      vertex -1.68554 -3 3.72263
      vertex -1.73351 -3 3.80374
    endloop
  endfacet
  facet normal -0.397119 0 -0.917767
    outer loop
      vertex -2.44781 -3 4.39466
      vertex -2.36133 0 4.35724
      vertex -2.36133 -3 4.35724
    endloop
  endfacet
  facet normal -0.397119 0 -0.917767
    outer loop
      vertex -2.36133 0 4.35724
      vertex -2.44781 -3 4.39466
      vertex -2.44781 0 4.39466
    endloop
  endfacet
  facet normal -0.453993 0 -0.891005
    outer loop
      vertex -2.36133 -3 4.35724
      vertex -2.27737 0 4.31446
      vertex -2.27737 -3 4.31446
    endloop
  endfacet
  facet normal -0.453993 0 -0.891005
    outer loop
      vertex -2.27737 0 4.31446
      vertex -2.36133 -3 4.35724
      vertex -2.36133 0 4.35724
    endloop
  endfacet
  facet normal -0.338742 0 -0.940879
    outer loop
      vertex -2.53647 -3 4.42658
      vertex -2.44781 0 4.39466
      vertex -2.44781 -3 4.39466
    endloop
  endfacet
  facet normal -0.338742 0 -0.940879
    outer loop
      vertex -2.44781 0 4.39466
      vertex -2.53647 -3 4.42658
      vertex -2.53647 0 4.42658
    endloop
  endfacet
  facet normal -0.562098 0 -0.827071
    outer loop
      vertex -2.19626 -3 4.26649
      vertex -2.11832 0 4.21352
      vertex -2.11832 -3 4.21352
    endloop
  endfacet
  facet normal -0.562098 0 -0.827071
    outer loop
      vertex -2.11832 0 4.21352
      vertex -2.19626 -3 4.26649
      vertex -2.19626 0 4.26649
    endloop
  endfacet
  facet normal -0.509055 0 -0.860734
    outer loop
      vertex -2.27737 -3 4.31446
      vertex -2.19626 0 4.26649
      vertex -2.19626 -3 4.26649
    endloop
  endfacet
  facet normal -0.509055 0 -0.860734
    outer loop
      vertex -2.19626 0 4.26649
      vertex -2.27737 -3 4.31446
      vertex -2.27737 0 4.31446
    endloop
  endfacet
  facet normal -0.98769 0 0.156426
    outer loop
      vertex -1.52657 -3 2.71893
      vertex -1.51183 0 2.812
      vertex -1.52657 0 2.71893
    endloop
  endfacet
  facet normal -0.98769 0 0.156426
    outer loop
      vertex -1.51183 0 2.812
      vertex -1.52657 -3 2.71893
      vertex -1.51183 -3 2.812
    endloop
  endfacet
  facet normal -0.960293 0 0.278993
    outer loop
      vertex -1.57341 -3 2.53647
      vertex -1.54712 0 2.62696
      vertex -1.57341 0 2.53647
    endloop
  endfacet
  facet normal -0.960293 0 0.278993
    outer loop
      vertex -1.54712 0 2.62696
      vertex -1.57341 -3 2.53647
      vertex -1.54712 -3 2.62696
    endloop
  endfacet
  facet normal -0.999507 0 0.0314103
    outer loop
      vertex -1.50296 -3 2.90581
      vertex -1.5 0 3
      vertex -1.50296 0 2.90581
    endloop
  endfacet
  facet normal -0.999507 0 0.0314103
    outer loop
      vertex -1.5 0 3
      vertex -1.50296 -3 2.90581
      vertex -1.5 -3 3
    endloop
  endfacet
  facet normal -0.975934 0 0.218065
    outer loop
      vertex -1.54712 -3 2.62696
      vertex -1.52657 0 2.71893
      vertex -1.54712 0 2.62696
    endloop
  endfacet
  facet normal -0.975934 0 0.218065
    outer loop
      vertex -1.52657 0 2.71893
      vertex -1.54712 -3 2.62696
      vertex -1.52657 -3 2.71893
    endloop
  endfacet
  facet normal -0.940845 0 0.338836
    outer loop
      vertex -1.60534 -3 2.44781
      vertex -1.57341 0 2.53647
      vertex -1.60534 0 2.44781
    endloop
  endfacet
  facet normal -0.940845 0 0.338836
    outer loop
      vertex -1.57341 0 2.53647
      vertex -1.60534 -3 2.44781
      vertex -1.57341 -3 2.53647
    endloop
  endfacet
  facet normal -0.891005 0 0.453993
    outer loop
      vertex -1.68554 -3 2.27737
      vertex -1.64276 0 2.36133
      vertex -1.68554 0 2.27737
    endloop
  endfacet
  facet normal -0.891005 0 0.453993
    outer loop
      vertex -1.64276 0 2.36133
      vertex -1.68554 -3 2.27737
      vertex -1.64276 -3 2.36133
    endloop
  endfacet
  facet normal -0.917767 0 0.397119
    outer loop
      vertex -1.64276 -3 2.36133
      vertex -1.60534 0 2.44781
      vertex -1.64276 0 2.36133
    endloop
  endfacet
  facet normal -0.917767 0 0.397119
    outer loop
      vertex -1.60534 0 2.44781
      vertex -1.64276 -3 2.36133
      vertex -1.60534 -3 2.44781
    endloop
  endfacet
  facet normal -0.82712 0 0.562026
    outer loop
      vertex -1.78647 -3 2.11832
      vertex -1.73351 0 2.19626
      vertex -1.78647 0 2.11832
    endloop
  endfacet
  facet normal -0.82712 0 0.562026
    outer loop
      vertex -1.73351 0 2.19626
      vertex -1.78647 -3 2.11832
      vertex -1.73351 -3 2.19626
    endloop
  endfacet
  facet normal -0.860734 0 0.509055
    outer loop
      vertex -1.73351 -3 2.19626
      vertex -1.68554 0 2.27737
      vertex -1.73351 0 2.19626
    endloop
  endfacet
  facet normal -0.860734 0 0.509055
    outer loop
      vertex -1.68554 0 2.27737
      vertex -1.73351 -3 2.19626
      vertex -1.68554 -3 2.27737
    endloop
  endfacet
  facet normal -0.453993 0 0.891005
    outer loop
      vertex -2.36133 0 1.64276
      vertex -2.27737 -3 1.68554
      vertex -2.27737 0 1.68554
    endloop
  endfacet
  facet normal -0.453993 0 0.891005
    outer loop
      vertex -2.27737 -3 1.68554
      vertex -2.36133 0 1.64276
      vertex -2.36133 -3 1.64276
    endloop
  endfacet
  facet normal -0.278993 0 0.960293
    outer loop
      vertex -2.62696 0 1.54712
      vertex -2.53647 -3 1.57341
      vertex -2.53647 0 1.57341
    endloop
  endfacet
  facet normal -0.278993 0 0.960293
    outer loop
      vertex -2.53647 -3 1.57341
      vertex -2.62696 0 1.54712
      vertex -2.62696 -3 1.54712
    endloop
  endfacet
  facet normal -0.218065 0 0.975934
    outer loop
      vertex -2.71893 0 1.52657
      vertex -2.62696 -3 1.54712
      vertex -2.62696 0 1.54712
    endloop
  endfacet
  facet normal -0.218065 0 0.975934
    outer loop
      vertex -2.62696 -3 1.54712
      vertex -2.71893 0 1.52657
      vertex -2.71893 -3 1.52657
    endloop
  endfacet
  facet normal -0.094133 0 0.99556
    outer loop
      vertex -2.90581 0 1.50296
      vertex -2.812 -3 1.51183
      vertex -2.812 0 1.51183
    endloop
  endfacet
  facet normal -0.094133 0 0.99556
    outer loop
      vertex -2.812 -3 1.51183
      vertex -2.90581 0 1.50296
      vertex -2.90581 -3 1.50296
    endloop
  endfacet
  facet normal -0.562026 0 0.82712
    outer loop
      vertex -2.19626 0 1.73351
      vertex -2.11832 -3 1.78647
      vertex -2.11832 0 1.78647
    endloop
  endfacet
  facet normal -0.562026 0 0.82712
    outer loop
      vertex -2.11832 -3 1.78647
      vertex -2.19626 0 1.73351
      vertex -2.19626 -3 1.73351
    endloop
  endfacet
  facet normal -0.612926 0 0.79014
    outer loop
      vertex -2.11832 0 1.78647
      vertex -2.04386 -3 1.84423
      vertex -2.04386 0 1.84423
    endloop
  endfacet
  facet normal -0.612926 0 0.79014
    outer loop
      vertex -2.04386 -3 1.84423
      vertex -2.11832 0 1.78647
      vertex -2.11832 -3 1.78647
    endloop
  endfacet
  facet normal -0.509055 0 0.860734
    outer loop
      vertex -2.27737 0 1.68554
      vertex -2.19626 -3 1.73351
      vertex -2.19626 0 1.73351
    endloop
  endfacet
  facet normal -0.509055 0 0.860734
    outer loop
      vertex -2.19626 -3 1.73351
      vertex -2.27737 0 1.68554
      vertex -2.27737 -3 1.68554
    endloop
  endfacet
  facet normal -0.707107 0 0.707107
    outer loop
      vertex -1.97318 -3 1.90655
      vertex -1.90655 0 1.97318
      vertex -1.97318 0 1.90655
    endloop
  endfacet
  facet normal -0.707107 0 0.707107
    outer loop
      vertex -1.90655 0 1.97318
      vertex -1.97318 -3 1.90655
      vertex -1.90655 -3 1.97318
    endloop
  endfacet
  facet normal -0.218166 0 -0.975912
    outer loop
      vertex -2.71893 -3 4.47343
      vertex -2.62696 0 4.45287
      vertex -2.62696 -3 4.45287
    endloop
  endfacet
  facet normal -0.218166 0 -0.975912
    outer loop
      vertex -2.62696 0 4.45287
      vertex -2.71893 -3 4.47343
      vertex -2.71893 0 4.47343
    endloop
  endfacet
  facet normal -0.891005 0 -0.453993
    outer loop
      vertex -1.64276 -3 3.63867
      vertex -1.68554 0 3.72263
      vertex -1.64276 0 3.63867
    endloop
  endfacet
  facet normal -0.891005 -0 -0.453993
    outer loop
      vertex -1.68554 0 3.72263
      vertex -1.64276 -3 3.63867
      vertex -1.68554 -3 3.72263
    endloop
  endfacet
  facet normal -0.940858 0 -0.338802
    outer loop
      vertex -1.57341 -3 3.46352
      vertex -1.60534 0 3.55219
      vertex -1.57341 0 3.46352
    endloop
  endfacet
  facet normal -0.940858 -0 -0.338802
    outer loop
      vertex -1.60534 0 3.55219
      vertex -1.57341 -3 3.46352
      vertex -1.60534 -3 3.55219
    endloop
  endfacet
  facet normal -0.661355 0 -0.750073
    outer loop
      vertex -2.04386 -3 4.15577
      vertex -1.97318 0 4.09345
      vertex -1.97318 -3 4.09345
    endloop
  endfacet
  facet normal -0.661355 0 -0.750073
    outer loop
      vertex -1.97318 0 4.09345
      vertex -2.04386 -3 4.15577
      vertex -2.04386 0 4.15577
    endloop
  endfacet
  facet normal -0.82712 0 -0.562026
    outer loop
      vertex -1.73351 -3 3.80374
      vertex -1.78647 0 3.88168
      vertex -1.73351 0 3.80374
    endloop
  endfacet
  facet normal -0.82712 -0 -0.562026
    outer loop
      vertex -1.78647 0 3.88168
      vertex -1.73351 -3 3.80374
      vertex -1.78647 -3 3.88168
    endloop
  endfacet
  facet normal -0.338836 0 0.940845
    outer loop
      vertex -2.53647 0 1.57341
      vertex -2.44781 -3 1.60534
      vertex -2.44781 0 1.60534
    endloop
  endfacet
  facet normal -0.338836 0 0.940845
    outer loop
      vertex -2.44781 -3 1.60534
      vertex -2.53647 0 1.57341
      vertex -2.53647 -3 1.57341
    endloop
  endfacet
  facet normal -0.750073 0 0.661355
    outer loop
      vertex -1.90655 -3 1.97318
      vertex -1.84423 0 2.04386
      vertex -1.90655 0 1.97318
    endloop
  endfacet
  facet normal -0.750073 0 0.661355
    outer loop
      vertex -1.84423 0 2.04386
      vertex -1.90655 -3 1.97318
      vertex -1.84423 -3 2.04386
    endloop
  endfacet
  facet normal -1 0 0
    outer loop
      vertex 0 32.75 0.1
      vertex 0 34.85 2.2
      vertex 0 34.85 0.1
    endloop
  endfacet
  facet normal -1 -0 0
    outer loop
      vertex 0 34.85 2.2
      vertex 0 32.75 0.1
      vertex 0 32.75 2.2
    endloop
  endfacet
  facet normal -0 0 1
    outer loop
      vertex 0 34.85 2.2
      vertex 14 32.75 2.2
      vertex 14 34.85 2.2
    endloop
  endfacet
  facet normal 0 0 1
    outer loop
      vertex 14 32.75 2.2
      vertex 0 34.85 2.2
      vertex 0 32.75 2.2
    endloop
  endfacet
  facet normal 0 0 1
    outer loop
      vertex 14 34.85 2.2
      vertex 16.1 34.85 2.2
      vertex 16.1 37.8 2.2
    endloop
  endfacet
  facet normal 0 0 1
    outer loop
      vertex 16.1 34.85 2.2
      vertex 14 34.85 2.2
      vertex 16.1 32.75 2.2
    endloop
  endfacet
  facet normal 0 0 1
    outer loop
      vertex 14 34.85 2.2
      vertex 16.1 37.8 2.2
      vertex 14 37.8 2.2
    endloop
  endfacet
  facet normal 0 0 1
    outer loop
      vertex 14 32.75 2.2
      vertex 16.1 32.75 2.2
      vertex 14 34.85 2.2
    endloop
  endfacet
  facet normal 0 0 1
    outer loop
      vertex 16.1 32.75 2.2
      vertex 14 32.75 2.2
      vertex 16.1 29.8 2.2
    endloop
  endfacet
  facet normal 0 0 1
    outer loop
      vertex 16.1 29.8 2.2
      vertex 14 32.75 2.2
      vertex 14 29.8 2.2
    endloop
  endfacet
  facet normal -0 0 1
    outer loop
      vertex 16.1 34.85 2.2
      vertex 32.6 32.75 2.2
      vertex 32.6 34.85 2.2
    endloop
  endfacet
  facet normal 0 0 1
    outer loop
      vertex 32.6 32.75 2.2
      vertex 16.1 34.85 2.2
      vertex 16.1 32.75 2.2
    endloop
  endfacet
  facet normal 1 -0 0
    outer loop
      vertex 32.6 32.75 2.2
      vertex 32.6 34.85 0.1
      vertex 32.6 34.85 2.2
    endloop
  endfacet
  facet normal 1 0 0
    outer loop
      vertex 32.6 34.85 0.1
      vertex 32.6 32.75 2.2
      vertex 32.6 32.75 0.1
    endloop
  endfacet
  facet normal 0 1 -0
    outer loop
      vertex 32.6 34.85 0.1
      vertex 16.1 34.85 2.2
      vertex 32.6 34.85 2.2
    endloop
  endfacet
  facet normal 0 1 0
    outer loop
      vertex 16.1 34.85 2.2
      vertex 32.6 34.85 0.1
      vertex 16.1 34.85 0.1
    endloop
  endfacet
  facet normal 0 1 -0
    outer loop
      vertex 14 34.85 0.1
      vertex 0 34.85 2.2
      vertex 14 34.85 2.2
    endloop
  endfacet
  facet normal 0 1 0
    outer loop
      vertex 0 34.85 2.2
      vertex 14 34.85 0.1
      vertex 0 34.85 0.1
    endloop
  endfacet
  facet normal 0 0 -1
    outer loop
      vertex 0 32.75 0.1
      vertex 14 34.85 0.1
      vertex 14 32.75 0.1
    endloop
  endfacet
  facet normal -0 0 -1
    outer loop
      vertex 14 34.85 0.1
      vertex 0 32.75 0.1
      vertex 0 34.85 0.1
    endloop
  endfacet
  facet normal 0 0 -1
    outer loop
      vertex 14 32.75 0.1
      vertex 16.1 32.75 0.1
      vertex 16.1 29.8 0.1
    endloop
  endfacet
  facet normal 0 0 -1
    outer loop
      vertex 16.1 32.75 0.1
      vertex 14 32.75 0.1
      vertex 16.1 34.85 0.1
    endloop
  endfacet
  facet normal 0 0 -1
    outer loop
      vertex 14 32.75 0.1
      vertex 16.1 29.8 0.1
      vertex 14 29.8 0.1
    endloop
  endfacet
  facet normal 0 0 -1
    outer loop
      vertex 14 34.85 0.1
      vertex 16.1 34.85 0.1
      vertex 14 32.75 0.1
    endloop
  endfacet
  facet normal 0 0 -1
    outer loop
      vertex 16.1 34.85 0.1
      vertex 14 34.85 0.1
      vertex 16.1 37.8 0.1
    endloop
  endfacet
  facet normal -0 0 -1
    outer loop
      vertex 16.1 37.8 0.1
      vertex 14 34.85 0.1
      vertex 14 37.8 0.1
    endloop
  endfacet
  facet normal 0 0 -1
    outer loop
      vertex 16.1 32.75 0.1
      vertex 32.6 34.85 0.1
      vertex 32.6 32.75 0.1
    endloop
  endfacet
  facet normal -0 0 -1
    outer loop
      vertex 32.6 34.85 0.1
      vertex 16.1 32.75 0.1
      vertex 16.1 34.85 0.1
    endloop
  endfacet
  facet normal 0 -1 0
    outer loop
      vertex 16.1 32.75 0.1
      vertex 32.6 32.75 2.2
      vertex 16.1 32.75 2.2
    endloop
  endfacet
  facet normal 0 -1 -0
    outer loop
      vertex 32.6 32.75 2.2
      vertex 16.1 32.75 0.1
      vertex 32.6 32.75 0.1
    endloop
  endfacet
  facet normal 0 -1 0
    outer loop
      vertex 0 32.75 0.1
      vertex 14 32.75 2.2
      vertex 0 32.75 2.2
    endloop
  endfacet
  facet normal 0 -1 -0
    outer loop
      vertex 14 32.75 2.2
      vertex 0 32.75 0.1
      vertex 14 32.75 0.1
    endloop
  endfacet
  facet normal -1 0 0
    outer loop
      vertex 14 29.8 0.1
      vertex 14 32.75 2.2
      vertex 14 32.75 0.1
    endloop
  endfacet
  facet normal -1 -0 0
    outer loop
      vertex 14 32.75 2.2
      vertex 14 29.8 0.1
      vertex 14 29.8 2.2
    endloop
  endfacet
  facet normal -1 0 0
    outer loop
      vertex 14 34.85 0.1
      vertex 14 37.8 2.2
      vertex 14 37.8 0.1
    endloop
  endfacet
  facet normal -1 -0 0
    outer loop
      vertex 14 37.8 2.2
      vertex 14 34.85 0.1
      vertex 14 34.85 2.2
    endloop
  endfacet
  facet normal 1 -0 0
    outer loop
      vertex 16.1 29.8 2.2
      vertex 16.1 32.75 0.1
      vertex 16.1 32.75 2.2
    endloop
  endfacet
  facet normal 1 0 0
    outer loop
      vertex 16.1 32.75 0.1
      vertex 16.1 29.8 2.2
      vertex 16.1 29.8 0.1
    endloop
  endfacet
  facet normal 1 -0 0
    outer loop
      vertex 16.1 34.85 2.2
      vertex 16.1 37.8 0.1
      vertex 16.1 37.8 2.2
    endloop
  endfacet
  facet normal 1 0 0
    outer loop
      vertex 16.1 37.8 0.1
      vertex 16.1 34.85 2.2
      vertex 16.1 34.85 0.1
    endloop
  endfacet
  facet normal 0 -1 0
    outer loop
      vertex 14 29.8 0.1
      vertex 16.1 29.8 2.2
      vertex 14 29.8 2.2
    endloop
  endfacet
  facet normal 0 -1 -0
    outer loop
      vertex 16.1 29.8 2.2
      vertex 14 29.8 0.1
      vertex 16.1 29.8 0.1
    endloop
  endfacet
  facet normal 0 1 -0
    outer loop
      vertex 16.1 37.8 0.1
      vertex 14 37.8 2.2
      vertex 16.1 37.8 2.2
    endloop
  endfacet
  facet normal 0 1 0
    outer loop
      vertex 14 37.8 2.2
      vertex 16.1 37.8 0.1
      vertex 14 37.8 0.1
    endloop
  endfacet
  facet normal -1 0 0
    outer loop
      vertex 0 53.8 0
      vertex 0 67.6 1.5
      vertex 0 67.6 0
    endloop
  endfacet
  facet normal -1 -0 0
    outer loop
      vertex 0 67.6 1.5
      vertex 0 53.8 0
      vertex 0 53.8 1.5
    endloop
  endfacet
  facet normal 0 0 1
    outer loop
      vertex 8 67.6 1.5
      vertex 5.5 60.7 1.5
      vertex 8 53.8 1.5
    endloop
  endfacet
  facet normal 0 0 1
    outer loop
      vertex 8 67.6 1.5
      vertex 5.49704 60.7942 1.5
      vertex 5.5 60.7 1.5
    endloop
  endfacet
  facet normal 0 0 1
    outer loop
      vertex 8 67.6 1.5
      vertex 5.48817 60.888 1.5
      vertex 5.49704 60.7942 1.5
    endloop
  endfacet
  facet normal 0 0 1
    outer loop
      vertex 8 67.6 1.5
      vertex 5.47343 60.9811 1.5
      vertex 5.48817 60.888 1.5
    endloop
  endfacet
  facet normal 0 0 1
    outer loop
      vertex 8 67.6 1.5
      vertex 5.45287 61.073 1.5
      vertex 5.47343 60.9811 1.5
    endloop
  endfacet
  facet normal 0 0 1
    outer loop
      vertex 8 67.6 1.5
      vertex 5.42658 61.1635 1.5
      vertex 5.45287 61.073 1.5
    endloop
  endfacet
  facet normal 0 0 1
    outer loop
      vertex 8 67.6 1.5
      vertex 5.39466 61.2522 1.5
      vertex 5.42658 61.1635 1.5
    endloop
  endfacet
  facet normal 0 0 1
    outer loop
      vertex 8 67.6 1.5
      vertex 5.35724 61.3387 1.5
      vertex 5.39466 61.2522 1.5
    endloop
  endfacet
  facet normal 0 0 1
    outer loop
      vertex 8 67.6 1.5
      vertex 5.31446 61.4226 1.5
      vertex 5.35724 61.3387 1.5
    endloop
  endfacet
  facet normal 0 0 1
    outer loop
      vertex 8 67.6 1.5
      vertex 5.26649 61.5037 1.5
      vertex 5.31446 61.4226 1.5
    endloop
  endfacet
  facet normal 0 0 1
    outer loop
      vertex 8 67.6 1.5
      vertex 5.21352 61.5817 1.5
      vertex 5.26649 61.5037 1.5
    endloop
  endfacet
  facet normal 0 0 1
    outer loop
      vertex 8 67.6 1.5
      vertex 5.15577 61.6561 1.5
      vertex 5.21352 61.5817 1.5
    endloop
  endfacet
  facet normal 0 0 1
    outer loop
      vertex 8 67.6 1.5
      vertex 5.09345 61.7268 1.5
      vertex 5.15577 61.6561 1.5
    endloop
  endfacet
  facet normal 0 0 1
    outer loop
      vertex 8 67.6 1.5
      vertex 5.02682 61.7935 1.5
      vertex 5.09345 61.7268 1.5
    endloop
  endfacet
  facet normal 0 0 1
    outer loop
      vertex 8 67.6 1.5
      vertex 4.95614 61.8558 1.5
      vertex 5.02682 61.7935 1.5
    endloop
  endfacet
  facet normal 0 0 1
    outer loop
      vertex 8 67.6 1.5
      vertex 4.88168 61.9135 1.5
      vertex 4.95614 61.8558 1.5
    endloop
  endfacet
  facet normal 0 0 1
    outer loop
      vertex 8 67.6 1.5
      vertex 4.80374 61.9665 1.5
      vertex 4.88168 61.9135 1.5
    endloop
  endfacet
  facet normal 0 0 1
    outer loop
      vertex 8 67.6 1.5
      vertex 4.72263 62.0145 1.5
      vertex 4.80374 61.9665 1.5
    endloop
  endfacet
  facet normal 0 0 1
    outer loop
      vertex 8 67.6 1.5
      vertex 4.63867 62.0572 1.5
      vertex 4.72263 62.0145 1.5
    endloop
  endfacet
  facet normal 0 0 1
    outer loop
      vertex 8 67.6 1.5
      vertex 4.55219 62.0947 1.5
      vertex 4.63867 62.0572 1.5
    endloop
  endfacet
  facet normal 0 0 1
    outer loop
      vertex 8 67.6 1.5
      vertex 4.46352 62.1266 1.5
      vertex 4.55219 62.0947 1.5
    endloop
  endfacet
  facet normal 0 0 1
    outer loop
      vertex 8 67.6 1.5
      vertex 4.37303 62.1529 1.5
      vertex 4.46352 62.1266 1.5
    endloop
  endfacet
  facet normal 0 0 1
    outer loop
      vertex 8 67.6 1.5
      vertex 4.28107 62.1734 1.5
      vertex 4.37303 62.1529 1.5
    endloop
  endfacet
  facet normal 0 0 1
    outer loop
      vertex 8 67.6 1.5
      vertex 4.188 62.1882 1.5
      vertex 4.28107 62.1734 1.5
    endloop
  endfacet
  facet normal 0 0 1
    outer loop
      vertex 8 67.6 1.5
      vertex 4.09418 62.197 1.5
      vertex 4.188 62.1882 1.5
    endloop
  endfacet
  facet normal 0 0 1
    outer loop
      vertex 8 67.6 1.5
      vertex 4 62.2 1.5
      vertex 4.09418 62.197 1.5
    endloop
  endfacet
  facet normal -0 0 1
    outer loop
      vertex 0 67.6 1.5
      vertex 4 62.2 1.5
      vertex 8 67.6 1.5
    endloop
  endfacet
  facet normal 0 0 1
    outer loop
      vertex 4 62.2 1.5
      vertex 0 67.6 1.5
      vertex 3.90581 62.197 1.5
    endloop
  endfacet
  facet normal 0 0 1
    outer loop
      vertex 3.90581 62.197 1.5
      vertex 0 67.6 1.5
      vertex 3.812 62.1882 1.5
    endloop
  endfacet
  facet normal 0 0 1
    outer loop
      vertex 3.812 62.1882 1.5
      vertex 0 67.6 1.5
      vertex 3.71893 62.1734 1.5
    endloop
  endfacet
  facet normal 0 0 1
    outer loop
      vertex 3.71893 62.1734 1.5
      vertex 0 67.6 1.5
      vertex 3.62696 62.1529 1.5
    endloop
  endfacet
  facet normal 0 0 1
    outer loop
      vertex 3.62696 62.1529 1.5
      vertex 0 67.6 1.5
      vertex 3.53647 62.1266 1.5
    endloop
  endfacet
  facet normal 0 0 1
    outer loop
      vertex 3.53647 62.1266 1.5
      vertex 0 67.6 1.5
      vertex 3.44781 62.0947 1.5
    endloop
  endfacet
  facet normal 0 0 1
    outer loop
      vertex 3.44781 62.0947 1.5
      vertex 0 67.6 1.5
      vertex 3.36133 62.0572 1.5
    endloop
  endfacet
  facet normal 0 0 1
    outer loop
      vertex 3.36133 62.0572 1.5
      vertex 0 67.6 1.5
      vertex 3.27737 62.0145 1.5
    endloop
  endfacet
  facet normal 0 0 1
    outer loop
      vertex 3.27737 62.0145 1.5
      vertex 0 67.6 1.5
      vertex 3.19626 61.9665 1.5
    endloop
  endfacet
  facet normal 0 0 1
    outer loop
      vertex 3.19626 61.9665 1.5
      vertex 0 67.6 1.5
      vertex 3.11832 61.9135 1.5
    endloop
  endfacet
  facet normal 0 0 1
    outer loop
      vertex 3.11832 61.9135 1.5
      vertex 0 67.6 1.5
      vertex 3.04386 61.8558 1.5
    endloop
  endfacet
  facet normal 0 0 1
    outer loop
      vertex 3.04386 61.8558 1.5
      vertex 0 67.6 1.5
      vertex 2.97318 61.7935 1.5
    endloop
  endfacet
  facet normal 0 0 1
    outer loop
      vertex 2.97318 61.7935 1.5
      vertex 0 67.6 1.5
      vertex 2.90655 61.7268 1.5
    endloop
  endfacet
  facet normal 0 0 1
    outer loop
      vertex 2.50296 60.7942 1.5
      vertex 0 67.6 1.5
      vertex 2.5 60.7 1.5
    endloop
  endfacet
  facet normal 0 0 1
    outer loop
      vertex 2.51183 60.888 1.5
      vertex 0 67.6 1.5
      vertex 2.50296 60.7942 1.5
    endloop
  endfacet
  facet normal 0 0 1
    outer loop
      vertex 2.52657 60.9811 1.5
      vertex 0 67.6 1.5
      vertex 2.51183 60.888 1.5
    endloop
  endfacet
  facet normal 0 0 1
    outer loop
      vertex 2.54712 61.073 1.5
      vertex 0 67.6 1.5
      vertex 2.52657 60.9811 1.5
    endloop
  endfacet
  facet normal 0 0 1
    outer loop
      vertex 2.57341 61.1635 1.5
      vertex 0 67.6 1.5
      vertex 2.54712 61.073 1.5
    endloop
  endfacet
  facet normal 0 0 1
    outer loop
      vertex 2.60534 61.2522 1.5
      vertex 0 67.6 1.5
      vertex 2.57341 61.1635 1.5
    endloop
  endfacet
  facet normal 0 0 1
    outer loop
      vertex 2.64276 61.3387 1.5
      vertex 0 67.6 1.5
      vertex 2.60534 61.2522 1.5
    endloop
  endfacet
  facet normal 0 0 1
    outer loop
      vertex 2.68554 61.4226 1.5
      vertex 0 67.6 1.5
      vertex 2.64276 61.3387 1.5
    endloop
  endfacet
  facet normal 0 0 1
    outer loop
      vertex 2.73351 61.5037 1.5
      vertex 0 67.6 1.5
      vertex 2.68554 61.4226 1.5
    endloop
  endfacet
  facet normal 0 0 1
    outer loop
      vertex 2.78647 61.5817 1.5
      vertex 0 67.6 1.5
      vertex 2.73351 61.5037 1.5
    endloop
  endfacet
  facet normal 0 0 1
    outer loop
      vertex 2.84423 61.6561 1.5
      vertex 0 67.6 1.5
      vertex 2.78647 61.5817 1.5
    endloop
  endfacet
  facet normal 0 0 1
    outer loop
      vertex 2.90655 61.7268 1.5
      vertex 0 67.6 1.5
      vertex 2.84423 61.6561 1.5
    endloop
  endfacet
  facet normal -0 0 1
    outer loop
      vertex 5.49704 60.6058 1.5
      vertex 8 53.8 1.5
      vertex 5.5 60.7 1.5
    endloop
  endfacet
  facet normal -0 0 1
    outer loop
      vertex 5.48817 60.512 1.5
      vertex 8 53.8 1.5
      vertex 5.49704 60.6058 1.5
    endloop
  endfacet
  facet normal -0 0 1
    outer loop
      vertex 5.47343 60.4189 1.5
      vertex 8 53.8 1.5
      vertex 5.48817 60.512 1.5
    endloop
  endfacet
  facet normal -0 0 1
    outer loop
      vertex 5.45287 60.327 1.5
      vertex 8 53.8 1.5
      vertex 5.47343 60.4189 1.5
    endloop
  endfacet
  facet normal -0 0 1
    outer loop
      vertex 5.42658 60.2365 1.5
      vertex 8 53.8 1.5
      vertex 5.45287 60.327 1.5
    endloop
  endfacet
  facet normal -0 0 1
    outer loop
      vertex 5.39466 60.1478 1.5
      vertex 8 53.8 1.5
      vertex 5.42658 60.2365 1.5
    endloop
  endfacet
  facet normal -0 0 1
    outer loop
      vertex 5.35724 60.0613 1.5
      vertex 8 53.8 1.5
      vertex 5.39466 60.1478 1.5
    endloop
  endfacet
  facet normal -0 0 1
    outer loop
      vertex 5.31446 59.9774 1.5
      vertex 8 53.8 1.5
      vertex 5.35724 60.0613 1.5
    endloop
  endfacet
  facet normal -0 0 1
    outer loop
      vertex 5.26649 59.8963 1.5
      vertex 8 53.8 1.5
      vertex 5.31446 59.9774 1.5
    endloop
  endfacet
  facet normal -0 0 1
    outer loop
      vertex 5.21352 59.8183 1.5
      vertex 8 53.8 1.5
      vertex 5.26649 59.8963 1.5
    endloop
  endfacet
  facet normal -0 0 1
    outer loop
      vertex 5.15577 59.7439 1.5
      vertex 8 53.8 1.5
      vertex 5.21352 59.8183 1.5
    endloop
  endfacet
  facet normal -0 0 1
    outer loop
      vertex 5.09345 59.6732 1.5
      vertex 8 53.8 1.5
      vertex 5.15577 59.7439 1.5
    endloop
  endfacet
  facet normal -0 0 1
    outer loop
      vertex 5.02682 59.6065 1.5
      vertex 8 53.8 1.5
      vertex 5.09345 59.6732 1.5
    endloop
  endfacet
  facet normal -0 0 1
    outer loop
      vertex 4.95614 59.5442 1.5
      vertex 8 53.8 1.5
      vertex 5.02682 59.6065 1.5
    endloop
  endfacet
  facet normal -0 0 1
    outer loop
      vertex 4.88168 59.4865 1.5
      vertex 8 53.8 1.5
      vertex 4.95614 59.5442 1.5
    endloop
  endfacet
  facet normal -0 0 1
    outer loop
      vertex 4.80374 59.4335 1.5
      vertex 8 53.8 1.5
      vertex 4.88168 59.4865 1.5
    endloop
  endfacet
  facet normal -0 0 1
    outer loop
      vertex 4.72263 59.3855 1.5
      vertex 8 53.8 1.5
      vertex 4.80374 59.4335 1.5
    endloop
  endfacet
  facet normal -0 0 1
    outer loop
      vertex 4.63867 59.3428 1.5
      vertex 8 53.8 1.5
      vertex 4.72263 59.3855 1.5
    endloop
  endfacet
  facet normal -0 0 1
    outer loop
      vertex 4.55219 59.3053 1.5
      vertex 8 53.8 1.5
      vertex 4.63867 59.3428 1.5
    endloop
  endfacet
  facet normal -0 0 1
    outer loop
      vertex 4.46352 59.2734 1.5
      vertex 8 53.8 1.5
      vertex 4.55219 59.3053 1.5
    endloop
  endfacet
  facet normal -0 0 1
    outer loop
      vertex 4.37303 59.2471 1.5
      vertex 8 53.8 1.5
      vertex 4.46352 59.2734 1.5
    endloop
  endfacet
  facet normal -0 0 1
    outer loop
      vertex 4.28107 59.2266 1.5
      vertex 8 53.8 1.5
      vertex 4.37303 59.2471 1.5
    endloop
  endfacet
  facet normal -0 0 1
    outer loop
      vertex 4.188 59.2118 1.5
      vertex 8 53.8 1.5
      vertex 4.28107 59.2266 1.5
    endloop
  endfacet
  facet normal -0 0 1
    outer loop
      vertex 4.09418 59.203 1.5
      vertex 8 53.8 1.5
      vertex 4.188 59.2118 1.5
    endloop
  endfacet
  facet normal -0 0 1
    outer loop
      vertex 4 59.2 1.5
      vertex 8 53.8 1.5
      vertex 4.09418 59.203 1.5
    endloop
  endfacet
  facet normal 0 0 1
    outer loop
      vertex 0 53.8 1.5
      vertex 4 59.2 1.5
      vertex 3.90581 59.203 1.5
    endloop
  endfacet
  facet normal 0 0 1
    outer loop
      vertex 0 53.8 1.5
      vertex 3.90581 59.203 1.5
      vertex 3.812 59.2118 1.5
    endloop
  endfacet
  facet normal 0 0 1
    outer loop
      vertex 0 53.8 1.5
      vertex 3.812 59.2118 1.5
      vertex 3.71893 59.2266 1.5
    endloop
  endfacet
  facet normal 0 0 1
    outer loop
      vertex 0 53.8 1.5
      vertex 3.71893 59.2266 1.5
      vertex 3.62696 59.2471 1.5
    endloop
  endfacet
  facet normal 0 0 1
    outer loop
      vertex 0 53.8 1.5
      vertex 3.62696 59.2471 1.5
      vertex 3.53647 59.2734 1.5
    endloop
  endfacet
  facet normal 0 0 1
    outer loop
      vertex 0 53.8 1.5
      vertex 3.53647 59.2734 1.5
      vertex 3.44781 59.3053 1.5
    endloop
  endfacet
  facet normal 0 0 1
    outer loop
      vertex 0 53.8 1.5
      vertex 3.44781 59.3053 1.5
      vertex 3.36133 59.3428 1.5
    endloop
  endfacet
  facet normal 0 0 1
    outer loop
      vertex 0 53.8 1.5
      vertex 3.36133 59.3428 1.5
      vertex 3.27737 59.3855 1.5
    endloop
  endfacet
  facet normal 0 0 1
    outer loop
      vertex 0 53.8 1.5
      vertex 3.27737 59.3855 1.5
      vertex 3.19626 59.4335 1.5
    endloop
  endfacet
  facet normal 0 0 1
    outer loop
      vertex 0 53.8 1.5
      vertex 3.19626 59.4335 1.5
      vertex 3.11832 59.4865 1.5
    endloop
  endfacet
  facet normal 0 0 1
    outer loop
      vertex 0 53.8 1.5
      vertex 3.11832 59.4865 1.5
      vertex 3.04386 59.5442 1.5
    endloop
  endfacet
  facet normal 0 0 1
    outer loop
      vertex 0 53.8 1.5
      vertex 3.04386 59.5442 1.5
      vertex 2.97318 59.6065 1.5
    endloop
  endfacet
  facet normal 0 0 1
    outer loop
      vertex 0 53.8 1.5
      vertex 2.97318 59.6065 1.5
      vertex 2.90655 59.6732 1.5
    endloop
  endfacet
  facet normal 0 0 1
    outer loop
      vertex 0 53.8 1.5
      vertex 2.90655 59.6732 1.5
      vertex 2.84423 59.7439 1.5
    endloop
  endfacet
  facet normal 0 0 1
    outer loop
      vertex 0 53.8 1.5
      vertex 2.5 60.7 1.5
      vertex 0 67.6 1.5
    endloop
  endfacet
  facet normal 0 0 1
    outer loop
      vertex 2.5 60.7 1.5
      vertex 0 53.8 1.5
      vertex 2.50296 60.6058 1.5
    endloop
  endfacet
  facet normal 0 0 1
    outer loop
      vertex 2.50296 60.6058 1.5
      vertex 0 53.8 1.5
      vertex 2.51183 60.512 1.5
    endloop
  endfacet
  facet normal 0 0 1
    outer loop
      vertex 2.51183 60.512 1.5
      vertex 0 53.8 1.5
      vertex 2.52657 60.4189 1.5
    endloop
  endfacet
  facet normal 0 0 1
    outer loop
      vertex 2.52657 60.4189 1.5
      vertex 0 53.8 1.5
      vertex 2.54712 60.327 1.5
    endloop
  endfacet
  facet normal 0 0 1
    outer loop
      vertex 4 59.2 1.5
      vertex 0 53.8 1.5
      vertex 8 53.8 1.5
    endloop
  endfacet
  facet normal 0 0 1
    outer loop
      vertex 2.78647 59.8183 1.5
      vertex 0 53.8 1.5
      vertex 2.84423 59.7439 1.5
    endloop
  endfacet
  facet normal 0 0 1
    outer loop
      vertex 2.73351 59.8963 1.5
      vertex 0 53.8 1.5
      vertex 2.78647 59.8183 1.5
    endloop
  endfacet
  facet normal 0 0 1
    outer loop
      vertex 2.68554 59.9774 1.5
      vertex 0 53.8 1.5
      vertex 2.73351 59.8963 1.5
    endloop
  endfacet
  facet normal 0 0 1
    outer loop
      vertex 2.64276 60.0613 1.5
      vertex 0 53.8 1.5
      vertex 2.68554 59.9774 1.5
    endloop
  endfacet
  facet normal 0 0 1
    outer loop
      vertex 2.60534 60.1478 1.5
      vertex 0 53.8 1.5
      vertex 2.64276 60.0613 1.5
    endloop
  endfacet
  facet normal 0 0 1
    outer loop
      vertex 2.57341 60.2365 1.5
      vertex 0 53.8 1.5
      vertex 2.60534 60.1478 1.5
    endloop
  endfacet
  facet normal 0 0 1
    outer loop
      vertex 2.54712 60.327 1.5
      vertex 0 53.8 1.5
      vertex 2.57341 60.2365 1.5
    endloop
  endfacet
  facet normal 1 -0 0
    outer loop
      vertex 8 53.8 1.5
      vertex 8 67.6 0
      vertex 8 67.6 1.5
    endloop
  endfacet
  facet normal 1 0 0
    outer loop
      vertex 8 67.6 0
      vertex 8 53.8 1.5
      vertex 8 53.8 0
    endloop
  endfacet
  facet normal 0 1 -0
    outer loop
      vertex 8 67.6 0
      vertex 0 67.6 1.5
      vertex 8 67.6 1.5
    endloop
  endfacet
  facet normal 0 1 0
    outer loop
      vertex 0 67.6 1.5
      vertex 8 67.6 0
      vertex 0 67.6 0
    endloop
  endfacet
  facet normal 0 0 -1
    outer loop
      vertex 8 53.8 0
      vertex 5.5 60.7 0
      vertex 8 67.6 0
    endloop
  endfacet
  facet normal 0 0 -1
    outer loop
      vertex 8 53.8 0
      vertex 5.49704 60.6058 0
      vertex 5.5 60.7 0
    endloop
  endfacet
  facet normal 0 0 -1
    outer loop
      vertex 8 53.8 0
      vertex 5.48817 60.512 0
      vertex 5.49704 60.6058 0
    endloop
  endfacet
  facet normal 0 0 -1
    outer loop
      vertex 8 53.8 0
      vertex 5.47343 60.4189 0
      vertex 5.48817 60.512 0
    endloop
  endfacet
  facet normal 0 0 -1
    outer loop
      vertex 8 53.8 0
      vertex 5.45287 60.327 0
      vertex 5.47343 60.4189 0
    endloop
  endfacet
  facet normal 0 0 -1
    outer loop
      vertex 8 53.8 0
      vertex 5.42658 60.2365 0
      vertex 5.45287 60.327 0
    endloop
  endfacet
  facet normal 0 0 -1
    outer loop
      vertex 8 53.8 0
      vertex 5.39466 60.1478 0
      vertex 5.42658 60.2365 0
    endloop
  endfacet
  facet normal 0 0 -1
    outer loop
      vertex 8 53.8 0
      vertex 5.35724 60.0613 0
      vertex 5.39466 60.1478 0
    endloop
  endfacet
  facet normal 0 0 -1
    outer loop
      vertex 8 53.8 0
      vertex 5.31446 59.9774 0
      vertex 5.35724 60.0613 0
    endloop
  endfacet
  facet normal 0 0 -1
    outer loop
      vertex 8 53.8 0
      vertex 5.26649 59.8963 0
      vertex 5.31446 59.9774 0
    endloop
  endfacet
  facet normal 0 0 -1
    outer loop
      vertex 8 53.8 0
      vertex 5.21352 59.8183 0
      vertex 5.26649 59.8963 0
    endloop
  endfacet
  facet normal 0 0 -1
    outer loop
      vertex 8 53.8 0
      vertex 5.15577 59.7439 0
      vertex 5.21352 59.8183 0
    endloop
  endfacet
  facet normal 0 0 -1
    outer loop
      vertex 8 53.8 0
      vertex 5.09345 59.6732 0
      vertex 5.15577 59.7439 0
    endloop
  endfacet
  facet normal 0 0 -1
    outer loop
      vertex 8 53.8 0
      vertex 5.02682 59.6065 0
      vertex 5.09345 59.6732 0
    endloop
  endfacet
  facet normal 0 0 -1
    outer loop
      vertex 8 53.8 0
      vertex 4.95614 59.5442 0
      vertex 5.02682 59.6065 0
    endloop
  endfacet
  facet normal 0 0 -1
    outer loop
      vertex 8 53.8 0
      vertex 4.88168 59.4865 0
      vertex 4.95614 59.5442 0
    endloop
  endfacet
  facet normal 0 0 -1
    outer loop
      vertex 8 53.8 0
      vertex 4.80374 59.4335 0
      vertex 4.88168 59.4865 0
    endloop
  endfacet
  facet normal 0 0 -1
    outer loop
      vertex 8 53.8 0
      vertex 4.72263 59.3855 0
      vertex 4.80374 59.4335 0
    endloop
  endfacet
  facet normal 0 0 -1
    outer loop
      vertex 8 53.8 0
      vertex 4.63867 59.3428 0
      vertex 4.72263 59.3855 0
    endloop
  endfacet
  facet normal 0 0 -1
    outer loop
      vertex 8 53.8 0
      vertex 4.55219 59.3053 0
      vertex 4.63867 59.3428 0
    endloop
  endfacet
  facet normal 0 0 -1
    outer loop
      vertex 8 53.8 0
      vertex 4.46352 59.2734 0
      vertex 4.55219 59.3053 0
    endloop
  endfacet
  facet normal 0 0 -1
    outer loop
      vertex 8 53.8 0
      vertex 4.37303 59.2471 0
      vertex 4.46352 59.2734 0
    endloop
  endfacet
  facet normal 0 0 -1
    outer loop
      vertex 8 53.8 0
      vertex 4.28107 59.2266 0
      vertex 4.37303 59.2471 0
    endloop
  endfacet
  facet normal 0 0 -1
    outer loop
      vertex 8 53.8 0
      vertex 4.188 59.2118 0
      vertex 4.28107 59.2266 0
    endloop
  endfacet
  facet normal 0 0 -1
    outer loop
      vertex 8 53.8 0
      vertex 4.09418 59.203 0
      vertex 4.188 59.2118 0
    endloop
  endfacet
  facet normal 0 0 -1
    outer loop
      vertex 8 53.8 0
      vertex 4 59.2 0
      vertex 4.09418 59.203 0
    endloop
  endfacet
  facet normal 0 0 -1
    outer loop
      vertex 0 53.8 0
      vertex 4 59.2 0
      vertex 8 53.8 0
    endloop
  endfacet
  facet normal -0 0 -1
    outer loop
      vertex 4 59.2 0
      vertex 0 53.8 0
      vertex 3.90581 59.203 0
    endloop
  endfacet
  facet normal -0 0 -1
    outer loop
      vertex 3.90581 59.203 0
      vertex 0 53.8 0
      vertex 3.812 59.2118 0
    endloop
  endfacet
  facet normal -0 0 -1
    outer loop
      vertex 3.812 59.2118 0
      vertex 0 53.8 0
      vertex 3.71893 59.2266 0
    endloop
  endfacet
  facet normal -0 0 -1
    outer loop
      vertex 3.71893 59.2266 0
      vertex 0 53.8 0
      vertex 3.62696 59.2471 0
    endloop
  endfacet
  facet normal -0 0 -1
    outer loop
      vertex 3.62696 59.2471 0
      vertex 0 53.8 0
      vertex 3.53647 59.2734 0
    endloop
  endfacet
  facet normal -0 0 -1
    outer loop
      vertex 3.53647 59.2734 0
      vertex 0 53.8 0
      vertex 3.44781 59.3053 0
    endloop
  endfacet
  facet normal -0 0 -1
    outer loop
      vertex 3.44781 59.3053 0
      vertex 0 53.8 0
      vertex 3.36133 59.3428 0
    endloop
  endfacet
  facet normal -0 0 -1
    outer loop
      vertex 3.36133 59.3428 0
      vertex 0 53.8 0
      vertex 3.27737 59.3855 0
    endloop
  endfacet
  facet normal -0 0 -1
    outer loop
      vertex 3.27737 59.3855 0
      vertex 0 53.8 0
      vertex 3.19626 59.4335 0
    endloop
  endfacet
  facet normal -0 0 -1
    outer loop
      vertex 3.19626 59.4335 0
      vertex 0 53.8 0
      vertex 3.11832 59.4865 0
    endloop
  endfacet
  facet normal -0 0 -1
    outer loop
      vertex 3.11832 59.4865 0
      vertex 0 53.8 0
      vertex 3.04386 59.5442 0
    endloop
  endfacet
  facet normal -0 0 -1
    outer loop
      vertex 3.04386 59.5442 0
      vertex 0 53.8 0
      vertex 2.97318 59.6065 0
    endloop
  endfacet
  facet normal -0 0 -1
    outer loop
      vertex 2.97318 59.6065 0
      vertex 0 53.8 0
      vertex 2.90655 59.6732 0
    endloop
  endfacet
  facet normal -0 0 -1
    outer loop
      vertex 2.50296 60.6058 0
      vertex 0 53.8 0
      vertex 2.5 60.7 0
    endloop
  endfacet
  facet normal -0 0 -1
    outer loop
      vertex 2.51183 60.512 0
      vertex 0 53.8 0
      vertex 2.50296 60.6058 0
    endloop
  endfacet
  facet normal -0 0 -1
    outer loop
      vertex 2.52657 60.4189 0
      vertex 0 53.8 0
      vertex 2.51183 60.512 0
    endloop
  endfacet
  facet normal -0 0 -1
    outer loop
      vertex 2.54712 60.327 0
      vertex 0 53.8 0
      vertex 2.52657 60.4189 0
    endloop
  endfacet
  facet normal -0 0 -1
    outer loop
      vertex 2.57341 60.2365 0
      vertex 0 53.8 0
      vertex 2.54712 60.327 0
    endloop
  endfacet
  facet normal -0 0 -1
    outer loop
      vertex 2.60534 60.1478 0
      vertex 0 53.8 0
      vertex 2.57341 60.2365 0
    endloop
  endfacet
  facet normal -0 0 -1
    outer loop
      vertex 2.64276 60.0613 0
      vertex 0 53.8 0
      vertex 2.60534 60.1478 0
    endloop
  endfacet
  facet normal -0 0 -1
    outer loop
      vertex 2.68554 59.9774 0
      vertex 0 53.8 0
      vertex 2.64276 60.0613 0
    endloop
  endfacet
  facet normal -0 0 -1
    outer loop
      vertex 2.73351 59.8963 0
      vertex 0 53.8 0
      vertex 2.68554 59.9774 0
    endloop
  endfacet
  facet normal -0 0 -1
    outer loop
      vertex 2.78647 59.8183 0
      vertex 0 53.8 0
      vertex 2.73351 59.8963 0
    endloop
  endfacet
  facet normal -0 0 -1
    outer loop
      vertex 2.84423 59.7439 0
      vertex 0 53.8 0
      vertex 2.78647 59.8183 0
    endloop
  endfacet
  facet normal -0 0 -1
    outer loop
      vertex 2.90655 59.6732 0
      vertex 0 53.8 0
      vertex 2.84423 59.7439 0
    endloop
  endfacet
  facet normal 0 0 -1
    outer loop
      vertex 5.49704 60.7942 0
      vertex 8 67.6 0
      vertex 5.5 60.7 0
    endloop
  endfacet
  facet normal 0 0 -1
    outer loop
      vertex 5.48817 60.888 0
      vertex 8 67.6 0
      vertex 5.49704 60.7942 0
    endloop
  endfacet
  facet normal 0 0 -1
    outer loop
      vertex 5.47343 60.9811 0
      vertex 8 67.6 0
      vertex 5.48817 60.888 0
    endloop
  endfacet
  facet normal 0 0 -1
    outer loop
      vertex 5.45287 61.073 0
      vertex 8 67.6 0
      vertex 5.47343 60.9811 0
    endloop
  endfacet
  facet normal 0 0 -1
    outer loop
      vertex 5.42658 61.1635 0
      vertex 8 67.6 0
      vertex 5.45287 61.073 0
    endloop
  endfacet
  facet normal 0 0 -1
    outer loop
      vertex 5.39466 61.2522 0
      vertex 8 67.6 0
      vertex 5.42658 61.1635 0
    endloop
  endfacet
  facet normal 0 0 -1
    outer loop
      vertex 5.35724 61.3387 0
      vertex 8 67.6 0
      vertex 5.39466 61.2522 0
    endloop
  endfacet
  facet normal 0 0 -1
    outer loop
      vertex 5.31446 61.4226 0
      vertex 8 67.6 0
      vertex 5.35724 61.3387 0
    endloop
  endfacet
  facet normal 0 0 -1
    outer loop
      vertex 5.26649 61.5037 0
      vertex 8 67.6 0
      vertex 5.31446 61.4226 0
    endloop
  endfacet
  facet normal 0 0 -1
    outer loop
      vertex 5.21352 61.5817 0
      vertex 8 67.6 0
      vertex 5.26649 61.5037 0
    endloop
  endfacet
  facet normal 0 0 -1
    outer loop
      vertex 5.15577 61.6561 0
      vertex 8 67.6 0
      vertex 5.21352 61.5817 0
    endloop
  endfacet
  facet normal 0 0 -1
    outer loop
      vertex 5.09345 61.7268 0
      vertex 8 67.6 0
      vertex 5.15577 61.6561 0
    endloop
  endfacet
  facet normal 0 0 -1
    outer loop
      vertex 5.02682 61.7935 0
      vertex 8 67.6 0
      vertex 5.09345 61.7268 0
    endloop
  endfacet
  facet normal 0 0 -1
    outer loop
      vertex 4.95614 61.8558 0
      vertex 8 67.6 0
      vertex 5.02682 61.7935 0
    endloop
  endfacet
  facet normal 0 0 -1
    outer loop
      vertex 4.88168 61.9135 0
      vertex 8 67.6 0
      vertex 4.95614 61.8558 0
    endloop
  endfacet
  facet normal 0 0 -1
    outer loop
      vertex 4.80374 61.9665 0
      vertex 8 67.6 0
      vertex 4.88168 61.9135 0
    endloop
  endfacet
  facet normal 0 0 -1
    outer loop
      vertex 4.72263 62.0145 0
      vertex 8 67.6 0
      vertex 4.80374 61.9665 0
    endloop
  endfacet
  facet normal 0 0 -1
    outer loop
      vertex 4.63867 62.0572 0
      vertex 8 67.6 0
      vertex 4.72263 62.0145 0
    endloop
  endfacet
  facet normal 0 0 -1
    outer loop
      vertex 4.55219 62.0947 0
      vertex 8 67.6 0
      vertex 4.63867 62.0572 0
    endloop
  endfacet
  facet normal 0 0 -1
    outer loop
      vertex 4.46352 62.1266 0
      vertex 8 67.6 0
      vertex 4.55219 62.0947 0
    endloop
  endfacet
  facet normal 0 0 -1
    outer loop
      vertex 4.37303 62.1529 0
      vertex 8 67.6 0
      vertex 4.46352 62.1266 0
    endloop
  endfacet
  facet normal 0 0 -1
    outer loop
      vertex 4.28107 62.1734 0
      vertex 8 67.6 0
      vertex 4.37303 62.1529 0
    endloop
  endfacet
  facet normal 0 0 -1
    outer loop
      vertex 4.188 62.1882 0
      vertex 8 67.6 0
      vertex 4.28107 62.1734 0
    endloop
  endfacet
  facet normal 0 0 -1
    outer loop
      vertex 4.09418 62.197 0
      vertex 8 67.6 0
      vertex 4.188 62.1882 0
    endloop
  endfacet
  facet normal 0 0 -1
    outer loop
      vertex 4 62.2 0
      vertex 8 67.6 0
      vertex 4.09418 62.197 0
    endloop
  endfacet
  facet normal 0 0 -1
    outer loop
      vertex 0 67.6 0
      vertex 4 62.2 0
      vertex 3.90581 62.197 0
    endloop
  endfacet
  facet normal 0 0 -1
    outer loop
      vertex 0 67.6 0
      vertex 3.90581 62.197 0
      vertex 3.812 62.1882 0
    endloop
  endfacet
  facet normal 0 0 -1
    outer loop
      vertex 0 67.6 0
      vertex 3.812 62.1882 0
      vertex 3.71893 62.1734 0
    endloop
  endfacet
  facet normal 0 0 -1
    outer loop
      vertex 0 67.6 0
      vertex 3.71893 62.1734 0
      vertex 3.62696 62.1529 0
    endloop
  endfacet
  facet normal 0 0 -1
    outer loop
      vertex 0 67.6 0
      vertex 3.62696 62.1529 0
      vertex 3.53647 62.1266 0
    endloop
  endfacet
  facet normal 0 0 -1
    outer loop
      vertex 0 67.6 0
      vertex 3.53647 62.1266 0
      vertex 3.44781 62.0947 0
    endloop
  endfacet
  facet normal 0 0 -1
    outer loop
      vertex 0 67.6 0
      vertex 3.44781 62.0947 0
      vertex 3.36133 62.0572 0
    endloop
  endfacet
  facet normal 0 0 -1
    outer loop
      vertex 0 67.6 0
      vertex 3.36133 62.0572 0
      vertex 3.27737 62.0145 0
    endloop
  endfacet
  facet normal 0 0 -1
    outer loop
      vertex 0 67.6 0
      vertex 3.27737 62.0145 0
      vertex 3.19626 61.9665 0
    endloop
  endfacet
  facet normal 0 0 -1
    outer loop
      vertex 0 67.6 0
      vertex 3.19626 61.9665 0
      vertex 3.11832 61.9135 0
    endloop
  endfacet
  facet normal 0 0 -1
    outer loop
      vertex 0 67.6 0
      vertex 3.11832 61.9135 0
      vertex 3.04386 61.8558 0
    endloop
  endfacet
  facet normal 0 0 -1
    outer loop
      vertex 0 67.6 0
      vertex 3.04386 61.8558 0
      vertex 2.97318 61.7935 0
    endloop
  endfacet
  facet normal 0 0 -1
    outer loop
      vertex 0 67.6 0
      vertex 2.97318 61.7935 0
      vertex 2.90655 61.7268 0
    endloop
  endfacet
  facet normal 0 0 -1
    outer loop
      vertex 0 67.6 0
      vertex 2.90655 61.7268 0
      vertex 2.84423 61.6561 0
    endloop
  endfacet
  facet normal 0 0 -1
    outer loop
      vertex 0 67.6 0
      vertex 2.5 60.7 0
      vertex 0 53.8 0
    endloop
  endfacet
  facet normal 0 0 -1
    outer loop
      vertex 2.5 60.7 0
      vertex 0 67.6 0
      vertex 2.50296 60.7942 0
    endloop
  endfacet
  facet normal 0 0 -1
    outer loop
      vertex 2.50296 60.7942 0
      vertex 0 67.6 0
      vertex 2.51183 60.888 0
    endloop
  endfacet
  facet normal 0 0 -1
    outer loop
      vertex 2.51183 60.888 0
      vertex 0 67.6 0
      vertex 2.52657 60.9811 0
    endloop
  endfacet
  facet normal 0 0 -1
    outer loop
      vertex 2.52657 60.9811 0
      vertex 0 67.6 0
      vertex 2.54712 61.073 0
    endloop
  endfacet
  facet normal 0 0 -1
    outer loop
      vertex 4 62.2 0
      vertex 0 67.6 0
      vertex 8 67.6 0
    endloop
  endfacet
  facet normal 0 0 -1
    outer loop
      vertex 2.78647 61.5817 0
      vertex 0 67.6 0
      vertex 2.84423 61.6561 0
    endloop
  endfacet
  facet normal 0 0 -1
    outer loop
      vertex 2.73351 61.5037 0
      vertex 0 67.6 0
      vertex 2.78647 61.5817 0
    endloop
  endfacet
  facet normal 0 0 -1
    outer loop
      vertex 2.68554 61.4226 0
      vertex 0 67.6 0
      vertex 2.73351 61.5037 0
    endloop
  endfacet
  facet normal 0 0 -1
    outer loop
      vertex 2.64276 61.3387 0
      vertex 0 67.6 0
      vertex 2.68554 61.4226 0
    endloop
  endfacet
  facet normal 0 0 -1
    outer loop
      vertex 2.60534 61.2522 0
      vertex 0 67.6 0
      vertex 2.64276 61.3387 0
    endloop
  endfacet
  facet normal 0 0 -1
    outer loop
      vertex 2.57341 61.1635 0
      vertex 0 67.6 0
      vertex 2.60534 61.2522 0
    endloop
  endfacet
  facet normal 0 0 -1
    outer loop
      vertex 2.54712 61.073 0
      vertex 0 67.6 0
      vertex 2.57341 61.1635 0
    endloop
  endfacet
  facet normal 0 -1 0
    outer loop
      vertex 0 53.8 0
      vertex 8 53.8 1.5
      vertex 0 53.8 1.5
    endloop
  endfacet
  facet normal 0 -1 -0
    outer loop
      vertex 8 53.8 1.5
      vertex 0 53.8 0
      vertex 8 53.8 0
    endloop
  endfacet
  facet normal -0.860707 -0.509101 0
    outer loop
      vertex 5.31446 61.4226 0
      vertex 5.26649 61.5037 1.5
      vertex 5.26649 61.5037 0
    endloop
  endfacet
  facet normal -0.860707 -0.509101 0
    outer loop
      vertex 5.26649 61.5037 1.5
      vertex 5.31446 61.4226 0
      vertex 5.31446 61.4226 1.5
    endloop
  endfacet
  facet normal -0.33852 -0.940959 0
    outer loop
      vertex 4.46352 62.1266 0
      vertex 4.55219 62.0947 1.5
      vertex 4.46352 62.1266 1.5
    endloop
  endfacet
  facet normal -0.33852 -0.940959 -0
    outer loop
      vertex 4.55219 62.0947 1.5
      vertex 4.46352 62.1266 0
      vertex 4.55219 62.0947 0
    endloop
  endfacet
  facet normal 0.453318 -0.891349 0
    outer loop
      vertex 3.27737 62.0145 0
      vertex 3.36133 62.0572 1.5
      vertex 3.27737 62.0145 1.5
    endloop
  endfacet
  facet normal 0.453318 -0.891349 0
    outer loop
      vertex 3.36133 62.0572 1.5
      vertex 3.27737 62.0145 0
      vertex 3.36133 62.0572 0
    endloop
  endfacet
  facet normal 0.940894 -0.338701 0
    outer loop
      vertex 2.57341 61.1635 1.5
      vertex 2.60534 61.2522 0
      vertex 2.60534 61.2522 1.5
    endloop
  endfacet
  facet normal 0.940894 -0.338701 0
    outer loop
      vertex 2.60534 61.2522 0
      vertex 2.57341 61.1635 1.5
      vertex 2.57341 61.1635 0
    endloop
  endfacet
  facet normal -0.50929 -0.860595 0
    outer loop
      vertex 4.72263 62.0145 0
      vertex 4.80374 61.9665 1.5
      vertex 4.72263 62.0145 1.5
    endloop
  endfacet
  facet normal -0.50929 -0.860595 -0
    outer loop
      vertex 4.80374 61.9665 1.5
      vertex 4.72263 62.0145 0
      vertex 4.80374 61.9665 0
    endloop
  endfacet
  facet normal 0.995559 -0.0941429 0
    outer loop
      vertex 2.50296 60.7942 1.5
      vertex 2.51183 60.888 0
      vertex 2.51183 60.888 1.5
    endloop
  endfacet
  facet normal 0.995559 -0.0941429 0
    outer loop
      vertex 2.51183 60.888 0
      vertex 2.50296 60.7942 1.5
      vertex 2.50296 60.7942 0
    endloop
  endfacet
  facet normal 0.789901 -0.613235 0
    outer loop
      vertex 2.78647 61.5817 1.5
      vertex 2.84423 61.6561 0
      vertex 2.84423 61.6561 1.5
    endloop
  endfacet
  facet normal 0.789901 -0.613235 0
    outer loop
      vertex 2.84423 61.6561 0
      vertex 2.78647 61.5817 1.5
      vertex 2.78647 61.5817 0
    endloop
  endfacet
  facet normal 0.21756 -0.976047 0
    outer loop
      vertex 3.62696 62.1529 0
      vertex 3.71893 62.1734 1.5
      vertex 3.62696 62.1529 1.5
    endloop
  endfacet
  facet normal 0.21756 -0.976047 0
    outer loop
      vertex 3.71893 62.1734 1.5
      vertex 3.62696 62.1529 0
      vertex 3.71893 62.1734 0
    endloop
  endfacet
  facet normal -0.453318 0.891349 0
    outer loop
      vertex 4.72263 59.3855 0
      vertex 4.63867 59.3428 1.5
      vertex 4.72263 59.3855 1.5
    endloop
  endfacet
  facet normal -0.453318 0.891349 0
    outer loop
      vertex 4.63867 59.3428 1.5
      vertex 4.72263 59.3855 0
      vertex 4.63867 59.3428 0
    endloop
  endfacet
  facet normal -0.789952 -0.613168 0
    outer loop
      vertex 5.21352 61.5817 0
      vertex 5.15577 61.6561 1.5
      vertex 5.15577 61.6561 0
    endloop
  endfacet
  facet normal -0.789952 -0.613168 0
    outer loop
      vertex 5.15577 61.6561 1.5
      vertex 5.21352 61.5817 0
      vertex 5.21352 61.5817 1.5
    endloop
  endfacet
  facet normal -0.707478 -0.706735 0
    outer loop
      vertex 5.09345 61.7268 0
      vertex 5.02682 61.7935 1.5
      vertex 5.02682 61.7935 0
    endloop
  endfacet
  facet normal -0.707478 -0.706735 0
    outer loop
      vertex 5.02682 61.7935 1.5
      vertex 5.09345 61.7268 0
      vertex 5.09345 61.7268 1.5
    endloop
  endfacet
  facet normal 0.0318344 -0.999493 0
    outer loop
      vertex 3.90581 62.197 0
      vertex 4 62.2 1.5
      vertex 3.90581 62.197 1.5
    endloop
  endfacet
  facet normal 0.0318344 -0.999493 0
    outer loop
      vertex 4 62.2 1.5
      vertex 3.90581 62.197 0
      vertex 4 62.2 0
    endloop
  endfacet
  facet normal -0.157047 -0.987591 0
    outer loop
      vertex 4.188 62.1882 0
      vertex 4.28107 62.1734 1.5
      vertex 4.188 62.1882 1.5
    endloop
  endfacet
  facet normal -0.157047 -0.987591 -0
    outer loop
      vertex 4.28107 62.1734 1.5
      vertex 4.188 62.1882 0
      vertex 4.28107 62.1734 0
    endloop
  endfacet
  facet normal -0.612529 -0.790448 0
    outer loop
      vertex 4.88168 61.9135 0
      vertex 4.95614 61.8558 1.5
      vertex 4.88168 61.9135 1.5
    endloop
  endfacet
  facet normal -0.612529 -0.790448 -0
    outer loop
      vertex 4.95614 61.8558 1.5
      vertex 4.88168 61.9135 0
      vertex 4.95614 61.8558 0
    endloop
  endfacet
  facet normal 0.987698 -0.156377 0
    outer loop
      vertex 2.51183 60.888 1.5
      vertex 2.52657 60.9811 0
      vertex 2.52657 60.9811 1.5
    endloop
  endfacet
  facet normal 0.987698 -0.156377 0
    outer loop
      vertex 2.52657 60.9811 0
      vertex 2.51183 60.888 1.5
      vertex 2.51183 60.888 0
    endloop
  endfacet
  facet normal 0.860707 -0.509101 0
    outer loop
      vertex 2.68554 61.4226 1.5
      vertex 2.73351 61.5037 0
      vertex 2.73351 61.5037 1.5
    endloop
  endfacet
  facet normal 0.860707 -0.509101 0
    outer loop
      vertex 2.73351 61.5037 0
      vertex 2.68554 61.4226 1.5
      vertex 2.68554 61.4226 0
    endloop
  endfacet
  facet normal 0.612529 -0.790448 0
    outer loop
      vertex 3.04386 61.8558 0
      vertex 3.11832 61.9135 1.5
      vertex 3.04386 61.8558 1.5
    endloop
  endfacet
  facet normal 0.612529 -0.790448 0
    outer loop
      vertex 3.11832 61.9135 1.5
      vertex 3.04386 61.8558 0
      vertex 3.11832 61.9135 0
    endloop
  endfacet
  facet normal 0.661235 -0.750178 0
    outer loop
      vertex 2.97318 61.7935 0
      vertex 3.04386 61.8558 1.5
      vertex 2.97318 61.7935 1.5
    endloop
  endfacet
  facet normal 0.661235 -0.750178 0
    outer loop
      vertex 3.04386 61.8558 1.5
      vertex 2.97318 61.7935 0
      vertex 3.04386 61.8558 0
    endloop
  endfacet
  facet normal 0.562316 -0.826923 0
    outer loop
      vertex 3.11832 61.9135 0
      vertex 3.19626 61.9665 1.5
      vertex 3.11832 61.9135 1.5
    endloop
  endfacet
  facet normal 0.562316 -0.826923 0
    outer loop
      vertex 3.19626 61.9665 1.5
      vertex 3.11832 61.9135 0
      vertex 3.19626 61.9665 0
    endloop
  endfacet
  facet normal -0.999507 -0.031407 0
    outer loop
      vertex 5.5 60.7 0
      vertex 5.49704 60.7942 1.5
      vertex 5.49704 60.7942 0
    endloop
  endfacet
  facet normal -0.999507 -0.031407 0
    outer loop
      vertex 5.49704 60.7942 1.5
      vertex 5.5 60.7 0
      vertex 5.5 60.7 1.5
    endloop
  endfacet
  facet normal -0.157047 0.987591 0
    outer loop
      vertex 4.28107 59.2266 0
      vertex 4.188 59.2118 1.5
      vertex 4.28107 59.2266 1.5
    endloop
  endfacet
  facet normal -0.157047 0.987591 0
    outer loop
      vertex 4.188 59.2118 1.5
      vertex 4.28107 59.2266 0
      vertex 4.188 59.2118 0
    endloop
  endfacet
  facet normal -0.995559 -0.0941429 0
    outer loop
      vertex 5.49704 60.7942 0
      vertex 5.48817 60.888 1.5
      vertex 5.48817 60.888 0
    endloop
  endfacet
  facet normal -0.995559 -0.0941429 0
    outer loop
      vertex 5.48817 60.888 1.5
      vertex 5.49704 60.7942 0
      vertex 5.49704 60.7942 1.5
    endloop
  endfacet
  facet normal -0.940928 -0.338607 0
    outer loop
      vertex 5.42658 61.1635 0
      vertex 5.39466 61.2522 1.5
      vertex 5.39466 61.2522 0
    endloop
  endfacet
  facet normal -0.940928 -0.338607 0
    outer loop
      vertex 5.39466 61.2522 1.5
      vertex 5.42658 61.1635 0
      vertex 5.42658 61.1635 1.5
    endloop
  endfacet
  facet normal -0.987698 -0.156377 0
    outer loop
      vertex 5.48817 60.888 0
      vertex 5.47343 60.9811 1.5
      vertex 5.47343 60.9811 0
    endloop
  endfacet
  facet normal -0.987698 -0.156377 0
    outer loop
      vertex 5.47343 60.9811 1.5
      vertex 5.48817 60.888 0
      vertex 5.48817 60.888 1.5
    endloop
  endfacet
  facet normal -0.960301 -0.278965 0
    outer loop
      vertex 5.45287 61.073 0
      vertex 5.42658 61.1635 1.5
      vertex 5.42658 61.1635 0
    endloop
  endfacet
  facet normal -0.960301 -0.278965 0
    outer loop
      vertex 5.42658 61.1635 1.5
      vertex 5.45287 61.073 0
      vertex 5.45287 61.073 1.5
    endloop
  endfacet
  facet normal -0.827272 -0.561802 0
    outer loop
      vertex 5.26649 61.5037 0
      vertex 5.21352 61.5817 1.5
      vertex 5.21352 61.5817 0
    endloop
  endfacet
  facet normal -0.827272 -0.561802 0
    outer loop
      vertex 5.21352 61.5817 1.5
      vertex 5.26649 61.5037 0
      vertex 5.26649 61.5037 1.5
    endloop
  endfacet
  facet normal -0.661235 -0.750178 0
    outer loop
      vertex 4.95614 61.8558 0
      vertex 5.02682 61.7935 1.5
      vertex 4.95614 61.8558 1.5
    endloop
  endfacet
  facet normal -0.661235 -0.750178 -0
    outer loop
      vertex 5.02682 61.7935 1.5
      vertex 4.95614 61.8558 0
      vertex 5.02682 61.7935 0
    endloop
  endfacet
  facet normal -0.750166 -0.66125 0
    outer loop
      vertex 5.15577 61.6561 0
      vertex 5.09345 61.7268 1.5
      vertex 5.09345 61.7268 0
    endloop
  endfacet
  facet normal -0.750166 -0.66125 0
    outer loop
      vertex 5.09345 61.7268 1.5
      vertex 5.15577 61.6561 0
      vertex 5.15577 61.6561 1.5
    endloop
  endfacet
  facet normal -0.217582 -0.976042 0
    outer loop
      vertex 4.28107 62.1734 0
      vertex 4.37303 62.1529 1.5
      vertex 4.28107 62.1734 1.5
    endloop
  endfacet
  facet normal -0.217582 -0.976042 -0
    outer loop
      vertex 4.37303 62.1529 1.5
      vertex 4.28107 62.1734 0
      vertex 4.37303 62.1529 0
    endloop
  endfacet
  facet normal -0.279091 -0.960265 0
    outer loop
      vertex 4.37303 62.1529 0
      vertex 4.46352 62.1266 1.5
      vertex 4.37303 62.1529 1.5
    endloop
  endfacet
  facet normal -0.279091 -0.960265 -0
    outer loop
      vertex 4.46352 62.1266 1.5
      vertex 4.37303 62.1529 0
      vertex 4.46352 62.1266 0
    endloop
  endfacet
  facet normal -0.0933867 -0.99563 0
    outer loop
      vertex 4.09418 62.197 0
      vertex 4.188 62.1882 1.5
      vertex 4.09418 62.197 1.5
    endloop
  endfacet
  facet normal -0.0933867 -0.99563 -0
    outer loop
      vertex 4.188 62.1882 1.5
      vertex 4.09418 62.197 0
      vertex 4.188 62.1882 0
    endloop
  endfacet
  facet normal -0.0318377 -0.999493 0
    outer loop
      vertex 4 62.2 0
      vertex 4.09418 62.197 1.5
      vertex 4 62.2 1.5
    endloop
  endfacet
  facet normal -0.0318377 -0.999493 -0
    outer loop
      vertex 4.09418 62.197 1.5
      vertex 4 62.2 0
      vertex 4.09418 62.197 0
    endloop
  endfacet
  facet normal -0.453318 -0.891349 0
    outer loop
      vertex 4.63867 62.0572 0
      vertex 4.72263 62.0145 1.5
      vertex 4.63867 62.0572 1.5
    endloop
  endfacet
  facet normal -0.453318 -0.891349 -0
    outer loop
      vertex 4.72263 62.0145 1.5
      vertex 4.63867 62.0572 0
      vertex 4.72263 62.0145 0
    endloop
  endfacet
  facet normal -0.397834 -0.917458 0
    outer loop
      vertex 4.55219 62.0947 0
      vertex 4.63867 62.0572 1.5
      vertex 4.55219 62.0947 1.5
    endloop
  endfacet
  facet normal -0.397834 -0.917458 -0
    outer loop
      vertex 4.63867 62.0572 1.5
      vertex 4.55219 62.0947 0
      vertex 4.63867 62.0572 0
    endloop
  endfacet
  facet normal -0.562316 -0.826923 0
    outer loop
      vertex 4.80374 61.9665 0
      vertex 4.88168 61.9135 1.5
      vertex 4.80374 61.9665 1.5
    endloop
  endfacet
  facet normal -0.562316 -0.826923 -0
    outer loop
      vertex 4.88168 61.9135 1.5
      vertex 4.80374 61.9665 0
      vertex 4.88168 61.9135 0
    endloop
  endfacet
  facet normal 0.999507 0.031407 0
    outer loop
      vertex 2.50296 60.6058 1.5
      vertex 2.5 60.7 0
      vertex 2.5 60.7 1.5
    endloop
  endfacet
  facet normal 0.999507 0.031407 0
    outer loop
      vertex 2.5 60.7 0
      vertex 2.50296 60.6058 1.5
      vertex 2.50296 60.6058 0
    endloop
  endfacet
  facet normal 0.975899 -0.218223 0
    outer loop
      vertex 2.52657 60.9811 1.5
      vertex 2.54712 61.073 0
      vertex 2.54712 61.073 1.5
    endloop
  endfacet
  facet normal 0.975899 -0.218223 0
    outer loop
      vertex 2.54712 61.073 0
      vertex 2.52657 60.9811 1.5
      vertex 2.52657 60.9811 0
    endloop
  endfacet
  facet normal 0.960301 -0.278965 0
    outer loop
      vertex 2.54712 61.073 1.5
      vertex 2.57341 61.1635 0
      vertex 2.57341 61.1635 1.5
    endloop
  endfacet
  facet normal 0.960301 -0.278965 0
    outer loop
      vertex 2.57341 61.1635 0
      vertex 2.54712 61.073 1.5
      vertex 2.54712 61.073 0
    endloop
  endfacet
  facet normal 0.917801 -0.397042 0
    outer loop
      vertex 2.60534 61.2522 1.5
      vertex 2.64276 61.3387 0
      vertex 2.64276 61.3387 1.5
    endloop
  endfacet
  facet normal 0.917801 -0.397042 0
    outer loop
      vertex 2.64276 61.3387 0
      vertex 2.60534 61.2522 1.5
      vertex 2.60534 61.2522 0
    endloop
  endfacet
  facet normal 0.338554 -0.940947 0
    outer loop
      vertex 3.44781 62.0947 0
      vertex 3.53647 62.1266 1.5
      vertex 3.44781 62.0947 1.5
    endloop
  endfacet
  facet normal 0.338554 -0.940947 0
    outer loop
      vertex 3.53647 62.1266 1.5
      vertex 3.44781 62.0947 0
      vertex 3.53647 62.1266 0
    endloop
  endfacet
  facet normal 0.397834 -0.917458 0
    outer loop
      vertex 3.36133 62.0572 0
      vertex 3.44781 62.0947 1.5
      vertex 3.36133 62.0572 1.5
    endloop
  endfacet
  facet normal 0.397834 -0.917458 0
    outer loop
      vertex 3.44781 62.0947 1.5
      vertex 3.36133 62.0572 0
      vertex 3.44781 62.0947 0
    endloop
  endfacet
  facet normal 0.0933966 -0.995629 0
    outer loop
      vertex 3.812 62.1882 0
      vertex 3.90581 62.197 1.5
      vertex 3.812 62.1882 1.5
    endloop
  endfacet
  facet normal 0.0933966 -0.995629 0
    outer loop
      vertex 3.90581 62.197 1.5
      vertex 3.812 62.1882 0
      vertex 3.90581 62.197 0
    endloop
  endfacet
  facet normal 0.157047 -0.987591 0
    outer loop
      vertex 3.71893 62.1734 0
      vertex 3.812 62.1882 1.5
      vertex 3.71893 62.1734 1.5
    endloop
  endfacet
  facet normal 0.157047 -0.987591 0
    outer loop
      vertex 3.812 62.1882 1.5
      vertex 3.71893 62.1734 0
      vertex 3.812 62.1882 0
    endloop
  endfacet
  facet normal 0.50929 -0.860595 0
    outer loop
      vertex 3.19626 61.9665 0
      vertex 3.27737 62.0145 1.5
      vertex 3.19626 61.9665 1.5
    endloop
  endfacet
  facet normal 0.50929 -0.860595 0
    outer loop
      vertex 3.27737 62.0145 1.5
      vertex 3.19626 61.9665 0
      vertex 3.27737 62.0145 0
    endloop
  endfacet
  facet normal 0.707478 -0.706735 0
    outer loop
      vertex 2.90655 61.7268 1.5
      vertex 2.97318 61.7935 0
      vertex 2.97318 61.7935 1.5
    endloop
  endfacet
  facet normal 0.707478 -0.706735 0
    outer loop
      vertex 2.97318 61.7935 0
      vertex 2.90655 61.7268 1.5
      vertex 2.90655 61.7268 0
    endloop
  endfacet
  facet normal 0.750166 -0.66125 0
    outer loop
      vertex 2.84423 61.6561 1.5
      vertex 2.90655 61.7268 0
      vertex 2.90655 61.7268 1.5
    endloop
  endfacet
  facet normal 0.750166 -0.66125 0
    outer loop
      vertex 2.90655 61.7268 0
      vertex 2.84423 61.6561 1.5
      vertex 2.84423 61.6561 0
    endloop
  endfacet
  facet normal -0.999507 0.031407 0
    outer loop
      vertex 5.49704 60.6058 0
      vertex 5.5 60.7 1.5
      vertex 5.5 60.7 0
    endloop
  endfacet
  facet normal -0.999507 0.031407 0
    outer loop
      vertex 5.5 60.7 1.5
      vertex 5.49704 60.6058 0
      vertex 5.49704 60.6058 1.5
    endloop
  endfacet
  facet normal -0.987698 0.156377 0
    outer loop
      vertex 5.47343 60.4189 0
      vertex 5.48817 60.512 1.5
      vertex 5.48817 60.512 0
    endloop
  endfacet
  facet normal -0.987698 0.156377 0
    outer loop
      vertex 5.48817 60.512 1.5
      vertex 5.47343 60.4189 0
      vertex 5.47343 60.4189 1.5
    endloop
  endfacet
  facet normal -0.612529 0.790448 0
    outer loop
      vertex 4.95614 59.5442 0
      vertex 4.88168 59.4865 1.5
      vertex 4.95614 59.5442 1.5
    endloop
  endfacet
  facet normal -0.612529 0.790448 0
    outer loop
      vertex 4.88168 59.4865 1.5
      vertex 4.95614 59.5442 0
      vertex 4.88168 59.4865 0
    endloop
  endfacet
  facet normal -0.890874 0.45425 0
    outer loop
      vertex 5.31446 59.9774 0
      vertex 5.35724 60.0613 1.5
      vertex 5.35724 60.0613 0
    endloop
  endfacet
  facet normal -0.890874 0.45425 0
    outer loop
      vertex 5.35724 60.0613 1.5
      vertex 5.31446 59.9774 0
      vertex 5.31446 59.9774 1.5
    endloop
  endfacet
  facet normal -0.0933867 0.99563 0
    outer loop
      vertex 4.188 59.2118 0
      vertex 4.09418 59.203 1.5
      vertex 4.188 59.2118 1.5
    endloop
  endfacet
  facet normal -0.0933867 0.99563 0
    outer loop
      vertex 4.09418 59.203 1.5
      vertex 4.188 59.2118 0
      vertex 4.09418 59.203 0
    endloop
  endfacet
  facet normal -0.33852 0.940959 0
    outer loop
      vertex 4.55219 59.3053 0
      vertex 4.46352 59.2734 1.5
      vertex 4.55219 59.3053 1.5
    endloop
  endfacet
  facet normal -0.33852 0.940959 0
    outer loop
      vertex 4.46352 59.2734 1.5
      vertex 4.55219 59.3053 0
      vertex 4.46352 59.2734 0
    endloop
  endfacet
  facet normal -0.890874 -0.45425 0
    outer loop
      vertex 5.35724 61.3387 0
      vertex 5.31446 61.4226 1.5
      vertex 5.31446 61.4226 0
    endloop
  endfacet
  facet normal -0.890874 -0.45425 0
    outer loop
      vertex 5.31446 61.4226 1.5
      vertex 5.35724 61.3387 0
      vertex 5.35724 61.3387 1.5
    endloop
  endfacet
  facet normal -0.917801 -0.397042 0
    outer loop
      vertex 5.39466 61.2522 0
      vertex 5.35724 61.3387 1.5
      vertex 5.35724 61.3387 0
    endloop
  endfacet
  facet normal -0.917801 -0.397042 0
    outer loop
      vertex 5.35724 61.3387 1.5
      vertex 5.39466 61.2522 0
      vertex 5.39466 61.2522 1.5
    endloop
  endfacet
  facet normal -0.975876 -0.218324 0
    outer loop
      vertex 5.47343 60.9811 0
      vertex 5.45287 61.073 1.5
      vertex 5.45287 61.073 0
    endloop
  endfacet
  facet normal -0.975876 -0.218324 0
    outer loop
      vertex 5.45287 61.073 1.5
      vertex 5.47343 60.9811 0
      vertex 5.47343 60.9811 1.5
    endloop
  endfacet
  facet normal 0.999507 -0.031407 0
    outer loop
      vertex 2.5 60.7 1.5
      vertex 2.50296 60.7942 0
      vertex 2.50296 60.7942 1.5
    endloop
  endfacet
  facet normal 0.999507 -0.031407 0
    outer loop
      vertex 2.50296 60.7942 0
      vertex 2.5 60.7 1.5
      vertex 2.5 60.7 0
    endloop
  endfacet
  facet normal 0.890874 -0.45425 0
    outer loop
      vertex 2.64276 61.3387 1.5
      vertex 2.68554 61.4226 0
      vertex 2.68554 61.4226 1.5
    endloop
  endfacet
  facet normal 0.890874 -0.45425 0
    outer loop
      vertex 2.68554 61.4226 0
      vertex 2.64276 61.3387 1.5
      vertex 2.64276 61.3387 0
    endloop
  endfacet
  facet normal 0.827321 -0.56173 0
    outer loop
      vertex 2.73351 61.5037 1.5
      vertex 2.78647 61.5817 0
      vertex 2.78647 61.5817 1.5
    endloop
  endfacet
  facet normal 0.827321 -0.56173 0
    outer loop
      vertex 2.78647 61.5817 0
      vertex 2.73351 61.5037 1.5
      vertex 2.73351 61.5037 0
    endloop
  endfacet
  facet normal 0.279091 -0.960265 0
    outer loop
      vertex 3.53647 62.1266 0
      vertex 3.62696 62.1529 1.5
      vertex 3.53647 62.1266 1.5
    endloop
  endfacet
  facet normal 0.279091 -0.960265 0
    outer loop
      vertex 3.62696 62.1529 1.5
      vertex 3.53647 62.1266 0
      vertex 3.62696 62.1529 0
    endloop
  endfacet
  facet normal -0.995559 0.0941429 0
    outer loop
      vertex 5.48817 60.512 0
      vertex 5.49704 60.6058 1.5
      vertex 5.49704 60.6058 0
    endloop
  endfacet
  facet normal -0.995559 0.0941429 0
    outer loop
      vertex 5.49704 60.6058 1.5
      vertex 5.48817 60.512 0
      vertex 5.48817 60.512 1.5
    endloop
  endfacet
  facet normal -0.960301 0.278965 0
    outer loop
      vertex 5.42658 60.2365 0
      vertex 5.45287 60.327 1.5
      vertex 5.45287 60.327 0
    endloop
  endfacet
  facet normal -0.960301 0.278965 0
    outer loop
      vertex 5.45287 60.327 1.5
      vertex 5.42658 60.2365 0
      vertex 5.42658 60.2365 1.5
    endloop
  endfacet
  facet normal -0.750166 0.66125 0
    outer loop
      vertex 5.09345 59.6732 0
      vertex 5.15577 59.7439 1.5
      vertex 5.15577 59.7439 0
    endloop
  endfacet
  facet normal -0.750166 0.66125 0
    outer loop
      vertex 5.15577 59.7439 1.5
      vertex 5.09345 59.6732 0
      vertex 5.09345 59.6732 1.5
    endloop
  endfacet
  facet normal -0.940928 0.338607 0
    outer loop
      vertex 5.39466 60.1478 0
      vertex 5.42658 60.2365 1.5
      vertex 5.42658 60.2365 0
    endloop
  endfacet
  facet normal -0.940928 0.338607 0
    outer loop
      vertex 5.42658 60.2365 1.5
      vertex 5.39466 60.1478 0
      vertex 5.39466 60.1478 1.5
    endloop
  endfacet
  facet normal 0.453318 0.891349 -0
    outer loop
      vertex 3.36133 59.3428 0
      vertex 3.27737 59.3855 1.5
      vertex 3.36133 59.3428 1.5
    endloop
  endfacet
  facet normal 0.453318 0.891349 0
    outer loop
      vertex 3.27737 59.3855 1.5
      vertex 3.36133 59.3428 0
      vertex 3.27737 59.3855 0
    endloop
  endfacet
  facet normal -0.0318377 0.999493 0
    outer loop
      vertex 4.09418 59.203 0
      vertex 4 59.2 1.5
      vertex 4.09418 59.203 1.5
    endloop
  endfacet
  facet normal -0.0318377 0.999493 0
    outer loop
      vertex 4 59.2 1.5
      vertex 4.09418 59.203 0
      vertex 4 59.2 0
    endloop
  endfacet
  facet normal 0.995559 0.0941429 0
    outer loop
      vertex 2.51183 60.512 1.5
      vertex 2.50296 60.6058 0
      vertex 2.50296 60.6058 1.5
    endloop
  endfacet
  facet normal 0.995559 0.0941429 0
    outer loop
      vertex 2.50296 60.6058 0
      vertex 2.51183 60.512 1.5
      vertex 2.51183 60.512 0
    endloop
  endfacet
  facet normal 0.987698 0.156377 0
    outer loop
      vertex 2.52657 60.4189 1.5
      vertex 2.51183 60.512 0
      vertex 2.51183 60.512 1.5
    endloop
  endfacet
  facet normal 0.987698 0.156377 0
    outer loop
      vertex 2.51183 60.512 0
      vertex 2.52657 60.4189 1.5
      vertex 2.52657 60.4189 0
    endloop
  endfacet
  facet normal 0.940894 0.338701 0
    outer loop
      vertex 2.60534 60.1478 1.5
      vertex 2.57341 60.2365 0
      vertex 2.57341 60.2365 1.5
    endloop
  endfacet
  facet normal 0.940894 0.338701 0
    outer loop
      vertex 2.57341 60.2365 0
      vertex 2.60534 60.1478 1.5
      vertex 2.60534 60.1478 0
    endloop
  endfacet
  facet normal 0.960301 0.278965 0
    outer loop
      vertex 2.57341 60.2365 1.5
      vertex 2.54712 60.327 0
      vertex 2.54712 60.327 1.5
    endloop
  endfacet
  facet normal 0.960301 0.278965 0
    outer loop
      vertex 2.54712 60.327 0
      vertex 2.57341 60.2365 1.5
      vertex 2.57341 60.2365 0
    endloop
  endfacet
  facet normal -0.217582 0.976042 0
    outer loop
      vertex 4.37303 59.2471 0
      vertex 4.28107 59.2266 1.5
      vertex 4.37303 59.2471 1.5
    endloop
  endfacet
  facet normal -0.217582 0.976042 0
    outer loop
      vertex 4.28107 59.2266 1.5
      vertex 4.37303 59.2471 0
      vertex 4.28107 59.2266 0
    endloop
  endfacet
  facet normal -0.279091 0.960265 0
    outer loop
      vertex 4.46352 59.2734 0
      vertex 4.37303 59.2471 1.5
      vertex 4.46352 59.2734 1.5
    endloop
  endfacet
  facet normal -0.279091 0.960265 0
    outer loop
      vertex 4.37303 59.2471 1.5
      vertex 4.46352 59.2734 0
      vertex 4.37303 59.2471 0
    endloop
  endfacet
  facet normal -0.397834 0.917458 0
    outer loop
      vertex 4.63867 59.3428 0
      vertex 4.55219 59.3053 1.5
      vertex 4.63867 59.3428 1.5
    endloop
  endfacet
  facet normal -0.397834 0.917458 0
    outer loop
      vertex 4.55219 59.3053 1.5
      vertex 4.63867 59.3428 0
      vertex 4.55219 59.3053 0
    endloop
  endfacet
  facet normal -0.975876 0.218324 0
    outer loop
      vertex 5.45287 60.327 0
      vertex 5.47343 60.4189 1.5
      vertex 5.47343 60.4189 0
    endloop
  endfacet
  facet normal -0.975876 0.218324 0
    outer loop
      vertex 5.47343 60.4189 1.5
      vertex 5.45287 60.327 0
      vertex 5.45287 60.327 1.5
    endloop
  endfacet
  facet normal -0.562316 0.826923 0
    outer loop
      vertex 4.88168 59.4865 0
      vertex 4.80374 59.4335 1.5
      vertex 4.88168 59.4865 1.5
    endloop
  endfacet
  facet normal -0.562316 0.826923 0
    outer loop
      vertex 4.80374 59.4335 1.5
      vertex 4.88168 59.4865 0
      vertex 4.80374 59.4335 0
    endloop
  endfacet
  facet normal -0.50929 0.860595 0
    outer loop
      vertex 4.80374 59.4335 0
      vertex 4.72263 59.3855 1.5
      vertex 4.80374 59.4335 1.5
    endloop
  endfacet
  facet normal -0.50929 0.860595 0
    outer loop
      vertex 4.72263 59.3855 1.5
      vertex 4.80374 59.4335 0
      vertex 4.72263 59.3855 0
    endloop
  endfacet
  facet normal -0.827272 0.561802 0
    outer loop
      vertex 5.21352 59.8183 0
      vertex 5.26649 59.8963 1.5
      vertex 5.26649 59.8963 0
    endloop
  endfacet
  facet normal -0.827272 0.561802 0
    outer loop
      vertex 5.26649 59.8963 1.5
      vertex 5.21352 59.8183 0
      vertex 5.21352 59.8183 1.5
    endloop
  endfacet
  facet normal -0.789952 0.613168 0
    outer loop
      vertex 5.15577 59.7439 0
      vertex 5.21352 59.8183 1.5
      vertex 5.21352 59.8183 0
    endloop
  endfacet
  facet normal -0.789952 0.613168 0
    outer loop
      vertex 5.21352 59.8183 1.5
      vertex 5.15577 59.7439 0
      vertex 5.15577 59.7439 1.5
    endloop
  endfacet
  facet normal -0.917801 0.397042 0
    outer loop
      vertex 5.35724 60.0613 0
      vertex 5.39466 60.1478 1.5
      vertex 5.39466 60.1478 0
    endloop
  endfacet
  facet normal -0.917801 0.397042 0
    outer loop
      vertex 5.39466 60.1478 1.5
      vertex 5.35724 60.0613 0
      vertex 5.35724 60.0613 1.5
    endloop
  endfacet
  facet normal 0.612529 0.790448 -0
    outer loop
      vertex 3.11832 59.4865 0
      vertex 3.04386 59.5442 1.5
      vertex 3.11832 59.4865 1.5
    endloop
  endfacet
  facet normal 0.612529 0.790448 0
    outer loop
      vertex 3.04386 59.5442 1.5
      vertex 3.11832 59.4865 0
      vertex 3.04386 59.5442 0
    endloop
  endfacet
  facet normal 0.0933966 0.995629 -0
    outer loop
      vertex 3.90581 59.203 0
      vertex 3.812 59.2118 1.5
      vertex 3.90581 59.203 1.5
    endloop
  endfacet
  facet normal 0.0933966 0.995629 0
    outer loop
      vertex 3.812 59.2118 1.5
      vertex 3.90581 59.203 0
      vertex 3.812 59.2118 0
    endloop
  endfacet
  facet normal 0.860707 0.509101 0
    outer loop
      vertex 2.73351 59.8963 1.5
      vertex 2.68554 59.9774 0
      vertex 2.68554 59.9774 1.5
    endloop
  endfacet
  facet normal 0.860707 0.509101 0
    outer loop
      vertex 2.68554 59.9774 0
      vertex 2.73351 59.8963 1.5
      vertex 2.73351 59.8963 0
    endloop
  endfacet
  facet normal 0.707478 0.706735 0
    outer loop
      vertex 2.97318 59.6065 1.5
      vertex 2.90655 59.6732 0
      vertex 2.90655 59.6732 1.5
    endloop
  endfacet
  facet normal 0.707478 0.706735 0
    outer loop
      vertex 2.90655 59.6732 0
      vertex 2.97318 59.6065 1.5
      vertex 2.97318 59.6065 0
    endloop
  endfacet
  facet normal 0.789901 0.613235 0
    outer loop
      vertex 2.84423 59.7439 1.5
      vertex 2.78647 59.8183 0
      vertex 2.78647 59.8183 1.5
    endloop
  endfacet
  facet normal 0.789901 0.613235 0
    outer loop
      vertex 2.78647 59.8183 0
      vertex 2.84423 59.7439 1.5
      vertex 2.84423 59.7439 0
    endloop
  endfacet
  facet normal 0.917801 0.397042 0
    outer loop
      vertex 2.64276 60.0613 1.5
      vertex 2.60534 60.1478 0
      vertex 2.60534 60.1478 1.5
    endloop
  endfacet
  facet normal 0.917801 0.397042 0
    outer loop
      vertex 2.60534 60.1478 0
      vertex 2.64276 60.0613 1.5
      vertex 2.64276 60.0613 0
    endloop
  endfacet
  facet normal 0.890874 0.45425 0
    outer loop
      vertex 2.68554 59.9774 1.5
      vertex 2.64276 60.0613 0
      vertex 2.64276 60.0613 1.5
    endloop
  endfacet
  facet normal 0.890874 0.45425 0
    outer loop
      vertex 2.64276 60.0613 0
      vertex 2.68554 59.9774 1.5
      vertex 2.68554 59.9774 0
    endloop
  endfacet
  facet normal -0.707478 0.706735 0
    outer loop
      vertex 5.02682 59.6065 0
      vertex 5.09345 59.6732 1.5
      vertex 5.09345 59.6732 0
    endloop
  endfacet
  facet normal -0.707478 0.706735 0
    outer loop
      vertex 5.09345 59.6732 1.5
      vertex 5.02682 59.6065 0
      vertex 5.02682 59.6065 1.5
    endloop
  endfacet
  facet normal -0.661235 0.750178 0
    outer loop
      vertex 5.02682 59.6065 0
      vertex 4.95614 59.5442 1.5
      vertex 5.02682 59.6065 1.5
    endloop
  endfacet
  facet normal -0.661235 0.750178 0
    outer loop
      vertex 4.95614 59.5442 1.5
      vertex 5.02682 59.6065 0
      vertex 4.95614 59.5442 0
    endloop
  endfacet
  facet normal -0.860707 0.509101 0
    outer loop
      vertex 5.26649 59.8963 0
      vertex 5.31446 59.9774 1.5
      vertex 5.31446 59.9774 0
    endloop
  endfacet
  facet normal -0.860707 0.509101 0
    outer loop
      vertex 5.31446 59.9774 1.5
      vertex 5.26649 59.8963 0
      vertex 5.26649 59.8963 1.5
    endloop
  endfacet
  facet normal 0.50929 0.860595 -0
    outer loop
      vertex 3.27737 59.3855 0
      vertex 3.19626 59.4335 1.5
      vertex 3.27737 59.3855 1.5
    endloop
  endfacet
  facet normal 0.50929 0.860595 0
    outer loop
      vertex 3.19626 59.4335 1.5
      vertex 3.27737 59.3855 0
      vertex 3.19626 59.4335 0
    endloop
  endfacet
  facet normal 0.562316 0.826923 -0
    outer loop
      vertex 3.19626 59.4335 0
      vertex 3.11832 59.4865 1.5
      vertex 3.19626 59.4335 1.5
    endloop
  endfacet
  facet normal 0.562316 0.826923 0
    outer loop
      vertex 3.11832 59.4865 1.5
      vertex 3.19626 59.4335 0
      vertex 3.11832 59.4865 0
    endloop
  endfacet
  facet normal 0.338554 0.940947 -0
    outer loop
      vertex 3.53647 59.2734 0
      vertex 3.44781 59.3053 1.5
      vertex 3.53647 59.2734 1.5
    endloop
  endfacet
  facet normal 0.338554 0.940947 0
    outer loop
      vertex 3.44781 59.3053 1.5
      vertex 3.53647 59.2734 0
      vertex 3.44781 59.3053 0
    endloop
  endfacet
  facet normal 0.397834 0.917458 -0
    outer loop
      vertex 3.44781 59.3053 0
      vertex 3.36133 59.3428 1.5
      vertex 3.44781 59.3053 1.5
    endloop
  endfacet
  facet normal 0.397834 0.917458 0
    outer loop
      vertex 3.36133 59.3428 1.5
      vertex 3.44781 59.3053 0
      vertex 3.36133 59.3428 0
    endloop
  endfacet
  facet normal 0.279091 0.960265 -0
    outer loop
      vertex 3.62696 59.2471 0
      vertex 3.53647 59.2734 1.5
      vertex 3.62696 59.2471 1.5
    endloop
  endfacet
  facet normal 0.279091 0.960265 0
    outer loop
      vertex 3.53647 59.2734 1.5
      vertex 3.62696 59.2471 0
      vertex 3.53647 59.2734 0
    endloop
  endfacet
  facet normal 0.21756 0.976047 -0
    outer loop
      vertex 3.71893 59.2266 0
      vertex 3.62696 59.2471 1.5
      vertex 3.71893 59.2266 1.5
    endloop
  endfacet
  facet normal 0.21756 0.976047 0
    outer loop
      vertex 3.62696 59.2471 1.5
      vertex 3.71893 59.2266 0
      vertex 3.62696 59.2471 0
    endloop
  endfacet
  facet normal 0.0318344 0.999493 -0
    outer loop
      vertex 4 59.2 0
      vertex 3.90581 59.203 1.5
      vertex 4 59.2 1.5
    endloop
  endfacet
  facet normal 0.0318344 0.999493 0
    outer loop
      vertex 3.90581 59.203 1.5
      vertex 4 59.2 0
      vertex 3.90581 59.203 0
    endloop
  endfacet
  facet normal 0.975899 0.218223 0
    outer loop
      vertex 2.54712 60.327 1.5
      vertex 2.52657 60.4189 0
      vertex 2.52657 60.4189 1.5
    endloop
  endfacet
  facet normal 0.975899 0.218223 0
    outer loop
      vertex 2.52657 60.4189 0
      vertex 2.54712 60.327 1.5
      vertex 2.54712 60.327 0
    endloop
  endfacet
  facet normal 0.750166 0.66125 0
    outer loop
      vertex 2.90655 59.6732 1.5
      vertex 2.84423 59.7439 0
      vertex 2.84423 59.7439 1.5
    endloop
  endfacet
  facet normal 0.750166 0.66125 0
    outer loop
      vertex 2.84423 59.7439 0
      vertex 2.90655 59.6732 1.5
      vertex 2.90655 59.6732 0
    endloop
  endfacet
  facet normal 0.827321 0.56173 0
    outer loop
      vertex 2.78647 59.8183 1.5
      vertex 2.73351 59.8963 0
      vertex 2.73351 59.8963 1.5
    endloop
  endfacet
  facet normal 0.827321 0.56173 0
    outer loop
      vertex 2.73351 59.8963 0
      vertex 2.78647 59.8183 1.5
      vertex 2.78647 59.8183 0
    endloop
  endfacet
  facet normal 0.157047 0.987591 -0
    outer loop
      vertex 3.812 59.2118 0
      vertex 3.71893 59.2266 1.5
      vertex 3.812 59.2118 1.5
    endloop
  endfacet
  facet normal 0.157047 0.987591 0
    outer loop
      vertex 3.71893 59.2266 1.5
      vertex 3.812 59.2118 0
      vertex 3.71893 59.2266 0
    endloop
  endfacet
  facet normal 0.661235 0.750178 -0
    outer loop
      vertex 3.04386 59.5442 0
      vertex 2.97318 59.6065 1.5
      vertex 3.04386 59.5442 1.5
    endloop
  endfacet
  facet normal 0.661235 0.750178 0
    outer loop
      vertex 2.97318 59.6065 1.5
      vertex 3.04386 59.5442 0
      vertex 2.97318 59.6065 0
    endloop
  endfacet
endsolid OpenSCAD_Model
