solid 6mm_pushbutton_housing_with_cap
facet normal 1.0 -0.0 -0.0
  outer loop
    vertex 25.0 10.000000000000002 0.0
    vertex 25.0 1.9999999999999998 10.0
    vertex 25.0 1.9999999999999998 0.0
  endloop
endfacet
facet normal 1.0 -0.0 -0.0
  outer loop
    vertex 25.0 1.9999999999999998 10.0
    vertex 25.0 10.000000000000002 0.0
    vertex 25.0 10.000000000000002 10.0
  endloop
endfacet
facet normal -5.5055884121857486e-18 -1.0 -2.4765533588411904e-17
  outer loop
    vertex 23.0 0.0 10.0
    vertex 18.5 0.0 0.0
    vertex 23.0 0.0 0.0
  endloop
endfacet
facet normal -5.5055884121857486e-18 -1.0 -2.4765533588411904e-17
  outer loop
    vertex 18.5 0.0 0.0
    vertex 23.0 0.0 10.0
    vertex 18.5 0.0 1.9999999999999998
  endloop
endfacet
facet normal -5.5055884121857486e-18 -1.0 -2.4765533588411904e-17
  outer loop
    vertex 18.5 0.0 1.9999999999999998
    vertex 23.0 0.0 10.0
    vertex 6.499999999999999 7.34788079488412e-16 1.9999999999999998
  endloop
endfacet
facet normal -5.5055884121857486e-18 -1.0 -2.4765533588411904e-17
  outer loop
    vertex 6.499999999999999 7.34788079488412e-16 1.9999999999999998
    vertex 23.0 0.0 10.0
    vertex 6.854101966249685 0.0 4.293660902229079
  endloop
endfacet
facet normal -5.5055884121857486e-18 -1.0 -2.4765533588411904e-17
  outer loop
    vertex 6.499999999999999 7.34788079488412e-16 1.9999999999999998
    vertex 6.854101966249685 0.0 4.293660902229079
    vertex 5.938606790241385 0.0 4.073869956429173
  endloop
endfacet
facet normal -5.5055884121857486e-18 -1.0 -2.4765533588411904e-17
  outer loop
    vertex 6.499999999999999 7.34788079488412e-16 1.9999999999999998
    vertex 5.938606790241385 0.0 4.073869956429173
    vertex 5.000000000000001 0.0 4.0
  endloop
endfacet
facet normal -5.5055884121857486e-18 -1.0 -2.4765533588411904e-17
  outer loop
    vertex 6.854101966249685 0.0 4.293660902229079
    vertex 23.0 0.0 10.0
    vertex 7.723942998437281 0.0 4.653960854869793
  endloop
endfacet
facet normal -5.5055884121857486e-18 -1.0 -2.4765533588411904e-17
  outer loop
    vertex 7.723942998437281 0.0 4.653960854869793
    vertex 23.0 0.0 10.0
    vertex 8.526711513754838 0.0 5.145898033750315
  endloop
endfacet
facet normal -5.5055884121857486e-18 -1.0 -2.4765533588411904e-17
  outer loop
    vertex 8.526711513754838 0.0 5.145898033750315
    vertex 23.0 0.0 10.0
    vertex 9.242640687119286 0.0 5.757359312880715
  endloop
endfacet
facet normal -5.5055884121857486e-18 -1.0 -2.4765533588411904e-17
  outer loop
    vertex 9.242640687119286 0.0 5.757359312880715
    vertex 23.0 0.0 10.0
    vertex 9.854101966249685 0.0 6.473288486245162
  endloop
endfacet
facet normal -5.5055884121857486e-18 -1.0 -2.4765533588411904e-17
  outer loop
    vertex 9.854101966249685 0.0 6.473288486245162
    vertex 23.0 0.0 10.0
    vertex 10.346039145130208 0.0 7.276057001562719
  endloop
endfacet
facet normal -5.5055884121857486e-18 -1.0 -2.4765533588411904e-17
  outer loop
    vertex 10.346039145130208 0.0 7.276057001562719
    vertex 23.0 0.0 10.0
    vertex 10.706339097770922 0.0 8.145898033750317
  endloop
endfacet
facet normal -5.5055884121857486e-18 -1.0 -2.4765533588411904e-17
  outer loop
    vertex 10.706339097770922 0.0 8.145898033750317
    vertex 23.0 0.0 10.0
    vertex 10.926130043570826 0.0 9.061393209758615
  endloop
endfacet
facet normal -5.5055884121857486e-18 -1.0 -2.4765533588411904e-17
  outer loop
    vertex 10.926130043570826 0.0 9.061393209758615
    vertex 23.0 0.0 10.0
    vertex 11.0 0.0 10.0
  endloop
endfacet
facet normal -5.5055884121857486e-18 -1.0 -2.4765533588411904e-17
  outer loop
    vertex 6.499999999999999 7.34788079488412e-16 1.9999999999999998
    vertex 0.0 0.0 0.0
    vertex 6.499999999999999 7.34788079488412e-16 0.0
  endloop
endfacet
facet normal -5.5055884121857486e-18 -1.0 -2.4765533588411904e-17
  outer loop
    vertex 0.0 0.0 0.0
    vertex 6.499999999999999 7.34788079488412e-16 1.9999999999999998
    vertex -3.282635309827196e-18 0.0 4.0
  endloop
endfacet
facet normal -5.5055884121857486e-18 -1.0 -2.4765533588411904e-17
  outer loop
    vertex -3.282635309827196e-18 0.0 4.0
    vertex 6.499999999999999 7.34788079488412e-16 1.9999999999999998
    vertex 5.000000000000001 0.0 4.0
  endloop
endfacet
facet normal -1.0 1.7277027946458927e-19 -4.103294137283997e-19
  outer loop
    vertex 0.0 8.0 3.9999999999999996
    vertex 0.0 4.425000000000001 2.5
    vertex -3.282635309827196e-18 3.9999999999999996 4.0
  endloop
endfacet
facet normal -1.0 1.7277027946458927e-19 -4.103294137283997e-19
  outer loop
    vertex 0.0 4.425000000000001 2.5
    vertex 0.0 8.0 3.9999999999999996
    vertex 0.0 7.575 2.5
  endloop
endfacet
facet normal -1.0 1.7277027946458927e-19 -4.103294137283997e-19
  outer loop
    vertex 0.0 7.575 2.5
    vertex 0.0 8.0 3.9999999999999996
    vertex 0.0 7.575 0.0
  endloop
endfacet
facet normal -1.0 1.7277027946458927e-19 -4.103294137283997e-19
  outer loop
    vertex 0.0 7.575 0.0
    vertex 0.0 8.0 3.9999999999999996
    vertex 0.0 12.0 0.0
  endloop
endfacet
facet normal -1.0 1.7277027946458927e-19 -4.103294137283997e-19
  outer loop
    vertex 0.0 12.0 0.0
    vertex 0.0 8.0 3.9999999999999996
    vertex 0.0 12.0 3.9999999999999996
  endloop
endfacet
facet normal -1.0 1.7277027946458927e-19 -4.103294137283997e-19
  outer loop
    vertex -3.282635309827196e-18 3.9999999999999996 4.0
    vertex 0.0 0.0 0.0
    vertex -3.282635309827196e-18 0.0 4.0
  endloop
endfacet
facet normal -1.0 1.7277027946458927e-19 -4.103294137283997e-19
  outer loop
    vertex 0.0 0.0 0.0
    vertex -3.282635309827196e-18 3.9999999999999996 4.0
    vertex 0.0 4.425000000000001 0.0
  endloop
endfacet
facet normal -1.0 1.7277027946458927e-19 -4.103294137283997e-19
  outer loop
    vertex 0.0 4.425000000000001 0.0
    vertex -3.282635309827196e-18 3.9999999999999996 4.0
    vertex 0.0 4.425000000000001 2.5
  endloop
endfacet
facet normal -5.816941278863014e-17 1.0 -3.2460272408420757e-18
  outer loop
    vertex 16.7 2.8500000000000005 10.0
    vertex 23.000994607809755 2.850000000000001 6.492351876344411
    vertex 16.700994607809754 2.8500000000000005 6.492351876344411
  endloop
endfacet
facet normal -5.816941278863014e-17 1.0 -3.2460272408420757e-18
  outer loop
    vertex 23.000994607809755 2.850000000000001 6.492351876344411
    vertex 16.7 2.8500000000000005 10.0
    vertex 23.0 2.850000000000001 10.0
  endloop
endfacet
facet normal -1.0 0.0 0.0
  outer loop
    vertex 23.0 9.15 10.0
    vertex 23.000994607809755 2.850000000000001 6.492351876344411
    vertex 23.0 2.850000000000001 10.0
  endloop
endfacet
facet normal -1.0 0.0 0.0
  outer loop
    vertex 23.000994607809755 2.850000000000001 6.492351876344411
    vertex 23.0 9.15 10.0
    vertex 23.000994607809755 9.15 6.492351876344411
  endloop
endfacet
facet normal 0.0 -1.0 0.0
  outer loop
    vertex 23.0 9.15 10.0
    vertex 16.700994607809754 9.15 6.492351876344411
    vertex 23.000994607809755 9.15 6.492351876344411
  endloop
endfacet
facet normal 0.0 -1.0 0.0
  outer loop
    vertex 16.700994607809754 9.15 6.492351876344411
    vertex 23.0 9.15 10.0
    vertex 16.7 9.15 10.0
  endloop
endfacet
facet normal 1.0 -0.0 -0.0
  outer loop
    vertex 16.7 7.575 2.5
    vertex 16.700994607809754 4.425000000000001 6.499999876344411
    vertex 16.7 4.425000000000001 2.5
  endloop
endfacet
facet normal 1.0 -0.0 -0.0
  outer loop
    vertex 16.700994607809754 4.425000000000001 6.499999876344411
    vertex 16.7 2.8500000000000005 10.0
    vertex 16.700994607809754 2.8500000000000005 6.492351876344411
  endloop
endfacet
facet normal 1.0 -0.0 -0.0
  outer loop
    vertex 16.7 2.8500000000000005 10.0
    vertex 16.700994607809754 4.425000000000001 6.499999876344411
    vertex 16.7 9.15 10.0
  endloop
endfacet
facet normal 1.0 -0.0 -0.0
  outer loop
    vertex 16.7 9.15 10.0
    vertex 16.700994607809754 4.425000000000001 6.499999876344411
    vertex 16.700994607809754 7.575 6.499999876344411
  endloop
endfacet
facet normal 1.0 -0.0 -0.0
  outer loop
    vertex 16.700994607809754 7.575 6.499999876344411
    vertex 16.700994607809754 4.425000000000001 6.499999876344411
    vertex 16.7 7.575 2.5
  endloop
endfacet
facet normal 1.0 -0.0 -0.0
  outer loop
    vertex 16.7 9.15 10.0
    vertex 16.700994607809754 7.575 6.499999876344411
    vertex 16.700994607809754 9.15 6.492351876344411
  endloop
endfacet
facet normal 3.400510136418513e-17 1.0 -5.70917573661021e-17
  outer loop
    vertex 0.0 12.0 3.9999999999999996
    vertex 6.499999999999999 12.0 0.0
    vertex 0.0 12.0 0.0
  endloop
endfacet
facet normal 3.400510136418513e-17 1.0 -5.70917573661021e-17
  outer loop
    vertex 6.499999999999999 12.0 0.0
    vertex 0.0 12.0 3.9999999999999996
    vertex 6.499999999999999 12.0 1.9999999999999998
  endloop
endfacet
facet normal 3.400510136418513e-17 1.0 -5.70917573661021e-17
  outer loop
    vertex 6.499999999999999 12.0 1.9999999999999998
    vertex 0.0 12.0 3.9999999999999996
    vertex 18.5 12.0 1.9999999999999998
  endloop
endfacet
facet normal 3.400510136418513e-17 1.0 -5.70917573661021e-17
  outer loop
    vertex 18.5 12.0 1.9999999999999998
    vertex 23.0 12.0 0.0
    vertex 18.5 12.0 0.0
  endloop
endfacet
facet normal 3.400510136418513e-17 1.0 -5.70917573661021e-17
  outer loop
    vertex 23.0 12.0 0.0
    vertex 18.5 12.0 1.9999999999999998
    vertex 23.0 12.0 10.0
  endloop
endfacet
facet normal 3.400510136418513e-17 1.0 -5.70917573661021e-17
  outer loop
    vertex 23.0 12.0 10.0
    vertex 18.5 12.0 1.9999999999999998
    vertex 6.854101966249683 12.0 4.293660902229078
  endloop
endfacet
facet normal 3.400510136418513e-17 1.0 -5.70917573661021e-17
  outer loop
    vertex 6.854101966249683 12.0 4.293660902229078
    vertex 18.5 12.0 1.9999999999999998
    vertex 5.9386067902413835 12.0 4.0738699564291725
  endloop
endfacet
facet normal 3.400510136418513e-17 1.0 -5.70917573661021e-17
  outer loop
    vertex 5.9386067902413835 12.0 4.0738699564291725
    vertex 18.5 12.0 1.9999999999999998
    vertex 4.999999999999998 12.0 3.9999999999999996
  endloop
endfacet
facet normal 3.400510136418513e-17 1.0 -5.70917573661021e-17
  outer loop
    vertex 4.999999999999998 12.0 3.9999999999999996
    vertex 18.5 12.0 1.9999999999999998
    vertex 0.0 12.0 3.9999999999999996
  endloop
endfacet
facet normal 3.400510136418513e-17 1.0 -5.70917573661021e-17
  outer loop
    vertex 23.0 12.0 10.0
    vertex 6.854101966249683 12.0 4.293660902229078
    vertex 7.723942998437279 12.0 4.6539608548697915
  endloop
endfacet
facet normal 3.400510136418513e-17 1.0 -5.70917573661021e-17
  outer loop
    vertex 23.0 12.0 10.0
    vertex 7.723942998437279 12.0 4.6539608548697915
    vertex 8.526711513754837 12.0 5.145898033750314
  endloop
endfacet
facet normal 3.400510136418513e-17 1.0 -5.70917573661021e-17
  outer loop
    vertex 23.0 12.0 10.0
    vertex 8.526711513754837 12.0 5.145898033750314
    vertex 9.242640687119284 12.0 5.7573593128807135
  endloop
endfacet
facet normal 3.400510136418513e-17 1.0 -5.70917573661021e-17
  outer loop
    vertex 23.0 12.0 10.0
    vertex 9.242640687119284 12.0 5.7573593128807135
    vertex 9.854101966249683 12.0 6.47328848624516
  endloop
endfacet
facet normal 3.400510136418513e-17 1.0 -5.70917573661021e-17
  outer loop
    vertex 23.0 12.0 10.0
    vertex 9.854101966249683 12.0 6.47328848624516
    vertex 10.346039145130206 12.0 7.276057001562718
  endloop
endfacet
facet normal 3.400510136418513e-17 1.0 -5.70917573661021e-17
  outer loop
    vertex 23.0 12.0 10.0
    vertex 10.346039145130206 12.0 7.276057001562718
    vertex 10.70633909777092 12.0 8.145898033750314
  endloop
endfacet
facet normal 3.400510136418513e-17 1.0 -5.70917573661021e-17
  outer loop
    vertex 23.0 12.0 10.0
    vertex 10.70633909777092 12.0 8.145898033750314
    vertex 10.926130043570826 12.0 9.061393209758613
  endloop
endfacet
facet normal 3.400510136418513e-17 1.0 -5.70917573661021e-17
  outer loop
    vertex 23.0 12.0 10.0
    vertex 10.926130043570826 12.0 9.061393209758613
    vertex 11.0 12.0 10.0
  endloop
endfacet
facet normal 6.469430775537491e-17 -1.0 -4.646251066734887e-16
  outer loop
    vertex 10.926130043570826 3.9999999999999996 9.061393209758615
    vertex 5.5 3.9999999999999956 8.5
    vertex 10.706339097770922 3.9999999999999996 8.145898033750317
  endloop
endfacet
facet normal 6.469430775537491e-17 -1.0 -4.646251066734887e-16
  outer loop
    vertex 5.5 3.9999999999999956 8.5
    vertex 10.926130043570826 3.9999999999999996 9.061393209758615
    vertex 5.888228567653781 3.9999999999999956 8.551111260566397
  endloop
endfacet
facet normal 6.469430775537491e-17 -1.0 -4.646251066734887e-16
  outer loop
    vertex 5.888228567653781 3.9999999999999956 8.551111260566397
    vertex 10.926130043570826 3.9999999999999996 9.061393209758615
    vertex 6.249999999999999 3.9999999999999956 8.700961894323342
  endloop
endfacet
facet normal 6.469430775537491e-17 -1.0 -4.646251066734887e-16
  outer loop
    vertex 6.249999999999999 3.9999999999999956 8.700961894323342
    vertex 10.926130043570826 3.9999999999999996 9.061393209758615
    vertex 6.560660171779821 3.9999999999999956 8.939339828220179
  endloop
endfacet
facet normal 6.469430775537491e-17 -1.0 -4.646251066734887e-16
  outer loop
    vertex 6.560660171779821 3.9999999999999956 8.939339828220179
    vertex 10.926130043570826 3.9999999999999996 9.061393209758615
    vertex 6.799038105676657 3.9999999999999956 9.25
  endloop
endfacet
facet normal 6.469430775537491e-17 -1.0 -4.646251066734887e-16
  outer loop
    vertex 6.799038105676657 3.9999999999999956 9.25
    vertex 10.926130043570826 3.9999999999999996 9.061393209758615
    vertex 11.0 3.9999999999999996 10.0
  endloop
endfacet
facet normal 6.469430775537491e-17 -1.0 -4.646251066734887e-16
  outer loop
    vertex 6.799038105676657 3.9999999999999956 9.25
    vertex 11.0 3.9999999999999996 10.0
    vertex 6.9488887394336025 3.9999999999999956 9.611771432346218
  endloop
endfacet
facet normal 6.469430775537491e-17 -1.0 -4.646251066734887e-16
  outer loop
    vertex 6.9488887394336025 3.9999999999999956 9.611771432346218
    vertex 11.0 3.9999999999999996 10.0
    vertex 7.0 3.9999999999999956 10.0
  endloop
endfacet
facet normal 6.469430775537491e-17 -1.0 -4.646251066734887e-16
  outer loop
    vertex 7.0 3.9999999999999956 10.0
    vertex 11.0 3.9999999999999996 10.0
    vertex 10.5 3.9999999999999956 10.0
  endloop
endfacet
facet normal 6.469430775537491e-17 -1.0 -4.646251066734887e-16
  outer loop
    vertex 7.0 3.9999999999999956 10.0
    vertex 10.5 3.9999999999999956 10.0
    vertex 10.43844170297569 3.9999999999999956 10.782172325201154
  endloop
endfacet
facet normal 6.469430775537491e-17 -1.0 -4.646251066734887e-16
  outer loop
    vertex 7.0 3.9999999999999956 10.0
    vertex 10.43844170297569 3.9999999999999956 10.782172325201154
    vertex 6.9488887394336025 3.9999999999999956 10.38822856765378
  endloop
endfacet
facet normal 6.469430775537491e-17 -1.0 -4.646251066734887e-16
  outer loop
    vertex 6.9488887394336025 3.9999999999999956 10.38822856765378
    vertex 10.43844170297569 3.9999999999999956 10.782172325201154
    vertex 6.799038105676657 3.9999999999999956 10.75
  endloop
endfacet
facet normal 6.469430775537491e-17 -1.0 -4.646251066734887e-16
  outer loop
    vertex 6.799038105676657 3.9999999999999956 10.75
    vertex 10.43844170297569 3.9999999999999956 10.782172325201154
    vertex 6.560660171779823 3.9999999999999956 11.060660171779821
  endloop
endfacet
facet normal 6.469430775537491e-17 -1.0 -4.646251066734887e-16
  outer loop
    vertex 6.560660171779823 3.9999999999999956 11.060660171779821
    vertex 10.43844170297569 3.9999999999999956 10.782172325201154
    vertex 10.255282581475768 3.9999999999999956 11.545084971874736
  endloop
endfacet
facet normal 6.469430775537491e-17 -1.0 -4.646251066734887e-16
  outer loop
    vertex 6.560660171779823 3.9999999999999956 11.060660171779821
    vertex 10.255282581475768 3.9999999999999956 11.545084971874736
    vertex 6.250000000000001 3.9999999999999956 11.299038105676658
  endloop
endfacet
facet normal 6.469430775537491e-17 -1.0 -4.646251066734887e-16
  outer loop
    vertex 6.250000000000001 3.9999999999999956 11.299038105676658
    vertex 10.255282581475768 3.9999999999999956 11.545084971874736
    vertex 5.8882285676537816 3.9999999999999956 11.448888739433603
  endloop
endfacet
facet normal 6.469430775537491e-17 -1.0 -4.646251066734887e-16
  outer loop
    vertex 5.8882285676537816 3.9999999999999956 11.448888739433603
    vertex 10.255282581475768 3.9999999999999956 11.545084971874736
    vertex 5.5 3.9999999999999956 11.5
  endloop
endfacet
facet normal 6.469430775537491e-17 -1.0 -4.646251066734887e-16
  outer loop
    vertex 5.938606790241385 3.9999999999999996 4.073869956429173
    vertex -3.282635309827196e-18 3.9999999999999996 4.0
    vertex 5.000000000000001 3.9999999999999996 4.0
  endloop
endfacet
facet normal 6.469430775537491e-17 -1.0 -4.646251066734887e-16
  outer loop
    vertex -3.282635309827196e-18 3.9999999999999996 4.0
    vertex 5.938606790241385 3.9999999999999996 4.073869956429173
    vertex 0.4999999999999998 3.9999999999999956 10.0
  endloop
endfacet
facet normal 6.469430775537491e-17 -1.0 -4.646251066734887e-16
  outer loop
    vertex 0.4999999999999998 3.9999999999999956 10.0
    vertex 5.938606790241385 3.9999999999999996 4.073869956429173
    vertex 6.854101966249685 3.9999999999999996 4.293660902229079
  endloop
endfacet
facet normal 6.469430775537491e-17 -1.0 -4.646251066734887e-16
  outer loop
    vertex 0.4999999999999998 3.9999999999999956 10.0
    vertex 6.854101966249685 3.9999999999999996 4.293660902229079
    vertex 7.723942998437281 3.9999999999999996 4.653960854869793
  endloop
endfacet
facet normal 6.469430775537491e-17 -1.0 -4.646251066734887e-16
  outer loop
    vertex 0.4999999999999998 3.9999999999999956 10.0
    vertex 7.723942998437281 3.9999999999999996 4.653960854869793
    vertex 8.526711513754838 3.9999999999999996 5.145898033750315
  endloop
endfacet
facet normal 6.469430775537491e-17 -1.0 -4.646251066734887e-16
  outer loop
    vertex 0.4999999999999998 3.9999999999999956 10.0
    vertex 8.526711513754838 3.9999999999999996 5.145898033750315
    vertex 9.242640687119286 3.9999999999999996 5.757359312880715
  endloop
endfacet
facet normal 6.469430775537491e-17 -1.0 -4.646251066734887e-16
  outer loop
    vertex 0.4999999999999998 3.9999999999999956 10.0
    vertex 9.242640687119286 3.9999999999999996 5.757359312880715
    vertex 9.854101966249685 3.9999999999999996 6.473288486245162
  endloop
endfacet
facet normal 6.469430775537491e-17 -1.0 -4.646251066734887e-16
  outer loop
    vertex 0.4999999999999998 3.9999999999999956 10.0
    vertex 9.854101966249685 3.9999999999999996 6.473288486245162
    vertex 5.1117714323462184 3.9999999999999956 8.551111260566397
  endloop
endfacet
facet normal 6.469430775537491e-17 -1.0 -4.646251066734887e-16
  outer loop
    vertex 5.1117714323462184 3.9999999999999956 8.551111260566397
    vertex 9.854101966249685 3.9999999999999996 6.473288486245162
    vertex 10.346039145130208 3.9999999999999996 7.276057001562719
  endloop
endfacet
facet normal 6.469430775537491e-17 -1.0 -4.646251066734887e-16
  outer loop
    vertex 5.1117714323462184 3.9999999999999956 8.551111260566397
    vertex 10.346039145130208 3.9999999999999996 7.276057001562719
    vertex 5.5 3.9999999999999956 8.5
  endloop
endfacet
facet normal 6.469430775537491e-17 -1.0 -4.646251066734887e-16
  outer loop
    vertex 5.5 3.9999999999999956 8.5
    vertex 10.346039145130208 3.9999999999999996 7.276057001562719
    vertex 10.706339097770922 3.9999999999999996 8.145898033750317
  endloop
endfacet
facet normal 6.469430775537491e-17 -1.0 -4.646251066734887e-16
  outer loop
    vertex 0.4999999999999998 3.9999999999999956 10.0
    vertex 5.1117714323462184 3.9999999999999956 8.551111260566397
    vertex 4.75 3.9999999999999956 8.700961894323342
  endloop
endfacet
facet normal 6.469430775537491e-17 -1.0 -4.646251066734887e-16
  outer loop
    vertex 0.4999999999999998 3.9999999999999956 10.0
    vertex 4.75 3.9999999999999956 8.700961894323342
    vertex 4.439339828220179 3.9999999999999956 8.939339828220179
  endloop
endfacet
facet normal 6.469430775537491e-17 -1.0 -4.646251066734887e-16
  outer loop
    vertex 0.4999999999999998 3.9999999999999956 10.0
    vertex 4.439339828220179 3.9999999999999956 8.939339828220179
    vertex 4.200961894323342 3.9999999999999956 9.25
  endloop
endfacet
facet normal 6.469430775537491e-17 -1.0 -4.646251066734887e-16
  outer loop
    vertex 0.4999999999999998 3.9999999999999956 10.0
    vertex 4.200961894323342 3.9999999999999956 9.25
    vertex 4.0511112605663975 3.9999999999999956 9.611771432346218
  endloop
endfacet
facet normal 6.469430775537491e-17 -1.0 -4.646251066734887e-16
  outer loop
    vertex 0.4999999999999998 3.9999999999999956 10.0
    vertex 4.0511112605663975 3.9999999999999956 9.611771432346218
    vertex 3.9999999999999996 3.9999999999999956 10.0
  endloop
endfacet
facet normal 6.469430775537491e-17 -1.0 -4.646251066734887e-16
  outer loop
    vertex 0.4999999999999998 3.9999999999999956 10.0
    vertex 3.9999999999999996 3.9999999999999956 10.0
    vertex 4.0511112605663975 3.9999999999999956 10.388228567653783
  endloop
endfacet
facet normal 6.469430775537491e-17 -1.0 -4.646251066734887e-16
  outer loop
    vertex 0.4999999999999998 3.9999999999999956 10.0
    vertex 4.0511112605663975 3.9999999999999956 10.388228567653783
    vertex 0.5615582970243113 3.9999999999999956 10.782172325201156
  endloop
endfacet
facet normal 6.469430775537491e-17 -1.0 -4.646251066734887e-16
  outer loop
    vertex 0.5615582970243113 3.9999999999999956 10.782172325201156
    vertex 4.0511112605663975 3.9999999999999956 10.388228567653783
    vertex 4.200961894323343 3.9999999999999956 10.75
  endloop
endfacet
facet normal 6.469430775537491e-17 -1.0 -4.646251066734887e-16
  outer loop
    vertex 0.5615582970243113 3.9999999999999956 10.782172325201156
    vertex 4.200961894323343 3.9999999999999956 10.75
    vertex 4.439339828220179 3.9999999999999956 11.060660171779821
  endloop
endfacet
facet normal 6.469430775537491e-17 -1.0 -4.646251066734887e-16
  outer loop
    vertex 0.5615582970243113 3.9999999999999956 10.782172325201156
    vertex 4.439339828220179 3.9999999999999956 11.060660171779821
    vertex 0.7447174185242323 3.9999999999999956 11.545084971874738
  endloop
endfacet
facet normal 6.469430775537491e-17 -1.0 -4.646251066734887e-16
  outer loop
    vertex 0.7447174185242323 3.9999999999999956 11.545084971874738
    vertex 4.439339828220179 3.9999999999999956 11.060660171779821
    vertex 4.750000000000001 3.9999999999999956 11.299038105676658
  endloop
endfacet
facet normal 6.469430775537491e-17 -1.0 -4.646251066734887e-16
  outer loop
    vertex 0.7447174185242323 3.9999999999999956 11.545084971874738
    vertex 4.750000000000001 3.9999999999999956 11.299038105676658
    vertex 5.111771432346219 3.9999999999999956 11.448888739433603
  endloop
endfacet
facet normal 6.469430775537491e-17 -1.0 -4.646251066734887e-16
  outer loop
    vertex 0.7447174185242323 3.9999999999999956 11.545084971874738
    vertex 5.111771432346219 3.9999999999999956 11.448888739433603
    vertex 5.5 3.9999999999999956 11.5
  endloop
endfacet
facet normal 6.469430775537491e-17 -1.0 -4.646251066734887e-16
  outer loop
    vertex 0.7447174185242323 3.9999999999999956 11.545084971874738
    vertex 5.5 3.9999999999999956 11.5
    vertex 10.255282581475768 3.9999999999999956 11.545084971874736
  endloop
endfacet
facet normal 6.469430775537491e-17 -1.0 -4.646251066734887e-16
  outer loop
    vertex 0.7447174185242323 3.9999999999999956 11.545084971874738
    vertex 10.255282581475768 3.9999999999999956 11.545084971874736
    vertex 9.95503262094184 3.9999999999999956 12.269952498697734
  endloop
endfacet
facet normal 6.469430775537491e-17 -1.0 -4.646251066734887e-16
  outer loop
    vertex 0.7447174185242323 3.9999999999999956 11.545084971874738
    vertex 9.95503262094184 3.9999999999999956 12.269952498697734
    vertex 1.044967379058161 3.9999999999999956 12.269952498697736
  endloop
endfacet
facet normal 6.469430775537491e-17 -1.0 -4.646251066734887e-16
  outer loop
    vertex 1.044967379058161 3.9999999999999956 12.269952498697736
    vertex 9.95503262094184 3.9999999999999956 12.269952498697734
    vertex 9.545084971874738 3.9999999999999956 12.938926261462367
  endloop
endfacet
facet normal 6.469430775537491e-17 -1.0 -4.646251066734887e-16
  outer loop
    vertex 1.044967379058161 3.9999999999999956 12.269952498697736
    vertex 9.545084971874738 3.9999999999999956 12.938926261462367
    vertex 1.454915028125263 3.9999999999999956 12.938926261462367
  endloop
endfacet
facet normal 6.469430775537491e-17 -1.0 -4.646251066734887e-16
  outer loop
    vertex 1.454915028125263 3.9999999999999956 12.938926261462367
    vertex 9.545084971874738 3.9999999999999956 12.938926261462367
    vertex 9.03553390593274 3.9999999999999956 13.535533905932736
  endloop
endfacet
facet normal 6.469430775537491e-17 -1.0 -4.646251066734887e-16
  outer loop
    vertex 1.454915028125263 3.9999999999999956 12.938926261462367
    vertex 9.03553390593274 3.9999999999999956 13.535533905932736
    vertex 1.9644660940672631 3.9999999999999956 13.53553390593274
  endloop
endfacet
facet normal 6.469430775537491e-17 -1.0 -4.646251066734887e-16
  outer loop
    vertex 1.9644660940672631 3.9999999999999956 13.53553390593274
    vertex 9.03553390593274 3.9999999999999956 13.535533905932736
    vertex 8.438926261462365 3.9999999999999956 14.045084971874736
  endloop
endfacet
facet normal 6.469430775537491e-17 -1.0 -4.646251066734887e-16
  outer loop
    vertex 1.9644660940672631 3.9999999999999956 13.53553390593274
    vertex 8.438926261462365 3.9999999999999956 14.045084971874736
    vertex 2.561073738537635 3.9999999999999956 14.045084971874736
  endloop
endfacet
facet normal 6.469430775537491e-17 -1.0 -4.646251066734887e-16
  outer loop
    vertex 2.561073738537635 3.9999999999999956 14.045084971874736
    vertex 8.438926261462365 3.9999999999999956 14.045084971874736
    vertex 7.769952498697735 3.9999999999999956 14.45503262094184
  endloop
endfacet
facet normal 6.469430775537491e-17 -1.0 -4.646251066734887e-16
  outer loop
    vertex 2.561073738537635 3.9999999999999956 14.045084971874736
    vertex 7.769952498697735 3.9999999999999956 14.45503262094184
    vertex 3.2300475013022663 3.9999999999999956 14.45503262094184
  endloop
endfacet
facet normal 6.469430775537491e-17 -1.0 -4.646251066734887e-16
  outer loop
    vertex 3.2300475013022663 3.9999999999999956 14.45503262094184
    vertex 7.769952498697735 3.9999999999999956 14.45503262094184
    vertex 7.045084971874738 3.9999999999999956 14.755282581475766
  endloop
endfacet
facet normal 6.469430775537491e-17 -1.0 -4.646251066734887e-16
  outer loop
    vertex 3.2300475013022663 3.9999999999999956 14.45503262094184
    vertex 7.045084971874738 3.9999999999999956 14.755282581475766
    vertex 3.954915028125263 3.9999999999999956 14.755282581475768
  endloop
endfacet
facet normal 6.469430775537491e-17 -1.0 -4.646251066734887e-16
  outer loop
    vertex 3.954915028125263 3.9999999999999956 14.755282581475768
    vertex 7.045084971874738 3.9999999999999956 14.755282581475766
    vertex 6.282172325201155 3.9999999999999956 14.93844170297569
  endloop
endfacet
facet normal 6.469430775537491e-17 -1.0 -4.646251066734887e-16
  outer loop
    vertex 3.954915028125263 3.9999999999999956 14.755282581475768
    vertex 6.282172325201155 3.9999999999999956 14.93844170297569
    vertex 4.717827674798847 3.9999999999999956 14.93844170297569
  endloop
endfacet
facet normal 6.469430775537491e-17 -1.0 -4.646251066734887e-16
  outer loop
    vertex 4.717827674798847 3.9999999999999956 14.93844170297569
    vertex 6.282172325201155 3.9999999999999956 14.93844170297569
    vertex 5.500000000000001 3.9999999999999956 15.0
  endloop
endfacet
facet normal -0.0 -0.0 1.0
  outer loop
    vertex 5.000000000000001 0.0 4.0
    vertex -3.282635309827196e-18 3.9999999999999996 4.0
    vertex -3.282635309827196e-18 0.0 4.0
  endloop
endfacet
facet normal -0.0 -0.0 1.0
  outer loop
    vertex -3.282635309827196e-18 3.9999999999999996 4.0
    vertex 5.000000000000001 0.0 4.0
    vertex 5.000000000000001 3.9999999999999996 4.0
  endloop
endfacet
facet normal -0.07845909572784439 -0.0 0.9969173337331282
  outer loop
    vertex 5.938606790241385 0.0 4.073869956429173
    vertex 5.000000000000001 3.9999999999999996 4.0
    vertex 5.000000000000001 0.0 4.0
  endloop
endfacet
facet normal -0.07845909572784439 -0.0 0.9969173337331282
  outer loop
    vertex 5.000000000000001 3.9999999999999996 4.0
    vertex 5.938606790241385 0.0 4.073869956429173
    vertex 5.938606790241385 3.9999999999999996 4.073869956429173
  endloop
endfacet
facet normal -0.23344536385590647 -0.0 0.9723699203976763
  outer loop
    vertex 6.854101966249685 0.0 4.293660902229079
    vertex 5.938606790241385 3.9999999999999996 4.073869956429173
    vertex 5.938606790241385 0.0 4.073869956429173
  endloop
endfacet
facet normal -0.23344536385590647 -0.0 0.9723699203976763
  outer loop
    vertex 5.938606790241385 3.9999999999999996 4.073869956429173
    vertex 6.854101966249685 0.0 4.293660902229079
    vertex 6.854101966249685 3.9999999999999996 4.293660902229079
  endloop
endfacet
facet normal -0.3826834323650893 -0.0 0.923879532511287
  outer loop
    vertex 7.723942998437281 0.0 4.653960854869793
    vertex 6.854101966249685 3.9999999999999996 4.293660902229079
    vertex 6.854101966249685 0.0 4.293660902229079
  endloop
endfacet
facet normal -0.3826834323650893 -0.0 0.923879532511287
  outer loop
    vertex 6.854101966249685 3.9999999999999996 4.293660902229079
    vertex 7.723942998437281 0.0 4.653960854869793
    vertex 7.723942998437281 3.9999999999999996 4.653960854869793
  endloop
endfacet
facet normal -0.5224985647159491 -0.0 0.8526401643540922
  outer loop
    vertex 8.526711513754838 0.0 5.145898033750315
    vertex 7.723942998437281 3.9999999999999996 4.653960854869793
    vertex 7.723942998437281 0.0 4.653960854869793
  endloop
endfacet
facet normal -0.5224985647159491 -0.0 0.8526401643540922
  outer loop
    vertex 7.723942998437281 3.9999999999999996 4.653960854869793
    vertex 8.526711513754838 0.0 5.145898033750315
    vertex 8.526711513754838 3.9999999999999996 5.145898033750315
  endloop
endfacet
facet normal -0.6494480483301833 -0.0 0.7604059656000313
  outer loop
    vertex 9.242640687119286 0.0 5.757359312880715
    vertex 8.526711513754838 3.9999999999999996 5.145898033750315
    vertex 8.526711513754838 0.0 5.145898033750315
  endloop
endfacet
facet normal -0.6494480483301833 -0.0 0.7604059656000313
  outer loop
    vertex 8.526711513754838 3.9999999999999996 5.145898033750315
    vertex 9.242640687119286 0.0 5.757359312880715
    vertex 9.242640687119286 3.9999999999999996 5.757359312880715
  endloop
endfacet
facet normal -0.7604059656000309 -0.0 0.6494480483301838
  outer loop
    vertex 9.854101966249685 3.9999999999999996 6.473288486245162
    vertex 9.242640687119286 0.0 5.757359312880715
    vertex 9.854101966249685 0.0 6.473288486245162
  endloop
endfacet
facet normal -0.7604059656000309 -0.0 0.6494480483301838
  outer loop
    vertex 9.242640687119286 0.0 5.757359312880715
    vertex 9.854101966249685 3.9999999999999996 6.473288486245162
    vertex 9.242640687119286 3.9999999999999996 5.757359312880715
  endloop
endfacet
facet normal -0.852640164354092 -0.0 0.5224985647159496
  outer loop
    vertex 10.346039145130208 3.9999999999999996 7.276057001562719
    vertex 9.854101966249685 0.0 6.473288486245162
    vertex 10.346039145130208 0.0 7.276057001562719
  endloop
endfacet
facet normal -0.852640164354092 -0.0 0.5224985647159496
  outer loop
    vertex 9.854101966249685 0.0 6.473288486245162
    vertex 10.346039145130208 3.9999999999999996 7.276057001562719
    vertex 9.854101966249685 3.9999999999999996 6.473288486245162
  endloop
endfacet
facet normal -0.9238795325112874 -0.0 0.3826834323650887
  outer loop
    vertex 10.706339097770922 3.9999999999999996 8.145898033750317
    vertex 10.346039145130208 0.0 7.276057001562719
    vertex 10.706339097770922 0.0 8.145898033750317
  endloop
endfacet
facet normal -0.9238795325112874 -0.0 0.3826834323650887
  outer loop
    vertex 10.346039145130208 0.0 7.276057001562719
    vertex 10.706339097770922 3.9999999999999996 8.145898033750317
    vertex 10.346039145130208 3.9999999999999996 7.276057001562719
  endloop
endfacet
facet normal -0.9723699203976767 -0.0 0.23344536385590525
  outer loop
    vertex 10.926130043570826 3.9999999999999996 9.061393209758615
    vertex 10.706339097770922 0.0 8.145898033750317
    vertex 10.926130043570826 0.0 9.061393209758615
  endloop
endfacet
facet normal -0.9723699203976767 -0.0 0.23344536385590525
  outer loop
    vertex 10.706339097770922 0.0 8.145898033750317
    vertex 10.926130043570826 3.9999999999999996 9.061393209758615
    vertex 10.706339097770922 3.9999999999999996 8.145898033750317
  endloop
endfacet
facet normal -0.996917333733128 -0.0 0.07845909572784505
  outer loop
    vertex 11.0 3.9999999999999996 10.0
    vertex 10.926130043570826 0.0 9.061393209758615
    vertex 11.0 0.0 10.0
  endloop
endfacet
facet normal -0.996917333733128 -0.0 0.07845909572784505
  outer loop
    vertex 10.926130043570826 0.0 9.061393209758615
    vertex 11.0 3.9999999999999996 10.0
    vertex 10.926130043570826 3.9999999999999996 9.061393209758615
  endloop
endfacet
facet normal -0.996917333733128 -0.0 0.07845909572784494
  outer loop
    vertex 11.0 12.0 10.0
    vertex 10.926130043570826 8.0 9.061393209758613
    vertex 11.0 8.0 10.0
  endloop
endfacet
facet normal -0.996917333733128 -0.0 0.07845909572784494
  outer loop
    vertex 10.926130043570826 8.0 9.061393209758613
    vertex 11.0 12.0 10.0
    vertex 10.926130043570826 12.0 9.061393209758613
  endloop
endfacet
facet normal -0.9723699203976766 -0.0 0.23344536385590633
  outer loop
    vertex 10.926130043570826 12.0 9.061393209758613
    vertex 10.70633909777092 8.0 8.145898033750314
    vertex 10.926130043570826 8.0 9.061393209758613
  endloop
endfacet
facet normal -0.9723699203976766 -0.0 0.23344536385590633
  outer loop
    vertex 10.70633909777092 8.0 8.145898033750314
    vertex 10.926130043570826 12.0 9.061393209758613
    vertex 10.70633909777092 12.0 8.145898033750314
  endloop
endfacet
facet normal -0.9238795325112866 -0.0 0.3826834323650905
  outer loop
    vertex 10.70633909777092 12.0 8.145898033750314
    vertex 10.346039145130206 8.0 7.276057001562718
    vertex 10.70633909777092 8.0 8.145898033750314
  endloop
endfacet
facet normal -0.9238795325112866 -0.0 0.3826834323650905
  outer loop
    vertex 10.346039145130206 8.0 7.276057001562718
    vertex 10.70633909777092 12.0 8.145898033750314
    vertex 10.346039145130206 12.0 7.276057001562718
  endloop
endfacet
facet normal -0.8526401643540926 -0.0 0.5224985647159485
  outer loop
    vertex 10.346039145130206 12.0 7.276057001562718
    vertex 9.854101966249683 8.0 6.47328848624516
    vertex 10.346039145130206 8.0 7.276057001562718
  endloop
endfacet
facet normal -0.8526401643540926 -0.0 0.5224985647159485
  outer loop
    vertex 9.854101966249683 8.0 6.47328848624516
    vertex 10.346039145130206 12.0 7.276057001562718
    vertex 9.854101966249683 12.0 6.47328848624516
  endloop
endfacet
facet normal -0.7604059656000309 -0.0 0.6494480483301838
  outer loop
    vertex 9.854101966249683 12.0 6.47328848624516
    vertex 9.242640687119284 8.0 5.7573593128807135
    vertex 9.854101966249683 8.0 6.47328848624516
  endloop
endfacet
facet normal -0.7604059656000309 -0.0 0.6494480483301838
  outer loop
    vertex 9.242640687119284 8.0 5.7573593128807135
    vertex 9.854101966249683 12.0 6.47328848624516
    vertex 9.242640687119284 12.0 5.7573593128807135
  endloop
endfacet
facet normal -0.6494480483301829 -0.0 0.7604059656000317
  outer loop
    vertex 9.242640687119284 8.0 5.7573593128807135
    vertex 8.526711513754837 12.0 5.145898033750314
    vertex 8.526711513754837 8.0 5.145898033750314
  endloop
endfacet
facet normal -0.6494480483301829 -0.0 0.7604059656000317
  outer loop
    vertex 8.526711513754837 12.0 5.145898033750314
    vertex 9.242640687119284 8.0 5.7573593128807135
    vertex 9.242640687119284 12.0 5.7573593128807135
  endloop
endfacet
facet normal -0.5224985647159496 -0.0 0.852640164354092
  outer loop
    vertex 8.526711513754837 8.0 5.145898033750314
    vertex 7.723942998437279 12.0 4.6539608548697915
    vertex 7.723942998437279 8.0 4.6539608548697915
  endloop
endfacet
facet normal -0.5224985647159496 -0.0 0.852640164354092
  outer loop
    vertex 7.723942998437279 12.0 4.6539608548697915
    vertex 8.526711513754837 8.0 5.145898033750314
    vertex 8.526711513754837 12.0 5.145898033750314
  endloop
endfacet
facet normal -0.3826834323650892 -0.0 0.9238795325112872
  outer loop
    vertex 7.723942998437279 8.0 4.6539608548697915
    vertex 6.854101966249683 12.0 4.293660902229078
    vertex 6.854101966249683 8.0 4.293660902229078
  endloop
endfacet
facet normal -0.3826834323650892 -0.0 0.9238795325112872
  outer loop
    vertex 6.854101966249683 12.0 4.293660902229078
    vertex 7.723942998437279 8.0 4.6539608548697915
    vertex 7.723942998437279 12.0 4.6539608548697915
  endloop
endfacet
facet normal -0.23344536385590559 -0.0 0.9723699203976766
  outer loop
    vertex 6.854101966249683 8.0 4.293660902229078
    vertex 5.9386067902413835 12.0 4.0738699564291725
    vertex 5.9386067902413835 8.0 4.0738699564291725
  endloop
endfacet
facet normal -0.23344536385590559 -0.0 0.9723699203976766
  outer loop
    vertex 5.9386067902413835 12.0 4.0738699564291725
    vertex 6.854101966249683 8.0 4.293660902229078
    vertex 6.854101966249683 12.0 4.293660902229078
  endloop
endfacet
facet normal -0.07845909572784432 -0.0 0.9969173337331282
  outer loop
    vertex 5.9386067902413835 8.0 4.0738699564291725
    vertex 4.999999999999998 12.0 3.9999999999999996
    vertex 4.999999999999998 8.0 3.9999999999999996
  endloop
endfacet
facet normal -0.07845909572784432 -0.0 0.9969173337331282
  outer loop
    vertex 4.999999999999998 12.0 3.9999999999999996
    vertex 5.9386067902413835 8.0 4.0738699564291725
    vertex 5.9386067902413835 12.0 4.0738699564291725
  endloop
endfacet
facet normal 0.0 0.0 1.0
  outer loop
    vertex 4.999999999999998 8.0 3.9999999999999996
    vertex 0.0 12.0 3.9999999999999996
    vertex 0.0 8.0 3.9999999999999996
  endloop
endfacet
facet normal 0.0 0.0 1.0
  outer loop
    vertex 0.0 12.0 3.9999999999999996
    vertex 4.999999999999998 8.0 3.9999999999999996
    vertex 4.999999999999998 12.0 3.9999999999999996
  endloop
endfacet
facet normal -0.9914448613738105 0.0 -0.13052619222005218
  outer loop
    vertex 6.9488887394336025 8.0 10.38822856765378
    vertex 7.0 3.9999999999999956 10.0
    vertex 6.9488887394336025 3.9999999999999956 10.38822856765378
  endloop
endfacet
facet normal -0.9914448613738105 0.0 -0.13052619222005218
  outer loop
    vertex 7.0 3.9999999999999956 10.0
    vertex 6.9488887394336025 8.0 10.38822856765378
    vertex 7.0 8.0 10.0
  endloop
endfacet
facet normal -0.9238795325112867 -0.0 -0.38268343236509006
  outer loop
    vertex 6.799038105676657 8.0 10.75
    vertex 6.9488887394336025 3.9999999999999956 10.38822856765378
    vertex 6.799038105676657 3.9999999999999956 10.75
  endloop
endfacet
facet normal -0.9238795325112867 -0.0 -0.38268343236509006
  outer loop
    vertex 6.9488887394336025 3.9999999999999956 10.38822856765378
    vertex 6.799038105676657 8.0 10.75
    vertex 6.9488887394336025 8.0 10.38822856765378
  endloop
endfacet
facet normal -0.7933533402912373 -0.0 -0.6087614290087179
  outer loop
    vertex 6.560660171779823 8.0 11.060660171779821
    vertex 6.799038105676657 3.9999999999999956 10.75
    vertex 6.560660171779823 3.9999999999999956 11.060660171779821
  endloop
endfacet
facet normal -0.7933533402912373 -0.0 -0.6087614290087179
  outer loop
    vertex 6.799038105676657 3.9999999999999956 10.75
    vertex 6.560660171779823 8.0 11.060660171779821
    vertex 6.799038105676657 8.0 10.75
  endloop
endfacet
facet normal -0.6087614290087193 -0.0 -0.7933533402912363
  outer loop
    vertex 6.560660171779823 8.0 11.060660171779821
    vertex 6.250000000000001 3.9999999999999956 11.299038105676658
    vertex 6.250000000000001 8.0 11.299038105676658
  endloop
endfacet
facet normal -0.6087614290087193 -0.0 -0.7933533402912363
  outer loop
    vertex 6.250000000000001 3.9999999999999956 11.299038105676658
    vertex 6.560660171779823 8.0 11.060660171779821
    vertex 6.560660171779823 3.9999999999999956 11.060660171779821
  endloop
endfacet
facet normal -0.38268343236509134 -0.0 -0.9238795325112862
  outer loop
    vertex 6.250000000000001 8.0 11.299038105676658
    vertex 5.8882285676537816 3.9999999999999956 11.448888739433603
    vertex 5.8882285676537816 8.0 11.448888739433603
  endloop
endfacet
facet normal -0.38268343236509134 -0.0 -0.9238795325112862
  outer loop
    vertex 5.8882285676537816 3.9999999999999956 11.448888739433603
    vertex 6.250000000000001 8.0 11.299038105676658
    vertex 6.250000000000001 3.9999999999999956 11.299038105676658
  endloop
endfacet
facet normal -0.13052619222005146 -0.0 -0.9914448613738105
  outer loop
    vertex 5.8882285676537816 8.0 11.448888739433603
    vertex 5.5 3.9999999999999956 11.5
    vertex 5.5 8.0 11.5
  endloop
endfacet
facet normal -0.13052619222005146 -0.0 -0.9914448613738105
  outer loop
    vertex 5.5 3.9999999999999956 11.5
    vertex 5.8882285676537816 8.0 11.448888739433603
    vertex 5.8882285676537816 3.9999999999999956 11.448888739433603
  endloop
endfacet
facet normal 0.1305261922200519 0.0 -0.9914448613738104
  outer loop
    vertex 5.5 8.0 11.5
    vertex 5.111771432346219 3.9999999999999956 11.448888739433603
    vertex 5.111771432346219 8.0 11.448888739433603
  endloop
endfacet
facet normal 0.1305261922200519 0.0 -0.9914448613738104
  outer loop
    vertex 5.111771432346219 3.9999999999999956 11.448888739433603
    vertex 5.5 8.0 11.5
    vertex 5.5 3.9999999999999956 11.5
  endloop
endfacet
facet normal 0.3826834323650889 0.0 -0.9238795325112872
  outer loop
    vertex 5.111771432346219 8.0 11.448888739433603
    vertex 4.750000000000001 3.9999999999999956 11.299038105676658
    vertex 4.750000000000001 8.0 11.299038105676658
  endloop
endfacet
facet normal 0.3826834323650889 0.0 -0.9238795325112872
  outer loop
    vertex 4.750000000000001 3.9999999999999956 11.299038105676658
    vertex 5.111771432346219 8.0 11.448888739433603
    vertex 5.111771432346219 3.9999999999999956 11.448888739433603
  endloop
endfacet
facet normal 0.6087614290087208 0.0 -0.7933533402912353
  outer loop
    vertex 4.750000000000001 8.0 11.299038105676658
    vertex 4.439339828220179 3.9999999999999956 11.060660171779821
    vertex 4.439339828220179 8.0 11.060660171779821
  endloop
endfacet
facet normal 0.6087614290087208 0.0 -0.7933533402912353
  outer loop
    vertex 4.439339828220179 3.9999999999999956 11.060660171779821
    vertex 4.750000000000001 8.0 11.299038105676658
    vertex 4.750000000000001 3.9999999999999956 11.299038105676658
  endloop
endfacet
facet normal 0.7933533402912355 0.0 -0.6087614290087202
  outer loop
    vertex 4.200961894323343 8.0 10.75
    vertex 4.439339828220179 3.9999999999999956 11.060660171779821
    vertex 4.200961894323343 3.9999999999999956 10.75
  endloop
endfacet
facet normal 0.7933533402912355 0.0 -0.6087614290087202
  outer loop
    vertex 4.439339828220179 3.9999999999999956 11.060660171779821
    vertex 4.200961894323343 8.0 10.75
    vertex 4.439339828220179 8.0 11.060660171779821
  endloop
endfacet
facet normal 0.9238795325112856 0.0 -0.38268343236509256
  outer loop
    vertex 4.0511112605663975 8.0 10.388228567653783
    vertex 4.200961894323343 3.9999999999999956 10.75
    vertex 4.0511112605663975 3.9999999999999956 10.388228567653783
  endloop
endfacet
facet normal 0.9238795325112856 0.0 -0.38268343236509256
  outer loop
    vertex 4.200961894323343 3.9999999999999956 10.75
    vertex 4.0511112605663975 8.0 10.388228567653783
    vertex 4.200961894323343 8.0 10.75
  endloop
endfacet
facet normal 0.9914448613738105 -0.0 -0.1305261922200512
  outer loop
    vertex 3.9999999999999996 8.0 10.0
    vertex 4.0511112605663975 3.9999999999999956 10.388228567653783
    vertex 3.9999999999999996 3.9999999999999956 10.0
  endloop
endfacet
facet normal 0.9914448613738105 -0.0 -0.1305261922200512
  outer loop
    vertex 4.0511112605663975 3.9999999999999956 10.388228567653783
    vertex 3.9999999999999996 8.0 10.0
    vertex 4.0511112605663975 8.0 10.388228567653783
  endloop
endfacet
facet normal -0.9969173337331281 0.0 0.07845909572784497
  outer loop
    vertex 0.5615582970243113 8.0 10.782172325201156
    vertex 0.4999999999999998 3.9999999999999956 10.0
    vertex 0.5615582970243113 3.9999999999999956 10.782172325201156
  endloop
endfacet
facet normal -0.9969173337331281 0.0 0.07845909572784497
  outer loop
    vertex 0.4999999999999998 3.9999999999999956 10.0
    vertex 0.5615582970243113 8.0 10.782172325201156
    vertex 0.4999999999999998 8.0 10.0
  endloop
endfacet
facet normal -0.9723699203976764 0.0 0.23344536385590586
  outer loop
    vertex 0.7447174185242323 8.0 11.545084971874738
    vertex 0.5615582970243113 3.9999999999999956 10.782172325201156
    vertex 0.7447174185242323 3.9999999999999956 11.545084971874738
  endloop
endfacet
facet normal -0.9723699203976764 0.0 0.23344536385590586
  outer loop
    vertex 0.5615582970243113 3.9999999999999956 10.782172325201156
    vertex 0.7447174185242323 8.0 11.545084971874738
    vertex 0.5615582970243113 8.0 10.782172325201156
  endloop
endfacet
facet normal -0.9238795325112868 0.0 0.38268343236509006
  outer loop
    vertex 1.044967379058161 8.0 12.269952498697736
    vertex 0.7447174185242323 3.9999999999999956 11.545084971874738
    vertex 1.044967379058161 3.9999999999999956 12.269952498697736
  endloop
endfacet
facet normal -0.9238795325112868 0.0 0.38268343236509006
  outer loop
    vertex 0.7447174185242323 3.9999999999999956 11.545084971874738
    vertex 1.044967379058161 8.0 12.269952498697736
    vertex 0.7447174185242323 8.0 11.545084971874738
  endloop
endfacet
facet normal -0.8526401643540924 0.0 0.5224985647159488
  outer loop
    vertex 1.454915028125263 8.0 12.938926261462367
    vertex 1.044967379058161 3.9999999999999956 12.269952498697736
    vertex 1.454915028125263 3.9999999999999956 12.938926261462367
  endloop
endfacet
facet normal -0.8526401643540924 0.0 0.5224985647159488
  outer loop
    vertex 1.044967379058161 3.9999999999999956 12.269952498697736
    vertex 1.454915028125263 8.0 12.938926261462367
    vertex 1.044967379058161 8.0 12.269952498697736
  endloop
endfacet
facet normal -0.7604059656000312 0.0 0.6494480483301834
  outer loop
    vertex 1.9644660940672631 8.0 13.53553390593274
    vertex 1.454915028125263 3.9999999999999956 12.938926261462367
    vertex 1.9644660940672631 3.9999999999999956 13.53553390593274
  endloop
endfacet
facet normal -0.7604059656000312 0.0 0.6494480483301834
  outer loop
    vertex 1.454915028125263 3.9999999999999956 12.938926261462367
    vertex 1.9644660940672631 8.0 13.53553390593274
    vertex 1.454915028125263 8.0 12.938926261462367
  endloop
endfacet
facet normal -0.6494480483301818 0.0 0.7604059656000327
  outer loop
    vertex 2.561073738537635 3.9999999999999956 14.045084971874736
    vertex 1.9644660940672631 8.0 13.53553390593274
    vertex 1.9644660940672631 3.9999999999999956 13.53553390593274
  endloop
endfacet
facet normal -0.6494480483301818 0.0 0.7604059656000327
  outer loop
    vertex 1.9644660940672631 8.0 13.53553390593274
    vertex 2.561073738537635 3.9999999999999956 14.045084971874736
    vertex 2.561073738537635 8.0 14.045084971874736
  endloop
endfacet
facet normal -0.5224985647159508 0.0 0.8526401643540913
  outer loop
    vertex 3.2300475013022663 3.9999999999999956 14.45503262094184
    vertex 2.561073738537635 8.0 14.045084971874736
    vertex 2.561073738537635 3.9999999999999956 14.045084971874736
  endloop
endfacet
facet normal -0.5224985647159508 0.0 0.8526401643540913
  outer loop
    vertex 2.561073738537635 8.0 14.045084971874736
    vertex 3.2300475013022663 3.9999999999999956 14.45503262094184
    vertex 3.2300475013022663 8.0 14.45503262094184
  endloop
endfacet
facet normal -0.38268343236509006 0.0 0.9238795325112868
  outer loop
    vertex 3.954915028125263 3.9999999999999956 14.755282581475768
    vertex 3.2300475013022663 8.0 14.45503262094184
    vertex 3.2300475013022663 3.9999999999999956 14.45503262094184
  endloop
endfacet
facet normal -0.38268343236509006 0.0 0.9238795325112868
  outer loop
    vertex 3.2300475013022663 8.0 14.45503262094184
    vertex 3.954915028125263 3.9999999999999956 14.755282581475768
    vertex 3.954915028125263 8.0 14.755282581475768
  endloop
endfacet
facet normal -0.23344536385590486 0.0 0.9723699203976769
  outer loop
    vertex 4.717827674798847 3.9999999999999956 14.93844170297569
    vertex 3.954915028125263 8.0 14.755282581475768
    vertex 3.954915028125263 3.9999999999999956 14.755282581475768
  endloop
endfacet
facet normal -0.23344536385590486 0.0 0.9723699203976769
  outer loop
    vertex 3.954915028125263 8.0 14.755282581475768
    vertex 4.717827674798847 3.9999999999999956 14.93844170297569
    vertex 4.717827674798847 8.0 14.93844170297569
  endloop
endfacet
facet normal -0.07845909572784514 0.0 0.9969173337331281
  outer loop
    vertex 5.500000000000001 3.9999999999999956 15.0
    vertex 4.717827674798847 8.0 14.93844170297569
    vertex 4.717827674798847 3.9999999999999956 14.93844170297569
  endloop
endfacet
facet normal -0.07845909572784514 0.0 0.9969173337331281
  outer loop
    vertex 4.717827674798847 8.0 14.93844170297569
    vertex 5.500000000000001 3.9999999999999956 15.0
    vertex 5.500000000000001 8.0 15.0
  endloop
endfacet
facet normal 0.07845909572784507 0.0 0.9969173337331281
  outer loop
    vertex 6.282172325201155 3.9999999999999956 14.93844170297569
    vertex 5.500000000000001 8.0 15.0
    vertex 5.500000000000001 3.9999999999999956 15.0
  endloop
endfacet
facet normal 0.07845909572784507 0.0 0.9969173337331281
  outer loop
    vertex 5.500000000000001 8.0 15.0
    vertex 6.282172325201155 3.9999999999999956 14.93844170297569
    vertex 6.282172325201155 8.0 14.93844170297569
  endloop
endfacet
facet normal 0.23344536385590844 0.0 0.972369920397676
  outer loop
    vertex 7.045084971874738 3.9999999999999956 14.755282581475766
    vertex 6.282172325201155 8.0 14.93844170297569
    vertex 6.282172325201155 3.9999999999999956 14.93844170297569
  endloop
endfacet
facet normal 0.23344536385590844 0.0 0.972369920397676
  outer loop
    vertex 6.282172325201155 8.0 14.93844170297569
    vertex 7.045084971874738 3.9999999999999956 14.755282581475766
    vertex 7.045084971874738 8.0 14.755282581475766
  endloop
endfacet
facet normal 0.38268343236508695 0.0 0.9238795325112881
  outer loop
    vertex 7.769952498697735 3.9999999999999956 14.45503262094184
    vertex 7.045084971874738 8.0 14.755282581475766
    vertex 7.045084971874738 3.9999999999999956 14.755282581475766
  endloop
endfacet
facet normal 0.38268343236508695 0.0 0.9238795325112881
  outer loop
    vertex 7.045084971874738 8.0 14.755282581475766
    vertex 7.769952498697735 3.9999999999999956 14.45503262094184
    vertex 7.769952498697735 8.0 14.45503262094184
  endloop
endfacet
facet normal 0.5224985647159508 0.0 0.8526401643540913
  outer loop
    vertex 8.438926261462365 3.9999999999999956 14.045084971874736
    vertex 7.769952498697735 8.0 14.45503262094184
    vertex 7.769952498697735 3.9999999999999956 14.45503262094184
  endloop
endfacet
facet normal 0.5224985647159508 0.0 0.8526401643540913
  outer loop
    vertex 7.769952498697735 8.0 14.45503262094184
    vertex 8.438926261462365 3.9999999999999956 14.045084971874736
    vertex 8.438926261462365 8.0 14.045084971874736
  endloop
endfacet
facet normal 0.6494480483301829 0.0 0.7604059656000317
  outer loop
    vertex 9.03553390593274 3.9999999999999956 13.535533905932736
    vertex 8.438926261462365 8.0 14.045084971874736
    vertex 8.438926261462365 3.9999999999999956 14.045084971874736
  endloop
endfacet
facet normal 0.6494480483301829 0.0 0.7604059656000317
  outer loop
    vertex 8.438926261462365 8.0 14.045084971874736
    vertex 9.03553390593274 3.9999999999999956 13.535533905932736
    vertex 9.03553390593274 8.0 13.535533905932736
  endloop
endfacet
facet normal 0.760405965600031 0.0 0.6494480483301837
  outer loop
    vertex 9.545084971874738 8.0 12.938926261462367
    vertex 9.03553390593274 3.9999999999999956 13.535533905932736
    vertex 9.545084971874738 3.9999999999999956 12.938926261462367
  endloop
endfacet
facet normal 0.760405965600031 0.0 0.6494480483301837
  outer loop
    vertex 9.03553390593274 3.9999999999999956 13.535533905932736
    vertex 9.545084971874738 8.0 12.938926261462367
    vertex 9.03553390593274 8.0 13.535533905932736
  endloop
endfacet
facet normal 0.8526401643540924 0.0 0.5224985647159487
  outer loop
    vertex 9.95503262094184 8.0 12.269952498697734
    vertex 9.545084971874738 3.9999999999999956 12.938926261462367
    vertex 9.95503262094184 3.9999999999999956 12.269952498697734
  endloop
endfacet
facet normal 0.8526401643540924 0.0 0.5224985647159487
  outer loop
    vertex 9.545084971874738 3.9999999999999956 12.938926261462367
    vertex 9.95503262094184 8.0 12.269952498697734
    vertex 9.545084971874738 8.0 12.938926261462367
  endloop
endfacet
facet normal 0.9238795325112868 0.0 0.38268343236509006
  outer loop
    vertex 10.255282581475768 8.0 11.545084971874736
    vertex 9.95503262094184 3.9999999999999956 12.269952498697734
    vertex 10.255282581475768 3.9999999999999956 11.545084971874736
  endloop
endfacet
facet normal 0.9238795325112868 0.0 0.38268343236509006
  outer loop
    vertex 9.95503262094184 3.9999999999999956 12.269952498697734
    vertex 10.255282581475768 8.0 11.545084971874736
    vertex 9.95503262094184 8.0 12.269952498697734
  endloop
endfacet
facet normal 0.9723699203976769 0.0 0.23344536385590506
  outer loop
    vertex 10.43844170297569 8.0 10.782172325201154
    vertex 10.255282581475768 3.9999999999999956 11.545084971874736
    vertex 10.43844170297569 3.9999999999999956 10.782172325201154
  endloop
endfacet
facet normal 0.9723699203976769 0.0 0.23344536385590506
  outer loop
    vertex 10.255282581475768 3.9999999999999956 11.545084971874736
    vertex 10.43844170297569 8.0 10.782172325201154
    vertex 10.255282581475768 8.0 11.545084971874736
  endloop
endfacet
facet normal 0.9969173337331281 -0.0 0.07845909572784515
  outer loop
    vertex 10.5 8.0 10.0
    vertex 10.43844170297569 3.9999999999999956 10.782172325201154
    vertex 10.5 3.9999999999999956 10.0
  endloop
endfacet
facet normal 0.9969173337331281 -0.0 0.07845909572784515
  outer loop
    vertex 10.43844170297569 3.9999999999999956 10.782172325201154
    vertex 10.5 8.0 10.0
    vertex 10.43844170297569 8.0 10.782172325201154
  endloop
endfacet
facet normal -0.9914448613738105 0.0 0.13052619222005168
  outer loop
    vertex 7.0 8.0 10.0
    vertex 6.9488887394336025 3.9999999999999956 9.611771432346218
    vertex 7.0 3.9999999999999956 10.0
  endloop
endfacet
facet normal -0.9914448613738105 0.0 0.13052619222005168
  outer loop
    vertex 6.9488887394336025 3.9999999999999956 9.611771432346218
    vertex 7.0 8.0 10.0
    vertex 6.9488887394336025 8.0 9.611771432346218
  endloop
endfacet
facet normal -0.9238795325112862 -0.0 0.38268343236509134
  outer loop
    vertex 6.9488887394336025 8.0 9.611771432346218
    vertex 6.799038105676657 3.9999999999999956 9.25
    vertex 6.9488887394336025 3.9999999999999956 9.611771432346218
  endloop
endfacet
facet normal -0.9238795325112862 -0.0 0.38268343236509134
  outer loop
    vertex 6.799038105676657 3.9999999999999956 9.25
    vertex 6.9488887394336025 8.0 9.611771432346218
    vertex 6.799038105676657 8.0 9.25
  endloop
endfacet
facet normal -0.7933533402912355 -0.0 0.6087614290087202
  outer loop
    vertex 6.799038105676657 8.0 9.25
    vertex 6.560660171779821 3.9999999999999956 8.939339828220179
    vertex 6.799038105676657 3.9999999999999956 9.25
  endloop
endfacet
facet normal -0.7933533402912355 -0.0 0.6087614290087202
  outer loop
    vertex 6.560660171779821 3.9999999999999956 8.939339828220179
    vertex 6.799038105676657 8.0 9.25
    vertex 6.560660171779821 8.0 8.939339828220179
  endloop
endfacet
facet normal -0.6087614290087193 -0.0 0.7933533402912363
  outer loop
    vertex 6.560660171779821 3.9999999999999956 8.939339828220179
    vertex 6.249999999999999 8.0 8.700961894323342
    vertex 6.249999999999999 3.9999999999999956 8.700961894323342
  endloop
endfacet
facet normal -0.6087614290087193 -0.0 0.7933533402912363
  outer loop
    vertex 6.249999999999999 8.0 8.700961894323342
    vertex 6.560660171779821 3.9999999999999956 8.939339828220179
    vertex 6.560660171779821 8.0 8.939339828220179
  endloop
endfacet
facet normal -0.38268343236509134 -0.0 0.9238795325112862
  outer loop
    vertex 6.249999999999999 3.9999999999999956 8.700961894323342
    vertex 5.888228567653781 8.0 8.551111260566397
    vertex 5.888228567653781 3.9999999999999956 8.551111260566397
  endloop
endfacet
facet normal -0.38268343236509134 -0.0 0.9238795325112862
  outer loop
    vertex 5.888228567653781 8.0 8.551111260566397
    vertex 6.249999999999999 3.9999999999999956 8.700961894323342
    vertex 6.249999999999999 8.0 8.700961894323342
  endloop
endfacet
facet normal -0.1305261922200519 -0.0 0.9914448613738104
  outer loop
    vertex 5.888228567653781 3.9999999999999956 8.551111260566397
    vertex 5.5 8.0 8.5
    vertex 5.5 3.9999999999999956 8.5
  endloop
endfacet
facet normal -0.1305261922200519 -0.0 0.9914448613738104
  outer loop
    vertex 5.5 8.0 8.5
    vertex 5.888228567653781 3.9999999999999956 8.551111260566397
    vertex 5.888228567653781 8.0 8.551111260566397
  endloop
endfacet
facet normal 0.13052619222005168 0.0 0.9914448613738105
  outer loop
    vertex 5.5 3.9999999999999956 8.5
    vertex 5.1117714323462184 8.0 8.551111260566397
    vertex 5.1117714323462184 3.9999999999999956 8.551111260566397
  endloop
endfacet
facet normal 0.13052619222005168 0.0 0.9914448613738105
  outer loop
    vertex 5.1117714323462184 8.0 8.551111260566397
    vertex 5.5 3.9999999999999956 8.5
    vertex 5.5 8.0 8.5
  endloop
endfacet
facet normal 0.38268343236509134 0.0 0.9238795325112862
  outer loop
    vertex 5.1117714323462184 3.9999999999999956 8.551111260566397
    vertex 4.75 8.0 8.700961894323342
    vertex 4.75 3.9999999999999956 8.700961894323342
  endloop
endfacet
facet normal 0.38268343236509134 0.0 0.9238795325112862
  outer loop
    vertex 4.75 8.0 8.700961894323342
    vertex 5.1117714323462184 3.9999999999999956 8.551111260566397
    vertex 5.1117714323462184 8.0 8.551111260566397
  endloop
endfacet
facet normal 0.6087614290087202 0.0 0.7933533402912355
  outer loop
    vertex 4.75 3.9999999999999956 8.700961894323342
    vertex 4.439339828220179 8.0 8.939339828220179
    vertex 4.439339828220179 3.9999999999999956 8.939339828220179
  endloop
endfacet
facet normal 0.6087614290087202 0.0 0.7933533402912355
  outer loop
    vertex 4.439339828220179 8.0 8.939339828220179
    vertex 4.75 3.9999999999999956 8.700961894323342
    vertex 4.75 8.0 8.700961894323342
  endloop
endfacet
facet normal 0.7933533402912346 0.0 0.6087614290087213
  outer loop
    vertex 4.439339828220179 8.0 8.939339828220179
    vertex 4.200961894323342 3.9999999999999956 9.25
    vertex 4.439339828220179 3.9999999999999956 8.939339828220179
  endloop
endfacet
facet normal 0.7933533402912346 0.0 0.6087614290087213
  outer loop
    vertex 4.200961894323342 3.9999999999999956 9.25
    vertex 4.439339828220179 8.0 8.939339828220179
    vertex 4.200961894323342 8.0 9.25
  endloop
endfacet
facet normal 0.9238795325112867 0.0 0.3826834323650898
  outer loop
    vertex 4.200961894323342 8.0 9.25
    vertex 4.0511112605663975 3.9999999999999956 9.611771432346218
    vertex 4.200961894323342 3.9999999999999956 9.25
  endloop
endfacet
facet normal 0.9238795325112867 0.0 0.3826834323650898
  outer loop
    vertex 4.0511112605663975 3.9999999999999956 9.611771432346218
    vertex 4.200961894323342 8.0 9.25
    vertex 4.0511112605663975 8.0 9.611771432346218
  endloop
endfacet
facet normal 0.9914448613738105 -0.0 0.13052619222005168
  outer loop
    vertex 4.0511112605663975 8.0 9.611771432346218
    vertex 3.9999999999999996 3.9999999999999956 10.0
    vertex 4.0511112605663975 3.9999999999999956 9.611771432346218
  endloop
endfacet
facet normal 0.9914448613738105 -0.0 0.13052619222005168
  outer loop
    vertex 3.9999999999999996 3.9999999999999956 10.0
    vertex 4.0511112605663975 8.0 9.611771432346218
    vertex 3.9999999999999996 8.0 10.0
  endloop
endfacet
facet normal -0.0 -0.0 1.0
  outer loop
    vertex 18.5 12.0 1.9999999999999998
    vertex 6.573869956429173 12.938606790241387 1.9999999999999998
    vertex 6.499999999999999 12.0 1.9999999999999998
  endloop
endfacet
facet normal -0.0 -0.0 1.0
  outer loop
    vertex 6.573869956429173 12.938606790241387 1.9999999999999998
    vertex 18.5 12.0 1.9999999999999998
    vertex 6.793660902229079 13.854101966249686 1.9999999999999998
  endloop
endfacet
facet normal -0.0 -0.0 1.0
  outer loop
    vertex 6.793660902229079 13.854101966249686 1.9999999999999998
    vertex 18.5 12.0 1.9999999999999998
    vertex 11.982361909794959 13.068148347421864 1.9999999999999998
  endloop
endfacet
facet normal -0.0 -0.0 1.0
  outer loop
    vertex 6.793660902229079 13.854101966249686 1.9999999999999998
    vertex 11.982361909794959 13.068148347421864 1.9999999999999998
    vertex 7.153960854869794 14.723942998437282 1.9999999999999998
  endloop
endfacet
facet normal -0.0 -0.0 1.0
  outer loop
    vertex 7.153960854869794 14.723942998437282 1.9999999999999998
    vertex 11.982361909794959 13.068148347421864 1.9999999999999998
    vertex 11.5 13.267949192431125 1.9999999999999998
  endloop
endfacet
facet normal -0.0 -0.0 1.0
  outer loop
    vertex 7.153960854869794 14.723942998437282 1.9999999999999998
    vertex 11.5 13.267949192431125 1.9999999999999998
    vertex 7.645898033750315 15.52671151375484 1.9999999999999998
  endloop
endfacet
facet normal -0.0 -0.0 1.0
  outer loop
    vertex 7.645898033750315 15.52671151375484 1.9999999999999998
    vertex 11.5 13.267949192431125 1.9999999999999998
    vertex 11.085786437626906 13.585786437626904 1.9999999999999998
  endloop
endfacet
facet normal -0.0 -0.0 1.0
  outer loop
    vertex 7.645898033750315 15.52671151375484 1.9999999999999998
    vertex 11.085786437626906 13.585786437626904 1.9999999999999998
    vertex 8.257359312880714 16.242640687119287 1.9999999999999998
  endloop
endfacet
facet normal -0.0 -0.0 1.0
  outer loop
    vertex 8.257359312880714 16.242640687119287 1.9999999999999998
    vertex 11.085786437626906 13.585786437626904 1.9999999999999998
    vertex 10.767949192431123 14.0 1.9999999999999998
  endloop
endfacet
facet normal -0.0 -0.0 1.0
  outer loop
    vertex 8.257359312880714 16.242640687119287 1.9999999999999998
    vertex 10.767949192431123 14.0 1.9999999999999998
    vertex 8.973288486245162 16.854101966249683 1.9999999999999998
  endloop
endfacet
facet normal -0.0 -0.0 1.0
  outer loop
    vertex 8.973288486245162 16.854101966249683 1.9999999999999998
    vertex 10.767949192431123 14.0 1.9999999999999998
    vertex 10.568148347421864 14.482361909794959 1.9999999999999998
  endloop
endfacet
facet normal -0.0 -0.0 1.0
  outer loop
    vertex 8.973288486245162 16.854101966249683 1.9999999999999998
    vertex 10.568148347421864 14.482361909794959 1.9999999999999998
    vertex 9.77605700156272 17.34603914513021 1.9999999999999998
  endloop
endfacet
facet normal -0.0 -0.0 1.0
  outer loop
    vertex 9.77605700156272 17.34603914513021 1.9999999999999998
    vertex 10.568148347421864 14.482361909794959 1.9999999999999998
    vertex 10.5 15.0 1.9999999999999998
  endloop
endfacet
facet normal -0.0 -0.0 1.0
  outer loop
    vertex 11.982361909794959 13.068148347421864 1.9999999999999998
    vertex 18.5 12.0 1.9999999999999998
    vertex 12.5 13.000000000000002 1.9999999999999998
  endloop
endfacet
facet normal -0.0 -0.0 1.0
  outer loop
    vertex 12.5 13.000000000000002 1.9999999999999998
    vertex 18.5 12.0 1.9999999999999998
    vertex 13.017638090205043 13.068148347421864 1.9999999999999998
  endloop
endfacet
facet normal -0.0 -0.0 1.0
  outer loop
    vertex 13.017638090205043 13.068148347421864 1.9999999999999998
    vertex 18.5 12.0 1.9999999999999998
    vertex 13.5 13.267949192431125 1.9999999999999998
  endloop
endfacet
facet normal -0.0 -0.0 1.0
  outer loop
    vertex 13.5 13.267949192431125 1.9999999999999998
    vertex 18.5 12.0 1.9999999999999998
    vertex 13.914213562373096 13.585786437626908 1.9999999999999998
  endloop
endfacet
facet normal -0.0 -0.0 1.0
  outer loop
    vertex 13.914213562373096 13.585786437626908 1.9999999999999998
    vertex 18.5 12.0 1.9999999999999998
    vertex 14.232050807568879 14.000000000000002 1.9999999999999998
  endloop
endfacet
facet normal -0.0 -0.0 1.0
  outer loop
    vertex 14.232050807568879 14.000000000000002 1.9999999999999998
    vertex 18.5 12.0 1.9999999999999998
    vertex 14.431851652578136 14.48236190979496 1.9999999999999998
  endloop
endfacet
facet normal -0.0 -0.0 1.0
  outer loop
    vertex 14.431851652578136 14.48236190979496 1.9999999999999998
    vertex 18.5 12.0 1.9999999999999998
    vertex 14.499999999999998 15.0 1.9999999999999998
  endloop
endfacet
facet normal -0.0 -0.0 1.0
  outer loop
    vertex 14.499999999999998 15.0 1.9999999999999998
    vertex 18.5 12.0 1.9999999999999998
    vertex 15.223942998437282 17.34603914513021 1.9999999999999998
  endloop
endfacet
facet normal -0.0 -0.0 1.0
  outer loop
    vertex 15.223942998437282 17.34603914513021 1.9999999999999998
    vertex 18.5 12.0 1.9999999999999998
    vertex 16.026711513754837 16.854101966249683 1.9999999999999998
  endloop
endfacet
facet normal -0.0 -0.0 1.0
  outer loop
    vertex 16.026711513754837 16.854101966249683 1.9999999999999998
    vertex 18.5 12.0 1.9999999999999998
    vertex 16.742640687119284 16.242640687119284 1.9999999999999998
  endloop
endfacet
facet normal -0.0 -0.0 1.0
  outer loop
    vertex 16.742640687119284 16.242640687119284 1.9999999999999998
    vertex 18.5 12.0 1.9999999999999998
    vertex 17.354101966249683 15.52671151375484 1.9999999999999998
  endloop
endfacet
facet normal -0.0 -0.0 1.0
  outer loop
    vertex 17.354101966249683 15.52671151375484 1.9999999999999998
    vertex 18.5 12.0 1.9999999999999998
    vertex 17.84603914513021 14.72394299843728 1.9999999999999998
  endloop
endfacet
facet normal -0.0 -0.0 1.0
  outer loop
    vertex 17.84603914513021 14.72394299843728 1.9999999999999998
    vertex 18.5 12.0 1.9999999999999998
    vertex 18.206339097770922 13.854101966249685 1.9999999999999998
  endloop
endfacet
facet normal -0.0 -0.0 1.0
  outer loop
    vertex 18.206339097770922 13.854101966249685 1.9999999999999998
    vertex 18.5 12.0 1.9999999999999998
    vertex 18.426130043570826 12.938606790241385 1.9999999999999998
  endloop
endfacet
facet normal -0.0 -0.0 1.0
  outer loop
    vertex 10.5 15.0 1.9999999999999998
    vertex 10.645898033750315 17.706339097770922 1.9999999999999998
    vertex 9.77605700156272 17.34603914513021 1.9999999999999998
  endloop
endfacet
facet normal -0.0 -0.0 1.0
  outer loop
    vertex 10.645898033750315 17.706339097770922 1.9999999999999998
    vertex 10.5 15.0 1.9999999999999998
    vertex 10.568148347421864 15.517638090205041 1.9999999999999998
  endloop
endfacet
facet normal -0.0 -0.0 1.0
  outer loop
    vertex 10.645898033750315 17.706339097770922 1.9999999999999998
    vertex 10.568148347421864 15.517638090205041 1.9999999999999998
    vertex 10.767949192431123 15.999999999999998 1.9999999999999998
  endloop
endfacet
facet normal -0.0 -0.0 1.0
  outer loop
    vertex 10.645898033750315 17.706339097770922 1.9999999999999998
    vertex 10.767949192431123 15.999999999999998 1.9999999999999998
    vertex 11.561393209758615 17.926130043570826 1.9999999999999998
  endloop
endfacet
facet normal -0.0 -0.0 1.0
  outer loop
    vertex 11.561393209758615 17.926130043570826 1.9999999999999998
    vertex 10.767949192431123 15.999999999999998 1.9999999999999998
    vertex 11.085786437626906 16.414213562373092 1.9999999999999998
  endloop
endfacet
facet normal -0.0 -0.0 1.0
  outer loop
    vertex 11.561393209758615 17.926130043570826 1.9999999999999998
    vertex 11.085786437626906 16.414213562373092 1.9999999999999998
    vertex 11.499999999999998 16.732050807568875 1.9999999999999998
  endloop
endfacet
facet normal -0.0 -0.0 1.0
  outer loop
    vertex 11.561393209758615 17.926130043570826 1.9999999999999998
    vertex 11.499999999999998 16.732050807568875 1.9999999999999998
    vertex 11.982361909794959 16.931851652578136 1.9999999999999998
  endloop
endfacet
facet normal -0.0 -0.0 1.0
  outer loop
    vertex 11.561393209758615 17.926130043570826 1.9999999999999998
    vertex 11.982361909794959 16.931851652578136 1.9999999999999998
    vertex 12.500000000000002 18.0 1.9999999999999998
  endloop
endfacet
facet normal -0.0 -0.0 1.0
  outer loop
    vertex 12.500000000000002 18.0 1.9999999999999998
    vertex 11.982361909794959 16.931851652578136 1.9999999999999998
    vertex 12.5 17.0 1.9999999999999998
  endloop
endfacet
facet normal -0.0 -0.0 1.0
  outer loop
    vertex 12.500000000000002 18.0 1.9999999999999998
    vertex 12.5 17.0 1.9999999999999998
    vertex 13.01763809020504 16.931851652578136 1.9999999999999998
  endloop
endfacet
facet normal -0.0 -0.0 1.0
  outer loop
    vertex 12.500000000000002 18.0 1.9999999999999998
    vertex 13.01763809020504 16.931851652578136 1.9999999999999998
    vertex 13.438606790241387 17.926130043570826 1.9999999999999998
  endloop
endfacet
facet normal -0.0 -0.0 1.0
  outer loop
    vertex 13.438606790241387 17.926130043570826 1.9999999999999998
    vertex 13.01763809020504 16.931851652578136 1.9999999999999998
    vertex 13.499999999999998 16.73205080756888 1.9999999999999998
  endloop
endfacet
facet normal -0.0 -0.0 1.0
  outer loop
    vertex 13.438606790241387 17.926130043570826 1.9999999999999998
    vertex 13.499999999999998 16.73205080756888 1.9999999999999998
    vertex 14.354101966249683 17.706339097770922 1.9999999999999998
  endloop
endfacet
facet normal -0.0 -0.0 1.0
  outer loop
    vertex 14.354101966249683 17.706339097770922 1.9999999999999998
    vertex 13.499999999999998 16.73205080756888 1.9999999999999998
    vertex 13.914213562373092 16.414213562373096 1.9999999999999998
  endloop
endfacet
facet normal -0.0 -0.0 1.0
  outer loop
    vertex 14.354101966249683 17.706339097770922 1.9999999999999998
    vertex 13.914213562373092 16.414213562373096 1.9999999999999998
    vertex 14.232050807568875 16.0 1.9999999999999998
  endloop
endfacet
facet normal -0.0 -0.0 1.0
  outer loop
    vertex 14.354101966249683 17.706339097770922 1.9999999999999998
    vertex 14.232050807568875 16.0 1.9999999999999998
    vertex 14.431851652578136 15.517638090205043 1.9999999999999998
  endloop
endfacet
facet normal -0.0 -0.0 1.0
  outer loop
    vertex 14.354101966249683 17.706339097770922 1.9999999999999998
    vertex 14.431851652578136 15.517638090205043 1.9999999999999998
    vertex 15.223942998437282 17.34603914513021 1.9999999999999998
  endloop
endfacet
facet normal -0.0 -0.0 1.0
  outer loop
    vertex 15.223942998437282 17.34603914513021 1.9999999999999998
    vertex 14.431851652578136 15.517638090205043 1.9999999999999998
    vertex 14.499999999999998 15.0 1.9999999999999998
  endloop
endfacet
facet normal 0.996917333733128 0.07845909572784505 0.0
  outer loop
    vertex 18.426130043570826 12.938606790241385 0.0
    vertex 18.5 12.0 1.9999999999999998
    vertex 18.5 12.0 0.0
  endloop
endfacet
facet normal 0.996917333733128 0.07845909572784505 0.0
  outer loop
    vertex 18.5 12.0 1.9999999999999998
    vertex 18.426130043570826 12.938606790241385 0.0
    vertex 18.426130043570826 12.938606790241385 1.9999999999999998
  endloop
endfacet
facet normal -0.996917333733128 0.07845909572784494 0.0
  outer loop
    vertex 6.573869956429173 12.938606790241387 1.9999999999999998
    vertex 6.499999999999999 12.0 0.0
    vertex 6.499999999999999 12.0 1.9999999999999998
  endloop
endfacet
facet normal -0.996917333733128 0.07845909572784494 0.0
  outer loop
    vertex 6.499999999999999 12.0 0.0
    vertex 6.573869956429173 12.938606790241387 1.9999999999999998
    vertex 6.573869956429173 12.938606790241387 0.0
  endloop
endfacet
facet normal -0.9723699203976766 0.23344536385590633 0.0
  outer loop
    vertex 6.793660902229079 13.854101966249686 1.9999999999999998
    vertex 6.573869956429173 12.938606790241387 0.0
    vertex 6.573869956429173 12.938606790241387 1.9999999999999998
  endloop
endfacet
facet normal -0.9723699203976766 0.23344536385590633 0.0
  outer loop
    vertex 6.573869956429173 12.938606790241387 0.0
    vertex 6.793660902229079 13.854101966249686 1.9999999999999998
    vertex 6.793660902229079 13.854101966249686 0.0
  endloop
endfacet
facet normal -0.9238795325112866 0.3826834323650905 0.0
  outer loop
    vertex 7.153960854869794 14.723942998437282 1.9999999999999998
    vertex 6.793660902229079 13.854101966249686 0.0
    vertex 6.793660902229079 13.854101966249686 1.9999999999999998
  endloop
endfacet
facet normal -0.9238795325112866 0.3826834323650905 0.0
  outer loop
    vertex 6.793660902229079 13.854101966249686 0.0
    vertex 7.153960854869794 14.723942998437282 1.9999999999999998
    vertex 7.153960854869794 14.723942998437282 0.0
  endloop
endfacet
facet normal -0.8526401643540922 0.5224985647159491 0.0
  outer loop
    vertex 7.645898033750315 15.52671151375484 1.9999999999999998
    vertex 7.153960854869794 14.723942998437282 0.0
    vertex 7.153960854869794 14.723942998437282 1.9999999999999998
  endloop
endfacet
facet normal -0.8526401643540922 0.5224985647159491 0.0
  outer loop
    vertex 7.153960854869794 14.723942998437282 0.0
    vertex 7.645898033750315 15.52671151375484 1.9999999999999998
    vertex 7.645898033750315 15.52671151375484 0.0
  endloop
endfacet
facet normal -0.7604059656000319 0.6494480483301827 0.0
  outer loop
    vertex 8.257359312880714 16.242640687119287 1.9999999999999998
    vertex 7.645898033750315 15.52671151375484 0.0
    vertex 7.645898033750315 15.52671151375484 1.9999999999999998
  endloop
endfacet
facet normal -0.7604059656000319 0.6494480483301827 0.0
  outer loop
    vertex 7.645898033750315 15.52671151375484 0.0
    vertex 8.257359312880714 16.242640687119287 1.9999999999999998
    vertex 8.257359312880714 16.242640687119287 0.0
  endloop
endfacet
facet normal -0.6494480483301815 0.7604059656000327 0.0
  outer loop
    vertex 8.257359312880714 16.242640687119287 1.9999999999999998
    vertex 8.973288486245162 16.854101966249683 0.0
    vertex 8.257359312880714 16.242640687119287 0.0
  endloop
endfacet
facet normal -0.6494480483301815 0.7604059656000327 0.0
  outer loop
    vertex 8.973288486245162 16.854101966249683 0.0
    vertex 8.257359312880714 16.242640687119287 1.9999999999999998
    vertex 8.973288486245162 16.854101966249683 1.9999999999999998
  endloop
endfacet
facet normal -0.5224985647159506 0.8526401643540912 0.0
  outer loop
    vertex 8.973288486245162 16.854101966249683 1.9999999999999998
    vertex 9.77605700156272 17.34603914513021 0.0
    vertex 8.973288486245162 16.854101966249683 0.0
  endloop
endfacet
facet normal -0.5224985647159506 0.8526401643540912 0.0
  outer loop
    vertex 9.77605700156272 17.34603914513021 0.0
    vertex 8.973288486245162 16.854101966249683 1.9999999999999998
    vertex 9.77605700156272 17.34603914513021 1.9999999999999998
  endloop
endfacet
facet normal -0.3826834323650892 0.9238795325112872 0.0
  outer loop
    vertex 9.77605700156272 17.34603914513021 1.9999999999999998
    vertex 10.645898033750315 17.706339097770922 0.0
    vertex 9.77605700156272 17.34603914513021 0.0
  endloop
endfacet
facet normal -0.3826834323650892 0.9238795325112872 0.0
  outer loop
    vertex 10.645898033750315 17.706339097770922 0.0
    vertex 9.77605700156272 17.34603914513021 1.9999999999999998
    vertex 10.645898033750315 17.706339097770922 1.9999999999999998
  endloop
endfacet
facet normal -0.23344536385590492 0.9723699203976769 0.0
  outer loop
    vertex 10.645898033750315 17.706339097770922 1.9999999999999998
    vertex 11.561393209758615 17.926130043570826 0.0
    vertex 10.645898033750315 17.706339097770922 0.0
  endloop
endfacet
facet normal -0.23344536385590492 0.9723699203976769 0.0
  outer loop
    vertex 11.561393209758615 17.926130043570826 0.0
    vertex 10.645898033750315 17.706339097770922 1.9999999999999998
    vertex 11.561393209758615 17.926130043570826 1.9999999999999998
  endloop
endfacet
facet normal -0.07845909572784505 0.996917333733128 0.0
  outer loop
    vertex 11.561393209758615 17.926130043570826 1.9999999999999998
    vertex 12.500000000000002 18.0 0.0
    vertex 11.561393209758615 17.926130043570826 0.0
  endloop
endfacet
facet normal -0.07845909572784505 0.996917333733128 0.0
  outer loop
    vertex 12.500000000000002 18.0 0.0
    vertex 11.561393209758615 17.926130043570826 1.9999999999999998
    vertex 12.500000000000002 18.0 1.9999999999999998
  endloop
endfacet
facet normal 0.07845909572784505 0.996917333733128 0.0
  outer loop
    vertex 12.500000000000002 18.0 1.9999999999999998
    vertex 13.438606790241387 17.926130043570826 0.0
    vertex 12.500000000000002 18.0 0.0
  endloop
endfacet
facet normal 0.07845909572784505 0.996917333733128 0.0
  outer loop
    vertex 13.438606790241387 17.926130043570826 0.0
    vertex 12.500000000000002 18.0 1.9999999999999998
    vertex 13.438606790241387 17.926130043570826 1.9999999999999998
  endloop
endfacet
facet normal 0.23344536385590556 0.9723699203976766 0.0
  outer loop
    vertex 13.438606790241387 17.926130043570826 1.9999999999999998
    vertex 14.354101966249683 17.706339097770922 0.0
    vertex 13.438606790241387 17.926130043570826 0.0
  endloop
endfacet
facet normal 0.23344536385590556 0.9723699203976766 0.0
  outer loop
    vertex 14.354101966249683 17.706339097770922 0.0
    vertex 13.438606790241387 17.926130043570826 1.9999999999999998
    vertex 14.354101966249683 17.706339097770922 1.9999999999999998
  endloop
endfacet
facet normal 0.38268343236508806 0.9238795325112874 0.0
  outer loop
    vertex 14.354101966249683 17.706339097770922 1.9999999999999998
    vertex 15.223942998437282 17.34603914513021 0.0
    vertex 14.354101966249683 17.706339097770922 0.0
  endloop
endfacet
facet normal 0.38268343236508806 0.9238795325112874 0.0
  outer loop
    vertex 15.223942998437282 17.34603914513021 0.0
    vertex 14.354101966249683 17.706339097770922 1.9999999999999998
    vertex 15.223942998437282 17.34603914513021 1.9999999999999998
  endloop
endfacet
facet normal 0.5224985647159514 0.852640164354091 0.0
  outer loop
    vertex 15.223942998437282 17.34603914513021 1.9999999999999998
    vertex 16.026711513754837 16.854101966249683 0.0
    vertex 15.223942998437282 17.34603914513021 0.0
  endloop
endfacet
facet normal 0.5224985647159514 0.852640164354091 0.0
  outer loop
    vertex 16.026711513754837 16.854101966249683 0.0
    vertex 15.223942998437282 17.34603914513021 1.9999999999999998
    vertex 16.026711513754837 16.854101966249683 1.9999999999999998
  endloop
endfacet
facet normal 0.6494480483301841 0.7604059656000306 0.0
  outer loop
    vertex 16.026711513754837 16.854101966249683 1.9999999999999998
    vertex 16.742640687119284 16.242640687119284 0.0
    vertex 16.026711513754837 16.854101966249683 0.0
  endloop
endfacet
facet normal 0.6494480483301841 0.7604059656000306 0.0
  outer loop
    vertex 16.742640687119284 16.242640687119284 0.0
    vertex 16.026711513754837 16.854101966249683 1.9999999999999998
    vertex 16.742640687119284 16.242640687119284 1.9999999999999998
  endloop
endfacet
facet normal 0.7604059656000306 0.6494480483301841 0.0
  outer loop
    vertex 16.742640687119284 16.242640687119284 0.0
    vertex 17.354101966249683 15.52671151375484 1.9999999999999998
    vertex 17.354101966249683 15.52671151375484 0.0
  endloop
endfacet
facet normal 0.7604059656000306 0.6494480483301841 0.0
  outer loop
    vertex 17.354101966249683 15.52671151375484 1.9999999999999998
    vertex 16.742640687119284 16.242640687119284 0.0
    vertex 16.742640687119284 16.242640687119284 1.9999999999999998
  endloop
endfacet
facet normal 0.8526401643540915 0.5224985647159499 0.0
  outer loop
    vertex 17.354101966249683 15.52671151375484 0.0
    vertex 17.84603914513021 14.72394299843728 1.9999999999999998
    vertex 17.84603914513021 14.72394299843728 0.0
  endloop
endfacet
facet normal 0.8526401643540915 0.5224985647159499 0.0
  outer loop
    vertex 17.84603914513021 14.72394299843728 1.9999999999999998
    vertex 17.354101966249683 15.52671151375484 0.0
    vertex 17.354101966249683 15.52671151375484 1.9999999999999998
  endloop
endfacet
facet normal 0.9238795325112872 0.3826834323650892 0.0
  outer loop
    vertex 17.84603914513021 14.72394299843728 0.0
    vertex 18.206339097770922 13.854101966249685 1.9999999999999998
    vertex 18.206339097770922 13.854101966249685 0.0
  endloop
endfacet
facet normal 0.9238795325112872 0.3826834323650892 0.0
  outer loop
    vertex 18.206339097770922 13.854101966249685 1.9999999999999998
    vertex 17.84603914513021 14.72394299843728 0.0
    vertex 17.84603914513021 14.72394299843728 1.9999999999999998
  endloop
endfacet
facet normal 0.9723699203976769 0.23344536385590492 0.0
  outer loop
    vertex 18.206339097770922 13.854101966249685 0.0
    vertex 18.426130043570826 12.938606790241385 1.9999999999999998
    vertex 18.426130043570826 12.938606790241385 0.0
  endloop
endfacet
facet normal 0.9723699203976769 0.23344536385590492 0.0
  outer loop
    vertex 18.426130043570826 12.938606790241385 1.9999999999999998
    vertex 18.206339097770922 13.854101966249685 0.0
    vertex 18.206339097770922 13.854101966249685 1.9999999999999998
  endloop
endfacet
facet normal -0.0 -0.0 1.0
  outer loop
    vertex 10.645898033750315 -5.706339097770921 1.9999999999999998
    vertex 10.5 -2.9999999999999982 1.9999999999999998
    vertex 9.776057001562718 -5.346039145130208 1.9999999999999998
  endloop
endfacet
facet normal -0.0 -0.0 1.0
  outer loop
    vertex 10.5 -2.9999999999999982 1.9999999999999998
    vertex 10.645898033750315 -5.706339097770921 1.9999999999999998
    vertex 10.568148347421864 -3.51763809020504 1.9999999999999998
  endloop
endfacet
facet normal -0.0 -0.0 1.0
  outer loop
    vertex 10.568148347421864 -3.51763809020504 1.9999999999999998
    vertex 10.645898033750315 -5.706339097770921 1.9999999999999998
    vertex 10.767949192431121 -3.9999999999999982 1.9999999999999998
  endloop
endfacet
facet normal -0.0 -0.0 1.0
  outer loop
    vertex 10.767949192431121 -3.9999999999999982 1.9999999999999998
    vertex 10.645898033750315 -5.706339097770921 1.9999999999999998
    vertex 11.561393209758615 -5.926130043570827 1.9999999999999998
  endloop
endfacet
facet normal -0.0 -0.0 1.0
  outer loop
    vertex 10.767949192431121 -3.9999999999999982 1.9999999999999998
    vertex 11.561393209758615 -5.926130043570827 1.9999999999999998
    vertex 11.085786437626904 -4.414213562373094 1.9999999999999998
  endloop
endfacet
facet normal -0.0 -0.0 1.0
  outer loop
    vertex 11.085786437626904 -4.414213562373094 1.9999999999999998
    vertex 11.561393209758615 -5.926130043570827 1.9999999999999998
    vertex 11.499999999999998 -4.732050807568876 1.9999999999999998
  endloop
endfacet
facet normal -0.0 -0.0 1.0
  outer loop
    vertex 11.499999999999998 -4.732050807568876 1.9999999999999998
    vertex 11.561393209758615 -5.926130043570827 1.9999999999999998
    vertex 11.982361909794957 -4.9318516525781355 1.9999999999999998
  endloop
endfacet
facet normal -0.0 -0.0 1.0
  outer loop
    vertex 11.982361909794957 -4.9318516525781355 1.9999999999999998
    vertex 11.561393209758615 -5.926130043570827 1.9999999999999998
    vertex 12.499999999999998 -6.0 1.9999999999999998
  endloop
endfacet
facet normal -0.0 -0.0 1.0
  outer loop
    vertex 11.982361909794957 -4.9318516525781355 1.9999999999999998
    vertex 12.499999999999998 -6.0 1.9999999999999998
    vertex 12.499999999999998 -4.999999999999999 1.9999999999999998
  endloop
endfacet
facet normal -0.0 -0.0 1.0
  outer loop
    vertex 12.499999999999998 -4.999999999999999 1.9999999999999998
    vertex 12.499999999999998 -6.0 1.9999999999999998
    vertex 13.438606790241383 -5.9261300435708275 1.9999999999999998
  endloop
endfacet
facet normal -0.0 -0.0 1.0
  outer loop
    vertex 12.499999999999998 -4.999999999999999 1.9999999999999998
    vertex 13.438606790241383 -5.9261300435708275 1.9999999999999998
    vertex 13.017638090205043 -4.9318516525781355 1.9999999999999998
  endloop
endfacet
facet normal -0.0 -0.0 1.0
  outer loop
    vertex 13.017638090205043 -4.9318516525781355 1.9999999999999998
    vertex 13.438606790241383 -5.9261300435708275 1.9999999999999998
    vertex 13.499999999999998 -4.732050807568877 1.9999999999999998
  endloop
endfacet
facet normal -0.0 -0.0 1.0
  outer loop
    vertex 13.499999999999998 -4.732050807568877 1.9999999999999998
    vertex 13.438606790241383 -5.9261300435708275 1.9999999999999998
    vertex 14.354101966249683 -5.706339097770922 1.9999999999999998
  endloop
endfacet
facet normal -0.0 -0.0 1.0
  outer loop
    vertex 13.499999999999998 -4.732050807568877 1.9999999999999998
    vertex 14.354101966249683 -5.706339097770922 1.9999999999999998
    vertex 13.914213562373092 -4.414213562373095 1.9999999999999998
  endloop
endfacet
facet normal -0.0 -0.0 1.0
  outer loop
    vertex 13.914213562373092 -4.414213562373095 1.9999999999999998
    vertex 14.354101966249683 -5.706339097770922 1.9999999999999998
    vertex 14.232050807568879 -3.9999999999999996 1.9999999999999998
  endloop
endfacet
facet normal -0.0 -0.0 1.0
  outer loop
    vertex 14.232050807568879 -3.9999999999999996 1.9999999999999998
    vertex 14.354101966249683 -5.706339097770922 1.9999999999999998
    vertex 14.431851652578136 -3.5176380902050415 1.9999999999999998
  endloop
endfacet
facet normal -0.0 -0.0 1.0
  outer loop
    vertex 14.431851652578136 -3.5176380902050415 1.9999999999999998
    vertex 14.354101966249683 -5.706339097770922 1.9999999999999998
    vertex 15.223942998437279 -5.3460391451302085 1.9999999999999998
  endloop
endfacet
facet normal -0.0 -0.0 1.0
  outer loop
    vertex 14.431851652578136 -3.5176380902050415 1.9999999999999998
    vertex 15.223942998437279 -5.3460391451302085 1.9999999999999998
    vertex 14.499999999999998 -3.000000000000001 1.9999999999999998
  endloop
endfacet
facet normal -0.0 -0.0 1.0
  outer loop
    vertex 6.573869956429173 -0.9386067902413845 1.9999999999999998
    vertex 18.5 0.0 1.9999999999999998
    vertex 6.499999999999999 7.34788079488412e-16 1.9999999999999998
  endloop
endfacet
facet normal -0.0 -0.0 1.0
  outer loop
    vertex 18.5 0.0 1.9999999999999998
    vertex 6.573869956429173 -0.9386067902413845 1.9999999999999998
    vertex 6.793660902229077 -1.8541019662496838 1.9999999999999998
  endloop
endfacet
facet normal -0.0 -0.0 1.0
  outer loop
    vertex 18.5 0.0 1.9999999999999998
    vertex 6.793660902229077 -1.8541019662496838 1.9999999999999998
    vertex 11.98236190979496 -1.0681483474218634 1.9999999999999998
  endloop
endfacet
facet normal -0.0 -0.0 1.0
  outer loop
    vertex 11.98236190979496 -1.0681483474218634 1.9999999999999998
    vertex 6.793660902229077 -1.8541019662496838 1.9999999999999998
    vertex 7.153960854869792 -2.72394299843728 1.9999999999999998
  endloop
endfacet
facet normal -0.0 -0.0 1.0
  outer loop
    vertex 11.98236190979496 -1.0681483474218634 1.9999999999999998
    vertex 7.153960854869792 -2.72394299843728 1.9999999999999998
    vertex 11.5 -1.2679491924311226 1.9999999999999998
  endloop
endfacet
facet normal -0.0 -0.0 1.0
  outer loop
    vertex 11.5 -1.2679491924311226 1.9999999999999998
    vertex 7.153960854869792 -2.72394299843728 1.9999999999999998
    vertex 7.645898033750315 -3.526711513754838 1.9999999999999998
  endloop
endfacet
facet normal -0.0 -0.0 1.0
  outer loop
    vertex 11.5 -1.2679491924311226 1.9999999999999998
    vertex 7.645898033750315 -3.526711513754838 1.9999999999999998
    vertex 11.085786437626906 -1.5857864376269042 1.9999999999999998
  endloop
endfacet
facet normal -0.0 -0.0 1.0
  outer loop
    vertex 11.085786437626906 -1.5857864376269042 1.9999999999999998
    vertex 7.645898033750315 -3.526711513754838 1.9999999999999998
    vertex 8.257359312880714 -4.242640687119285 1.9999999999999998
  endloop
endfacet
facet normal -0.0 -0.0 1.0
  outer loop
    vertex 11.085786437626906 -1.5857864376269042 1.9999999999999998
    vertex 8.257359312880714 -4.242640687119285 1.9999999999999998
    vertex 10.767949192431123 -1.9999999999999991 1.9999999999999998
  endloop
endfacet
facet normal -0.0 -0.0 1.0
  outer loop
    vertex 10.767949192431123 -1.9999999999999991 1.9999999999999998
    vertex 8.257359312880714 -4.242640687119285 1.9999999999999998
    vertex 8.973288486245162 -4.854101966249684 1.9999999999999998
  endloop
endfacet
facet normal -0.0 -0.0 1.0
  outer loop
    vertex 10.767949192431123 -1.9999999999999991 1.9999999999999998
    vertex 8.973288486245162 -4.854101966249684 1.9999999999999998
    vertex 10.568148347421864 -2.4823619097949576 1.9999999999999998
  endloop
endfacet
facet normal -0.0 -0.0 1.0
  outer loop
    vertex 10.568148347421864 -2.4823619097949576 1.9999999999999998
    vertex 8.973288486245162 -4.854101966249684 1.9999999999999998
    vertex 9.776057001562718 -5.346039145130208 1.9999999999999998
  endloop
endfacet
facet normal -0.0 -0.0 1.0
  outer loop
    vertex 10.568148347421864 -2.4823619097949576 1.9999999999999998
    vertex 9.776057001562718 -5.346039145130208 1.9999999999999998
    vertex 10.5 -2.9999999999999982 1.9999999999999998
  endloop
endfacet
facet normal -0.0 -0.0 1.0
  outer loop
    vertex 18.5 0.0 1.9999999999999998
    vertex 11.98236190979496 -1.0681483474218634 1.9999999999999998
    vertex 12.500000000000002 -1.0000000000000002 1.9999999999999998
  endloop
endfacet
facet normal -0.0 -0.0 1.0
  outer loop
    vertex 18.5 0.0 1.9999999999999998
    vertex 12.500000000000002 -1.0000000000000002 1.9999999999999998
    vertex 13.017638090205043 -1.0681483474218638 1.9999999999999998
  endloop
endfacet
facet normal -0.0 -0.0 1.0
  outer loop
    vertex 18.5 0.0 1.9999999999999998
    vertex 13.017638090205043 -1.0681483474218638 1.9999999999999998
    vertex 13.5 -1.2679491924311233 1.9999999999999998
  endloop
endfacet
facet normal -0.0 -0.0 1.0
  outer loop
    vertex 18.5 0.0 1.9999999999999998
    vertex 13.5 -1.2679491924311233 1.9999999999999998
    vertex 13.914213562373096 -1.5857864376269055 1.9999999999999998
  endloop
endfacet
facet normal -0.0 -0.0 1.0
  outer loop
    vertex 18.5 0.0 1.9999999999999998
    vertex 13.914213562373096 -1.5857864376269055 1.9999999999999998
    vertex 14.232050807568879 -2.0000000000000004 1.9999999999999998
  endloop
endfacet
facet normal -0.0 -0.0 1.0
  outer loop
    vertex 18.5 0.0 1.9999999999999998
    vertex 14.232050807568879 -2.0000000000000004 1.9999999999999998
    vertex 14.431851652578136 -2.482361909794958 1.9999999999999998
  endloop
endfacet
facet normal -0.0 -0.0 1.0
  outer loop
    vertex 18.5 0.0 1.9999999999999998
    vertex 14.431851652578136 -2.482361909794958 1.9999999999999998
    vertex 14.499999999999998 -3.000000000000001 1.9999999999999998
  endloop
endfacet
facet normal -0.0 -0.0 1.0
  outer loop
    vertex 18.5 0.0 1.9999999999999998
    vertex 14.499999999999998 -3.000000000000001 1.9999999999999998
    vertex 15.223942998437279 -5.3460391451302085 1.9999999999999998
  endloop
endfacet
facet normal -0.0 -0.0 1.0
  outer loop
    vertex 18.5 0.0 1.9999999999999998
    vertex 15.223942998437279 -5.3460391451302085 1.9999999999999998
    vertex 16.026711513754837 -4.854101966249686 1.9999999999999998
  endloop
endfacet
facet normal -0.0 -0.0 1.0
  outer loop
    vertex 18.5 0.0 1.9999999999999998
    vertex 16.026711513754837 -4.854101966249686 1.9999999999999998
    vertex 16.742640687119284 -4.2426406871192865 1.9999999999999998
  endloop
endfacet
facet normal -0.0 -0.0 1.0
  outer loop
    vertex 18.5 0.0 1.9999999999999998
    vertex 16.742640687119284 -4.2426406871192865 1.9999999999999998
    vertex 17.354101966249683 -3.52671151375484 1.9999999999999998
  endloop
endfacet
facet normal -0.0 -0.0 1.0
  outer loop
    vertex 18.5 0.0 1.9999999999999998
    vertex 17.354101966249683 -3.52671151375484 1.9999999999999998
    vertex 17.846039145130206 -2.7239429984372823 1.9999999999999998
  endloop
endfacet
facet normal -0.0 -0.0 1.0
  outer loop
    vertex 18.5 0.0 1.9999999999999998
    vertex 17.846039145130206 -2.7239429984372823 1.9999999999999998
    vertex 18.206339097770922 -1.8541019662496863 1.9999999999999998
  endloop
endfacet
facet normal -0.0 -0.0 1.0
  outer loop
    vertex 18.5 0.0 1.9999999999999998
    vertex 18.206339097770922 -1.8541019662496863 1.9999999999999998
    vertex 18.426130043570826 -0.9386067902413866 1.9999999999999998
  endloop
endfacet
facet normal -0.996917333733128 -0.0784590957278451 -0.0
  outer loop
    vertex 6.499999999999999 7.34788079488412e-16 1.9999999999999998
    vertex 6.573869956429173 -0.9386067902413845 0.0
    vertex 6.573869956429173 -0.9386067902413845 1.9999999999999998
  endloop
endfacet
facet normal -0.996917333733128 -0.0784590957278451 -0.0
  outer loop
    vertex 6.573869956429173 -0.9386067902413845 0.0
    vertex 6.499999999999999 7.34788079488412e-16 1.9999999999999998
    vertex 6.499999999999999 7.34788079488412e-16 0.0
  endloop
endfacet
facet normal 0.9969173337331281 -0.07845909572784497 0.0
  outer loop
    vertex 18.5 0.0 0.0
    vertex 18.426130043570826 -0.9386067902413866 1.9999999999999998
    vertex 18.426130043570826 -0.9386067902413866 0.0
  endloop
endfacet
facet normal 0.9969173337331281 -0.07845909572784497 0.0
  outer loop
    vertex 18.426130043570826 -0.9386067902413866 1.9999999999999998
    vertex 18.5 0.0 0.0
    vertex 18.5 0.0 1.9999999999999998
  endloop
endfacet
facet normal 0.9723699203976769 -0.23344536385590492 0.0
  outer loop
    vertex 18.426130043570826 -0.9386067902413866 0.0
    vertex 18.206339097770922 -1.8541019662496863 1.9999999999999998
    vertex 18.206339097770922 -1.8541019662496863 0.0
  endloop
endfacet
facet normal 0.9723699203976769 -0.23344536385590492 0.0
  outer loop
    vertex 18.206339097770922 -1.8541019662496863 1.9999999999999998
    vertex 18.426130043570826 -0.9386067902413866 0.0
    vertex 18.426130043570826 -0.9386067902413866 1.9999999999999998
  endloop
endfacet
facet normal 0.923879532511286 -0.3826834323650917 0.0
  outer loop
    vertex 18.206339097770922 -1.8541019662496863 0.0
    vertex 17.846039145130206 -2.7239429984372823 1.9999999999999998
    vertex 17.846039145130206 -2.7239429984372823 0.0
  endloop
endfacet
facet normal 0.923879532511286 -0.3826834323650917 0.0
  outer loop
    vertex 17.846039145130206 -2.7239429984372823 1.9999999999999998
    vertex 18.206339097770922 -1.8541019662496863 0.0
    vertex 18.206339097770922 -1.8541019662496863 1.9999999999999998
  endloop
endfacet
facet normal 0.8526401643540926 -0.5224985647159482 0.0
  outer loop
    vertex 17.846039145130206 -2.7239429984372823 0.0
    vertex 17.354101966249683 -3.52671151375484 1.9999999999999998
    vertex 17.354101966249683 -3.52671151375484 0.0
  endloop
endfacet
facet normal 0.8526401643540926 -0.5224985647159482 0.0
  outer loop
    vertex 17.354101966249683 -3.52671151375484 1.9999999999999998
    vertex 17.846039145130206 -2.7239429984372823 0.0
    vertex 17.846039145130206 -2.7239429984372823 1.9999999999999998
  endloop
endfacet
facet normal 0.7604059656000309 -0.6494480483301838 0.0
  outer loop
    vertex 17.354101966249683 -3.52671151375484 0.0
    vertex 16.742640687119284 -4.2426406871192865 1.9999999999999998
    vertex 16.742640687119284 -4.2426406871192865 0.0
  endloop
endfacet
facet normal 0.7604059656000309 -0.6494480483301838 0.0
  outer loop
    vertex 16.742640687119284 -4.2426406871192865 1.9999999999999998
    vertex 17.354101966249683 -3.52671151375484 0.0
    vertex 17.354101966249683 -3.52671151375484 1.9999999999999998
  endloop
endfacet
facet normal 0.6494480483301837 -0.7604059656000312 0.0
  outer loop
    vertex 16.742640687119284 -4.2426406871192865 1.9999999999999998
    vertex 16.026711513754837 -4.854101966249686 0.0
    vertex 16.742640687119284 -4.2426406871192865 0.0
  endloop
endfacet
facet normal 0.6494480483301837 -0.7604059656000312 0.0
  outer loop
    vertex 16.026711513754837 -4.854101966249686 0.0
    vertex 16.742640687119284 -4.2426406871192865 1.9999999999999998
    vertex 16.026711513754837 -4.854101966249686 1.9999999999999998
  endloop
endfacet
facet normal 0.5224985647159489 -0.8526401643540923 0.0
  outer loop
    vertex 16.026711513754837 -4.854101966249686 1.9999999999999998
    vertex 15.223942998437279 -5.3460391451302085 0.0
    vertex 16.026711513754837 -4.854101966249686 0.0
  endloop
endfacet
facet normal 0.5224985647159489 -0.8526401643540923 0.0
  outer loop
    vertex 15.223942998437279 -5.3460391451302085 0.0
    vertex 16.026711513754837 -4.854101966249686 1.9999999999999998
    vertex 15.223942998437279 -5.3460391451302085 1.9999999999999998
  endloop
endfacet
facet normal 0.3826834323650892 -0.9238795325112872 0.0
  outer loop
    vertex 15.223942998437279 -5.3460391451302085 1.9999999999999998
    vertex 14.354101966249683 -5.706339097770922 0.0
    vertex 15.223942998437279 -5.3460391451302085 0.0
  endloop
endfacet
facet normal 0.3826834323650892 -0.9238795325112872 0.0
  outer loop
    vertex 14.354101966249683 -5.706339097770922 0.0
    vertex 15.223942998437279 -5.3460391451302085 1.9999999999999998
    vertex 14.354101966249683 -5.706339097770922 1.9999999999999998
  endloop
endfacet
facet normal 0.23344536385590559 -0.9723699203976766 0.0
  outer loop
    vertex 14.354101966249683 -5.706339097770922 1.9999999999999998
    vertex 13.438606790241383 -5.9261300435708275 0.0
    vertex 14.354101966249683 -5.706339097770922 0.0
  endloop
endfacet
facet normal 0.23344536385590559 -0.9723699203976766 0.0
  outer loop
    vertex 13.438606790241383 -5.9261300435708275 0.0
    vertex 14.354101966249683 -5.706339097770922 1.9999999999999998
    vertex 13.438606790241383 -5.9261300435708275 1.9999999999999998
  endloop
endfacet
facet normal 0.07845909572784432 -0.9969173337331282 0.0
  outer loop
    vertex 13.438606790241383 -5.9261300435708275 1.9999999999999998
    vertex 12.499999999999998 -6.0 0.0
    vertex 13.438606790241383 -5.9261300435708275 0.0
  endloop
endfacet
facet normal 0.07845909572784432 -0.9969173337331282 0.0
  outer loop
    vertex 12.499999999999998 -6.0 0.0
    vertex 13.438606790241383 -5.9261300435708275 1.9999999999999998
    vertex 12.499999999999998 -6.0 1.9999999999999998
  endloop
endfacet
facet normal -0.07845909572784518 -0.9969173337331281 -0.0
  outer loop
    vertex 12.499999999999998 -6.0 1.9999999999999998
    vertex 11.561393209758615 -5.926130043570827 0.0
    vertex 12.499999999999998 -6.0 0.0
  endloop
endfacet
facet normal -0.07845909572784518 -0.9969173337331281 -0.0
  outer loop
    vertex 11.561393209758615 -5.926130043570827 0.0
    vertex 12.499999999999998 -6.0 1.9999999999999998
    vertex 11.561393209758615 -5.926130043570827 1.9999999999999998
  endloop
endfacet
facet normal -0.23344536385590559 -0.9723699203976766 -0.0
  outer loop
    vertex 11.561393209758615 -5.926130043570827 1.9999999999999998
    vertex 10.645898033750315 -5.706339097770921 0.0
    vertex 11.561393209758615 -5.926130043570827 0.0
  endloop
endfacet
facet normal -0.23344536385590559 -0.9723699203976766 -0.0
  outer loop
    vertex 10.645898033750315 -5.706339097770921 0.0
    vertex 11.561393209758615 -5.926130043570827 1.9999999999999998
    vertex 10.645898033750315 -5.706339097770921 1.9999999999999998
  endloop
endfacet
facet normal -0.38268343236508984 -0.9238795325112868 -0.0
  outer loop
    vertex 10.645898033750315 -5.706339097770921 1.9999999999999998
    vertex 9.776057001562718 -5.346039145130208 0.0
    vertex 10.645898033750315 -5.706339097770921 0.0
  endloop
endfacet
facet normal -0.38268343236508984 -0.9238795325112868 -0.0
  outer loop
    vertex 9.776057001562718 -5.346039145130208 0.0
    vertex 10.645898033750315 -5.706339097770921 1.9999999999999998
    vertex 9.776057001562718 -5.346039145130208 1.9999999999999998
  endloop
endfacet
facet normal -0.5224985647159496 -0.852640164354092 -0.0
  outer loop
    vertex 9.776057001562718 -5.346039145130208 1.9999999999999998
    vertex 8.973288486245162 -4.854101966249684 0.0
    vertex 9.776057001562718 -5.346039145130208 0.0
  endloop
endfacet
facet normal -0.5224985647159496 -0.852640164354092 -0.0
  outer loop
    vertex 8.973288486245162 -4.854101966249684 0.0
    vertex 9.776057001562718 -5.346039145130208 1.9999999999999998
    vertex 8.973288486245162 -4.854101966249684 1.9999999999999998
  endloop
endfacet
facet normal -0.6494480483301829 -0.7604059656000317 -0.0
  outer loop
    vertex 8.973288486245162 -4.854101966249684 1.9999999999999998
    vertex 8.257359312880714 -4.242640687119285 0.0
    vertex 8.973288486245162 -4.854101966249684 0.0
  endloop
endfacet
facet normal -0.6494480483301829 -0.7604059656000317 -0.0
  outer loop
    vertex 8.257359312880714 -4.242640687119285 0.0
    vertex 8.973288486245162 -4.854101966249684 1.9999999999999998
    vertex 8.257359312880714 -4.242640687119285 1.9999999999999998
  endloop
endfacet
facet normal -0.760405965600032 -0.6494480483301825 -0.0
  outer loop
    vertex 7.645898033750315 -3.526711513754838 1.9999999999999998
    vertex 8.257359312880714 -4.242640687119285 0.0
    vertex 8.257359312880714 -4.242640687119285 1.9999999999999998
  endloop
endfacet
facet normal -0.760405965600032 -0.6494480483301825 -0.0
  outer loop
    vertex 8.257359312880714 -4.242640687119285 0.0
    vertex 7.645898033750315 -3.526711513754838 1.9999999999999998
    vertex 7.645898033750315 -3.526711513754838 0.0
  endloop
endfacet
facet normal -0.852640164354092 -0.5224985647159494 -0.0
  outer loop
    vertex 7.153960854869792 -2.72394299843728 1.9999999999999998
    vertex 7.645898033750315 -3.526711513754838 0.0
    vertex 7.645898033750315 -3.526711513754838 1.9999999999999998
  endloop
endfacet
facet normal -0.852640164354092 -0.5224985647159494 -0.0
  outer loop
    vertex 7.645898033750315 -3.526711513754838 0.0
    vertex 7.153960854869792 -2.72394299843728 1.9999999999999998
    vertex 7.153960854869792 -2.72394299843728 0.0
  endloop
endfacet
facet normal -0.9238795325112866 -0.38268343236509034 -0.0
  outer loop
    vertex 6.793660902229077 -1.8541019662496838 1.9999999999999998
    vertex 7.153960854869792 -2.72394299843728 0.0
    vertex 7.153960854869792 -2.72394299843728 1.9999999999999998
  endloop
endfacet
facet normal -0.9238795325112866 -0.38268343236509034 -0.0
  outer loop
    vertex 7.153960854869792 -2.72394299843728 0.0
    vertex 6.793660902229077 -1.8541019662496838 1.9999999999999998
    vertex 6.793660902229077 -1.8541019662496838 0.0
  endloop
endfacet
facet normal -0.9723699203976769 -0.23344536385590503 -0.0
  outer loop
    vertex 6.573869956429173 -0.9386067902413845 1.9999999999999998
    vertex 6.793660902229077 -1.8541019662496838 0.0
    vertex 6.793660902229077 -1.8541019662496838 1.9999999999999998
  endloop
endfacet
facet normal -0.9723699203976769 -0.23344536385590503 -0.0
  outer loop
    vertex 6.793660902229077 -1.8541019662496838 0.0
    vertex 6.573869956429173 -0.9386067902413845 1.9999999999999998
    vertex 6.573869956429173 -0.9386067902413845 0.0
  endloop
endfacet
facet normal -0.1305261922200518 -0.9914448613738104 -0.0
  outer loop
    vertex 13.017638090205043 -1.0681483474218638 1.9999999999999998
    vertex 12.500000000000002 -1.0000000000000002 -1.4099832412739487e-15
    vertex 13.017638090205043 -1.0681483474218638 -1.4099832412739487e-15
  endloop
endfacet
facet normal -0.1305261922200518 -0.9914448613738104 -0.0
  outer loop
    vertex 12.500000000000002 -1.0000000000000002 -1.4099832412739487e-15
    vertex 13.017638090205043 -1.0681483474218638 1.9999999999999998
    vertex 12.500000000000002 -1.0000000000000002 1.9999999999999998
  endloop
endfacet
facet normal 0.13052619222005113 -0.9914448613738105 -0.0
  outer loop
    vertex 12.500000000000002 -1.0000000000000002 1.9999999999999998
    vertex 11.98236190979496 -1.0681483474218634 -1.4099832412739487e-15
    vertex 12.500000000000002 -1.0000000000000002 -1.4099832412739487e-15
  endloop
endfacet
facet normal 0.13052619222005113 -0.9914448613738105 -0.0
  outer loop
    vertex 11.98236190979496 -1.0681483474218634 -1.4099832412739487e-15
    vertex 12.500000000000002 -1.0000000000000002 1.9999999999999998
    vertex 11.98236190979496 -1.0681483474218634 1.9999999999999998
  endloop
endfacet
facet normal 0.3826834323650886 -0.9238795325112873 -0.0
  outer loop
    vertex 11.98236190979496 -1.0681483474218634 1.9999999999999998
    vertex 11.5 -1.2679491924311226 -1.4099832412739487e-15
    vertex 11.98236190979496 -1.0681483474218634 -1.4099832412739487e-15
  endloop
endfacet
facet normal 0.3826834323650886 -0.9238795325112873 -0.0
  outer loop
    vertex 11.5 -1.2679491924311226 -1.4099832412739487e-15
    vertex 11.98236190979496 -1.0681483474218634 1.9999999999999998
    vertex 11.5 -1.2679491924311226 1.9999999999999998
  endloop
endfacet
facet normal 0.6087614290087203 -0.7933533402912355 -0.0
  outer loop
    vertex 11.5 -1.2679491924311226 1.9999999999999998
    vertex 11.085786437626906 -1.5857864376269042 -1.4099832412739487e-15
    vertex 11.5 -1.2679491924311226 -1.4099832412739487e-15
  endloop
endfacet
facet normal 0.6087614290087203 -0.7933533402912355 -0.0
  outer loop
    vertex 11.085786437626906 -1.5857864376269042 -1.4099832412739487e-15
    vertex 11.5 -1.2679491924311226 1.9999999999999998
    vertex 11.085786437626906 -1.5857864376269042 1.9999999999999998
  endloop
endfacet
facet normal 0.793353340291236 -0.6087614290087194 -0.0
  outer loop
    vertex 11.085786437626906 -1.5857864376269042 -1.4099832412739487e-15
    vertex 10.767949192431123 -1.9999999999999991 1.9999999999999998
    vertex 10.767949192431123 -1.9999999999999991 -1.4099832412739487e-15
  endloop
endfacet
facet normal 0.793353340291236 -0.6087614290087194 -0.0
  outer loop
    vertex 10.767949192431123 -1.9999999999999991 1.9999999999999998
    vertex 11.085786437626906 -1.5857864376269042 -1.4099832412739487e-15
    vertex 11.085786437626906 -1.5857864376269042 1.9999999999999998
  endloop
endfacet
facet normal 0.9238795325112863 -0.3826834323650914 -0.0
  outer loop
    vertex 10.767949192431123 -1.9999999999999991 -1.4099832412739487e-15
    vertex 10.568148347421864 -2.4823619097949576 1.9999999999999998
    vertex 10.568148347421864 -2.4823619097949576 -1.4099832412739487e-15
  endloop
endfacet
facet normal 0.9238795325112863 -0.3826834323650914 -0.0
  outer loop
    vertex 10.568148347421864 -2.4823619097949576 1.9999999999999998
    vertex 10.767949192431123 -1.9999999999999991 -1.4099832412739487e-15
    vertex 10.767949192431123 -1.9999999999999991 1.9999999999999998
  endloop
endfacet
facet normal 0.9914448613738104 -0.13052619222005188 -0.0
  outer loop
    vertex 10.568148347421864 -2.4823619097949576 -1.4099832412739487e-15
    vertex 10.5 -2.9999999999999982 1.9999999999999998
    vertex 10.5 -2.9999999999999982 -1.4099832412739487e-15
  endloop
endfacet
facet normal 0.9914448613738104 -0.13052619222005188 -0.0
  outer loop
    vertex 10.5 -2.9999999999999982 1.9999999999999998
    vertex 10.568148347421864 -2.4823619097949576 -1.4099832412739487e-15
    vertex 10.568148347421864 -2.4823619097949576 1.9999999999999998
  endloop
endfacet
facet normal 0.9914448613738105 0.1305261922200517 0.0
  outer loop
    vertex 10.5 -2.9999999999999982 -1.4099832412739487e-15
    vertex 10.568148347421864 -3.51763809020504 1.9999999999999998
    vertex 10.568148347421864 -3.51763809020504 -1.4099832412739487e-15
  endloop
endfacet
facet normal 0.9914448613738105 0.1305261922200517 0.0
  outer loop
    vertex 10.568148347421864 -3.51763809020504 1.9999999999999998
    vertex 10.5 -2.9999999999999982 -1.4099832412739487e-15
    vertex 10.5 -2.9999999999999982 1.9999999999999998
  endloop
endfacet
facet normal 0.9238795325112881 0.3826834323650867 0.0
  outer loop
    vertex 10.568148347421864 -3.51763809020504 -1.4099832412739487e-15
    vertex 10.767949192431121 -3.9999999999999982 1.9999999999999998
    vertex 10.767949192431121 -3.9999999999999982 -1.4099832412739487e-15
  endloop
endfacet
facet normal 0.9238795325112881 0.3826834323650867 0.0
  outer loop
    vertex 10.767949192431121 -3.9999999999999982 1.9999999999999998
    vertex 10.568148347421864 -3.51763809020504 -1.4099832412739487e-15
    vertex 10.568148347421864 -3.51763809020504 1.9999999999999998
  endloop
endfacet
facet normal 0.793353340291235 0.6087614290087207 0.0
  outer loop
    vertex 10.767949192431121 -3.9999999999999982 -1.4099832412739487e-15
    vertex 11.085786437626904 -4.414213562373094 1.9999999999999998
    vertex 11.085786437626904 -4.414213562373094 -1.4099832412739487e-15
  endloop
endfacet
facet normal 0.793353340291235 0.6087614290087207 0.0
  outer loop
    vertex 11.085786437626904 -4.414213562373094 1.9999999999999998
    vertex 10.767949192431121 -3.9999999999999982 -1.4099832412739487e-15
    vertex 10.767949192431121 -3.9999999999999982 1.9999999999999998
  endloop
endfacet
facet normal 0.6087614290087205 0.7933533402912354 0.0
  outer loop
    vertex 11.085786437626904 -4.414213562373094 1.9999999999999998
    vertex 11.499999999999998 -4.732050807568876 -1.4099832412739487e-15
    vertex 11.085786437626904 -4.414213562373094 -1.4099832412739487e-15
  endloop
endfacet
facet normal 0.6087614290087205 0.7933533402912354 0.0
  outer loop
    vertex 11.499999999999998 -4.732050807568876 -1.4099832412739487e-15
    vertex 11.085786437626904 -4.414213562373094 1.9999999999999998
    vertex 11.499999999999998 -4.732050807568876 1.9999999999999998
  endloop
endfacet
facet normal 0.3826834323650914 0.9238795325112863 0.0
  outer loop
    vertex 11.499999999999998 -4.732050807568876 1.9999999999999998
    vertex 11.982361909794957 -4.9318516525781355 -1.4099832412739487e-15
    vertex 11.499999999999998 -4.732050807568876 -1.4099832412739487e-15
  endloop
endfacet
facet normal 0.3826834323650914 0.9238795325112863 0.0
  outer loop
    vertex 11.982361909794957 -4.9318516525781355 -1.4099832412739487e-15
    vertex 11.499999999999998 -4.732050807568876 1.9999999999999998
    vertex 11.982361909794957 -4.9318516525781355 1.9999999999999998
  endloop
endfacet
facet normal 0.1305261922200518 0.9914448613738104 0.0
  outer loop
    vertex 11.982361909794957 -4.9318516525781355 1.9999999999999998
    vertex 12.499999999999998 -4.999999999999999 -1.4099832412739487e-15
    vertex 11.982361909794957 -4.9318516525781355 -1.4099832412739487e-15
  endloop
endfacet
facet normal 0.1305261922200518 0.9914448613738104 0.0
  outer loop
    vertex 12.499999999999998 -4.999999999999999 -1.4099832412739487e-15
    vertex 11.982361909794957 -4.9318516525781355 1.9999999999999998
    vertex 12.499999999999998 -4.999999999999999 1.9999999999999998
  endloop
endfacet
facet normal -0.1305261922200511 0.9914448613738106 -0.0
  outer loop
    vertex 12.499999999999998 -4.999999999999999 1.9999999999999998
    vertex 13.017638090205043 -4.9318516525781355 -1.4099832412739487e-15
    vertex 12.499999999999998 -4.999999999999999 -1.4099832412739487e-15
  endloop
endfacet
facet normal -0.1305261922200511 0.9914448613738106 -0.0
  outer loop
    vertex 13.017638090205043 -4.9318516525781355 -1.4099832412739487e-15
    vertex 12.499999999999998 -4.999999999999999 1.9999999999999998
    vertex 13.017638090205043 -4.9318516525781355 1.9999999999999998
  endloop
endfacet
facet normal -0.3826834323650909 0.9238795325112863 -0.0
  outer loop
    vertex 13.017638090205043 -4.9318516525781355 1.9999999999999998
    vertex 13.499999999999998 -4.732050807568877 -1.4099832412739487e-15
    vertex 13.017638090205043 -4.9318516525781355 -1.4099832412739487e-15
  endloop
endfacet
facet normal -0.3826834323650909 0.9238795325112863 -0.0
  outer loop
    vertex 13.499999999999998 -4.732050807568877 -1.4099832412739487e-15
    vertex 13.017638090205043 -4.9318516525781355 1.9999999999999998
    vertex 13.499999999999998 -4.732050807568877 1.9999999999999998
  endloop
endfacet
facet normal -0.6087614290087205 0.7933533402912354 -0.0
  outer loop
    vertex 13.499999999999998 -4.732050807568877 1.9999999999999998
    vertex 13.914213562373092 -4.414213562373095 -1.4099832412739487e-15
    vertex 13.499999999999998 -4.732050807568877 -1.4099832412739487e-15
  endloop
endfacet
facet normal -0.6087614290087205 0.7933533402912354 -0.0
  outer loop
    vertex 13.914213562373092 -4.414213562373095 -1.4099832412739487e-15
    vertex 13.499999999999998 -4.732050807568877 1.9999999999999998
    vertex 13.914213562373092 -4.414213562373095 1.9999999999999998
  endloop
endfacet
facet normal -0.7933533402912326 0.6087614290087241 -0.0
  outer loop
    vertex 14.232050807568879 -3.9999999999999996 1.9999999999999998
    vertex 13.914213562373092 -4.414213562373095 -1.4099832412739487e-15
    vertex 13.914213562373092 -4.414213562373095 1.9999999999999998
  endloop
endfacet
facet normal -0.7933533402912326 0.6087614290087241 -0.0
  outer loop
    vertex 13.914213562373092 -4.414213562373095 -1.4099832412739487e-15
    vertex 14.232050807568879 -3.9999999999999996 1.9999999999999998
    vertex 14.232050807568879 -3.9999999999999996 -1.4099832412739487e-15
  endloop
endfacet
facet normal -0.9238795325112881 0.3826834323650867 -0.0
  outer loop
    vertex 14.431851652578136 -3.5176380902050415 1.9999999999999998
    vertex 14.232050807568879 -3.9999999999999996 -1.4099832412739487e-15
    vertex 14.232050807568879 -3.9999999999999996 1.9999999999999998
  endloop
endfacet
facet normal -0.9238795325112881 0.3826834323650867 -0.0
  outer loop
    vertex 14.232050807568879 -3.9999999999999996 -1.4099832412739487e-15
    vertex 14.431851652578136 -3.5176380902050415 1.9999999999999998
    vertex 14.431851652578136 -3.5176380902050415 -1.4099832412739487e-15
  endloop
endfacet
facet normal -0.9914448613738105 0.130526192220052 -0.0
  outer loop
    vertex 14.499999999999998 -3.000000000000001 1.9999999999999998
    vertex 14.431851652578136 -3.5176380902050415 -1.4099832412739487e-15
    vertex 14.431851652578136 -3.5176380902050415 1.9999999999999998
  endloop
endfacet
facet normal -0.9914448613738105 0.130526192220052 -0.0
  outer loop
    vertex 14.431851652578136 -3.5176380902050415 -1.4099832412739487e-15
    vertex 14.499999999999998 -3.000000000000001 1.9999999999999998
    vertex 14.499999999999998 -3.000000000000001 -1.4099832412739487e-15
  endloop
endfacet
facet normal -0.9914448613738105 -0.13052619222005143 -0.0
  outer loop
    vertex 14.431851652578136 -2.482361909794958 1.9999999999999998
    vertex 14.499999999999998 -3.000000000000001 -1.4099832412739487e-15
    vertex 14.499999999999998 -3.000000000000001 1.9999999999999998
  endloop
endfacet
facet normal -0.9914448613738105 -0.13052619222005143 -0.0
  outer loop
    vertex 14.499999999999998 -3.000000000000001 -1.4099832412739487e-15
    vertex 14.431851652578136 -2.482361909794958 1.9999999999999998
    vertex 14.431851652578136 -2.482361909794958 -1.4099832412739487e-15
  endloop
endfacet
facet normal -0.923879532511288 -0.38268343236508723 -0.0
  outer loop
    vertex 14.232050807568879 -2.0000000000000004 1.9999999999999998
    vertex 14.431851652578136 -2.482361909794958 -1.4099832412739487e-15
    vertex 14.431851652578136 -2.482361909794958 1.9999999999999998
  endloop
endfacet
facet normal -0.923879532511288 -0.38268343236508723 -0.0
  outer loop
    vertex 14.431851652578136 -2.482361909794958 -1.4099832412739487e-15
    vertex 14.232050807568879 -2.0000000000000004 1.9999999999999998
    vertex 14.232050807568879 -2.0000000000000004 -1.4099832412739487e-15
  endloop
endfacet
facet normal -0.7933533402912349 -0.608761429008721 -0.0
  outer loop
    vertex 13.914213562373096 -1.5857864376269055 1.9999999999999998
    vertex 14.232050807568879 -2.0000000000000004 -1.4099832412739487e-15
    vertex 14.232050807568879 -2.0000000000000004 1.9999999999999998
  endloop
endfacet
facet normal -0.7933533402912349 -0.608761429008721 -0.0
  outer loop
    vertex 14.232050807568879 -2.0000000000000004 -1.4099832412739487e-15
    vertex 13.914213562373096 -1.5857864376269055 1.9999999999999998
    vertex 13.914213562373096 -1.5857864376269055 -1.4099832412739487e-15
  endloop
endfacet
facet normal -0.6087614290087209 -0.7933533402912349 -0.0
  outer loop
    vertex 13.914213562373096 -1.5857864376269055 1.9999999999999998
    vertex 13.5 -1.2679491924311233 -1.4099832412739487e-15
    vertex 13.914213562373096 -1.5857864376269055 -1.4099832412739487e-15
  endloop
endfacet
facet normal -0.6087614290087209 -0.7933533402912349 -0.0
  outer loop
    vertex 13.5 -1.2679491924311233 -1.4099832412739487e-15
    vertex 13.914213562373096 -1.5857864376269055 1.9999999999999998
    vertex 13.5 -1.2679491924311233 1.9999999999999998
  endloop
endfacet
facet normal -0.3826834323650902 -0.9238795325112867 -0.0
  outer loop
    vertex 13.5 -1.2679491924311233 1.9999999999999998
    vertex 13.017638090205043 -1.0681483474218638 -1.4099832412739487e-15
    vertex 13.5 -1.2679491924311233 -1.4099832412739487e-15
  endloop
endfacet
facet normal -0.3826834323650902 -0.9238795325112867 -0.0
  outer loop
    vertex 13.017638090205043 -1.0681483474218638 -1.4099832412739487e-15
    vertex 13.5 -1.2679491924311233 1.9999999999999998
    vertex 13.017638090205043 -1.0681483474218638 1.9999999999999998
  endloop
endfacet
facet normal 0.1305261922200518 0.9914448613738104 0.0
  outer loop
    vertex 11.982361909794959 13.068148347421864 1.9999999999999998
    vertex 12.5 13.000000000000002 -1.4099832412739487e-15
    vertex 11.982361909794959 13.068148347421864 -1.4099832412739487e-15
  endloop
endfacet
facet normal 0.1305261922200518 0.9914448613738104 0.0
  outer loop
    vertex 12.5 13.000000000000002 -1.4099832412739487e-15
    vertex 11.982361909794959 13.068148347421864 1.9999999999999998
    vertex 12.5 13.000000000000002 1.9999999999999998
  endloop
endfacet
facet normal -0.13052619222005143 0.9914448613738105 -0.0
  outer loop
    vertex 12.5 13.000000000000002 1.9999999999999998
    vertex 13.017638090205043 13.068148347421864 -1.4099832412739487e-15
    vertex 12.5 13.000000000000002 -1.4099832412739487e-15
  endloop
endfacet
facet normal -0.13052619222005143 0.9914448613738105 -0.0
  outer loop
    vertex 13.017638090205043 13.068148347421864 -1.4099832412739487e-15
    vertex 12.5 13.000000000000002 1.9999999999999998
    vertex 13.017638090205043 13.068148347421864 1.9999999999999998
  endloop
endfacet
facet normal -0.3826834323650914 0.9238795325112863 -0.0
  outer loop
    vertex 13.017638090205043 13.068148347421864 1.9999999999999998
    vertex 13.5 13.267949192431125 -1.4099832412739487e-15
    vertex 13.017638090205043 13.068148347421864 -1.4099832412739487e-15
  endloop
endfacet
facet normal -0.3826834323650914 0.9238795325112863 -0.0
  outer loop
    vertex 13.5 13.267949192431125 -1.4099832412739487e-15
    vertex 13.017638090205043 13.068148347421864 1.9999999999999998
    vertex 13.5 13.267949192431125 1.9999999999999998
  endloop
endfacet
facet normal -0.6087614290087213 0.7933533402912347 -0.0
  outer loop
    vertex 13.5 13.267949192431125 1.9999999999999998
    vertex 13.914213562373096 13.585786437626908 -1.4099832412739487e-15
    vertex 13.5 13.267949192431125 -1.4099832412739487e-15
  endloop
endfacet
facet normal -0.6087614290087213 0.7933533402912347 -0.0
  outer loop
    vertex 13.914213562373096 13.585786437626908 -1.4099832412739487e-15
    vertex 13.5 13.267949192431125 1.9999999999999998
    vertex 13.914213562373096 13.585786437626908 1.9999999999999998
  endloop
endfacet
facet normal -0.7933533402912347 0.6087614290087213 -0.0
  outer loop
    vertex 14.232050807568879 14.000000000000002 1.9999999999999998
    vertex 13.914213562373096 13.585786437626908 -1.4099832412739487e-15
    vertex 13.914213562373096 13.585786437626908 1.9999999999999998
  endloop
endfacet
facet normal -0.7933533402912347 0.6087614290087213 -0.0
  outer loop
    vertex 13.914213562373096 13.585786437626908 -1.4099832412739487e-15
    vertex 14.232050807568879 14.000000000000002 1.9999999999999998
    vertex 14.232050807568879 14.000000000000002 -1.4099832412739487e-15
  endloop
endfacet
facet normal -0.9238795325112881 0.3826834323650867 -0.0
  outer loop
    vertex 14.431851652578136 14.48236190979496 1.9999999999999998
    vertex 14.232050807568879 14.000000000000002 -1.4099832412739487e-15
    vertex 14.232050807568879 14.000000000000002 1.9999999999999998
  endloop
endfacet
facet normal -0.9238795325112881 0.3826834323650867 -0.0
  outer loop
    vertex 14.232050807568879 14.000000000000002 -1.4099832412739487e-15
    vertex 14.431851652578136 14.48236190979496 1.9999999999999998
    vertex 14.431851652578136 14.48236190979496 -1.4099832412739487e-15
  endloop
endfacet
facet normal -0.9914448613738104 0.13052619222005216 -0.0
  outer loop
    vertex 14.499999999999998 15.0 1.9999999999999998
    vertex 14.431851652578136 14.48236190979496 -1.4099832412739487e-15
    vertex 14.431851652578136 14.48236190979496 1.9999999999999998
  endloop
endfacet
facet normal -0.9914448613738104 0.13052619222005216 -0.0
  outer loop
    vertex 14.431851652578136 14.48236190979496 -1.4099832412739487e-15
    vertex 14.499999999999998 15.0 1.9999999999999998
    vertex 14.499999999999998 15.0 -1.4099832412739487e-15
  endloop
endfacet
facet normal -0.9914448613738105 -0.13052619222005143 -0.0
  outer loop
    vertex 14.431851652578136 15.517638090205043 1.9999999999999998
    vertex 14.499999999999998 15.0 -1.4099832412739487e-15
    vertex 14.499999999999998 15.0 1.9999999999999998
  endloop
endfacet
facet normal -0.9914448613738105 -0.13052619222005143 -0.0
  outer loop
    vertex 14.499999999999998 15.0 -1.4099832412739487e-15
    vertex 14.431851652578136 15.517638090205043 1.9999999999999998
    vertex 14.431851652578136 15.517638090205043 -1.4099832412739487e-15
  endloop
endfacet
facet normal -0.9238795325112863 -0.3826834323650914 -0.0
  outer loop
    vertex 14.232050807568875 16.0 1.9999999999999998
    vertex 14.431851652578136 15.517638090205043 -1.4099832412739487e-15
    vertex 14.431851652578136 15.517638090205043 1.9999999999999998
  endloop
endfacet
facet normal -0.9238795325112863 -0.3826834323650914 -0.0
  outer loop
    vertex 14.431851652578136 15.517638090205043 -1.4099832412739487e-15
    vertex 14.232050807568875 16.0 1.9999999999999998
    vertex 14.232050807568875 16.0 -1.4099832412739487e-15
  endloop
endfacet
facet normal -0.7933533402912347 -0.6087614290087213 -0.0
  outer loop
    vertex 13.914213562373092 16.414213562373096 1.9999999999999998
    vertex 14.232050807568875 16.0 -1.4099832412739487e-15
    vertex 14.232050807568875 16.0 1.9999999999999998
  endloop
endfacet
facet normal -0.7933533402912347 -0.6087614290087213 -0.0
  outer loop
    vertex 14.232050807568875 16.0 -1.4099832412739487e-15
    vertex 13.914213562373092 16.414213562373096 1.9999999999999998
    vertex 13.914213562373092 16.414213562373096 -1.4099832412739487e-15
  endloop
endfacet
facet normal -0.6087614290087213 -0.7933533402912347 -0.0
  outer loop
    vertex 13.914213562373092 16.414213562373096 1.9999999999999998
    vertex 13.499999999999998 16.73205080756888 -1.4099832412739487e-15
    vertex 13.914213562373092 16.414213562373096 -1.4099832412739487e-15
  endloop
endfacet
facet normal -0.6087614290087213 -0.7933533402912347 -0.0
  outer loop
    vertex 13.499999999999998 16.73205080756888 -1.4099832412739487e-15
    vertex 13.914213562373092 16.414213562373096 1.9999999999999998
    vertex 13.499999999999998 16.73205080756888 1.9999999999999998
  endloop
endfacet
facet normal -0.3826834323650867 -0.9238795325112881 -0.0
  outer loop
    vertex 13.499999999999998 16.73205080756888 1.9999999999999998
    vertex 13.01763809020504 16.931851652578136 -1.4099832412739487e-15
    vertex 13.499999999999998 16.73205080756888 -1.4099832412739487e-15
  endloop
endfacet
facet normal -0.3826834323650867 -0.9238795325112881 -0.0
  outer loop
    vertex 13.01763809020504 16.931851652578136 -1.4099832412739487e-15
    vertex 13.499999999999998 16.73205080756888 1.9999999999999998
    vertex 13.01763809020504 16.931851652578136 1.9999999999999998
  endloop
endfacet
facet normal -0.13052619222005216 -0.9914448613738104 -0.0
  outer loop
    vertex 13.01763809020504 16.931851652578136 1.9999999999999998
    vertex 12.5 17.0 -1.4099832412739487e-15
    vertex 13.01763809020504 16.931851652578136 -1.4099832412739487e-15
  endloop
endfacet
facet normal -0.13052619222005216 -0.9914448613738104 -0.0
  outer loop
    vertex 12.5 17.0 -1.4099832412739487e-15
    vertex 13.01763809020504 16.931851652578136 1.9999999999999998
    vertex 12.5 17.0 1.9999999999999998
  endloop
endfacet
facet normal 0.1305261922200518 -0.9914448613738104 -0.0
  outer loop
    vertex 12.5 17.0 1.9999999999999998
    vertex 11.982361909794959 16.931851652578136 -1.4099832412739487e-15
    vertex 12.5 17.0 -1.4099832412739487e-15
  endloop
endfacet
facet normal 0.1305261922200518 -0.9914448613738104 -0.0
  outer loop
    vertex 11.982361909794959 16.931851652578136 -1.4099832412739487e-15
    vertex 12.5 17.0 1.9999999999999998
    vertex 11.982361909794959 16.931851652578136 1.9999999999999998
  endloop
endfacet
facet normal 0.3826834323650904 -0.9238795325112866 -0.0
  outer loop
    vertex 11.982361909794959 16.931851652578136 1.9999999999999998
    vertex 11.499999999999998 16.732050807568875 -1.4099832412739487e-15
    vertex 11.982361909794959 16.931851652578136 -1.4099832412739487e-15
  endloop
endfacet
facet normal 0.3826834323650904 -0.9238795325112866 -0.0
  outer loop
    vertex 11.499999999999998 16.732050807568875 -1.4099832412739487e-15
    vertex 11.982361909794959 16.931851652578136 1.9999999999999998
    vertex 11.499999999999998 16.732050807568875 1.9999999999999998
  endloop
endfacet
facet normal 0.6087614290087227 -0.7933533402912337 -0.0
  outer loop
    vertex 11.499999999999998 16.732050807568875 1.9999999999999998
    vertex 11.085786437626906 16.414213562373092 -1.4099832412739487e-15
    vertex 11.499999999999998 16.732050807568875 -1.4099832412739487e-15
  endloop
endfacet
facet normal 0.6087614290087227 -0.7933533402912337 -0.0
  outer loop
    vertex 11.085786437626906 16.414213562373092 -1.4099832412739487e-15
    vertex 11.499999999999998 16.732050807568875 1.9999999999999998
    vertex 11.085786437626906 16.414213562373092 1.9999999999999998
  endloop
endfacet
facet normal 0.7933533402912347 -0.6087614290087213 -0.0
  outer loop
    vertex 11.085786437626906 16.414213562373092 -1.4099832412739487e-15
    vertex 10.767949192431123 15.999999999999998 1.9999999999999998
    vertex 10.767949192431123 15.999999999999998 -1.4099832412739487e-15
  endloop
endfacet
facet normal 0.7933533402912347 -0.6087614290087213 -0.0
  outer loop
    vertex 10.767949192431123 15.999999999999998 1.9999999999999998
    vertex 11.085786437626906 16.414213562373092 -1.4099832412739487e-15
    vertex 11.085786437626906 16.414213562373092 1.9999999999999998
  endloop
endfacet
facet normal 0.9238795325112871 -0.38268343236508895 -0.0
  outer loop
    vertex 10.767949192431123 15.999999999999998 -1.4099832412739487e-15
    vertex 10.568148347421864 15.517638090205041 1.9999999999999998
    vertex 10.568148347421864 15.517638090205041 -1.4099832412739487e-15
  endloop
endfacet
facet normal 0.9238795325112871 -0.38268343236508895 -0.0
  outer loop
    vertex 10.568148347421864 15.517638090205041 1.9999999999999998
    vertex 10.767949192431123 15.999999999999998 -1.4099832412739487e-15
    vertex 10.767949192431123 15.999999999999998 1.9999999999999998
  endloop
endfacet
facet normal 0.9914448613738104 -0.13052619222005216 -0.0
  outer loop
    vertex 10.568148347421864 15.517638090205041 -1.4099832412739487e-15
    vertex 10.5 15.0 1.9999999999999998
    vertex 10.5 15.0 -1.4099832412739487e-15
  endloop
endfacet
facet normal 0.9914448613738104 -0.13052619222005216 -0.0
  outer loop
    vertex 10.5 15.0 1.9999999999999998
    vertex 10.568148347421864 15.517638090205041 -1.4099832412739487e-15
    vertex 10.568148347421864 15.517638090205041 1.9999999999999998
  endloop
endfacet
facet normal 0.9914448613738105 0.13052619222005143 0.0
  outer loop
    vertex 10.5 15.0 -1.4099832412739487e-15
    vertex 10.568148347421864 14.482361909794959 1.9999999999999998
    vertex 10.568148347421864 14.482361909794959 -1.4099832412739487e-15
  endloop
endfacet
facet normal 0.9914448613738105 0.13052619222005143 0.0
  outer loop
    vertex 10.568148347421864 14.482361909794959 1.9999999999999998
    vertex 10.5 15.0 -1.4099832412739487e-15
    vertex 10.5 15.0 1.9999999999999998
  endloop
endfacet
facet normal 0.9238795325112871 0.38268343236508895 0.0
  outer loop
    vertex 10.568148347421864 14.482361909794959 -1.4099832412739487e-15
    vertex 10.767949192431123 14.0 1.9999999999999998
    vertex 10.767949192431123 14.0 -1.4099832412739487e-15
  endloop
endfacet
facet normal 0.9238795325112871 0.38268343236508895 0.0
  outer loop
    vertex 10.767949192431123 14.0 1.9999999999999998
    vertex 10.568148347421864 14.482361909794959 -1.4099832412739487e-15
    vertex 10.568148347421864 14.482361909794959 1.9999999999999998
  endloop
endfacet
facet normal 0.7933533402912347 0.6087614290087213 0.0
  outer loop
    vertex 10.767949192431123 14.0 -1.4099832412739487e-15
    vertex 11.085786437626906 13.585786437626904 1.9999999999999998
    vertex 11.085786437626906 13.585786437626904 -1.4099832412739487e-15
  endloop
endfacet
facet normal 0.7933533402912347 0.6087614290087213 0.0
  outer loop
    vertex 11.085786437626906 13.585786437626904 1.9999999999999998
    vertex 10.767949192431123 14.0 -1.4099832412739487e-15
    vertex 10.767949192431123 14.0 1.9999999999999998
  endloop
endfacet
facet normal 0.6087614290087179 0.7933533402912372 0.0
  outer loop
    vertex 11.085786437626906 13.585786437626904 1.9999999999999998
    vertex 11.5 13.267949192431125 -1.4099832412739487e-15
    vertex 11.085786437626906 13.585786437626904 -1.4099832412739487e-15
  endloop
endfacet
facet normal 0.6087614290087179 0.7933533402912372 0.0
  outer loop
    vertex 11.5 13.267949192431125 -1.4099832412739487e-15
    vertex 11.085786437626906 13.585786437626904 1.9999999999999998
    vertex 11.5 13.267949192431125 1.9999999999999998
  endloop
endfacet
facet normal 0.3826834323650914 0.9238795325112863 0.0
  outer loop
    vertex 11.5 13.267949192431125 1.9999999999999998
    vertex 11.982361909794959 13.068148347421864 -1.4099832412739487e-15
    vertex 11.5 13.267949192431125 -1.4099832412739487e-15
  endloop
endfacet
facet normal 0.3826834323650914 0.9238795325112863 0.0
  outer loop
    vertex 11.982361909794959 13.068148347421864 -1.4099832412739487e-15
    vertex 11.5 13.267949192431125 1.9999999999999998
    vertex 11.982361909794959 13.068148347421864 1.9999999999999998
  endloop
endfacet
facet normal -0.0 1.0 -0.0
  outer loop
    vertex 0.4999999999999998 8.0 10.0
    vertex 4.999999999999998 8.0 3.9999999999999996
    vertex 0.0 8.0 3.9999999999999996
  endloop
endfacet
facet normal -0.0 1.0 -0.0
  outer loop
    vertex 4.999999999999998 8.0 3.9999999999999996
    vertex 0.4999999999999998 8.0 10.0
    vertex 5.9386067902413835 8.0 4.0738699564291725
  endloop
endfacet
facet normal -0.0 1.0 -0.0
  outer loop
    vertex 5.9386067902413835 8.0 4.0738699564291725
    vertex 0.4999999999999998 8.0 10.0
    vertex 6.854101966249683 8.0 4.293660902229078
  endloop
endfacet
facet normal -0.0 1.0 -0.0
  outer loop
    vertex 6.854101966249683 8.0 4.293660902229078
    vertex 0.4999999999999998 8.0 10.0
    vertex 7.723942998437279 8.0 4.6539608548697915
  endloop
endfacet
facet normal -0.0 1.0 -0.0
  outer loop
    vertex 7.723942998437279 8.0 4.6539608548697915
    vertex 0.4999999999999998 8.0 10.0
    vertex 8.526711513754837 8.0 5.145898033750314
  endloop
endfacet
facet normal -0.0 1.0 -0.0
  outer loop
    vertex 8.526711513754837 8.0 5.145898033750314
    vertex 0.4999999999999998 8.0 10.0
    vertex 9.242640687119284 8.0 5.7573593128807135
  endloop
endfacet
facet normal -0.0 1.0 -0.0
  outer loop
    vertex 9.242640687119284 8.0 5.7573593128807135
    vertex 0.4999999999999998 8.0 10.0
    vertex 9.854101966249683 8.0 6.47328848624516
  endloop
endfacet
facet normal -0.0 1.0 -0.0
  outer loop
    vertex 9.854101966249683 8.0 6.47328848624516
    vertex 0.4999999999999998 8.0 10.0
    vertex 5.1117714323462184 8.0 8.551111260566397
  endloop
endfacet
facet normal -0.0 1.0 -0.0
  outer loop
    vertex 9.854101966249683 8.0 6.47328848624516
    vertex 5.1117714323462184 8.0 8.551111260566397
    vertex 10.346039145130206 8.0 7.276057001562718
  endloop
endfacet
facet normal -0.0 1.0 -0.0
  outer loop
    vertex 10.346039145130206 8.0 7.276057001562718
    vertex 5.1117714323462184 8.0 8.551111260566397
    vertex 5.5 8.0 8.5
  endloop
endfacet
facet normal -0.0 1.0 -0.0
  outer loop
    vertex 10.346039145130206 8.0 7.276057001562718
    vertex 5.5 8.0 8.5
    vertex 10.70633909777092 8.0 8.145898033750314
  endloop
endfacet
facet normal -0.0 1.0 -0.0
  outer loop
    vertex 5.1117714323462184 8.0 8.551111260566397
    vertex 0.4999999999999998 8.0 10.0
    vertex 4.75 8.0 8.700961894323342
  endloop
endfacet
facet normal -0.0 1.0 -0.0
  outer loop
    vertex 4.75 8.0 8.700961894323342
    vertex 0.4999999999999998 8.0 10.0
    vertex 4.439339828220179 8.0 8.939339828220179
  endloop
endfacet
facet normal -0.0 1.0 -0.0
  outer loop
    vertex 4.439339828220179 8.0 8.939339828220179
    vertex 0.4999999999999998 8.0 10.0
    vertex 4.200961894323342 8.0 9.25
  endloop
endfacet
facet normal -0.0 1.0 -0.0
  outer loop
    vertex 4.200961894323342 8.0 9.25
    vertex 0.4999999999999998 8.0 10.0
    vertex 4.0511112605663975 8.0 9.611771432346218
  endloop
endfacet
facet normal -0.0 1.0 -0.0
  outer loop
    vertex 4.0511112605663975 8.0 9.611771432346218
    vertex 0.4999999999999998 8.0 10.0
    vertex 3.9999999999999996 8.0 10.0
  endloop
endfacet
facet normal -0.0 1.0 -0.0
  outer loop
    vertex 3.9999999999999996 8.0 10.0
    vertex 0.4999999999999998 8.0 10.0
    vertex 0.5615582970243113 8.0 10.782172325201156
  endloop
endfacet
facet normal -0.0 1.0 -0.0
  outer loop
    vertex 3.9999999999999996 8.0 10.0
    vertex 0.5615582970243113 8.0 10.782172325201156
    vertex 4.0511112605663975 8.0 10.388228567653783
  endloop
endfacet
facet normal -0.0 1.0 -0.0
  outer loop
    vertex 4.0511112605663975 8.0 10.388228567653783
    vertex 0.5615582970243113 8.0 10.782172325201156
    vertex 4.200961894323343 8.0 10.75
  endloop
endfacet
facet normal -0.0 1.0 -0.0
  outer loop
    vertex 4.200961894323343 8.0 10.75
    vertex 0.5615582970243113 8.0 10.782172325201156
    vertex 4.439339828220179 8.0 11.060660171779821
  endloop
endfacet
facet normal -0.0 1.0 -0.0
  outer loop
    vertex 4.439339828220179 8.0 11.060660171779821
    vertex 0.5615582970243113 8.0 10.782172325201156
    vertex 0.7447174185242323 8.0 11.545084971874738
  endloop
endfacet
facet normal -0.0 1.0 -0.0
  outer loop
    vertex 4.439339828220179 8.0 11.060660171779821
    vertex 0.7447174185242323 8.0 11.545084971874738
    vertex 4.750000000000001 8.0 11.299038105676658
  endloop
endfacet
facet normal -0.0 1.0 -0.0
  outer loop
    vertex 4.750000000000001 8.0 11.299038105676658
    vertex 0.7447174185242323 8.0 11.545084971874738
    vertex 5.111771432346219 8.0 11.448888739433603
  endloop
endfacet
facet normal -0.0 1.0 -0.0
  outer loop
    vertex 5.111771432346219 8.0 11.448888739433603
    vertex 0.7447174185242323 8.0 11.545084971874738
    vertex 5.5 8.0 11.5
  endloop
endfacet
facet normal -0.0 1.0 -0.0
  outer loop
    vertex 5.5 8.0 11.5
    vertex 0.7447174185242323 8.0 11.545084971874738
    vertex 10.255282581475768 8.0 11.545084971874736
  endloop
endfacet
facet normal -0.0 1.0 -0.0
  outer loop
    vertex 10.255282581475768 8.0 11.545084971874736
    vertex 0.7447174185242323 8.0 11.545084971874738
    vertex 9.95503262094184 8.0 12.269952498697734
  endloop
endfacet
facet normal -0.0 1.0 -0.0
  outer loop
    vertex 9.95503262094184 8.0 12.269952498697734
    vertex 0.7447174185242323 8.0 11.545084971874738
    vertex 1.044967379058161 8.0 12.269952498697736
  endloop
endfacet
facet normal -0.0 1.0 -0.0
  outer loop
    vertex 9.95503262094184 8.0 12.269952498697734
    vertex 1.044967379058161 8.0 12.269952498697736
    vertex 9.545084971874738 8.0 12.938926261462367
  endloop
endfacet
facet normal -0.0 1.0 -0.0
  outer loop
    vertex 9.545084971874738 8.0 12.938926261462367
    vertex 1.044967379058161 8.0 12.269952498697736
    vertex 1.454915028125263 8.0 12.938926261462367
  endloop
endfacet
facet normal -0.0 1.0 -0.0
  outer loop
    vertex 9.545084971874738 8.0 12.938926261462367
    vertex 1.454915028125263 8.0 12.938926261462367
    vertex 1.9644660940672631 8.0 13.53553390593274
  endloop
endfacet
facet normal -0.0 1.0 -0.0
  outer loop
    vertex 9.545084971874738 8.0 12.938926261462367
    vertex 1.9644660940672631 8.0 13.53553390593274
    vertex 9.03553390593274 8.0 13.535533905932736
  endloop
endfacet
facet normal -0.0 1.0 -0.0
  outer loop
    vertex 9.03553390593274 8.0 13.535533905932736
    vertex 1.9644660940672631 8.0 13.53553390593274
    vertex 8.438926261462365 8.0 14.045084971874736
  endloop
endfacet
facet normal -0.0 1.0 -0.0
  outer loop
    vertex 8.438926261462365 8.0 14.045084971874736
    vertex 1.9644660940672631 8.0 13.53553390593274
    vertex 2.561073738537635 8.0 14.045084971874736
  endloop
endfacet
facet normal -0.0 1.0 -0.0
  outer loop
    vertex 8.438926261462365 8.0 14.045084971874736
    vertex 2.561073738537635 8.0 14.045084971874736
    vertex 3.2300475013022663 8.0 14.45503262094184
  endloop
endfacet
facet normal -0.0 1.0 -0.0
  outer loop
    vertex 8.438926261462365 8.0 14.045084971874736
    vertex 3.2300475013022663 8.0 14.45503262094184
    vertex 7.769952498697735 8.0 14.45503262094184
  endloop
endfacet
facet normal -0.0 1.0 -0.0
  outer loop
    vertex 7.769952498697735 8.0 14.45503262094184
    vertex 3.2300475013022663 8.0 14.45503262094184
    vertex 3.954915028125263 8.0 14.755282581475768
  endloop
endfacet
facet normal -0.0 1.0 -0.0
  outer loop
    vertex 7.769952498697735 8.0 14.45503262094184
    vertex 3.954915028125263 8.0 14.755282581475768
    vertex 7.045084971874738 8.0 14.755282581475766
  endloop
endfacet
facet normal -0.0 1.0 -0.0
  outer loop
    vertex 7.045084971874738 8.0 14.755282581475766
    vertex 3.954915028125263 8.0 14.755282581475768
    vertex 6.282172325201155 8.0 14.93844170297569
  endloop
endfacet
facet normal -0.0 1.0 -0.0
  outer loop
    vertex 6.282172325201155 8.0 14.93844170297569
    vertex 3.954915028125263 8.0 14.755282581475768
    vertex 4.717827674798847 8.0 14.93844170297569
  endloop
endfacet
facet normal -0.0 1.0 -0.0
  outer loop
    vertex 6.282172325201155 8.0 14.93844170297569
    vertex 4.717827674798847 8.0 14.93844170297569
    vertex 5.500000000000001 8.0 15.0
  endloop
endfacet
facet normal -0.0 1.0 -0.0
  outer loop
    vertex 6.9488887394336025 8.0 10.38822856765378
    vertex 10.5 8.0 10.0
    vertex 7.0 8.0 10.0
  endloop
endfacet
facet normal -0.0 1.0 -0.0
  outer loop
    vertex 10.5 8.0 10.0
    vertex 6.9488887394336025 8.0 10.38822856765378
    vertex 10.43844170297569 8.0 10.782172325201154
  endloop
endfacet
facet normal -0.0 1.0 -0.0
  outer loop
    vertex 10.43844170297569 8.0 10.782172325201154
    vertex 6.9488887394336025 8.0 10.38822856765378
    vertex 6.799038105676657 8.0 10.75
  endloop
endfacet
facet normal -0.0 1.0 -0.0
  outer loop
    vertex 10.43844170297569 8.0 10.782172325201154
    vertex 6.799038105676657 8.0 10.75
    vertex 6.560660171779823 8.0 11.060660171779821
  endloop
endfacet
facet normal -0.0 1.0 -0.0
  outer loop
    vertex 10.43844170297569 8.0 10.782172325201154
    vertex 6.560660171779823 8.0 11.060660171779821
    vertex 10.255282581475768 8.0 11.545084971874736
  endloop
endfacet
facet normal -0.0 1.0 -0.0
  outer loop
    vertex 10.255282581475768 8.0 11.545084971874736
    vertex 6.560660171779823 8.0 11.060660171779821
    vertex 6.250000000000001 8.0 11.299038105676658
  endloop
endfacet
facet normal -0.0 1.0 -0.0
  outer loop
    vertex 10.255282581475768 8.0 11.545084971874736
    vertex 6.250000000000001 8.0 11.299038105676658
    vertex 5.8882285676537816 8.0 11.448888739433603
  endloop
endfacet
facet normal -0.0 1.0 -0.0
  outer loop
    vertex 10.255282581475768 8.0 11.545084971874736
    vertex 5.8882285676537816 8.0 11.448888739433603
    vertex 5.5 8.0 11.5
  endloop
endfacet
facet normal -0.0 1.0 -0.0
  outer loop
    vertex 5.5 8.0 8.5
    vertex 10.926130043570826 8.0 9.061393209758613
    vertex 10.70633909777092 8.0 8.145898033750314
  endloop
endfacet
facet normal -0.0 1.0 -0.0
  outer loop
    vertex 10.926130043570826 8.0 9.061393209758613
    vertex 5.5 8.0 8.5
    vertex 5.888228567653781 8.0 8.551111260566397
  endloop
endfacet
facet normal -0.0 1.0 -0.0
  outer loop
    vertex 10.926130043570826 8.0 9.061393209758613
    vertex 5.888228567653781 8.0 8.551111260566397
    vertex 6.249999999999999 8.0 8.700961894323342
  endloop
endfacet
facet normal -0.0 1.0 -0.0
  outer loop
    vertex 10.926130043570826 8.0 9.061393209758613
    vertex 6.249999999999999 8.0 8.700961894323342
    vertex 6.560660171779821 8.0 8.939339828220179
  endloop
endfacet
facet normal -0.0 1.0 -0.0
  outer loop
    vertex 10.926130043570826 8.0 9.061393209758613
    vertex 6.560660171779821 8.0 8.939339828220179
    vertex 6.799038105676657 8.0 9.25
  endloop
endfacet
facet normal -0.0 1.0 -0.0
  outer loop
    vertex 10.926130043570826 8.0 9.061393209758613
    vertex 6.799038105676657 8.0 9.25
    vertex 11.0 8.0 10.0
  endloop
endfacet
facet normal -0.0 1.0 -0.0
  outer loop
    vertex 11.0 8.0 10.0
    vertex 6.799038105676657 8.0 9.25
    vertex 6.9488887394336025 8.0 9.611771432346218
  endloop
endfacet
facet normal -0.0 1.0 -0.0
  outer loop
    vertex 11.0 8.0 10.0
    vertex 6.9488887394336025 8.0 9.611771432346218
    vertex 7.0 8.0 10.0
  endloop
endfacet
facet normal -0.0 1.0 -0.0
  outer loop
    vertex 11.0 8.0 10.0
    vertex 7.0 8.0 10.0
    vertex 10.5 8.0 10.0
  endloop
endfacet
facet normal -0.9965457582448798 4.356673044984488e-18 0.08304547985373995
  outer loop
    vertex 0.4999999999999998 8.0 10.0
    vertex -3.282635309827196e-18 3.9999999999999996 4.0
    vertex 0.4999999999999998 3.9999999999999956 10.0
  endloop
endfacet
facet normal -0.9965457582448798 4.356673044984488e-18 0.08304547985373995
  outer loop
    vertex -3.282635309827196e-18 3.9999999999999996 4.0
    vertex 0.4999999999999998 8.0 10.0
    vertex 0.0 8.0 3.9999999999999996
  endloop
endfacet
facet normal -5.57746848462411e-32 -2.187621400440263e-31 1.0
  outer loop
    vertex 23.0 0.0 10.0
    vertex 11.0 3.9999999999999996 10.0
    vertex 11.0 0.0 10.0
  endloop
endfacet
facet normal -5.57746848462411e-32 -2.187621400440263e-31 1.0
  outer loop
    vertex 11.0 3.9999999999999996 10.0
    vertex 23.0 0.0 10.0
    vertex 16.7 2.8500000000000005 10.0
  endloop
endfacet
facet normal -5.57746848462411e-32 -2.187621400440263e-31 1.0
  outer loop
    vertex 11.0 3.9999999999999996 10.0
    vertex 16.7 2.8500000000000005 10.0
    vertex 11.0 8.0 10.0
  endloop
endfacet
facet normal -5.57746848462411e-32 -2.187621400440263e-31 1.0
  outer loop
    vertex 11.0 8.0 10.0
    vertex 16.7 2.8500000000000005 10.0
    vertex 11.0 12.0 10.0
  endloop
endfacet
facet normal -5.57746848462411e-32 -2.187621400440263e-31 1.0
  outer loop
    vertex 16.7 2.8500000000000005 10.0
    vertex 23.0 0.0 10.0
    vertex 23.0 2.850000000000001 10.0
  endloop
endfacet
facet normal -5.57746848462411e-32 -2.187621400440263e-31 1.0
  outer loop
    vertex 23.0 2.850000000000001 10.0
    vertex 23.0 0.0 10.0
    vertex 23.517638090205043 0.06814834742186421 10.0
  endloop
endfacet
facet normal -5.57746848462411e-32 -2.187621400440263e-31 1.0
  outer loop
    vertex 23.0 2.850000000000001 10.0
    vertex 23.517638090205043 0.06814834742186421 10.0
    vertex 23.0 9.15 10.0
  endloop
endfacet
facet normal -5.57746848462411e-32 -2.187621400440263e-31 1.0
  outer loop
    vertex 23.0 9.15 10.0
    vertex 23.517638090205043 0.06814834742186421 10.0
    vertex 23.0 12.0 10.0
  endloop
endfacet
facet normal -5.57746848462411e-32 -2.187621400440263e-31 1.0
  outer loop
    vertex 23.0 12.0 10.0
    vertex 23.517638090205043 0.06814834742186421 10.0
    vertex 23.51763809020504 11.931851652578137 10.0
  endloop
endfacet
facet normal -5.57746848462411e-32 -2.187621400440263e-31 1.0
  outer loop
    vertex 23.51763809020504 11.931851652578137 10.0
    vertex 23.517638090205043 0.06814834742186421 10.0
    vertex 24.0 11.732050807568879 10.0
  endloop
endfacet
facet normal -5.57746848462411e-32 -2.187621400440263e-31 1.0
  outer loop
    vertex 24.0 11.732050807568879 10.0
    vertex 23.517638090205043 0.06814834742186421 10.0
    vertex 24.0 0.26794919243112364 10.0
  endloop
endfacet
facet normal -5.57746848462411e-32 -2.187621400440263e-31 1.0
  outer loop
    vertex 24.0 11.732050807568879 10.0
    vertex 24.0 0.26794919243112364 10.0
    vertex 24.414213562373096 11.414213562373096 10.0
  endloop
endfacet
facet normal -5.57746848462411e-32 -2.187621400440263e-31 1.0
  outer loop
    vertex 24.414213562373096 11.414213562373096 10.0
    vertex 24.0 0.26794919243112364 10.0
    vertex 24.414213562373096 0.5857864376269055 10.0
  endloop
endfacet
facet normal -5.57746848462411e-32 -2.187621400440263e-31 1.0
  outer loop
    vertex 24.414213562373096 11.414213562373096 10.0
    vertex 24.414213562373096 0.5857864376269055 10.0
    vertex 24.73205080756888 1.0000000000000016 10.0
  endloop
endfacet
facet normal -5.57746848462411e-32 -2.187621400440263e-31 1.0
  outer loop
    vertex 24.414213562373096 11.414213562373096 10.0
    vertex 24.73205080756888 1.0000000000000016 10.0
    vertex 24.732050807568875 11.000000000000002 10.0
  endloop
endfacet
facet normal -5.57746848462411e-32 -2.187621400440263e-31 1.0
  outer loop
    vertex 24.732050807568875 11.000000000000002 10.0
    vertex 24.73205080756888 1.0000000000000016 10.0
    vertex 24.931851652578136 10.517638090205043 10.0
  endloop
endfacet
facet normal -5.57746848462411e-32 -2.187621400440263e-31 1.0
  outer loop
    vertex 24.931851652578136 10.517638090205043 10.0
    vertex 24.73205080756888 1.0000000000000016 10.0
    vertex 24.931851652578136 1.4823619097949594 10.0
  endloop
endfacet
facet normal -5.57746848462411e-32 -2.187621400440263e-31 1.0
  outer loop
    vertex 24.931851652578136 10.517638090205043 10.0
    vertex 24.931851652578136 1.4823619097949594 10.0
    vertex 25.0 1.9999999999999998 10.0
  endloop
endfacet
facet normal -5.57746848462411e-32 -2.187621400440263e-31 1.0
  outer loop
    vertex 24.931851652578136 10.517638090205043 10.0
    vertex 25.0 1.9999999999999998 10.0
    vertex 25.0 10.000000000000002 10.0
  endloop
endfacet
facet normal -5.57746848462411e-32 -2.187621400440263e-31 1.0
  outer loop
    vertex 11.0 12.0 10.0
    vertex 16.7 9.15 10.0
    vertex 23.0 12.0 10.0
  endloop
endfacet
facet normal -5.57746848462411e-32 -2.187621400440263e-31 1.0
  outer loop
    vertex 16.7 9.15 10.0
    vertex 11.0 12.0 10.0
    vertex 16.7 2.8500000000000005 10.0
  endloop
endfacet
facet normal -5.57746848462411e-32 -2.187621400440263e-31 1.0
  outer loop
    vertex 23.0 12.0 10.0
    vertex 16.7 9.15 10.0
    vertex 23.0 9.15 10.0
  endloop
endfacet
facet normal -5.57746848462411e-32 -2.187621400440263e-31 1.0
  outer loop
    vertex 11.0 3.9999999999999996 10.0
    vertex 10.5 8.0 10.0
    vertex 10.5 3.9999999999999956 10.0
  endloop
endfacet
facet normal -5.57746848462411e-32 -2.187621400440263e-31 1.0
  outer loop
    vertex 10.5 8.0 10.0
    vertex 11.0 3.9999999999999996 10.0
    vertex 11.0 8.0 10.0
  endloop
endfacet
facet normal 0.9914448613738105 -0.130526192220052 -0.0
  outer loop
    vertex 25.0 1.9999999999999998 0.0
    vertex 24.931851652578136 1.4823619097949594 10.0
    vertex 24.931851652578136 1.4823619097949594 0.0
  endloop
endfacet
facet normal 0.9914448613738105 -0.130526192220052 -0.0
  outer loop
    vertex 24.931851652578136 1.4823619097949594 10.0
    vertex 25.0 1.9999999999999998 0.0
    vertex 25.0 1.9999999999999998 10.0
  endloop
endfacet
facet normal 0.923879532511288 -0.38268343236508695 -0.0
  outer loop
    vertex 24.931851652578136 1.4823619097949594 0.0
    vertex 24.73205080756888 1.0000000000000016 10.0
    vertex 24.73205080756888 1.0000000000000016 0.0
  endloop
endfacet
facet normal 0.923879532511288 -0.38268343236508695 -0.0
  outer loop
    vertex 24.73205080756888 1.0000000000000016 10.0
    vertex 24.931851652578136 1.4823619097949594 0.0
    vertex 24.931851652578136 1.4823619097949594 10.0
  endloop
endfacet
facet normal 0.7933533402912355 -0.6087614290087202 -0.0
  outer loop
    vertex 24.73205080756888 1.0000000000000016 0.0
    vertex 24.414213562373096 0.5857864376269055 10.0
    vertex 24.414213562373096 0.5857864376269055 0.0
  endloop
endfacet
facet normal 0.7933533402912355 -0.6087614290087202 -0.0
  outer loop
    vertex 24.414213562373096 0.5857864376269055 10.0
    vertex 24.73205080756888 1.0000000000000016 0.0
    vertex 24.73205080756888 1.0000000000000016 10.0
  endloop
endfacet
facet normal 0.6087614290087205 -0.7933533402912354 -0.0
  outer loop
    vertex 24.414213562373096 0.5857864376269055 10.0
    vertex 24.0 0.26794919243112364 0.0
    vertex 24.414213562373096 0.5857864376269055 0.0
  endloop
endfacet
facet normal 0.6087614290087205 -0.7933533402912354 -0.0
  outer loop
    vertex 24.0 0.26794919243112364 0.0
    vertex 24.414213562373096 0.5857864376269055 10.0
    vertex 24.0 0.26794919243112364 10.0
  endloop
endfacet
facet normal 0.3826834323650902 -0.9238795325112867 -0.0
  outer loop
    vertex 24.0 0.26794919243112364 10.0
    vertex 23.517638090205043 0.06814834742186421 0.0
    vertex 24.0 0.26794919243112364 0.0
  endloop
endfacet
facet normal 0.3826834323650902 -0.9238795325112867 -0.0
  outer loop
    vertex 23.517638090205043 0.06814834742186421 0.0
    vertex 24.0 0.26794919243112364 10.0
    vertex 23.517638090205043 0.06814834742186421 10.0
  endloop
endfacet
facet normal 0.13052619222005277 -0.9914448613738103 0.0
  outer loop
    vertex 23.517638090205043 0.06814834742186421 10.0
    vertex 23.0 0.0 0.0
    vertex 23.517638090205043 0.06814834742186421 0.0
  endloop
endfacet
facet normal 0.13052619222005277 -0.9914448613738103 0.0
  outer loop
    vertex 23.0 0.0 0.0
    vertex 23.517638090205043 0.06814834742186421 10.0
    vertex 23.0 0.0 10.0
  endloop
endfacet
facet normal 0.13052619222005216 0.9914448613738105 -0.0
  outer loop
    vertex 23.0 12.0 10.0
    vertex 23.51763809020504 11.931851652578137 0.0
    vertex 23.0 12.0 0.0
  endloop
endfacet
facet normal 0.13052619222005216 0.9914448613738105 -0.0
  outer loop
    vertex 23.51763809020504 11.931851652578137 0.0
    vertex 23.0 12.0 10.0
    vertex 23.51763809020504 11.931851652578137 10.0
  endloop
endfacet
facet normal 0.38268343236508895 0.9238795325112871 0.0
  outer loop
    vertex 23.51763809020504 11.931851652578137 10.0
    vertex 24.0 11.732050807568879 0.0
    vertex 23.51763809020504 11.931851652578137 0.0
  endloop
endfacet
facet normal 0.38268343236508895 0.9238795325112871 0.0
  outer loop
    vertex 24.0 11.732050807568879 0.0
    vertex 23.51763809020504 11.931851652578137 10.0
    vertex 24.0 11.732050807568879 10.0
  endloop
endfacet
facet normal 0.6087614290087188 0.7933533402912367 0.0
  outer loop
    vertex 24.0 11.732050807568879 10.0
    vertex 24.414213562373096 11.414213562373096 0.0
    vertex 24.0 11.732050807568879 0.0
  endloop
endfacet
facet normal 0.6087614290087188 0.7933533402912367 0.0
  outer loop
    vertex 24.414213562373096 11.414213562373096 0.0
    vertex 24.0 11.732050807568879 10.0
    vertex 24.414213562373096 11.414213562373096 10.0
  endloop
endfacet
facet normal 0.7933533402912372 0.6087614290087179 0.0
  outer loop
    vertex 24.414213562373096 11.414213562373096 0.0
    vertex 24.732050807568875 11.000000000000002 10.0
    vertex 24.732050807568875 11.000000000000002 0.0
  endloop
endfacet
facet normal 0.7933533402912372 0.6087614290087179 0.0
  outer loop
    vertex 24.732050807568875 11.000000000000002 10.0
    vertex 24.414213562373096 11.414213562373096 0.0
    vertex 24.414213562373096 11.414213562373096 10.0
  endloop
endfacet
facet normal 0.9238795325112863 0.3826834323650914 0.0
  outer loop
    vertex 24.732050807568875 11.000000000000002 0.0
    vertex 24.931851652578136 10.517638090205043 10.0
    vertex 24.931851652578136 10.517638090205043 0.0
  endloop
endfacet
facet normal 0.9238795325112863 0.3826834323650914 0.0
  outer loop
    vertex 24.931851652578136 10.517638090205043 10.0
    vertex 24.732050807568875 11.000000000000002 0.0
    vertex 24.732050807568875 11.000000000000002 10.0
  endloop
endfacet
facet normal 0.9914448613738105 0.1305261922200518 -0.0
  outer loop
    vertex 24.931851652578136 10.517638090205043 0.0
    vertex 25.0 10.000000000000002 10.0
    vertex 25.0 10.000000000000002 0.0
  endloop
endfacet
facet normal 0.9914448613738105 0.1305261922200518 -0.0
  outer loop
    vertex 25.0 10.000000000000002 10.0
    vertex 24.931851652578136 10.517638090205043 0.0
    vertex 24.931851652578136 10.517638090205043 10.0
  endloop
endfacet
facet normal -0.0 1.0 -0.0
  outer loop
    vertex 0.0 4.425000000000001 2.5
    vertex 16.200000000000003 4.425000000000001 0.0
    vertex 0.0 4.425000000000001 0.0
  endloop
endfacet
facet normal -0.0 1.0 -0.0
  outer loop
    vertex 16.200000000000003 4.425000000000001 0.0
    vertex 0.0 4.425000000000001 2.5
    vertex 16.200000000000003 4.425000000000001 2.492352
  endloop
endfacet
facet normal 0.0 0.0 -1.0
  outer loop
    vertex 10.645898033750315 17.706339097770922 0.0
    vertex 10.5 15.0 -1.4099832412739487e-15
    vertex 9.77605700156272 17.34603914513021 0.0
  endloop
endfacet
facet normal 0.0 0.0 -1.0
  outer loop
    vertex 10.5 15.0 -1.4099832412739487e-15
    vertex 10.645898033750315 17.706339097770922 0.0
    vertex 10.568148347421864 15.517638090205041 -1.4099832412739487e-15
  endloop
endfacet
facet normal 0.0 0.0 -1.0
  outer loop
    vertex 10.568148347421864 15.517638090205041 -1.4099832412739487e-15
    vertex 10.645898033750315 17.706339097770922 0.0
    vertex 10.767949192431123 15.999999999999998 -1.4099832412739487e-15
  endloop
endfacet
facet normal 0.0 0.0 -1.0
  outer loop
    vertex 10.767949192431123 15.999999999999998 -1.4099832412739487e-15
    vertex 10.645898033750315 17.706339097770922 0.0
    vertex 11.561393209758615 17.926130043570826 0.0
  endloop
endfacet
facet normal 0.0 0.0 -1.0
  outer loop
    vertex 10.767949192431123 15.999999999999998 -1.4099832412739487e-15
    vertex 11.561393209758615 17.926130043570826 0.0
    vertex 11.085786437626906 16.414213562373092 -1.4099832412739487e-15
  endloop
endfacet
facet normal 0.0 0.0 -1.0
  outer loop
    vertex 11.085786437626906 16.414213562373092 -1.4099832412739487e-15
    vertex 11.561393209758615 17.926130043570826 0.0
    vertex 11.499999999999998 16.732050807568875 -1.4099832412739487e-15
  endloop
endfacet
facet normal 0.0 0.0 -1.0
  outer loop
    vertex 11.499999999999998 16.732050807568875 -1.4099832412739487e-15
    vertex 11.561393209758615 17.926130043570826 0.0
    vertex 11.982361909794959 16.931851652578136 -1.4099832412739487e-15
  endloop
endfacet
facet normal 0.0 0.0 -1.0
  outer loop
    vertex 11.982361909794959 16.931851652578136 -1.4099832412739487e-15
    vertex 11.561393209758615 17.926130043570826 0.0
    vertex 12.500000000000002 18.0 0.0
  endloop
endfacet
facet normal 0.0 0.0 -1.0
  outer loop
    vertex 11.982361909794959 16.931851652578136 -1.4099832412739487e-15
    vertex 12.500000000000002 18.0 0.0
    vertex 12.5 17.0 -1.4099832412739487e-15
  endloop
endfacet
facet normal 0.0 0.0 -1.0
  outer loop
    vertex 12.5 17.0 -1.4099832412739487e-15
    vertex 12.500000000000002 18.0 0.0
    vertex 13.01763809020504 16.931851652578136 -1.4099832412739487e-15
  endloop
endfacet
facet normal 0.0 0.0 -1.0
  outer loop
    vertex 13.01763809020504 16.931851652578136 -1.4099832412739487e-15
    vertex 12.500000000000002 18.0 0.0
    vertex 13.438606790241387 17.926130043570826 0.0
  endloop
endfacet
facet normal 0.0 0.0 -1.0
  outer loop
    vertex 13.01763809020504 16.931851652578136 -1.4099832412739487e-15
    vertex 13.438606790241387 17.926130043570826 0.0
    vertex 13.499999999999998 16.73205080756888 -1.4099832412739487e-15
  endloop
endfacet
facet normal 0.0 0.0 -1.0
  outer loop
    vertex 13.499999999999998 16.73205080756888 -1.4099832412739487e-15
    vertex 13.438606790241387 17.926130043570826 0.0
    vertex 14.354101966249683 17.706339097770922 0.0
  endloop
endfacet
facet normal 0.0 0.0 -1.0
  outer loop
    vertex 13.499999999999998 16.73205080756888 -1.4099832412739487e-15
    vertex 14.354101966249683 17.706339097770922 0.0
    vertex 13.914213562373092 16.414213562373096 -1.4099832412739487e-15
  endloop
endfacet
facet normal 0.0 0.0 -1.0
  outer loop
    vertex 13.914213562373092 16.414213562373096 -1.4099832412739487e-15
    vertex 14.354101966249683 17.706339097770922 0.0
    vertex 14.232050807568875 16.0 -1.4099832412739487e-15
  endloop
endfacet
facet normal 0.0 0.0 -1.0
  outer loop
    vertex 14.232050807568875 16.0 -1.4099832412739487e-15
    vertex 14.354101966249683 17.706339097770922 0.0
    vertex 14.431851652578136 15.517638090205043 -1.4099832412739487e-15
  endloop
endfacet
facet normal 0.0 0.0 -1.0
  outer loop
    vertex 14.431851652578136 15.517638090205043 -1.4099832412739487e-15
    vertex 14.354101966249683 17.706339097770922 0.0
    vertex 15.223942998437282 17.34603914513021 0.0
  endloop
endfacet
facet normal 0.0 0.0 -1.0
  outer loop
    vertex 14.431851652578136 15.517638090205043 -1.4099832412739487e-15
    vertex 15.223942998437282 17.34603914513021 0.0
    vertex 14.499999999999998 15.0 -1.4099832412739487e-15
  endloop
endfacet
facet normal 0.0 0.0 -1.0
  outer loop
    vertex 16.742640687119284 16.242640687119284 0.0
    vertex 16.200000000000003 9.65 0.0
    vertex 16.026711513754837 16.854101966249683 0.0
  endloop
endfacet
facet normal 0.0 0.0 -1.0
  outer loop
    vertex 16.200000000000003 9.65 0.0
    vertex 16.742640687119284 16.242640687119284 0.0
    vertex 18.5 12.0 0.0
  endloop
endfacet
facet normal 0.0 0.0 -1.0
  outer loop
    vertex 16.200000000000003 9.65 0.0
    vertex 18.5 12.0 0.0
    vertex 23.5 9.65 0.0
  endloop
endfacet
facet normal 0.0 0.0 -1.0
  outer loop
    vertex 18.5 12.0 0.0
    vertex 16.742640687119284 16.242640687119284 0.0
    vertex 17.354101966249683 15.52671151375484 0.0
  endloop
endfacet
facet normal 0.0 0.0 -1.0
  outer loop
    vertex 18.5 12.0 0.0
    vertex 17.354101966249683 15.52671151375484 0.0
    vertex 17.84603914513021 14.72394299843728 0.0
  endloop
endfacet
facet normal 0.0 0.0 -1.0
  outer loop
    vertex 18.5 12.0 0.0
    vertex 17.84603914513021 14.72394299843728 0.0
    vertex 18.206339097770922 13.854101966249685 0.0
  endloop
endfacet
facet normal 0.0 0.0 -1.0
  outer loop
    vertex 18.5 12.0 0.0
    vertex 18.206339097770922 13.854101966249685 0.0
    vertex 18.426130043570826 12.938606790241385 0.0
  endloop
endfacet
facet normal 0.0 0.0 -1.0
  outer loop
    vertex 23.5 9.65 0.0
    vertex 18.5 12.0 0.0
    vertex 23.0 12.0 0.0
  endloop
endfacet
facet normal 0.0 0.0 -1.0
  outer loop
    vertex 23.5 9.65 0.0
    vertex 23.0 12.0 0.0
    vertex 23.51763809020504 11.931851652578137 0.0
  endloop
endfacet
facet normal 0.0 0.0 -1.0
  outer loop
    vertex 23.5 9.65 0.0
    vertex 23.51763809020504 11.931851652578137 0.0
    vertex 23.5 2.3500000000000005 0.0
  endloop
endfacet
facet normal 0.0 0.0 -1.0
  outer loop
    vertex 16.200000000000003 4.425000000000001 0.0
    vertex 0.0 0.0 0.0
    vertex 0.0 4.425000000000001 0.0
  endloop
endfacet
facet normal 0.0 0.0 -1.0
  outer loop
    vertex 0.0 0.0 0.0
    vertex 16.200000000000003 4.425000000000001 0.0
    vertex 6.499999999999999 7.34788079488412e-16 0.0
  endloop
endfacet
facet normal 0.0 0.0 -1.0
  outer loop
    vertex 6.499999999999999 7.34788079488412e-16 0.0
    vertex 16.200000000000003 4.425000000000001 0.0
    vertex 6.573869956429173 -0.9386067902413845 0.0
  endloop
endfacet
facet normal 0.0 0.0 -1.0
  outer loop
    vertex 6.573869956429173 -0.9386067902413845 0.0
    vertex 16.200000000000003 4.425000000000001 0.0
    vertex 6.793660902229077 -1.8541019662496838 0.0
  endloop
endfacet
facet normal 0.0 0.0 -1.0
  outer loop
    vertex 6.793660902229077 -1.8541019662496838 0.0
    vertex 16.200000000000003 4.425000000000001 0.0
    vertex 7.153960854869792 -2.72394299843728 0.0
  endloop
endfacet
facet normal 0.0 0.0 -1.0
  outer loop
    vertex 7.153960854869792 -2.72394299843728 0.0
    vertex 16.200000000000003 4.425000000000001 0.0
    vertex 7.645898033750315 -3.526711513754838 0.0
  endloop
endfacet
facet normal 0.0 0.0 -1.0
  outer loop
    vertex 7.645898033750315 -3.526711513754838 0.0
    vertex 16.200000000000003 4.425000000000001 0.0
    vertex 8.257359312880714 -4.242640687119285 0.0
  endloop
endfacet
facet normal 0.0 0.0 -1.0
  outer loop
    vertex 8.257359312880714 -4.242640687119285 0.0
    vertex 16.200000000000003 4.425000000000001 0.0
    vertex 11.085786437626906 -1.5857864376269042 -1.4099832412739487e-15
  endloop
endfacet
facet normal 0.0 0.0 -1.0
  outer loop
    vertex 8.257359312880714 -4.242640687119285 0.0
    vertex 11.085786437626906 -1.5857864376269042 -1.4099832412739487e-15
    vertex 10.767949192431123 -1.9999999999999991 -1.4099832412739487e-15
  endloop
endfacet
facet normal 0.0 0.0 -1.0
  outer loop
    vertex 8.257359312880714 -4.242640687119285 0.0
    vertex 10.767949192431123 -1.9999999999999991 -1.4099832412739487e-15
    vertex 8.973288486245162 -4.854101966249684 0.0
  endloop
endfacet
facet normal 0.0 0.0 -1.0
  outer loop
    vertex 8.973288486245162 -4.854101966249684 0.0
    vertex 10.767949192431123 -1.9999999999999991 -1.4099832412739487e-15
    vertex 10.568148347421864 -2.4823619097949576 -1.4099832412739487e-15
  endloop
endfacet
facet normal 0.0 0.0 -1.0
  outer loop
    vertex 8.973288486245162 -4.854101966249684 0.0
    vertex 10.568148347421864 -2.4823619097949576 -1.4099832412739487e-15
    vertex 9.776057001562718 -5.346039145130208 0.0
  endloop
endfacet
facet normal 0.0 0.0 -1.0
  outer loop
    vertex 9.776057001562718 -5.346039145130208 0.0
    vertex 10.568148347421864 -2.4823619097949576 -1.4099832412739487e-15
    vertex 10.5 -2.9999999999999982 -1.4099832412739487e-15
  endloop
endfacet
facet normal 0.0 0.0 -1.0
  outer loop
    vertex 11.085786437626906 -1.5857864376269042 -1.4099832412739487e-15
    vertex 16.200000000000003 4.425000000000001 0.0
    vertex 11.5 -1.2679491924311226 -1.4099832412739487e-15
  endloop
endfacet
facet normal 0.0 0.0 -1.0
  outer loop
    vertex 11.5 -1.2679491924311226 -1.4099832412739487e-15
    vertex 16.200000000000003 4.425000000000001 0.0
    vertex 11.98236190979496 -1.0681483474218634 -1.4099832412739487e-15
  endloop
endfacet
facet normal 0.0 0.0 -1.0
  outer loop
    vertex 11.98236190979496 -1.0681483474218634 -1.4099832412739487e-15
    vertex 16.200000000000003 4.425000000000001 0.0
    vertex 12.500000000000002 -1.0000000000000002 -1.4099832412739487e-15
  endloop
endfacet
facet normal 0.0 0.0 -1.0
  outer loop
    vertex 12.500000000000002 -1.0000000000000002 -1.4099832412739487e-15
    vertex 16.200000000000003 4.425000000000001 0.0
    vertex 13.017638090205043 -1.0681483474218638 -1.4099832412739487e-15
  endloop
endfacet
facet normal 0.0 0.0 -1.0
  outer loop
    vertex 13.017638090205043 -1.0681483474218638 -1.4099832412739487e-15
    vertex 16.200000000000003 4.425000000000001 0.0
    vertex 13.5 -1.2679491924311233 -1.4099832412739487e-15
  endloop
endfacet
facet normal 0.0 0.0 -1.0
  outer loop
    vertex 13.5 -1.2679491924311233 -1.4099832412739487e-15
    vertex 16.200000000000003 4.425000000000001 0.0
    vertex 13.914213562373096 -1.5857864376269055 -1.4099832412739487e-15
  endloop
endfacet
facet normal 0.0 0.0 -1.0
  outer loop
    vertex 13.914213562373096 -1.5857864376269055 -1.4099832412739487e-15
    vertex 16.200000000000003 4.425000000000001 0.0
    vertex 14.232050807568879 -2.0000000000000004 -1.4099832412739487e-15
  endloop
endfacet
facet normal 0.0 0.0 -1.0
  outer loop
    vertex 14.232050807568879 -2.0000000000000004 -1.4099832412739487e-15
    vertex 16.200000000000003 4.425000000000001 0.0
    vertex 14.431851652578136 -2.482361909794958 -1.4099832412739487e-15
  endloop
endfacet
facet normal 0.0 0.0 -1.0
  outer loop
    vertex 14.431851652578136 -2.482361909794958 -1.4099832412739487e-15
    vertex 16.200000000000003 4.425000000000001 0.0
    vertex 14.499999999999998 -3.000000000000001 -1.4099832412739487e-15
  endloop
endfacet
facet normal 0.0 0.0 -1.0
  outer loop
    vertex 14.499999999999998 -3.000000000000001 -1.4099832412739487e-15
    vertex 16.200000000000003 4.425000000000001 0.0
    vertex 15.223942998437279 -5.3460391451302085 0.0
  endloop
endfacet
facet normal 0.0 0.0 -1.0
  outer loop
    vertex 15.223942998437279 -5.3460391451302085 0.0
    vertex 16.200000000000003 4.425000000000001 0.0
    vertex 16.026711513754837 -4.854101966249686 0.0
  endloop
endfacet
facet normal 0.0 0.0 -1.0
  outer loop
    vertex 16.026711513754837 -4.854101966249686 0.0
    vertex 16.200000000000003 4.425000000000001 0.0
    vertex 16.200000000000003 2.3500000000000005 0.0
  endloop
endfacet
facet normal 0.0 0.0 -1.0
  outer loop
    vertex 16.026711513754837 -4.854101966249686 0.0
    vertex 16.200000000000003 2.3500000000000005 0.0
    vertex 16.742640687119284 -4.2426406871192865 0.0
  endloop
endfacet
facet normal 0.0 0.0 -1.0
  outer loop
    vertex 16.742640687119284 -4.2426406871192865 0.0
    vertex 16.200000000000003 2.3500000000000005 0.0
    vertex 18.5 0.0 0.0
  endloop
endfacet
facet normal 0.0 0.0 -1.0
  outer loop
    vertex 18.5 0.0 0.0
    vertex 16.200000000000003 2.3500000000000005 0.0
    vertex 23.5 2.3500000000000005 0.0
  endloop
endfacet
facet normal 0.0 0.0 -1.0
  outer loop
    vertex 16.742640687119284 -4.2426406871192865 0.0
    vertex 18.5 0.0 0.0
    vertex 17.354101966249683 -3.52671151375484 0.0
  endloop
endfacet
facet normal 0.0 0.0 -1.0
  outer loop
    vertex 17.354101966249683 -3.52671151375484 0.0
    vertex 18.5 0.0 0.0
    vertex 17.846039145130206 -2.7239429984372823 0.0
  endloop
endfacet
facet normal 0.0 0.0 -1.0
  outer loop
    vertex 17.846039145130206 -2.7239429984372823 0.0
    vertex 18.5 0.0 0.0
    vertex 18.206339097770922 -1.8541019662496863 0.0
  endloop
endfacet
facet normal 0.0 0.0 -1.0
  outer loop
    vertex 18.206339097770922 -1.8541019662496863 0.0
    vertex 18.5 0.0 0.0
    vertex 18.426130043570826 -0.9386067902413866 0.0
  endloop
endfacet
facet normal 0.0 0.0 -1.0
  outer loop
    vertex 18.5 0.0 0.0
    vertex 23.5 2.3500000000000005 0.0
    vertex 23.0 0.0 0.0
  endloop
endfacet
facet normal 0.0 0.0 -1.0
  outer loop
    vertex 23.0 0.0 0.0
    vertex 23.5 2.3500000000000005 0.0
    vertex 23.517638090205043 0.06814834742186421 0.0
  endloop
endfacet
facet normal 0.0 0.0 -1.0
  outer loop
    vertex 23.517638090205043 0.06814834742186421 0.0
    vertex 23.5 2.3500000000000005 0.0
    vertex 23.51763809020504 11.931851652578137 0.0
  endloop
endfacet
facet normal 0.0 0.0 -1.0
  outer loop
    vertex 23.517638090205043 0.06814834742186421 0.0
    vertex 23.51763809020504 11.931851652578137 0.0
    vertex 24.0 11.732050807568879 0.0
  endloop
endfacet
facet normal 0.0 0.0 -1.0
  outer loop
    vertex 23.517638090205043 0.06814834742186421 0.0
    vertex 24.0 11.732050807568879 0.0
    vertex 24.0 0.26794919243112364 0.0
  endloop
endfacet
facet normal 0.0 0.0 -1.0
  outer loop
    vertex 24.0 0.26794919243112364 0.0
    vertex 24.0 11.732050807568879 0.0
    vertex 24.414213562373096 11.414213562373096 0.0
  endloop
endfacet
facet normal 0.0 0.0 -1.0
  outer loop
    vertex 24.0 0.26794919243112364 0.0
    vertex 24.414213562373096 11.414213562373096 0.0
    vertex 24.414213562373096 0.5857864376269055 0.0
  endloop
endfacet
facet normal 0.0 0.0 -1.0
  outer loop
    vertex 24.414213562373096 0.5857864376269055 0.0
    vertex 24.414213562373096 11.414213562373096 0.0
    vertex 24.732050807568875 11.000000000000002 0.0
  endloop
endfacet
facet normal 0.0 0.0 -1.0
  outer loop
    vertex 24.414213562373096 0.5857864376269055 0.0
    vertex 24.732050807568875 11.000000000000002 0.0
    vertex 24.73205080756888 1.0000000000000016 0.0
  endloop
endfacet
facet normal 0.0 0.0 -1.0
  outer loop
    vertex 24.73205080756888 1.0000000000000016 0.0
    vertex 24.732050807568875 11.000000000000002 0.0
    vertex 24.931851652578136 10.517638090205043 0.0
  endloop
endfacet
facet normal 0.0 0.0 -1.0
  outer loop
    vertex 24.73205080756888 1.0000000000000016 0.0
    vertex 24.931851652578136 10.517638090205043 0.0
    vertex 24.931851652578136 1.4823619097949594 0.0
  endloop
endfacet
facet normal 0.0 0.0 -1.0
  outer loop
    vertex 24.931851652578136 1.4823619097949594 0.0
    vertex 24.931851652578136 10.517638090205043 0.0
    vertex 25.0 10.000000000000002 0.0
  endloop
endfacet
facet normal 0.0 0.0 -1.0
  outer loop
    vertex 24.931851652578136 1.4823619097949594 0.0
    vertex 25.0 10.000000000000002 0.0
    vertex 25.0 1.9999999999999998 0.0
  endloop
endfacet
facet normal 0.0 0.0 -1.0
  outer loop
    vertex 6.499999999999999 12.0 0.0
    vertex 0.0 7.575 0.0
    vertex 0.0 12.0 0.0
  endloop
endfacet
facet normal 0.0 0.0 -1.0
  outer loop
    vertex 0.0 7.575 0.0
    vertex 6.499999999999999 12.0 0.0
    vertex 16.200000000000003 7.575 0.0
  endloop
endfacet
facet normal 0.0 0.0 -1.0
  outer loop
    vertex 16.200000000000003 7.575 0.0
    vertex 6.499999999999999 12.0 0.0
    vertex 6.573869956429173 12.938606790241387 0.0
  endloop
endfacet
facet normal 0.0 0.0 -1.0
  outer loop
    vertex 16.200000000000003 7.575 0.0
    vertex 6.573869956429173 12.938606790241387 0.0
    vertex 6.793660902229079 13.854101966249686 0.0
  endloop
endfacet
facet normal 0.0 0.0 -1.0
  outer loop
    vertex 16.200000000000003 7.575 0.0
    vertex 6.793660902229079 13.854101966249686 0.0
    vertex 7.153960854869794 14.723942998437282 0.0
  endloop
endfacet
facet normal 0.0 0.0 -1.0
  outer loop
    vertex 16.200000000000003 7.575 0.0
    vertex 7.153960854869794 14.723942998437282 0.0
    vertex 7.645898033750315 15.52671151375484 0.0
  endloop
endfacet
facet normal 0.0 0.0 -1.0
  outer loop
    vertex 16.200000000000003 7.575 0.0
    vertex 7.645898033750315 15.52671151375484 0.0
    vertex 8.257359312880714 16.242640687119287 0.0
  endloop
endfacet
facet normal 0.0 0.0 -1.0
  outer loop
    vertex 16.200000000000003 7.575 0.0
    vertex 8.257359312880714 16.242640687119287 0.0
    vertex 11.085786437626906 13.585786437626904 -1.4099832412739487e-15
  endloop
endfacet
facet normal 0.0 0.0 -1.0
  outer loop
    vertex 11.085786437626906 13.585786437626904 -1.4099832412739487e-15
    vertex 8.257359312880714 16.242640687119287 0.0
    vertex 10.767949192431123 14.0 -1.4099832412739487e-15
  endloop
endfacet
facet normal 0.0 0.0 -1.0
  outer loop
    vertex 10.767949192431123 14.0 -1.4099832412739487e-15
    vertex 8.257359312880714 16.242640687119287 0.0
    vertex 8.973288486245162 16.854101966249683 0.0
  endloop
endfacet
facet normal 0.0 0.0 -1.0
  outer loop
    vertex 10.767949192431123 14.0 -1.4099832412739487e-15
    vertex 8.973288486245162 16.854101966249683 0.0
    vertex 10.568148347421864 14.482361909794959 -1.4099832412739487e-15
  endloop
endfacet
facet normal 0.0 0.0 -1.0
  outer loop
    vertex 10.568148347421864 14.482361909794959 -1.4099832412739487e-15
    vertex 8.973288486245162 16.854101966249683 0.0
    vertex 9.77605700156272 17.34603914513021 0.0
  endloop
endfacet
facet normal 0.0 0.0 -1.0
  outer loop
    vertex 10.568148347421864 14.482361909794959 -1.4099832412739487e-15
    vertex 9.77605700156272 17.34603914513021 0.0
    vertex 10.5 15.0 -1.4099832412739487e-15
  endloop
endfacet
facet normal 0.0 0.0 -1.0
  outer loop
    vertex 16.200000000000003 7.575 0.0
    vertex 11.085786437626906 13.585786437626904 -1.4099832412739487e-15
    vertex 11.5 13.267949192431125 -1.4099832412739487e-15
  endloop
endfacet
facet normal 0.0 0.0 -1.0
  outer loop
    vertex 16.200000000000003 7.575 0.0
    vertex 11.5 13.267949192431125 -1.4099832412739487e-15
    vertex 11.982361909794959 13.068148347421864 -1.4099832412739487e-15
  endloop
endfacet
facet normal 0.0 0.0 -1.0
  outer loop
    vertex 16.200000000000003 7.575 0.0
    vertex 11.982361909794959 13.068148347421864 -1.4099832412739487e-15
    vertex 12.5 13.000000000000002 -1.4099832412739487e-15
  endloop
endfacet
facet normal 0.0 0.0 -1.0
  outer loop
    vertex 16.200000000000003 7.575 0.0
    vertex 12.5 13.000000000000002 -1.4099832412739487e-15
    vertex 13.017638090205043 13.068148347421864 -1.4099832412739487e-15
  endloop
endfacet
facet normal 0.0 0.0 -1.0
  outer loop
    vertex 16.200000000000003 7.575 0.0
    vertex 13.017638090205043 13.068148347421864 -1.4099832412739487e-15
    vertex 13.5 13.267949192431125 -1.4099832412739487e-15
  endloop
endfacet
facet normal 0.0 0.0 -1.0
  outer loop
    vertex 16.200000000000003 7.575 0.0
    vertex 13.5 13.267949192431125 -1.4099832412739487e-15
    vertex 13.914213562373096 13.585786437626908 -1.4099832412739487e-15
  endloop
endfacet
facet normal 0.0 0.0 -1.0
  outer loop
    vertex 16.200000000000003 7.575 0.0
    vertex 13.914213562373096 13.585786437626908 -1.4099832412739487e-15
    vertex 14.232050807568879 14.000000000000002 -1.4099832412739487e-15
  endloop
endfacet
facet normal 0.0 0.0 -1.0
  outer loop
    vertex 16.200000000000003 7.575 0.0
    vertex 14.232050807568879 14.000000000000002 -1.4099832412739487e-15
    vertex 14.431851652578136 14.48236190979496 -1.4099832412739487e-15
  endloop
endfacet
facet normal 0.0 0.0 -1.0
  outer loop
    vertex 16.200000000000003 7.575 0.0
    vertex 14.431851652578136 14.48236190979496 -1.4099832412739487e-15
    vertex 14.499999999999998 15.0 -1.4099832412739487e-15
  endloop
endfacet
facet normal 0.0 0.0 -1.0
  outer loop
    vertex 16.200000000000003 7.575 0.0
    vertex 14.499999999999998 15.0 -1.4099832412739487e-15
    vertex 15.223942998437282 17.34603914513021 0.0
  endloop
endfacet
facet normal 0.0 0.0 -1.0
  outer loop
    vertex 16.200000000000003 7.575 0.0
    vertex 15.223942998437282 17.34603914513021 0.0
    vertex 16.026711513754837 16.854101966249683 0.0
  endloop
endfacet
facet normal 0.0 0.0 -1.0
  outer loop
    vertex 16.200000000000003 7.575 0.0
    vertex 16.026711513754837 16.854101966249683 0.0
    vertex 16.200000000000003 9.65 0.0
  endloop
endfacet
facet normal 0.0 0.0 -1.0
  outer loop
    vertex 10.5 -2.9999999999999982 -1.4099832412739487e-15
    vertex 10.645898033750315 -5.706339097770921 0.0
    vertex 9.776057001562718 -5.346039145130208 0.0
  endloop
endfacet
facet normal 0.0 0.0 -1.0
  outer loop
    vertex 10.645898033750315 -5.706339097770921 0.0
    vertex 10.5 -2.9999999999999982 -1.4099832412739487e-15
    vertex 10.568148347421864 -3.51763809020504 -1.4099832412739487e-15
  endloop
endfacet
facet normal 0.0 0.0 -1.0
  outer loop
    vertex 10.645898033750315 -5.706339097770921 0.0
    vertex 10.568148347421864 -3.51763809020504 -1.4099832412739487e-15
    vertex 10.767949192431121 -3.9999999999999982 -1.4099832412739487e-15
  endloop
endfacet
facet normal 0.0 0.0 -1.0
  outer loop
    vertex 10.645898033750315 -5.706339097770921 0.0
    vertex 10.767949192431121 -3.9999999999999982 -1.4099832412739487e-15
    vertex 11.561393209758615 -5.926130043570827 0.0
  endloop
endfacet
facet normal 0.0 0.0 -1.0
  outer loop
    vertex 11.561393209758615 -5.926130043570827 0.0
    vertex 10.767949192431121 -3.9999999999999982 -1.4099832412739487e-15
    vertex 11.085786437626904 -4.414213562373094 -1.4099832412739487e-15
  endloop
endfacet
facet normal 0.0 0.0 -1.0
  outer loop
    vertex 11.561393209758615 -5.926130043570827 0.0
    vertex 11.085786437626904 -4.414213562373094 -1.4099832412739487e-15
    vertex 11.499999999999998 -4.732050807568876 -1.4099832412739487e-15
  endloop
endfacet
facet normal 0.0 0.0 -1.0
  outer loop
    vertex 11.561393209758615 -5.926130043570827 0.0
    vertex 11.499999999999998 -4.732050807568876 -1.4099832412739487e-15
    vertex 11.982361909794957 -4.9318516525781355 -1.4099832412739487e-15
  endloop
endfacet
facet normal 0.0 0.0 -1.0
  outer loop
    vertex 11.561393209758615 -5.926130043570827 0.0
    vertex 11.982361909794957 -4.9318516525781355 -1.4099832412739487e-15
    vertex 12.499999999999998 -6.0 0.0
  endloop
endfacet
facet normal 0.0 0.0 -1.0
  outer loop
    vertex 12.499999999999998 -6.0 0.0
    vertex 11.982361909794957 -4.9318516525781355 -1.4099832412739487e-15
    vertex 12.499999999999998 -4.999999999999999 -1.4099832412739487e-15
  endloop
endfacet
facet normal 0.0 0.0 -1.0
  outer loop
    vertex 12.499999999999998 -6.0 0.0
    vertex 12.499999999999998 -4.999999999999999 -1.4099832412739487e-15
    vertex 13.017638090205043 -4.9318516525781355 -1.4099832412739487e-15
  endloop
endfacet
facet normal 0.0 0.0 -1.0
  outer loop
    vertex 12.499999999999998 -6.0 0.0
    vertex 13.017638090205043 -4.9318516525781355 -1.4099832412739487e-15
    vertex 13.438606790241383 -5.9261300435708275 0.0
  endloop
endfacet
facet normal 0.0 0.0 -1.0
  outer loop
    vertex 13.438606790241383 -5.9261300435708275 0.0
    vertex 13.017638090205043 -4.9318516525781355 -1.4099832412739487e-15
    vertex 13.499999999999998 -4.732050807568877 -1.4099832412739487e-15
  endloop
endfacet
facet normal 0.0 0.0 -1.0
  outer loop
    vertex 13.438606790241383 -5.9261300435708275 0.0
    vertex 13.499999999999998 -4.732050807568877 -1.4099832412739487e-15
    vertex 14.354101966249683 -5.706339097770922 0.0
  endloop
endfacet
facet normal 0.0 0.0 -1.0
  outer loop
    vertex 14.354101966249683 -5.706339097770922 0.0
    vertex 13.499999999999998 -4.732050807568877 -1.4099832412739487e-15
    vertex 13.914213562373092 -4.414213562373095 -1.4099832412739487e-15
  endloop
endfacet
facet normal 0.0 0.0 -1.0
  outer loop
    vertex 14.354101966249683 -5.706339097770922 0.0
    vertex 13.914213562373092 -4.414213562373095 -1.4099832412739487e-15
    vertex 14.232050807568879 -3.9999999999999996 -1.4099832412739487e-15
  endloop
endfacet
facet normal 0.0 0.0 -1.0
  outer loop
    vertex 14.354101966249683 -5.706339097770922 0.0
    vertex 14.232050807568879 -3.9999999999999996 -1.4099832412739487e-15
    vertex 14.431851652578136 -3.5176380902050415 -1.4099832412739487e-15
  endloop
endfacet
facet normal 0.0 0.0 -1.0
  outer loop
    vertex 14.354101966249683 -5.706339097770922 0.0
    vertex 14.431851652578136 -3.5176380902050415 -1.4099832412739487e-15
    vertex 15.223942998437279 -5.3460391451302085 0.0
  endloop
endfacet
facet normal 0.0 0.0 -1.0
  outer loop
    vertex 15.223942998437279 -5.3460391451302085 0.0
    vertex 14.431851652578136 -3.5176380902050415 -1.4099832412739487e-15
    vertex 14.499999999999998 -3.000000000000001 -1.4099832412739487e-15
  endloop
endfacet
facet normal 0.0 -1.0 0.0
  outer loop
    vertex 16.200000000000003 7.575 2.492352
    vertex 0.0 7.575 0.0
    vertex 16.200000000000003 7.575 0.0
  endloop
endfacet
facet normal 0.0 -1.0 0.0
  outer loop
    vertex 0.0 7.575 0.0
    vertex 16.200000000000003 7.575 2.492352
    vertex 0.0 7.575 2.5
  endloop
endfacet
facet normal -0.9970592550194006 -6.893798410095313e-19 -0.07663446992155527
  outer loop
    vertex 23.000994607809755 2.850000000000001 6.492351876344411
    vertex 23.5 9.65 0.0
    vertex 23.5 2.3500000000000005 0.0
  endloop
endfacet
facet normal -0.9970592550194006 -6.893798410095313e-19 -0.07663446992155527
  outer loop
    vertex 23.5 9.65 0.0
    vertex 23.000994607809755 2.850000000000001 6.492351876344411
    vertex 23.000994607809755 9.15 6.492351876344411
  endloop
endfacet
facet normal 0.0 -1.0 0.0
  outer loop
    vertex 16.7 7.575 2.5
    vertex 16.200000000000003 7.575 2.492352
    vertex 16.200000000000003 7.575 0.0
  endloop
endfacet
facet normal -5.6464397980279324e-18 -0.9970475723825756 -0.07678631652848546
  outer loop
    vertex 23.000994607809755 9.15 6.492351876344411
    vertex 16.200000000000003 9.65 0.0
    vertex 23.5 9.65 0.0
  endloop
endfacet
facet normal -5.6464397980279324e-18 -0.9970475723825756 -0.07678631652848546
  outer loop
    vertex 16.200000000000003 9.65 0.0
    vertex 23.000994607809755 9.15 6.492351876344411
    vertex 16.700994607809754 9.15 6.492351876344411
  endloop
endfacet
facet normal 0.997033588891198 0.00037374083810137173 -0.0769667651686351
  outer loop
    vertex 16.700994607809754 4.425000000000001 6.499999876344411
    vertex 16.700994607809754 2.8500000000000005 6.492351876344411
    vertex 16.200000000000003 2.3500000000000005 0.0
  endloop
endfacet
facet normal -2.9660275970579086e-17 0.9970475723825756 -0.07678631652848537
  outer loop
    vertex 16.700994607809754 2.8500000000000005 6.492351876344411
    vertex 23.5 2.3500000000000005 0.0
    vertex 16.200000000000003 2.3500000000000005 0.0
  endloop
endfacet
facet normal -2.9660275970579086e-17 0.9970475723825756 -0.07678631652848537
  outer loop
    vertex 23.5 2.3500000000000005 0.0
    vertex 16.700994607809754 2.8500000000000005 6.492351876344411
    vertex 23.000994607809755 2.850000000000001 6.492351876344411
  endloop
endfacet
facet normal 0.997033588891198 -0.0003737408381014525 -0.07696676516863513
  outer loop
    vertex 16.200000000000003 9.65 0.0
    vertex 16.700994607809754 9.15 6.492351876344411
    vertex 16.700994607809754 7.575 6.499999876344411
  endloop
endfacet
facet normal -0.0 1.0 -0.0
  outer loop
    vertex 16.7 4.425000000000001 2.5
    vertex 16.200000000000003 4.425000000000001 0.0
    vertex 16.200000000000003 4.425000000000001 2.492352
  endloop
endfacet
facet normal 0.9805806756909203 -1.9270524705854153e-17 -0.1961161351381837
  outer loop
    vertex 16.200000000000003 9.65 0.0
    vertex 16.7 7.575 2.5
    vertex 16.200000000000003 7.575 0.0
  endloop
endfacet
facet normal 0.9722405232338583 0.23398356040356116 -0.0002417495118155464
  outer loop
    vertex 16.200000000000003 9.65 0.0
    vertex 16.700994607809754 7.575 6.499999876344411
    vertex 16.7 7.575 2.5
  endloop
endfacet
facet normal 0.9805806756909203 1.927052470585417e-17 -0.19611613513818377
  outer loop
    vertex 16.7 4.425000000000001 2.5
    vertex 16.200000000000003 2.3500000000000005 0.0
    vertex 16.200000000000003 4.425000000000001 0.0
  endloop
endfacet
facet normal 0.9722405232338583 -0.23398356040356116 -0.00024174951181557628
  outer loop
    vertex 16.700994607809754 4.425000000000001 6.499999876344411
    vertex 16.200000000000003 2.3500000000000005 0.0
    vertex 16.7 4.425000000000001 2.5
  endloop
endfacet
facet normal -0.0002217098065823727 1.667132912858769e-20 -0.9999999754223806
  outer loop
    vertex 16.200000000000003 7.575 2.492352
    vertex 0.0 4.425000000000001 2.5
    vertex 0.0 7.575 2.5
  endloop
endfacet
facet normal -0.0002217098065823727 1.667132912858769e-20 -0.9999999754223806
  outer loop
    vertex 0.0 4.425000000000001 2.5
    vertex 16.200000000000003 7.575 2.492352
    vertex 16.200000000000003 4.425000000000001 2.492352
  endloop
endfacet
facet normal -0.0002217098065823727 1.667132912858769e-20 -0.9999999754223806
  outer loop
    vertex 16.200000000000003 4.425000000000001 2.492352
    vertex 16.200000000000003 7.575 2.492352
    vertex 16.7 7.575 2.5
  endloop
endfacet
facet normal -0.0002217098065823727 1.667132912858769e-20 -0.9999999754223806
  outer loop
    vertex 16.200000000000003 4.425000000000001 2.492352
    vertex 16.7 7.575 2.5
    vertex 16.7 4.425000000000001 2.5
  endloop
endfacet
endsolid 6mm_pushbutton_housing_with_cap
