solid OpenSCAD_Model
  facet normal -0.8660254036604994 -0.5000000002146692 0
    outer loop
      vertex -11.360362969338894 -19.67672585695982 0
      vertex -22.72072594612837 0 17.5
      vertex -22.72072594612837 0 0
    endloop
  endfacet
  facet normal 0 -1 0
    outer loop
      vertex -11.360362969338894 -19.67672585695982 0
      vertex 11.360362969338894 -19.67672585695982 0
      vertex -11.360362969338894 -19.67672585695982 17.5
    endloop
  endfacet
  facet normal -0.8660254036604994 -0.5000000002146692 0
    outer loop
      vertex -11.360362969338894 -19.67672585695982 0
      vertex -11.360362969338894 -19.67672585695982 17.5
      vertex -22.72072594612837 0 17.5
    endloop
  endfacet
  facet normal 0 0 1
    outer loop
      vertex -15.817314231882081 -10.28683116801327 17.5
      vertex -11.360362969338894 -19.67672585695982 17.5
      vertex -10.35 -17.92672585833788 17.5
    endloop
  endfacet
  facet normal 0 0 1
    outer loop
      vertex -15.817314231882081 -10.28683116801327 17.5
      vertex -22.72072594612837 0 17.5
      vertex -11.360362969338894 -19.67672585695982 17.5
    endloop
  endfacet
  facet normal 0 0 1
    outer loop
      vertex -15.817314231882081 -10.28683116801327 17.5
      vertex -10.35 -17.92672585833788 17.5
      vertex -15.024999999999999 -9.829388332953378 17.5
    endloop
  endfacet
  facet normal 0 0 1
    outer loop
      vertex -15.817314231882081 -10.28683116801327 17.5
      vertex -16.247506810570883 -9.380502430743379 17.5
      vertex -22.72072594612837 0 17.5
    endloop
  endfacet
  facet normal 0 0 1
    outer loop
      vertex -16.247506810570883 -9.380502430743379 17.5
      vertex -15.524999999999999 -8.96336292916894 17.5
      vertex -20.7 0 17.5
    endloop
  endfacet
  facet normal 0 0 1
    outer loop
      vertex -16.247506810570883 -9.380502430743379 17.5
      vertex -20.7 0 17.5
      vertex -22.72072594612837 0 17.5
    endloop
  endfacet
  facet normal 0 0 1
    outer loop
      vertex -11.360362969338894 -19.67672585695982 17.5
      vertex 0 -18.761004861932477 17.5
      vertex -10.35 -17.92672585833788 17.5
    endloop
  endfacet
  facet normal 0 0 1
    outer loop
      vertex -11.360362969338894 -19.67672585695982 17.5
      vertex 1 -18.841611528946448 17.5
      vertex 0 -18.761004861932477 17.5
    endloop
  endfacet
  facet normal 0 0 1
    outer loop
      vertex -10.35 -17.92672585833788 17.5
      vertex 0 -18.761004861932477 17.5
      vertex 0 -17.92672585833788 17.5
    endloop
  endfacet
  facet normal 0 0 -1
    outer loop
      vertex -11.360362969338894 -19.67672585695982 0
      vertex -22.72072594612837 0 0
      vertex -11.360362969338894 19.67672585695982 0
    endloop
  endfacet
  facet normal -0.8660254036604994 0.5000000002146692 0
    outer loop
      vertex -22.72072594612837 0 0
      vertex -11.360362969338894 19.67672585695982 17.5
      vertex -11.360362969338894 19.67672585695982 0
    endloop
  endfacet
  facet normal 0 0 -1
    outer loop
      vertex -11.360362969338894 -19.67672585695982 0
      vertex -11.360362969338894 19.67672585695982 0
      vertex 11.360362969338894 19.67672585695982 0
    endloop
  endfacet
  facet normal -0.8660254036604994 0.5000000002146692 0
    outer loop
      vertex -22.72072594612837 0 0
      vertex -22.72072594612837 0 17.5
      vertex -11.360362969338894 19.67672585695982 17.5
    endloop
  endfacet
  facet normal 0 0 1
    outer loop
      vertex -22.72072594612837 0 17.5
      vertex -20.7 0 17.5
      vertex -15.524999999999999 8.963362929168941 17.5
    endloop
  endfacet
  facet normal 0 0 1
    outer loop
      vertex -22.72072594612837 0 17.5
      vertex -15.524999999999999 8.963362929168941 17.5
      vertex -15.024999999999999 9.829388332953378 17.5
    endloop
  endfacet
  facet normal 0 0 1
    outer loop
      vertex -22.72072594612837 0 17.5
      vertex -15.024999999999999 9.829388332953378 17.5
      vertex -10.35 17.92672585833788 17.5
    endloop
  endfacet
  facet normal 0 0 1
    outer loop
      vertex -22.72072594612837 0 17.5
      vertex -10.35 17.92672585833788 17.5
      vertex -11.360362969338894 19.67672585695982 17.5
    endloop
  endfacet
  facet normal 0 1 0
    outer loop
      vertex -11.360362969338894 19.67672585695982 0
      vertex -11.360362969338894 19.67672585695982 17.5
      vertex 11.360362969338894 19.67672585695982 17.5
    endloop
  endfacet
  facet normal 0 0 1
    outer loop
      vertex -10.35 17.92672585833788 17.5
      vertex 0 17.92672585833788 17.5
      vertex -11.360362969338894 19.67672585695982 17.5
    endloop
  endfacet
  facet normal 0 0 1
    outer loop
      vertex -11.360362969338894 19.67672585695982 17.5
      vertex 0 17.92672585833788 17.5
      vertex 1 17.92672585833788 17.5
    endloop
  endfacet
  facet normal 0 0 1
    outer loop
      vertex -11.360362969338894 19.67672585695982 17.5
      vertex 1 17.92672585833788 17.5
      vertex 10.35 17.92672585833788 17.5
    endloop
  endfacet
  facet normal 0 0 -1
    outer loop
      vertex -11.360362969338894 -19.67672585695982 0
      vertex 11.360362969338894 19.67672585695982 0
      vertex 11.360362969338894 -19.67672585695982 0
    endloop
  endfacet
  facet normal 0.8660254036605 -0.5000000002146681 -4.917922923828059e-15
    outer loop
      vertex 11.360362969338894 -19.67672585695982 0
      vertex 16.69672216620177 -10.433880605846944 2.6522409349774265
      vertex 16.52383536547303 -10.733329328495742 2.8370607753949093
    endloop
  endfacet
  facet normal 0.8660254036604987 -0.5000000002146702 3.734313232327424e-15
    outer loop
      vertex 11.360362969338894 -19.67672585695982 0
      vertex 16.372298817241024 -10.995798329086934 3.085786437626905
      vertex 16.24793598607163 -11.211201071122122 3.3888595339607956
    endloop
  endfacet
  facet normal 0.8660254036604991 -0.5000000002146697 4.145024190303472e-15
    outer loop
      vertex 11.360362969338894 -19.67672585695982 0
      vertex 16.52383536547303 -10.733329328495742 2.8370607753949093
      vertex 16.372298817241024 -10.995798329086934 3.085786437626905
    endloop
  endfacet
  facet normal 0.8660254036604996 -0.5000000002146686 -3.2154713509854477e-15
    outer loop
      vertex 11.360362969338894 -19.67672585695982 0
      vertex 16.88431527663127 -10.108959807619172 2.538429439193539
      vertex 16.69672216620177 -10.433880605846944 2.6522409349774265
    endloop
  endfacet
  facet normal 0.8660254036604976 -0.500000000214672 1.5064395193674394e-14
    outer loop
      vertex 11.360362969338894 -19.67672585695982 0
      vertex 17.07940559873116 -9.771053457870623 2.5
      vertex 16.88431527663127 -10.108959807619172 2.538429439193539
    endloop
  endfacet
  facet normal 0.8660254036604954 -0.5000000002146762 3.977716747168439e-14
    outer loop
      vertex 11.360362969338894 -19.67672585695982 0
      vertex 17.27449592083105 -9.433147108122075 2.538429439193539
      vertex 17.07940559873116 -9.771053457870623 2.5
    endloop
  endfacet
  facet normal 0.8660254036604993 -0.5000000002146694 -1.766112318841719e-15
    outer loop
      vertex 11.360362969338894 -19.67672585695982 0
      vertex 16.155526065823217 -11.371259748024144 3.7346331352698203
      vertex 16.098620317906843 -11.46982339460159 4.109819355967743
    endloop
  endfacet
  facet normal 0.8660254036605008 -0.5000000002146667 -7.094225709772569e-15
    outer loop
      vertex 11.360362969338894 -19.67672585695982 0
      vertex 16.24793598607163 -11.211201071122122 3.3888595339607956
      vertex 16.155526065823217 -11.371259748024144 3.7346331352698203
    endloop
  endfacet
  facet normal 0.8660254036604985 -0.5000000002146707 3.685874502495315e-15
    outer loop
      vertex 11.360362969338894 -19.67672585695982 0
      vertex 16.098620317906843 -11.46982339460159 4.109819355967743
      vertex 16.079405598301822 -11.503104265191622 4.5
    endloop
  endfacet
  facet normal 0.8660254036604998 -0.5000000002146684 -4.0491083391654636e-15
    outer loop
      vertex 11.360362969338894 -19.67672585695982 0
      vertex 16.079405598301822 -11.503104265191622 4.5
      vertex 16.098620317906843 -11.46982339460159 4.890180644032257
    endloop
  endfacet
  facet normal 0.8660254036604992 -0.5000000002146695 0
    outer loop
      vertex 11.360362969338894 -19.67672585695982 0
      vertex 16.098620317906843 -11.46982339460159 4.890180644032257
      vertex 16.155526065823217 -11.371259748024146 5.265366864730179
    endloop
  endfacet
  facet normal 0.8660254036604983 -0.5000000002146712 9.098101568302974e-15
    outer loop
      vertex 11.360362969338894 -19.67672585695982 0
      vertex 16.155526065823217 -11.371259748024146 5.265366864730179
      vertex 16.247935986071635 -11.21120107112212 5.611140466039204
    endloop
  endfacet
  facet normal 0.866025403660497 -0.5000000002146734 4.53456155621195e-15
    outer loop
      vertex 11.360362969338894 -19.67672585695982 0
      vertex 16.247935986071635 -11.21120107112212 5.611140466039204
      vertex 16.372298817241024 -10.995798329086934 5.914213562373095
    endloop
  endfacet
  facet normal 0.8660254036604993 -0.5000000002146692 0
    outer loop
      vertex 11.360362969338894 -19.67672585695982 0
      vertex 14.777404735371492 -13.758235909994523 8
      vertex 14.777404735371492 -13.758235909994523 10
    endloop
  endfacet
  facet normal 0.8660254036604996 -0.5000000002146687 -6.45945024233615e-16
    outer loop
      vertex 11.360362969338894 -19.67672585695982 0
      vertex 17.527417156738892 -8.995074677467347 8
      vertex 14.777404735371492 -13.758235909994523 8
    endloop
  endfacet
  facet normal 0.8660254036604992 -0.5000000002146695 0
    outer loop
      vertex 11.360362969338894 -19.67672585695982 0
      vertex 16.372298817241024 -10.995798329086934 5.914213562373095
      vertex 17.527417156738892 -8.995074677467347 8
    endloop
  endfacet
  facet normal 0.8660254036604742 -0.5000000002147128 5.692896587820544e-14
    outer loop
      vertex 16.372298817241024 -10.995798329086934 5.914213562373095
      vertex 16.52383536547303 -10.733329328495742 6.162939224605091
      vertex 17.527417156738892 -8.995074677467347 8
    endloop
  endfacet
  facet normal 0.8660254036605012 -0.5000000002146661 -2.941060852892888e-15
    outer loop
      vertex 16.52383536547303 -10.733329328495742 6.162939224605091
      vertex 16.69672216620177 -10.433880605846946 6.347759065022574
      vertex 17.527417156738892 -8.995074677467347 8
    endloop
  endfacet
  facet normal 0.8660254036604959 -0.5000000002146753 7.988833547114072e-15
    outer loop
      vertex 16.69672216620177 -10.433880605846946 6.347759065022574
      vertex 16.884315276631273 -10.108959807619172 6.461570560806461
      vertex 17.527417156738892 -8.995074677467347 8
    endloop
  endfacet
  facet normal 0.8660254036604993 -0.5000000002146692 -7.391867186333786e-16
    outer loop
      vertex 11.360362969338894 -19.67672585695982 0
      vertex 22.72072594612837 0 0
      vertex 17.27449592083105 -9.433147108122075 2.538429439193539
    endloop
  endfacet
  facet normal 0.8660254036605001 -0.5000000002146677 6.178961085057213e-15
    outer loop
      vertex 17.27449592083105 -9.433147108122075 2.538429439193539
      vertex 22.72072594612837 0 0
      vertex 17.46208903126055 -9.1082263098943 2.6522409349774265
    endloop
  endfacet
  facet normal 0.8660254036604996 -0.5000000002146685 2.4836546322731942e-15
    outer loop
      vertex 17.46208903126055 -9.1082263098943 2.6522409349774265
      vertex 22.72072594612837 0 0
      vertex 17.63497583198929 -8.808777587245505 2.8370607753949093
    endloop
  endfacet
  facet normal 0.8660254036604988 -0.5000000002146702 -3.9302829409341524e-15
    outer loop
      vertex 17.63497583198929 -8.808777587245505 2.8370607753949093
      vertex 22.72072594612837 0 0
      vertex 17.786512380221296 -8.546308586654312 3.085786437626905
    endloop
  endfacet
  facet normal 0.8660254036605002 -0.5000000002146678 4.549163318995992e-15
    outer loop
      vertex 17.786512380221296 -8.546308586654312 3.085786437626905
      vertex 22.72072594612837 0 0
      vertex 17.910875211390685 -8.330905844619124 3.3888595339607956
    endloop
  endfacet
  facet normal 0.8660254036604993 -0.5000000002146693 -1.685319349791133e-16
    outer loop
      vertex 17.910875211390685 -8.330905844619124 3.3888595339607956
      vertex 22.72072594612837 0 0
      vertex 18.003285131639103 -8.170847167717103 3.7346331352698203
    endloop
  endfacet
  facet normal 0.8660254036604997 -0.5000000002146686 1.8060913129379143e-15
    outer loop
      vertex 18.003285131639103 -8.170847167717103 3.7346331352698203
      vertex 22.72072594612837 0 0
      vertex 18.060190879555478 -8.072283521139656 4.109819355967743
    endloop
  endfacet
  facet normal 0.8660254036604991 -0.5000000002146696 -8.264856242955904e-16
    outer loop
      vertex 18.060190879555478 -8.072283521139656 4.109819355967743
      vertex 22.72072594612837 0 0
      vertex 18.0794055991605 -8.039002650549623 4.5
    endloop
  endfacet
  facet normal 0.8660254036604994 -0.5000000002146688 9.013185506492886e-16
    outer loop
      vertex 18.0794055991605 -8.039002650549623 4.5
      vertex 22.72072594612837 0 0
      vertex 18.060190879555478 -8.072283521139656 4.890180644032257
    endloop
  endfacet
  facet normal 0.8660254036604994 -0.5000000002146691 3.964302448651903e-16
    outer loop
      vertex 18.060190879555478 -8.072283521139656 4.890180644032257
      vertex 22.72072594612837 0 0
      vertex 18.003285131639103 -8.1708471677171 5.265366864730179
    endloop
  endfacet
  facet normal 0.8660254036605054 -0.5000000002146588 4.066593279936442e-15
    outer loop
      vertex 17.910875211390685 -8.330905844619123 5.611140466039204
      vertex 17.527417156738892 -8.995074677467347 8
      vertex 17.786512380221296 -8.54630858665431 5.914213562373095
    endloop
  endfacet
  facet normal 0.8660254036604993 -0.5000000002146692 1.574076272418908e-16
    outer loop
      vertex 18.003285131639103 -8.1708471677171 5.265366864730179
      vertex 17.527417156738892 -8.995074677467347 8
      vertex 17.910875211390685 -8.330905844619123 5.611140466039204
    endloop
  endfacet
  facet normal 0.8660254036604994 -0.5000000002146692 2.136101958023708e-16
    outer loop
      vertex 18.003285131639103 -8.1708471677171 5.265366864730179
      vertex 22.72072594612837 0 0
      vertex 17.527417156738892 -8.995074677467347 8
    endloop
  endfacet
  facet normal 0.8660254036604995 -0.500000000214669 1.5620271970618012e-15
    outer loop
      vertex 16.884315276631273 -10.108959807619172 6.461570560806461
      vertex 17.07940559873116 -9.771053457870625 6.5
      vertex 17.527417156738892 -8.995074677467347 8
    endloop
  endfacet
  facet normal 0.8660254036604981 -0.5000000002146712 3.26955280900969e-15
    outer loop
      vertex 17.07940559873116 -9.771053457870625 6.5
      vertex 17.27449592083105 -9.433147108122075 6.461570560806461
      vertex 17.527417156738892 -8.995074677467347 8
    endloop
  endfacet
  facet normal 0.866025403660499 -0.5000000002146697 9.100035171103384e-16
    outer loop
      vertex 17.63497583198929 -8.808777587245505 6.162939224605091
      vertex 17.786512380221296 -8.54630858665431 5.914213562373095
      vertex 17.527417156738892 -8.995074677467347 8
    endloop
  endfacet
  facet normal 0.8660254036605002 -0.5000000002146677 1.945786012723333e-15
    outer loop
      vertex 17.27449592083105 -9.433147108122075 6.461570560806461
      vertex 17.46208903126055 -9.108226309894302 6.347759065022574
      vertex 17.527417156738892 -8.995074677467347 8
    endloop
  endfacet
  facet normal 0.866025403660502 -0.5000000002146644 1.631449336753749e-15
    outer loop
      vertex 17.63497583198929 -8.808777587245505 6.162939224605091
      vertex 17.527417156738892 -8.995074677467347 8
      vertex 17.46208903126055 -9.108226309894302 6.347759065022574
    endloop
  endfacet
  facet normal 0.8660254036604993 -0.5000000002146695 -1.9737407167683819e-16
    outer loop
      vertex 17.527417156738892 -8.995074677467347 8
      vertex 22.72072594612837 0 0
      vertex 19.777404737518182 -5.09798187338953 8
    endloop
  endfacet
  facet normal 0.8660254036604992 -0.5000000002146692 0
    outer loop
      vertex 19.777404737518182 -5.09798187338953 8
      vertex 22.72072594612837 0 0
      vertex 22.72072594612837 0 17.5
    endloop
  endfacet
  facet normal 0 -1 0
    outer loop
      vertex -11.360362969338894 -19.67672585695982 17.5
      vertex 11.360362969338894 -19.67672585695982 0
      vertex 11.360362969338894 -19.67672585695982 17.5
    endloop
  endfacet
  facet normal 0 0 1
    outer loop
      vertex -11.360362969338894 -19.67672585695982 17.5
      vertex 11.360362969338894 -19.67672585695982 17.5
      vertex 1 -18.841611528946448 17.5
    endloop
  endfacet
  facet normal 0 0 1
    outer loop
      vertex 1 -18.841611528946448 17.5
      vertex 10.35 -17.92672585833788 17.5
      vertex 1 -17.92672585833788 17.5
    endloop
  endfacet
  facet normal 0 0 1
    outer loop
      vertex 1 -18.841611528946448 17.5
      vertex 11.360362969338894 -19.67672585695982 17.5
      vertex 10.35 -17.92672585833788 17.5
    endloop
  endfacet
  facet normal 0.8660254036604993 -0.5000000002146693 0
    outer loop
      vertex 11.360362969338894 -19.67672585695982 0
      vertex 14.777404735371492 -13.758235909994523 10
      vertex 11.360362969338894 -19.67672585695982 17.5
    endloop
  endfacet
  facet normal 0.8660254036604995 -0.5000000002146692 1.894780628693601e-16
    outer loop
      vertex 11.360362969338894 -19.67672585695982 17.5
      vertex 14.777404735371492 -13.758235909994523 10
      vertex 19.777404737518182 -5.09798187338953 10
    endloop
  endfacet
  facet normal 0 0 1
    outer loop
      vertex 11.360362969338894 -19.67672585695982 17.5
      vertex 15.524999999999999 -8.96336292916894 17.5
      vertex 10.35 -17.92672585833788 17.5
    endloop
  endfacet
  facet normal 0 0 1
    outer loop
      vertex 11.360362969338894 -19.67672585695982 17.5
      vertex 16.025 -8.097337525384502 17.5
      vertex 15.524999999999999 -8.96336292916894 17.5
    endloop
  endfacet
  facet normal 0.8660254036604993 -0.5000000002146693 0
    outer loop
      vertex 19.777404737518182 -5.09798187338953 8
      vertex 22.72072594612837 0 17.5
      vertex 19.777404737518182 -5.09798187338953 10
    endloop
  endfacet
  facet normal 0 0 1
    outer loop
      vertex 11.360362969338894 -19.67672585695982 17.5
      vertex 20.7 0 17.5
      vertex 16.025 -8.097337525384502 17.5
    endloop
  endfacet
  facet normal 0.8660254036604994 -0.5000000002146692 0
    outer loop
      vertex 11.360362969338894 -19.67672585695982 17.5
      vertex 19.777404737518182 -5.09798187338953 10
      vertex 22.72072594612837 0 17.5
    endloop
  endfacet
  facet normal 0 0 1
    outer loop
      vertex 11.360362969338894 -19.67672585695982 17.5
      vertex 22.72072594612837 0 17.5
      vertex 20.7 0 17.5
    endloop
  endfacet
  facet normal 0 1 0
    outer loop
      vertex -11.360362969338894 19.67672585695982 0
      vertex 11.360362969338894 19.67672585695982 17.5
      vertex 11.360362969338894 19.67672585695982 0
    endloop
  endfacet
  facet normal 0 0 -1
    outer loop
      vertex 11.360362969338894 -19.67672585695982 0
      vertex 11.360362969338894 19.67672585695982 0
      vertex 22.72072594612837 0 0
    endloop
  endfacet
  facet normal 0.8660254036604994 0.5000000002146692 0
    outer loop
      vertex 11.360362969338894 19.67672585695982 0
      vertex 22.72072594612837 0 17.5
      vertex 22.72072594612837 0 0
    endloop
  endfacet
  facet normal 0 0 1
    outer loop
      vertex -11.360362969338894 19.67672585695982 17.5
      vertex 10.35 17.92672585833788 17.5
      vertex 11.360362969338894 19.67672585695982 17.5
    endloop
  endfacet
  facet normal 0 0 1
    outer loop
      vertex 11.360362969338894 19.67672585695982 17.5
      vertex 16.025 8.0973375253845 17.5
      vertex 20.7 0 17.5
    endloop
  endfacet
  facet normal 0 0 1
    outer loop
      vertex 11.360362969338894 19.67672585695982 17.5
      vertex 20.7 0 17.5
      vertex 22.72072594612837 0 17.5
    endloop
  endfacet
  facet normal 0.8660254036604994 0.5000000002146692 0
    outer loop
      vertex 11.360362969338894 19.67672585695982 0
      vertex 11.360362969338894 19.67672585695982 17.5
      vertex 22.72072594612837 0 17.5
    endloop
  endfacet
  facet normal 0 0 1
    outer loop
      vertex 11.360362969338894 19.67672585695982 17.5
      vertex 15.524999999999999 8.963362929168941 17.5
      vertex 16.025 8.0973375253845 17.5
    endloop
  endfacet
  facet normal 0 0 1
    outer loop
      vertex 10.35 17.92672585833788 17.5
      vertex 15.524999999999999 8.963362929168941 17.5
      vertex 11.360362969338894 19.67672585695982 17.5
    endloop
  endfacet
  facet normal 0 0 1
    outer loop
      vertex -10.35 -17.92672585833788 3.75
      vertex -15.926210276237958 7.145756743063452 3.75
      vertex -20.7 0 3.75
    endloop
  endfacet
  facet normal 0.8660254037844387 0.4999999999999997 -9.349246523159209e-16
    outer loop
      vertex -15.024999999999999 -9.829388332953378 8.5
      vertex -20.7 0 3.75
      vertex -15.524999999999999 -8.96336292916894 8.5
    endloop
  endfacet
  facet normal 0.8660254037844386 0.5 -7.226470742538523e-17
    outer loop
      vertex -15.024999999999999 -9.829388332953378 8.5
      vertex -10.35 -17.92672585833788 3.75
      vertex -20.7 0 3.75
    endloop
  endfacet
  facet normal 0 0 1
    outer loop
      vertex -10.35 -17.92672585833788 3.75
      vertex 10.35 -17.92672585833788 3.75
      vertex -6.830127018922193 -1.8301270189221928 3.75
    endloop
  endfacet
  facet normal 0 1 0
    outer loop
      vertex -10.35 -17.92672585833788 3.75
      vertex 0 -17.92672585833788 8.5
      vertex 1 -17.92672585833788 8.5
    endloop
  endfacet
  facet normal 0 0 1
    outer loop
      vertex -10.35 -17.92672585833788 3.75
      vertex -6.830127018922193 -1.8301270189221928 3.75
      vertex -15.926210276237958 7.145756743063452 3.75
    endloop
  endfacet
  facet normal 0 0 1
    outer loop
      vertex -15.926210276237958 7.145756743063452 3.75
      vertex -5.256337295160151 0.8957567430634519 3.75
      vertex 14.637650865318959 -10.500296714488778 3.75
    endloop
  endfacet
  facet normal 0.8660254037844386 0.4999999999999999 0
    outer loop
      vertex -15.024999999999999 -9.829388332953378 8.5
      vertex -10.35 -17.92672585833788 17.5
      vertex -10.35 -17.92672585833788 3.75
    endloop
  endfacet
  facet normal 0.8660254037844386 0.4999999999999999 0
    outer loop
      vertex -15.024999999999999 -9.829388332953378 8.5
      vertex -15.024999999999999 -9.829388332953378 17.5
      vertex -10.35 -17.92672585833788 17.5
    endloop
  endfacet
  facet normal 0.8660254037844386 0.5000000000000001 0
    outer loop
      vertex -15.524999999999999 -8.96336292916894 8.5
      vertex -20.7 0 3.75
      vertex -15.524999999999999 -8.96336292916894 17.5
    endloop
  endfacet
  facet normal 0.8660254037844386 0.5000000000000001 0
    outer loop
      vertex -15.524999999999999 -8.96336292916894 17.5
      vertex -20.7 0 3.75
      vertex -20.7 0 17.5
    endloop
  endfacet
  facet normal 0 1 0
    outer loop
      vertex -10.35 -17.92672585833788 3.75
      vertex -10.35 -17.92672585833788 17.5
      vertex 0 -17.92672585833788 17.5
    endloop
  endfacet
  facet normal 0 1 0
    outer loop
      vertex -10.35 -17.92672585833788 3.75
      vertex 0 -17.92672585833788 17.5
      vertex 0 -17.92672585833788 8.5
    endloop
  endfacet
  facet normal 0 0 1
    outer loop
      vertex -20.7 0 3.75
      vertex -15.926210276237958 7.145756743063452 3.75
      vertex -14.073789723762042 10.354243256936547 3.75
    endloop
  endfacet
  facet normal 0 0 1
    outer loop
      vertex -20.7 0 3.75
      vertex -14.073789723762042 10.354243256936547 3.75
      vertex -10.35 17.92672585833788 3.75
    endloop
  endfacet
  facet normal 0.8660254037844386 -0.5000000000000001 0
    outer loop
      vertex -20.7 0 3.75
      vertex -10.35 17.92672585833788 3.75
      vertex -15.524999999999999 8.963362929168941 8.5
    endloop
  endfacet
  facet normal 0.8660254037844385 -0.5000000000000004 -1.4958794437054756e-15
    outer loop
      vertex -10.35 17.92672585833788 3.75
      vertex -15.024999999999999 9.829388332953378 8.5
      vertex -15.524999999999999 8.963362929168941 8.5
    endloop
  endfacet
  facet normal 0 0 1
    outer loop
      vertex -6.830127018922193 -1.8301270189221928 3.75
      vertex -5.256337295160151 0.8957567430634519 3.75
      vertex -15.926210276237958 7.145756743063452 3.75
    endloop
  endfacet
  facet normal 0 0 1
    outer loop
      vertex -14.073789723762042 10.354243256936547 3.75
      vertex -3.365055601127315 4.171552728553259 3.75
      vertex -1.8301270189221928 6.830127018922193 3.75
    endloop
  endfacet
  facet normal 0 0 1
    outer loop
      vertex -1.8301270189221928 6.830127018922193 3.75
      vertex 6.830127018922193 1.8301270189221928 3.75
      vertex -10.35 17.92672585833788 3.75
    endloop
  endfacet
  facet normal 0 0 1
    outer loop
      vertex -14.073789723762042 10.354243256936547 3.75
      vertex -1.8301270189221928 6.830127018922193 3.75
      vertex -10.35 17.92672585833788 3.75
    endloop
  endfacet
  facet normal 0.8660254037844386 -0.5 0
    outer loop
      vertex -20.7 0 3.75
      vertex -15.524999999999999 8.963362929168941 17.5
      vertex -20.7 0 17.5
    endloop
  endfacet
  facet normal 0.8660254037844386 -0.5000000000000001 0
    outer loop
      vertex -20.7 0 3.75
      vertex -15.524999999999999 8.963362929168941 8.5
      vertex -15.524999999999999 8.963362929168941 17.5
    endloop
  endfacet
  facet normal 0.8660254037844386 -0.5 0
    outer loop
      vertex -10.35 17.92672585833788 3.75
      vertex -10.35 17.92672585833788 17.5
      vertex -15.024999999999999 9.829388332953378 8.5
    endloop
  endfacet
  facet normal 0.8660254037844386 -0.4999999999999999 0
    outer loop
      vertex -10.35 17.92672585833788 17.5
      vertex -15.024999999999999 9.829388332953378 17.5
      vertex -15.024999999999999 9.829388332953378 8.5
    endloop
  endfacet
  facet normal 0 -1 0
    outer loop
      vertex -10.35 17.92672585833788 3.75
      vertex 0 17.92672585833788 8.5
      vertex -10.35 17.92672585833788 17.5
    endloop
  endfacet
  facet normal 0 -1 0
    outer loop
      vertex -10.35 17.92672585833788 17.5
      vertex 0 17.92672585833788 8.5
      vertex 0 17.92672585833788 17.5
    endloop
  endfacet
  facet normal 0 0 1
    outer loop
      vertex 10.35 -17.92672585833788 3.75
      vertex 14.637650865318959 -10.500296714488778 3.75
      vertex 1.8301270189221928 -6.830127018922193 3.75
    endloop
  endfacet
  facet normal 0 1 0
    outer loop
      vertex -10.35 -17.92672585833788 3.75
      vertex 1 -17.92672585833788 8.5
      vertex 10.35 -17.92672585833788 3.75
    endloop
  endfacet
  facet normal 0 0 1
    outer loop
      vertex -6.830127018922193 -1.8301270189221928 3.75
      vertex 10.35 -17.92672585833788 3.75
      vertex 1.8301270189221928 -6.830127018922193 3.75
    endloop
  endfacet
  facet normal 0 0 1
    outer loop
      vertex -5.256337295160151 0.8957567430634519 3.75
      vertex 3.4039167426842343 -4.104243256936548 3.75
      vertex 14.637650865318959 -10.500296714488778 3.75
    endloop
  endfacet
  facet normal 0 0 1
    outer loop
      vertex 1.8301270189221928 -6.830127018922193 3.75
      vertex 14.637650865318959 -10.500296714488778 3.75
      vertex 3.4039167426842343 -4.104243256936548 3.75
    endloop
  endfacet
  facet normal 0 0 1
    outer loop
      vertex 5.29519843671707 -0.8284472714467417 3.75
      vertex 16.490071417794876 -7.2918102006156795 3.75
      vertex 6.830127018922193 1.8301270189221928 3.75
    endloop
  endfacet
  facet normal -0.8660254037844387 0.49999999999999983 3.4542004060173303e-15
    outer loop
      vertex 10.35 -17.92672585833788 3.75
      vertex 14.583075861153688 -10.594823394526312 4.109819355967743
      vertex 14.637650865318959 -10.500296714488778 3.75
    endloop
  endfacet
  facet normal -0.8660254037844386 0.5 -1.0710118782285271e-15
    outer loop
      vertex 10.35 -17.92672585833788 3.75
      vertex 14.563861141556918 -10.628104265121106 4.5
      vertex 14.583075861153688 -10.594823394526312 4.109819355967743
    endloop
  endfacet
  facet normal -0.8660254037844386 0.4999999999999998 1.0899526209624904e-15
    outer loop
      vertex 10.35 -17.92672585833788 3.75
      vertex 14.583075861153688 -10.594823394526312 4.890180644032257
      vertex 14.563861141556918 -10.628104265121106 4.5
    endloop
  endfacet
  facet normal -0.8660254037844387 0.5 0
    outer loop
      vertex 10.35 -17.92672585833788 3.75
      vertex 14.63998160904563 -10.496259747934761 5.265366864730179
      vertex 14.583075861153688 -10.594823394526312 4.890180644032257
    endloop
  endfacet
  facet normal -0.8660254037844387 0.49999999999999994 1.2853629436224852e-16
    outer loop
      vertex 10.35 -17.92672585833788 3.75
      vertex 13.261860279185587 -12.883235910246746 8
      vertex 14.63998160904563 -10.496259747934761 5.265366864730179
    endloop
  endfacet
  facet normal -0.8660254037844378 0.5000000000000016 2.093395357414465e-15
    outer loop
      vertex 14.63998160904563 -10.496259747934761 5.265366864730179
      vertex 13.261860279185587 -12.883235910246746 8
      vertex 14.732391529254375 -10.336201071009832 5.611140466039204
    endloop
  endfacet
  facet normal -0.86602540378444 0.4999999999999976 -3.5499572068523625e-15
    outer loop
      vertex 14.732391529254375 -10.336201071009832 5.611140466039204
      vertex 13.261860279185587 -12.883235910246746 8
      vertex 14.85675436037037 -10.120798328943817 5.914213562373095
    endloop
  endfacet
  facet normal -0.8660254037844386 0.5000000000000001 0
    outer loop
      vertex 10.35 -17.92672585833788 3.75
      vertex 13.261860279185587 -12.883235910246746 10
      vertex 13.261860279185587 -12.883235910246746 8
    endloop
  endfacet
  facet normal -0.866025403784438 0.5000000000000009 2.297505268464589e-15
    outer loop
      vertex 14.85675436037037 -10.120798328943817 5.914213562373095
      vertex 13.261860279185587 -12.883235910246746 8
      vertex 15.008290908537315 -9.858329328315062 6.162939224605091
    endloop
  endfacet
  facet normal -0.8660254037844389 0.49999999999999933 -1.0402187469771554e-15
    outer loop
      vertex 15.008290908537315 -9.858329328315062 6.162939224605091
      vertex 13.261860279185587 -12.883235910246746 8
      vertex 15.181177709191829 -9.558880605623411 6.347759065022574
    endloop
  endfacet
  facet normal -0.8660254037844377 0.5000000000000016 5.883207436762057e-15
    outer loop
      vertex 13.261860279185587 -12.883235910246746 8
      vertex 15.36877081954079 -9.233959807349137 6.461570560806461
      vertex 15.181177709191829 -9.558880605623411 6.347759065022574
    endloop
  endfacet
  facet normal -0.8660254037844402 0.4999999999999972 -6.991694210156853e-15
    outer loop
      vertex 13.261860279185587 -12.883235910246746 8
      vertex 15.563861141556917 -8.896053457552231 6.5
      vertex 15.36877081954079 -9.233959807349137 6.461570560806461
    endloop
  endfacet
  facet normal -0.8660254037844382 0.5000000000000008 0
    outer loop
      vertex 13.261860279185587 -12.883235910246746 8
      vertex 15.758951463573046 -8.558147107755321 6.461570560806461
      vertex 15.563861141556917 -8.896053457552231 6.5
    endloop
  endfacet
  facet normal -0.8660254037844386 0.5000000000000001 3.71952109427894e-15
    outer loop
      vertex 16.490071417794876 -7.2918102006156795 3.75
      vertex 16.54464642196015 -7.197283520578147 4.109819355967743
      vertex 20.7 0 3.75
    endloop
  endfacet
  facet normal -0.8660254037844386 0.5000000000000001 3.1194613637112294e-15
    outer loop
      vertex 16.54464642196015 -7.197283520578147 4.109819355967743
      vertex 16.56386114155692 -7.1640026499833525 4.5
      vertex 20.7 0 3.75
    endloop
  endfacet
  facet normal -0.8660254037844397 0.49999999999999833 4.182090359949704e-15
    outer loop
      vertex 16.270967922743466 -7.67130858616064 5.914213562373095
      vertex 18.261860279185587 -4.222981872402361 8
      vertex 16.39533075385946 -7.455905844094625 5.611140466039204
    endloop
  endfacet
  facet normal -0.8660254037844386 0.5000000000000001 9.237248295671905e-16
    outer loop
      vertex 13.261860279185587 -12.883235910246746 8
      vertex 18.261860279185587 -4.222981872402361 8
      vertex 15.758951463573046 -8.558147107755321 6.461570560806461
    endloop
  endfacet
  facet normal -0.866025403784438 0.5000000000000009 -2.32321517761551e-15
    outer loop
      vertex 15.758951463573046 -8.558147107755321 6.461570560806461
      vertex 18.261860279185587 -4.222981872402361 8
      vertex 15.946544573922006 -8.233226309481049 6.347759065022574
    endloop
  endfacet
  facet normal -0.8660254037844385 0.5000000000000003 -3.1117558299305554e-16
    outer loop
      vertex 15.946544573922006 -8.233226309481049 6.347759065022574
      vertex 18.261860279185587 -4.222981872402361 8
      vertex 16.11943137457652 -7.933777586789397 6.162939224605091
    endloop
  endfacet
  facet normal -0.8660254037844385 0.5000000000000001 1.3685187664000083e-16
    outer loop
      vertex 16.270967922743466 -7.67130858616064 5.914213562373095
      vertex 16.11943137457652 -7.933777586789397 6.162939224605091
      vertex 18.261860279185587 -4.222981872402361 8
    endloop
  endfacet
  facet normal -0.8660254037844372 0.5000000000000028 -3.909457359789294e-15
    outer loop
      vertex 16.39533075385946 -7.455905844094625 5.611140466039204
      vertex 18.261860279185587 -4.222981872402361 8
      vertex 16.487740674068206 -7.295847167169697 5.265366864730179
    endloop
  endfacet
  facet normal -0.8660254037844388 0.49999999999999967 -3.1756747316837086e-15
    outer loop
      vertex 16.56386114155692 -7.1640026499833525 4.5
      vertex 16.54464642196015 -7.197283520578147 4.890180644032257
      vertex 20.7 0 3.75
    endloop
  endfacet
  facet normal -0.8660254037844386 0.49999999999999983 -7.058949109396292e-16
    outer loop
      vertex 16.54464642196015 -7.197283520578147 4.890180644032257
      vertex 16.487740674068206 -7.295847167169697 5.265366864730179
      vertex 20.7 0 3.75
    endloop
  endfacet
  facet normal -0.8660254037844387 0.5000000000000001 1.8754524998712089e-16
    outer loop
      vertex 16.487740674068206 -7.295847167169697 5.265366864730179
      vertex 18.261860279185587 -4.222981872402361 8
      vertex 20.7 0 3.75
    endloop
  endfacet
  facet normal 0 1 0
    outer loop
      vertex 10.35 -17.92672585833788 3.75
      vertex 1 -17.92672585833788 8.5
      vertex 10.35 -17.92672585833788 17.5
    endloop
  endfacet
  facet normal -0.8660254037844386 0.5000000000000002 0
    outer loop
      vertex 10.35 -17.92672585833788 3.75
      vertex 10.35 -17.92672585833788 17.5
      vertex 13.261860279185587 -12.883235910246746 10
    endloop
  endfacet
  facet normal 0 1 0
    outer loop
      vertex 1 -17.92672585833788 8.5
      vertex 1 -17.92672585833788 17.5
      vertex 10.35 -17.92672585833788 17.5
    endloop
  endfacet
  facet normal -0.8660254037844386 0.5 -7.32421676991506e-17
    outer loop
      vertex 10.35 -17.92672585833788 17.5
      vertex 15.524999999999999 -8.963362929168941 12.5
      vertex 13.261860279185587 -12.883235910246746 10
    endloop
  endfacet
  facet normal -0.8660254037844387 0.49999999999999994 -1.3730294410823194e-16
    outer loop
      vertex 10.35 -17.92672585833788 17.5
      vertex 15.524999999999999 -8.96336292916894 17.5
      vertex 15.524999999999999 -8.963362929168941 12.5
    endloop
  endfacet
  facet normal -0.8660254037844386 0.5000000000000001 -1.4210854715202006e-16
    outer loop
      vertex 13.261860279185587 -12.883235910246746 10
      vertex 15.524999999999999 -8.963362929168941 12.5
      vertex 18.261860279185587 -4.222981872402361 10
    endloop
  endfacet
  facet normal -0.8660254037844388 0.49999999999999956 -7.105427357600995e-16
    outer loop
      vertex 18.261860279185587 -4.222981872402361 10
      vertex 15.524999999999999 -8.963362929168941 12.5
      vertex 16.025 -8.097337525384502 12.5
    endloop
  endfacet
  facet normal -0.8660254037844387 0.4999999999999999 0
    outer loop
      vertex 18.261860279185587 -4.222981872402361 8
      vertex 20.7 0 17.5
      vertex 20.7 0 3.75
    endloop
  endfacet
  facet normal -0.8660254037844387 0.4999999999999999 0
    outer loop
      vertex 18.261860279185587 -4.222981872402361 8
      vertex 18.261860279185587 -4.222981872402361 10
      vertex 20.7 0 17.5
    endloop
  endfacet
  facet normal -0.8660254037844386 0.5 0
    outer loop
      vertex 20.7 0 17.5
      vertex 16.025 -8.097337525384502 12.5
      vertex 16.025 -8.097337525384502 17.5
    endloop
  endfacet
  facet normal -0.8660254037844386 0.5000000000000001 -1.5533160756778086e-16
    outer loop
      vertex 18.261860279185587 -4.222981872402361 10
      vertex 16.025 -8.097337525384502 12.5
      vertex 20.7 0 17.5
    endloop
  endfacet
  facet normal 0 0 1
    outer loop
      vertex 16.490071417794876 -7.2918102006156795 3.75
      vertex 10.35 17.92672585833788 3.75
      vertex 6.830127018922193 1.8301270189221928 3.75
    endloop
  endfacet
  facet normal 0 0 1
    outer loop
      vertex -10.35 17.92672585833788 3.75
      vertex 6.830127018922193 1.8301270189221928 3.75
      vertex 10.35 17.92672585833788 3.75
    endloop
  endfacet
  facet normal 0 -1 0
    outer loop
      vertex -10.35 17.92672585833788 3.75
      vertex 10.35 17.92672585833788 3.75
      vertex 0 17.92672585833788 8.5
    endloop
  endfacet
  facet normal 0 -1 0
    outer loop
      vertex 10.35 17.92672585833788 3.75
      vertex 1 17.92672585833788 8.5
      vertex 0 17.92672585833788 8.5
    endloop
  endfacet
  facet normal 0 0 1
    outer loop
      vertex 16.490071417794876 -7.2918102006156795 3.75
      vertex 20.7 0 3.75
      vertex 10.35 17.92672585833788 3.75
    endloop
  endfacet
  facet normal -0.8660254037844386 -0.5000000000000001 0
    outer loop
      vertex 10.35 17.92672585833788 3.75
      vertex 20.7 0 3.75
      vertex 15.524999999999999 8.963362929168941 8.5
    endloop
  endfacet
  facet normal -0.8660254037844393 -0.49999999999999917 -1.4958794437054716e-15
    outer loop
      vertex 20.7 0 3.75
      vertex 16.025 8.0973375253845 8.5
      vertex 15.524999999999999 8.963362929168941 8.5
    endloop
  endfacet
  facet normal 0 -1 0
    outer loop
      vertex 10.35 17.92672585833788 3.75
      vertex 1 17.92672585833788 17.5
      vertex 1 17.92672585833788 8.5
    endloop
  endfacet
  facet normal 0 -1 0
    outer loop
      vertex 10.35 17.92672585833788 3.75
      vertex 10.35 17.92672585833788 17.5
      vertex 1 17.92672585833788 17.5
    endloop
  endfacet
  facet normal -0.8660254037844385 -0.5000000000000001 0
    outer loop
      vertex 20.7 0 3.75
      vertex 20.7 0 17.5
      vertex 16.025 8.0973375253845 17.5
    endloop
  endfacet
  facet normal -0.8660254037844386 -0.5000000000000002 0
    outer loop
      vertex 20.7 0 3.75
      vertex 16.025 8.0973375253845 17.5
      vertex 16.025 8.0973375253845 8.5
    endloop
  endfacet
  facet normal -0.8660254037844387 -0.5000000000000001 0
    outer loop
      vertex 10.35 17.92672585833788 3.75
      vertex 15.524999999999999 8.963362929168941 8.5
      vertex 10.35 17.92672585833788 17.5
    endloop
  endfacet
  facet normal -0.8660254037844386 -0.5 0
    outer loop
      vertex 15.524999999999999 8.963362929168941 8.5
      vertex 15.524999999999999 8.963362929168941 17.5
      vertex 10.35 17.92672585833788 17.5
    endloop
  endfacet
  facet normal 0.8660254037844387 -0.4999999999999998 -3.0079723220914046e-15
    outer loop
      vertex -15.38268343236509 8.087172851928816 2.6522409349774265
      vertex -15.195090322016128 8.412093650203094 2.538429439193539
      vertex -15.555570233019601 7.787724129237168 2.8370607753949093
    endloop
  endfacet
  facet normal 0.866025403784438 -0.500000000000001 -6.562777570676666e-15
    outer loop
      vertex -15.195090322016128 8.412093650203094 2.538429439193539
      vertex -15 8.75 2.5
      vertex -15.555570233019601 7.787724129237168 2.8370607753949093
    endloop
  endfacet
  facet normal 0.8660254037844386 -0.5 -3.823628562485587e-15
    outer loop
      vertex -15.555570233019601 7.787724129237168 2.8370607753949093
      vertex -15 8.75 2.5
      vertex -14.804909677983872 9.087906349796906 2.538429439193539
    endloop
  endfacet
  facet normal 0.866025403784439 -0.4999999999999995 5.222326519295988e-15
    outer loop
      vertex -15.707106781186548 7.525255128608411 3.085786437626905
      vertex -15.555570233019601 7.787724129237168 2.8370607753949093
      vertex -14.444429766980399 9.71227587076283 2.8370607753949093
    endloop
  endfacet
  facet normal 0.8660254037844386 -0.5000000000000001 -8.418431976391262e-16
    outer loop
      vertex -15.831469612302545 7.309852386542396 3.3888595339607956
      vertex -15.707106781186548 7.525255128608411 3.085786437626905
      vertex -14.292893218813452 9.97474487139159 3.085786437626905
    endloop
  endfacet
  facet normal 0.866025403784439 -0.4999999999999994 1.569719228684114e-15
    outer loop
      vertex -15.555570233019601 7.787724129237168 2.8370607753949093
      vertex -14.804909677983872 9.087906349796906 2.538429439193539
      vertex -14.61731656763491 9.412827148071184 2.6522409349774265
    endloop
  endfacet
  facet normal 0.8660254037844388 -0.4999999999999994 0
    outer loop
      vertex -15.555570233019601 7.787724129237168 2.8370607753949093
      vertex -14.61731656763491 9.412827148071184 2.6522409349774265
      vertex -14.444429766980399 9.71227587076283 2.8370607753949093
    endloop
  endfacet
  facet normal 0.8660254037844386 -0.5000000000000001 -2.5250188413920716e-15
    outer loop
      vertex -15.707106781186548 7.525255128608411 3.085786437626905
      vertex -14.444429766980399 9.71227587076283 2.8370607753949093
      vertex -14.292893218813452 9.97474487139159 3.085786437626905
    endloop
  endfacet
  facet normal 0.8660254037844386 -0.4999999999999999 -7.24057884286575e-16
    outer loop
      vertex -15.831469612302545 7.309852386542396 3.3888595339607956
      vertex -14.168530387697455 10.190147613457604 3.3888595339607956
      vertex -15.923879532511286 7.1497937096174695 3.7346331352698203
    endloop
  endfacet
  facet normal 0.8660254037844385 -0.5000000000000002 2.7925944483808294e-14
    outer loop
      vertex -15.926210276237958 7.145756743063452 3.75
      vertex -15.923879532511286 7.1497937096174695 3.7346331352698203
      vertex -14.073789723762042 10.354243256936547 3.75
    endloop
  endfacet
  facet normal 0.8660254037844387 -0.5 0
    outer loop
      vertex -15.831469612302545 7.309852386542396 3.3888595339607956
      vertex -14.292893218813452 9.97474487139159 3.085786437626905
      vertex -14.168530387697455 10.190147613457604 3.3888595339607956
    endloop
  endfacet
  facet normal 0.8660254037844387 -0.49999999999999983 0
    outer loop
      vertex -15.923879532511286 7.1497937096174695 3.7346331352698203
      vertex -14.168530387697455 10.190147613457604 3.3888595339607956
      vertex -14.076120467488714 10.35020629038253 3.7346331352698203
    endloop
  endfacet
  facet normal 0.8660254037844387 -0.49999999999999983 -6.256041234380019e-14
    outer loop
      vertex -15.923879532511286 7.1497937096174695 3.7346331352698203
      vertex -14.076120467488714 10.35020629038253 3.7346331352698203
      vertex -14.073789723762042 10.354243256936547 3.75
    endloop
  endfacet
  facet normal -0.04900857016478046 -0.084885333531704 0.9951847266721968
    outer loop
      vertex -15 8.75 2.5
      vertex -4.291265877365274 2.5673094716167095 2.5
      vertex -14.804909677983872 9.087906349796906 2.538429439193539
    endloop
  endfacet
  facet normal 0.04900857016477748 0.08488533353169883 0.9951847266721975
    outer loop
      vertex -15 8.75 2.5
      vertex -4.310696448143734 2.533654735808355 2.5038274883680023
      vertex -4.291265877365274 2.5673094716167095 2.5
    endloop
  endfacet
  facet normal -0.04900857016478041 -0.08488533353170391 0.9951847266721969
    outer loop
      vertex -14.804909677983872 9.087906349796906 2.538429439193539
      vertex -4.291265877365274 2.5673094716167095 2.5
      vertex -4.096175555349146 2.9052158214136172 2.538429439193539
    endloop
  endfacet
  facet normal -0.14514233862723083 -0.2513939048317306 0.9569403357322093
    outer loop
      vertex -14.804909677983872 9.087906349796906 2.538429439193539
      vertex -3.9085824450001843 3.2301366196878933 2.6522409349774265
      vertex -14.61731656763491 9.412827148071184 2.6522409349774265
    endloop
  endfacet
  facet normal -0.23569836841299918 -0.40824154935240203 0.8819212643483547
    outer loop
      vertex -14.61731656763491 9.412827148071184 2.6522409349774265
      vertex -3.9085824450001843 3.2301366196878933 2.6522409349774265
      vertex -14.444429766980399 9.71227587076283 2.8370607753949093
    endloop
  endfacet
  facet normal -0.317196642081822 -0.5494007000759561 0.7730104533627382
    outer loop
      vertex -14.444429766980399 9.71227587076283 2.8370607753949093
      vertex -3.735695644345672 3.5295853423795402 2.8370607753949093
      vertex -14.292893218813452 9.97474487139159 3.085786437626905
    endloop
  endfacet
  facet normal -0.3865052266813691 -0.6694466900030575 0.6343932841636439
    outer loop
      vertex -14.292893218813452 9.97474487139159 3.085786437626905
      vertex -3.584159096178726 3.7920543430082994 3.085786437626905
      vertex -14.168530387697455 10.190147613457604 3.3888595339607956
    endloop
  endfacet
  facet normal -0.44096063217417747 -0.763766219063367 0.4713967368259973
    outer loop
      vertex -14.168530387697455 10.190147613457604 3.3888595339607956
      vertex -3.459796265062729 4.007457085074314 3.3888595339607956
      vertex -14.076120467488714 10.35020629038253 3.7346331352698203
    endloop
  endfacet
  facet normal -0.4784701678661063 -0.8287346406501057 0.2902846772544499
    outer loop
      vertex -14.076120467488714 10.35020629038253 3.7346331352698203
      vertex -3.367386344853987 4.1675157619992405 3.7346331352698203
      vertex -14.073789723762042 10.354243256936547 3.75
    endloop
  endfacet
  facet normal -0.14514233862723128 -0.25139390483173146 0.9569403357322087
    outer loop
      vertex -14.804909677983872 9.087906349796906 2.538429439193539
      vertex -4.096175555349146 2.9052158214136172 2.538429439193539
      vertex -3.9085824450001843 3.2301366196878933 2.6522409349774265
    endloop
  endfacet
  facet normal -0.23569836841299852 -0.4082415493524009 0.8819212643483552
    outer loop
      vertex -14.444429766980399 9.71227587076283 2.8370607753949093
      vertex -3.9085824450001843 3.2301366196878933 2.6522409349774265
      vertex -3.735695644345672 3.5295853423795402 2.8370607753949093
    endloop
  endfacet
  facet normal -0.3171966420818224 -0.5494007000759566 0.7730104533627374
    outer loop
      vertex -14.292893218813452 9.97474487139159 3.085786437626905
      vertex -3.735695644345672 3.5295853423795402 2.8370607753949093
      vertex -3.584159096178726 3.7920543430082994 3.085786437626905
    endloop
  endfacet
  facet normal -0.3865052266813688 -0.6694466900030568 0.6343932841636446
    outer loop
      vertex -14.168530387697455 10.190147613457604 3.3888595339607956
      vertex -3.584159096178726 3.7920543430082994 3.085786437626905
      vertex -3.459796265062729 4.007457085074314 3.3888595339607956
    endloop
  endfacet
  facet normal -0.44096063217417775 -0.7637662190633674 0.47139673682599664
    outer loop
      vertex -14.076120467488714 10.35020629038253 3.7346331352698203
      vertex -3.459796265062729 4.007457085074314 3.3888595339607956
      vertex -3.367386344853987 4.1675157619992405 3.7346331352698203
    endloop
  endfacet
  facet normal -0.47847016786609436 -0.8287346406500854 0.29028467725452795
    outer loop
      vertex -14.073789723762042 10.354243256936547 3.75
      vertex -3.367386344853987 4.1675157619992405 3.7346331352698203
      vertex -3.365055601127315 4.171552728553259 3.75
    endloop
  endfacet
  facet normal 0.1451423386272308 0.2513939048317306 0.9569403357322092
    outer loop
      vertex -15.38268343236509 8.087172851928816 2.6522409349774265
      vertex 16.69672216620177 -10.433880605846944 2.6522409349774265
      vertex -15.195090322016128 8.412093650203094 2.538429439193539
    endloop
  endfacet
  facet normal 0.049008570164780475 0.08488533353170398 0.9951847266721969
    outer loop
      vertex -15.195090322016128 8.412093650203094 2.538429439193539
      vertex 16.88431527663127 -10.108959807619172 2.538429439193539
      vertex -15 8.75 2.5
    endloop
  endfacet
  facet normal 0.3171966420818225 0.5494007000759569 0.7730104533627373
    outer loop
      vertex -15.707106781186548 7.525255128608411 3.085786437626905
      vertex 16.372298817241024 -10.995798329086934 3.085786437626905
      vertex -15.555570233019601 7.787724129237168 2.8370607753949093
    endloop
  endfacet
  facet normal 0.23569836841299882 0.40824154935240126 0.881921264348355
    outer loop
      vertex -15.38268343236509 8.087172851928816 2.6522409349774265
      vertex -15.555570233019601 7.787724129237168 2.8370607753949093
      vertex 16.52383536547303 -10.733329328495742 2.8370607753949093
    endloop
  endfacet
  facet normal 0.38650522668136905 0.6694466900030573 0.6343932841636439
    outer loop
      vertex -15.831469612302545 7.309852386542396 3.3888595339607956
      vertex 16.24793598607163 -11.211201071122122 3.3888595339607956
      vertex -15.707106781186548 7.525255128608411 3.085786437626905
    endloop
  endfacet
  facet normal 0.4409606321741776 0.763766219063367 0.47139673682599736
    outer loop
      vertex -15.831469612302545 7.309852386542396 3.3888595339607956
      vertex -15.923879532511286 7.1497937096174695 3.7346331352698203
      vertex 16.155526065823217 -11.371259748024144 3.7346331352698203
    endloop
  endfacet
  facet normal 0.4784701678660995 0.8287346406500942 0.2902846772544937
    outer loop
      vertex -15.926210276237958 7.145756743063452 3.75
      vertex 16.155526065823217 -11.371259748024144 3.7346331352698203
      vertex -15.923879532511286 7.1497937096174695 3.7346331352698203
    endloop
  endfacet
  facet normal 0.04900857016478087 0.08488533353170466 0.9951847266721968
    outer loop
      vertex -15 8.75 2.5
      vertex 16.88431527663127 -10.108959807619172 2.538429439193539
      vertex -4.310696448143734 2.533654735808355 2.5038274883680023
    endloop
  endfacet
  facet normal 0.4409606321741751 0.7637662190633626 0.4713967368260066
    outer loop
      vertex -15.831469612302545 7.309852386542396 3.3888595339607956
      vertex 16.155526065823217 -11.371259748024144 3.7346331352698203
      vertex 16.24793598607163 -11.211201071122122 3.3888595339607956
    endloop
  endfacet
  facet normal 0.38650522668136716 0.669446690003054 0.6343932841636488
    outer loop
      vertex -15.707106781186548 7.525255128608411 3.085786437626905
      vertex 16.24793598607163 -11.211201071122122 3.3888595339607956
      vertex 16.372298817241024 -10.995798329086934 3.085786437626905
    endloop
  endfacet
  facet normal 0.0490085701647805 0.08488533353170405 0.9951847266721967
    outer loop
      vertex -4.310696448143734 2.533654735808355 2.5038274883680023
      vertex 16.88431527663127 -10.108959807619172 2.538429439193539
      vertex 4.349557589700652 -2.466345264191645 2.5038274883680023
    endloop
  endfacet
  facet normal 0.4784701678660559 0.8287346406500183 0.29028467725478224
    outer loop
      vertex -15.926210276237958 7.145756743063452 3.75
      vertex 14.637650865318959 -10.500296714488778 3.75
      vertex 16.155526065823217 -11.371259748024144 3.7346331352698203
    endloop
  endfacet
  facet normal 0.23569836841299657 0.4082415493523975 0.8819212643483574
    outer loop
      vertex -15.38268343236509 8.087172851928816 2.6522409349774265
      vertex 16.52383536547303 -10.733329328495742 2.8370607753949093
      vertex 16.69672216620177 -10.433880605846944 2.6522409349774265
    endloop
  endfacet
  facet normal 0.14514233862723286 0.25139390483173407 0.9569403357322079
    outer loop
      vertex -15.195090322016128 8.412093650203094 2.538429439193539
      vertex 16.69672216620177 -10.433880605846944 2.6522409349774265
      vertex 16.88431527663127 -10.108959807619172 2.538429439193539
    endloop
  endfacet
  facet normal 0.31719664208182574 0.5494007000759623 0.773010453362732
    outer loop
      vertex -15.555570233019601 7.787724129237168 2.8370607753949093
      vertex 16.372298817241024 -10.995798329086934 3.085786437626905
      vertex 16.52383536547303 -10.733329328495742 2.8370607753949093
    endloop
  endfacet
  facet normal 0.04900857016477857 0.08488533353170069 0.9951847266721973
    outer loop
      vertex 4.349557589700652 -2.466345264191645 2.5038274883680023
      vertex 17.07940559873116 -9.771053457870623 2.5
      vertex 4.368988160479112 -2.4326905283832896 2.5
    endloop
  endfacet
  facet normal -0.04900857016478027 -0.08488533353170365 0.9951847266721968
    outer loop
      vertex 4.368988160479112 -2.4326905283832896 2.5
      vertex 17.07940559873116 -9.771053457870623 2.5
      vertex 4.5640784824952405 -2.094784178586382 2.538429439193539
    endloop
  endfacet
  facet normal -0.14514233862723164 -0.251393904831732 0.9569403357322085
    outer loop
      vertex 4.5640784824952405 -2.094784178586382 2.538429439193539
      vertex 17.27449592083105 -9.433147108122075 2.538429439193539
      vertex 4.751671592844201 -1.7698633803121067 2.6522409349774265
    endloop
  endfacet
  facet normal -0.23569836841299827 -0.40824154935240037 0.8819212643483556
    outer loop
      vertex 4.751671592844201 -1.7698633803121067 2.6522409349774265
      vertex 17.46208903126055 -9.1082263098943 2.6522409349774265
      vertex 4.924558393498714 -1.4704146576204582 2.8370607753949093
    endloop
  endfacet
  facet normal -0.31719664208182313 -0.549400700075958 0.7730104533627361
    outer loop
      vertex 4.924558393498714 -1.4704146576204582 2.8370607753949093
      vertex 17.63497583198929 -8.808777587245505 2.8370607753949093
      vertex 5.0760949416656596 -1.207945656991701 3.085786437626905
    endloop
  endfacet
  facet normal -0.38650522668136983 -0.6694466900030585 0.6343932841636424
    outer loop
      vertex 5.0760949416656596 -1.207945656991701 3.085786437626905
      vertex 17.786512380221296 -8.546308586654312 3.085786437626905
      vertex 5.200457772781656 -0.9925429149256868 3.3888595339607956
    endloop
  endfacet
  facet normal -0.4784701678661025 -0.8287346406500995 0.2902846772544739
    outer loop
      vertex 5.292867692990399 -0.8324842380007592 3.7346331352698203
      vertex 16.490071417794876 -7.2918102006156795 3.75
      vertex 5.29519843671707 -0.8284472714467417 3.75
    endloop
  endfacet
  facet normal -0.4409606321741765 -0.763766219063365 0.47139673682600153
    outer loop
      vertex 5.200457772781656 -0.9925429149256868 3.3888595339607956
      vertex 17.910875211390685 -8.330905844619124 3.3888595339607956
      vertex 5.292867692990399 -0.8324842380007592 3.7346331352698203
    endloop
  endfacet
  facet normal 0.4975923633360981 0.8618552547563955 0.09801714032956314
    outer loop
      vertex 14.583075861153688 -10.594823394526312 4.109819355967743
      vertex 16.079405598301822 -11.503104265191622 4.5
      vertex 16.098620317906843 -11.46982339460159 4.109819355967743
    endloop
  endfacet
  facet normal 0.47847016786610486 0.8287346406501035 0.2902846772544585
    outer loop
      vertex 14.637650865318959 -10.500296714488778 3.75
      vertex 14.583075861153688 -10.594823394526312 4.109819355967743
      vertex 16.098620317906843 -11.46982339460159 4.109819355967743
    endloop
  endfacet
  facet normal 0.49759236333609885 0.8618552547563954 0.09801714032956006
    outer loop
      vertex 14.583075861153688 -10.594823394526312 4.109819355967743
      vertex 14.563861141556918 -10.628104265121106 4.5
      vertex 16.079405598301822 -11.503104265191622 4.5
    endloop
  endfacet
  facet normal 0.47847016786610386 0.8287346406501033 0.29028467725446117
    outer loop
      vertex 14.637650865318959 -10.500296714488778 3.75
      vertex 16.098620317906843 -11.46982339460159 4.109819355967743
      vertex 16.155526065823217 -11.371259748024144 3.7346331352698203
    endloop
  endfacet
  facet normal 0.49759236333609863 0.861855254756395 -0.09801714032956307
    outer loop
      vertex 14.563861141556918 -10.628104265121106 4.5
      vertex 16.098620317906843 -11.46982339460159 4.890180644032257
      vertex 16.079405598301822 -11.503104265191622 4.5
    endloop
  endfacet
  facet normal 0.4784701678661049 0.8287346406501037 -0.2902846772544579
    outer loop
      vertex 14.583075861153688 -10.594823394526312 4.890180644032257
      vertex 16.155526065823217 -11.371259748024146 5.265366864730179
      vertex 16.098620317906843 -11.46982339460159 4.890180644032257
    endloop
  endfacet
  facet normal 0.49759236333609824 0.8618552547563957 -0.09801714032956006
    outer loop
      vertex 14.563861141556918 -10.628104265121106 4.5
      vertex 14.583075861153688 -10.594823394526312 4.890180644032257
      vertex 16.098620317906843 -11.46982339460159 4.890180644032257
    endloop
  endfacet
  facet normal 0.47847016786610486 0.8287346406501036 -0.2902846772544584
    outer loop
      vertex 14.583075861153688 -10.594823394526312 4.890180644032257
      vertex 14.63998160904563 -10.496259747934761 5.265366864730179
      vertex 16.155526065823217 -11.371259748024146 5.265366864730179
    endloop
  endfacet
  facet normal 0.44096063217417464 0.7637662190633621 -0.471396736826008
    outer loop
      vertex 14.63998160904563 -10.496259747934761 5.265366864730179
      vertex 16.247935986071635 -11.21120107112212 5.611140466039204
      vertex 16.155526065823217 -11.371259748024146 5.265366864730179
    endloop
  endfacet
  facet normal 0.44096063217417464 0.7637662190633631 -0.4713967368260065
    outer loop
      vertex 14.63998160904563 -10.496259747934761 5.265366864730179
      vertex 14.732391529254375 -10.336201071009832 5.611140466039204
      vertex 16.247935986071635 -11.21120107112212 5.611140466039204
    endloop
  endfacet
  facet normal 0.38650522668136983 0.6694466900030581 -0.6343932841636426
    outer loop
      vertex 14.732391529254375 -10.336201071009832 5.611140466039204
      vertex 14.85675436037037 -10.120798328943817 5.914213562373095
      vertex 16.372298817241024 -10.995798329086934 5.914213562373095
    endloop
  endfacet
  facet normal 0.31719664208182463 0.5494007000759603 -0.7730104533627341
    outer loop
      vertex 14.85675436037037 -10.120798328943817 5.914213562373095
      vertex 15.008290908537315 -9.858329328315062 6.162939224605091
      vertex 16.52383536547303 -10.733329328495742 6.162939224605091
    endloop
  endfacet
  facet normal 0.38650522668137016 0.6694466900030602 -0.6343932841636403
    outer loop
      vertex 14.732391529254375 -10.336201071009832 5.611140466039204
      vertex 16.372298817241024 -10.995798329086934 5.914213562373095
      vertex 16.247935986071635 -11.21120107112212 5.611140466039204
    endloop
  endfacet
  facet normal 0.3171966420818247 0.5494007000759603 -0.7730104533627341
    outer loop
      vertex 14.85675436037037 -10.120798328943817 5.914213562373095
      vertex 16.52383536547303 -10.733329328495742 6.162939224605091
      vertex 16.372298817241024 -10.995798329086934 5.914213562373095
    endloop
  endfacet
  facet normal 0.23569836841299757 0.40824154935239915 -0.8819212643483564
    outer loop
      vertex 15.008290908537315 -9.858329328315062 6.162939224605091
      vertex 15.181177709191829 -9.558880605623411 6.347759065022574
      vertex 16.69672216620177 -10.433880605846946 6.347759065022574
    endloop
  endfacet
  facet normal 0.2356983684129975 0.4082415493523988 -0.8819212643483566
    outer loop
      vertex 15.008290908537315 -9.858329328315062 6.162939224605091
      vertex 16.69672216620177 -10.433880605846946 6.347759065022574
      vertex 16.52383536547303 -10.733329328495742 6.162939224605091
    endloop
  endfacet
  facet normal 0.14514233862723105 0.25139390483173096 -0.9569403357322089
    outer loop
      vertex 16.69672216620177 -10.433880605846946 6.347759065022574
      vertex 15.181177709191829 -9.558880605623411 6.347759065022574
      vertex 16.884315276631273 -10.108959807619172 6.461570560806461
    endloop
  endfacet
  facet normal 0.04900857016478021 0.08488533353170356 0.995184726672197
    outer loop
      vertex 4.349557589700652 -2.466345264191645 2.5038274883680023
      vertex 16.88431527663127 -10.108959807619172 2.538429439193539
      vertex 17.07940559873116 -9.771053457870623 2.5
    endloop
  endfacet
  facet normal -0.04900857016478021 -0.08488533353170356 0.9951847266721968
    outer loop
      vertex 4.5640784824952405 -2.094784178586382 2.538429439193539
      vertex 17.07940559873116 -9.771053457870623 2.5
      vertex 17.27449592083105 -9.433147108122075 2.538429439193539
    endloop
  endfacet
  facet normal -0.14514233862723236 -0.25139390483173324 0.9569403357322083
    outer loop
      vertex 4.751671592844201 -1.7698633803121067 2.6522409349774265
      vertex 17.27449592083105 -9.433147108122075 2.538429439193539
      vertex 17.46208903126055 -9.1082263098943 2.6522409349774265
    endloop
  endfacet
  facet normal -0.23569836841299727 -0.4082415493523988 0.8819212643483566
    outer loop
      vertex 4.924558393498714 -1.4704146576204582 2.8370607753949093
      vertex 17.46208903126055 -9.1082263098943 2.6522409349774265
      vertex 17.63497583198929 -8.808777587245505 2.8370607753949093
    endloop
  endfacet
  facet normal -0.31719664208182474 -0.5494007000759606 0.7730104533627338
    outer loop
      vertex 5.0760949416656596 -1.207945656991701 3.085786437626905
      vertex 17.63497583198929 -8.808777587245505 2.8370607753949093
      vertex 17.786512380221296 -8.546308586654312 3.085786437626905
    endloop
  endfacet
  facet normal -0.4784701678660877 -0.8287346406500735 0.29028467725457247
    outer loop
      vertex 5.292867692990399 -0.8324842380007592 3.7346331352698203
      vertex 18.003285131639103 -8.170847167717103 3.7346331352698203
      vertex 16.490071417794876 -7.2918102006156795 3.75
    endloop
  endfacet
  facet normal -0.3865052266813703 -0.6694466900030592 0.6343932841636415
    outer loop
      vertex 5.200457772781656 -0.9925429149256868 3.3888595339607956
      vertex 17.786512380221296 -8.546308586654312 3.085786437626905
      vertex 17.910875211390685 -8.330905844619124 3.3888595339607956
    endloop
  endfacet
  facet normal -0.4409606321741765 -0.7637662190633652 0.47139673682600114
    outer loop
      vertex 5.292867692990399 -0.8324842380007592 3.7346331352698203
      vertex 17.910875211390685 -8.330905844619124 3.3888595339607956
      vertex 18.003285131639103 -8.170847167717103 3.7346331352698203
    endloop
  endfacet
  facet normal -0.47847016786610636 -0.8287346406501034 0.29028467725445684
    outer loop
      vertex 16.490071417794876 -7.2918102006156795 3.75
      vertex 18.003285131639103 -8.170847167717103 3.7346331352698203
      vertex 16.54464642196015 -7.197283520578147 4.109819355967743
    endloop
  endfacet
  facet normal -0.4784701678661048 -0.8287346406501026 0.29028467725446133
    outer loop
      vertex 16.54464642196015 -7.197283520578147 4.109819355967743
      vertex 18.003285131639103 -8.170847167717103 3.7346331352698203
      vertex 18.060190879555478 -8.072283521139656 4.109819355967743
    endloop
  endfacet
  facet normal -0.4975923633360985 -0.8618552547563951 0.09801714032956427
    outer loop
      vertex 16.54464642196015 -7.197283520578147 4.109819355967743
      vertex 18.060190879555478 -8.072283521139656 4.109819355967743
      vertex 16.56386114155692 -7.1640026499833525 4.5
    endloop
  endfacet
  facet normal -0.4975923633360978 -0.8618552547563951 0.09801714032956703
    outer loop
      vertex 18.060190879555478 -8.072283521139656 4.109819355967743
      vertex 18.0794055991605 -8.039002650549623 4.5
      vertex 16.56386114155692 -7.1640026499833525 4.5
    endloop
  endfacet
  facet normal -0.4784701678661056 -0.8287346406501039 -0.2902846772544566
    outer loop
      vertex 16.54464642196015 -7.197283520578147 4.890180644032257
      vertex 18.060190879555478 -8.072283521139656 4.890180644032257
      vertex 16.487740674068206 -7.295847167169697 5.265366864730179
    endloop
  endfacet
  facet normal -0.4409606321741764 -0.763766219063364 -0.47139673682600347
    outer loop
      vertex 16.39533075385946 -7.455905844094625 5.611140466039204
      vertex 16.487740674068206 -7.295847167169697 5.265366864730179
      vertex 18.003285131639103 -8.1708471677171 5.265366864730179
    endloop
  endfacet
  facet normal 0.14514233862723128 0.25139390483173163 -0.9569403357322087
    outer loop
      vertex 16.884315276631273 -10.108959807619172 6.461570560806461
      vertex 15.181177709191829 -9.558880605623411 6.347759065022574
      vertex 15.36877081954079 -9.233959807349137 6.461570560806461
    endloop
  endfacet
  facet normal 0.04900857016478055 0.08488533353170419 -0.9951847266721968
    outer loop
      vertex 15.36877081954079 -9.233959807349137 6.461570560806461
      vertex 15.563861141556917 -8.896053457552231 6.5
      vertex 17.07940559873116 -9.771053457870625 6.5
    endloop
  endfacet
  facet normal -0.04900857016477997 -0.08488533353170316 -0.9951847266721969
    outer loop
      vertex 15.563861141556917 -8.896053457552231 6.5
      vertex 15.758951463573046 -8.558147107755321 6.461570560806461
      vertex 17.27449592083105 -9.433147108122075 6.461570560806461
    endloop
  endfacet
  facet normal 0.049008570164780586 0.08488533353170429 -0.9951847266721968
    outer loop
      vertex 16.884315276631273 -10.108959807619172 6.461570560806461
      vertex 15.36877081954079 -9.233959807349137 6.461570560806461
      vertex 17.07940559873116 -9.771053457870625 6.5
    endloop
  endfacet
  facet normal -0.049008570164779997 -0.08488533353170323 -0.995184726672197
    outer loop
      vertex 15.563861141556917 -8.896053457552231 6.5
      vertex 17.27449592083105 -9.433147108122075 6.461570560806461
      vertex 17.07940559873116 -9.771053457870625 6.5
    endloop
  endfacet
  facet normal -0.2356983684129965 -0.4082415493523975 -0.8819212643483575
    outer loop
      vertex 15.946544573922006 -8.233226309481049 6.347759065022574
      vertex 17.63497583198929 -8.808777587245505 6.162939224605091
      vertex 17.46208903126055 -9.108226309894302 6.347759065022574
    endloop
  endfacet
  facet normal -0.1451423386272322 -0.2513939048317331 -0.9569403357322082
    outer loop
      vertex 15.758951463573046 -8.558147107755321 6.461570560806461
      vertex 15.946544573922006 -8.233226309481049 6.347759065022574
      vertex 17.46208903126055 -9.108226309894302 6.347759065022574
    endloop
  endfacet
  facet normal -0.14514233862723216 -0.25139390483173296 -0.9569403357322083
    outer loop
      vertex 15.758951463573046 -8.558147107755321 6.461570560806461
      vertex 17.46208903126055 -9.108226309894302 6.347759065022574
      vertex 17.27449592083105 -9.433147108122075 6.461570560806461
    endloop
  endfacet
  facet normal -0.3171966420818237 -0.5494007000759586 -0.7730104533627356
    outer loop
      vertex 16.270967922743466 -7.67130858616064 5.914213562373095
      vertex 17.786512380221296 -8.54630858665431 5.914213562373095
      vertex 16.11943137457652 -7.933777586789397 6.162939224605091
    endloop
  endfacet
  facet normal -0.38650522668136983 -0.6694466900030582 -0.6343932841636426
    outer loop
      vertex 16.270967922743466 -7.67130858616064 5.914213562373095
      vertex 16.39533075385946 -7.455905844094625 5.611140466039204
      vertex 17.910875211390685 -8.330905844619123 5.611140466039204
    endloop
  endfacet
  facet normal -0.23569836841299635 -0.4082415493523969 -0.8819212643483578
    outer loop
      vertex 15.946544573922006 -8.233226309481049 6.347759065022574
      vertex 16.11943137457652 -7.933777586789397 6.162939224605091
      vertex 17.63497583198929 -8.808777587245505 6.162939224605091
    endloop
  endfacet
  facet normal -0.49759236333609796 -0.8618552547563955 -0.09801714032956424
    outer loop
      vertex 16.56386114155692 -7.1640026499833525 4.5
      vertex 18.0794055991605 -8.039002650549623 4.5
      vertex 16.54464642196015 -7.197283520578147 4.890180644032257
    endloop
  endfacet
  facet normal -0.49759236333609835 -0.8618552547563949 -0.09801714032956686
    outer loop
      vertex 16.54464642196015 -7.197283520578147 4.890180644032257
      vertex 18.0794055991605 -8.039002650549623 4.5
      vertex 18.060190879555478 -8.072283521139656 4.890180644032257
    endloop
  endfacet
  facet normal -0.4784701678661056 -0.8287346406501034 -0.2902846772544581
    outer loop
      vertex 16.487740674068206 -7.295847167169697 5.265366864730179
      vertex 18.060190879555478 -8.072283521139656 4.890180644032257
      vertex 18.003285131639103 -8.1708471677171 5.265366864730179
    endloop
  endfacet
  facet normal -0.38650522668136983 -0.6694466900030583 -0.6343932841636425
    outer loop
      vertex 16.270967922743466 -7.67130858616064 5.914213562373095
      vertex 17.910875211390685 -8.330905844619123 5.611140466039204
      vertex 17.786512380221296 -8.54630858665431 5.914213562373095
    endloop
  endfacet
  facet normal -0.4409606321741764 -0.7637662190633646 -0.4713967368260021
    outer loop
      vertex 16.39533075385946 -7.455905844094625 5.611140466039204
      vertex 18.003285131639103 -8.1708471677171 5.265366864730179
      vertex 17.910875211390685 -8.330905844619123 5.611140466039204
    endloop
  endfacet
  facet normal -0.3171966420818237 -0.5494007000759585 -0.7730104533627357
    outer loop
      vertex 16.11943137457652 -7.933777586789397 6.162939224605091
      vertex 17.786512380221296 -8.54630858665431 5.914213562373095
      vertex 17.63497583198929 -8.808777587245505 6.162939224605091
    endloop
  endfacet
  facet normal 0.49999999999999983 0.8660254037844388 0
    outer loop
      vertex 13.261860279185587 -12.883235910246746 8
      vertex 14.777404735371492 -13.758235909994523 10
      vertex 14.777404735371492 -13.758235909994523 8
    endloop
  endfacet
  facet normal 0 0 1
    outer loop
      vertex 13.261860279185587 -12.883235910246746 8
      vertex 14.777404735371492 -13.758235909994523 8
      vertex 17.527417156738892 -8.995074677467347 8
    endloop
  endfacet
  facet normal 0 0 1
    outer loop
      vertex 13.261860279185587 -12.883235910246746 8
      vertex 17.527417156738892 -8.995074677467347 8
      vertex 18.261860279185587 -4.222981872402361 8
    endloop
  endfacet
  facet normal 0 0 1
    outer loop
      vertex 17.527417156738892 -8.995074677467347 8
      vertex 19.777404737518182 -5.09798187338953 8
      vertex 18.261860279185587 -4.222981872402361 8
    endloop
  endfacet
  facet normal -0.5000000000000001 -0.8660254037844387 0
    outer loop
      vertex 19.777404737518182 -5.09798187338953 8
      vertex 18.261860279185587 -4.222981872402361 10
      vertex 18.261860279185587 -4.222981872402361 8
    endloop
  endfacet
  facet normal 0.49999999999999983 0.8660254037844388 0
    outer loop
      vertex 13.261860279185587 -12.883235910246746 8
      vertex 13.261860279185587 -12.883235910246746 10
      vertex 14.777404735371492 -13.758235909994523 10
    endloop
  endfacet
  facet normal 0 0 -1
    outer loop
      vertex 13.261860279185587 -12.883235910246746 10
      vertex 19.777404737518182 -5.09798187338953 10
      vertex 14.777404735371492 -13.758235909994523 10
    endloop
  endfacet
  facet normal 0 0 -1
    outer loop
      vertex 13.261860279185587 -12.883235910246746 10
      vertex 18.261860279185587 -4.222981872402361 10
      vertex 19.777404737518182 -5.09798187338953 10
    endloop
  endfacet
  facet normal -0.5000000000000001 -0.8660254037844387 0
    outer loop
      vertex 19.777404737518182 -5.09798187338953 8
      vertex 19.777404737518182 -5.09798187338953 10
      vertex 18.261860279185587 -4.222981872402361 10
    endloop
  endfacet
  facet normal -0.8660254037844386 0.5 0
    outer loop
      vertex -6.830127018922193 -1.8301270189221928 3.75
      vertex -5.310912299325423 0.801230063025917 4.109819355967743
      vertex -5.256337295160151 0.8957567430634519 3.75
    endloop
  endfacet
  facet normal -0.5 -0.8660254037844387 -1.578983857244667e-15
    outer loop
      vertex -6.830127018922193 -1.8301270189221928 3.75
      vertex -1.850480947161671 -4.705127018922193 4.5
      vertex -3.149519052838329 -3.9551270189221928 4.5
    endloop
  endfacet
  facet normal -0.5000000000000001 -0.8660254037844387 0
    outer loop
      vertex -6.830127018922193 -1.8301270189221928 3.75
      vertex 1.8301270189221928 -6.830127018922193 3.75
      vertex -1.850480947161671 -4.705127018922193 4.5
    endloop
  endfacet
  facet normal -0.8660254037844386 0.5 0
    outer loop
      vertex -6.830127018922193 -1.8301270189221928 3.75
      vertex -6.830127018922193 -1.8301270189221928 5.99999
      vertex -5.310912299325423 0.801230063025917 4.109819355967743
    endloop
  endfacet
  facet normal -0.8660254037844386 0.5000000000000002 3.9903849855175836e-16
    outer loop
      vertex -6.830127018922193 -1.8301270189221928 5.99999
      vertex -5.330127018922193 0.7679491924311228 4.5
      vertex -5.310912299325423 0.801230063025917 4.109819355967743
    endloop
  endfacet
  facet normal -0.8660254037844387 0.49999999999999983 -3.6158148353809104e-16
    outer loop
      vertex -6.830127018922193 -1.8301270189221928 5.99999
      vertex -5.310912299325423 0.801230063025917 4.890180644032257
      vertex -5.330127018922193 0.7679491924311228 4.5
    endloop
  endfacet
  facet normal -0.8660254037844386 0.4999999999999999 -7.01404323447393e-16
    outer loop
      vertex -6.830127018922193 -1.8301270189221928 5.99999
      vertex -5.25400655143348 0.8997937096174691 5.265366864730179
      vertex -5.310912299325423 0.801230063025917 4.890180644032257
    endloop
  endfacet
  facet normal -0.5000000000000001 -0.8660254037844386 0
    outer loop
      vertex -1.850480947161671 -4.705127018922193 4.5
      vertex 1.8301270189221928 -6.830127018922193 5.99999
      vertex -1.850480947161671 -4.705127018922193 5.99999
    endloop
  endfacet
  facet normal -0.5000000000000001 -0.8660254037844386 0
    outer loop
      vertex -6.830127018922193 -1.8301270189221928 3.75
      vertex -3.149519052838329 -3.9551270189221928 4.5
      vertex -3.149519052838329 -3.9551270189221928 5.99999
    endloop
  endfacet
  facet normal -0.5 -0.8660254037844386 0
    outer loop
      vertex -6.830127018922193 -1.8301270189221928 3.75
      vertex -3.149519052838329 -3.9551270189221928 5.99999
      vertex -6.830127018922193 -1.8301270189221928 5.99999
    endloop
  endfacet
  facet normal 0 0 1
    outer loop
      vertex -6.830127018922193 -1.8301270189221928 5.99999
      vertex -1.304366388194496 -0.7592288560379763 5.99999
      vertex -4.98497435427836 1.3657711439620235 5.99999
    endloop
  endfacet
  facet normal 0 0 1
    outer loop
      vertex -6.830127018922193 -1.8301270189221928 5.99999
      vertex -3.149519052838329 -3.9551270189221928 5.99999
      vertex -1.304366388194496 -0.7592288560379763 5.99999
    endloop
  endfacet
  facet normal 0 0 1
    outer loop
      vertex -1.850480947161671 -4.705127018922193 5.99999
      vertex 1.8301270189221928 -6.830127018922193 5.99999
      vertex -0.005328282517837901 -1.5092288560379763 5.99999
    endloop
  endfacet
  facet normal -0.8660254037844348 0.5000000000000066 -7.15990236868064e-14
    outer loop
      vertex -4.310696448143734 2.533654735808355 2.5038274883680023
      vertex -4.135036696906065 2.8379063497969073 2.538429439193539
      vertex -4.291265877365274 2.5673094716167095 2.5
    endloop
  endfacet
  facet normal -0.8660254037844392 0.4999999999999991 -2.3231681806318442e-15
    outer loop
      vertex -4.291265877365274 2.5673094716167095 2.5
      vertex -4.135036696906065 2.8379063497969073 2.538429439193539
      vertex -4.096175555349146 2.9052158214136172 2.538429439193539
    endloop
  endfacet
  facet normal -0.866025403784439 0.4999999999999991 3.137751585428006e-15
    outer loop
      vertex -4.135036696906065 2.8379063497969073 2.538429439193539
      vertex -3.947443586557103 3.162827148071184 2.6522409349774265
      vertex -4.096175555349146 2.9052158214136172 2.538429439193539
    endloop
  endfacet
  facet normal -0.8660254037844378 0.5000000000000014 -4.7066273781420324e-15
    outer loop
      vertex -4.096175555349146 2.9052158214136172 2.538429439193539
      vertex -3.947443586557103 3.162827148071184 2.6522409349774265
      vertex -3.9085824450001843 3.2301366196878933 2.6522409349774265
    endloop
  endfacet
  facet normal -0.8660254037844377 0.5000000000000017 -1.8114542680920353e-15
    outer loop
      vertex -3.947443586557103 3.162827148071184 2.6522409349774265
      vertex -3.7745567859025906 3.462275870762831 2.8370607753949093
      vertex -3.9085824450001843 3.2301366196878933 2.6522409349774265
    endloop
  endfacet
  facet normal -0.8660254037844386 0.4999999999999999 1.4491634144736395e-15
    outer loop
      vertex -3.9085824450001843 3.2301366196878933 2.6522409349774265
      vertex -3.7745567859025906 3.462275870762831 2.8370607753949093
      vertex -3.735695644345672 3.5295853423795402 2.8370607753949093
    endloop
  endfacet
  facet normal -0.8660254037844387 0.49999999999999983 -8.97354634950017e-16
    outer loop
      vertex -3.7745567859025906 3.462275870762831 2.8370607753949093
      vertex -3.6230202377356453 3.7247448713915894 3.085786437626905
      vertex -3.735695644345672 3.5295853423795402 2.8370607753949093
    endloop
  endfacet
  facet normal -0.8660254037844367 0.5000000000000037 -4.666244101740016e-15
    outer loop
      vertex -3.735695644345672 3.5295853423795402 2.8370607753949093
      vertex -3.6230202377356453 3.7247448713915894 3.085786437626905
      vertex -3.584159096178726 3.7920543430082994 3.085786437626905
    endloop
  endfacet
  facet normal -0.8660254037844368 0.5000000000000034 -2.135675758590264e-15
    outer loop
      vertex -3.6230202377356453 3.7247448713915894 3.085786437626905
      vertex -3.4986574066196474 3.940147613457605 3.3888595339607956
      vertex -3.584159096178726 3.7920543430082994 3.085786437626905
    endloop
  endfacet
  facet normal -0.8660254037844402 0.4999999999999975 1.7674558002126518e-15
    outer loop
      vertex -3.584159096178726 3.7920543430082994 3.085786437626905
      vertex -3.4986574066196474 3.940147613457605 3.3888595339607956
      vertex -3.459796265062729 4.007457085074314 3.3888595339607956
    endloop
  endfacet
  facet normal -0.8660254037844402 0.49999999999999734 2.6788041906848406e-15
    outer loop
      vertex -3.4986574066196474 3.940147613457605 3.3888595339607956
      vertex -3.406247486410906 4.1002062903825305 3.7346331352698203
      vertex -3.459796265062729 4.007457085074314 3.3888595339607956
    endloop
  endfacet
  facet normal -0.8660254037844392 0.4999999999999993 2.0010344556922752e-15
    outer loop
      vertex -3.459796265062729 4.007457085074314 3.3888595339607956
      vertex -3.406247486410906 4.1002062903825305 3.7346331352698203
      vertex -3.367386344853987 4.1675157619992405 3.7346331352698203
    endloop
  endfacet
  facet normal -0.8660254037844392 0.49999999999999917 -5.502747169478262e-16
    outer loop
      vertex -3.406247486410906 4.1002062903825305 3.7346331352698203
      vertex -3.3493417385189623 4.198769936974083 4.109819355967743
      vertex -3.367386344853987 4.1675157619992405 3.7346331352698203
    endloop
  endfacet
  facet normal -0.8660254037844394 0.49999999999999883 -5.10624891961153e-16
    outer loop
      vertex -3.367386344853987 4.1675157619992405 3.7346331352698203
      vertex -3.3493417385189623 4.198769936974083 4.109819355967743
      vertex -3.365055601127315 4.171552728553259 3.75
    endloop
  endfacet
  facet normal -0.8660254037843959 0.5000000000000739 -8.104677367251035e-15
    outer loop
      vertex -3.365055601127315 4.171552728553259 3.75
      vertex -3.3493417385189623 4.198769936974083 4.109819355967743
      vertex -3.3301270189221928 4.232050807568877 4.5
    endloop
  endfacet
  facet normal -0.8660254037844387 0.5 -1.265785467557593e-16
    outer loop
      vertex -3.365055601127315 4.171552728553259 3.75
      vertex -3.3301270189221928 4.232050807568877 4.5
      vertex -1.8301270189221928 6.830127018922193 3.75
    endloop
  endfacet
  facet normal -0.8660254037844384 0.5000000000000002 7.246090608061441e-16
    outer loop
      vertex -6.830127018922193 -1.8301270189221928 5.99999
      vertex -5.161596631224738 1.0598523865423952 5.611140466039204
      vertex -5.25400655143348 0.8997937096174691 5.265366864730179
    endloop
  endfacet
  facet normal -0.8660254037844387 0.5 -8.015398204438091e-16
    outer loop
      vertex -6.830127018922193 -1.8301270189221928 5.99999
      vertex -5.037233800108741 1.2752551286084108 5.914213562373095
      vertex -5.161596631224738 1.0598523865423952 5.611140466039204
    endloop
  endfacet
  facet normal -0.8660254037844386 0.5000000000000001 2.8058852803698235e-15
    outer loop
      vertex -6.830127018922193 -1.8301270189221928 5.99999
      vertex -4.98497435427836 1.3657711439620235 5.99999
      vertex -5.037233800108741 1.2752551286084108 5.914213562373095
    endloop
  endfacet
  facet normal -0.8660254037844387 0.5000000000000002 -9.518285367770234e-16
    outer loop
      vertex -3.6230202377356453 3.7247448713915894 5.914213562373095
      vertex -1.8301270189221928 6.830127018922193 5.99999
      vertex -3.4986574066196474 3.940147613457605 5.611140466039204
    endloop
  endfacet
  facet normal -0.8660254037844386 0.5 6.225557965820545e-15
    outer loop
      vertex -3.6752796835660257 3.634228856037976 5.99999
      vertex -1.8301270189221928 6.830127018922193 5.99999
      vertex -3.6230202377356453 3.7247448713915894 5.914213562373095
    endloop
  endfacet
  facet normal 0 0 1
    outer loop
      vertex -3.6752796835660257 3.634228856037976 5.99999
      vertex 0.005328282517837901 1.5092288560379763 5.99999
      vertex -1.8301270189221928 6.830127018922193 5.99999
    endloop
  endfacet
  facet normal -0.8660254037844388 0.49999999999999983 7.671609787705858e-16
    outer loop
      vertex -3.3493417385189623 4.198769936974083 4.890180644032257
      vertex -3.406247486410906 4.1002062903825305 5.265366864730179
      vertex -1.8301270189221928 6.830127018922193 5.99999
    endloop
  endfacet
  facet normal -0.8660254037844385 0.5000000000000001 -9.510493923080647e-16
    outer loop
      vertex -3.406247486410906 4.1002062903825305 5.265366864730179
      vertex -3.4986574066196474 3.940147613457605 5.611140466039204
      vertex -1.8301270189221928 6.830127018922193 5.99999
    endloop
  endfacet
  facet normal -0.8660254037844387 0.4999999999999999 -3.8896512905440686e-16
    outer loop
      vertex -1.8301270189221928 6.830127018922193 3.75
      vertex -3.3301270189221928 4.232050807568877 4.5
      vertex -3.3493417385189623 4.198769936974083 4.890180644032257
    endloop
  endfacet
  facet normal -0.8660254037844386 0.5 0
    outer loop
      vertex -1.8301270189221928 6.830127018922193 3.75
      vertex -3.3493417385189623 4.198769936974083 4.890180644032257
      vertex -1.8301270189221928 6.830127018922193 5.99999
    endloop
  endfacet
  facet normal 0.5 0.8660254037844386 0
    outer loop
      vertex -1.8301270189221928 6.830127018922193 3.75
      vertex -1.8301270189221928 6.830127018922193 5.99999
      vertex 1.850480947161671 4.705127018922193 4.5
    endloop
  endfacet
  facet normal 0.8660254037844387 -0.5000000000000001 3.7027058140392825e-16
    outer loop
      vertex 1.8301270189221928 -6.830127018922193 3.75
      vertex 3.3493417385189623 -4.198769936974083 4.109819355967743
      vertex 3.3301270189221928 -4.232050807568877 4.5
    endloop
  endfacet
  facet normal 0.8660254037844386 -0.4999999999999999 -7.842219503781611e-16
    outer loop
      vertex 1.8301270189221928 -6.830127018922193 3.75
      vertex 3.4039167426842343 -4.104243256936548 3.75
      vertex 3.3493417385189623 -4.198769936974083 4.109819355967743
    endloop
  endfacet
  facet normal 0.8660254037844376 -0.5000000000000018 1.2487028970896183e-14
    outer loop
      vertex 4.349557589700652 -2.466345264191645 2.5038274883680023
      vertex 4.368988160479112 -2.4326905283832896 2.5
      vertex 4.5640784824952405 -2.094784178586382 2.538429439193539
    endloop
  endfacet
  facet normal 0.866025403784437 -0.500000000000003 2.5801449977226774e-14
    outer loop
      vertex 4.349557589700652 -2.466345264191645 2.5038274883680023
      vertex 4.5640784824952405 -2.094784178586382 2.538429439193539
      vertex 4.525217340938321 -2.1620936502030927 2.538429439193539
    endloop
  endfacet
  facet normal 0.866025403784437 -0.5000000000000028 1.1570458971265592e-14
    outer loop
      vertex 4.525217340938321 -2.1620936502030927 2.538429439193539
      vertex 4.5640784824952405 -2.094784178586382 2.538429439193539
      vertex 4.751671592844201 -1.7698633803121067 2.6522409349774265
    endloop
  endfacet
  facet normal 0.8660254037844382 -0.5000000000000007 1.568875792714007e-15
    outer loop
      vertex 4.525217340938321 -2.1620936502030927 2.538429439193539
      vertex 4.751671592844201 -1.7698633803121067 2.6522409349774265
      vertex 4.712810451287282 -1.8371728519288164 2.6522409349774265
    endloop
  endfacet
  facet normal 0.8660254037844385 -0.5000000000000004 2.1737451217104374e-15
    outer loop
      vertex 4.712810451287282 -1.8371728519288164 2.6522409349774265
      vertex 4.751671592844201 -1.7698633803121067 2.6522409349774265
      vertex 4.924558393498714 -1.4704146576204582 2.8370607753949093
    endloop
  endfacet
  facet normal 0.8660254037844412 -0.4999999999999957 -1.0627198372806479e-14
    outer loop
      vertex 4.712810451287282 -1.8371728519288164 2.6522409349774265
      vertex 4.924558393498714 -1.4704146576204582 2.8370607753949093
      vertex 4.885697251941795 -1.5377241292371688 2.8370607753949093
    endloop
  endfacet
  facet normal 0.8660254037844413 -0.49999999999999545 -9.063281812994988e-15
    outer loop
      vertex 4.885697251941795 -1.5377241292371688 2.8370607753949093
      vertex 4.924558393498714 -1.4704146576204582 2.8370607753949093
      vertex 5.0760949416656596 -1.207945656991701 3.085786437626905
    endloop
  endfacet
  facet normal 0.8660254037844385 -0.5000000000000002 -3.5894185398000303e-16
    outer loop
      vertex 4.885697251941795 -1.5377241292371688 2.8370607753949093
      vertex 5.0760949416656596 -1.207945656991701 3.085786437626905
      vertex 5.037233800108741 -1.2752551286084108 3.085786437626905
    endloop
  endfacet
  facet normal 0.8660254037844384 -0.5000000000000003 2.577539708643436e-15
    outer loop
      vertex 5.037233800108741 -1.2752551286084108 3.085786437626905
      vertex 5.0760949416656596 -1.207945656991701 3.085786437626905
      vertex 5.200457772781656 -0.9925429149256868 3.3888595339607956
    endloop
  endfacet
  facet normal 0.866025403784439 -0.4999999999999993 1.1783038668084523e-15
    outer loop
      vertex 5.037233800108741 -1.2752551286084108 3.085786437626905
      vertex 5.200457772781656 -0.9925429149256868 3.3888595339607956
      vertex 5.161596631224738 -1.0598523865423952 3.3888595339607956
    endloop
  endfacet
  facet normal 0.8660254037844392 -0.4999999999999992 -2.130133452833761e-15
    outer loop
      vertex 5.161596631224738 -1.0598523865423952 3.3888595339607956
      vertex 5.200457772781656 -0.9925429149256868 3.3888595339607956
      vertex 5.292867692990399 -0.8324842380007592 3.7346331352698203
    endloop
  endfacet
  facet normal 0.8660254037844388 -0.4999999999999997 -1.549187965697247e-15
    outer loop
      vertex 5.161596631224738 -1.0598523865423952 3.3888595339607956
      vertex 5.292867692990399 -0.8324842380007592 3.7346331352698203
      vertex 5.25400655143348 -0.8997937096174691 3.7346331352698203
    endloop
  endfacet
  facet normal 0.8660254037844387 -0.4999999999999998 4.610409790643954e-16
    outer loop
      vertex 5.25400655143348 -0.8997937096174691 3.7346331352698203
      vertex 5.292867692990399 -0.8324842380007592 3.7346331352698203
      vertex 5.310912299325423 -0.801230063025917 4.109819355967743
    endloop
  endfacet
  facet normal 0.8660254037844994 -0.4999999999998948 -1.1211053183506567e-14
    outer loop
      vertex 5.292867692990399 -0.8324842380007592 3.7346331352698203
      vertex 5.29519843671707 -0.8284472714467417 3.75
      vertex 5.310912299325423 -0.801230063025917 4.109819355967743
    endloop
  endfacet
  facet normal -0.5 -0.8660254037844386 0
    outer loop
      vertex -1.850480947161671 -4.705127018922193 4.5
      vertex 1.8301270189221928 -6.830127018922193 3.75
      vertex 1.8301270189221928 -6.830127018922193 5.99999
    endloop
  endfacet
  facet normal 0.8660254037844386 -0.5 0
    outer loop
      vertex 1.8301270189221928 -6.830127018922193 3.75
      vertex 3.3493417385189623 -4.198769936974083 4.890180644032257
      vertex 1.8301270189221928 -6.830127018922193 5.99999
    endloop
  endfacet
  facet normal 0.8660254037844387 -0.4999999999999999 -3.8896512905440686e-16
    outer loop
      vertex 1.8301270189221928 -6.830127018922193 3.75
      vertex 3.3301270189221928 -4.232050807568877 4.5
      vertex 3.3493417385189623 -4.198769936974083 4.890180644032257
    endloop
  endfacet
  facet normal 0.8660254037844388 -0.49999999999999983 7.014043234473928e-16
    outer loop
      vertex 1.8301270189221928 -6.830127018922193 5.99999
      vertex 3.3493417385189623 -4.198769936974083 4.890180644032257
      vertex 3.406247486410906 -4.1002062903825305 5.265366864730179
    endloop
  endfacet
  facet normal 0.8660254037844386 -0.5 -7.246090608061443e-16
    outer loop
      vertex 1.8301270189221928 -6.830127018922193 5.99999
      vertex 3.406247486410906 -4.1002062903825305 5.265366864730179
      vertex 3.4986574066196474 -3.940147613457605 5.611140466039204
    endloop
  endfacet
  facet normal 0 0 1
    outer loop
      vertex -0.005328282517837901 -1.5092288560379763 5.99999
      vertex 1.8301270189221928 -6.830127018922193 5.99999
      vertex 3.6752796835660257 -3.634228856037976 5.99999
    endloop
  endfacet
  facet normal 0.8660254037844386 -0.5000000000000001 -8.015398204438089e-16
    outer loop
      vertex 1.8301270189221928 -6.830127018922193 5.99999
      vertex 3.4986574066196474 -3.940147613457605 5.611140466039204
      vertex 3.6230202377356453 -3.7247448713915894 5.914213562373095
    endloop
  endfacet
  facet normal 0.8660254037844386 -0.5 5.611770560739646e-15
    outer loop
      vertex 1.8301270189221928 -6.830127018922193 5.99999
      vertex 3.6230202377356453 -3.7247448713915894 5.914213562373095
      vertex 3.6752796835660257 -3.634228856037976 5.99999
    endloop
  endfacet
  facet normal 0.8660254037844387 -0.5 -1.8535608347763086e-15
    outer loop
      vertex 5.037233800108741 -1.2752551286084108 5.914213562373095
      vertex 5.161596631224738 -1.0598523865423952 5.611140466039204
      vertex 6.830127018922193 1.8301270189221928 5.99999
    endloop
  endfacet
  facet normal 0.8660254037844386 -0.5000000000000001 1.9290461302542538e-15
    outer loop
      vertex 5.037233800108741 -1.2752551286084108 5.914213562373095
      vertex 6.830127018922193 1.8301270189221928 5.99999
      vertex 4.98497435427836 -1.3657711439620237 5.99999
    endloop
  endfacet
  facet normal 0.8660254037844386 -0.5000000000000002 1.3586419890115206e-15
    outer loop
      vertex 5.25400655143348 -0.8997937096174691 5.265366864730179
      vertex 6.830127018922193 1.8301270189221928 5.99999
      vertex 5.161596631224738 -1.0598523865423952 5.611140466039204
    endloop
  endfacet
  facet normal 0.5000000000000001 0.8660254037844387 0
    outer loop
      vertex -1.8301270189221928 6.830127018922193 3.75
      vertex 3.149519052838329 3.9551270189221928 4.5
      vertex 6.830127018922193 1.8301270189221928 3.75
    endloop
  endfacet
  facet normal 0.5 0.8660254037844387 1.578983857244667e-15
    outer loop
      vertex -1.8301270189221928 6.830127018922193 3.75
      vertex 1.850480947161671 4.705127018922193 4.5
      vertex 3.149519052838329 3.9551270189221928 4.5
    endloop
  endfacet
  facet normal 0.8660254037844386 -0.5000000000000001 -5.716483426104191e-16
    outer loop
      vertex 5.29519843671707 -0.8284472714467417 3.75
      vertex 6.830127018922193 1.8301270189221928 3.75
      vertex 5.310912299325423 -0.801230063025917 4.109819355967743
    endloop
  endfacet
  facet normal 0.8660254037844387 -0.5000000000000001 -4.0498344841054654e-17
    outer loop
      vertex 5.310912299325423 -0.801230063025917 4.109819355967743
      vertex 6.830127018922193 1.8301270189221928 3.75
      vertex 5.330127018922193 -0.7679491924311228 4.5
    endloop
  endfacet
  facet normal 0 0 1
    outer loop
      vertex -1.8301270189221928 6.830127018922193 5.99999
      vertex 0.005328282517837901 1.5092288560379763 5.99999
      vertex 1.850480947161671 4.705127018922193 5.99999
    endloop
  endfacet
  facet normal 0 0 1
    outer loop
      vertex 1.304366388194496 0.7592288560379763 5.99999
      vertex 6.830127018922193 1.8301270189221928 5.99999
      vertex 3.149519052838329 3.9551270189221928 5.99999
    endloop
  endfacet
  facet normal 0 0 1
    outer loop
      vertex 4.98497435427836 -1.3657711439620237 5.99999
      vertex 6.830127018922193 1.8301270189221928 5.99999
      vertex 1.304366388194496 0.7592288560379763 5.99999
    endloop
  endfacet
  facet normal 0.5000000000000001 0.8660254037844386 0
    outer loop
      vertex 6.830127018922193 1.8301270189221928 3.75
      vertex 3.149519052838329 3.9551270189221928 4.5
      vertex 3.149519052838329 3.9551270189221928 5.99999
    endloop
  endfacet
  facet normal 0.5 0.8660254037844386 0
    outer loop
      vertex 6.830127018922193 1.8301270189221928 3.75
      vertex 3.149519052838329 3.9551270189221928 5.99999
      vertex 6.830127018922193 1.8301270189221928 5.99999
    endloop
  endfacet
  facet normal 0.5000000000000001 0.8660254037844386 0
    outer loop
      vertex -1.8301270189221928 6.830127018922193 5.99999
      vertex 1.850480947161671 4.705127018922193 5.99999
      vertex 1.850480947161671 4.705127018922193 4.5
    endloop
  endfacet
  facet normal 0.8660254037844386 -0.5000000000000001 0
    outer loop
      vertex 5.330127018922193 -0.7679491924311228 4.5
      vertex 6.830127018922193 1.8301270189221928 3.75
      vertex 6.830127018922193 1.8301270189221928 5.99999
    endloop
  endfacet
  facet normal 0.8660254037844386 -0.5000000000000002 3.389826408169606e-17
    outer loop
      vertex 5.330127018922193 -0.7679491924311228 4.5
      vertex 6.830127018922193 1.8301270189221928 5.99999
      vertex 5.310912299325423 -0.801230063025917 4.890180644032257
    endloop
  endfacet
  facet normal 0.8660254037844386 -0.49999999999999983 -5.041343574778136e-16
    outer loop
      vertex 5.310912299325423 -0.801230063025917 4.890180644032257
      vertex 6.830127018922193 1.8301270189221928 5.99999
      vertex 5.25400655143348 -0.8997937096174691 5.265366864730179
    endloop
  endfacet
  facet normal 0 0 1
    outer loop
      vertex -3.149519052838329 -3.9551270189221928 4.5
      vertex -1.850480947161671 -4.705127018922193 4.5
      vertex -0.350480947161671 -2.107050807568877 4.5
    endloop
  endfacet
  facet normal 0 0 1
    outer loop
      vertex -3.149519052838329 -3.9551270189221928 4.5
      vertex -0.350480947161671 -2.107050807568877 4.5
      vertex -1.649519052838329 -1.3570508075688772 4.5
    endloop
  endfacet
  facet normal 0.8660254037844387 -0.5000000000000001 0
    outer loop
      vertex -3.149519052838329 -3.9551270189221928 4.5
      vertex -1.649519052838329 -1.3570508075688772 4.5
      vertex -3.149519052838329 -3.9551270189221928 5.99999
    endloop
  endfacet
  facet normal -0.8660254037844387 0.5 0
    outer loop
      vertex -1.850480947161671 -4.705127018922193 4.5
      vertex -1.850480947161671 -4.705127018922193 5.99999
      vertex -0.18195055946421623 -1.8151476134576048 5.611140466039204
    endloop
  endfacet
  facet normal -0.8660254037844386 0.5000000000000001 -3.7938769870001477e-16
    outer loop
      vertex -1.850480947161671 -4.705127018922193 4.5
      vertex -0.3312662275649014 -2.0737699369740827 4.890180644032257
      vertex -0.350480947161671 -2.107050807568877 4.5
    endloop
  endfacet
  facet normal -0.8660254037844387 0.5 0
    outer loop
      vertex -1.850480947161671 -4.705127018922193 4.5
      vertex -0.27436047967295774 -1.975206290382531 5.265366864730179
      vertex -0.3312662275649014 -2.0737699369740827 4.890180644032257
    endloop
  endfacet
  facet normal -0.8660254037844386 0.5000000000000002 0
    outer loop
      vertex -1.850480947161671 -4.705127018922193 4.5
      vertex -0.18195055946421623 -1.8151476134576048 5.611140466039204
      vertex -0.27436047967295774 -1.975206290382531 5.265366864730179
    endloop
  endfacet
  facet normal -0.8660254037844386 0.5000000000000001 8.015398204438089e-16
    outer loop
      vertex -1.850480947161671 -4.705127018922193 5.99999
      vertex -0.05758772834821857 -1.5997448713915892 5.914213562373095
      vertex -0.18195055946421623 -1.8151476134576048 5.611140466039204
    endloop
  endfacet
  facet normal -0.8660254037844386 0.5 -2.805885280369823e-15
    outer loop
      vertex -1.850480947161671 -4.705127018922193 5.99999
      vertex -0.005328282517837901 -1.5092288560379763 5.99999
      vertex -0.05758772834821857 -1.5997448713915892 5.914213562373095
    endloop
  endfacet
  facet normal 0.8660254037844387 -0.49999999999999983 3.6158148353809104e-16
    outer loop
      vertex -3.149519052838329 -3.9551270189221928 5.99999
      vertex -1.649519052838329 -1.3570508075688772 4.5
      vertex -1.6303043332415594 -1.323769936974083 4.890180644032257
    endloop
  endfacet
  facet normal 0.8660254037844384 -0.5000000000000002 0
    outer loop
      vertex -3.149519052838329 -3.9551270189221928 5.99999
      vertex -1.6303043332415594 -1.323769936974083 4.890180644032257
      vertex -1.5733985853496157 -1.225206290382531 5.265366864730179
    endloop
  endfacet
  facet normal 0.8660254037844387 -0.4999999999999999 0
    outer loop
      vertex -3.149519052838329 -3.9551270189221928 5.99999
      vertex -1.5733985853496157 -1.225206290382531 5.265366864730179
      vertex -1.4809886651408743 -1.0651476134576048 5.611140466039204
    endloop
  endfacet
  facet normal 0.8660254037844386 -0.5000000000000001 -8.015398204438089e-16
    outer loop
      vertex -3.149519052838329 -3.9551270189221928 5.99999
      vertex -1.4809886651408743 -1.0651476134576048 5.611140466039204
      vertex -1.3566258340248765 -0.8497448713915892 5.914213562373095
    endloop
  endfacet
  facet normal 0.8660254037844386 -0.5 2.805885280369823e-15
    outer loop
      vertex -3.149519052838329 -3.9551270189221928 5.99999
      vertex -1.3566258340248765 -0.8497448713915892 5.914213562373095
      vertex -1.304366388194496 -0.7592288560379763 5.99999
    endloop
  endfacet
  facet normal -0.8660254037844386 0.5 4.3837770215462043e-17
    outer loop
      vertex 1.5733985853496157 1.225206290382531 5.265366864730179
      vertex 3.149519052838329 3.9551270189221928 5.99999
      vertex 1.6303043332415594 1.323769936974083 4.890180644032257
    endloop
  endfacet
  facet normal -0.8660254037844386 0.5000000000000002 -3.389826408169606e-17
    outer loop
      vertex 1.649519052838329 1.3570508075688772 4.5
      vertex 1.6303043332415594 1.323769936974083 4.890180644032257
      vertex 3.149519052838329 3.9551270189221928 5.99999
    endloop
  endfacet
  facet normal -0.8660254037844386 0.5 1.8115226520153607e-16
    outer loop
      vertex 1.5733985853496157 1.225206290382531 5.265366864730179
      vertex 1.4809886651408743 1.0651476134576048 5.611140466039204
      vertex 3.149519052838329 3.9551270189221928 5.99999
    endloop
  endfacet
  facet normal -0.8660254037844387 0.5000000000000002 -5.510586265551188e-16
    outer loop
      vertex 1.3566258340248765 0.8497448713915892 5.914213562373095
      vertex 3.149519052838329 3.9551270189221928 5.99999
      vertex 1.4809886651408743 1.0651476134576048 5.611140466039204
    endloop
  endfacet
  facet normal -0.8660254037844386 0.5 2.4551496203235952e-15
    outer loop
      vertex 1.304366388194496 0.7592288560379763 5.99999
      vertex 3.149519052838329 3.9551270189221928 5.99999
      vertex 1.3566258340248765 0.8497448713915892 5.914213562373095
    endloop
  endfacet
  facet normal 0.8660254037844386 -0.5000000000000001 -2.489731772718847e-16
    outer loop
      vertex 0.350480947161671 2.107050807568877 4.5
      vertex 1.850480947161671 4.705127018922193 4.5
      vertex 0.3312662275649014 2.0737699369740827 4.890180644032257
    endloop
  endfacet
  facet normal 0.8660254037844387 -0.5 2.533437415383635e-16
    outer loop
      vertex 0.3312662275649014 2.0737699369740827 4.890180644032257
      vertex 1.850480947161671 4.705127018922193 4.5
      vertex 0.27436047967295774 1.975206290382531 5.265366864730179
    endloop
  endfacet
  facet normal 0.8660254037844386 -0.5 1.1704956886373915e-16
    outer loop
      vertex 0.27436047967295774 1.975206290382531 5.265366864730179
      vertex 1.850480947161671 4.705127018922193 4.5
      vertex 0.18195055946421623 1.8151476134576048 5.611140466039204
    endloop
  endfacet
  facet normal 0.8660254037844387 -0.5 0
    outer loop
      vertex 0.18195055946421623 1.8151476134576048 5.611140466039204
      vertex 1.850480947161671 4.705127018922193 4.5
      vertex 1.850480947161671 4.705127018922193 5.99999
    endloop
  endfacet
  facet normal 0 0 1
    outer loop
      vertex 0.350480947161671 2.107050807568877 4.5
      vertex 1.649519052838329 1.3570508075688772 4.5
      vertex 3.149519052838329 3.9551270189221928 4.5
    endloop
  endfacet
  facet normal 0 0 1
    outer loop
      vertex 0.350480947161671 2.107050807568877 4.5
      vertex 3.149519052838329 3.9551270189221928 4.5
      vertex 1.850480947161671 4.705127018922193 4.5
    endloop
  endfacet
  facet normal -0.8660254037844387 0.5000000000000001 0
    outer loop
      vertex 1.649519052838329 1.3570508075688772 4.5
      vertex 3.149519052838329 3.9551270189221928 5.99999
      vertex 3.149519052838329 3.9551270189221928 4.5
    endloop
  endfacet
  facet normal 0.8660254037844386 -0.5 0
    outer loop
      vertex 0.18195055946421623 1.8151476134576048 5.611140466039204
      vertex 1.850480947161671 4.705127018922193 5.99999
      vertex 0.05758772834821857 1.5997448713915892 5.914213562373095
    endloop
  endfacet
  facet normal 0.8660254037844386 -0.5 -2.630517450346709e-16
    outer loop
      vertex 0.005328282517837901 1.5092288560379763 5.99999
      vertex 0.05758772834821857 1.5997448713915892 5.914213562373095
      vertex 1.850480947161671 4.705127018922193 5.99999
    endloop
  endfacet
  facet normal 0.47847016786610447 0.8287346406501025 0.2902846772544625
    outer loop
      vertex -5.256337295160151 0.8957567430634519 3.75
      vertex -5.310912299325423 0.801230063025917 4.109819355967743
      vertex 3.3493417385189623 -4.198769936974083 4.109819355967743
    endloop
  endfacet
  facet normal 0.4975923633360984 0.8618552547563956 0.09801714032956062
    outer loop
      vertex -1.649519052838329 -1.3570508075688772 4.5
      vertex -0.350480947161671 -2.107050807568877 4.5
      vertex -5.310912299325423 0.801230063025917 4.109819355967743
    endloop
  endfacet
  facet normal 0.4975923633360984 0.8618552547563956 0.09801714032956117
    outer loop
      vertex -0.350480947161671 -2.107050807568877 4.5
      vertex 3.3301270189221928 -4.232050807568877 4.5
      vertex -5.310912299325423 0.801230063025917 4.109819355967743
    endloop
  endfacet
  facet normal 0.49759236333609846 0.8618552547563955 -0.09801714032956055
    outer loop
      vertex -1.649519052838329 -1.3570508075688772 4.5
      vertex -5.330127018922193 0.7679491924311228 4.5
      vertex -1.6303043332415594 -1.323769936974083 4.890180644032257
    endloop
  endfacet
  facet normal 0.4784701678661044 0.8287346406501023 -0.29028467725446283
    outer loop
      vertex -1.6303043332415594 -1.323769936974083 4.890180644032257
      vertex -5.310912299325423 0.801230063025917 4.890180644032257
      vertex -1.5733985853496157 -1.225206290382531 5.265366864730179
    endloop
  endfacet
  facet normal 0.4409606321741777 0.7637662190633671 -0.4713967368259971
    outer loop
      vertex -1.5733985853496157 -1.225206290382531 5.265366864730179
      vertex -5.25400655143348 0.8997937096174691 5.265366864730179
      vertex -1.4809886651408743 -1.0651476134576048 5.611140466039204
    endloop
  endfacet
  facet normal 0.38650522668136855 0.6694466900030562 -0.6343932841636455
    outer loop
      vertex -1.4809886651408743 -1.0651476134576048 5.611140466039204
      vertex -5.161596631224738 1.0598523865423952 5.611140466039204
      vertex -1.3566258340248765 -0.8497448713915892 5.914213562373095
    endloop
  endfacet
  facet normal 0.31719664208182313 0.5494007000759579 -0.7730104533627364
    outer loop
      vertex -1.3566258340248765 -0.8497448713915892 5.914213562373095
      vertex -4.98497435427836 1.3657711439620235 5.99999
      vertex -1.304366388194496 -0.7592288560379763 5.99999
    endloop
  endfacet
  facet normal 0.4975923633360985 0.8618552547563956 0.0980171403295601
    outer loop
      vertex -1.649519052838329 -1.3570508075688772 4.5
      vertex -5.310912299325423 0.801230063025917 4.109819355967743
      vertex -5.330127018922193 0.7679491924311228 4.5
    endloop
  endfacet
  facet normal -0.04900857016478046 -0.08488533353170398 0.9951847266721969
    outer loop
      vertex -4.310696448143734 2.533654735808355 2.5038274883680023
      vertex 4.349557589700652 -2.466345264191645 2.5038274883680023
      vertex -4.135036696906065 2.8379063497969073 2.538429439193539
    endloop
  endfacet
  facet normal -0.14514233862723108 -0.251393904831731 0.9569403357322089
    outer loop
      vertex -4.135036696906065 2.8379063497969073 2.538429439193539
      vertex 4.525217340938321 -2.1620936502030927 2.538429439193539
      vertex -3.947443586557103 3.162827148071184 2.6522409349774265
    endloop
  endfacet
  facet normal -0.23569836841299877 -0.4082415493524012 0.881921264348355
    outer loop
      vertex -3.947443586557103 3.162827148071184 2.6522409349774265
      vertex 4.712810451287282 -1.8371728519288164 2.6522409349774265
      vertex -3.7745567859025906 3.462275870762831 2.8370607753949093
    endloop
  endfacet
  facet normal -0.31719664208182274 -0.5494007000759572 0.7730104533627371
    outer loop
      vertex -3.7745567859025906 3.462275870762831 2.8370607753949093
      vertex 4.885697251941795 -1.5377241292371688 2.8370607753949093
      vertex -3.6230202377356453 3.7247448713915894 3.085786437626905
    endloop
  endfacet
  facet normal -0.3865052266813686 -0.6694466900030565 0.6343932841636452
    outer loop
      vertex -3.6230202377356453 3.7247448713915894 3.085786437626905
      vertex 5.037233800108741 -1.2752551286084108 3.085786437626905
      vertex -3.4986574066196474 3.940147613457605 3.3888595339607956
    endloop
  endfacet
  facet normal -0.44096063217417775 -0.7637662190633671 0.47139673682599703
    outer loop
      vertex -3.4986574066196474 3.940147613457605 3.3888595339607956
      vertex 5.161596631224738 -1.0598523865423952 3.3888595339607956
      vertex -3.406247486410906 4.1002062903825305 3.7346331352698203
    endloop
  endfacet
  facet normal -0.47847016786610436 -0.8287346406501023 0.29028467725446266
    outer loop
      vertex -3.406247486410906 4.1002062903825305 3.7346331352698203
      vertex 5.25400655143348 -0.8997937096174691 3.7346331352698203
      vertex -3.3493417385189623 4.198769936974083 4.109819355967743
    endloop
  endfacet
  facet normal -0.49759236333609846 -0.8618552547563956 0.09801714032956006
    outer loop
      vertex -3.3493417385189623 4.198769936974083 4.109819355967743
      vertex 5.310912299325423 -0.801230063025917 4.109819355967743
      vertex -3.3301270189221928 4.232050807568877 4.5
    endloop
  endfacet
  facet normal 0.4975923633360985 0.8618552547563956 -0.09801714032955958
    outer loop
      vertex -1.6303043332415594 -1.323769936974083 4.890180644032257
      vertex -5.330127018922193 0.7679491924311228 4.5
      vertex -5.310912299325423 0.801230063025917 4.890180644032257
    endloop
  endfacet
  facet normal 0.4784701678661044 0.8287346406501023 -0.290284677254463
    outer loop
      vertex -1.5733985853496157 -1.225206290382531 5.265366864730179
      vertex -5.310912299325423 0.801230063025917 4.890180644032257
      vertex -5.25400655143348 0.8997937096174691 5.265366864730179
    endloop
  endfacet
  facet normal 0.44096063217417764 0.7637662190633668 -0.4713967368259973
    outer loop
      vertex -1.4809886651408743 -1.0651476134576048 5.611140466039204
      vertex -5.25400655143348 0.8997937096174691 5.265366864730179
      vertex -5.161596631224738 1.0598523865423952 5.611140466039204
    endloop
  endfacet
  facet normal 0.38650522668136866 0.6694466900030567 -0.6343932841636449
    outer loop
      vertex -1.3566258340248765 -0.8497448713915892 5.914213562373095
      vertex -5.161596631224738 1.0598523865423952 5.611140466039204
      vertex -5.037233800108741 1.2752551286084108 5.914213562373095
    endloop
  endfacet
  facet normal 0.3171966420818227 0.5494007000759571 -0.773010453362737
    outer loop
      vertex -1.3566258340248765 -0.8497448713915892 5.914213562373095
      vertex -5.037233800108741 1.2752551286084108 5.914213562373095
      vertex -4.98497435427836 1.3657711439620235 5.99999
    endloop
  endfacet
  facet normal -0.3865052266813687 -0.6694466900030566 -0.6343932841636449
    outer loop
      vertex -3.6230202377356453 3.7247448713915894 5.914213562373095
      vertex 0.18195055946421623 1.8151476134576048 5.611140466039204
      vertex 0.05758772834821857 1.5997448713915892 5.914213562373095
    endloop
  endfacet
  facet normal -0.3171966420818227 -0.5494007000759571 -0.773010453362737
    outer loop
      vertex -3.6230202377356453 3.7247448713915894 5.914213562373095
      vertex 0.05758772834821857 1.5997448713915892 5.914213562373095
      vertex 0.005328282517837901 1.5092288560379763 5.99999
    endloop
  endfacet
  facet normal -0.4975923633360984 -0.8618552547563956 -0.09801714032956006
    outer loop
      vertex -3.3301270189221928 4.232050807568877 4.5
      vertex 0.350480947161671 2.107050807568877 4.5
      vertex -3.3493417385189623 4.198769936974083 4.890180644032257
    endloop
  endfacet
  facet normal -0.47847016786610436 -0.8287346406501022 -0.290284677254463
    outer loop
      vertex -3.3493417385189623 4.198769936974083 4.890180644032257
      vertex 0.3312662275649014 2.0737699369740827 4.890180644032257
      vertex -3.406247486410906 4.1002062903825305 5.265366864730179
    endloop
  endfacet
  facet normal -0.4409606321741778 -0.7637662190633674 -0.4713967368259966
    outer loop
      vertex -3.406247486410906 4.1002062903825305 5.265366864730179
      vertex 0.27436047967295774 1.975206290382531 5.265366864730179
      vertex -3.4986574066196474 3.940147613457605 5.611140466039204
    endloop
  endfacet
  facet normal -0.49759236333609846 -0.8618552547563955 -0.09801714032956063
    outer loop
      vertex -3.3493417385189623 4.198769936974083 4.890180644032257
      vertex 0.350480947161671 2.107050807568877 4.5
      vertex 0.3312662275649014 2.0737699369740827 4.890180644032257
    endloop
  endfacet
  facet normal -0.47847016786610447 -0.8287346406501026 -0.29028467725446205
    outer loop
      vertex -3.406247486410906 4.1002062903825305 5.265366864730179
      vertex 0.3312662275649014 2.0737699369740827 4.890180644032257
      vertex 0.27436047967295774 1.975206290382531 5.265366864730179
    endloop
  endfacet
  facet normal -0.3171966420818221 -0.5494007000759561 -0.7730104533627381
    outer loop
      vertex -3.6752796835660257 3.634228856037976 5.99999
      vertex -3.6230202377356453 3.7247448713915894 5.914213562373095
      vertex 0.005328282517837901 1.5092288560379763 5.99999
    endloop
  endfacet
  facet normal -0.3865052266813686 -0.6694466900030565 -0.6343932841636453
    outer loop
      vertex -3.6230202377356453 3.7247448713915894 5.914213562373095
      vertex -3.4986574066196474 3.940147613457605 5.611140466039204
      vertex 0.18195055946421623 1.8151476134576048 5.611140466039204
    endloop
  endfacet
  facet normal -0.44096063217417775 -0.7637662190633672 -0.4713967368259969
    outer loop
      vertex -3.4986574066196474 3.940147613457605 5.611140466039204
      vertex 0.27436047967295774 1.975206290382531 5.265366864730179
      vertex 0.18195055946421623 1.8151476134576048 5.611140466039204
    endloop
  endfacet
  facet normal 0.47847016786610447 0.8287346406501024 0.2902846772544626
    outer loop
      vertex -5.256337295160151 0.8957567430634519 3.75
      vertex 3.3493417385189623 -4.198769936974083 4.109819355967743
      vertex 3.4039167426842343 -4.104243256936548 3.75
    endloop
  endfacet
  facet normal 0.49759236333609846 0.8618552547563956 0.09801714032956063
    outer loop
      vertex -5.310912299325423 0.801230063025917 4.109819355967743
      vertex 3.3301270189221928 -4.232050807568877 4.5
      vertex 3.3493417385189623 -4.198769936974083 4.109819355967743
    endloop
  endfacet
  facet normal -0.04900857016478041 -0.0848853335317039 0.9951847266721969
    outer loop
      vertex -4.135036696906065 2.8379063497969073 2.538429439193539
      vertex 4.349557589700652 -2.466345264191645 2.5038274883680023
      vertex 4.525217340938321 -2.1620936502030927 2.538429439193539
    endloop
  endfacet
  facet normal -0.14514233862723108 -0.251393904831731 0.9569403357322089
    outer loop
      vertex -3.947443586557103 3.162827148071184 2.6522409349774265
      vertex 4.525217340938321 -2.1620936502030927 2.538429439193539
      vertex 4.712810451287282 -1.8371728519288164 2.6522409349774265
    endloop
  endfacet
  facet normal -0.49759236333609846 -0.8618552547563956 0.09801714032956056
    outer loop
      vertex 5.310912299325423 -0.801230063025917 4.109819355967743
      vertex 5.330127018922193 -0.7679491924311228 4.5
      vertex 1.649519052838329 1.3570508075688772 4.5
    endloop
  endfacet
  facet normal 0.49759236333609846 0.8618552547563955 -0.09801714032956102
    outer loop
      vertex -0.350480947161671 -2.107050807568877 4.5
      vertex -0.3312662275649014 -2.0737699369740827 4.890180644032257
      vertex 3.3493417385189623 -4.198769936974083 4.890180644032257
    endloop
  endfacet
  facet normal 0.47847016786610447 0.8287346406501025 -0.2902846772544624
    outer loop
      vertex -0.3312662275649014 -2.0737699369740827 4.890180644032257
      vertex -0.27436047967295774 -1.975206290382531 5.265366864730179
      vertex 3.406247486410906 -4.1002062903825305 5.265366864730179
    endloop
  endfacet
  facet normal 0.4975923633360984 0.8618552547563956 -0.0980171403295601
    outer loop
      vertex -0.350480947161671 -2.107050807568877 4.5
      vertex 3.3493417385189623 -4.198769936974083 4.890180644032257
      vertex 3.3301270189221928 -4.232050807568877 4.5
    endloop
  endfacet
  facet normal 0.4784701678661044 0.8287346406501023 -0.290284677254463
    outer loop
      vertex -0.3312662275649014 -2.0737699369740827 4.890180644032257
      vertex 3.406247486410906 -4.1002062903825305 5.265366864730179
      vertex 3.3493417385189623 -4.198769936974083 4.890180644032257
    endloop
  endfacet
  facet normal 0.4409606321741779 0.7637662190633676 -0.4713967368259961
    outer loop
      vertex -0.27436047967295774 -1.975206290382531 5.265366864730179
      vertex 3.4986574066196474 -3.940147613457605 5.611140466039204
      vertex 3.406247486410906 -4.1002062903825305 5.265366864730179
    endloop
  endfacet
  facet normal 0.4409606321741777 0.763766219063367 -0.4713967368259972
    outer loop
      vertex -0.27436047967295774 -1.975206290382531 5.265366864730179
      vertex -0.18195055946421623 -1.8151476134576048 5.611140466039204
      vertex 3.4986574066196474 -3.940147613457605 5.611140466039204
    endloop
  endfacet
  facet normal 0.3865052266813687 0.6694466900030566 -0.6343932841636449
    outer loop
      vertex -0.18195055946421623 -1.8151476134576048 5.611140466039204
      vertex 3.6230202377356453 -3.7247448713915894 5.914213562373095
      vertex 3.4986574066196474 -3.940147613457605 5.611140466039204
    endloop
  endfacet
  facet normal 0.3171966420818223 0.5494007000759564 -0.7730104533627377
    outer loop
      vertex -0.05758772834821857 -1.5997448713915892 5.914213562373095
      vertex 3.6752796835660257 -3.634228856037976 5.99999
      vertex 3.6230202377356453 -3.7247448713915894 5.914213562373095
    endloop
  endfacet
  facet normal 0.38650522668136855 0.6694466900030563 -0.6343932841636454
    outer loop
      vertex -0.18195055946421623 -1.8151476134576048 5.611140466039204
      vertex -0.05758772834821857 -1.5997448713915892 5.914213562373095
      vertex 3.6230202377356453 -3.7247448713915894 5.914213562373095
    endloop
  endfacet
  facet normal 0.3171966420818229 0.5494007000759575 -0.7730104533627368
    outer loop
      vertex -0.05758772834821857 -1.5997448713915892 5.914213562373095
      vertex -0.005328282517837901 -1.5092288560379763 5.99999
      vertex 3.6752796835660257 -3.634228856037976 5.99999
    endloop
  endfacet
  facet normal -0.4975923633360985 -0.8618552547563955 -0.09801714032956055
    outer loop
      vertex 5.330127018922193 -0.7679491924311228 4.5
      vertex 5.310912299325423 -0.801230063025917 4.890180644032257
      vertex 1.6303043332415594 1.323769936974083 4.890180644032257
    endloop
  endfacet
  facet normal -0.4784701678661044 -0.8287346406501024 -0.2902846772544626
    outer loop
      vertex 5.310912299325423 -0.801230063025917 4.890180644032257
      vertex 5.25400655143348 -0.8997937096174691 5.265366864730179
      vertex 1.5733985853496157 1.225206290382531 5.265366864730179
    endloop
  endfacet
  facet normal -0.4409606321741776 -0.7637662190633667 -0.4713967368259978
    outer loop
      vertex 5.25400655143348 -0.8997937096174691 5.265366864730179
      vertex 5.161596631224738 -1.0598523865423952 5.611140466039204
      vertex 1.4809886651408743 1.0651476134576048 5.611140466039204
    endloop
  endfacet
  facet normal -0.3865052266813687 -0.6694466900030568 -0.6343932841636447
    outer loop
      vertex 5.037233800108741 -1.2752551286084108 5.914213562373095
      vertex 1.3566258340248765 0.8497448713915892 5.914213562373095
      vertex 5.161596631224738 -1.0598523865423952 5.611140466039204
    endloop
  endfacet
  facet normal -0.3171966420818227 -0.5494007000759571 -0.7730104533627371
    outer loop
      vertex 5.037233800108741 -1.2752551286084108 5.914213562373095
      vertex 4.98497435427836 -1.3657711439620237 5.99999
      vertex 1.3566258340248765 0.8497448713915892 5.914213562373095
    endloop
  endfacet
  facet normal -0.2356983684129983 -0.40824154935240037 0.8819212643483557
    outer loop
      vertex -3.7745567859025906 3.462275870762831 2.8370607753949093
      vertex 4.712810451287282 -1.8371728519288164 2.6522409349774265
      vertex 4.885697251941795 -1.5377241292371688 2.8370607753949093
    endloop
  endfacet
  facet normal -0.31719664208182224 -0.5494007000759563 0.7730104533627378
    outer loop
      vertex -3.6230202377356453 3.7247448713915894 3.085786437626905
      vertex 4.885697251941795 -1.5377241292371688 2.8370607753949093
      vertex 5.037233800108741 -1.2752551286084108 3.085786437626905
    endloop
  endfacet
  facet normal -0.49759236333609824 -0.8618552547563954 0.09801714032956221
    outer loop
      vertex -3.3301270189221928 4.232050807568877 4.5
      vertex 5.310912299325423 -0.801230063025917 4.109819355967743
      vertex 0.350480947161671 2.107050807568877 4.5
    endloop
  endfacet
  facet normal -0.3865052266813685 -0.6694466900030562 0.6343932841636455
    outer loop
      vertex -3.4986574066196474 3.940147613457605 3.3888595339607956
      vertex 5.037233800108741 -1.2752551286084108 3.085786437626905
      vertex 5.161596631224738 -1.0598523865423952 3.3888595339607956
    endloop
  endfacet
  facet normal -0.44096063217417747 -0.7637662190633666 0.4713967368259979
    outer loop
      vertex -3.406247486410906 4.1002062903825305 3.7346331352698203
      vertex 5.161596631224738 -1.0598523865423952 3.3888595339607956
      vertex 5.25400655143348 -0.8997937096174691 3.7346331352698203
    endloop
  endfacet
  facet normal -0.47847016786610447 -0.8287346406501025 0.2902846772544623
    outer loop
      vertex -3.3493417385189623 4.198769936974083 4.109819355967743
      vertex 5.25400655143348 -0.8997937096174691 3.7346331352698203
      vertex 5.310912299325423 -0.801230063025917 4.109819355967743
    endloop
  endfacet
  facet normal -0.4975923633360985 -0.8618552547563954 0.0980171403295606
    outer loop
      vertex 5.310912299325423 -0.801230063025917 4.109819355967743
      vertex 1.649519052838329 1.3570508075688772 4.5
      vertex 0.350480947161671 2.107050807568877 4.5
    endloop
  endfacet
  facet normal -0.4784701678661044 -0.8287346406501023 -0.290284677254463
    outer loop
      vertex 5.310912299325423 -0.801230063025917 4.890180644032257
      vertex 1.5733985853496157 1.225206290382531 5.265366864730179
      vertex 1.6303043332415594 1.323769936974083 4.890180644032257
    endloop
  endfacet
  facet normal -0.44096063217417775 -0.7637662190633672 -0.4713967368259969
    outer loop
      vertex 5.25400655143348 -0.8997937096174691 5.265366864730179
      vertex 1.4809886651408743 1.0651476134576048 5.611140466039204
      vertex 1.5733985853496157 1.225206290382531 5.265366864730179
    endloop
  endfacet
  facet normal -0.3865052266813685 -0.6694466900030561 -0.6343932841636457
    outer loop
      vertex 5.161596631224738 -1.0598523865423952 5.611140466039204
      vertex 1.3566258340248765 0.8497448713915892 5.914213562373095
      vertex 1.4809886651408743 1.0651476134576048 5.611140466039204
    endloop
  endfacet
  facet normal -0.31719664208182347 -0.5494007000759584 -0.7730104533627358
    outer loop
      vertex 4.98497435427836 -1.3657711439620237 5.99999
      vertex 1.304366388194496 0.7592288560379763 5.99999
      vertex 1.3566258340248765 0.8497448713915892 5.914213562373095
    endloop
  endfacet
  facet normal -0.4975923633360985 -0.8618552547563956 -0.09801714032955958
    outer loop
      vertex 5.330127018922193 -0.7679491924311228 4.5
      vertex 1.6303043332415594 1.323769936974083 4.890180644032257
      vertex 1.649519052838329 1.3570508075688772 4.5
    endloop
  endfacet
  facet normal 0 0 -1
    outer loop
      vertex -12.490381056766578 8.36602540378444 8.5
      vertex -15.524999999999999 8.963362929168941 8.5
      vertex -15.024999999999999 9.829388332953378 8.5
    endloop
  endfacet
  facet normal 0 0 -1
    outer loop
      vertex -12.990381056766578 7.5 8.5
      vertex -15.524999999999999 8.963362929168941 8.5
      vertex -12.490381056766578 8.36602540378444 8.5
    endloop
  endfacet
  facet normal -0.5000000000000002 -0.8660254037844385 0
    outer loop
      vertex -12.990381056766578 7.5 8.5
      vertex -15.524999999999999 8.963362929168941 17.5
      vertex -15.524999999999999 8.963362929168941 8.5
    endloop
  endfacet
  facet normal 0.4999999999999998 0.8660254037844387 0
    outer loop
      vertex -12.490381056766578 8.36602540378444 8.5
      vertex -15.024999999999999 9.829388332953378 8.5
      vertex -12.490381056766578 8.36602540378444 17.5
    endloop
  endfacet
  facet normal 0.8660254037844387 -0.4999999999999997 0
    outer loop
      vertex -12.990381056766578 7.5 8.5
      vertex -12.490381056766578 8.36602540378444 8.5
      vertex -12.490381056766578 8.36602540378444 17.5
    endloop
  endfacet
  facet normal -0.5000000000000002 -0.8660254037844385 0
    outer loop
      vertex -12.990381056766578 7.5 8.5
      vertex -12.990381056766578 7.5 17.5
      vertex -15.524999999999999 8.963362929168941 17.5
    endloop
  endfacet
  facet normal 0.8660254037844387 -0.4999999999999997 0
    outer loop
      vertex -12.990381056766578 7.5 8.5
      vertex -12.490381056766578 8.36602540378444 17.5
      vertex -12.990381056766578 7.5 17.5
    endloop
  endfacet
  facet normal 0.4999999999999998 0.8660254037844387 0
    outer loop
      vertex -12.490381056766578 8.36602540378444 17.5
      vertex -15.024999999999999 9.829388332953378 8.5
      vertex -15.024999999999999 9.829388332953378 17.5
    endloop
  endfacet
  facet normal 0 0 1
    outer loop
      vertex -12.990381056766578 7.5 17.5
      vertex -15.024999999999999 9.829388332953378 17.5
      vertex -15.524999999999999 8.963362929168941 17.5
    endloop
  endfacet
  facet normal 0 0 1
    outer loop
      vertex -12.990381056766578 7.5 17.5
      vertex -12.490381056766578 8.36602540378444 17.5
      vertex -15.024999999999999 9.829388332953378 17.5
    endloop
  endfacet
  facet normal 0 0 -1
    outer loop
      vertex 13.856406460551018 -8 12.5
      vertex 14.356406460551018 -7.133974596215562 12.5
      vertex 16.025 -8.097337525384502 12.5
    endloop
  endfacet
  facet normal 0 0 -1
    outer loop
      vertex 13.856406460551018 -8 12.5
      vertex 16.025 -8.097337525384502 12.5
      vertex 15.524999999999999 -8.963362929168941 12.5
    endloop
  endfacet
  facet normal -0.8660254037844385 0.5000000000000001 0
    outer loop
      vertex 13.856406460551018 -8 12.5
      vertex 13.856406460551018 -8 17.5
      vertex 14.356406460551018 -7.133974596215562 12.5
    endloop
  endfacet
  facet normal -0.5000000000000006 -0.8660254037844384 0
    outer loop
      vertex 13.856406460551018 -8 12.5
      vertex 15.524999999999999 -8.963362929168941 12.5
      vertex 13.856406460551018 -8 17.5
    endloop
  endfacet
  facet normal 0.5000000000000002 0.8660254037844386 0
    outer loop
      vertex 14.356406460551018 -7.133974596215562 12.5
      vertex 16.025 -8.097337525384502 17.5
      vertex 16.025 -8.097337525384502 12.5
    endloop
  endfacet
  facet normal -0.8660254037844385 0.5000000000000001 0
    outer loop
      vertex 13.856406460551018 -8 17.5
      vertex 14.356406460551018 -7.133974596215562 17.5
      vertex 14.356406460551018 -7.133974596215562 12.5
    endloop
  endfacet
  facet normal -0.49999999999999983 -0.8660254037844387 2.9963576307794627e-16
    outer loop
      vertex 13.856406460551018 -8 17.5
      vertex 15.524999999999999 -8.963362929168941 12.5
      vertex 15.524999999999999 -8.96336292916894 17.5
    endloop
  endfacet
  facet normal 0.5000000000000002 0.8660254037844386 0
    outer loop
      vertex 14.356406460551018 -7.133974596215562 12.5
      vertex 14.356406460551018 -7.133974596215562 17.5
      vertex 16.025 -8.097337525384502 17.5
    endloop
  endfacet
  facet normal 0 0 1
    outer loop
      vertex 13.856406460551018 -8 17.5
      vertex 15.524999999999999 -8.96336292916894 17.5
      vertex 14.356406460551018 -7.133974596215562 17.5
    endloop
  endfacet
  facet normal 0 0 1
    outer loop
      vertex 14.356406460551018 -7.133974596215562 17.5
      vertex 15.524999999999999 -8.96336292916894 17.5
      vertex 16.025 -8.097337525384502 17.5
    endloop
  endfacet
  facet normal 0 0 -1
    outer loop
      vertex 13.490381056766578 6.633974596215562 8.5
      vertex 12.990381056766578 7.5 8.5
      vertex 16.025 8.0973375253845 8.5
    endloop
  endfacet
  facet normal 0 0 -1
    outer loop
      vertex 12.990381056766578 7.5 8.5
      vertex 15.524999999999999 8.963362929168941 8.5
      vertex 16.025 8.0973375253845 8.5
    endloop
  endfacet
  facet normal -0.8660254037844386 -0.5000000000000001 0
    outer loop
      vertex 13.490381056766578 6.633974596215562 8.5
      vertex 13.490381056766578 6.633974596215562 17.5
      vertex 12.990381056766578 7.5 8.5
    endloop
  endfacet
  facet normal -0.5000000000000002 0.8660254037844385 0
    outer loop
      vertex 12.990381056766578 7.5 8.5
      vertex 12.990381056766578 7.5 17.5
      vertex 15.524999999999999 8.963362929168941 8.5
    endloop
  endfacet
  facet normal 0.4999999999999996 -0.8660254037844389 0
    outer loop
      vertex 13.490381056766578 6.633974596215562 8.5
      vertex 16.025 8.0973375253845 8.5
      vertex 16.025 8.0973375253845 17.5
    endloop
  endfacet
  facet normal -0.8660254037844386 -0.5000000000000001 0
    outer loop
      vertex 12.990381056766578 7.5 8.5
      vertex 13.490381056766578 6.633974596215562 17.5
      vertex 12.990381056766578 7.5 17.5
    endloop
  endfacet
  facet normal 0.4999999999999996 -0.8660254037844389 0
    outer loop
      vertex 13.490381056766578 6.633974596215562 8.5
      vertex 16.025 8.0973375253845 17.5
      vertex 13.490381056766578 6.633974596215562 17.5
    endloop
  endfacet
  facet normal -0.5000000000000002 0.8660254037844385 0
    outer loop
      vertex 15.524999999999999 8.963362929168941 8.5
      vertex 12.990381056766578 7.5 17.5
      vertex 15.524999999999999 8.963362929168941 17.5
    endloop
  endfacet
  facet normal 0 0 1
    outer loop
      vertex 13.490381056766578 6.633974596215562 17.5
      vertex 15.524999999999999 8.963362929168941 17.5
      vertex 12.990381056766578 7.5 17.5
    endloop
  endfacet
  facet normal 0 0 1
    outer loop
      vertex 13.490381056766578 6.633974596215562 17.5
      vertex 16.025 8.0973375253845 17.5
      vertex 15.524999999999999 8.963362929168941 17.5
    endloop
  endfacet
  facet normal 0 0 -1
    outer loop
      vertex -15.024999999999999 -9.829388332953378 8.5
      vertex -15.524999999999999 -8.96336292916894 8.5
      vertex -13.356406460551018 -8.86602540378444 8.5
    endloop
  endfacet
  facet normal 0 0 -1
    outer loop
      vertex -15.524999999999999 -8.96336292916894 8.5
      vertex -13.856406460551018 -8 8.5
      vertex -13.356406460551018 -8.86602540378444 8.5
    endloop
  endfacet
  facet normal -0.4999999999999998 0.8660254037844387 0
    outer loop
      vertex -15.524999999999999 -8.96336292916894 8.5
      vertex -15.524999999999999 -8.96336292916894 17.5
      vertex -13.856406460551018 -8 8.5
    endloop
  endfacet
  facet normal 0.4999999999999998 -0.8660254037844387 0
    outer loop
      vertex -15.024999999999999 -9.829388332953378 8.5
      vertex -13.356406460551018 -8.86602540378444 8.5
      vertex -13.356406460551018 -8.86602540378444 17.5
    endloop
  endfacet
  facet normal 0.8660254037844387 0.4999999999999997 0
    outer loop
      vertex -13.356406460551018 -8.86602540378444 8.5
      vertex -13.856406460551018 -8 8.5
      vertex -13.856406460551018 -8 17.5
    endloop
  endfacet
  facet normal 0.4999999999999998 -0.8660254037844387 0
    outer loop
      vertex -15.024999999999999 -9.829388332953378 8.5
      vertex -13.356406460551018 -8.86602540378444 17.5
      vertex -15.024999999999999 -9.829388332953378 17.5
    endloop
  endfacet
  facet normal -0.4999999999999998 0.8660254037844387 0
    outer loop
      vertex -13.856406460551018 -8 8.5
      vertex -15.524999999999999 -8.96336292916894 17.5
      vertex -13.856406460551018 -8 17.5
    endloop
  endfacet
  facet normal 0.8660254037844387 0.4999999999999997 0
    outer loop
      vertex -13.356406460551018 -8.86602540378444 8.5
      vertex -13.856406460551018 -8 17.5
      vertex -13.356406460551018 -8.86602540378444 17.5
    endloop
  endfacet
  facet normal 0 0 1
    outer loop
      vertex -15.817314231882081 -10.28683116801327 17.5
      vertex -15.524999999999999 -8.96336292916894 17.5
      vertex -16.247506810570883 -9.380502430743379 17.5
    endloop
  endfacet
  facet normal 0 0 1
    outer loop
      vertex -15.817314231882081 -10.28683116801327 17.5
      vertex -13.856406460551018 -8 17.5
      vertex -15.524999999999999 -8.96336292916894 17.5
    endloop
  endfacet
  facet normal 0 0 1
    outer loop
      vertex -15.817314231882081 -10.28683116801327 17.5
      vertex -15.024999999999999 -9.829388332953378 17.5
      vertex -13.856406460551018 -8 17.5
    endloop
  endfacet
  facet normal 0 0 1
    outer loop
      vertex -15.024999999999999 -9.829388332953378 17.5
      vertex -13.356406460551018 -8.86602540378444 17.5
      vertex -13.856406460551018 -8 17.5
    endloop
  endfacet
  facet normal 0 0 -1
    outer loop
      vertex 0 15 8.5
      vertex 1 17.92672585833788 8.5
      vertex 1 15 8.5
    endloop
  endfacet
  facet normal 0 0 -1
    outer loop
      vertex 0 15 8.5
      vertex 0 17.92672585833788 8.5
      vertex 1 17.92672585833788 8.5
    endloop
  endfacet
  facet normal 0 -1 0
    outer loop
      vertex 0 15 8.5
      vertex 1 15 8.5
      vertex 1 15 17.5
    endloop
  endfacet
  facet normal -1 0 0
    outer loop
      vertex 0 15 8.5
      vertex 0 15 17.5
      vertex 0 17.92672585833788 8.5
    endloop
  endfacet
  facet normal 1 0 0
    outer loop
      vertex 1 15 8.5
      vertex 1 17.92672585833788 8.5
      vertex 1 17.92672585833788 17.5
    endloop
  endfacet
  facet normal 0 -1 0
    outer loop
      vertex 0 15 8.5
      vertex 1 15 17.5
      vertex 0 15 17.5
    endloop
  endfacet
  facet normal 1 0 0
    outer loop
      vertex 1 15 8.5
      vertex 1 17.92672585833788 17.5
      vertex 1 15 17.5
    endloop
  endfacet
  facet normal -1 0 0
    outer loop
      vertex 0 17.92672585833788 8.5
      vertex 0 15 17.5
      vertex 0 17.92672585833788 17.5
    endloop
  endfacet
  facet normal 0 0 1
    outer loop
      vertex 0 15 17.5
      vertex 1 15 17.5
      vertex 0 17.92672585833788 17.5
    endloop
  endfacet
  facet normal 0 0 1
    outer loop
      vertex 1 15 17.5
      vertex 1 17.92672585833788 17.5
      vertex 0 17.92672585833788 17.5
    endloop
  endfacet
  facet normal 0 0 -1
    outer loop
      vertex 0 -17.92672585833788 8.5
      vertex 1 -16 8.5
      vertex 1 -17.92672585833788 8.5
    endloop
  endfacet
  facet normal 0 0 -1
    outer loop
      vertex 0 -17.92672585833788 8.5
      vertex 0 -16 8.5
      vertex 1 -16 8.5
    endloop
  endfacet
  facet normal -1 0 0
    outer loop
      vertex 0 -17.92672585833788 8.5
      vertex 0 -17.92672585833788 17.5
      vertex 0 -16 8.5
    endloop
  endfacet
  facet normal 0 1 0
    outer loop
      vertex 0 -16 8.5
      vertex 0 -16 17.5
      vertex 1 -16 8.5
    endloop
  endfacet
  facet normal 1 0 0
    outer loop
      vertex 1 -17.92672585833788 8.5
      vertex 1 -16 8.5
      vertex 1 -16 17.5
    endloop
  endfacet
  facet normal 1 0 0
    outer loop
      vertex 1 -17.92672585833788 8.5
      vertex 1 -16 17.5
      vertex 1 -17.92672585833788 17.5
    endloop
  endfacet
  facet normal -1 0 0
    outer loop
      vertex 0 -16 8.5
      vertex 0 -17.92672585833788 17.5
      vertex 0 -16 17.5
    endloop
  endfacet
  facet normal 0 1 0
    outer loop
      vertex 1 -16 8.5
      vertex 0 -16 17.5
      vertex 1 -16 17.5
    endloop
  endfacet
  facet normal 0 0 1
    outer loop
      vertex 0 -18.761004861932477 17.5
      vertex 1 -18.841611528946448 17.5
      vertex 0 -17.92672585833788 17.5
    endloop
  endfacet
  facet normal 0 0 1
    outer loop
      vertex 1 -18.841611528946448 17.5
      vertex 0 -16 17.5
      vertex 0 -17.92672585833788 17.5
    endloop
  endfacet
  facet normal 0 0 1
    outer loop
      vertex 1 -18.841611528946448 17.5
      vertex 1 -17.92672585833788 17.5
      vertex 0 -16 17.5
    endloop
  endfacet
  facet normal 0 0 1
    outer loop
      vertex 1 -17.92672585833788 17.5
      vertex 1 -16 17.5
      vertex 0 -16 17.5
    endloop
  endfacet
endsolid OpenSCAD_Model
