solid OpenSCAD_Model
  facet normal -0.8660254037844386 0.5000000000000002 0
    outer loop
      vertex -6.830127018922193 -1.8301270189221928 3.75
      vertex -6.830127018922193 -1.8301270189221928 5.99999
      vertex -5.737458794898587 0.06242986090274383 3.75
    endloop
  endfacet
  facet normal -0.8660254037844387 0.49999999999999994 -1.641263124197747e-16
    outer loop
      vertex -6.830127018922193 -1.8301270189221928 5.99999
      vertex -5.310912299325423 0.801230063025917 4.109819355967743
      vertex -5.737458794898587 0.06242986090274383 3.75
    endloop
  endfacet
  facet normal -0.5 -0.8660254037844387 -1.578983857244667e-15
    outer loop
      vertex -6.830127018922193 -1.8301270189221928 3.75
      vertex -1.850480947161671 -4.705127018922193 4.5
      vertex -3.149519052838329 -3.9551270189221928 4.5
    endloop
  endfacet
  facet normal -0.5000000000000001 -0.8660254037844387 0
    outer loop
      vertex -6.830127018922193 -1.8301270189221928 3.75
      vertex 1.8301270189221928 -6.830127018922193 3.75
      vertex -1.850480947161671 -4.705127018922193 4.5
    endloop
  endfacet
  facet normal -0.8660254037844386 0.5000000000000002 3.9903849855175836e-16
    outer loop
      vertex -6.830127018922193 -1.8301270189221928 5.99999
      vertex -5.330127018922193 0.7679491924311228 4.5
      vertex -5.310912299325423 0.801230063025917 4.109819355967743
    endloop
  endfacet
  facet normal -0.8660254037844387 0.49999999999999983 -3.6158148353809104e-16
    outer loop
      vertex -6.830127018922193 -1.8301270189221928 5.99999
      vertex -5.310912299325423 0.801230063025917 4.890180644032257
      vertex -5.330127018922193 0.7679491924311228 4.5
    endloop
  endfacet
  facet normal -0.8660254037844386 0.4999999999999999 -7.01404323447393e-16
    outer loop
      vertex -6.830127018922193 -1.8301270189221928 5.99999
      vertex -5.25400655143348 0.8997937096174691 5.265366864730179
      vertex -5.310912299325423 0.801230063025917 4.890180644032257
    endloop
  endfacet
  facet normal -0.5000000000000001 -0.8660254037844386 0
    outer loop
      vertex -1.850480947161671 -4.705127018922193 4.5
      vertex 1.8301270189221928 -6.830127018922193 5.99999
      vertex -1.850480947161671 -4.705127018922193 5.99999
    endloop
  endfacet
  facet normal -0.5000000000000001 -0.8660254037844386 0
    outer loop
      vertex -6.830127018922193 -1.8301270189221928 3.75
      vertex -3.149519052838329 -3.9551270189221928 4.5
      vertex -3.149519052838329 -3.9551270189221928 5.99999
    endloop
  endfacet
  facet normal -0.5 -0.8660254037844386 0
    outer loop
      vertex -6.830127018922193 -1.8301270189221928 3.75
      vertex -3.149519052838329 -3.9551270189221928 5.99999
      vertex -6.830127018922193 -1.8301270189221928 5.99999
    endloop
  endfacet
  facet normal 0 0 1
    outer loop
      vertex -6.830127018922193 -1.8301270189221928 5.99999
      vertex -1.304366388194496 -0.7592288560379763 5.99999
      vertex -4.98497435427836 1.3657711439620235 5.99999
    endloop
  endfacet
  facet normal 0 0 1
    outer loop
      vertex -6.830127018922193 -1.8301270189221928 5.99999
      vertex -3.149519052838329 -3.9551270189221928 5.99999
      vertex -1.304366388194496 -0.7592288560379763 5.99999
    endloop
  endfacet
  facet normal 0 0 1
    outer loop
      vertex -1.850480947161671 -4.705127018922193 5.99999
      vertex 1.8301270189221928 -6.830127018922193 5.99999
      vertex -0.005328282517837901 -1.5092288560379763 5.99999
    endloop
  endfacet
  facet normal -0.8660254037844385 0.5000000000000001 -4.830593430314174e-16
    outer loop
      vertex -5.124621226894677 1.123895665472463 2.0055911630923644
      vertex -5.351926049145095 0.7301921645293267 2.378679656440357
      vertex -4.525217340938321 2.1620936502030927 2.538429439193539
    endloop
  endfacet
  facet normal -0.8660254037844428 0.49999999999999273 1.868956748960655e-14
    outer loop
      vertex -5.119381707345284 1.1329707795392614 1.99999
      vertex -5.124621226894677 1.123895665472463 2.0055911630923644
      vertex -4.525217340938321 2.1620936502030927 2.538429439193539
    endloop
  endfacet
  facet normal -0.8660254037844387 0.49999999999999994 2.489902148901029e-16
    outer loop
      vertex -5.119381707345284 1.1329707795392614 1.99999
      vertex -4.525217340938321 2.1620936502030927 2.538429439193539
      vertex -3.4631500473852634 4.001648163694158 1.99999
    endloop
  endfacet
  facet normal -0.866025403784445 0.49999999999998884 -4.994513930089815e-14
    outer loop
      vertex -3.4631500473852634 4.001648163694158 1.99999
      vertex -4.525217340938321 2.1620936502030927 2.538429439193539
      vertex -3.457910527835871 4.010723277760957 2.0055911630923644
    endloop
  endfacet
  facet normal 0 0 -1
    outer loop
      vertex -5.119381707345284 1.1329707795392614 1.99999
      vertex -3.4631500473852634 4.001648163694158 1.99999
      vertex 5.197103990459122 -0.9983518363058418 1.99999
    endloop
  endfacet
  facet normal -0.8660254037844385 0.5000000000000002 -1.1375922014646216e-15
    outer loop
      vertex -5.538470295819092 0.4070880514303032 2.8332893009411935
      vertex -4.712810451287282 1.8371728519288164 2.6522409349774265
      vertex -5.351926049145095 0.7301921645293267 2.378679656440357
    endloop
  endfacet
  facet normal -0.8660254037844383 0.5000000000000007 6.366430864935353e-16
    outer loop
      vertex -5.538470295819092 0.4070880514303032 2.8332893009411935
      vertex -5.677085176132204 0.16700003604291444 3.3519497029047307
      vertex -5.161596631224738 1.0598523865423952 3.3888595339607956
    endloop
  endfacet
  facet normal -0.8660254037844387 0.49999999999999994 1.6655232965912846e-15
    outer loop
      vertex -5.538470295819092 0.4070880514303032 2.8332893009411935
      vertex -5.161596631224738 1.0598523865423952 3.3888595339607956
      vertex -5.037233800108741 1.2752551286084108 3.085786437626905
    endloop
  endfacet
  facet normal -0.8660254037844384 0.5000000000000004 -3.4069941127304845e-16
    outer loop
      vertex -5.538470295819092 0.4070880514303032 2.8332893009411935
      vertex -5.037233800108741 1.2752551286084108 3.085786437626905
      vertex -4.885697251941795 1.5377241292371688 2.8370607753949093
    endloop
  endfacet
  facet normal -0.8660254037844384 0.5000000000000004 -4.576448405906077e-16
    outer loop
      vertex -5.538470295819092 0.4070880514303032 2.8332893009411935
      vertex -4.885697251941795 1.5377241292371688 2.8370607753949093
      vertex -4.712810451287282 1.8371728519288164 2.6522409349774265
    endloop
  endfacet
  facet normal -0.8660254037844386 0.5000000000000002 -8.94930395450133e-16
    outer loop
      vertex -5.351926049145095 0.7301921645293267 2.378679656440357
      vertex -4.712810451287282 1.8371728519288164 2.6522409349774265
      vertex -4.525217340938321 2.1620936502030927 2.538429439193539
    endloop
  endfacet
  facet normal -0.8660254037844387 0.4999999999999998 1.1594379425727611e-15
    outer loop
      vertex -5.737458794898587 0.06242986090274383 3.75
      vertex -5.25400655143348 0.8997937096174691 3.7346331352698203
      vertex -5.677085176132204 0.16700003604291444 3.3519497029047307
    endloop
  endfacet
  facet normal -0.8660254037844388 0.4999999999999998 4.612855483932459e-16
    outer loop
      vertex -5.737458794898587 0.06242986090274383 3.75
      vertex -5.310912299325423 0.801230063025917 4.109819355967743
      vertex -5.25400655143348 0.8997937096174691 3.7346331352698203
    endloop
  endfacet
  facet normal -0.8660254037844382 0.5000000000000008 -1.2223547260675881e-15
    outer loop
      vertex -5.677085176132204 0.16700003604291444 3.3519497029047307
      vertex -5.25400655143348 0.8997937096174691 3.7346331352698203
      vertex -5.161596631224738 1.0598523865423952 3.3888595339607956
    endloop
  endfacet
  facet normal -0.866025403784439 0.49999999999999944 -1.7640623524160647e-15
    outer loop
      vertex -3.457910527835871 4.010723277760957 2.0055911630923644
      vertex -4.525217340938321 2.1620936502030927 2.538429439193539
      vertex -4.330127018922193 2.5 2.5
    endloop
  endfacet
  facet normal -0.8660254037844387 0.49999999999999956 -8.541940050146363e-16
    outer loop
      vertex -3.457910527835871 4.010723277760957 2.0055911630923644
      vertex -4.330127018922193 2.5 2.5
      vertex -4.135036696906065 2.8379063497969073 2.538429439193539
    endloop
  endfacet
  facet normal -0.8660254037844387 0.4999999999999998 3.135841765108402e-16
    outer loop
      vertex -3.457910527835871 4.010723277760957 2.0055911630923644
      vertex -4.135036696906065 2.8379063497969073 2.538429439193539
      vertex -3.947443586557103 3.162827148071184 2.6522409349774265
    endloop
  endfacet
  facet normal -0.8660254037844385 0.5000000000000002 1.2350838444312467e-15
    outer loop
      vertex -3.947443586557103 3.162827148071184 2.6522409349774265
      vertex -3.7745567859025906 3.462275870762831 2.8370607753949093
      vertex -3.2306057055854525 4.404426778704094 2.378679656440357
    endloop
  endfacet
  facet normal -0.8660254037844386 0.5000000000000001 5.47321422878512e-16
    outer loop
      vertex -3.457910527835871 4.010723277760957 2.0055911630923644
      vertex -3.947443586557103 3.162827148071184 2.6522409349774265
      vertex -3.2306057055854525 4.404426778704094 2.378679656440357
    endloop
  endfacet
  facet normal -0.8660254037844389 0.4999999999999996 -5.422173527210418e-16
    outer loop
      vertex -3.7745567859025906 3.462275870762831 2.8370607753949093
      vertex -3.6230202377356453 3.7247448713915894 3.085786437626905
      vertex -3.2306057055854525 4.404426778704094 2.378679656440357
    endloop
  endfacet
  facet normal -0.8660254037844385 0.5000000000000002 5.143198932086847e-16
    outer loop
      vertex -3.2306057055854525 4.404426778704094 2.378679656440357
      vertex -3.4986574066196474 3.940147613457605 3.3888595339607956
      vertex -3.0440614589114556 4.727530891803117 2.8332893009411935
    endloop
  endfacet
  facet normal -0.8660254037844385 0.5000000000000006 6.037668311580216e-16
    outer loop
      vertex -3.2306057055854525 4.404426778704094 2.378679656440357
      vertex -3.6230202377356453 3.7247448713915894 3.085786437626905
      vertex -3.4986574066196474 3.940147613457605 3.3888595339607956
    endloop
  endfacet
  facet normal -0.8660254037844385 0.5000000000000003 7.986163482416478e-16
    outer loop
      vertex -3.0440614589114556 4.727530891803117 2.8332893009411935
      vertex -3.4986574066196474 3.940147613457605 3.3888595339607956
      vertex -3.406247486410906 4.1002062903825305 3.7346331352698203
    endloop
  endfacet
  facet normal -0.8660254037844387 0.4999999999999997 1.5528651215809804e-16
    outer loop
      vertex -3.0440614589114556 4.727530891803117 2.8332893009411935
      vertex -3.406247486410906 4.1002062903825305 3.7346331352698203
      vertex -2.9054465785983434 4.967618907190507 3.3519497029047307
    endloop
  endfacet
  facet normal -0.8660254037844389 0.49999999999999956 -6.784327502068797e-16
    outer loop
      vertex -3.406247486410906 4.1002062903825305 3.7346331352698203
      vertex -3.3493417385189623 4.198769936974083 4.109819355967743
      vertex -2.9054465785983434 4.967618907190507 3.3519497029047307
    endloop
  endfacet
  facet normal -0.8660254037844385 0.5000000000000002 2.956470617361949e-16
    outer loop
      vertex -3.3493417385189623 4.198769936974083 4.109819355967743
      vertex -3.3301270189221928 4.232050807568877 4.5
      vertex -2.9054465785983434 4.967618907190507 3.3519497029047307
    endloop
  endfacet
  facet normal -0.8660254037844384 0.5000000000000003 4.657832971947257e-16
    outer loop
      vertex -3.3301270189221928 4.232050807568877 4.5
      vertex -2.8450729598319593 5.072189082330677 3.75
      vertex -2.9054465785983434 4.967618907190507 3.3519497029047307
    endloop
  endfacet
  facet normal -0.8660254037844387 0.49999999999999994 -3.2740428391638405e-16
    outer loop
      vertex -3.3301270189221928 4.232050807568877 4.5
      vertex -3.3493417385189623 4.198769936974083 4.890180644032257
      vertex -2.8450729598319593 5.072189082330677 3.75
    endloop
  endfacet
  facet normal -0.8660254037844387 0.4999999999999999 0
    outer loop
      vertex -2.8450729598319593 5.072189082330677 3.75
      vertex -1.8301270189221928 6.830127018922193 5.99999
      vertex -1.8301270189221928 6.830127018922193 3.75
    endloop
  endfacet
  facet normal -0.8660254037844384 0.5000000000000002 7.246090608061441e-16
    outer loop
      vertex -6.830127018922193 -1.8301270189221928 5.99999
      vertex -5.161596631224738 1.0598523865423952 5.611140466039204
      vertex -5.25400655143348 0.8997937096174691 5.265366864730179
    endloop
  endfacet
  facet normal -0.8660254037844387 0.5 -8.015398204438091e-16
    outer loop
      vertex -6.830127018922193 -1.8301270189221928 5.99999
      vertex -5.037233800108741 1.2752551286084108 5.914213562373095
      vertex -5.161596631224738 1.0598523865423952 5.611140466039204
    endloop
  endfacet
  facet normal -0.8660254037844386 0.5000000000000001 2.8058852803698235e-15
    outer loop
      vertex -6.830127018922193 -1.8301270189221928 5.99999
      vertex -4.98497435427836 1.3657711439620235 5.99999
      vertex -5.037233800108741 1.2752551286084108 5.914213562373095
    endloop
  endfacet
  facet normal -0.8660254037844387 0.5000000000000002 -9.518285367770234e-16
    outer loop
      vertex -3.4986574066196474 3.940147613457605 5.611140466039204
      vertex -3.6230202377356453 3.7247448713915894 5.914213562373095
      vertex -1.8301270189221928 6.830127018922193 5.99999
    endloop
  endfacet
  facet normal -0.8660254037844386 0.5 6.225557965820545e-15
    outer loop
      vertex -3.6752796835660257 3.634228856037976 5.99999
      vertex -1.8301270189221928 6.830127018922193 5.99999
      vertex -3.6230202377356453 3.7247448713915894 5.914213562373095
    endloop
  endfacet
  facet normal 0 0 1
    outer loop
      vertex -3.6752796835660257 3.634228856037976 5.99999
      vertex 0.005328282517837901 1.5092288560379763 5.99999
      vertex -1.8301270189221928 6.830127018922193 5.99999
    endloop
  endfacet
  facet normal -0.8660254037844388 0.49999999999999983 7.671609787705858e-16
    outer loop
      vertex -3.3493417385189623 4.198769936974083 4.890180644032257
      vertex -3.406247486410906 4.1002062903825305 5.265366864730179
      vertex -1.8301270189221928 6.830127018922193 5.99999
    endloop
  endfacet
  facet normal -0.8660254037844385 0.5000000000000001 -9.510493923080647e-16
    outer loop
      vertex -3.406247486410906 4.1002062903825305 5.265366864730179
      vertex -3.4986574066196474 3.940147613457605 5.611140466039204
      vertex -1.8301270189221928 6.830127018922193 5.99999
    endloop
  endfacet
  facet normal -0.8660254037844385 0.5 -1.695498847439273e-16
    outer loop
      vertex -2.8450729598319593 5.072189082330677 3.75
      vertex -3.3493417385189623 4.198769936974083 4.890180644032257
      vertex -1.8301270189221928 6.830127018922193 5.99999
    endloop
  endfacet
  facet normal 0.5 0.8660254037844386 0
    outer loop
      vertex -1.8301270189221928 6.830127018922193 3.75
      vertex -1.8301270189221928 6.830127018922193 5.99999
      vertex 1.850480947161671 4.705127018922193 4.5
    endloop
  endfacet
  facet normal 0.8660254037844387 -0.5 0
    outer loop
      vertex 1.8301270189221928 -6.830127018922193 3.75
      vertex 2.9227952429457984 -4.9375701390972555 3.75
      vertex 1.8301270189221928 -6.830127018922193 5.99999
    endloop
  endfacet
  facet normal 0 0 -1
    outer loop
      vertex -5.119381707345284 1.1329707795392614 1.99999
      vertex 5.197103990459122 -0.9983518363058418 1.99999
      vertex 3.5408723304991008 -3.8670292204607386 1.99999
    endloop
  endfacet
  facet normal 0.8660254037844427 -0.4999999999999929 -1.9042200838467046e-14
    outer loop
      vertex 3.5408723304991008 -3.8670292204607386 1.99999
      vertex 4.135036696906065 -2.8379063497969073 2.538429439193539
      vertex 3.5356328109497084 -3.876104334527537 2.0055911630923644
    endloop
  endfacet
  facet normal 0.8660254037844386 -0.5 -7.469706446703086e-16
    outer loop
      vertex 3.5408723304991008 -3.8670292204607386 1.99999
      vertex 5.197103990459122 -0.9983518363058418 1.99999
      vertex 4.135036696906065 -2.8379063497969073 2.538429439193539
    endloop
  endfacet
  facet normal 0.8660254037844425 -0.4999999999999933 2.976928104865441e-14
    outer loop
      vertex 5.197103990459122 -0.9983518363058418 1.99999
      vertex 5.2023435100085145 -0.9892767222390433 2.0055911630923644
      vertex 4.135036696906065 -2.8379063497969073 2.538429439193539
    endloop
  endfacet
  facet normal 0.8660254037844386 -0.5000000000000002 -9.654250370895469e-16
    outer loop
      vertex 5.2023435100085145 -0.9892767222390433 2.0055911630923644
      vertex 5.429648332258933 -0.5955732212959074 2.378679656440357
      vertex 4.525217340938321 -2.1620936502030927 2.538429439193539
    endloop
  endfacet
  facet normal 0.8660254037844388 -0.4999999999999998 2.523520146350426e-17
    outer loop
      vertex 3.121783742025294 -4.592911948569697 2.8332893009411935
      vertex 3.3083279886992907 -4.269807835470673 2.378679656440357
      vertex 3.4986574066196474 -3.940147613457605 3.3888595339607956
    endloop
  endfacet
  facet normal 0.8660254037844386 -0.5000000000000001 -3.2313810331154485e-16
    outer loop
      vertex 3.5356328109497084 -3.876104334527537 2.0055911630923644
      vertex 3.947443586557103 -3.162827148071184 2.6522409349774265
      vertex 3.3083279886992907 -4.269807835470673 2.378679656440357
    endloop
  endfacet
  facet normal 0.8660254037844388 -0.4999999999999998 -7.484331036884706e-16
    outer loop
      vertex 3.3083279886992907 -4.269807835470673 2.378679656440357
      vertex 3.7745567859025906 -3.462275870762831 2.8370607753949093
      vertex 3.6230202377356453 -3.7247448713915894 3.085786437626905
    endloop
  endfacet
  facet normal 0.8660254037844385 -0.5000000000000003 8.149031507117267e-16
    outer loop
      vertex 3.121783742025294 -4.592911948569697 2.8332893009411935
      vertex 3.406247486410906 -4.1002062903825305 3.7346331352698203
      vertex 2.983168861712182 -4.832999963957085 3.3519497029047307
    endloop
  endfacet
  facet normal 0.8660254037844382 -0.5000000000000008 4.163808241478212e-16
    outer loop
      vertex 3.3083279886992907 -4.269807835470673 2.378679656440357
      vertex 3.6230202377356453 -3.7247448713915894 3.085786437626905
      vertex 3.4986574066196474 -3.940147613457605 3.3888595339607956
    endloop
  endfacet
  facet normal 0.8660254037844385 -0.5000000000000004 8.403688741714667e-16
    outer loop
      vertex 3.121783742025294 -4.592911948569697 2.8332893009411935
      vertex 3.4986574066196474 -3.940147613457605 3.3888595339607956
      vertex 3.406247486410906 -4.1002062903825305 3.7346331352698203
    endloop
  endfacet
  facet normal 0.8660254037844386 -0.5 -4.951170493654603e-16
    outer loop
      vertex 3.5356328109497084 -3.876104334527537 2.0055911630923644
      vertex 4.135036696906065 -2.8379063497969073 2.538429439193539
      vertex 3.947443586557103 -3.162827148071184 2.6522409349774265
    endloop
  endfacet
  facet normal 0.8660254037844385 -0.5000000000000003 1.0067531200971085e-15
    outer loop
      vertex 3.3083279886992907 -4.269807835470673 2.378679656440357
      vertex 3.947443586557103 -3.162827148071184 2.6522409349774265
      vertex 3.7745567859025906 -3.462275870762831 2.8370607753949093
    endloop
  endfacet
  facet normal 0.8660254037844386 -0.5000000000000001 -3.0797570349588967e-16
    outer loop
      vertex 2.9227952429457984 -4.9375701390972555 3.75
      vertex 2.983168861712182 -4.832999963957085 3.3519497029047307
      vertex 3.3493417385189623 -4.198769936974083 4.109819355967743
    endloop
  endfacet
  facet normal 0.8660254037844388 -0.49999999999999967 -7.688092473220768e-16
    outer loop
      vertex 2.983168861712182 -4.832999963957085 3.3519497029047307
      vertex 3.406247486410906 -4.1002062903825305 3.7346331352698203
      vertex 3.3493417385189623 -4.198769936974083 4.109819355967743
    endloop
  endfacet
  facet normal 0.8660254037844386 -0.5000000000000003 1.601184541297609e-16
    outer loop
      vertex 2.9227952429457984 -4.9375701390972555 3.75
      vertex 3.3493417385189623 -4.198769936974083 4.109819355967743
      vertex 3.3301270189221928 -4.232050807568877 4.5
    endloop
  endfacet
  facet normal 0.8660254037844387 -0.49999999999999983 -1.920509548809461e-16
    outer loop
      vertex 2.9227952429457984 -4.9375701390972555 3.75
      vertex 3.3301270189221928 -4.232050807568877 4.5
      vertex 3.3493417385189623 -4.198769936974083 4.890180644032257
    endloop
  endfacet
  facet normal 0.866025403784439 -0.49999999999999944 1.7640623524160647e-15
    outer loop
      vertex 5.2023435100085145 -0.9892767222390433 2.0055911630923644
      vertex 4.330127018922193 -2.5 2.5
      vertex 4.135036696906065 -2.8379063497969073 2.538429439193539
    endloop
  endfacet
  facet normal 0.8660254037844387 -0.49999999999999956 8.541940050146363e-16
    outer loop
      vertex 5.2023435100085145 -0.9892767222390433 2.0055911630923644
      vertex 4.525217340938321 -2.1620936502030927 2.538429439193539
      vertex 4.330127018922193 -2.5 2.5
    endloop
  endfacet
  facet normal 0.8660254037844386 -0.5000000000000002 -2.0884147546301985e-16
    outer loop
      vertex 4.525217340938321 -2.1620936502030927 2.538429439193539
      vertex 5.429648332258933 -0.5955732212959074 2.378679656440357
      vertex 4.712810451287282 -1.8371728519288164 2.6522409349774265
    endloop
  endfacet
  facet normal 0.8660254037844385 -0.5000000000000003 -4.0918697529478253e-16
    outer loop
      vertex 4.712810451287282 -1.8371728519288164 2.6522409349774265
      vertex 5.616192578932931 -0.27246910819688186 2.8332893009411935
      vertex 4.885697251941795 -1.5377241292371688 2.8370607753949093
    endloop
  endfacet
  facet normal 0.8660254037844385 -0.5000000000000003 -5.89114155019297e-16
    outer loop
      vertex 4.712810451287282 -1.8371728519288164 2.6522409349774265
      vertex 5.429648332258933 -0.5955732212959074 2.378679656440357
      vertex 5.616192578932931 -0.27246910819688186 2.8332893009411935
    endloop
  endfacet
  facet normal 0.8660254037844385 -0.5000000000000003 -5.329866277099958e-16
    outer loop
      vertex 4.885697251941795 -1.5377241292371688 2.8370607753949093
      vertex 5.616192578932931 -0.27246910819688186 2.8332893009411935
      vertex 5.037233800108741 -1.2752551286084108 3.085786437626905
    endloop
  endfacet
  facet normal 0.8660254037844386 -0.4999999999999999 1.7777578917430626e-15
    outer loop
      vertex 5.037233800108741 -1.2752551286084108 3.085786437626905
      vertex 5.616192578932931 -0.27246910819688186 2.8332893009411935
      vertex 5.161596631224738 -1.0598523865423952 3.3888595339607956
    endloop
  endfacet
  facet normal 0.8660254037844384 -0.5000000000000002 9.760866478509027e-16
    outer loop
      vertex 5.616192578932931 -0.27246910819688186 2.8332893009411935
      vertex 5.754807459246042 -0.0323810928094941 3.3519497029047307
      vertex 5.161596631224738 -1.0598523865423952 3.3888595339607956
    endloop
  endfacet
  facet normal 0.8660254037844384 -0.5000000000000003 -1.297751565892678e-15
    outer loop
      vertex 5.161596631224738 -1.0598523865423952 3.3888595339607956
      vertex 5.754807459246042 -0.0323810928094941 3.3519497029047307
      vertex 5.25400655143348 -0.8997937096174691 3.7346331352698203
    endloop
  endfacet
  facet normal 0.8660254037844387 -0.49999999999999967 6.238667885606939e-16
    outer loop
      vertex 5.25400655143348 -0.8997937096174691 3.7346331352698203
      vertex 5.754807459246042 -0.0323810928094941 3.3519497029047307
      vertex 5.815181078012426 0.07218908233067761 3.75
    endloop
  endfacet
  facet normal 0.8660254037844389 -0.4999999999999997 4.467727867216038e-16
    outer loop
      vertex 5.25400655143348 -0.8997937096174691 3.7346331352698203
      vertex 5.815181078012426 0.07218908233067761 3.75
      vertex 5.310912299325423 -0.801230063025917 4.109819355967743
    endloop
  endfacet
  facet normal 0.8660254037844387 -0.4999999999999999 -5.962134601756494e-17
    outer loop
      vertex 5.310912299325423 -0.801230063025917 4.109819355967743
      vertex 5.815181078012426 0.07218908233067761 3.75
      vertex 5.330127018922193 -0.7679491924311228 4.5
    endloop
  endfacet
  facet normal -0.5 -0.8660254037844386 0
    outer loop
      vertex -1.850480947161671 -4.705127018922193 4.5
      vertex 1.8301270189221928 -6.830127018922193 3.75
      vertex 1.8301270189221928 -6.830127018922193 5.99999
    endloop
  endfacet
  facet normal 0.8660254037844386 -0.5000000000000001 -1.0067472704762922e-16
    outer loop
      vertex 2.9227952429457984 -4.9375701390972555 3.75
      vertex 3.3493417385189623 -4.198769936974083 4.890180644032257
      vertex 1.8301270189221928 -6.830127018922193 5.99999
    endloop
  endfacet
  facet normal 0.8660254037844388 -0.49999999999999983 7.014043234473928e-16
    outer loop
      vertex 1.8301270189221928 -6.830127018922193 5.99999
      vertex 3.3493417385189623 -4.198769936974083 4.890180644032257
      vertex 3.406247486410906 -4.1002062903825305 5.265366864730179
    endloop
  endfacet
  facet normal 0.8660254037844386 -0.5 -7.246090608061443e-16
    outer loop
      vertex 1.8301270189221928 -6.830127018922193 5.99999
      vertex 3.406247486410906 -4.1002062903825305 5.265366864730179
      vertex 3.4986574066196474 -3.940147613457605 5.611140466039204
    endloop
  endfacet
  facet normal 0 0 1
    outer loop
      vertex -0.005328282517837901 -1.5092288560379763 5.99999
      vertex 1.8301270189221928 -6.830127018922193 5.99999
      vertex 3.6752796835660257 -3.634228856037976 5.99999
    endloop
  endfacet
  facet normal 0.8660254037844386 -0.5000000000000001 -8.015398204438089e-16
    outer loop
      vertex 1.8301270189221928 -6.830127018922193 5.99999
      vertex 3.4986574066196474 -3.940147613457605 5.611140466039204
      vertex 3.6230202377356453 -3.7247448713915894 5.914213562373095
    endloop
  endfacet
  facet normal 0.8660254037844386 -0.5 5.611770560739646e-15
    outer loop
      vertex 1.8301270189221928 -6.830127018922193 5.99999
      vertex 3.6230202377356453 -3.7247448713915894 5.914213562373095
      vertex 3.6752796835660257 -3.634228856037976 5.99999
    endloop
  endfacet
  facet normal 0.8660254037844387 -0.5 -1.8034645959985704e-15
    outer loop
      vertex 5.161596631224738 -1.0598523865423952 5.611140466039204
      vertex 6.830127018922193 1.8301270189221928 5.99999
      vertex 5.037233800108741 -1.2752551286084108 5.914213562373095
    endloop
  endfacet
  facet normal 0.8660254037844386 -0.5000000000000001 1.9290461302542538e-15
    outer loop
      vertex 5.037233800108741 -1.2752551286084108 5.914213562373095
      vertex 6.830127018922193 1.8301270189221928 5.99999
      vertex 4.98497435427836 -1.3657711439620237 5.99999
    endloop
  endfacet
  facet normal 0.8660254037844386 -0.5000000000000002 1.3586419890115206e-15
    outer loop
      vertex 5.25400655143348 -0.8997937096174691 5.265366864730179
      vertex 6.830127018922193 1.8301270189221928 5.99999
      vertex 5.161596631224738 -1.0598523865423952 5.611140466039204
    endloop
  endfacet
  facet normal 0.5000000000000001 0.8660254037844387 0
    outer loop
      vertex -1.8301270189221928 6.830127018922193 3.75
      vertex 3.149519052838329 3.9551270189221928 4.5
      vertex 6.830127018922193 1.8301270189221928 3.75
    endloop
  endfacet
  facet normal 0.5 0.8660254037844387 1.578983857244667e-15
    outer loop
      vertex -1.8301270189221928 6.830127018922193 3.75
      vertex 1.850480947161671 4.705127018922193 4.5
      vertex 3.149519052838329 3.9551270189221928 4.5
    endloop
  endfacet
  facet normal 0.8660254037844385 -0.5000000000000001 0
    outer loop
      vertex 5.815181078012426 0.07218908233067761 3.75
      vertex 6.830127018922193 1.8301270189221928 3.75
      vertex 6.830127018922193 1.8301270189221928 5.99999
    endloop
  endfacet
  facet normal 0 0 1
    outer loop
      vertex -1.8301270189221928 6.830127018922193 5.99999
      vertex 0.005328282517837901 1.5092288560379763 5.99999
      vertex 1.850480947161671 4.705127018922193 5.99999
    endloop
  endfacet
  facet normal 0 0 1
    outer loop
      vertex 1.304366388194496 0.7592288560379763 5.99999
      vertex 6.830127018922193 1.8301270189221928 5.99999
      vertex 3.149519052838329 3.9551270189221928 5.99999
    endloop
  endfacet
  facet normal 0 0 1
    outer loop
      vertex 4.98497435427836 -1.3657711439620237 5.99999
      vertex 6.830127018922193 1.8301270189221928 5.99999
      vertex 1.304366388194496 0.7592288560379763 5.99999
    endloop
  endfacet
  facet normal 0.5000000000000001 0.8660254037844386 0
    outer loop
      vertex 3.149519052838329 3.9551270189221928 4.5
      vertex 3.149519052838329 3.9551270189221928 5.99999
      vertex 6.830127018922193 1.8301270189221928 3.75
    endloop
  endfacet
  facet normal 0.5 0.8660254037844386 0
    outer loop
      vertex 6.830127018922193 1.8301270189221928 3.75
      vertex 3.149519052838329 3.9551270189221928 5.99999
      vertex 6.830127018922193 1.8301270189221928 5.99999
    endloop
  endfacet
  facet normal 0.5000000000000001 0.8660254037844386 0
    outer loop
      vertex -1.8301270189221928 6.830127018922193 5.99999
      vertex 1.850480947161671 4.705127018922193 5.99999
      vertex 1.850480947161671 4.705127018922193 4.5
    endloop
  endfacet
  facet normal 0.8660254037844386 -0.49999999999999994 -2.397144045779062e-16
    outer loop
      vertex 5.330127018922193 -0.7679491924311228 4.5
      vertex 5.815181078012426 0.07218908233067761 3.75
      vertex 6.830127018922193 1.8301270189221928 5.99999
    endloop
  endfacet
  facet normal 0.8660254037844386 -0.5000000000000002 3.389826408169606e-17
    outer loop
      vertex 5.330127018922193 -0.7679491924311228 4.5
      vertex 6.830127018922193 1.8301270189221928 5.99999
      vertex 5.310912299325423 -0.801230063025917 4.890180644032257
    endloop
  endfacet
  facet normal 0.8660254037844386 -0.49999999999999983 -5.041343574778136e-16
    outer loop
      vertex 5.310912299325423 -0.801230063025917 4.890180644032257
      vertex 6.830127018922193 1.8301270189221928 5.99999
      vertex 5.25400655143348 -0.8997937096174691 5.265366864730179
    endloop
  endfacet
  facet normal 0 0 1
    outer loop
      vertex -3.149519052838329 -3.9551270189221928 4.5
      vertex -1.850480947161671 -4.705127018922193 4.5
      vertex -0.350480947161671 -2.107050807568877 4.5
    endloop
  endfacet
  facet normal 0 0 1
    outer loop
      vertex -3.149519052838329 -3.9551270189221928 4.5
      vertex -0.350480947161671 -2.107050807568877 4.5
      vertex -1.649519052838329 -1.3570508075688772 4.5
    endloop
  endfacet
  facet normal 0.8660254037844387 -0.5000000000000001 0
    outer loop
      vertex -3.149519052838329 -3.9551270189221928 4.5
      vertex -1.649519052838329 -1.3570508075688772 4.5
      vertex -3.149519052838329 -3.9551270189221928 5.99999
    endloop
  endfacet
  facet normal -0.8660254037844387 0.5 0
    outer loop
      vertex -1.850480947161671 -4.705127018922193 4.5
      vertex -1.850480947161671 -4.705127018922193 5.99999
      vertex -0.18195055946421623 -1.8151476134576048 5.611140466039204
    endloop
  endfacet
  facet normal -0.8660254037844386 0.5000000000000001 -3.7938769870001477e-16
    outer loop
      vertex -1.850480947161671 -4.705127018922193 4.5
      vertex -0.3312662275649014 -2.0737699369740827 4.890180644032257
      vertex -0.350480947161671 -2.107050807568877 4.5
    endloop
  endfacet
  facet normal -0.8660254037844387 0.5 0
    outer loop
      vertex -1.850480947161671 -4.705127018922193 4.5
      vertex -0.27436047967295774 -1.975206290382531 5.265366864730179
      vertex -0.3312662275649014 -2.0737699369740827 4.890180644032257
    endloop
  endfacet
  facet normal -0.8660254037844386 0.5000000000000002 0
    outer loop
      vertex -1.850480947161671 -4.705127018922193 4.5
      vertex -0.18195055946421623 -1.8151476134576048 5.611140466039204
      vertex -0.27436047967295774 -1.975206290382531 5.265366864730179
    endloop
  endfacet
  facet normal -0.8660254037844386 0.5000000000000001 8.015398204438089e-16
    outer loop
      vertex -1.850480947161671 -4.705127018922193 5.99999
      vertex -0.05758772834821857 -1.5997448713915892 5.914213562373095
      vertex -0.18195055946421623 -1.8151476134576048 5.611140466039204
    endloop
  endfacet
  facet normal -0.8660254037844386 0.5 -2.805885280369823e-15
    outer loop
      vertex -1.850480947161671 -4.705127018922193 5.99999
      vertex -0.005328282517837901 -1.5092288560379763 5.99999
      vertex -0.05758772834821857 -1.5997448713915892 5.914213562373095
    endloop
  endfacet
  facet normal 0.8660254037844386 -0.5000000000000002 -3.389826408169606e-17
    outer loop
      vertex -1.649519052838329 -1.3570508075688772 4.5
      vertex -1.6303043332415594 -1.323769936974083 4.890180644032257
      vertex -3.149519052838329 -3.9551270189221928 5.99999
    endloop
  endfacet
  facet normal 0.8660254037844384 -0.5000000000000002 0
    outer loop
      vertex -3.149519052838329 -3.9551270189221928 5.99999
      vertex -1.6303043332415594 -1.323769936974083 4.890180644032257
      vertex -1.5733985853496157 -1.225206290382531 5.265366864730179
    endloop
  endfacet
  facet normal 0.8660254037844387 -0.4999999999999999 0
    outer loop
      vertex -3.149519052838329 -3.9551270189221928 5.99999
      vertex -1.5733985853496157 -1.225206290382531 5.265366864730179
      vertex -1.4809886651408743 -1.0651476134576048 5.611140466039204
    endloop
  endfacet
  facet normal 0.8660254037844386 -0.5000000000000001 -8.015398204438089e-16
    outer loop
      vertex -3.149519052838329 -3.9551270189221928 5.99999
      vertex -1.4809886651408743 -1.0651476134576048 5.611140466039204
      vertex -1.3566258340248765 -0.8497448713915892 5.914213562373095
    endloop
  endfacet
  facet normal 0.8660254037844386 -0.5 2.805885280369823e-15
    outer loop
      vertex -3.149519052838329 -3.9551270189221928 5.99999
      vertex -1.3566258340248765 -0.8497448713915892 5.914213562373095
      vertex -1.304366388194496 -0.7592288560379763 5.99999
    endloop
  endfacet
  facet normal 0 0 1
    outer loop
      vertex 0.350480947161671 2.107050807568877 4.5
      vertex 1.649519052838329 1.3570508075688772 4.5
      vertex 3.149519052838329 3.9551270189221928 4.5
    endloop
  endfacet
  facet normal 0 0 1
    outer loop
      vertex 0.350480947161671 2.107050807568877 4.5
      vertex 3.149519052838329 3.9551270189221928 4.5
      vertex 1.850480947161671 4.705127018922193 4.5
    endloop
  endfacet
  facet normal -0.8660254037844386 0.5000000000000002 -3.389826408169606e-17
    outer loop
      vertex 1.649519052838329 1.3570508075688772 4.5
      vertex 1.6303043332415594 1.323769936974083 4.890180644032257
      vertex 3.149519052838329 3.9551270189221928 5.99999
    endloop
  endfacet
  facet normal -0.8660254037844386 0.5 4.3837770215462043e-17
    outer loop
      vertex 1.5733985853496157 1.225206290382531 5.265366864730179
      vertex 3.149519052838329 3.9551270189221928 5.99999
      vertex 1.6303043332415594 1.323769936974083 4.890180644032257
    endloop
  endfacet
  facet normal -0.8660254037844386 0.5 1.8115226520153607e-16
    outer loop
      vertex 1.5733985853496157 1.225206290382531 5.265366864730179
      vertex 1.4809886651408743 1.0651476134576048 5.611140466039204
      vertex 3.149519052838329 3.9551270189221928 5.99999
    endloop
  endfacet
  facet normal -0.8660254037844386 0.5000000000000001 -6.011548653328567e-16
    outer loop
      vertex 1.4809886651408743 1.0651476134576048 5.611140466039204
      vertex 1.3566258340248765 0.8497448713915892 5.914213562373095
      vertex 3.149519052838329 3.9551270189221928 5.99999
    endloop
  endfacet
  facet normal -0.8660254037844386 0.5000000000000001 2.5428335353351528e-15
    outer loop
      vertex 1.3566258340248765 0.8497448713915892 5.914213562373095
      vertex 1.304366388194496 0.7592288560379763 5.99999
      vertex 3.149519052838329 3.9551270189221928 5.99999
    endloop
  endfacet
  facet normal 0.8660254037844386 -0.5000000000000001 -2.489731772718847e-16
    outer loop
      vertex 0.350480947161671 2.107050807568877 4.5
      vertex 1.850480947161671 4.705127018922193 4.5
      vertex 0.3312662275649014 2.0737699369740827 4.890180644032257
    endloop
  endfacet
  facet normal 0.8660254037844387 -0.5 0
    outer loop
      vertex 1.850480947161671 4.705127018922193 4.5
      vertex 0.27436047967295774 1.975206290382531 5.265366864730179
      vertex 0.3312662275649014 2.0737699369740827 4.890180644032257
    endloop
  endfacet
  facet normal 0.8660254037844386 -0.5000000000000002 0
    outer loop
      vertex 1.850480947161671 4.705127018922193 4.5
      vertex 0.18195055946421623 1.8151476134576048 5.611140466039204
      vertex 0.27436047967295774 1.975206290382531 5.265366864730179
    endloop
  endfacet
  facet normal 0.8660254037844387 -0.5 0
    outer loop
      vertex 1.850480947161671 4.705127018922193 4.5
      vertex 1.850480947161671 4.705127018922193 5.99999
      vertex 0.18195055946421623 1.8151476134576048 5.611140466039204
    endloop
  endfacet
  facet normal -0.8660254037844387 0.5000000000000001 0
    outer loop
      vertex 1.649519052838329 1.3570508075688772 4.5
      vertex 3.149519052838329 3.9551270189221928 5.99999
      vertex 3.149519052838329 3.9551270189221928 4.5
    endloop
  endfacet
  facet normal 0.8660254037844386 -0.5 0
    outer loop
      vertex 0.18195055946421623 1.8151476134576048 5.611140466039204
      vertex 1.850480947161671 4.705127018922193 5.99999
      vertex 0.05758772834821857 1.5997448713915892 5.914213562373095
    endloop
  endfacet
  facet normal 0.8660254037844386 -0.5 -2.630517450346709e-16
    outer loop
      vertex 0.005328282517837901 1.5092288560379763 5.99999
      vertex 0.05758772834821857 1.5997448713915892 5.914213562373095
      vertex 1.850480947161671 4.705127018922193 5.99999
    endloop
  endfacet
  facet normal 0.23569836841299868 0.40824154935240103 0.8819212643483553
    outer loop
      vertex -4.712810451287282 1.8371728519288164 2.6522409349774265
      vertex -4.885697251941795 1.5377241292371688 2.8370607753949093
      vertex 3.7745567859025906 -3.462275870762831 2.8370607753949093
    endloop
  endfacet
  facet normal 0.3865052266813687 0.6694466900030567 0.6343932841636448
    outer loop
      vertex -5.161596631224738 1.0598523865423952 3.3888595339607956
      vertex 3.4986574066196474 -3.940147613457605 3.3888595339607956
      vertex -5.037233800108741 1.2752551286084108 3.085786437626905
    endloop
  endfacet
  facet normal 0.31719664208182274 0.5494007000759572 0.7730104533627371
    outer loop
      vertex -4.885697251941795 1.5377241292371688 2.8370607753949093
      vertex -5.037233800108741 1.2752551286084108 3.085786437626905
      vertex 3.6230202377356453 -3.7247448713915894 3.085786437626905
    endloop
  endfacet
  facet normal 0.44096063217417736 0.7637662190633665 0.47139673682599825
    outer loop
      vertex -5.161596631224738 1.0598523865423952 3.3888595339607956
      vertex -5.25400655143348 0.8997937096174691 3.7346331352698203
      vertex 3.406247486410906 -4.1002062903825305 3.7346331352698203
    endloop
  endfacet
  facet normal 0.47847016786610447 0.8287346406501025 0.2902846772544623
    outer loop
      vertex -5.25400655143348 0.8997937096174691 3.7346331352698203
      vertex -5.310912299325423 0.801230063025917 4.109819355967743
      vertex 3.3493417385189623 -4.198769936974083 4.109819355967743
    endloop
  endfacet
  facet normal 0.4975923633360984 0.8618552547563956 0.09801714032956062
    outer loop
      vertex -1.649519052838329 -1.3570508075688772 4.5
      vertex -0.350480947161671 -2.107050807568877 4.5
      vertex -5.310912299325423 0.801230063025917 4.109819355967743
    endloop
  endfacet
  facet normal 0.4975923633360984 0.8618552547563956 0.09801714032956117
    outer loop
      vertex -0.350480947161671 -2.107050807568877 4.5
      vertex 3.3301270189221928 -4.232050807568877 4.5
      vertex -5.310912299325423 0.801230063025917 4.109819355967743
    endloop
  endfacet
  facet normal 0.49759236333609846 0.8618552547563955 -0.09801714032956055
    outer loop
      vertex -1.649519052838329 -1.3570508075688772 4.5
      vertex -5.330127018922193 0.7679491924311228 4.5
      vertex -1.6303043332415594 -1.323769936974083 4.890180644032257
    endloop
  endfacet
  facet normal 0.4784701678661044 0.8287346406501023 -0.29028467725446283
    outer loop
      vertex -1.6303043332415594 -1.323769936974083 4.890180644032257
      vertex -5.310912299325423 0.801230063025917 4.890180644032257
      vertex -1.5733985853496157 -1.225206290382531 5.265366864730179
    endloop
  endfacet
  facet normal 0.4409606321741777 0.7637662190633671 -0.4713967368259971
    outer loop
      vertex -1.5733985853496157 -1.225206290382531 5.265366864730179
      vertex -5.25400655143348 0.8997937096174691 5.265366864730179
      vertex -1.4809886651408743 -1.0651476134576048 5.611140466039204
    endloop
  endfacet
  facet normal 0.38650522668136855 0.6694466900030562 -0.6343932841636455
    outer loop
      vertex -1.4809886651408743 -1.0651476134576048 5.611140466039204
      vertex -5.161596631224738 1.0598523865423952 5.611140466039204
      vertex -1.3566258340248765 -0.8497448713915892 5.914213562373095
    endloop
  endfacet
  facet normal 0.31719664208182313 0.5494007000759579 -0.7730104533627364
    outer loop
      vertex -1.3566258340248765 -0.8497448713915892 5.914213562373095
      vertex -4.98497435427836 1.3657711439620235 5.99999
      vertex -1.304366388194496 -0.7592288560379763 5.99999
    endloop
  endfacet
  facet normal 0.4975923633360985 0.8618552547563956 0.0980171403295601
    outer loop
      vertex -1.649519052838329 -1.3570508075688772 4.5
      vertex -5.310912299325423 0.801230063025917 4.109819355967743
      vertex -5.330127018922193 0.7679491924311228 4.5
    endloop
  endfacet
  facet normal 0.04900857016478038 0.08488533353170383 0.9951847266721969
    outer loop
      vertex -4.525217340938321 2.1620936502030927 2.538429439193539
      vertex 4.135036696906065 -2.8379063497969073 2.538429439193539
      vertex -4.330127018922193 2.5 2.5
    endloop
  endfacet
  facet normal 0.14514233862723114 0.25139390483173113 0.9569403357322089
    outer loop
      vertex -4.712810451287282 1.8371728519288164 2.6522409349774265
      vertex 3.947443586557103 -3.162827148071184 2.6522409349774265
      vertex -4.525217340938321 2.1620936502030927 2.538429439193539
    endloop
  endfacet
  facet normal -0.04900857016478038 -0.08488533353170383 0.9951847266721969
    outer loop
      vertex -4.330127018922193 2.5 2.5
      vertex 4.330127018922193 -2.5 2.5
      vertex -4.135036696906065 2.8379063497969073 2.538429439193539
    endloop
  endfacet
  facet normal -0.14514233862723108 -0.251393904831731 0.9569403357322089
    outer loop
      vertex -4.135036696906065 2.8379063497969073 2.538429439193539
      vertex 4.525217340938321 -2.1620936502030927 2.538429439193539
      vertex -3.947443586557103 3.162827148071184 2.6522409349774265
    endloop
  endfacet
  facet normal -0.23569836841299877 -0.4082415493524012 0.881921264348355
    outer loop
      vertex -3.947443586557103 3.162827148071184 2.6522409349774265
      vertex 4.712810451287282 -1.8371728519288164 2.6522409349774265
      vertex -3.7745567859025906 3.462275870762831 2.8370607753949093
    endloop
  endfacet
  facet normal -0.31719664208182274 -0.5494007000759572 0.7730104533627371
    outer loop
      vertex -3.7745567859025906 3.462275870762831 2.8370607753949093
      vertex 4.885697251941795 -1.5377241292371688 2.8370607753949093
      vertex -3.6230202377356453 3.7247448713915894 3.085786437626905
    endloop
  endfacet
  facet normal -0.3865052266813686 -0.6694466900030565 0.6343932841636452
    outer loop
      vertex -3.6230202377356453 3.7247448713915894 3.085786437626905
      vertex 5.037233800108741 -1.2752551286084108 3.085786437626905
      vertex -3.4986574066196474 3.940147613457605 3.3888595339607956
    endloop
  endfacet
  facet normal -0.44096063217417775 -0.7637662190633671 0.47139673682599703
    outer loop
      vertex -3.4986574066196474 3.940147613457605 3.3888595339607956
      vertex 5.161596631224738 -1.0598523865423952 3.3888595339607956
      vertex -3.406247486410906 4.1002062903825305 3.7346331352698203
    endloop
  endfacet
  facet normal -0.47847016786610436 -0.8287346406501023 0.29028467725446266
    outer loop
      vertex -3.406247486410906 4.1002062903825305 3.7346331352698203
      vertex 5.25400655143348 -0.8997937096174691 3.7346331352698203
      vertex -3.3493417385189623 4.198769936974083 4.109819355967743
    endloop
  endfacet
  facet normal -0.49759236333609846 -0.8618552547563956 0.09801714032956006
    outer loop
      vertex -3.3493417385189623 4.198769936974083 4.109819355967743
      vertex 5.310912299325423 -0.801230063025917 4.109819355967743
      vertex -3.3301270189221928 4.232050807568877 4.5
    endloop
  endfacet
  facet normal 0.4975923633360985 0.8618552547563956 -0.09801714032955958
    outer loop
      vertex -1.6303043332415594 -1.323769936974083 4.890180644032257
      vertex -5.330127018922193 0.7679491924311228 4.5
      vertex -5.310912299325423 0.801230063025917 4.890180644032257
    endloop
  endfacet
  facet normal 0.4784701678661044 0.8287346406501023 -0.290284677254463
    outer loop
      vertex -1.5733985853496157 -1.225206290382531 5.265366864730179
      vertex -5.310912299325423 0.801230063025917 4.890180644032257
      vertex -5.25400655143348 0.8997937096174691 5.265366864730179
    endloop
  endfacet
  facet normal 0.44096063217417764 0.7637662190633668 -0.4713967368259973
    outer loop
      vertex -1.4809886651408743 -1.0651476134576048 5.611140466039204
      vertex -5.25400655143348 0.8997937096174691 5.265366864730179
      vertex -5.161596631224738 1.0598523865423952 5.611140466039204
    endloop
  endfacet
  facet normal 0.38650522668136866 0.6694466900030567 -0.6343932841636449
    outer loop
      vertex -1.3566258340248765 -0.8497448713915892 5.914213562373095
      vertex -5.161596631224738 1.0598523865423952 5.611140466039204
      vertex -5.037233800108741 1.2752551286084108 5.914213562373095
    endloop
  endfacet
  facet normal 0.3171966420818227 0.5494007000759571 -0.773010453362737
    outer loop
      vertex -1.3566258340248765 -0.8497448713915892 5.914213562373095
      vertex -5.037233800108741 1.2752551286084108 5.914213562373095
      vertex -4.98497435427836 1.3657711439620235 5.99999
    endloop
  endfacet
  facet normal -0.3865052266813687 -0.6694466900030566 -0.6343932841636449
    outer loop
      vertex -3.6230202377356453 3.7247448713915894 5.914213562373095
      vertex 0.18195055946421623 1.8151476134576048 5.611140466039204
      vertex 0.05758772834821857 1.5997448713915892 5.914213562373095
    endloop
  endfacet
  facet normal -0.3171966420818227 -0.5494007000759571 -0.773010453362737
    outer loop
      vertex -3.6230202377356453 3.7247448713915894 5.914213562373095
      vertex 0.05758772834821857 1.5997448713915892 5.914213562373095
      vertex 0.005328282517837901 1.5092288560379763 5.99999
    endloop
  endfacet
  facet normal -0.47847016786610436 -0.8287346406501022 -0.290284677254463
    outer loop
      vertex -3.3493417385189623 4.198769936974083 4.890180644032257
      vertex 0.3312662275649014 2.0737699369740827 4.890180644032257
      vertex -3.406247486410906 4.1002062903825305 5.265366864730179
    endloop
  endfacet
  facet normal -0.4975923633360984 -0.8618552547563956 -0.09801714032956006
    outer loop
      vertex -3.3301270189221928 4.232050807568877 4.5
      vertex 0.350480947161671 2.107050807568877 4.5
      vertex -3.3493417385189623 4.198769936974083 4.890180644032257
    endloop
  endfacet
  facet normal -0.4409606321741778 -0.7637662190633674 -0.4713967368259966
    outer loop
      vertex -3.406247486410906 4.1002062903825305 5.265366864730179
      vertex 0.27436047967295774 1.975206290382531 5.265366864730179
      vertex -3.4986574066196474 3.940147613457605 5.611140466039204
    endloop
  endfacet
  facet normal -0.3865052266813686 -0.6694466900030565 -0.6343932841636453
    outer loop
      vertex -3.4986574066196474 3.940147613457605 5.611140466039204
      vertex 0.18195055946421623 1.8151476134576048 5.611140466039204
      vertex -3.6230202377356453 3.7247448713915894 5.914213562373095
    endloop
  endfacet
  facet normal -0.49759236333609846 -0.8618552547563955 -0.09801714032956063
    outer loop
      vertex -3.3493417385189623 4.198769936974083 4.890180644032257
      vertex 0.350480947161671 2.107050807568877 4.5
      vertex 0.3312662275649014 2.0737699369740827 4.890180644032257
    endloop
  endfacet
  facet normal -0.47847016786610447 -0.8287346406501026 -0.29028467725446205
    outer loop
      vertex -3.406247486410906 4.1002062903825305 5.265366864730179
      vertex 0.3312662275649014 2.0737699369740827 4.890180644032257
      vertex 0.27436047967295774 1.975206290382531 5.265366864730179
    endloop
  endfacet
  facet normal -0.44096063217417775 -0.7637662190633672 -0.4713967368259969
    outer loop
      vertex -3.4986574066196474 3.940147613457605 5.611140466039204
      vertex 0.27436047967295774 1.975206290382531 5.265366864730179
      vertex 0.18195055946421623 1.8151476134576048 5.611140466039204
    endloop
  endfacet
  facet normal -0.3171966420818221 -0.5494007000759561 -0.7730104533627381
    outer loop
      vertex -3.6752796835660257 3.634228856037976 5.99999
      vertex -3.6230202377356453 3.7247448713915894 5.914213562373095
      vertex 0.005328282517837901 1.5092288560379763 5.99999
    endloop
  endfacet
  facet normal 0.47847016786610447 0.8287346406501025 0.2902846772544623
    outer loop
      vertex -5.25400655143348 0.8997937096174691 3.7346331352698203
      vertex 3.3493417385189623 -4.198769936974083 4.109819355967743
      vertex 3.406247486410906 -4.1002062903825305 3.7346331352698203
    endloop
  endfacet
  facet normal 0.49759236333609846 0.8618552547563956 0.09801714032956063
    outer loop
      vertex -5.310912299325423 0.801230063025917 4.109819355967743
      vertex 3.3301270189221928 -4.232050807568877 4.5
      vertex 3.3493417385189623 -4.198769936974083 4.109819355967743
    endloop
  endfacet
  facet normal 0.14514233862723108 0.251393904831731 0.9569403357322089
    outer loop
      vertex -4.525217340938321 2.1620936502030927 2.538429439193539
      vertex 3.947443586557103 -3.162827148071184 2.6522409349774265
      vertex 4.135036696906065 -2.8379063497969073 2.538429439193539
    endloop
  endfacet
  facet normal 0.2356983684129983 0.40824154935240037 0.8819212643483557
    outer loop
      vertex -4.712810451287282 1.8371728519288164 2.6522409349774265
      vertex 3.7745567859025906 -3.462275870762831 2.8370607753949093
      vertex 3.947443586557103 -3.162827148071184 2.6522409349774265
    endloop
  endfacet
  facet normal 0.3865052266813685 0.6694466900030562 0.6343932841636455
    outer loop
      vertex -5.037233800108741 1.2752551286084108 3.085786437626905
      vertex 3.4986574066196474 -3.940147613457605 3.3888595339607956
      vertex 3.6230202377356453 -3.7247448713915894 3.085786437626905
    endloop
  endfacet
  facet normal 0.31719664208182224 0.5494007000759563 0.7730104533627378
    outer loop
      vertex -4.885697251941795 1.5377241292371688 2.8370607753949093
      vertex 3.6230202377356453 -3.7247448713915894 3.085786437626905
      vertex 3.7745567859025906 -3.462275870762831 2.8370607753949093
    endloop
  endfacet
  facet normal 0.04900857016478033 0.08488533353170374 0.9951847266721968
    outer loop
      vertex -4.330127018922193 2.5 2.5
      vertex 4.135036696906065 -2.8379063497969073 2.538429439193539
      vertex 4.330127018922193 -2.5 2.5
    endloop
  endfacet
  facet normal -0.04900857016478033 -0.08488533353170374 0.9951847266721968
    outer loop
      vertex -4.135036696906065 2.8379063497969073 2.538429439193539
      vertex 4.330127018922193 -2.5 2.5
      vertex 4.525217340938321 -2.1620936502030927 2.538429439193539
    endloop
  endfacet
  facet normal -0.14514233862723108 -0.251393904831731 0.9569403357322089
    outer loop
      vertex -3.947443586557103 3.162827148071184 2.6522409349774265
      vertex 4.525217340938321 -2.1620936502030927 2.538429439193539
      vertex 4.712810451287282 -1.8371728519288164 2.6522409349774265
    endloop
  endfacet
  facet normal 0.44096063217417747 0.7637662190633666 0.4713967368259979
    outer loop
      vertex -5.161596631224738 1.0598523865423952 3.3888595339607956
      vertex 3.406247486410906 -4.1002062903825305 3.7346331352698203
      vertex 3.4986574066196474 -3.940147613457605 3.3888595339607956
    endloop
  endfacet
  facet normal -0.49759236333609846 -0.8618552547563956 0.09801714032956056
    outer loop
      vertex 5.310912299325423 -0.801230063025917 4.109819355967743
      vertex 5.330127018922193 -0.7679491924311228 4.5
      vertex 1.649519052838329 1.3570508075688772 4.5
    endloop
  endfacet
  facet normal 0.49759236333609846 0.8618552547563955 -0.09801714032956102
    outer loop
      vertex -0.350480947161671 -2.107050807568877 4.5
      vertex -0.3312662275649014 -2.0737699369740827 4.890180644032257
      vertex 3.3493417385189623 -4.198769936974083 4.890180644032257
    endloop
  endfacet
  facet normal 0.47847016786610447 0.8287346406501025 -0.2902846772544624
    outer loop
      vertex -0.3312662275649014 -2.0737699369740827 4.890180644032257
      vertex -0.27436047967295774 -1.975206290382531 5.265366864730179
      vertex 3.406247486410906 -4.1002062903825305 5.265366864730179
    endloop
  endfacet
  facet normal 0.4409606321741777 0.763766219063367 -0.4713967368259972
    outer loop
      vertex -0.27436047967295774 -1.975206290382531 5.265366864730179
      vertex -0.18195055946421623 -1.8151476134576048 5.611140466039204
      vertex 3.4986574066196474 -3.940147613457605 5.611140466039204
    endloop
  endfacet
  facet normal 0.4975923633360984 0.8618552547563956 -0.0980171403295601
    outer loop
      vertex -0.350480947161671 -2.107050807568877 4.5
      vertex 3.3493417385189623 -4.198769936974083 4.890180644032257
      vertex 3.3301270189221928 -4.232050807568877 4.5
    endloop
  endfacet
  facet normal 0.4784701678661044 0.8287346406501023 -0.290284677254463
    outer loop
      vertex -0.3312662275649014 -2.0737699369740827 4.890180644032257
      vertex 3.406247486410906 -4.1002062903825305 5.265366864730179
      vertex 3.3493417385189623 -4.198769936974083 4.890180644032257
    endloop
  endfacet
  facet normal 0.4409606321741779 0.7637662190633676 -0.4713967368259961
    outer loop
      vertex -0.27436047967295774 -1.975206290382531 5.265366864730179
      vertex 3.4986574066196474 -3.940147613457605 5.611140466039204
      vertex 3.406247486410906 -4.1002062903825305 5.265366864730179
    endloop
  endfacet
  facet normal 0.3865052266813687 0.6694466900030566 -0.6343932841636449
    outer loop
      vertex -0.18195055946421623 -1.8151476134576048 5.611140466039204
      vertex 3.6230202377356453 -3.7247448713915894 5.914213562373095
      vertex 3.4986574066196474 -3.940147613457605 5.611140466039204
    endloop
  endfacet
  facet normal 0.3171966420818223 0.5494007000759564 -0.7730104533627377
    outer loop
      vertex -0.05758772834821857 -1.5997448713915892 5.914213562373095
      vertex 3.6752796835660257 -3.634228856037976 5.99999
      vertex 3.6230202377356453 -3.7247448713915894 5.914213562373095
    endloop
  endfacet
  facet normal 0.38650522668136855 0.6694466900030563 -0.6343932841636454
    outer loop
      vertex -0.18195055946421623 -1.8151476134576048 5.611140466039204
      vertex -0.05758772834821857 -1.5997448713915892 5.914213562373095
      vertex 3.6230202377356453 -3.7247448713915894 5.914213562373095
    endloop
  endfacet
  facet normal 0.3171966420818229 0.5494007000759575 -0.7730104533627368
    outer loop
      vertex -0.05758772834821857 -1.5997448713915892 5.914213562373095
      vertex -0.005328282517837901 -1.5092288560379763 5.99999
      vertex 3.6752796835660257 -3.634228856037976 5.99999
    endloop
  endfacet
  facet normal -0.4975923633360985 -0.8618552547563955 -0.09801714032956055
    outer loop
      vertex 5.330127018922193 -0.7679491924311228 4.5
      vertex 5.310912299325423 -0.801230063025917 4.890180644032257
      vertex 1.6303043332415594 1.323769936974083 4.890180644032257
    endloop
  endfacet
  facet normal -0.4784701678661044 -0.8287346406501024 -0.2902846772544626
    outer loop
      vertex 5.310912299325423 -0.801230063025917 4.890180644032257
      vertex 5.25400655143348 -0.8997937096174691 5.265366864730179
      vertex 1.5733985853496157 1.225206290382531 5.265366864730179
    endloop
  endfacet
  facet normal -0.4409606321741776 -0.7637662190633667 -0.4713967368259978
    outer loop
      vertex 5.25400655143348 -0.8997937096174691 5.265366864730179
      vertex 5.161596631224738 -1.0598523865423952 5.611140466039204
      vertex 1.4809886651408743 1.0651476134576048 5.611140466039204
    endloop
  endfacet
  facet normal -0.3865052266813687 -0.6694466900030568 -0.6343932841636447
    outer loop
      vertex 5.161596631224738 -1.0598523865423952 5.611140466039204
      vertex 5.037233800108741 -1.2752551286084108 5.914213562373095
      vertex 1.3566258340248765 0.8497448713915892 5.914213562373095
    endloop
  endfacet
  facet normal -0.3171966420818227 -0.5494007000759571 -0.7730104533627371
    outer loop
      vertex 5.037233800108741 -1.2752551286084108 5.914213562373095
      vertex 4.98497435427836 -1.3657711439620237 5.99999
      vertex 1.3566258340248765 0.8497448713915892 5.914213562373095
    endloop
  endfacet
  facet normal -0.2356983684129983 -0.40824154935240037 0.8819212643483557
    outer loop
      vertex -3.7745567859025906 3.462275870762831 2.8370607753949093
      vertex 4.712810451287282 -1.8371728519288164 2.6522409349774265
      vertex 4.885697251941795 -1.5377241292371688 2.8370607753949093
    endloop
  endfacet
  facet normal -0.31719664208182224 -0.5494007000759563 0.7730104533627378
    outer loop
      vertex -3.6230202377356453 3.7247448713915894 3.085786437626905
      vertex 4.885697251941795 -1.5377241292371688 2.8370607753949093
      vertex 5.037233800108741 -1.2752551286084108 3.085786437626905
    endloop
  endfacet
  facet normal -0.3865052266813685 -0.6694466900030562 0.6343932841636455
    outer loop
      vertex -3.4986574066196474 3.940147613457605 3.3888595339607956
      vertex 5.037233800108741 -1.2752551286084108 3.085786437626905
      vertex 5.161596631224738 -1.0598523865423952 3.3888595339607956
    endloop
  endfacet
  facet normal -0.49759236333609824 -0.8618552547563954 0.09801714032956221
    outer loop
      vertex -3.3301270189221928 4.232050807568877 4.5
      vertex 5.310912299325423 -0.801230063025917 4.109819355967743
      vertex 0.350480947161671 2.107050807568877 4.5
    endloop
  endfacet
  facet normal -0.44096063217417747 -0.7637662190633666 0.4713967368259979
    outer loop
      vertex -3.406247486410906 4.1002062903825305 3.7346331352698203
      vertex 5.161596631224738 -1.0598523865423952 3.3888595339607956
      vertex 5.25400655143348 -0.8997937096174691 3.7346331352698203
    endloop
  endfacet
  facet normal -0.47847016786610447 -0.8287346406501025 0.2902846772544623
    outer loop
      vertex -3.3493417385189623 4.198769936974083 4.109819355967743
      vertex 5.25400655143348 -0.8997937096174691 3.7346331352698203
      vertex 5.310912299325423 -0.801230063025917 4.109819355967743
    endloop
  endfacet
  facet normal -0.4975923633360985 -0.8618552547563954 0.0980171403295606
    outer loop
      vertex 5.310912299325423 -0.801230063025917 4.109819355967743
      vertex 1.649519052838329 1.3570508075688772 4.5
      vertex 0.350480947161671 2.107050807568877 4.5
    endloop
  endfacet
  facet normal -0.4784701678661044 -0.8287346406501023 -0.290284677254463
    outer loop
      vertex 5.310912299325423 -0.801230063025917 4.890180644032257
      vertex 1.5733985853496157 1.225206290382531 5.265366864730179
      vertex 1.6303043332415594 1.323769936974083 4.890180644032257
    endloop
  endfacet
  facet normal -0.44096063217417775 -0.7637662190633672 -0.4713967368259969
    outer loop
      vertex 5.25400655143348 -0.8997937096174691 5.265366864730179
      vertex 1.4809886651408743 1.0651476134576048 5.611140466039204
      vertex 1.5733985853496157 1.225206290382531 5.265366864730179
    endloop
  endfacet
  facet normal -0.3865052266813685 -0.6694466900030561 -0.6343932841636457
    outer loop
      vertex 5.161596631224738 -1.0598523865423952 5.611140466039204
      vertex 1.3566258340248765 0.8497448713915892 5.914213562373095
      vertex 1.4809886651408743 1.0651476134576048 5.611140466039204
    endloop
  endfacet
  facet normal -0.31719664208182347 -0.5494007000759584 -0.7730104533627358
    outer loop
      vertex 4.98497435427836 -1.3657711439620237 5.99999
      vertex 1.304366388194496 0.7592288560379763 5.99999
      vertex 1.3566258340248765 0.8497448713915892 5.914213562373095
    endloop
  endfacet
  facet normal -0.4975923633360985 -0.8618552547563956 -0.09801714032955958
    outer loop
      vertex 5.330127018922193 -0.7679491924311228 4.5
      vertex 1.6303043332415594 1.323769936974083 4.890180644032257
      vertex 1.649519052838329 1.3570508075688772 4.5
    endloop
  endfacet
  facet normal 0 0 -1
    outer loop
      vertex -14.222431864335457 9.36602540378444 8.5
      vertex -15.524999999999999 8.96336292916894 8.5
      vertex -15.024999999999999 9.829388332953378 8.5
    endloop
  endfacet
  facet normal 0 0 -1
    outer loop
      vertex -14.722431864335457 8.5 8.5
      vertex -15.524999999999999 8.96336292916894 8.5
      vertex -14.222431864335457 9.36602540378444 8.5
    endloop
  endfacet
  facet normal -0.4999999999999999 -0.8660254037844387 0
    outer loop
      vertex -14.722431864335457 8.5 8.5
      vertex -15.524999999999999 8.96336292916894 17.5
      vertex -15.524999999999999 8.96336292916894 8.5
    endloop
  endfacet
  facet normal 0.8660254037844387 -0.4999999999999997 0
    outer loop
      vertex -14.722431864335457 8.5 8.5
      vertex -14.222431864335457 9.36602540378444 8.5
      vertex -14.222431864335457 9.36602540378444 17.5
    endloop
  endfacet
  facet normal 0.4999999999999999 0.8660254037844387 0
    outer loop
      vertex -14.222431864335457 9.36602540378444 8.5
      vertex -15.024999999999999 9.829388332953378 8.5
      vertex -14.222431864335457 9.36602540378444 17.5
    endloop
  endfacet
  facet normal -0.4999999999999999 -0.8660254037844387 0
    outer loop
      vertex -14.722431864335457 8.5 8.5
      vertex -14.722431864335457 8.5 17.5
      vertex -15.524999999999999 8.96336292916894 17.5
    endloop
  endfacet
  facet normal 0.8660254037844387 -0.4999999999999997 0
    outer loop
      vertex -14.722431864335457 8.5 8.5
      vertex -14.222431864335457 9.36602540378444 17.5
      vertex -14.722431864335457 8.5 17.5
    endloop
  endfacet
  facet normal 0.4999999999999999 0.8660254037844387 0
    outer loop
      vertex -14.222431864335457 9.36602540378444 17.5
      vertex -15.024999999999999 9.829388332953378 8.5
      vertex -15.024999999999999 9.829388332953378 17.5
    endloop
  endfacet
  facet normal 0 0 1
    outer loop
      vertex -14.722431864335457 8.5 17.5
      vertex -15.024999999999999 9.829388332953378 17.5
      vertex -15.524999999999999 8.96336292916894 17.5
    endloop
  endfacet
  facet normal 0 0 1
    outer loop
      vertex -14.722431864335457 8.5 17.5
      vertex -14.222431864335457 9.36602540378444 17.5
      vertex -15.024999999999999 9.829388332953378 17.5
    endloop
  endfacet
  facet normal 0 0 -1
    outer loop
      vertex 14.722431864335457 -8.5 12.5
      vertex 16.025 -8.097337525384502 12.5
      vertex 15.525 -8.963362929168941 12.5
    endloop
  endfacet
  facet normal 0 0 -1
    outer loop
      vertex 14.722431864335457 -8.5 12.5
      vertex 15.222431864335457 -7.633974596215562 12.5
      vertex 16.025 -8.097337525384502 12.5
    endloop
  endfacet
  facet normal -0.5000000000000004 -0.8660254037844383 0
    outer loop
      vertex 14.722431864335457 -8.5 12.5
      vertex 15.525 -8.963362929168941 12.5
      vertex 14.722431864335457 -8.5 17.5
    endloop
  endfacet
  facet normal -0.8660254037844385 0.5000000000000001 0
    outer loop
      vertex 14.722431864335457 -8.5 12.5
      vertex 14.722431864335457 -8.5 17.5
      vertex 15.222431864335457 -7.633974596215562 12.5
    endloop
  endfacet
  facet normal 0.5000000000000006 0.8660254037844382 0
    outer loop
      vertex 15.222431864335457 -7.633974596215562 12.5
      vertex 16.025 -8.097337525384502 17.5
      vertex 16.025 -8.097337525384502 12.5
    endloop
  endfacet
  facet normal -0.4999999999999999 -0.8660254037844387 1.3178064646626205e-16
    outer loop
      vertex 14.722431864335457 -8.5 17.5
      vertex 15.525 -8.963362929168941 12.5
      vertex 15.524999999999999 -8.96336292916894 17.5
    endloop
  endfacet
  facet normal -0.8660254037844385 0.5000000000000001 0
    outer loop
      vertex 14.722431864335457 -8.5 17.5
      vertex 15.222431864335457 -7.633974596215562 17.5
      vertex 15.222431864335457 -7.633974596215562 12.5
    endloop
  endfacet
  facet normal 0.5000000000000006 0.8660254037844382 0
    outer loop
      vertex 15.222431864335457 -7.633974596215562 12.5
      vertex 15.222431864335457 -7.633974596215562 17.5
      vertex 16.025 -8.097337525384502 17.5
    endloop
  endfacet
  facet normal 0 0 1
    outer loop
      vertex 14.722431864335457 -8.5 17.5
      vertex 15.524999999999999 -8.96336292916894 17.5
      vertex 15.222431864335457 -7.633974596215562 17.5
    endloop
  endfacet
  facet normal 0 0 1
    outer loop
      vertex 15.222431864335457 -7.633974596215562 17.5
      vertex 15.524999999999999 -8.96336292916894 17.5
      vertex 16.025 -8.097337525384502 17.5
    endloop
  endfacet
  facet normal 0 0 -1
    outer loop
      vertex 14.722431864335457 8.5 8.5
      vertex 16.025 8.097337525384502 8.5
      vertex 15.222431864335457 7.633974596215562 8.5
    endloop
  endfacet
  facet normal 0 0 -1
    outer loop
      vertex 14.722431864335457 8.5 8.5
      vertex 15.524999999999999 8.96336292916894 8.5
      vertex 16.025 8.097337525384502 8.5
    endloop
  endfacet
  facet normal -0.8660254037844386 -0.5000000000000001 0
    outer loop
      vertex 14.722431864335457 8.5 8.5
      vertex 15.222431864335457 7.633974596215562 8.5
      vertex 15.222431864335457 7.633974596215562 17.5
    endloop
  endfacet
  facet normal -0.4999999999999999 0.8660254037844387 0
    outer loop
      vertex 14.722431864335457 8.5 8.5
      vertex 14.722431864335457 8.5 17.5
      vertex 15.524999999999999 8.96336292916894 8.5
    endloop
  endfacet
  facet normal 0.5000000000000007 -0.8660254037844383 0
    outer loop
      vertex 15.222431864335457 7.633974596215562 8.5
      vertex 16.025 8.097337525384502 8.5
      vertex 16.025 8.097337525384502 17.5
    endloop
  endfacet
  facet normal -0.8660254037844386 -0.5000000000000001 0
    outer loop
      vertex 14.722431864335457 8.5 8.5
      vertex 15.222431864335457 7.633974596215562 17.5
      vertex 14.722431864335457 8.5 17.5
    endloop
  endfacet
  facet normal 0.5000000000000007 -0.8660254037844383 0
    outer loop
      vertex 15.222431864335457 7.633974596215562 8.5
      vertex 16.025 8.097337525384502 17.5
      vertex 15.222431864335457 7.633974596215562 17.5
    endloop
  endfacet
  facet normal -0.4999999999999999 0.8660254037844387 0
    outer loop
      vertex 15.524999999999999 8.96336292916894 8.5
      vertex 14.722431864335457 8.5 17.5
      vertex 15.524999999999999 8.96336292916894 17.5
    endloop
  endfacet
  facet normal 0 0 1
    outer loop
      vertex 14.722431864335457 8.5 17.5
      vertex 15.222431864335457 7.633974596215562 17.5
      vertex 15.524999999999999 8.96336292916894 17.5
    endloop
  endfacet
  facet normal 0 0 1
    outer loop
      vertex 15.222431864335457 7.633974596215562 17.5
      vertex 16.025 8.097337525384502 17.5
      vertex 15.524999999999999 8.96336292916894 17.5
    endloop
  endfacet
  facet normal 0 0 -1
    outer loop
      vertex -15.024999999999999 -9.829388332953378 8.5
      vertex -15.524999999999999 -8.96336292916894 8.5
      vertex -14.222431864335457 -9.36602540378444 8.5
    endloop
  endfacet
  facet normal 0 0 -1
    outer loop
      vertex -15.524999999999999 -8.96336292916894 8.5
      vertex -14.722431864335457 -8.5 8.5
      vertex -14.222431864335457 -9.36602540378444 8.5
    endloop
  endfacet
  facet normal -0.4999999999999999 0.8660254037844387 0
    outer loop
      vertex -15.524999999999999 -8.96336292916894 8.5
      vertex -15.524999999999999 -8.96336292916894 17.5
      vertex -14.722431864335457 -8.5 8.5
    endloop
  endfacet
  facet normal 0.4999999999999999 -0.8660254037844387 0
    outer loop
      vertex -15.024999999999999 -9.829388332953378 8.5
      vertex -14.222431864335457 -9.36602540378444 8.5
      vertex -14.222431864335457 -9.36602540378444 17.5
    endloop
  endfacet
  facet normal 0.8660254037844387 0.4999999999999997 0
    outer loop
      vertex -14.222431864335457 -9.36602540378444 8.5
      vertex -14.722431864335457 -8.5 8.5
      vertex -14.722431864335457 -8.5 17.5
    endloop
  endfacet
  facet normal -0.4999999999999999 0.8660254037844387 0
    outer loop
      vertex -14.722431864335457 -8.5 8.5
      vertex -15.524999999999999 -8.96336292916894 17.5
      vertex -14.722431864335457 -8.5 17.5
    endloop
  endfacet
  facet normal 0.4999999999999999 -0.8660254037844387 0
    outer loop
      vertex -15.024999999999999 -9.829388332953378 8.5
      vertex -14.222431864335457 -9.36602540378444 17.5
      vertex -15.024999999999999 -9.829388332953378 17.5
    endloop
  endfacet
  facet normal 0.8660254037844387 0.4999999999999997 0
    outer loop
      vertex -14.222431864335457 -9.36602540378444 8.5
      vertex -14.722431864335457 -8.5 17.5
      vertex -14.222431864335457 -9.36602540378444 17.5
    endloop
  endfacet
  facet normal 0 0 1
    outer loop
      vertex -15.024999999999999 -9.829388332953378 17.5
      vertex -14.722431864335457 -8.5 17.5
      vertex -15.524999999999999 -8.96336292916894 17.5
    endloop
  endfacet
  facet normal 0 0 1
    outer loop
      vertex -15.024999999999999 -9.829388332953378 17.5
      vertex -14.222431864335457 -9.36602540378444 17.5
      vertex -14.722431864335457 -8.5 17.5
    endloop
  endfacet
  facet normal -0.8660254036604994 -0.5000000002146692 0
    outer loop
      vertex -11.360362969338894 -19.67672585695982 0
      vertex -22.72072594612837 0 18.5
      vertex -22.72072594612837 0 0
    endloop
  endfacet
  facet normal 0 -1 0
    outer loop
      vertex -11.360362969338894 -19.67672585695982 0
      vertex 11.360362969338894 -19.67672585695982 0
      vertex -11.360362969338894 -19.67672585695982 18.5
    endloop
  endfacet
  facet normal -0.8660254036604994 -0.5000000002146692 0
    outer loop
      vertex -11.360362969338894 -19.67672585695982 0
      vertex -11.360362969338894 -19.67672585695982 18.5
      vertex -22.72072594612837 0 18.5
    endloop
  endfacet
  facet normal 0 0 1
    outer loop
      vertex -11.360362969338894 -19.67672585695982 18.5
      vertex -10.35 -17.92672585833788 18.5
      vertex -20.7 0 18.5
    endloop
  endfacet
  facet normal 0 0 1
    outer loop
      vertex -11.360362969338894 -19.67672585695982 18.5
      vertex -20.7 0 18.5
      vertex -22.72072594612837 0 18.5
    endloop
  endfacet
  facet normal 0 0 1
    outer loop
      vertex -11.360362969338894 -19.67672585695982 18.5
      vertex 11.360362969338894 -19.67672585695982 18.5
      vertex -10.35 -17.92672585833788 18.5
    endloop
  endfacet
  facet normal 0 0 -1
    outer loop
      vertex -11.360362969338894 -19.67672585695982 0
      vertex -22.72072594612837 0 0
      vertex -11.360362969338894 19.67672585695982 0
    endloop
  endfacet
  facet normal -0.8660254036604994 0.5000000002146692 0
    outer loop
      vertex -22.72072594612837 0 0
      vertex -11.360362969338894 19.67672585695982 18.5
      vertex -11.360362969338894 19.67672585695982 0
    endloop
  endfacet
  facet normal 0 0 -1
    outer loop
      vertex -11.360362969338894 -19.67672585695982 0
      vertex -11.360362969338894 19.67672585695982 0
      vertex 11.360362969338894 19.67672585695982 0
    endloop
  endfacet
  facet normal -0.8660254036604994 0.5000000002146692 0
    outer loop
      vertex -22.72072594612837 0 0
      vertex -22.72072594612837 0 18.5
      vertex -11.360362969338894 19.67672585695982 18.5
    endloop
  endfacet
  facet normal 0 0 1
    outer loop
      vertex -22.72072594612837 0 18.5
      vertex -20.7 0 18.5
      vertex -10.35 17.92672585833788 18.5
    endloop
  endfacet
  facet normal 0 0 1
    outer loop
      vertex -22.72072594612837 0 18.5
      vertex -10.35 17.92672585833788 18.5
      vertex -11.360362969338894 19.67672585695982 18.5
    endloop
  endfacet
  facet normal 0 1 0
    outer loop
      vertex -11.360362969338894 19.67672585695982 0
      vertex -11.360362969338894 19.67672585695982 18.5
      vertex 11.360362969338894 19.67672585695982 18.5
    endloop
  endfacet
  facet normal 0 0 1
    outer loop
      vertex -10.35 17.92672585833788 18.5
      vertex 10.35 17.92672585833788 18.5
      vertex -11.360362969338894 19.67672585695982 18.5
    endloop
  endfacet
  facet normal 0 0 -1
    outer loop
      vertex -11.360362969338894 -19.67672585695982 0
      vertex 11.360362969338894 19.67672585695982 0
      vertex 11.360362969338894 -19.67672585695982 0
    endloop
  endfacet
  facet normal 0.8660254036604987 -0.5000000002146703 2.0504449317910978e-15
    outer loop
      vertex 11.360362969338894 -19.67672585695982 0
      vertex 15.608227677494682 -12.319208362967073 3.914729033951615
      vertex 15.57940559808715 -12.369129668852121 4.5
    endloop
  endfacet
  facet normal 0.8660254036605002 -0.5000000002146681 -2.2777857008225014e-15
    outer loop
      vertex 11.360362969338894 -19.67672585695982 0
      vertex 15.57940559808715 -12.369129668852121 4.5
      vertex 15.608227677494682 -12.319208362967073 5.085270966048385
    endloop
  endfacet
  facet normal 0.8660254036604994 -0.500000000214669 0
    outer loop
      vertex 11.360362969338894 -19.67672585695982 0
      vertex 15.832201179741869 -11.931274877747875 6.1667106990588065
      vertex 14.77740473537149 -13.758235909994523 7.5
    endloop
  endfacet
  facet normal 0.8660254036604995 -0.5000000002146688 -5.2066380914852485e-15
    outer loop
      vertex 11.360362969338894 -19.67672585695982 0
      vertex 16.786770115581326 -10.277912982493447 1.5576441587903087
      vertex 16.505380449937075 -10.76529417983511 1.72836140246614
    endloop
  endfacet
  facet normal 0.8660254036604995 -0.5000000002146687 -3.118228664509018e-15
    outer loop
      vertex 11.360362969338894 -19.67672585695982 0
      vertex 16.246050248843964 -11.214467263808299 2.0055911630923644
      vertex 16.018745426495958 -11.60817076469509 2.378679656440357
    endloop
  endfacet
  facet normal 0.8660254036604991 -0.5000000002146697 3.790434019835924e-15
    outer loop
      vertex 11.360362969338894 -19.67672585695982 0
      vertex 16.505380449937075 -10.76529417983511 1.72836140246614
      vertex 16.246050248843964 -11.214467263808299 2.0055911630923644
    endloop
  endfacet
  facet normal 0.8660254036604992 -0.5000000002146697 2.773959721237454e-15
    outer loop
      vertex 11.360362969338894 -19.67672585695982 0
      vertex 16.018745426495958 -11.60817076469509 2.378679656440357
      vertex 15.832201179741869 -11.931274877747875 2.8332893009411935
    endloop
  endfacet
  facet normal 0.8660254036604997 -0.5000000002146684 -1.3099486619902002e-15
    outer loop
      vertex 11.360362969338894 -19.67672585695982 0
      vertex 15.832201179741869 -11.931274877747875 2.8332893009411935
      vertex 15.693586299369246 -12.171362893100904 3.3519497029047307
    endloop
  endfacet
  facet normal 0.8660254036604994 -0.5000000002146692 8.030817210083298e-16
    outer loop
      vertex 11.360362969338894 -19.67672585695982 0
      vertex 22.72072594612837 0 0
      vertex 16.786770115581326 -10.277912982493447 1.5576441587903087
    endloop
  endfacet
  facet normal 0.866025403660499 -0.5000000002146698 6.519299720777198e-16
    outer loop
      vertex 11.360362969338894 -19.67672585695982 0
      vertex 15.693586299369246 -12.171362893100904 3.3519497029047307
      vertex 15.608227677494682 -12.319208362967073 3.914729033951615
    endloop
  endfacet
  facet normal 0.8660254036604988 -0.5000000002146702 9.079078304386122e-16
    outer loop
      vertex 11.360362969338894 -19.67672585695982 0
      vertex 15.608227677494682 -12.319208362967073 5.085270966048385
      vertex 15.693586299369246 -12.171362893100902 5.648050297095269
    endloop
  endfacet
  facet normal 0.8660254036604994 -0.5000000002146692 0
    outer loop
      vertex 11.360362969338894 -19.67672585695982 0
      vertex 15.693586299369246 -12.171362893100902 5.648050297095269
      vertex 15.832201179741869 -11.931274877747875 6.1667106990588065
    endloop
  endfacet
  facet normal 0.8660254036604997 -0.5000000002146686 -5.198522469994192e-16
    outer loop
      vertex 11.360362969338894 -19.67672585695982 0
      vertex 14.77740473537149 -13.758235909994523 7.5
      vertex 14.777404735371492 -13.758235909994523 10.5
    endloop
  endfacet
  facet normal 0.8660254036604985 -0.5000000002146706 -2.9347261115593317e-15
    outer loop
      vertex 15.832201179741869 -11.931274877747875 6.1667106990588065
      vertex 16.018745426495958 -11.608170764695092 6.621320343559643
      vertex 14.77740473537149 -13.758235909994523 7.5
    endloop
  endfacet
  facet normal 0.8660254036604997 -0.5000000002146683 4.773473920848481e-15
    outer loop
      vertex 16.018745426495958 -11.608170764695092 6.621320343559643
      vertex 16.246050248843964 -11.214467263808299 6.994408836907636
      vertex 14.77740473537149 -13.758235909994523 7.5
    endloop
  endfacet
  facet normal 0.8660254036604991 -0.5000000002146695 -3.3001388587033058e-15
    outer loop
      vertex 14.77740473537149 -13.758235909994523 7.5
      vertex 16.246050248843964 -11.214467263808299 6.994408836907636
      vertex 16.505380449937075 -10.76529417983511 7.27163859753386
    endloop
  endfacet
  facet normal 0.8660254036604994 -0.5000000002146691 3.70843027378143e-15
    outer loop
      vertex 14.77740473537149 -13.758235909994523 7.5
      vertex 16.505380449937075 -10.76529417983511 7.27163859753386
      vertex 16.786770115581326 -10.277912982493447 7.442355841209691
    endloop
  endfacet
  facet normal 0.8660254036604991 -0.5000000002146695 -3.346643357810093e-14
    outer loop
      vertex 14.77740473537149 -13.758235909994523 7.5
      vertex 16.786770115581326 -10.277912982493447 7.442355841209691
      vertex 17.07940559873116 -9.771053457870625 7.5
    endloop
  endfacet
  facet normal 0.8660254036604962 -0.5000000002146746 -4.684318206631799e-14
    outer loop
      vertex 16.786770115581326 -10.277912982493447 1.5576441587903087
      vertex 22.72072594612837 0 0
      vertex 17.07940559873116 -9.771053457870623 1.5
    endloop
  endfacet
  facet normal 0.866025403660499 -0.50000000021467 -6.973923428308989e-15
    outer loop
      vertex 17.07940559873116 -9.771053457870623 1.5
      vertex 22.72072594612837 0 0
      vertex 17.372041081880994 -9.2641939332478 1.5576441587903087
    endloop
  endfacet
  facet normal 0.8660254036604996 -0.5000000002146687 3.1217938580829034e-15
    outer loop
      vertex 17.372041081880994 -9.2641939332478 1.5576441587903087
      vertex 22.72072594612837 0 0
      vertex 17.653430747525245 -8.776812735906137 1.72836140246614
    endloop
  endfacet
  facet normal 0.8660254036604991 -0.5000000002146696 -3.235367121779348e-15
    outer loop
      vertex 17.653430747525245 -8.776812735906137 1.72836140246614
      vertex 22.72072594612837 0 0
      vertex 17.912760948618356 -8.327639651932948 2.0055911630923644
    endloop
  endfacet
  facet normal 0.8660254036604997 -0.5000000002146686 2.7636185332644224e-15
    outer loop
      vertex 17.912760948618356 -8.327639651932948 2.0055911630923644
      vertex 22.72072594612837 0 0
      vertex 18.140065770966363 -7.933936151046156 2.378679656440357
    endloop
  endfacet
  facet normal 0.8660254036604995 -0.500000000214669 1.230582181614643e-15
    outer loop
      vertex 18.140065770966363 -7.933936151046156 2.378679656440357
      vertex 22.72072594612837 0 0
      vertex 18.32661001772045 -7.610832037993369 2.8332893009411935
    endloop
  endfacet
  facet normal 0.866025403660499 -0.5000000002146697 -1.994569385323752e-15
    outer loop
      vertex 18.32661001772045 -7.610832037993369 2.8332893009411935
      vertex 22.72072594612837 0 0
      vertex 18.465224898093076 -7.370744022640341 3.3519497029047307
    endloop
  endfacet
  facet normal 0.8660254036604997 -0.5000000002146685 1.780646398908327e-15
    outer loop
      vertex 18.465224898093076 -7.370744022640341 3.3519497029047307
      vertex 22.72072594612837 0 0
      vertex 18.55058351996764 -7.222898552774172 3.914729033951615
    endloop
  endfacet
  facet normal 0.8660254036604992 -0.5000000002146694 -4.891340820244635e-16
    outer loop
      vertex 18.55058351996764 -7.222898552774172 3.914729033951615
      vertex 22.72072594612837 0 0
      vertex 18.579405599375168 -7.172977246889125 4.5
    endloop
  endfacet
  facet normal 0.8660254036604994 -0.500000000214669 5.383922663532049e-16
    outer loop
      vertex 18.579405599375168 -7.172977246889125 4.5
      vertex 22.72072594612837 0 0
      vertex 18.55058351996764 -7.222898552774172 5.085270966048385
    endloop
  endfacet
  facet normal 0.8660254036604985 -0.5000000002146705 -2.4957985110554146e-15
    outer loop
      vertex 18.55058351996764 -7.222898552774172 5.085270966048385
      vertex 22.72072594612837 0 0
      vertex 18.465224898093076 -7.370744022640341 5.648050297095269
    endloop
  endfacet
  facet normal 0.8660254036604995 -0.5000000002146691 2.323214665763201e-16
    outer loop
      vertex 18.465224898093076 -7.370744022640341 5.648050297095269
      vertex 22.72072594612837 0 0
      vertex 19.777404737518182 -5.09798187338953 7.5
    endloop
  endfacet
  facet normal 0.8660254036604995 -0.5000000002146688 -1.2529178787922984e-15
    outer loop
      vertex 18.32661001772045 -7.610832037993368 6.1667106990588065
      vertex 19.777404737518182 -5.09798187338953 7.5
      vertex 18.140065770966363 -7.933936151046155 6.621320343559643
    endloop
  endfacet
  facet normal 0.8660254036604986 -0.5000000002146704 2.4874739917115235e-15
    outer loop
      vertex 18.32661001772045 -7.610832037993368 6.1667106990588065
      vertex 18.465224898093076 -7.370744022640341 5.648050297095269
      vertex 19.777404737518182 -5.09798187338953 7.5
    endloop
  endfacet
  facet normal 0.8660254036604995 -0.5000000002146688 -4.925634791644641e-14
    outer loop
      vertex 17.07940559873116 -9.771053457870625 7.5
      vertex 17.37204108188099 -9.2641939332478 7.442355841209691
      vertex 19.777404737518182 -5.09798187338953 7.5
    endloop
  endfacet
  facet normal 0.8660254036604991 -0.5000000002146695 6.502304416276133e-15
    outer loop
      vertex 17.37204108188099 -9.2641939332478 7.442355841209691
      vertex 17.653430747525245 -8.776812735906136 7.27163859753386
      vertex 19.777404737518182 -5.09798187338953 7.5
    endloop
  endfacet
  facet normal 0.8660254036604991 -0.5000000002146695 6.595725491561154e-15
    outer loop
      vertex 17.653430747525245 -8.776812735906136 7.27163859753386
      vertex 17.912760948618356 -8.327639651932948 6.994408836907636
      vertex 19.777404737518182 -5.09798187338953 7.5
    endloop
  endfacet
  facet normal 0.8660254036604997 -0.5000000002146684 -3.629520575347265e-15
    outer loop
      vertex 18.140065770966363 -7.933936151046155 6.621320343559643
      vertex 19.777404737518182 -5.09798187338953 7.5
      vertex 17.912760948618356 -8.327639651932948 6.994408836907636
    endloop
  endfacet
  facet normal 0.8660254036604993 -0.5000000002146693 0
    outer loop
      vertex 19.777404737518182 -5.09798187338953 7.5
      vertex 22.72072594612837 0 0
      vertex 22.72072594612837 0 18.5
    endloop
  endfacet
  facet normal 0 -1 0
    outer loop
      vertex -11.360362969338894 -19.67672585695982 18.5
      vertex 11.360362969338894 -19.67672585695982 0
      vertex 11.360362969338894 -19.67672585695982 18.5
    endloop
  endfacet
  facet normal 0 0 1
    outer loop
      vertex -10.35 -17.92672585833788 18.5
      vertex 11.360362969338894 -19.67672585695982 18.5
      vertex 10.35 -17.92672585833788 18.5
    endloop
  endfacet
  facet normal 0.8660254036604993 -0.5000000002146693 0
    outer loop
      vertex 11.360362969338894 -19.67672585695982 0
      vertex 14.777404735371492 -13.758235909994523 10.5
      vertex 11.360362969338894 -19.67672585695982 18.5
    endloop
  endfacet
  facet normal 0.8660254036604994 -0.5000000002146691 1.7763568394002508e-16
    outer loop
      vertex 11.360362969338894 -19.67672585695982 18.5
      vertex 14.777404735371492 -13.758235909994523 10.5
      vertex 19.777404737518182 -5.09798187338953 10.5
    endloop
  endfacet
  facet normal 0 0 1
    outer loop
      vertex 11.360362969338894 -19.67672585695982 18.5
      vertex 22.72072594612837 0 18.5
      vertex 10.35 -17.92672585833788 18.5
    endloop
  endfacet
  facet normal 0.8660254036604994 -0.5000000002146693 0
    outer loop
      vertex 19.777404737518182 -5.09798187338953 7.5
      vertex 22.72072594612837 0 18.5
      vertex 19.777404737518182 -5.09798187338953 10.5
    endloop
  endfacet
  facet normal 0.8660254036604994 -0.5000000002146693 0
    outer loop
      vertex 11.360362969338894 -19.67672585695982 18.5
      vertex 19.777404737518182 -5.09798187338953 10.5
      vertex 22.72072594612837 0 18.5
    endloop
  endfacet
  facet normal 0 0 1
    outer loop
      vertex 10.35 -17.92672585833788 18.5
      vertex 22.72072594612837 0 18.5
      vertex 20.7 0 18.5
    endloop
  endfacet
  facet normal 0 1 0
    outer loop
      vertex -11.360362969338894 19.67672585695982 0
      vertex 11.360362969338894 19.67672585695982 18.5
      vertex 11.360362969338894 19.67672585695982 0
    endloop
  endfacet
  facet normal 0 0 -1
    outer loop
      vertex 11.360362969338894 -19.67672585695982 0
      vertex 11.360362969338894 19.67672585695982 0
      vertex 22.72072594612837 0 0
    endloop
  endfacet
  facet normal 0.8660254036604994 0.5000000002146692 0
    outer loop
      vertex 11.360362969338894 19.67672585695982 0
      vertex 22.72072594612837 0 18.5
      vertex 22.72072594612837 0 0
    endloop
  endfacet
  facet normal 0 0 1
    outer loop
      vertex -11.360362969338894 19.67672585695982 18.5
      vertex 10.35 17.92672585833788 18.5
      vertex 11.360362969338894 19.67672585695982 18.5
    endloop
  endfacet
  facet normal 0 0 1
    outer loop
      vertex 11.360362969338894 19.67672585695982 18.5
      vertex 20.7 0 18.5
      vertex 22.72072594612837 0 18.5
    endloop
  endfacet
  facet normal 0.8660254036604994 0.5000000002146692 0
    outer loop
      vertex 11.360362969338894 19.67672585695982 0
      vertex 11.360362969338894 19.67672585695982 18.5
      vertex 22.72072594612837 0 18.5
    endloop
  endfacet
  facet normal 0 0 1
    outer loop
      vertex 10.35 17.92672585833788 18.5
      vertex 20.7 0 18.5
      vertex 11.360362969338894 19.67672585695982 18.5
    endloop
  endfacet
  facet normal 0 0 1
    outer loop
      vertex -10.35 -17.92672585833788 3.75
      vertex -16.446192917533313 6.245120389286033 3.75
      vertex -20.7 0 3.75
    endloop
  endfacet
  facet normal 0.8660254037844387 0.4999999999999997 -9.349246523159209e-16
    outer loop
      vertex -15.024999999999999 -9.829388332953378 8.5
      vertex -20.7 0 3.75
      vertex -15.524999999999999 -8.96336292916894 8.5
    endloop
  endfacet
  facet normal 0.8660254037844386 0.5 -7.226470742538523e-17
    outer loop
      vertex -15.024999999999999 -9.829388332953378 8.5
      vertex -10.35 -17.92672585833788 3.75
      vertex -20.7 0 3.75
    endloop
  endfacet
  facet normal 0 0 1
    outer loop
      vertex -10.35 -17.92672585833788 3.75
      vertex 10.35 -17.92672585833788 3.75
      vertex -16.446192917533313 6.245120389286033 3.75
    endloop
  endfacet
  facet normal 0 1 0
    outer loop
      vertex -10.35 -17.92672585833788 3.75
      vertex 0 -17.92672585833788 8.5
      vertex 1 -17.92672585833788 8.5
    endloop
  endfacet
  facet normal 0 0 1
    outer loop
      vertex -6.830127018922193 -1.8301270189221928 3.75
      vertex -16.446192917533313 6.245120389286033 3.75
      vertex 10.35 -17.92672585833788 3.75
    endloop
  endfacet
  facet normal 0.8660254037844387 0.5 0
    outer loop
      vertex -15.024999999999999 -9.829388332953378 8.5
      vertex -10.35 -17.92672585833788 18.5
      vertex -10.35 -17.92672585833788 3.75
    endloop
  endfacet
  facet normal 0.8660254037844386 0.4999999999999999 0
    outer loop
      vertex -15.024999999999999 -9.829388332953378 8.5
      vertex -15.024999999999999 -9.829388332953378 17.5
      vertex -10.35 -17.92672585833788 18.5
    endloop
  endfacet
  facet normal 0.8660254037844389 0.4999999999999998 -2.6645352591003745e-15
    outer loop
      vertex -15.024999999999999 -9.829388332953378 17.5
      vertex -15.524999999999999 -8.96336292916894 17.5
      vertex -10.35 -17.92672585833788 18.5
    endloop
  endfacet
  facet normal 0.8660254037844386 0.5000000000000001 0
    outer loop
      vertex -15.524999999999999 -8.96336292916894 8.5
      vertex -20.7 0 3.75
      vertex -15.524999999999999 -8.96336292916894 17.5
    endloop
  endfacet
  facet normal 0.8660254037844386 0.5000000000000001 0
    outer loop
      vertex -15.524999999999999 -8.96336292916894 17.5
      vertex -20.7 0 3.75
      vertex -20.7 0 18.5
    endloop
  endfacet
  facet normal 0.8660254037844386 0.5 6.865147205411596e-16
    outer loop
      vertex -15.524999999999999 -8.96336292916894 17.5
      vertex -20.7 0 18.5
      vertex -10.35 -17.92672585833788 18.5
    endloop
  endfacet
  facet normal 0 1 0
    outer loop
      vertex -10.35 -17.92672585833788 3.75
      vertex -10.35 -17.92672585833788 18.5
      vertex 0 -17.92672585833788 17.5
    endloop
  endfacet
  facet normal 0 1 0
    outer loop
      vertex -10.35 -17.92672585833788 3.75
      vertex 0 -17.92672585833788 17.5
      vertex 0 -17.92672585833788 8.5
    endloop
  endfacet
  facet normal 0 1 0
    outer loop
      vertex -10.35 -17.92672585833788 18.5
      vertex 1 -17.92672585833788 17.5
      vertex 0 -17.92672585833788 17.5
    endloop
  endfacet
  facet normal 0 0 1
    outer loop
      vertex -20.7 0 3.75
      vertex -16.446192917533313 6.245120389286033 3.75
      vertex -13.553807082466687 11.254879610713967 3.75
    endloop
  endfacet
  facet normal 0 0 1
    outer loop
      vertex -20.7 0 3.75
      vertex -13.553807082466687 11.254879610713967 3.75
      vertex -10.35 17.92672585833788 3.75
    endloop
  endfacet
  facet normal 0.8660254037844386 -0.5000000000000001 -1.4452941485077045e-16
    outer loop
      vertex -20.7 0 3.75
      vertex -10.35 17.92672585833788 3.75
      vertex -15.524999999999999 8.96336292916894 8.5
    endloop
  endfacet
  facet normal 0.8660254037844387 -0.4999999999999997 0
    outer loop
      vertex -10.35 17.92672585833788 3.75
      vertex -15.024999999999999 9.829388332953378 8.5
      vertex -15.524999999999999 8.96336292916894 8.5
    endloop
  endfacet
  facet normal 0 0 1
    outer loop
      vertex -6.830127018922193 -1.8301270189221928 3.75
      vertex -5.737458794898587 0.06242986090274383 3.75
      vertex -16.446192917533313 6.245120389286033 3.75
    endloop
  endfacet
  facet normal 0 0 1
    outer loop
      vertex -13.553807082466687 11.254879610713967 3.75
      vertex -2.8450729598319593 5.072189082330677 3.75
      vertex -1.8301270189221928 6.830127018922193 3.75
    endloop
  endfacet
  facet normal 0 0 1
    outer loop
      vertex -1.8301270189221928 6.830127018922193 3.75
      vertex 6.830127018922193 1.8301270189221928 3.75
      vertex -10.35 17.92672585833788 3.75
    endloop
  endfacet
  facet normal 0 0 1
    outer loop
      vertex -13.553807082466687 11.254879610713967 3.75
      vertex -1.8301270189221928 6.830127018922193 3.75
      vertex -10.35 17.92672585833788 3.75
    endloop
  endfacet
  facet normal 0.8660254037844386 -0.5000000000000001 0
    outer loop
      vertex -20.7 0 3.75
      vertex -15.524999999999999 8.96336292916894 17.5
      vertex -20.7 0 18.5
    endloop
  endfacet
  facet normal 0.8660254037844385 -0.5000000000000001 0
    outer loop
      vertex -20.7 0 3.75
      vertex -15.524999999999999 8.96336292916894 8.5
      vertex -15.524999999999999 8.96336292916894 17.5
    endloop
  endfacet
  facet normal 0.8660254037844389 -0.4999999999999998 7.105427357600999e-15
    outer loop
      vertex -20.7 0 18.5
      vertex -15.524999999999999 8.96336292916894 17.5
      vertex -15.024999999999999 9.829388332953378 17.5
    endloop
  endfacet
  facet normal 0.8660254037844386 -0.5 0
    outer loop
      vertex -20.7 0 18.5
      vertex -15.024999999999999 9.829388332953378 17.5
      vertex -10.35 17.92672585833788 18.5
    endloop
  endfacet
  facet normal 0.8660254037844387 -0.5 0
    outer loop
      vertex -10.35 17.92672585833788 3.75
      vertex -10.35 17.92672585833788 18.5
      vertex -15.024999999999999 9.829388332953378 8.5
    endloop
  endfacet
  facet normal 0.8660254037844386 -0.4999999999999999 0
    outer loop
      vertex -10.35 17.92672585833788 18.5
      vertex -15.024999999999999 9.829388332953378 17.5
      vertex -15.024999999999999 9.829388332953378 8.5
    endloop
  endfacet
  facet normal 0 -1 0
    outer loop
      vertex -10.35 17.92672585833788 3.75
      vertex 0 17.92672585833788 8.5
      vertex -10.35 17.92672585833788 18.5
    endloop
  endfacet
  facet normal 0 -1 0
    outer loop
      vertex -10.35 17.92672585833788 18.5
      vertex 0 17.92672585833788 8.5
      vertex 0 17.92672585833788 17.5
    endloop
  endfacet
  facet normal 0 -1 0
    outer loop
      vertex -10.35 17.92672585833788 18.5
      vertex 0 17.92672585833788 17.5
      vertex 1 17.92672585833788 17.5
    endloop
  endfacet
  facet normal 0 0 1
    outer loop
      vertex 10.35 -17.92672585833788 3.75
      vertex 14.117668224023605 -11.400933068266195 3.75
      vertex 1.8301270189221928 -6.830127018922193 3.75
    endloop
  endfacet
  facet normal 0 1 0
    outer loop
      vertex -10.35 -17.92672585833788 3.75
      vertex 1 -17.92672585833788 8.5
      vertex 10.35 -17.92672585833788 3.75
    endloop
  endfacet
  facet normal 0 0 1
    outer loop
      vertex -6.830127018922193 -1.8301270189221928 3.75
      vertex 10.35 -17.92672585833788 3.75
      vertex 1.8301270189221928 -6.830127018922193 3.75
    endloop
  endfacet
  facet normal 0 0 1
    outer loop
      vertex 1.8301270189221928 -6.830127018922193 3.75
      vertex 14.117668224023605 -11.400933068266195 3.75
      vertex 2.9227952429457984 -4.9375701390972555 3.75
    endloop
  endfacet
  facet normal 0 0 1
    outer loop
      vertex 17.010054059090233 -6.391173846838262 3.75
      vertex 6.830127018922193 1.8301270189221928 3.75
      vertex 5.815181078012426 0.07218908233067761 3.75
    endloop
  endfacet
  facet normal -0.8660254037844387 0.5 -5.724234333486884e-15
    outer loop
      vertex 10.35 -17.92672585833788 3.75
      vertex 14.092683220952072 -11.444208363013352 3.914729033951615
      vertex 14.117668224023605 -11.400933068266195 3.75
    endloop
  endfacet
  facet normal -0.8660254037844388 0.4999999999999998 4.045943928564764e-15
    outer loop
      vertex 10.35 -17.92672585833788 3.75
      vertex 14.063861141556918 -11.494129668905547 4.5
      vertex 14.092683220952072 -11.444208363013352 3.914729033951615
    endloop
  endfacet
  facet normal -0.8660254037844385 0.5000000000000006 -4.127225942735951e-15
    outer loop
      vertex 10.35 -17.92672585833788 3.75
      vertex 14.092683220952072 -11.444208363013352 5.085270966048385
      vertex 14.063861141556918 -11.494129668905547 4.5
    endloop
  endfacet
  facet normal -0.8660254037844387 0.4999999999999999 0
    outer loop
      vertex 10.35 -17.92672585833788 3.75
      vertex 13.261860279185585 -12.883235910246746 7.5
      vertex 14.092683220952072 -11.444208363013352 5.085270966048385
    endloop
  endfacet
  facet normal -0.8660254037844379 0.5000000000000014 1.2874829871148105e-15
    outer loop
      vertex 14.092683220952072 -11.444208363013352 5.085270966048385
      vertex 13.261860279185585 -12.883235910246746 7.5
      vertex 14.17804184278999 -11.296362893126023 5.648050297095269
    endloop
  endfacet
  facet normal -0.8660254037844376 0.5000000000000018 1.630684647215396e-15
    outer loop
      vertex 14.17804184278999 -11.296362893126023 5.648050297095269
      vertex 13.261860279185585 -12.883235910246746 7.5
      vertex 14.316656723103101 -11.056274877738637 6.1667106990588065
    endloop
  endfacet
  facet normal -0.8660254037844385 0.5000000000000002 -1.1815131098485614e-15
    outer loop
      vertex 14.316656723103101 -11.056274877738637 6.1667106990588065
      vertex 13.261860279185585 -12.883235910246746 7.5
      vertex 14.503200969777097 -10.733170764639613 6.621320343559643
    endloop
  endfacet
  facet normal -0.8660254037844386 0.5000000000000001 -1.3817950823508765e-15
    outer loop
      vertex 14.503200969777097 -10.733170764639613 6.621320343559643
      vertex 13.261860279185585 -12.883235910246746 7.5
      vertex 14.730505792027515 -10.339467263696477 6.994408836907636
    endloop
  endfacet
  facet normal -0.8660254037844386 0.5 -1.650069429351653e-15
    outer loop
      vertex 13.261860279185585 -12.883235910246746 7.5
      vertex 14.989835993009283 -9.890294179659005 7.27163859753386
      vertex 14.730505792027515 -10.339467263696477 6.994408836907636
    endloop
  endfacet
  facet normal -0.8660254037844387 0.5000000000000001 -3.708430273781428e-15
    outer loop
      vertex 13.261860279185585 -12.883235910246746 7.5
      vertex 15.271225658532725 -9.40291298224759 7.442355841209691
      vertex 14.989835993009283 -9.890294179659005 7.27163859753386
    endloop
  endfacet
  facet normal -0.8660254037844386 0.5 0
    outer loop
      vertex 13.261860279185585 -12.883235910246746 7.5
      vertex 15.563861141556917 -8.896053457552231 7.5
      vertex 15.271225658532725 -9.40291298224759 7.442355841209691
    endloop
  endfacet
  facet normal -0.8660254037844387 0.5 5.479505022866796e-16
    outer loop
      vertex 17.010054059090233 -6.391173846838262 3.75
      vertex 17.035039062161765 -6.347898552091105 3.914729033951615
      vertex 20.7 0 3.75
    endloop
  endfacet
  facet normal -0.8660254037844387 0.5 8.908667977157203e-16
    outer loop
      vertex 17.035039062161765 -6.347898552091105 3.914729033951615
      vertex 17.06386114155692 -6.297977246198913 4.5
      vertex 20.7 0 3.75
    endloop
  endfacet
  facet normal -0.8660254037844388 0.4999999999999998 -9.091505710692095e-16
    outer loop
      vertex 17.06386114155692 -6.297977246198913 4.5
      vertex 17.035039062161765 -6.347898552091105 5.085270966048385
      vertex 20.7 0 3.75
    endloop
  endfacet
  facet normal -0.8660254037844386 0.5000000000000002 -3.9976166424942014e-14
    outer loop
      vertex 15.563861141556917 -8.896053457552231 7.5
      vertex 18.261860279185587 -4.222981872402361 7.5
      vertex 15.856496624581112 -8.38919393285687 7.442355841209691
    endloop
  endfacet
  facet normal -0.8660254037844387 0.4999999999999998 4.941751356369861e-15
    outer loop
      vertex 15.856496624581112 -8.38919393285687 7.442355841209691
      vertex 18.261860279185587 -4.222981872402361 7.5
      vertex 16.137886290104554 -7.901812735445454 7.27163859753386
    endloop
  endfacet
  facet normal -0.8660254037844386 0.4999999999999999 1.7131754523535457e-16
    outer loop
      vertex 16.137886290104554 -7.901812735445454 7.27163859753386
      vertex 18.261860279185587 -4.222981872402361 7.5
      vertex 16.397216491086322 -7.452639651407983 6.994408836907636
    endloop
  endfacet
  facet normal -0.8660254037844383 0.5000000000000007 -2.2308050037033605e-15
    outer loop
      vertex 16.81106556001074 -6.73583203736582 6.1667106990588065
      vertex 16.62452131333674 -7.058936150464847 6.621320343559643
      vertex 18.261860279185587 -4.222981872402361 7.5
    endloop
  endfacet
  facet normal -0.8660254037844387 0.49999999999999994 1.0957043246331367e-15
    outer loop
      vertex 16.62452131333674 -7.058936150464847 6.621320343559643
      vertex 16.397216491086322 -7.452639651407983 6.994408836907636
      vertex 18.261860279185587 -4.222981872402361 7.5
    endloop
  endfacet
  facet normal -0.8660254037844384 0.5000000000000004 2.244149234567552e-15
    outer loop
      vertex 16.94968044032385 -6.495744021978433 5.648050297095269
      vertex 16.81106556001074 -6.73583203736582 6.1667106990588065
      vertex 20.7 0 3.75
    endloop
  endfacet
  facet normal -0.8660254037844388 0.49999999999999983 -6.837094637496356e-16
    outer loop
      vertex 17.035039062161765 -6.347898552091105 5.085270966048385
      vertex 16.94968044032385 -6.495744021978433 5.648050297095269
      vertex 20.7 0 3.75
    endloop
  endfacet
  facet normal -0.8660254037844388 0.4999999999999998 -1.02192537629329e-16
    outer loop
      vertex 16.81106556001074 -6.73583203736582 6.1667106990588065
      vertex 18.261860279185587 -4.222981872402361 7.5
      vertex 20.7 0 3.75
    endloop
  endfacet
  facet normal 0 1 0
    outer loop
      vertex 10.35 -17.92672585833788 3.75
      vertex 1 -17.92672585833788 8.5
      vertex 10.35 -17.92672585833788 18.5
    endloop
  endfacet
  facet normal -0.8660254037844387 0.49999999999999994 0
    outer loop
      vertex 10.35 -17.92672585833788 3.75
      vertex 10.35 -17.92672585833788 18.5
      vertex 13.261860279185585 -12.883235910246746 7.5
    endloop
  endfacet
  facet normal 0 1 0
    outer loop
      vertex 1 -17.92672585833788 8.5
      vertex 1 -17.92672585833788 17.5
      vertex 10.35 -17.92672585833788 18.5
    endloop
  endfacet
  facet normal 0 1 0
    outer loop
      vertex -10.35 -17.92672585833788 18.5
      vertex 10.35 -17.92672585833788 18.5
      vertex 1 -17.92672585833788 17.5
    endloop
  endfacet
  facet normal -0.8660254037844383 0.5000000000000007 5.127900497022835e-16
    outer loop
      vertex 13.261860279185585 -12.883235910246746 7.5
      vertex 10.35 -17.92672585833788 18.5
      vertex 13.261860279185587 -12.883235910246746 10.5
    endloop
  endfacet
  facet normal -0.8660254037844386 0.5000000000000002 7.423498020598868e-17
    outer loop
      vertex 10.35 -17.92672585833788 18.5
      vertex 15.525 -8.963362929168941 12.5
      vertex 13.261860279185587 -12.883235910246746 10.5
    endloop
  endfacet
  facet normal -0.8660254037844396 0.4999999999999984 4.440892098500628e-15
    outer loop
      vertex 13.261860279185587 -12.883235910246746 10.5
      vertex 15.525 -8.963362929168941 12.5
      vertex 16.025 -8.097337525384502 12.5
    endloop
  endfacet
  facet normal -0.8660254037844388 0.49999999999999994 -4.119088323246958e-16
    outer loop
      vertex 10.35 -17.92672585833788 18.5
      vertex 15.524999999999999 -8.96336292916894 17.5
      vertex 15.525 -8.963362929168941 12.5
    endloop
  endfacet
  facet normal -0.8660254037844384 0.5000000000000006 7.10542735760101e-15
    outer loop
      vertex 10.35 -17.92672585833788 18.5
      vertex 16.025 -8.097337525384502 17.5
      vertex 15.524999999999999 -8.96336292916894 17.5
    endloop
  endfacet
  facet normal -0.8660254037844386 0.5 -3.552713678800501e-16
    outer loop
      vertex 13.261860279185587 -12.883235910246746 10.5
      vertex 16.025 -8.097337525384502 12.5
      vertex 18.261860279185587 -4.222981872402361 10.5
    endloop
  endfacet
  facet normal -0.8660254037844385 0.5000000000000001 0
    outer loop
      vertex 18.261860279185587 -4.222981872402361 10.5
      vertex 16.025 -8.097337525384502 12.5
      vertex 16.025 -8.097337525384502 17.5
    endloop
  endfacet
  facet normal -0.8660254037844387 0.4999999999999999 0
    outer loop
      vertex 18.261860279185587 -4.222981872402361 7.5
      vertex 20.7 0 18.5
      vertex 20.7 0 3.75
    endloop
  endfacet
  facet normal -0.8660254037844388 0.49999999999999994 0
    outer loop
      vertex 18.261860279185587 -4.222981872402361 7.5
      vertex 18.261860279185587 -4.222981872402361 10.5
      vertex 20.7 0 18.5
    endloop
  endfacet
  facet normal -0.8660254037844386 0.5 0
    outer loop
      vertex 10.35 -17.92672585833788 18.5
      vertex 20.7 0 18.5
      vertex 16.025 -8.097337525384502 17.5
    endloop
  endfacet
  facet normal -0.8660254037844386 0.5 -1.0161683761763658e-16
    outer loop
      vertex 18.261860279185587 -4.222981872402361 10.5
      vertex 16.025 -8.097337525384502 17.5
      vertex 20.7 0 18.5
    endloop
  endfacet
  facet normal 0 0 1
    outer loop
      vertex -10.35 17.92672585833788 3.75
      vertex 6.830127018922193 1.8301270189221928 3.75
      vertex 17.010054059090233 -6.391173846838262 3.75
    endloop
  endfacet
  facet normal 0 0 1
    outer loop
      vertex -10.35 17.92672585833788 3.75
      vertex 17.010054059090233 -6.391173846838262 3.75
      vertex 10.35 17.92672585833788 3.75
    endloop
  endfacet
  facet normal 0 -1 0
    outer loop
      vertex -10.35 17.92672585833788 3.75
      vertex 10.35 17.92672585833788 3.75
      vertex 0 17.92672585833788 8.5
    endloop
  endfacet
  facet normal 0 -1 0
    outer loop
      vertex 10.35 17.92672585833788 3.75
      vertex 1 17.92672585833788 8.5
      vertex 0 17.92672585833788 8.5
    endloop
  endfacet
  facet normal 0 0 1
    outer loop
      vertex 17.010054059090233 -6.391173846838262 3.75
      vertex 20.7 0 3.75
      vertex 10.35 17.92672585833788 3.75
    endloop
  endfacet
  facet normal -0.8660254037844386 -0.5000000000000001 -1.4452941485077045e-16
    outer loop
      vertex 10.35 17.92672585833788 3.75
      vertex 20.7 0 3.75
      vertex 15.524999999999999 8.96336292916894 8.5
    endloop
  endfacet
  facet normal -0.8660254037844385 -0.5000000000000004 1.4958794437054756e-15
    outer loop
      vertex 20.7 0 3.75
      vertex 16.025 8.097337525384502 8.5
      vertex 15.524999999999999 8.96336292916894 8.5
    endloop
  endfacet
  facet normal 0 -1 0
    outer loop
      vertex 10.35 17.92672585833788 3.75
      vertex 1 17.92672585833788 17.5
      vertex 1 17.92672585833788 8.5
    endloop
  endfacet
  facet normal 0 -1 0
    outer loop
      vertex 10.35 17.92672585833788 3.75
      vertex 10.35 17.92672585833788 18.5
      vertex 1 17.92672585833788 17.5
    endloop
  endfacet
  facet normal 0 -1 0
    outer loop
      vertex -10.35 17.92672585833788 18.5
      vertex 1 17.92672585833788 17.5
      vertex 10.35 17.92672585833788 18.5
    endloop
  endfacet
  facet normal -0.8660254037844387 -0.5000000000000001 0
    outer loop
      vertex 20.7 0 3.75
      vertex 20.7 0 18.5
      vertex 16.025 8.097337525384502 17.5
    endloop
  endfacet
  facet normal -0.8660254037844386 -0.5000000000000001 0
    outer loop
      vertex 20.7 0 3.75
      vertex 16.025 8.097337525384502 17.5
      vertex 16.025 8.097337525384502 8.5
    endloop
  endfacet
  facet normal -0.8660254037844386 -0.5 0
    outer loop
      vertex 10.35 17.92672585833788 18.5
      vertex 16.025 8.097337525384502 17.5
      vertex 20.7 0 18.5
    endloop
  endfacet
  facet normal -0.8660254037844387 -0.5 0
    outer loop
      vertex 10.35 17.92672585833788 3.75
      vertex 15.524999999999999 8.96336292916894 8.5
      vertex 10.35 17.92672585833788 18.5
    endloop
  endfacet
  facet normal -0.8660254037844387 -0.5 0
    outer loop
      vertex 15.524999999999999 8.96336292916894 8.5
      vertex 15.524999999999999 8.96336292916894 17.5
      vertex 10.35 17.92672585833788 18.5
    endloop
  endfacet
  facet normal -0.8660254037844384 -0.5000000000000006 7.10542735760101e-15
    outer loop
      vertex 10.35 17.92672585833788 18.5
      vertex 15.524999999999999 8.96336292916894 17.5
      vertex 16.025 8.097337525384502 17.5
    endloop
  endfacet
  facet normal 0.38650522668136905 0.6694466900030572 0.634393284163644
    outer loop
      vertex -16.24720441845382 6.5897785798135935 2.8332893009411935
      vertex -5.538470295819092 0.4070880514303032 2.8332893009411935
      vertex -16.060660171779823 6.912882692912616 2.378679656440357
    endloop
  endfacet
  facet normal 0.440960632174178 0.7637662190633676 0.471396736825996
    outer loop
      vertex -16.24720441845382 6.5897785798135935 2.8332893009411935
      vertex -16.38581929876693 6.349690564426204 3.3519497029047307
      vertex -5.677085176132204 0.16700003604291444 3.3519497029047307
    endloop
  endfacet
  facet normal 0.4784701678661039 0.8287346406501017 0.2902846772544652
    outer loop
      vertex -16.38581929876693 6.349690564426204 3.3519497029047307
      vertex -16.446192917533313 6.245120389286033 3.75
      vertex -5.737458794898587 0.06242986090274383 3.75
    endloop
  endfacet
  facet normal 0.8660254037844395 -0.49999999999999867 6.111369589624803e-15
    outer loop
      vertex -15.833355349529404 7.306586193855753 2.0055911630923644
      vertex -15.292635483024192 8.243140475304639 1.5576441587903087
      vertex -15 8.75 1.5
    endloop
  endfacet
  facet normal 0.8660254037844389 -0.49999999999999944 2.83231745369302e-15
    outer loop
      vertex -15.833355349529404 7.306586193855753 2.0055911630923644
      vertex -15 8.75 1.5
      vertex -14.707364516975808 9.256859524695361 1.5576441587903087
    endloop
  endfacet
  facet normal 0.8660254037844365 -0.5000000000000038 -7.815586204408473e-15
    outer loop
      vertex -15.833355349529404 7.306586193855753 2.0055911630923644
      vertex -15.574025148547635 7.755759277893224 1.72836140246614
      vertex -15.292635483024192 8.243140475304639 1.5576441587903087
    endloop
  endfacet
  facet normal 0.8660254037844384 -0.5000000000000002 1.3390580818707685e-15
    outer loop
      vertex -15.833355349529404 7.306586193855753 2.0055911630923644
      vertex -14.166644650470596 10.193413806144246 2.0055911630923644
      vertex -16.060660171779823 6.912882692912616 2.378679656440357
    endloop
  endfacet
  facet normal 0.8660254037844383 -0.5000000000000006 -3.488264952631361e-15
    outer loop
      vertex -15.833355349529404 7.306586193855753 2.0055911630923644
      vertex -14.707364516975808 9.256859524695361 1.5576441587903087
      vertex -14.425974851452365 9.744240722106776 1.72836140246614
    endloop
  endfacet
  facet normal 0.8660254037844385 -0.5000000000000003 -9.611034758406285e-16
    outer loop
      vertex -15.833355349529404 7.306586193855753 2.0055911630923644
      vertex -14.425974851452365 9.744240722106776 1.72836140246614
      vertex -14.166644650470596 10.193413806144246 2.0055911630923644
    endloop
  endfacet
  facet normal 0.8660254037844385 -0.5000000000000001 3.927807086609899e-15
    outer loop
      vertex -16.060660171779823 6.912882692912616 2.378679656440357
      vertex -14.166644650470596 10.193413806144246 2.0055911630923644
      vertex -13.939339828220179 10.587117307087384 2.378679656440357
    endloop
  endfacet
  facet normal 0.23569836841299893 0.4082415493524015 0.8819212643483549
    outer loop
      vertex -15.833355349529404 7.306586193855753 2.0055911630923644
      vertex -5.119381707345284 1.1329707795392614 1.99999
      vertex -15.574025148547635 7.755759277893224 1.72836140246614
    endloop
  endfacet
  facet normal 0.317196642081822 0.5494007000759562 0.773010453362738
    outer loop
      vertex -15.833355349529404 7.306586193855753 2.0055911630923644
      vertex -16.060660171779823 6.912882692912616 2.378679656440357
      vertex -5.351926049145095 0.7301921645293267 2.378679656440357
    endloop
  endfacet
  facet normal 0.8660254037844386 -0.5000000000000001 8.634289206555131e-16
    outer loop
      vertex -16.24720441845382 6.5897785798135935 2.8332893009411935
      vertex -16.060660171779823 6.912882692912616 2.378679656440357
      vertex -13.939339828220179 10.587117307087384 2.378679656440357
    endloop
  endfacet
  facet normal 0.8660254037844385 -0.5000000000000002 -3.818734915644749e-15
    outer loop
      vertex -16.24720441845382 6.5897785798135935 2.8332893009411935
      vertex -13.752795581546183 10.910221420186407 2.8332893009411935
      vertex -16.38581929876693 6.349690564426204 3.3519497029047307
    endloop
  endfacet
  facet normal 0.8660254037844386 -0.5000000000000003 -7.832383347390489e-16
    outer loop
      vertex -16.24720441845382 6.5897785798135935 2.8332893009411935
      vertex -13.939339828220179 10.587117307087384 2.378679656440357
      vertex -13.752795581546183 10.910221420186407 2.8332893009411935
    endloop
  endfacet
  facet normal 0.8660254037844387 -0.49999999999999983 6.178464047714375e-16
    outer loop
      vertex -16.38581929876693 6.349690564426204 3.3519497029047307
      vertex -13.752795581546183 10.910221420186407 2.8332893009411935
      vertex -13.614180701233071 11.150309435573796 3.3519497029047307
    endloop
  endfacet
  facet normal 0.8660254037844387 -0.49999999999999983 -3.857234501851333e-16
    outer loop
      vertex -16.38581929876693 6.349690564426204 3.3519497029047307
      vertex -13.553807082466687 11.254879610713967 3.75
      vertex -16.446192917533313 6.245120389286033 3.75
    endloop
  endfacet
  facet normal 0.8660254037844387 -0.4999999999999998 0
    outer loop
      vertex -16.38581929876693 6.349690564426204 3.3519497029047307
      vertex -13.614180701233071 11.150309435573796 3.3519497029047307
      vertex -13.553807082466687 11.254879610713967 3.75
    endloop
  endfacet
  facet normal 0.31719664208182297 0.5494007000759575 0.7730104533627367
    outer loop
      vertex -15.833355349529404 7.306586193855753 2.0055911630923644
      vertex -5.351926049145095 0.7301921645293267 2.378679656440357
      vertex -5.124621226894677 1.123895665472463 2.0055911630923644
    endloop
  endfacet
  facet normal 0.23569836841302952 0.40824154935245455 0.8819212643483223
    outer loop
      vertex -15.833355349529404 7.306586193855753 2.0055911630923644
      vertex -5.124621226894677 1.123895665472463 2.0055911630923644
      vertex -5.119381707345284 1.1329707795392614 1.99999
    endloop
  endfacet
  facet normal 0.23569836841299963 0.40824154935240275 0.8819212643483542
    outer loop
      vertex -15.574025148547635 7.755759277893224 1.72836140246614
      vertex -5.119381707345284 1.1329707795392614 1.99999
      vertex 3.5408723304991008 -3.8670292204607386 1.99999
    endloop
  endfacet
  facet normal 0.44096063217417764 0.7637662190633671 0.4713967368259973
    outer loop
      vertex -16.24720441845382 6.5897785798135935 2.8332893009411935
      vertex -5.677085176132204 0.16700003604291444 3.3519497029047307
      vertex -5.538470295819092 0.4070880514303032 2.8332893009411935
    endloop
  endfacet
  facet normal 0.47847016786610447 0.8287346406501026 0.290284677254462
    outer loop
      vertex -16.38581929876693 6.349690564426204 3.3519497029047307
      vertex -5.737458794898587 0.06242986090274383 3.75
      vertex -5.677085176132204 0.16700003604291444 3.3519497029047307
    endloop
  endfacet
  facet normal 0.38650522668136866 0.6694466900030567 0.6343932841636448
    outer loop
      vertex -16.060660171779823 6.912882692912616 2.378679656440357
      vertex -5.538470295819092 0.4070880514303032 2.8332893009411935
      vertex -5.351926049145095 0.7301921645293267 2.378679656440357
    endloop
  endfacet
  facet normal -0.31719664208182213 -0.5494007000759562 0.773010453362738
    outer loop
      vertex -14.166644650470596 10.193413806144246 2.0055911630923644
      vertex -3.457910527835871 4.010723277760957 2.0055911630923644
      vertex -13.939339828220179 10.587117307087384 2.378679656440357
    endloop
  endfacet
  facet normal -0.2356983684129893 -0.4082415493523849 0.8819212643483653
    outer loop
      vertex -14.166644650470596 10.193413806144246 2.0055911630923644
      vertex -3.4631500473852634 4.001648163694158 1.99999
      vertex -3.457910527835871 4.010723277760957 2.0055911630923644
    endloop
  endfacet
  facet normal -0.31719664208182247 -0.5494007000759566 0.7730104533627374
    outer loop
      vertex -13.939339828220179 10.587117307087384 2.378679656440357
      vertex -3.457910527835871 4.010723277760957 2.0055911630923644
      vertex -3.2306057055854525 4.404426778704094 2.378679656440357
    endloop
  endfacet
  facet normal -0.38650522668136905 -0.6694466900030572 0.634393284163644
    outer loop
      vertex -13.939339828220179 10.587117307087384 2.378679656440357
      vertex -3.2306057055854525 4.404426778704094 2.378679656440357
      vertex -13.752795581546183 10.910221420186407 2.8332893009411935
    endloop
  endfacet
  facet normal -0.4409606321741776 -0.7637662190633671 0.47139673682599714
    outer loop
      vertex -13.752795581546183 10.910221420186407 2.8332893009411935
      vertex -3.0440614589114556 4.727530891803117 2.8332893009411935
      vertex -13.614180701233071 11.150309435573796 3.3519497029047307
    endloop
  endfacet
  facet normal -0.4784701678661039 -0.8287346406501017 0.2902846772544652
    outer loop
      vertex -13.614180701233071 11.150309435573796 3.3519497029047307
      vertex -2.9054465785983434 4.967618907190507 3.3519497029047307
      vertex -13.553807082466687 11.254879610713967 3.75
    endloop
  endfacet
  facet normal -0.38650522668136866 -0.6694466900030567 0.6343932841636448
    outer loop
      vertex -13.752795581546183 10.910221420186407 2.8332893009411935
      vertex -3.2306057055854525 4.404426778704094 2.378679656440357
      vertex -3.0440614589114556 4.727530891803117 2.8332893009411935
    endloop
  endfacet
  facet normal -0.4409606321741776 -0.7637662190633671 0.4713967368259973
    outer loop
      vertex -13.614180701233071 11.150309435573796 3.3519497029047307
      vertex -3.0440614589114556 4.727530891803117 2.8332893009411935
      vertex -2.9054465785983434 4.967618907190507 3.3519497029047307
    endloop
  endfacet
  facet normal -0.47847016786610397 -0.8287346406501018 0.2902846772544645
    outer loop
      vertex -13.553807082466687 11.254879610713967 3.75
      vertex -2.9054465785983434 4.967618907190507 3.3519497029047307
      vertex -2.8450729598319593 5.072189082330677 3.75
    endloop
  endfacet
  facet normal 0.14514233862723122 0.2513939048317313 0.9569403357322088
    outer loop
      vertex -15.574025148547635 7.755759277893224 1.72836140246614
      vertex 16.505380449937075 -10.76529417983511 1.72836140246614
      vertex -15.292635483024192 8.243140475304639 1.5576441587903087
    endloop
  endfacet
  facet normal 0.049008570164780337 0.08488533353170376 0.9951847266721968
    outer loop
      vertex -15.292635483024192 8.243140475304639 1.5576441587903087
      vertex 16.786770115581326 -10.277912982493447 1.5576441587903087
      vertex -15 8.75 1.5
    endloop
  endfacet
  facet normal -0.04900857016478034 -0.08488533353170377 0.9951847266721969
    outer loop
      vertex -15 8.75 1.5
      vertex 17.07940559873116 -9.771053457870623 1.5
      vertex -14.707364516975808 9.256859524695361 1.5576441587903087
    endloop
  endfacet
  facet normal -0.14514233862723125 -0.25139390483173135 0.9569403357322089
    outer loop
      vertex -14.707364516975808 9.256859524695361 1.5576441587903087
      vertex 17.372041081880994 -9.2641939332478 1.5576441587903087
      vertex -14.425974851452365 9.744240722106776 1.72836140246614
    endloop
  endfacet
  facet normal -0.2356983684129992 -0.40824154935240187 0.8819212643483546
    outer loop
      vertex -14.425974851452365 9.744240722106776 1.72836140246614
      vertex 17.653430747525245 -8.776812735906137 1.72836140246614
      vertex -14.166644650470596 10.193413806144246 2.0055911630923644
    endloop
  endfacet
  facet normal 0.23569836841299932 0.40824154935240226 0.8819212643483544
    outer loop
      vertex -15.574025148547635 7.755759277893224 1.72836140246614
      vertex 3.5408723304991008 -3.8670292204607386 1.99999
      vertex 16.246050248843964 -11.214467263808299 2.0055911630923644
    endloop
  endfacet
  facet normal 0.2356983684130014 0.4082415493524058 0.8819212643483523
    outer loop
      vertex 3.5408723304991008 -3.8670292204607386 1.99999
      vertex 3.5356328109497084 -3.876104334527537 2.0055911630923644
      vertex 16.246050248843964 -11.214467263808299 2.0055911630923644
    endloop
  endfacet
  facet normal 0.31719664208182263 0.5494007000759572 0.773010453362737
    outer loop
      vertex 3.5356328109497084 -3.876104334527537 2.0055911630923644
      vertex 3.3083279886992907 -4.269807835470673 2.378679656440357
      vertex 16.018745426495958 -11.60817076469509 2.378679656440357
    endloop
  endfacet
  facet normal 0.38650522668136833 0.669446690003056 0.6343932841636458
    outer loop
      vertex 3.121783742025294 -4.592911948569697 2.8332893009411935
      vertex 15.832201179741869 -11.931274877747875 2.8332893009411935
      vertex 3.3083279886992907 -4.269807835470673 2.378679656440357
    endloop
  endfacet
  facet normal 0.44096063217417814 0.763766219063368 0.47139673682599514
    outer loop
      vertex 3.121783742025294 -4.592911948569697 2.8332893009411935
      vertex 2.983168861712182 -4.832999963957085 3.3519497029047307
      vertex 15.693586299369246 -12.171362893100904 3.3519497029047307
    endloop
  endfacet
  facet normal 0.47847016786610425 0.8287346406501023 0.29028467725446305
    outer loop
      vertex 2.9227952429457984 -4.9375701390972555 3.75
      vertex 14.117668224023605 -11.400933068266195 3.75
      vertex 2.983168861712182 -4.832999963957085 3.3519497029047307
    endloop
  endfacet
  facet normal 0.4784701678661045 0.8287346406501027 0.29028467725446155
    outer loop
      vertex 2.983168861712182 -4.832999963957085 3.3519497029047307
      vertex 14.117668224023605 -11.400933068266195 3.75
      vertex 15.693586299369246 -12.171362893100904 3.3519497029047307
    endloop
  endfacet
  facet normal 0.145142338627232 0.2513939048317326 0.9569403357322083
    outer loop
      vertex -15.292635483024192 8.243140475304639 1.5576441587903087
      vertex 16.505380449937075 -10.76529417983511 1.72836140246614
      vertex 16.786770115581326 -10.277912982493447 1.5576441587903087
    endloop
  endfacet
  facet normal 0.049008570164780135 0.08488533353170341 0.9951847266721969
    outer loop
      vertex -15 8.75 1.5
      vertex 16.786770115581326 -10.277912982493447 1.5576441587903087
      vertex 17.07940559873116 -9.771053457870623 1.5
    endloop
  endfacet
  facet normal 0.2356983684129997 0.408241549352403 0.881921264348354
    outer loop
      vertex -15.574025148547635 7.755759277893224 1.72836140246614
      vertex 16.246050248843964 -11.214467263808299 2.0055911630923644
      vertex 16.505380449937075 -10.76529417983511 1.72836140246614
    endloop
  endfacet
  facet normal -0.049008570164780094 -0.08488533353170337 0.9951847266721968
    outer loop
      vertex -14.707364516975808 9.256859524695361 1.5576441587903087
      vertex 17.07940559873116 -9.771053457870623 1.5
      vertex 17.372041081880994 -9.2641939332478 1.5576441587903087
    endloop
  endfacet
  facet normal -0.14514233862723194 -0.2513939048317325 0.9569403357322084
    outer loop
      vertex -14.425974851452365 9.744240722106776 1.72836140246614
      vertex 17.372041081880994 -9.2641939332478 1.5576441587903087
      vertex 17.653430747525245 -8.776812735906137 1.72836140246614
    endloop
  endfacet
  facet normal -0.23569836841299863 -0.408241549352401 0.8819212643483553
    outer loop
      vertex -3.4631500473852634 4.001648163694158 1.99999
      vertex 17.653430747525245 -8.776812735906137 1.72836140246614
      vertex 5.197103990459122 -0.9983518363058418 1.99999
    endloop
  endfacet
  facet normal -0.2356983684129997 -0.40824154935240287 0.881921264348354
    outer loop
      vertex 5.197103990459122 -0.9983518363058418 1.99999
      vertex 17.912760948618356 -8.327639651932948 2.0055911630923644
      vertex 5.2023435100085145 -0.9892767222390433 2.0055911630923644
    endloop
  endfacet
  facet normal -0.3171966420818228 -0.5494007000759572 0.7730104533627369
    outer loop
      vertex 5.2023435100085145 -0.9892767222390433 2.0055911630923644
      vertex 18.140065770966363 -7.933936151046156 2.378679656440357
      vertex 5.429648332258933 -0.5955732212959074 2.378679656440357
    endloop
  endfacet
  facet normal -0.38650522668136755 -0.6694466900030547 0.6343932841636477
    outer loop
      vertex 5.429648332258933 -0.5955732212959074 2.378679656440357
      vertex 18.140065770966363 -7.933936151046156 2.378679656440357
      vertex 5.616192578932931 -0.27246910819688186 2.8332893009411935
    endloop
  endfacet
  facet normal -0.44096063217417814 -0.7637662190633681 0.471396736825995
    outer loop
      vertex 5.616192578932931 -0.27246910819688186 2.8332893009411935
      vertex 18.32661001772045 -7.610832037993369 2.8332893009411935
      vertex 5.754807459246042 -0.0323810928094941 3.3519497029047307
    endloop
  endfacet
  facet normal -0.47847016786610386 -0.8287346406501016 0.29028467725446555
    outer loop
      vertex 5.754807459246042 -0.0323810928094941 3.3519497029047307
      vertex 17.010054059090233 -6.391173846838262 3.75
      vertex 5.815181078012426 0.07218908233067761 3.75
    endloop
  endfacet
  facet normal 0.4784701678661036 0.8287346406501015 0.29028467725446633
    outer loop
      vertex 14.117668224023605 -11.400933068266195 3.75
      vertex 14.092683220952072 -11.444208363013352 3.914729033951615
      vertex 15.608227677494682 -12.319208362967073 3.914729033951615
    endloop
  endfacet
  facet normal 0.4784701678661045 0.8287346406501024 0.29028467725446255
    outer loop
      vertex 14.117668224023605 -11.400933068266195 3.75
      vertex 15.608227677494682 -12.319208362967073 3.914729033951615
      vertex 15.693586299369246 -12.171362893100904 3.3519497029047307
    endloop
  endfacet
  facet normal 0.497592363336098 0.8618552547563952 0.09801714032956457
    outer loop
      vertex 14.092683220952072 -11.444208363013352 3.914729033951615
      vertex 14.063861141556918 -11.494129668905547 4.5
      vertex 15.57940559808715 -12.369129668852121 4.5
    endloop
  endfacet
  facet normal 0.497592363336098 0.8618552547563952 0.09801714032956468
    outer loop
      vertex 14.092683220952072 -11.444208363013352 3.914729033951615
      vertex 15.57940559808715 -12.369129668852121 4.5
      vertex 15.608227677494682 -12.319208362967073 3.914729033951615
    endloop
  endfacet
  facet normal 0.497592363336098 0.8618552547563954 -0.09801714032956457
    outer loop
      vertex 14.063861141556918 -11.494129668905547 4.5
      vertex 14.092683220952072 -11.444208363013352 5.085270966048385
      vertex 15.608227677494682 -12.319208362967073 5.085270966048385
    endloop
  endfacet
  facet normal 0.497592363336098 0.8618552547563954 -0.09801714032956456
    outer loop
      vertex 14.063861141556918 -11.494129668905547 4.5
      vertex 15.608227677494682 -12.319208362967073 5.085270966048385
      vertex 15.57940559808715 -12.369129668852121 4.5
    endloop
  endfacet
  facet normal 0.4784701678661039 0.8287346406501015 -0.2902846772544657
    outer loop
      vertex 14.092683220952072 -11.444208363013352 5.085270966048385
      vertex 14.17804184278999 -11.296362893126023 5.648050297095269
      vertex 15.693586299369246 -12.171362893100902 5.648050297095269
    endloop
  endfacet
  facet normal 0.47847016786610386 0.8287346406501019 -0.29028467725446505
    outer loop
      vertex 14.092683220952072 -11.444208363013352 5.085270966048385
      vertex 15.693586299369246 -12.171362893100902 5.648050297095269
      vertex 15.608227677494682 -12.319208362967073 5.085270966048385
    endloop
  endfacet
  facet normal 0.4409606321741785 0.7637662190633693 -0.4713967368259928
    outer loop
      vertex 14.17804184278999 -11.296362893126023 5.648050297095269
      vertex 14.316656723103101 -11.056274877738637 6.1667106990588065
      vertex 15.832201179741869 -11.931274877747875 6.1667106990588065
    endloop
  endfacet
  facet normal 0.4409606321741786 0.7637662190633687 -0.4713967368259936
    outer loop
      vertex 14.17804184278999 -11.296362893126023 5.648050297095269
      vertex 15.832201179741869 -11.931274877747875 6.1667106990588065
      vertex 15.693586299369246 -12.171362893100902 5.648050297095269
    endloop
  endfacet
  facet normal 0.3865052266813685 0.6694466900030568 -0.6343932841636449
    outer loop
      vertex 14.316656723103101 -11.056274877738637 6.1667106990588065
      vertex 16.018745426495958 -11.608170764695092 6.621320343559643
      vertex 15.832201179741869 -11.931274877747875 6.1667106990588065
    endloop
  endfacet
  facet normal 0.3865052266813685 0.6694466900030561 -0.6343932841636456
    outer loop
      vertex 14.316656723103101 -11.056274877738637 6.1667106990588065
      vertex 14.503200969777097 -10.733170764639613 6.621320343559643
      vertex 16.018745426495958 -11.608170764695092 6.621320343559643
    endloop
  endfacet
  facet normal 0.3171966420818226 0.5494007000759569 -0.7730104533627373
    outer loop
      vertex 14.503200969777097 -10.733170764639613 6.621320343559643
      vertex 16.246050248843964 -11.214467263808299 6.994408836907636
      vertex 16.018745426495958 -11.608170764695092 6.621320343559643
    endloop
  endfacet
  facet normal 0.3171966420818226 0.5494007000759574 -0.7730104533627368
    outer loop
      vertex 14.503200969777097 -10.733170764639613 6.621320343559643
      vertex 14.730505792027515 -10.339467263696477 6.994408836907636
      vertex 16.246050248843964 -11.214467263808299 6.994408836907636
    endloop
  endfacet
  facet normal 0.23569836841299838 0.4082415493524012 -0.8819212643483553
    outer loop
      vertex 14.730505792027515 -10.339467263696477 6.994408836907636
      vertex 14.989835993009283 -9.890294179659005 7.27163859753386
      vertex 16.505380449937075 -10.76529417983511 7.27163859753386
    endloop
  endfacet
  facet normal 0.23569836841299832 0.40824154935240087 -0.8819212643483555
    outer loop
      vertex 14.730505792027515 -10.339467263696477 6.994408836907636
      vertex 16.505380449937075 -10.76529417983511 7.27163859753386
      vertex 16.246050248843964 -11.214467263808299 6.994408836907636
    endloop
  endfacet
  facet normal 0.14514233862723158 0.2513939048317316 -0.9569403357322087
    outer loop
      vertex 14.989835993009283 -9.890294179659005 7.27163859753386
      vertex 15.271225658532725 -9.40291298224759 7.442355841209691
      vertex 16.786770115581326 -10.277912982493447 7.442355841209691
    endloop
  endfacet
  facet normal 0.14514233862723178 0.25139390483173263 -0.9569403357322084
    outer loop
      vertex 14.989835993009283 -9.890294179659005 7.27163859753386
      vertex 16.786770115581326 -10.277912982493447 7.442355841209691
      vertex 16.505380449937075 -10.76529417983511 7.27163859753386
    endloop
  endfacet
  facet normal 0.3171966420818233 0.5494007000759582 0.7730104533627361
    outer loop
      vertex 3.5356328109497084 -3.876104334527537 2.0055911630923644
      vertex 16.018745426495958 -11.60817076469509 2.378679656440357
      vertex 16.246050248843964 -11.214467263808299 2.0055911630923644
    endloop
  endfacet
  facet normal -0.23569836841299846 -0.40824154935240076 0.8819212643483553
    outer loop
      vertex 5.197103990459122 -0.9983518363058418 1.99999
      vertex 17.653430747525245 -8.776812735906137 1.72836140246614
      vertex 17.912760948618356 -8.327639651932948 2.0055911630923644
    endloop
  endfacet
  facet normal -0.31719664208182297 -0.5494007000759575 0.7730104533627367
    outer loop
      vertex 5.2023435100085145 -0.9892767222390433 2.0055911630923644
      vertex 17.912760948618356 -8.327639651932948 2.0055911630923644
      vertex 18.140065770966363 -7.933936151046156 2.378679656440357
    endloop
  endfacet
  facet normal 0.38650522668136805 0.6694466900030557 0.6343932841636464
    outer loop
      vertex 3.3083279886992907 -4.269807835470673 2.378679656440357
      vertex 15.832201179741869 -11.931274877747875 2.8332893009411935
      vertex 16.018745426495958 -11.60817076469509 2.378679656440357
    endloop
  endfacet
  facet normal 0.440960632174178 0.7637662190633677 0.4713967368259958
    outer loop
      vertex 3.121783742025294 -4.592911948569697 2.8332893009411935
      vertex 15.693586299369246 -12.171362893100904 3.3519497029047307
      vertex 15.832201179741869 -11.931274877747875 2.8332893009411935
    endloop
  endfacet
  facet normal -0.38650522668136683 -0.6694466900030535 0.6343932841636495
    outer loop
      vertex 5.616192578932931 -0.27246910819688186 2.8332893009411935
      vertex 18.140065770966363 -7.933936151046156 2.378679656440357
      vertex 18.32661001772045 -7.610832037993369 2.8332893009411935
    endloop
  endfacet
  facet normal -0.4409606321741783 -0.7637662190633684 0.4713967368259945
    outer loop
      vertex 5.754807459246042 -0.0323810928094941 3.3519497029047307
      vertex 18.32661001772045 -7.610832037993369 2.8332893009411935
      vertex 18.465224898093076 -7.370744022640341 3.3519497029047307
    endloop
  endfacet
  facet normal -0.47847016786610413 -0.8287346406501023 0.29028467725446333
    outer loop
      vertex 5.754807459246042 -0.0323810928094941 3.3519497029047307
      vertex 18.465224898093076 -7.370744022640341 3.3519497029047307
      vertex 17.010054059090233 -6.391173846838262 3.75
    endloop
  endfacet
  facet normal -0.4784701678661065 -0.828734640650103 0.2902846772544575
    outer loop
      vertex 17.010054059090233 -6.391173846838262 3.75
      vertex 18.465224898093076 -7.370744022640341 3.3519497029047307
      vertex 17.035039062161765 -6.347898552091105 3.914729033951615
    endloop
  endfacet
  facet normal -0.47847016786610486 -0.8287346406501027 0.2902846772544612
    outer loop
      vertex 17.035039062161765 -6.347898552091105 3.914729033951615
      vertex 18.465224898093076 -7.370744022640341 3.3519497029047307
      vertex 18.55058351996764 -7.222898552774172 3.914729033951615
    endloop
  endfacet
  facet normal -0.4975923633360985 -0.8618552547563952 0.09801714032956217
    outer loop
      vertex 17.035039062161765 -6.347898552091105 3.914729033951615
      vertex 18.55058351996764 -7.222898552774172 3.914729033951615
      vertex 17.06386114155692 -6.297977246198913 4.5
    endloop
  endfacet
  facet normal -0.4975923633360987 -0.8618552547563951 0.09801714032956174
    outer loop
      vertex 17.06386114155692 -6.297977246198913 4.5
      vertex 18.55058351996764 -7.222898552774172 3.914729033951615
      vertex 18.579405599375168 -7.172977246889125 4.5
    endloop
  endfacet
  facet normal 0.04900857016478044 0.08488533353170401 -0.9951847266721969
    outer loop
      vertex 15.271225658532725 -9.40291298224759 7.442355841209691
      vertex 15.563861141556917 -8.896053457552231 7.5
      vertex 17.07940559873116 -9.771053457870625 7.5
    endloop
  endfacet
  facet normal -0.0490085701647802 -0.08488533353170352 -0.9951847266721969
    outer loop
      vertex 15.563861141556917 -8.896053457552231 7.5
      vertex 15.856496624581112 -8.38919393285687 7.442355841209691
      vertex 17.37204108188099 -9.2641939332478 7.442355841209691
    endloop
  endfacet
  facet normal 0.049008570164780385 0.08488533353170374 -0.9951847266721968
    outer loop
      vertex 16.786770115581326 -10.277912982493447 7.442355841209691
      vertex 15.271225658532725 -9.40291298224759 7.442355841209691
      vertex 17.07940559873116 -9.771053457870625 7.5
    endloop
  endfacet
  facet normal -0.04900857016478021 -0.0848853335317036 -0.9951847266721969
    outer loop
      vertex 15.563861141556917 -8.896053457552231 7.5
      vertex 17.37204108188099 -9.2641939332478 7.442355841209691
      vertex 17.07940559873116 -9.771053457870625 7.5
    endloop
  endfacet
  facet normal -0.14514233862723117 -0.25139390483173124 -0.956940335732209
    outer loop
      vertex 15.856496624581112 -8.38919393285687 7.442355841209691
      vertex 17.653430747525245 -8.776812735906136 7.27163859753386
      vertex 17.37204108188099 -9.2641939332478 7.442355841209691
    endloop
  endfacet
  facet normal -0.1451423386272312 -0.2513939048317314 -0.9569403357322088
    outer loop
      vertex 15.856496624581112 -8.38919393285687 7.442355841209691
      vertex 16.137886290104554 -7.901812735445454 7.27163859753386
      vertex 17.653430747525245 -8.776812735906136 7.27163859753386
    endloop
  endfacet
  facet normal -0.2356983684129989 -0.40824154935240153 -0.8819212643483549
    outer loop
      vertex 16.137886290104554 -7.901812735445454 7.27163859753386
      vertex 16.397216491086322 -7.452639651407983 6.994408836907636
      vertex 17.912760948618356 -8.327639651932948 6.994408836907636
    endloop
  endfacet
  facet normal -0.38650522668136683 -0.6694466900030533 -0.6343932841636497
    outer loop
      vertex 16.62452131333674 -7.058936150464847 6.621320343559643
      vertex 18.32661001772045 -7.610832037993368 6.1667106990588065
      vertex 18.140065770966363 -7.933936151046155 6.621320343559643
    endloop
  endfacet
  facet normal -0.31719664208182285 -0.5494007000759573 -0.7730104533627369
    outer loop
      vertex 16.62452131333674 -7.058936150464847 6.621320343559643
      vertex 18.140065770966363 -7.933936151046155 6.621320343559643
      vertex 16.397216491086322 -7.452639651407983 6.994408836907636
    endloop
  endfacet
  facet normal -0.31719664208182274 -0.5494007000759574 -0.7730104533627368
    outer loop
      vertex 16.397216491086322 -7.452639651407983 6.994408836907636
      vertex 18.140065770966363 -7.933936151046155 6.621320343559643
      vertex 17.912760948618356 -8.327639651932948 6.994408836907636
    endloop
  endfacet
  facet normal -0.4975923633360987 -0.8618552547563951 -0.09801714032956217
    outer loop
      vertex 17.06386114155692 -6.297977246198913 4.5
      vertex 18.579405599375168 -7.172977246889125 4.5
      vertex 17.035039062161765 -6.347898552091105 5.085270966048385
    endloop
  endfacet
  facet normal -0.49759236333609863 -0.8618552547563955 -0.09801714032956176
    outer loop
      vertex 18.579405599375168 -7.172977246889125 4.5
      vertex 18.55058351996764 -7.222898552774172 5.085270966048385
      vertex 17.035039062161765 -6.347898552091105 5.085270966048385
    endloop
  endfacet
  facet normal -0.4784701678661047 -0.8287346406501024 -0.29028467725446194
    outer loop
      vertex 17.035039062161765 -6.347898552091105 5.085270966048385
      vertex 18.55058351996764 -7.222898552774172 5.085270966048385
      vertex 16.94968044032385 -6.495744021978433 5.648050297095269
    endloop
  endfacet
  facet normal -0.4784701678661046 -0.8287346406501027 -0.29028467725446117
    outer loop
      vertex 16.94968044032385 -6.495744021978433 5.648050297095269
      vertex 18.55058351996764 -7.222898552774172 5.085270966048385
      vertex 18.465224898093076 -7.370744022640341 5.648050297095269
    endloop
  endfacet
  facet normal -0.4409606321741787 -0.7637662190633687 -0.4713967368259937
    outer loop
      vertex 16.94968044032385 -6.495744021978433 5.648050297095269
      vertex 18.465224898093076 -7.370744022640341 5.648050297095269
      vertex 16.81106556001074 -6.73583203736582 6.1667106990588065
    endloop
  endfacet
  facet normal -0.3865052266813668 -0.6694466900030532 -0.6343932841636497
    outer loop
      vertex 16.81106556001074 -6.73583203736582 6.1667106990588065
      vertex 18.32661001772045 -7.610832037993368 6.1667106990588065
      vertex 16.62452131333674 -7.058936150464847 6.621320343559643
    endloop
  endfacet
  facet normal -0.44096063217417864 -0.7637662190633686 -0.47139673682599376
    outer loop
      vertex 16.81106556001074 -6.73583203736582 6.1667106990588065
      vertex 18.465224898093076 -7.370744022640341 5.648050297095269
      vertex 18.32661001772045 -7.610832037993368 6.1667106990588065
    endloop
  endfacet
  facet normal -0.2356983684129989 -0.4082415493524017 -0.8819212643483547
    outer loop
      vertex 16.137886290104554 -7.901812735445454 7.27163859753386
      vertex 17.912760948618356 -8.327639651932948 6.994408836907636
      vertex 17.653430747525245 -8.776812735906136 7.27163859753386
    endloop
  endfacet
  facet normal -0.23569836841299935 -0.40824154935240226 0.8819212643483545
    outer loop
      vertex -14.166644650470596 10.193413806144246 2.0055911630923644
      vertex 17.653430747525245 -8.776812735906137 1.72836140246614
      vertex -3.4631500473852634 4.001648163694158 1.99999
    endloop
  endfacet
  facet normal 0.4999999999999997 0.8660254037844387 -2.9605947331871556e-16
    outer loop
      vertex 13.261860279185585 -12.883235910246746 7.5
      vertex 14.777404735371492 -13.758235909994523 10.5
      vertex 14.77740473537149 -13.758235909994523 7.5
    endloop
  endfacet
  facet normal 0 0 1
    outer loop
      vertex 13.261860279185585 -12.883235910246746 7.5
      vertex 14.77740473537149 -13.758235909994523 7.5
      vertex 15.563861141556917 -8.896053457552231 7.5
    endloop
  endfacet
  facet normal 0 0 1
    outer loop
      vertex 14.77740473537149 -13.758235909994523 7.5
      vertex 17.07940559873116 -9.771053457870625 7.5
      vertex 15.563861141556917 -8.896053457552231 7.5
    endloop
  endfacet
  facet normal 0 0 1
    outer loop
      vertex 15.563861141556917 -8.896053457552231 7.5
      vertex 17.07940559873116 -9.771053457870625 7.5
      vertex 19.777404737518182 -5.09798187338953 7.5
    endloop
  endfacet
  facet normal 0 0 1
    outer loop
      vertex 15.563861141556917 -8.896053457552231 7.5
      vertex 19.777404737518182 -5.09798187338953 7.5
      vertex 18.261860279185587 -4.222981872402361 7.5
    endloop
  endfacet
  facet normal -0.5 -0.8660254037844386 0
    outer loop
      vertex 19.777404737518182 -5.09798187338953 7.5
      vertex 18.261860279185587 -4.222981872402361 10.5
      vertex 18.261860279185587 -4.222981872402361 7.5
    endloop
  endfacet
  facet normal 0.4999999999999997 0.8660254037844387 -2.960594732333749e-16
    outer loop
      vertex 13.261860279185585 -12.883235910246746 7.5
      vertex 13.261860279185587 -12.883235910246746 10.5
      vertex 14.777404735371492 -13.758235909994523 10.5
    endloop
  endfacet
  facet normal 0 0 -1
    outer loop
      vertex 13.261860279185587 -12.883235910246746 10.5
      vertex 19.777404737518182 -5.09798187338953 10.5
      vertex 14.777404735371492 -13.758235909994523 10.5
    endloop
  endfacet
  facet normal 0 0 -1
    outer loop
      vertex 13.261860279185587 -12.883235910246746 10.5
      vertex 18.261860279185587 -4.222981872402361 10.5
      vertex 19.777404737518182 -5.09798187338953 10.5
    endloop
  endfacet
  facet normal -0.5 -0.8660254037844386 0
    outer loop
      vertex 19.777404737518182 -5.09798187338953 7.5
      vertex 19.777404737518182 -5.09798187338953 10.5
      vertex 18.261860279185587 -4.222981872402361 10.5
    endloop
  endfacet
  facet normal 0 0 -1
    outer loop
      vertex 0 17 8.5
      vertex 0 17.92672585833788 8.5
      vertex 1 17.92672585833788 8.5
    endloop
  endfacet
  facet normal 0 0 -1
    outer loop
      vertex 0 17 8.5
      vertex 1 17.92672585833788 8.5
      vertex 1 17 8.5
    endloop
  endfacet
  facet normal 0 -1 0
    outer loop
      vertex 0 17 8.5
      vertex 1 17 8.5
      vertex 1 17 17.5
    endloop
  endfacet
  facet normal -1 0 0
    outer loop
      vertex 0 17 8.5
      vertex 0 17 17.5
      vertex 0 17.92672585833788 8.5
    endloop
  endfacet
  facet normal 1 0 0
    outer loop
      vertex 1 17 8.5
      vertex 1 17.92672585833788 8.5
      vertex 1 17.92672585833788 17.5
    endloop
  endfacet
  facet normal 0 -1 0
    outer loop
      vertex 0 17 8.5
      vertex 1 17 17.5
      vertex 0 17 17.5
    endloop
  endfacet
  facet normal -1 0 0
    outer loop
      vertex 0 17.92672585833788 8.5
      vertex 0 17 17.5
      vertex 0 17.92672585833788 17.5
    endloop
  endfacet
  facet normal 1 0 0
    outer loop
      vertex 1 17 8.5
      vertex 1 17.92672585833788 17.5
      vertex 1 17 17.5
    endloop
  endfacet
  facet normal 0 0 1
    outer loop
      vertex 0 17 17.5
      vertex 1 17 17.5
      vertex 0 17.92672585833788 17.5
    endloop
  endfacet
  facet normal 0 0 1
    outer loop
      vertex 1 17 17.5
      vertex 1 17.92672585833788 17.5
      vertex 0 17.92672585833788 17.5
    endloop
  endfacet
  facet normal 0 0 -1
    outer loop
      vertex 0 -17.92672585833788 8.5
      vertex 0 -17 8.5
      vertex 1 -17 8.5
    endloop
  endfacet
  facet normal 0 0 -1
    outer loop
      vertex 0 -17.92672585833788 8.5
      vertex 1 -17 8.5
      vertex 1 -17.92672585833788 8.5
    endloop
  endfacet
  facet normal -1 0 0
    outer loop
      vertex 0 -17.92672585833788 8.5
      vertex 0 -17.92672585833788 17.5
      vertex 0 -17 8.5
    endloop
  endfacet
  facet normal 1 0 0
    outer loop
      vertex 1 -17.92672585833788 8.5
      vertex 1 -17 8.5
      vertex 1 -17 17.5
    endloop
  endfacet
  facet normal 0 1 0
    outer loop
      vertex 0 -17 8.5
      vertex 0 -17 17.5
      vertex 1 -17 8.5
    endloop
  endfacet
  facet normal -1 0 0
    outer loop
      vertex 0 -17 8.5
      vertex 0 -17.92672585833788 17.5
      vertex 0 -17 17.5
    endloop
  endfacet
  facet normal 1 0 0
    outer loop
      vertex 1 -17.92672585833788 8.5
      vertex 1 -17 17.5
      vertex 1 -17.92672585833788 17.5
    endloop
  endfacet
  facet normal 0 1 0
    outer loop
      vertex 1 -17 8.5
      vertex 0 -17 17.5
      vertex 1 -17 17.5
    endloop
  endfacet
  facet normal 0 0 1
    outer loop
      vertex 0 -17.92672585833788 17.5
      vertex 1 -17.92672585833788 17.5
      vertex 0 -17 17.5
    endloop
  endfacet
  facet normal 0 0 1
    outer loop
      vertex 1 -17.92672585833788 17.5
      vertex 1 -17 17.5
      vertex 0 -17 17.5
    endloop
  endfacet
endsolid OpenSCAD_Model
