solid ascii
  facet normal 7.071068e-001 0.000000e+000 7.071068e-001
    outer loop
      vertex   -5.675000e+001 7.825000e+001 3.000000e-001
      vertex   -6.125000e+001 7.825000e+001 4.800000e+000
      vertex   -5.675000e+001 6.175000e+001 3.000000e-001
    endloop
  endfacet
  facet normal 7.071068e-001 2.664399e-016 7.071068e-001
    outer loop
      vertex   -5.675000e+001 6.175000e+001 3.000000e-001
      vertex   -6.125000e+001 7.825000e+001 4.800000e+000
      vertex   -6.125000e+001 6.175000e+001 4.800000e+000
    endloop
  endfacet
  facet normal -0.000000e+000 -1.000000e+000 -0.000000e+000
    outer loop
      vertex   -6.125000e+001 6.175000e+001 4.800000e+000
      vertex   -7.325000e+001 6.175000e+001 4.800000e+000
      vertex   -5.675000e+001 6.175000e+001 3.000000e-001
    endloop
  endfacet
  facet normal -0.000000e+000 -1.000000e+000 0.000000e+000
    outer loop
      vertex   -5.675000e+001 6.175000e+001 3.000000e-001
      vertex   -7.325000e+001 6.175000e+001 4.800000e+000
      vertex   -7.875000e+001 6.175000e+001 3.000000e-001
    endloop
  endfacet
  facet normal 0.000000e+000 -1.000000e+000 0.000000e+000
    outer loop
      vertex   -7.875000e+001 6.175000e+001 3.000000e-001
      vertex   -7.325000e+001 6.175000e+001 4.800000e+000
      vertex   -7.875000e+001 6.175000e+001 1.295000e+001
    endloop
  endfacet
  facet normal 0.000000e+000 -1.000000e+000 0.000000e+000
    outer loop
      vertex   -7.875000e+001 6.175000e+001 1.295000e+001
      vertex   -7.325000e+001 6.175000e+001 4.800000e+000
      vertex   -7.325000e+001 6.175000e+001 1.295000e+001
    endloop
  endfacet
  facet normal -3.947460e-017 -5.382900e-017 1.000000e+000
    outer loop
      vertex   -6.125000e+001 7.825000e+001 4.800000e+000
      vertex   -7.325000e+001 7.055000e+001 4.800000e+000
      vertex   -6.125000e+001 6.175000e+001 4.800000e+000
    endloop
  endfacet
  facet normal 0.000000e+000 -1.153478e-016 1.000000e+000
    outer loop
      vertex   -6.125000e+001 7.825000e+001 4.800000e+000
      vertex   -7.325000e+001 7.825000e+001 4.800000e+000
      vertex   -7.325000e+001 7.055000e+001 4.800000e+000
    endloop
  endfacet
  facet normal 0.000000e+000 0.000000e+000 1.000000e+000
    outer loop
      vertex   -6.125000e+001 6.175000e+001 4.800000e+000
      vertex   -7.325000e+001 7.055000e+001 4.800000e+000
      vertex   -7.325000e+001 6.945000e+001 4.800000e+000
    endloop
  endfacet
  facet normal 0.000000e+000 -0.000000e+000 1.000000e+000
    outer loop
      vertex   -7.325000e+001 6.175000e+001 4.800000e+000
      vertex   -6.125000e+001 6.175000e+001 4.800000e+000
      vertex   -7.325000e+001 6.945000e+001 4.800000e+000
    endloop
  endfacet
  facet normal 0.000000e+000 -0.000000e+000 1.000000e+000
    outer loop
      vertex   -7.875000e+001 6.945000e+001 4.800000e+000
      vertex   -7.325000e+001 6.945000e+001 4.800000e+000
      vertex   -7.875000e+001 7.055000e+001 4.800000e+000
    endloop
  endfacet
  facet normal -0.000000e+000 0.000000e+000 1.000000e+000
    outer loop
      vertex   -7.875000e+001 7.055000e+001 4.800000e+000
      vertex   -7.325000e+001 6.945000e+001 4.800000e+000
      vertex   -7.325000e+001 7.055000e+001 4.800000e+000
    endloop
  endfacet
  facet normal 0.000000e+000 0.000000e+000 -1.000000e+000
    outer loop
      vertex   -5.675000e+001 6.175000e+001 3.000000e-001
      vertex   -7.875000e+001 6.175000e+001 3.000000e-001
      vertex   -5.675000e+001 7.825000e+001 3.000000e-001
    endloop
  endfacet
  facet normal -0.000000e+000 0.000000e+000 -1.000000e+000
    outer loop
      vertex   -5.675000e+001 7.825000e+001 3.000000e-001
      vertex   -7.875000e+001 6.175000e+001 3.000000e-001
      vertex   -7.875000e+001 7.825000e+001 3.000000e-001
    endloop
  endfacet
  facet normal -0.000000e+000 1.000000e+000 0.000000e+000
    outer loop
      vertex   -7.875000e+001 6.945000e+001 4.800000e+000
      vertex   -7.875000e+001 6.945000e+001 6.097957e+000
      vertex   -7.325000e+001 6.945000e+001 4.800000e+000
    endloop
  endfacet
  facet normal 0.000000e+000 1.000000e+000 -0.000000e+000
    outer loop
      vertex   -7.325000e+001 6.945000e+001 4.800000e+000
      vertex   -7.875000e+001 6.945000e+001 6.097957e+000
      vertex   -7.325000e+001 6.945000e+001 6.097957e+000
    endloop
  endfacet
  facet normal 0.000000e+000 -1.000000e+000 -1.094864e-014
    outer loop
      vertex   -7.325000e+001 7.055000e+001 4.800000e+000
      vertex   -7.325000e+001 7.055000e+001 6.097957e+000
      vertex   -7.875000e+001 7.055000e+001 4.800000e+000
    endloop
  endfacet
  facet normal -0.000000e+000 -1.000000e+000 -1.094864e-014
    outer loop
      vertex   -7.875000e+001 7.055000e+001 4.800000e+000
      vertex   -7.325000e+001 7.055000e+001 6.097957e+000
      vertex   -7.875000e+001 7.055000e+001 6.097957e+000
    endloop
  endfacet
  facet normal 1.000000e+000 0.000000e+000 0.000000e+000
    outer loop
      vertex   -7.325000e+001 6.945000e+001 4.800000e+000
      vertex   -7.325000e+001 6.723106e+001 6.683925e+000
      vertex   -7.325000e+001 6.175000e+001 4.800000e+000
    endloop
  endfacet
  facet normal 1.000000e+000 0.000000e+000 0.000000e+000
    outer loop
      vertex   -7.325000e+001 6.945000e+001 4.800000e+000
      vertex   -7.325000e+001 6.758454e+001 6.532885e+000
      vertex   -7.325000e+001 6.723106e+001 6.683925e+000
    endloop
  endfacet
  facet normal 1.000000e+000 0.000000e+000 0.000000e+000
    outer loop
      vertex   -7.325000e+001 6.945000e+001 4.800000e+000
      vertex   -7.325000e+001 6.794622e+001 6.402680e+000
      vertex   -7.325000e+001 6.758454e+001 6.532885e+000
    endloop
  endfacet
  facet normal 1.000000e+000 0.000000e+000 0.000000e+000
    outer loop
      vertex   -7.325000e+001 6.945000e+001 4.800000e+000
      vertex   -7.325000e+001 6.831487e+001 6.293752e+000
      vertex   -7.325000e+001 6.794622e+001 6.402680e+000
    endloop
  endfacet
  facet normal 1.000000e+000 0.000000e+000 0.000000e+000
    outer loop
      vertex   -7.325000e+001 6.945000e+001 4.800000e+000
      vertex   -7.325000e+001 6.868923e+001 6.206471e+000
      vertex   -7.325000e+001 6.831487e+001 6.293752e+000
    endloop
  endfacet
  facet normal 1.000000e+000 0.000000e+000 0.000000e+000
    outer loop
      vertex   -7.325000e+001 6.945000e+001 4.800000e+000
      vertex   -7.325000e+001 6.906803e+001 6.141132e+000
      vertex   -7.325000e+001 6.868923e+001 6.206471e+000
    endloop
  endfacet
  facet normal 1.000000e+000 0.000000e+000 -0.000000e+000
    outer loop
      vertex   -7.325000e+001 6.945000e+001 4.800000e+000
      vertex   -7.325000e+001 6.945000e+001 6.097957e+000
      vertex   -7.325000e+001 6.906803e+001 6.141132e+000
    endloop
  endfacet
  facet normal 1.000000e+000 0.000000e+000 0.000000e+000
    outer loop
      vertex   -7.325000e+001 6.723106e+001 6.683925e+000
      vertex   -7.325000e+001 6.688697e+001 6.855288e+000
      vertex   -7.325000e+001 6.175000e+001 4.800000e+000
    endloop
  endfacet
  facet normal 1.000000e+000 0.000000e+000 -0.000000e+000
    outer loop
      vertex   -7.325000e+001 6.175000e+001 4.800000e+000
      vertex   -7.325000e+001 6.688697e+001 6.855288e+000
      vertex   -7.325000e+001 6.655344e+001 7.046393e+000
    endloop
  endfacet
  facet normal 1.000000e+000 -0.000000e+000 0.000000e+000
    outer loop
      vertex   -7.325000e+001 6.623160e+001 7.256590e+000
      vertex   -7.325000e+001 6.175000e+001 4.800000e+000
      vertex   -7.325000e+001 6.655344e+001 7.046393e+000
    endloop
  endfacet
  facet normal 1.000000e+000 0.000000e+000 0.000000e+000
    outer loop
      vertex   -7.325000e+001 6.623160e+001 7.256590e+000
      vertex   -7.325000e+001 6.592254e+001 7.485169e+000
      vertex   -7.325000e+001 6.175000e+001 4.800000e+000
    endloop
  endfacet
  facet normal 1.000000e+000 0.000000e+000 -0.000000e+000
    outer loop
      vertex   -7.325000e+001 6.175000e+001 4.800000e+000
      vertex   -7.325000e+001 6.592254e+001 7.485169e+000
      vertex   -7.325000e+001 6.562732e+001 7.731351e+000
    endloop
  endfacet
  facet normal 1.000000e+000 -0.000000e+000 0.000000e+000
    outer loop
      vertex   -7.325000e+001 6.534693e+001 7.994304e+000
      vertex   -7.325000e+001 6.175000e+001 4.800000e+000
      vertex   -7.325000e+001 6.562732e+001 7.731351e+000
    endloop
  endfacet
  facet normal 1.000000e+000 0.000000e+000 0.000000e+000
    outer loop
      vertex   -7.325000e+001 6.534693e+001 7.994304e+000
      vertex   -7.325000e+001 6.508232e+001 8.273134e+000
      vertex   -7.325000e+001 6.175000e+001 4.800000e+000
    endloop
  endfacet
  facet normal 1.000000e+000 0.000000e+000 -0.000000e+000
    outer loop
      vertex   -7.325000e+001 6.175000e+001 4.800000e+000
      vertex   -7.325000e+001 6.508232e+001 8.273134e+000
      vertex   -7.325000e+001 6.483439e+001 8.566897e+000
    endloop
  endfacet
  facet normal 1.000000e+000 -0.000000e+000 0.000000e+000
    outer loop
      vertex   -7.325000e+001 6.460399e+001 8.874595e+000
      vertex   -7.325000e+001 6.175000e+001 4.800000e+000
      vertex   -7.325000e+001 6.483439e+001 8.566897e+000
    endloop
  endfacet
  facet normal 1.000000e+000 0.000000e+000 0.000000e+000
    outer loop
      vertex   -7.325000e+001 6.460399e+001 8.874595e+000
      vertex   -7.325000e+001 6.439189e+001 9.195184e+000
      vertex   -7.325000e+001 6.175000e+001 4.800000e+000
    endloop
  endfacet
  facet normal 1.000000e+000 0.000000e+000 -0.000000e+000
    outer loop
      vertex   -7.325000e+001 6.175000e+001 4.800000e+000
      vertex   -7.325000e+001 6.439189e+001 9.195184e+000
      vertex   -7.325000e+001 6.419882e+001 9.527578e+000
    endloop
  endfacet
  facet normal 1.000000e+000 -0.000000e+000 0.000000e+000
    outer loop
      vertex   -7.325000e+001 6.402542e+001 9.870648e+000
      vertex   -7.325000e+001 6.175000e+001 4.800000e+000
      vertex   -7.325000e+001 6.419882e+001 9.527578e+000
    endloop
  endfacet
  facet normal 1.000000e+000 0.000000e+000 0.000000e+000
    outer loop
      vertex   -7.325000e+001 6.402542e+001 9.870648e+000
      vertex   -7.325000e+001 6.387229e+001 1.022323e+001
      vertex   -7.325000e+001 6.175000e+001 4.800000e+000
    endloop
  endfacet
  facet normal 1.000000e+000 0.000000e+000 -0.000000e+000
    outer loop
      vertex   -7.325000e+001 6.175000e+001 4.800000e+000
      vertex   -7.325000e+001 6.387229e+001 1.022323e+001
      vertex   -7.325000e+001 6.373995e+001 1.058413e+001
    endloop
  endfacet
  facet normal 1.000000e+000 -0.000000e+000 -0.000000e+000
    outer loop
      vertex   -7.325000e+001 6.175000e+001 1.295000e+001
      vertex   -7.325000e+001 6.373995e+001 1.058413e+001
      vertex   -7.325000e+001 6.362884e+001 1.095212e+001
    endloop
  endfacet
  facet normal 1.000000e+000 0.000000e+000 0.000000e+000
    outer loop
      vertex   -7.325000e+001 6.353934e+001 1.132596e+001
      vertex   -7.325000e+001 6.175000e+001 1.295000e+001
      vertex   -7.325000e+001 6.362884e+001 1.095212e+001
    endloop
  endfacet
  facet normal 1.000000e+000 0.000000e+000 0.000000e+000
    outer loop
      vertex   -7.325000e+001 6.353934e+001 1.132596e+001
      vertex   -7.325000e+001 6.347176e+001 1.170437e+001
      vertex   -7.325000e+001 6.175000e+001 1.295000e+001
    endloop
  endfacet
  facet normal 1.000000e+000 -0.000000e+000 -0.000000e+000
    outer loop
      vertex   -7.325000e+001 6.175000e+001 1.295000e+001
      vertex   -7.325000e+001 6.347176e+001 1.170437e+001
      vertex   -7.325000e+001 6.342633e+001 1.208608e+001
    endloop
  endfacet
  facet normal 1.000000e+000 0.000000e+000 0.000000e+000
    outer loop
      vertex   -7.325000e+001 6.340319e+001 1.246978e+001
      vertex   -7.325000e+001 6.175000e+001 1.295000e+001
      vertex   -7.325000e+001 6.342633e+001 1.208608e+001
    endloop
  endfacet
  facet normal 1.000000e+000 0.000000e+000 0.000000e+000
    outer loop
      vertex   -7.325000e+001 6.340319e+001 1.246978e+001
      vertex   -7.325000e+001 6.340243e+001 1.285418e+001
      vertex   -7.325000e+001 6.175000e+001 1.295000e+001
    endloop
  endfacet
  facet normal 1.000000e+000 -0.000000e+000 0.000000e+000
    outer loop
      vertex   -7.325000e+001 6.175000e+001 1.295000e+001
      vertex   -7.325000e+001 6.340243e+001 1.285418e+001
      vertex   -7.325000e+001 6.342405e+001 1.323798e+001
    endloop
  endfacet
  facet normal 1.000000e+000 -0.000000e+000 -0.000000e+000
    outer loop
      vertex   -7.325000e+001 6.176094e+001 1.337470e+001
      vertex   -7.325000e+001 6.342405e+001 1.323798e+001
      vertex   -7.325000e+001 6.179373e+001 1.379827e+001
    endloop
  endfacet
  facet normal 1.000000e+000 -0.000000e+000 0.000000e+000
    outer loop
      vertex   -7.325000e+001 6.176094e+001 1.337470e+001
      vertex   -7.325000e+001 6.175000e+001 1.295000e+001
      vertex   -7.325000e+001 6.342405e+001 1.323798e+001
    endloop
  endfacet
  facet normal 1.000000e+000 0.000000e+000 -0.000000e+000
    outer loop
      vertex   -7.325000e+001 6.175000e+001 4.800000e+000
      vertex   -7.325000e+001 6.373995e+001 1.058413e+001
      vertex   -7.325000e+001 6.175000e+001 1.295000e+001
    endloop
  endfacet
  facet normal 1.000000e+000 0.000000e+000 -0.000000e+000
    outer loop
      vertex   -7.325000e+001 6.342405e+001 1.323798e+001
      vertex   -7.325000e+001 6.346798e+001 1.361986e+001
      vertex   -7.325000e+001 6.179373e+001 1.379827e+001
    endloop
  endfacet
  facet normal 1.000000e+000 -0.000000e+000 -0.000000e+000
    outer loop
      vertex   -7.325000e+001 6.179373e+001 1.379827e+001
      vertex   -7.325000e+001 6.346798e+001 1.361986e+001
      vertex   -7.325000e+001 6.184827e+001 1.421960e+001
    endloop
  endfacet
  facet normal 1.000000e+000 -0.000000e+000 0.000000e+000
    outer loop
      vertex   -7.325000e+001 6.184827e+001 1.421960e+001
      vertex   -7.325000e+001 6.346798e+001 1.361986e+001
      vertex   -7.325000e+001 6.353407e+001 1.399853e+001
    endloop
  endfacet
  facet normal 1.000000e+000 -0.000000e+000 0.000000e+000
    outer loop
      vertex   -7.325000e+001 6.192444e+001 1.463755e+001
      vertex   -7.325000e+001 6.353407e+001 1.399853e+001
      vertex   -7.325000e+001 6.362209e+001 1.437272e+001
    endloop
  endfacet
  facet normal 1.000000e+000 -0.000000e+000 0.000000e+000
    outer loop
      vertex   -7.325000e+001 6.202202e+001 1.505104e+001
      vertex   -7.325000e+001 6.362209e+001 1.437272e+001
      vertex   -7.325000e+001 6.373174e+001 1.474115e+001
    endloop
  endfacet
  facet normal 1.000000e+000 -0.000000e+000 0.000000e+000
    outer loop
      vertex   -7.325000e+001 6.214076e+001 1.545895e+001
      vertex   -7.325000e+001 6.373174e+001 1.474115e+001
      vertex   -7.325000e+001 6.386266e+001 1.510257e+001
    endloop
  endfacet
  facet normal 1.000000e+000 -0.000000e+000 0.000000e+000
    outer loop
      vertex   -7.325000e+001 6.228034e+001 1.586020e+001
      vertex   -7.325000e+001 6.386266e+001 1.510257e+001
      vertex   -7.325000e+001 6.401440e+001 1.545575e+001
    endloop
  endfacet
  facet normal 1.000000e+000 -0.000000e+000 0.000000e+000
    outer loop
      vertex   -7.325000e+001 6.244039e+001 1.625374e+001
      vertex   -7.325000e+001 6.401440e+001 1.545575e+001
      vertex   -7.325000e+001 6.418644e+001 1.579951e+001
    endloop
  endfacet
  facet normal 1.000000e+000 -0.000000e+000 0.000000e+000
    outer loop
      vertex   -7.325000e+001 6.262048e+001 1.663852e+001
      vertex   -7.325000e+001 6.418644e+001 1.579951e+001
      vertex   -7.325000e+001 6.437820e+001 1.613266e+001
    endloop
  endfacet
  facet normal 1.000000e+000 -0.000000e+000 -0.000000e+000
    outer loop
      vertex   -7.325000e+001 6.282015e+001 1.701352e+001
      vertex   -7.325000e+001 6.437820e+001 1.613266e+001
      vertex   -7.325000e+001 6.303885e+001 1.737774e+001
    endloop
  endfacet
  facet normal 1.000000e+000 0.000000e+000 0.000000e+000
    outer loop
      vertex   -7.325000e+001 6.282015e+001 1.701352e+001
      vertex   -7.325000e+001 6.262048e+001 1.663852e+001
      vertex   -7.325000e+001 6.437820e+001 1.613266e+001
    endloop
  endfacet
  facet normal 1.000000e+000 -0.000000e+000 -0.000000e+000
    outer loop
      vertex   -7.325000e+001 6.184827e+001 1.421960e+001
      vertex   -7.325000e+001 6.353407e+001 1.399853e+001
      vertex   -7.325000e+001 6.192444e+001 1.463755e+001
    endloop
  endfacet
  facet normal 1.000000e+000 -0.000000e+000 -0.000000e+000
    outer loop
      vertex   -7.325000e+001 6.192444e+001 1.463755e+001
      vertex   -7.325000e+001 6.362209e+001 1.437272e+001
      vertex   -7.325000e+001 6.202202e+001 1.505104e+001
    endloop
  endfacet
  facet normal 1.000000e+000 -0.000000e+000 -0.000000e+000
    outer loop
      vertex   -7.325000e+001 6.202202e+001 1.505104e+001
      vertex   -7.325000e+001 6.373174e+001 1.474115e+001
      vertex   -7.325000e+001 6.214076e+001 1.545895e+001
    endloop
  endfacet
  facet normal 1.000000e+000 -0.000000e+000 -0.000000e+000
    outer loop
      vertex   -7.325000e+001 6.214076e+001 1.545895e+001
      vertex   -7.325000e+001 6.386266e+001 1.510257e+001
      vertex   -7.325000e+001 6.228034e+001 1.586020e+001
    endloop
  endfacet
  facet normal 1.000000e+000 -0.000000e+000 -0.000000e+000
    outer loop
      vertex   -7.325000e+001 6.228034e+001 1.586020e+001
      vertex   -7.325000e+001 6.401440e+001 1.545575e+001
      vertex   -7.325000e+001 6.244039e+001 1.625374e+001
    endloop
  endfacet
  facet normal 1.000000e+000 -0.000000e+000 -0.000000e+000
    outer loop
      vertex   -7.325000e+001 6.244039e+001 1.625374e+001
      vertex   -7.325000e+001 6.418644e+001 1.579951e+001
      vertex   -7.325000e+001 6.262048e+001 1.663852e+001
    endloop
  endfacet
  facet normal 1.000000e+000 0.000000e+000 -0.000000e+000
    outer loop
      vertex   -7.325000e+001 6.437820e+001 1.613266e+001
      vertex   -7.325000e+001 6.458904e+001 1.645408e+001
      vertex   -7.325000e+001 6.303885e+001 1.737774e+001
    endloop
  endfacet
  facet normal 1.000000e+000 -0.000000e+000 -0.000000e+000
    outer loop
      vertex   -7.325000e+001 6.303885e+001 1.737774e+001
      vertex   -7.325000e+001 6.458904e+001 1.645408e+001
      vertex   -7.325000e+001 6.327602e+001 1.773022e+001
    endloop
  endfacet
  facet normal 1.000000e+000 -0.000000e+000 0.000000e+000
    outer loop
      vertex   -7.325000e+001 6.327602e+001 1.773022e+001
      vertex   -7.325000e+001 6.458904e+001 1.645408e+001
      vertex   -7.325000e+001 6.481822e+001 1.676269e+001
    endloop
  endfacet
  facet normal 1.000000e+000 -0.000000e+000 0.000000e+000
    outer loop
      vertex   -7.325000e+001 6.353101e+001 1.807003e+001
      vertex   -7.325000e+001 6.481822e+001 1.676269e+001
      vertex   -7.325000e+001 6.506499e+001 1.705743e+001
    endloop
  endfacet
  facet normal 1.000000e+000 -0.000000e+000 0.000000e+000
    outer loop
      vertex   -7.325000e+001 6.380316e+001 1.839625e+001
      vertex   -7.325000e+001 6.506499e+001 1.705743e+001
      vertex   -7.325000e+001 6.532849e+001 1.733730e+001
    endloop
  endfacet
  facet normal 1.000000e+000 -0.000000e+000 0.000000e+000
    outer loop
      vertex   -7.325000e+001 6.409174e+001 1.870804e+001
      vertex   -7.325000e+001 6.532849e+001 1.733730e+001
      vertex   -7.325000e+001 6.560785e+001 1.760136e+001
    endloop
  endfacet
  facet normal 1.000000e+000 -0.000000e+000 0.000000e+000
    outer loop
      vertex   -7.325000e+001 6.439599e+001 1.900455e+001
      vertex   -7.325000e+001 6.560785e+001 1.760136e+001
      vertex   -7.325000e+001 6.590210e+001 1.784870e+001
    endloop
  endfacet
  facet normal 1.000000e+000 -0.000000e+000 -0.000000e+000
    outer loop
      vertex   -7.325000e+001 6.471511e+001 1.928501e+001
      vertex   -7.325000e+001 6.590210e+001 1.784870e+001
      vertex   -7.325000e+001 6.504823e+001 1.954867e+001
    endloop
  endfacet
  facet normal 1.000000e+000 0.000000e+000 0.000000e+000
    outer loop
      vertex   -7.325000e+001 6.471511e+001 1.928501e+001
      vertex   -7.325000e+001 6.439599e+001 1.900455e+001
      vertex   -7.325000e+001 6.590210e+001 1.784870e+001
    endloop
  endfacet
  facet normal 1.000000e+000 -0.000000e+000 -0.000000e+000
    outer loop
      vertex   -7.325000e+001 6.327602e+001 1.773022e+001
      vertex   -7.325000e+001 6.481822e+001 1.676269e+001
      vertex   -7.325000e+001 6.353101e+001 1.807003e+001
    endloop
  endfacet
  facet normal 1.000000e+000 -0.000000e+000 -0.000000e+000
    outer loop
      vertex   -7.325000e+001 6.353101e+001 1.807003e+001
      vertex   -7.325000e+001 6.506499e+001 1.705743e+001
      vertex   -7.325000e+001 6.380316e+001 1.839625e+001
    endloop
  endfacet
  facet normal 1.000000e+000 -0.000000e+000 -0.000000e+000
    outer loop
      vertex   -7.325000e+001 6.380316e+001 1.839625e+001
      vertex   -7.325000e+001 6.532849e+001 1.733730e+001
      vertex   -7.325000e+001 6.409174e+001 1.870804e+001
    endloop
  endfacet
  facet normal 1.000000e+000 -0.000000e+000 -0.000000e+000
    outer loop
      vertex   -7.325000e+001 6.409174e+001 1.870804e+001
      vertex   -7.325000e+001 6.560785e+001 1.760136e+001
      vertex   -7.325000e+001 6.439599e+001 1.900455e+001
    endloop
  endfacet
  facet normal 1.000000e+000 0.000000e+000 -0.000000e+000
    outer loop
      vertex   -7.325000e+001 6.590210e+001 1.784870e+001
      vertex   -7.325000e+001 6.621025e+001 1.807850e+001
      vertex   -7.325000e+001 6.504823e+001 1.954867e+001
    endloop
  endfacet
  facet normal 1.000000e+000 -0.000000e+000 -0.000000e+000
    outer loop
      vertex   -7.325000e+001 6.504823e+001 1.954867e+001
      vertex   -7.325000e+001 6.621025e+001 1.807850e+001
      vertex   -7.325000e+001 6.539449e+001 1.979484e+001
    endloop
  endfacet
  facet normal 1.000000e+000 -0.000000e+000 0.000000e+000
    outer loop
      vertex   -7.325000e+001 6.539449e+001 1.979484e+001
      vertex   -7.325000e+001 6.621025e+001 1.807850e+001
      vertex   -7.325000e+001 6.653126e+001 1.828996e+001
    endloop
  endfacet
  facet normal 1.000000e+000 -0.000000e+000 0.000000e+000
    outer loop
      vertex   -7.325000e+001 6.575296e+001 2.002285e+001
      vertex   -7.325000e+001 6.653126e+001 1.828996e+001
      vertex   -7.325000e+001 6.686403e+001 1.848238e+001
    endloop
  endfacet
  facet normal 1.000000e+000 -0.000000e+000 0.000000e+000
    outer loop
      vertex   -7.325000e+001 6.612269e+001 2.023210e+001
      vertex   -7.325000e+001 6.686403e+001 1.848238e+001
      vertex   -7.325000e+001 6.720744e+001 1.865510e+001
    endloop
  endfacet
  facet normal 1.000000e+000 -0.000000e+000 0.000000e+000
    outer loop
      vertex   -7.325000e+001 6.650271e+001 2.042204e+001
      vertex   -7.325000e+001 6.720744e+001 1.865510e+001
      vertex   -7.325000e+001 6.756033e+001 1.880754e+001
    endloop
  endfacet
  facet normal 1.000000e+000 -0.000000e+000 0.000000e+000
    outer loop
      vertex   -7.325000e+001 6.689199e+001 2.059217e+001
      vertex   -7.325000e+001 6.756033e+001 1.880754e+001
      vertex   -7.325000e+001 6.792149e+001 1.893917e+001
    endloop
  endfacet
  facet normal 1.000000e+000 -0.000000e+000 -0.000000e+000
    outer loop
      vertex   -7.325000e+001 6.728953e+001 2.074204e+001
      vertex   -7.325000e+001 6.792149e+001 1.893917e+001
      vertex   -7.325000e+001 6.769424e+001 2.087124e+001
    endloop
  endfacet
  facet normal 1.000000e+000 0.000000e+000 0.000000e+000
    outer loop
      vertex   -7.325000e+001 6.728953e+001 2.074204e+001
      vertex   -7.325000e+001 6.689199e+001 2.059217e+001
      vertex   -7.325000e+001 6.792149e+001 1.893917e+001
    endloop
  endfacet
  facet normal 1.000000e+000 -0.000000e+000 -0.000000e+000
    outer loop
      vertex   -7.325000e+001 6.539449e+001 1.979484e+001
      vertex   -7.325000e+001 6.653126e+001 1.828996e+001
      vertex   -7.325000e+001 6.575296e+001 2.002285e+001
    endloop
  endfacet
  facet normal 1.000000e+000 -0.000000e+000 -0.000000e+000
    outer loop
      vertex   -7.325000e+001 6.575296e+001 2.002285e+001
      vertex   -7.325000e+001 6.686403e+001 1.848238e+001
      vertex   -7.325000e+001 6.612269e+001 2.023210e+001
    endloop
  endfacet
  facet normal 1.000000e+000 -0.000000e+000 -0.000000e+000
    outer loop
      vertex   -7.325000e+001 6.612269e+001 2.023210e+001
      vertex   -7.325000e+001 6.720744e+001 1.865510e+001
      vertex   -7.325000e+001 6.650271e+001 2.042204e+001
    endloop
  endfacet
  facet normal 1.000000e+000 -0.000000e+000 -0.000000e+000
    outer loop
      vertex   -7.325000e+001 6.650271e+001 2.042204e+001
      vertex   -7.325000e+001 6.756033e+001 1.880754e+001
      vertex   -7.325000e+001 6.689199e+001 2.059217e+001
    endloop
  endfacet
  facet normal 1.000000e+000 0.000000e+000 -0.000000e+000
    outer loop
      vertex   -7.325000e+001 6.792149e+001 1.893917e+001
      vertex   -7.325000e+001 6.828970e+001 1.904955e+001
      vertex   -7.325000e+001 6.769424e+001 2.087124e+001
    endloop
  endfacet
  facet normal 1.000000e+000 -0.000000e+000 -0.000000e+000
    outer loop
      vertex   -7.325000e+001 6.769424e+001 2.087124e+001
      vertex   -7.325000e+001 6.828970e+001 1.904955e+001
      vertex   -7.325000e+001 6.810508e+001 2.097943e+001
    endloop
  endfacet
  facet normal 1.000000e+000 -0.000000e+000 0.000000e+000
    outer loop
      vertex   -7.325000e+001 6.810508e+001 2.097943e+001
      vertex   -7.325000e+001 6.828970e+001 1.904955e+001
      vertex   -7.325000e+001 6.866371e+001 1.913831e+001
    endloop
  endfacet
  facet normal 1.000000e+000 -0.000000e+000 0.000000e+000
    outer loop
      vertex   -7.325000e+001 6.852093e+001 2.106633e+001
      vertex   -7.325000e+001 6.866371e+001 1.913831e+001
      vertex   -7.325000e+001 6.904226e+001 1.920514e+001
    endloop
  endfacet
  facet normal 1.000000e+000 -0.000000e+000 0.000000e+000
    outer loop
      vertex   -7.325000e+001 6.894071e+001 2.113171e+001
      vertex   -7.325000e+001 6.904226e+001 1.920514e+001
      vertex   -7.325000e+001 6.942405e+001 1.924982e+001
    endloop
  endfacet
  facet normal 1.000000e+000 -0.000000e+000 0.000000e+000
    outer loop
      vertex   -7.325000e+001 6.936330e+001 2.117539e+001
      vertex   -7.325000e+001 6.942405e+001 1.924982e+001
      vertex   -7.325000e+001 6.980780e+001 1.927220e+001
    endloop
  endfacet
  facet normal 1.000000e+000 -0.000000e+000 0.000000e+000
    outer loop
      vertex   -7.325000e+001 6.978758e+001 2.119726e+001
      vertex   -7.325000e+001 6.980780e+001 1.927220e+001
      vertex   -7.325000e+001 7.021242e+001 2.119726e+001
    endloop
  endfacet
  facet normal 1.000000e+000 0.000000e+000 0.000000e+000
    outer loop
      vertex   -7.325000e+001 6.978758e+001 2.119726e+001
      vertex   -7.325000e+001 6.936330e+001 2.117539e+001
      vertex   -7.325000e+001 6.980780e+001 1.927220e+001
    endloop
  endfacet
  facet normal 1.000000e+000 -0.000000e+000 -0.000000e+000
    outer loop
      vertex   -7.325000e+001 6.810508e+001 2.097943e+001
      vertex   -7.325000e+001 6.866371e+001 1.913831e+001
      vertex   -7.325000e+001 6.852093e+001 2.106633e+001
    endloop
  endfacet
  facet normal 1.000000e+000 -0.000000e+000 -0.000000e+000
    outer loop
      vertex   -7.325000e+001 6.852093e+001 2.106633e+001
      vertex   -7.325000e+001 6.904226e+001 1.920514e+001
      vertex   -7.325000e+001 6.894071e+001 2.113171e+001
    endloop
  endfacet
  facet normal 1.000000e+000 -0.000000e+000 -0.000000e+000
    outer loop
      vertex   -7.325000e+001 6.894071e+001 2.113171e+001
      vertex   -7.325000e+001 6.942405e+001 1.924982e+001
      vertex   -7.325000e+001 6.936330e+001 2.117539e+001
    endloop
  endfacet
  facet normal 1.000000e+000 0.000000e+000 0.000000e+000
    outer loop
      vertex   -7.325000e+001 6.980780e+001 1.927220e+001
      vertex   -7.325000e+001 7.019220e+001 1.927220e+001
      vertex   -7.325000e+001 7.021242e+001 2.119726e+001
    endloop
  endfacet
  facet normal 1.000000e+000 -0.000000e+000 0.000000e+000
    outer loop
      vertex   -7.325000e+001 7.021242e+001 2.119726e+001
      vertex   -7.325000e+001 7.019220e+001 1.927220e+001
      vertex   -7.325000e+001 7.063670e+001 2.117539e+001
    endloop
  endfacet
  facet normal 1.000000e+000 0.000000e+000 0.000000e+000
    outer loop
      vertex   -7.325000e+001 7.063670e+001 2.117539e+001
      vertex   -7.325000e+001 7.019220e+001 1.927220e+001
      vertex   -7.325000e+001 7.057595e+001 1.924982e+001
    endloop
  endfacet
  facet normal 1.000000e+000 0.000000e+000 0.000000e+000
    outer loop
      vertex   -7.325000e+001 7.105929e+001 2.113171e+001
      vertex   -7.325000e+001 7.057595e+001 1.924982e+001
      vertex   -7.325000e+001 7.095774e+001 1.920514e+001
    endloop
  endfacet
  facet normal 1.000000e+000 0.000000e+000 0.000000e+000
    outer loop
      vertex   -7.325000e+001 7.147907e+001 2.106633e+001
      vertex   -7.325000e+001 7.095774e+001 1.920514e+001
      vertex   -7.325000e+001 7.133629e+001 1.913831e+001
    endloop
  endfacet
  facet normal 1.000000e+000 0.000000e+000 0.000000e+000
    outer loop
      vertex   -7.325000e+001 7.189492e+001 2.097943e+001
      vertex   -7.325000e+001 7.133629e+001 1.913831e+001
      vertex   -7.325000e+001 7.171030e+001 1.904955e+001
    endloop
  endfacet
  facet normal 1.000000e+000 0.000000e+000 0.000000e+000
    outer loop
      vertex   -7.325000e+001 7.230576e+001 2.087124e+001
      vertex   -7.325000e+001 7.171030e+001 1.904955e+001
      vertex   -7.325000e+001 7.207851e+001 1.893917e+001
    endloop
  endfacet
  facet normal 1.000000e+000 -0.000000e+000 0.000000e+000
    outer loop
      vertex   -7.325000e+001 7.271047e+001 2.074204e+001
      vertex   -7.325000e+001 7.207851e+001 1.893917e+001
      vertex   -7.325000e+001 7.310801e+001 2.059217e+001
    endloop
  endfacet
  facet normal 1.000000e+000 0.000000e+000 0.000000e+000
    outer loop
      vertex   -7.325000e+001 7.271047e+001 2.074204e+001
      vertex   -7.325000e+001 7.230576e+001 2.087124e+001
      vertex   -7.325000e+001 7.207851e+001 1.893917e+001
    endloop
  endfacet
  facet normal 1.000000e+000 -0.000000e+000 0.000000e+000
    outer loop
      vertex   -7.325000e+001 7.063670e+001 2.117539e+001
      vertex   -7.325000e+001 7.057595e+001 1.924982e+001
      vertex   -7.325000e+001 7.105929e+001 2.113171e+001
    endloop
  endfacet
  facet normal 1.000000e+000 -0.000000e+000 0.000000e+000
    outer loop
      vertex   -7.325000e+001 7.105929e+001 2.113171e+001
      vertex   -7.325000e+001 7.095774e+001 1.920514e+001
      vertex   -7.325000e+001 7.147907e+001 2.106633e+001
    endloop
  endfacet
  facet normal 1.000000e+000 -0.000000e+000 0.000000e+000
    outer loop
      vertex   -7.325000e+001 7.147907e+001 2.106633e+001
      vertex   -7.325000e+001 7.133629e+001 1.913831e+001
      vertex   -7.325000e+001 7.189492e+001 2.097943e+001
    endloop
  endfacet
  facet normal 1.000000e+000 -0.000000e+000 0.000000e+000
    outer loop
      vertex   -7.325000e+001 7.189492e+001 2.097943e+001
      vertex   -7.325000e+001 7.171030e+001 1.904955e+001
      vertex   -7.325000e+001 7.230576e+001 2.087124e+001
    endloop
  endfacet
  facet normal 1.000000e+000 -0.000000e+000 0.000000e+000
    outer loop
      vertex   -7.325000e+001 7.207851e+001 1.893917e+001
      vertex   -7.325000e+001 7.243967e+001 1.880754e+001
      vertex   -7.325000e+001 7.310801e+001 2.059217e+001
    endloop
  endfacet
  facet normal 1.000000e+000 -0.000000e+000 0.000000e+000
    outer loop
      vertex   -7.325000e+001 7.310801e+001 2.059217e+001
      vertex   -7.325000e+001 7.243967e+001 1.880754e+001
      vertex   -7.325000e+001 7.349729e+001 2.042204e+001
    endloop
  endfacet
  facet normal 1.000000e+000 0.000000e+000 0.000000e+000
    outer loop
      vertex   -7.325000e+001 7.349729e+001 2.042204e+001
      vertex   -7.325000e+001 7.243967e+001 1.880754e+001
      vertex   -7.325000e+001 7.279256e+001 1.865510e+001
    endloop
  endfacet
  facet normal 1.000000e+000 0.000000e+000 0.000000e+000
    outer loop
      vertex   -7.325000e+001 7.387731e+001 2.023210e+001
      vertex   -7.325000e+001 7.279256e+001 1.865510e+001
      vertex   -7.325000e+001 7.313597e+001 1.848238e+001
    endloop
  endfacet
  facet normal 1.000000e+000 0.000000e+000 0.000000e+000
    outer loop
      vertex   -7.325000e+001 7.424704e+001 2.002285e+001
      vertex   -7.325000e+001 7.313597e+001 1.848238e+001
      vertex   -7.325000e+001 7.346874e+001 1.828996e+001
    endloop
  endfacet
  facet normal 1.000000e+000 0.000000e+000 0.000000e+000
    outer loop
      vertex   -7.325000e+001 7.460551e+001 1.979484e+001
      vertex   -7.325000e+001 7.346874e+001 1.828996e+001
      vertex   -7.325000e+001 7.378975e+001 1.807850e+001
    endloop
  endfacet
  facet normal 1.000000e+000 0.000000e+000 0.000000e+000
    outer loop
      vertex   -7.325000e+001 7.495177e+001 1.954867e+001
      vertex   -7.325000e+001 7.378975e+001 1.807850e+001
      vertex   -7.325000e+001 7.409790e+001 1.784870e+001
    endloop
  endfacet
  facet normal 1.000000e+000 -0.000000e+000 0.000000e+000
    outer loop
      vertex   -7.325000e+001 7.528489e+001 1.928501e+001
      vertex   -7.325000e+001 7.409790e+001 1.784870e+001
      vertex   -7.325000e+001 7.560401e+001 1.900455e+001
    endloop
  endfacet
  facet normal 1.000000e+000 0.000000e+000 0.000000e+000
    outer loop
      vertex   -7.325000e+001 7.528489e+001 1.928501e+001
      vertex   -7.325000e+001 7.495177e+001 1.954867e+001
      vertex   -7.325000e+001 7.409790e+001 1.784870e+001
    endloop
  endfacet
  facet normal 1.000000e+000 -0.000000e+000 0.000000e+000
    outer loop
      vertex   -7.325000e+001 7.349729e+001 2.042204e+001
      vertex   -7.325000e+001 7.279256e+001 1.865510e+001
      vertex   -7.325000e+001 7.387731e+001 2.023210e+001
    endloop
  endfacet
  facet normal 1.000000e+000 -0.000000e+000 0.000000e+000
    outer loop
      vertex   -7.325000e+001 7.387731e+001 2.023210e+001
      vertex   -7.325000e+001 7.313597e+001 1.848238e+001
      vertex   -7.325000e+001 7.424704e+001 2.002285e+001
    endloop
  endfacet
  facet normal 1.000000e+000 -0.000000e+000 0.000000e+000
    outer loop
      vertex   -7.325000e+001 7.424704e+001 2.002285e+001
      vertex   -7.325000e+001 7.346874e+001 1.828996e+001
      vertex   -7.325000e+001 7.460551e+001 1.979484e+001
    endloop
  endfacet
  facet normal 1.000000e+000 -0.000000e+000 0.000000e+000
    outer loop
      vertex   -7.325000e+001 7.460551e+001 1.979484e+001
      vertex   -7.325000e+001 7.378975e+001 1.807850e+001
      vertex   -7.325000e+001 7.495177e+001 1.954867e+001
    endloop
  endfacet
  facet normal 1.000000e+000 -0.000000e+000 0.000000e+000
    outer loop
      vertex   -7.325000e+001 7.409790e+001 1.784870e+001
      vertex   -7.325000e+001 7.439215e+001 1.760136e+001
      vertex   -7.325000e+001 7.560401e+001 1.900455e+001
    endloop
  endfacet
  facet normal 1.000000e+000 -0.000000e+000 0.000000e+000
    outer loop
      vertex   -7.325000e+001 7.560401e+001 1.900455e+001
      vertex   -7.325000e+001 7.439215e+001 1.760136e+001
      vertex   -7.325000e+001 7.590826e+001 1.870804e+001
    endloop
  endfacet
  facet normal 1.000000e+000 0.000000e+000 0.000000e+000
    outer loop
      vertex   -7.325000e+001 7.590826e+001 1.870804e+001
      vertex   -7.325000e+001 7.439215e+001 1.760136e+001
      vertex   -7.325000e+001 7.467151e+001 1.733730e+001
    endloop
  endfacet
  facet normal 1.000000e+000 0.000000e+000 0.000000e+000
    outer loop
      vertex   -7.325000e+001 7.619684e+001 1.839625e+001
      vertex   -7.325000e+001 7.467151e+001 1.733730e+001
      vertex   -7.325000e+001 7.493501e+001 1.705743e+001
    endloop
  endfacet
  facet normal 1.000000e+000 0.000000e+000 0.000000e+000
    outer loop
      vertex   -7.325000e+001 7.646899e+001 1.807003e+001
      vertex   -7.325000e+001 7.493501e+001 1.705743e+001
      vertex   -7.325000e+001 7.518178e+001 1.676269e+001
    endloop
  endfacet
  facet normal 1.000000e+000 0.000000e+000 0.000000e+000
    outer loop
      vertex   -7.325000e+001 7.672398e+001 1.773022e+001
      vertex   -7.325000e+001 7.518178e+001 1.676269e+001
      vertex   -7.325000e+001 7.541096e+001 1.645408e+001
    endloop
  endfacet
  facet normal 1.000000e+000 0.000000e+000 0.000000e+000
    outer loop
      vertex   -7.325000e+001 7.696115e+001 1.737774e+001
      vertex   -7.325000e+001 7.541096e+001 1.645408e+001
      vertex   -7.325000e+001 7.562180e+001 1.613266e+001
    endloop
  endfacet
  facet normal 1.000000e+000 -0.000000e+000 0.000000e+000
    outer loop
      vertex   -7.325000e+001 7.717985e+001 1.701352e+001
      vertex   -7.325000e+001 7.562180e+001 1.613266e+001
      vertex   -7.325000e+001 7.737952e+001 1.663852e+001
    endloop
  endfacet
  facet normal 1.000000e+000 0.000000e+000 0.000000e+000
    outer loop
      vertex   -7.325000e+001 7.717985e+001 1.701352e+001
      vertex   -7.325000e+001 7.696115e+001 1.737774e+001
      vertex   -7.325000e+001 7.562180e+001 1.613266e+001
    endloop
  endfacet
  facet normal 1.000000e+000 -0.000000e+000 0.000000e+000
    outer loop
      vertex   -7.325000e+001 7.590826e+001 1.870804e+001
      vertex   -7.325000e+001 7.467151e+001 1.733730e+001
      vertex   -7.325000e+001 7.619684e+001 1.839625e+001
    endloop
  endfacet
  facet normal 1.000000e+000 -0.000000e+000 0.000000e+000
    outer loop
      vertex   -7.325000e+001 7.619684e+001 1.839625e+001
      vertex   -7.325000e+001 7.493501e+001 1.705743e+001
      vertex   -7.325000e+001 7.646899e+001 1.807003e+001
    endloop
  endfacet
  facet normal 1.000000e+000 -0.000000e+000 0.000000e+000
    outer loop
      vertex   -7.325000e+001 7.646899e+001 1.807003e+001
      vertex   -7.325000e+001 7.518178e+001 1.676269e+001
      vertex   -7.325000e+001 7.672398e+001 1.773022e+001
    endloop
  endfacet
  facet normal 1.000000e+000 -0.000000e+000 0.000000e+000
    outer loop
      vertex   -7.325000e+001 7.672398e+001 1.773022e+001
      vertex   -7.325000e+001 7.541096e+001 1.645408e+001
      vertex   -7.325000e+001 7.696115e+001 1.737774e+001
    endloop
  endfacet
  facet normal 1.000000e+000 -0.000000e+000 0.000000e+000
    outer loop
      vertex   -7.325000e+001 7.562180e+001 1.613266e+001
      vertex   -7.325000e+001 7.581356e+001 1.579951e+001
      vertex   -7.325000e+001 7.737952e+001 1.663852e+001
    endloop
  endfacet
  facet normal 1.000000e+000 -0.000000e+000 0.000000e+000
    outer loop
      vertex   -7.325000e+001 7.737952e+001 1.663852e+001
      vertex   -7.325000e+001 7.581356e+001 1.579951e+001
      vertex   -7.325000e+001 7.755961e+001 1.625374e+001
    endloop
  endfacet
  facet normal 1.000000e+000 0.000000e+000 0.000000e+000
    outer loop
      vertex   -7.325000e+001 7.755961e+001 1.625374e+001
      vertex   -7.325000e+001 7.581356e+001 1.579951e+001
      vertex   -7.325000e+001 7.598560e+001 1.545575e+001
    endloop
  endfacet
  facet normal 1.000000e+000 0.000000e+000 0.000000e+000
    outer loop
      vertex   -7.325000e+001 7.771966e+001 1.586020e+001
      vertex   -7.325000e+001 7.598560e+001 1.545575e+001
      vertex   -7.325000e+001 7.613734e+001 1.510257e+001
    endloop
  endfacet
  facet normal 1.000000e+000 0.000000e+000 0.000000e+000
    outer loop
      vertex   -7.325000e+001 7.785924e+001 1.545895e+001
      vertex   -7.325000e+001 7.613734e+001 1.510257e+001
      vertex   -7.325000e+001 7.626826e+001 1.474115e+001
    endloop
  endfacet
  facet normal 1.000000e+000 0.000000e+000 0.000000e+000
    outer loop
      vertex   -7.325000e+001 7.797798e+001 1.505104e+001
      vertex   -7.325000e+001 7.626826e+001 1.474115e+001
      vertex   -7.325000e+001 7.637791e+001 1.437272e+001
    endloop
  endfacet
  facet normal 1.000000e+000 0.000000e+000 0.000000e+000
    outer loop
      vertex   -7.325000e+001 7.807556e+001 1.463755e+001
      vertex   -7.325000e+001 7.637791e+001 1.437272e+001
      vertex   -7.325000e+001 7.646593e+001 1.399853e+001
    endloop
  endfacet
  facet normal 1.000000e+000 0.000000e+000 0.000000e+000
    outer loop
      vertex   -7.325000e+001 7.815173e+001 1.421960e+001
      vertex   -7.325000e+001 7.646593e+001 1.399853e+001
      vertex   -7.325000e+001 7.653202e+001 1.361986e+001
    endloop
  endfacet
  facet normal 1.000000e+000 0.000000e+000 0.000000e+000
    outer loop
      vertex   -7.325000e+001 7.820627e+001 1.379827e+001
      vertex   -7.325000e+001 7.653202e+001 1.361986e+001
      vertex   -7.325000e+001 7.657595e+001 1.323798e+001
    endloop
  endfacet
  facet normal 1.000000e+000 0.000000e+000 0.000000e+000
    outer loop
      vertex   -7.325000e+001 7.823906e+001 1.337470e+001
      vertex   -7.325000e+001 7.657595e+001 1.323798e+001
      vertex   -7.325000e+001 7.825000e+001 1.295000e+001
    endloop
  endfacet
  facet normal 1.000000e+000 0.000000e+000 0.000000e+000
    outer loop
      vertex   -7.325000e+001 7.823906e+001 1.337470e+001
      vertex   -7.325000e+001 7.820627e+001 1.379827e+001
      vertex   -7.325000e+001 7.657595e+001 1.323798e+001
    endloop
  endfacet
  facet normal 1.000000e+000 -0.000000e+000 0.000000e+000
    outer loop
      vertex   -7.325000e+001 7.755961e+001 1.625374e+001
      vertex   -7.325000e+001 7.598560e+001 1.545575e+001
      vertex   -7.325000e+001 7.771966e+001 1.586020e+001
    endloop
  endfacet
  facet normal 1.000000e+000 -0.000000e+000 0.000000e+000
    outer loop
      vertex   -7.325000e+001 7.771966e+001 1.586020e+001
      vertex   -7.325000e+001 7.613734e+001 1.510257e+001
      vertex   -7.325000e+001 7.785924e+001 1.545895e+001
    endloop
  endfacet
  facet normal 1.000000e+000 -0.000000e+000 0.000000e+000
    outer loop
      vertex   -7.325000e+001 7.785924e+001 1.545895e+001
      vertex   -7.325000e+001 7.626826e+001 1.474115e+001
      vertex   -7.325000e+001 7.797798e+001 1.505104e+001
    endloop
  endfacet
  facet normal 1.000000e+000 -0.000000e+000 0.000000e+000
    outer loop
      vertex   -7.325000e+001 7.797798e+001 1.505104e+001
      vertex   -7.325000e+001 7.637791e+001 1.437272e+001
      vertex   -7.325000e+001 7.807556e+001 1.463755e+001
    endloop
  endfacet
  facet normal 1.000000e+000 -0.000000e+000 0.000000e+000
    outer loop
      vertex   -7.325000e+001 7.807556e+001 1.463755e+001
      vertex   -7.325000e+001 7.646593e+001 1.399853e+001
      vertex   -7.325000e+001 7.815173e+001 1.421960e+001
    endloop
  endfacet
  facet normal 1.000000e+000 -0.000000e+000 0.000000e+000
    outer loop
      vertex   -7.325000e+001 7.815173e+001 1.421960e+001
      vertex   -7.325000e+001 7.653202e+001 1.361986e+001
      vertex   -7.325000e+001 7.820627e+001 1.379827e+001
    endloop
  endfacet
  facet normal 1.000000e+000 -0.000000e+000 0.000000e+000
    outer loop
      vertex   -7.325000e+001 7.657595e+001 1.323798e+001
      vertex   -7.325000e+001 7.659757e+001 1.285418e+001
      vertex   -7.325000e+001 7.825000e+001 1.295000e+001
    endloop
  endfacet
  facet normal 1.000000e+000 0.000000e+000 0.000000e+000
    outer loop
      vertex   -7.325000e+001 7.825000e+001 1.295000e+001
      vertex   -7.325000e+001 7.659757e+001 1.285418e+001
      vertex   -7.325000e+001 7.659681e+001 1.246978e+001
    endloop
  endfacet
  facet normal 1.000000e+000 0.000000e+000 -0.000000e+000
    outer loop
      vertex   -7.325000e+001 7.657367e+001 1.208608e+001
      vertex   -7.325000e+001 7.825000e+001 1.295000e+001
      vertex   -7.325000e+001 7.659681e+001 1.246978e+001
    endloop
  endfacet
  facet normal 1.000000e+000 -0.000000e+000 0.000000e+000
    outer loop
      vertex   -7.325000e+001 7.657367e+001 1.208608e+001
      vertex   -7.325000e+001 7.652824e+001 1.170437e+001
      vertex   -7.325000e+001 7.825000e+001 1.295000e+001
    endloop
  endfacet
  facet normal 1.000000e+000 0.000000e+000 0.000000e+000
    outer loop
      vertex   -7.325000e+001 7.825000e+001 1.295000e+001
      vertex   -7.325000e+001 7.652824e+001 1.170437e+001
      vertex   -7.325000e+001 7.646066e+001 1.132596e+001
    endloop
  endfacet
  facet normal 1.000000e+000 0.000000e+000 -0.000000e+000
    outer loop
      vertex   -7.325000e+001 7.637116e+001 1.095212e+001
      vertex   -7.325000e+001 7.825000e+001 1.295000e+001
      vertex   -7.325000e+001 7.646066e+001 1.132596e+001
    endloop
  endfacet
  facet normal 1.000000e+000 -0.000000e+000 0.000000e+000
    outer loop
      vertex   -7.325000e+001 7.637116e+001 1.095212e+001
      vertex   -7.325000e+001 7.626005e+001 1.058413e+001
      vertex   -7.325000e+001 7.825000e+001 1.295000e+001
    endloop
  endfacet
  facet normal 1.000000e+000 0.000000e+000 0.000000e+000
    outer loop
      vertex   -7.325000e+001 7.825000e+001 1.295000e+001
      vertex   -7.325000e+001 7.626005e+001 1.058413e+001
      vertex   -7.325000e+001 7.825000e+001 4.800000e+000
    endloop
  endfacet
  facet normal 1.000000e+000 0.000000e+000 0.000000e+000
    outer loop
      vertex   -7.325000e+001 7.825000e+001 4.800000e+000
      vertex   -7.325000e+001 7.626005e+001 1.058413e+001
      vertex   -7.325000e+001 7.612771e+001 1.022323e+001
    endloop
  endfacet
  facet normal 1.000000e+000 -0.000000e+000 -0.000000e+000
    outer loop
      vertex   -7.325000e+001 7.597458e+001 9.870648e+000
      vertex   -7.325000e+001 7.825000e+001 4.800000e+000
      vertex   -7.325000e+001 7.612771e+001 1.022323e+001
    endloop
  endfacet
  facet normal 1.000000e+000 0.000000e+000 0.000000e+000
    outer loop
      vertex   -7.325000e+001 7.597458e+001 9.870648e+000
      vertex   -7.325000e+001 7.580118e+001 9.527578e+000
      vertex   -7.325000e+001 7.825000e+001 4.800000e+000
    endloop
  endfacet
  facet normal 1.000000e+000 0.000000e+000 0.000000e+000
    outer loop
      vertex   -7.325000e+001 7.825000e+001 4.800000e+000
      vertex   -7.325000e+001 7.580118e+001 9.527578e+000
      vertex   -7.325000e+001 7.560811e+001 9.195184e+000
    endloop
  endfacet
  facet normal 1.000000e+000 -0.000000e+000 -0.000000e+000
    outer loop
      vertex   -7.325000e+001 7.539601e+001 8.874595e+000
      vertex   -7.325000e+001 7.825000e+001 4.800000e+000
      vertex   -7.325000e+001 7.560811e+001 9.195184e+000
    endloop
  endfacet
  facet normal 1.000000e+000 0.000000e+000 0.000000e+000
    outer loop
      vertex   -7.325000e+001 7.539601e+001 8.874595e+000
      vertex   -7.325000e+001 7.516561e+001 8.566897e+000
      vertex   -7.325000e+001 7.825000e+001 4.800000e+000
    endloop
  endfacet
  facet normal 1.000000e+000 0.000000e+000 0.000000e+000
    outer loop
      vertex   -7.325000e+001 7.825000e+001 4.800000e+000
      vertex   -7.325000e+001 7.516561e+001 8.566897e+000
      vertex   -7.325000e+001 7.491768e+001 8.273134e+000
    endloop
  endfacet
  facet normal 1.000000e+000 -0.000000e+000 -0.000000e+000
    outer loop
      vertex   -7.325000e+001 7.465307e+001 7.994304e+000
      vertex   -7.325000e+001 7.825000e+001 4.800000e+000
      vertex   -7.325000e+001 7.491768e+001 8.273134e+000
    endloop
  endfacet
  facet normal 1.000000e+000 0.000000e+000 0.000000e+000
    outer loop
      vertex   -7.325000e+001 7.465307e+001 7.994304e+000
      vertex   -7.325000e+001 7.437268e+001 7.731351e+000
      vertex   -7.325000e+001 7.825000e+001 4.800000e+000
    endloop
  endfacet
  facet normal 1.000000e+000 0.000000e+000 0.000000e+000
    outer loop
      vertex   -7.325000e+001 7.825000e+001 4.800000e+000
      vertex   -7.325000e+001 7.437268e+001 7.731351e+000
      vertex   -7.325000e+001 7.407746e+001 7.485169e+000
    endloop
  endfacet
  facet normal 1.000000e+000 -0.000000e+000 -0.000000e+000
    outer loop
      vertex   -7.325000e+001 7.376840e+001 7.256590e+000
      vertex   -7.325000e+001 7.825000e+001 4.800000e+000
      vertex   -7.325000e+001 7.407746e+001 7.485169e+000
    endloop
  endfacet
  facet normal 1.000000e+000 0.000000e+000 0.000000e+000
    outer loop
      vertex   -7.325000e+001 7.376840e+001 7.256590e+000
      vertex   -7.325000e+001 7.344656e+001 7.046393e+000
      vertex   -7.325000e+001 7.825000e+001 4.800000e+000
    endloop
  endfacet
  facet normal 1.000000e+000 0.000000e+000 0.000000e+000
    outer loop
      vertex   -7.325000e+001 7.825000e+001 4.800000e+000
      vertex   -7.325000e+001 7.344656e+001 7.046393e+000
      vertex   -7.325000e+001 7.311303e+001 6.855288e+000
    endloop
  endfacet
  facet normal 1.000000e+000 -0.000000e+000 -0.000000e+000
    outer loop
      vertex   -7.325000e+001 7.276894e+001 6.683925e+000
      vertex   -7.325000e+001 7.825000e+001 4.800000e+000
      vertex   -7.325000e+001 7.311303e+001 6.855288e+000
    endloop
  endfacet
  facet normal 1.000000e+000 -0.000000e+000 0.000000e+000
    outer loop
      vertex   -7.325000e+001 7.276894e+001 6.683925e+000
      vertex   -7.325000e+001 7.055000e+001 4.800000e+000
      vertex   -7.325000e+001 7.825000e+001 4.800000e+000
    endloop
  endfacet
  facet normal 1.000000e+000 0.000000e+000 0.000000e+000
    outer loop
      vertex   -7.325000e+001 7.276894e+001 6.683925e+000
      vertex   -7.325000e+001 7.241546e+001 6.532885e+000
      vertex   -7.325000e+001 7.055000e+001 4.800000e+000
    endloop
  endfacet
  facet normal 1.000000e+000 0.000000e+000 -0.000000e+000
    outer loop
      vertex   -7.325000e+001 7.055000e+001 4.800000e+000
      vertex   -7.325000e+001 7.241546e+001 6.532885e+000
      vertex   -7.325000e+001 7.205378e+001 6.402680e+000
    endloop
  endfacet
  facet normal 1.000000e+000 -0.000000e+000 0.000000e+000
    outer loop
      vertex   -7.325000e+001 7.168513e+001 6.293752e+000
      vertex   -7.325000e+001 7.055000e+001 4.800000e+000
      vertex   -7.325000e+001 7.205378e+001 6.402680e+000
    endloop
  endfacet
  facet normal 1.000000e+000 0.000000e+000 0.000000e+000
    outer loop
      vertex   -7.325000e+001 7.168513e+001 6.293752e+000
      vertex   -7.325000e+001 7.131077e+001 6.206471e+000
      vertex   -7.325000e+001 7.055000e+001 4.800000e+000
    endloop
  endfacet
  facet normal 1.000000e+000 0.000000e+000 -0.000000e+000
    outer loop
      vertex   -7.325000e+001 7.055000e+001 4.800000e+000
      vertex   -7.325000e+001 7.131077e+001 6.206471e+000
      vertex   -7.325000e+001 7.093197e+001 6.141132e+000
    endloop
  endfacet
  facet normal 1.000000e+000 -0.000000e+000 0.000000e+000
    outer loop
      vertex   -7.325000e+001 7.055000e+001 6.097957e+000
      vertex   -7.325000e+001 7.055000e+001 4.800000e+000
      vertex   -7.325000e+001 7.093197e+001 6.141132e+000
    endloop
  endfacet
  facet normal 0.000000e+000 9.996685e-001 2.574791e-002
    outer loop
      vertex   -7.325000e+001 7.825000e+001 1.295000e+001
      vertex   -7.875000e+001 7.825000e+001 1.295000e+001
      vertex   -7.325000e+001 7.823906e+001 1.337470e+001
    endloop
  endfacet
  facet normal 0.000000e+000 9.996685e-001 2.574791e-002
    outer loop
      vertex   -7.325000e+001 7.823906e+001 1.337470e+001
      vertex   -7.875000e+001 7.825000e+001 1.295000e+001
      vertex   -7.875000e+001 7.823906e+001 1.337470e+001
    endloop
  endfacet
  facet normal 0.000000e+000 9.970175e-001 7.717546e-002
    outer loop
      vertex   -7.875000e+001 7.820627e+001 1.379827e+001
      vertex   -7.325000e+001 7.823906e+001 1.337470e+001
      vertex   -7.875000e+001 7.823906e+001 1.337470e+001
    endloop
  endfacet
  facet normal -0.000000e+000 9.970175e-001 7.717546e-002
    outer loop
      vertex   -7.875000e+001 7.820627e+001 1.379827e+001
      vertex   -7.325000e+001 7.820627e+001 1.379827e+001
      vertex   -7.325000e+001 7.823906e+001 1.337470e+001
    endloop
  endfacet
  facet normal 0.000000e+000 9.917227e-001 1.283984e-001
    outer loop
      vertex   -7.875000e+001 7.820627e+001 1.379827e+001
      vertex   -7.875000e+001 7.815173e+001 1.421960e+001
      vertex   -7.325000e+001 7.820627e+001 1.379827e+001
    endloop
  endfacet
  facet normal -0.000000e+000 9.917227e-001 1.283984e-001
    outer loop
      vertex   -7.325000e+001 7.820627e+001 1.379827e+001
      vertex   -7.875000e+001 7.815173e+001 1.421960e+001
      vertex   -7.325000e+001 7.815173e+001 1.421960e+001
    endloop
  endfacet
  facet normal 0.000000e+000 9.837980e-001 1.792808e-001
    outer loop
      vertex   -7.325000e+001 7.815173e+001 1.421960e+001
      vertex   -7.875000e+001 7.815173e+001 1.421960e+001
      vertex   -7.875000e+001 7.807556e+001 1.463755e+001
    endloop
  endfacet
  facet normal 0.000000e+000 9.732644e-001 2.296877e-001
    outer loop
      vertex   -7.325000e+001 7.807556e+001 1.463755e+001
      vertex   -7.875000e+001 7.807556e+001 1.463755e+001
      vertex   -7.875000e+001 7.797798e+001 1.505104e+001
    endloop
  endfacet
  facet normal 1.805332e-016 9.601499e-001 2.794856e-001
    outer loop
      vertex   -7.325000e+001 7.797798e+001 1.505104e+001
      vertex   -7.875000e+001 7.797798e+001 1.505104e+001
      vertex   -7.875000e+001 7.785924e+001 1.545895e+001
    endloop
  endfacet
  facet normal 0.000000e+000 9.444892e-001 3.285424e-001
    outer loop
      vertex   -7.325000e+001 7.785924e+001 1.545895e+001
      vertex   -7.875000e+001 7.785924e+001 1.545895e+001
      vertex   -7.875000e+001 7.771966e+001 1.586020e+001
    endloop
  endfacet
  facet normal 0.000000e+000 9.263240e-001 3.767279e-001
    outer loop
      vertex   -7.325000e+001 7.771966e+001 1.586020e+001
      vertex   -7.875000e+001 7.771966e+001 1.586020e+001
      vertex   -7.875000e+001 7.755961e+001 1.625374e+001
    endloop
  endfacet
  facet normal 0.000000e+000 9.057023e-001 4.239144e-001
    outer loop
      vertex   -7.325000e+001 7.755961e+001 1.625374e+001
      vertex   -7.875000e+001 7.755961e+001 1.625374e+001
      vertex   -7.875000e+001 7.737952e+001 1.663852e+001
    endloop
  endfacet
  facet normal -2.280658e-015 8.826788e-001 4.699767e-001
    outer loop
      vertex   -7.325000e+001 7.737952e+001 1.663852e+001
      vertex   -7.875000e+001 7.737952e+001 1.663852e+001
      vertex   -7.875000e+001 7.717985e+001 1.701352e+001
    endloop
  endfacet
  facet normal 0.000000e+000 8.573146e-001 5.147928e-001
    outer loop
      vertex   -7.325000e+001 7.717985e+001 1.701352e+001
      vertex   -7.875000e+001 7.717985e+001 1.701352e+001
      vertex   -7.875000e+001 7.696115e+001 1.737774e+001
    endloop
  endfacet
  facet normal 3.605964e-016 8.296770e-001 5.582437e-001
    outer loop
      vertex   -7.325000e+001 7.696115e+001 1.737774e+001
      vertex   -7.875000e+001 7.696115e+001 1.737774e+001
      vertex   -7.875000e+001 7.672398e+001 1.773022e+001
    endloop
  endfacet
  facet normal 0.000000e+000 7.998392e-001 6.002143e-001
    outer loop
      vertex   -7.325000e+001 7.672398e+001 1.773022e+001
      vertex   -7.875000e+001 7.672398e+001 1.773022e+001
      vertex   -7.875000e+001 7.646899e+001 1.807003e+001
    endloop
  endfacet
  facet normal -4.137898e-016 7.678804e-001 6.405932e-001
    outer loop
      vertex   -7.325000e+001 7.646899e+001 1.807003e+001
      vertex   -7.875000e+001 7.646899e+001 1.807003e+001
      vertex   -7.875000e+001 7.619684e+001 1.839625e+001
    endloop
  endfacet
  facet normal 0.000000e+000 7.338854e-001 6.792733e-001
    outer loop
      vertex   -7.325000e+001 7.619684e+001 1.839625e+001
      vertex   -7.875000e+001 7.619684e+001 1.839625e+001
      vertex   -7.875000e+001 7.590826e+001 1.870804e+001
    endloop
  endfacet
  facet normal -4.625970e-016 6.979442e-001 7.161522e-001
    outer loop
      vertex   -7.325000e+001 7.590826e+001 1.870804e+001
      vertex   -7.875000e+001 7.590826e+001 1.870804e+001
      vertex   -7.875000e+001 7.560401e+001 1.900455e+001
    endloop
  endfacet
  facet normal 4.851921e-016 6.601521e-001 7.511319e-001
    outer loop
      vertex   -7.325000e+001 7.560401e+001 1.900455e+001
      vertex   -7.875000e+001 7.560401e+001 1.900455e+001
      vertex   -7.875000e+001 7.528489e+001 1.928501e+001
    endloop
  endfacet
  facet normal 0.000000e+000 6.206095e-001 7.841198e-001
    outer loop
      vertex   -7.325000e+001 7.528489e+001 1.928501e+001
      vertex   -7.875000e+001 7.528489e+001 1.928501e+001
      vertex   -7.875000e+001 7.495177e+001 1.954867e+001
    endloop
  endfacet
  facet normal 0.000000e+000 5.794211e-001 8.150283e-001
    outer loop
      vertex   -7.325000e+001 7.495177e+001 1.954867e+001
      vertex   -7.875000e+001 7.495177e+001 1.954867e+001
      vertex   -7.875000e+001 7.460551e+001 1.979484e+001
    endloop
  endfacet
  facet normal -5.450351e-016 5.366962e-001 8.437756e-001
    outer loop
      vertex   -7.325000e+001 7.460551e+001 1.979484e+001
      vertex   -7.875000e+001 7.460551e+001 1.979484e+001
      vertex   -7.875000e+001 7.424704e+001 2.002285e+001
    endloop
  endfacet
  facet normal -5.621590e-016 4.925481e-001 8.702852e-001
    outer loop
      vertex   -7.325000e+001 7.424704e+001 2.002285e+001
      vertex   -7.875000e+001 7.424704e+001 2.002285e+001
      vertex   -7.875000e+001 7.387731e+001 2.023210e+001
    endloop
  endfacet
  facet normal 0.000000e+000 4.470938e-001 8.944871e-001
    outer loop
      vertex   -7.325000e+001 7.387731e+001 2.023210e+001
      vertex   -7.875000e+001 7.387731e+001 2.023210e+001
      vertex   -7.875000e+001 7.349729e+001 2.042204e+001
    endloop
  endfacet
  facet normal 0.000000e+000 4.004539e-001 9.163169e-001
    outer loop
      vertex   -7.325000e+001 7.349729e+001 2.042204e+001
      vertex   -7.875000e+001 7.349729e+001 2.042204e+001
      vertex   -7.875000e+001 7.310801e+001 2.059217e+001
    endloop
  endfacet
  facet normal 0.000000e+000 3.527521e-001 9.357168e-001
    outer loop
      vertex   -7.325000e+001 7.310801e+001 2.059217e+001
      vertex   -7.875000e+001 7.310801e+001 2.059217e+001
      vertex   -7.875000e+001 7.271047e+001 2.074204e+001
    endloop
  endfacet
  facet normal 0.000000e+000 3.041148e-001 9.526354e-001
    outer loop
      vertex   -7.325000e+001 7.271047e+001 2.074204e+001
      vertex   -7.875000e+001 7.271047e+001 2.074204e+001
      vertex   -7.875000e+001 7.230576e+001 2.087124e+001
    endloop
  endfacet
  facet normal 0.000000e+000 2.546711e-001 9.670277e-001
    outer loop
      vertex   -7.325000e+001 7.230576e+001 2.087124e+001
      vertex   -7.875000e+001 7.230576e+001 2.087124e+001
      vertex   -7.875000e+001 7.189492e+001 2.097943e+001
    endloop
  endfacet
  facet normal 0.000000e+000 2.045521e-001 9.788557e-001
    outer loop
      vertex   -7.325000e+001 7.189492e+001 2.097943e+001
      vertex   -7.875000e+001 7.189492e+001 2.097943e+001
      vertex   -7.875000e+001 7.147907e+001 2.106633e+001
    endloop
  endfacet
  facet normal 0.000000e+000 1.538906e-001 9.880879e-001
    outer loop
      vertex   -7.325000e+001 7.147907e+001 2.106633e+001
      vertex   -7.875000e+001 7.147907e+001 2.106633e+001
      vertex   -7.875000e+001 7.105929e+001 2.113171e+001
    endloop
  endfacet
  facet normal 0.000000e+000 1.028210e-001 9.946999e-001
    outer loop
      vertex   -7.325000e+001 7.105929e+001 2.113171e+001
      vertex   -7.875000e+001 7.105929e+001 2.113171e+001
      vertex   -7.875000e+001 7.063670e+001 2.117539e+001
    endloop
  endfacet
  facet normal 6.450915e-016 5.147875e-002 9.986741e-001
    outer loop
      vertex   -7.325000e+001 7.063670e+001 2.117539e+001
      vertex   -7.875000e+001 7.063670e+001 2.117539e+001
      vertex   -7.875000e+001 7.021242e+001 2.119726e+001
    endloop
  endfacet
  facet normal 0.000000e+000 -8.362463e-015 1.000000e+000
    outer loop
      vertex   -7.325000e+001 7.021242e+001 2.119726e+001
      vertex   -7.875000e+001 7.021242e+001 2.119726e+001
      vertex   -7.875000e+001 6.978758e+001 2.119726e+001
    endloop
  endfacet
  facet normal 0.000000e+000 -5.147875e-002 9.986741e-001
    outer loop
      vertex   -7.325000e+001 6.978758e+001 2.119726e+001
      vertex   -7.875000e+001 6.978758e+001 2.119726e+001
      vertex   -7.875000e+001 6.936330e+001 2.117539e+001
    endloop
  endfacet
  facet normal 0.000000e+000 -1.028210e-001 9.946999e-001
    outer loop
      vertex   -7.325000e+001 6.936330e+001 2.117539e+001
      vertex   -7.875000e+001 6.936330e+001 2.117539e+001
      vertex   -7.875000e+001 6.894071e+001 2.113171e+001
    endloop
  endfacet
  facet normal -1.276507e-015 -1.538906e-001 9.880879e-001
    outer loop
      vertex   -7.325000e+001 6.894071e+001 2.113171e+001
      vertex   -7.875000e+001 6.894071e+001 2.113171e+001
      vertex   -7.875000e+001 6.852093e+001 2.106633e+001
    endloop
  endfacet
  facet normal 0.000000e+000 -2.045521e-001 9.788557e-001
    outer loop
      vertex   -7.325000e+001 6.852093e+001 2.106633e+001
      vertex   -7.875000e+001 6.852093e+001 2.106633e+001
      vertex   -7.875000e+001 6.810508e+001 2.097943e+001
    endloop
  endfacet
  facet normal 0.000000e+000 -2.546711e-001 9.670277e-001
    outer loop
      vertex   -7.325000e+001 6.810508e+001 2.097943e+001
      vertex   -7.875000e+001 6.810508e+001 2.097943e+001
      vertex   -7.875000e+001 6.769424e+001 2.087124e+001
    endloop
  endfacet
  facet normal 6.153529e-016 -3.041148e-001 9.526354e-001
    outer loop
      vertex   -7.325000e+001 6.769424e+001 2.087124e+001
      vertex   -7.875000e+001 6.769424e+001 2.087124e+001
      vertex   -7.875000e+001 6.728953e+001 2.074204e+001
    endloop
  endfacet
  facet normal 0.000000e+000 -3.527521e-001 9.357168e-001
    outer loop
      vertex   -7.325000e+001 6.728953e+001 2.074204e+001
      vertex   -7.875000e+001 6.728953e+001 2.074204e+001
      vertex   -7.875000e+001 6.689199e+001 2.059217e+001
    endloop
  endfacet
  facet normal 0.000000e+000 -4.004539e-001 9.163169e-001
    outer loop
      vertex   -7.325000e+001 6.689199e+001 2.059217e+001
      vertex   -7.875000e+001 6.689199e+001 2.059217e+001
      vertex   -7.875000e+001 6.650271e+001 2.042204e+001
    endloop
  endfacet
  facet normal 0.000000e+000 -4.470938e-001 8.944871e-001
    outer loop
      vertex   -7.325000e+001 6.650271e+001 2.042204e+001
      vertex   -7.875000e+001 6.650271e+001 2.042204e+001
      vertex   -7.875000e+001 6.612269e+001 2.023210e+001
    endloop
  endfacet
  facet normal 0.000000e+000 -4.925481e-001 8.702852e-001
    outer loop
      vertex   -7.325000e+001 6.612269e+001 2.023210e+001
      vertex   -7.875000e+001 6.612269e+001 2.023210e+001
      vertex   -7.875000e+001 6.575296e+001 2.002285e+001
    endloop
  endfacet
  facet normal 5.450351e-016 -5.366962e-001 8.437756e-001
    outer loop
      vertex   -7.325000e+001 6.575296e+001 2.002285e+001
      vertex   -7.875000e+001 6.575296e+001 2.002285e+001
      vertex   -7.875000e+001 6.539449e+001 1.979484e+001
    endloop
  endfacet
  facet normal 5.264659e-016 -5.794211e-001 8.150283e-001
    outer loop
      vertex   -7.325000e+001 6.539449e+001 1.979484e+001
      vertex   -7.875000e+001 6.539449e+001 1.979484e+001
      vertex   -7.875000e+001 6.504823e+001 1.954867e+001
    endloop
  endfacet
  facet normal 5.065006e-016 -6.206095e-001 7.841198e-001
    outer loop
      vertex   -7.325000e+001 6.504823e+001 1.954867e+001
      vertex   -7.875000e+001 6.504823e+001 1.954867e+001
      vertex   -7.875000e+001 6.471511e+001 1.928501e+001
    endloop
  endfacet
  facet normal 0.000000e+000 -6.601521e-001 7.511319e-001
    outer loop
      vertex   -7.325000e+001 6.471511e+001 1.928501e+001
      vertex   -7.875000e+001 6.471511e+001 1.928501e+001
      vertex   -7.875000e+001 6.439599e+001 1.900455e+001
    endloop
  endfacet
  facet normal 0.000000e+000 -6.979442e-001 7.161522e-001
    outer loop
      vertex   -7.325000e+001 6.439599e+001 1.900455e+001
      vertex   -7.875000e+001 6.439599e+001 1.900455e+001
      vertex   -7.875000e+001 6.409174e+001 1.870804e+001
    endloop
  endfacet
  facet normal 4.387752e-016 -7.338854e-001 6.792733e-001
    outer loop
      vertex   -7.325000e+001 6.409174e+001 1.870804e+001
      vertex   -7.875000e+001 6.409174e+001 1.870804e+001
      vertex   -7.875000e+001 6.380316e+001 1.839625e+001
    endloop
  endfacet
  facet normal 0.000000e+000 -7.678804e-001 6.405932e-001
    outer loop
      vertex   -7.325000e+001 6.380316e+001 1.839625e+001
      vertex   -7.875000e+001 6.380316e+001 1.839625e+001
      vertex   -7.875000e+001 6.353101e+001 1.807003e+001
    endloop
  endfacet
  facet normal -1.678911e-015 -7.998392e-001 6.002143e-001
    outer loop
      vertex   -7.325000e+001 6.353101e+001 1.807003e+001
      vertex   -7.875000e+001 6.353101e+001 1.807003e+001
      vertex   -7.875000e+001 6.327602e+001 1.773022e+001
    endloop
  endfacet
  facet normal 0.000000e+000 -8.296770e-001 5.582437e-001
    outer loop
      vertex   -7.325000e+001 6.327602e+001 1.773022e+001
      vertex   -7.875000e+001 6.327602e+001 1.773022e+001
      vertex   -7.875000e+001 6.303885e+001 1.737774e+001
    endloop
  endfacet
  facet normal 0.000000e+000 -8.573146e-001 5.147928e-001
    outer loop
      vertex   -7.325000e+001 6.303885e+001 1.737774e+001
      vertex   -7.875000e+001 6.303885e+001 1.737774e+001
      vertex   -7.875000e+001 6.282015e+001 1.701352e+001
    endloop
  endfacet
  facet normal 3.035805e-016 -8.826788e-001 4.699767e-001
    outer loop
      vertex   -7.325000e+001 6.282015e+001 1.701352e+001
      vertex   -7.875000e+001 6.282015e+001 1.701352e+001
      vertex   -7.875000e+001 6.262048e+001 1.663852e+001
    endloop
  endfacet
  facet normal 2.738266e-016 -9.057023e-001 4.239144e-001
    outer loop
      vertex   -7.325000e+001 6.262048e+001 1.663852e+001
      vertex   -7.875000e+001 6.262048e+001 1.663852e+001
      vertex   -7.875000e+001 6.244039e+001 1.625374e+001
    endloop
  endfacet
  facet normal 0.000000e+000 -9.263240e-001 3.767279e-001
    outer loop
      vertex   -7.325000e+001 6.244039e+001 1.625374e+001
      vertex   -7.875000e+001 6.244039e+001 1.625374e+001
      vertex   -7.875000e+001 6.228034e+001 1.586020e+001
    endloop
  endfacet
  facet normal 0.000000e+000 -9.444892e-001 3.285424e-001
    outer loop
      vertex   -7.325000e+001 6.228034e+001 1.586020e+001
      vertex   -7.875000e+001 6.228034e+001 1.586020e+001
      vertex   -7.875000e+001 6.214076e+001 1.545895e+001
    endloop
  endfacet
  facet normal 0.000000e+000 -9.601499e-001 2.794856e-001
    outer loop
      vertex   -7.325000e+001 6.214076e+001 1.545895e+001
      vertex   -7.875000e+001 6.214076e+001 1.545895e+001
      vertex   -7.875000e+001 6.202202e+001 1.505104e+001
    endloop
  endfacet
  facet normal 0.000000e+000 -9.732644e-001 2.296877e-001
    outer loop
      vertex   -7.325000e+001 6.202202e+001 1.505104e+001
      vertex   -7.875000e+001 6.202202e+001 1.505104e+001
      vertex   -7.875000e+001 6.192444e+001 1.463755e+001
    endloop
  endfacet
  facet normal 1.270965e-015 -9.837980e-001 1.792808e-001
    outer loop
      vertex   -7.325000e+001 6.192444e+001 1.463755e+001
      vertex   -7.875000e+001 6.192444e+001 1.463755e+001
      vertex   -7.875000e+001 6.184827e+001 1.421960e+001
    endloop
  endfacet
  facet normal 1.364141e-015 -9.917227e-001 1.283984e-001
    outer loop
      vertex   -7.325000e+001 6.184827e+001 1.421960e+001
      vertex   -7.875000e+001 6.184827e+001 1.421960e+001
      vertex   -7.875000e+001 6.179373e+001 1.379827e+001
    endloop
  endfacet
  facet normal 0.000000e+000 -9.970175e-001 7.717546e-002
    outer loop
      vertex   -7.325000e+001 6.179373e+001 1.379827e+001
      vertex   -7.875000e+001 6.179373e+001 1.379827e+001
      vertex   -7.875000e+001 6.176094e+001 1.337470e+001
    endloop
  endfacet
  facet normal 0.000000e+000 -9.996685e-001 2.574791e-002
    outer loop
      vertex   -7.325000e+001 6.176094e+001 1.337470e+001
      vertex   -7.875000e+001 6.176094e+001 1.337470e+001
      vertex   -7.325000e+001 6.175000e+001 1.295000e+001
    endloop
  endfacet
  facet normal 0.000000e+000 -9.970175e-001 7.717546e-002
    outer loop
      vertex   -7.325000e+001 6.176094e+001 1.337470e+001
      vertex   -7.325000e+001 6.179373e+001 1.379827e+001
      vertex   -7.875000e+001 6.176094e+001 1.337470e+001
    endloop
  endfacet
  facet normal -0.000000e+000 9.837980e-001 1.792808e-001
    outer loop
      vertex   -7.325000e+001 7.815173e+001 1.421960e+001
      vertex   -7.875000e+001 7.807556e+001 1.463755e+001
      vertex   -7.325000e+001 7.807556e+001 1.463755e+001
    endloop
  endfacet
  facet normal 1.483663e-016 9.732644e-001 2.296877e-001
    outer loop
      vertex   -7.325000e+001 7.807556e+001 1.463755e+001
      vertex   -7.875000e+001 7.797798e+001 1.505104e+001
      vertex   -7.325000e+001 7.797798e+001 1.505104e+001
    endloop
  endfacet
  facet normal -0.000000e+000 9.601499e-001 2.794856e-001
    outer loop
      vertex   -7.325000e+001 7.797798e+001 1.505104e+001
      vertex   -7.875000e+001 7.785924e+001 1.545895e+001
      vertex   -7.325000e+001 7.785924e+001 1.545895e+001
    endloop
  endfacet
  facet normal -0.000000e+000 9.444892e-001 3.285424e-001
    outer loop
      vertex   -7.325000e+001 7.785924e+001 1.545895e+001
      vertex   -7.875000e+001 7.771966e+001 1.586020e+001
      vertex   -7.325000e+001 7.771966e+001 1.586020e+001
    endloop
  endfacet
  facet normal -0.000000e+000 9.263240e-001 3.767279e-001
    outer loop
      vertex   -7.325000e+001 7.771966e+001 1.586020e+001
      vertex   -7.875000e+001 7.755961e+001 1.625374e+001
      vertex   -7.325000e+001 7.755961e+001 1.625374e+001
    endloop
  endfacet
  facet normal -2.340146e-015 9.057023e-001 4.239144e-001
    outer loop
      vertex   -7.325000e+001 7.755961e+001 1.625374e+001
      vertex   -7.875000e+001 7.737952e+001 1.663852e+001
      vertex   -7.325000e+001 7.737952e+001 1.663852e+001
    endloop
  endfacet
  facet normal -0.000000e+000 8.826788e-001 4.699767e-001
    outer loop
      vertex   -7.325000e+001 7.737952e+001 1.663852e+001
      vertex   -7.875000e+001 7.717985e+001 1.701352e+001
      vertex   -7.325000e+001 7.717985e+001 1.701352e+001
    endloop
  endfacet
  facet normal 3.325294e-016 8.573146e-001 5.147928e-001
    outer loop
      vertex   -7.325000e+001 7.717985e+001 1.701352e+001
      vertex   -7.875000e+001 7.696115e+001 1.737774e+001
      vertex   -7.325000e+001 7.696115e+001 1.737774e+001
    endloop
  endfacet
  facet normal -0.000000e+000 8.296770e-001 5.582437e-001
    outer loop
      vertex   -7.325000e+001 7.696115e+001 1.737774e+001
      vertex   -7.875000e+001 7.672398e+001 1.773022e+001
      vertex   -7.325000e+001 7.672398e+001 1.773022e+001
    endloop
  endfacet
  facet normal -3.877072e-016 7.998392e-001 6.002143e-001
    outer loop
      vertex   -7.325000e+001 7.672398e+001 1.773022e+001
      vertex   -7.875000e+001 7.646899e+001 1.807003e+001
      vertex   -7.325000e+001 7.646899e+001 1.807003e+001
    endloop
  endfacet
  facet normal -0.000000e+000 7.678804e-001 6.405932e-001
    outer loop
      vertex   -7.325000e+001 7.646899e+001 1.807003e+001
      vertex   -7.875000e+001 7.619684e+001 1.839625e+001
      vertex   -7.325000e+001 7.619684e+001 1.839625e+001
    endloop
  endfacet
  facet normal -4.387752e-016 7.338854e-001 6.792733e-001
    outer loop
      vertex   -7.325000e+001 7.619684e+001 1.839625e+001
      vertex   -7.875000e+001 7.590826e+001 1.870804e+001
      vertex   -7.325000e+001 7.590826e+001 1.870804e+001
    endloop
  endfacet
  facet normal 4.625970e-016 6.979442e-001 7.161522e-001
    outer loop
      vertex   -7.325000e+001 7.590826e+001 1.870804e+001
      vertex   -7.875000e+001 7.560401e+001 1.900455e+001
      vertex   -7.325000e+001 7.560401e+001 1.900455e+001
    endloop
  endfacet
  facet normal -0.000000e+000 6.601521e-001 7.511319e-001
    outer loop
      vertex   -7.325000e+001 7.560401e+001 1.900455e+001
      vertex   -7.875000e+001 7.528489e+001 1.928501e+001
      vertex   -7.325000e+001 7.528489e+001 1.928501e+001
    endloop
  endfacet
  facet normal -0.000000e+000 6.206095e-001 7.841198e-001
    outer loop
      vertex   -7.325000e+001 7.528489e+001 1.928501e+001
      vertex   -7.875000e+001 7.495177e+001 1.954867e+001
      vertex   -7.325000e+001 7.495177e+001 1.954867e+001
    endloop
  endfacet
  facet normal -5.264659e-016 5.794211e-001 8.150283e-001
    outer loop
      vertex   -7.325000e+001 7.495177e+001 1.954867e+001
      vertex   -7.875000e+001 7.460551e+001 1.979484e+001
      vertex   -7.325000e+001 7.460551e+001 1.979484e+001
    endloop
  endfacet
  facet normal -5.450351e-016 5.366962e-001 8.437756e-001
    outer loop
      vertex   -7.325000e+001 7.460551e+001 1.979484e+001
      vertex   -7.875000e+001 7.424704e+001 2.002285e+001
      vertex   -7.325000e+001 7.424704e+001 2.002285e+001
    endloop
  endfacet
  facet normal -0.000000e+000 4.925481e-001 8.702852e-001
    outer loop
      vertex   -7.325000e+001 7.424704e+001 2.002285e+001
      vertex   -7.875000e+001 7.387731e+001 2.023210e+001
      vertex   -7.325000e+001 7.387731e+001 2.023210e+001
    endloop
  endfacet
  facet normal -0.000000e+000 4.470938e-001 8.944871e-001
    outer loop
      vertex   -7.325000e+001 7.387731e+001 2.023210e+001
      vertex   -7.875000e+001 7.349729e+001 2.042204e+001
      vertex   -7.325000e+001 7.349729e+001 2.042204e+001
    endloop
  endfacet
  facet normal -0.000000e+000 4.004539e-001 9.163169e-001
    outer loop
      vertex   -7.325000e+001 7.349729e+001 2.042204e+001
      vertex   -7.875000e+001 7.310801e+001 2.059217e+001
      vertex   -7.325000e+001 7.310801e+001 2.059217e+001
    endloop
  endfacet
  facet normal -0.000000e+000 3.527521e-001 9.357168e-001
    outer loop
      vertex   -7.325000e+001 7.310801e+001 2.059217e+001
      vertex   -7.875000e+001 7.271047e+001 2.074204e+001
      vertex   -7.325000e+001 7.271047e+001 2.074204e+001
    endloop
  endfacet
  facet normal -0.000000e+000 3.041148e-001 9.526354e-001
    outer loop
      vertex   -7.325000e+001 7.271047e+001 2.074204e+001
      vertex   -7.875000e+001 7.230576e+001 2.087124e+001
      vertex   -7.325000e+001 7.230576e+001 2.087124e+001
    endloop
  endfacet
  facet normal -0.000000e+000 2.546711e-001 9.670277e-001
    outer loop
      vertex   -7.325000e+001 7.230576e+001 2.087124e+001
      vertex   -7.875000e+001 7.189492e+001 2.097943e+001
      vertex   -7.325000e+001 7.189492e+001 2.097943e+001
    endloop
  endfacet
  facet normal -0.000000e+000 2.045521e-001 9.788557e-001
    outer loop
      vertex   -7.325000e+001 7.189492e+001 2.097943e+001
      vertex   -7.875000e+001 7.147907e+001 2.106633e+001
      vertex   -7.325000e+001 7.147907e+001 2.106633e+001
    endloop
  endfacet
  facet normal -0.000000e+000 1.538906e-001 9.880879e-001
    outer loop
      vertex   -7.325000e+001 7.147907e+001 2.106633e+001
      vertex   -7.875000e+001 7.105929e+001 2.113171e+001
      vertex   -7.325000e+001 7.105929e+001 2.113171e+001
    endloop
  endfacet
  facet normal 6.425243e-016 1.028210e-001 9.946999e-001
    outer loop
      vertex   -7.325000e+001 7.105929e+001 2.113171e+001
      vertex   -7.875000e+001 7.063670e+001 2.117539e+001
      vertex   -7.325000e+001 7.063670e+001 2.117539e+001
    endloop
  endfacet
  facet normal -0.000000e+000 5.147875e-002 9.986741e-001
    outer loop
      vertex   -7.325000e+001 7.063670e+001 2.117539e+001
      vertex   -7.875000e+001 7.021242e+001 2.119726e+001
      vertex   -7.325000e+001 7.021242e+001 2.119726e+001
    endloop
  endfacet
  facet normal 0.000000e+000 -8.362463e-015 1.000000e+000
    outer loop
      vertex   -7.325000e+001 7.021242e+001 2.119726e+001
      vertex   -7.875000e+001 6.978758e+001 2.119726e+001
      vertex   -7.325000e+001 6.978758e+001 2.119726e+001
    endloop
  endfacet
  facet normal 0.000000e+000 -5.147875e-002 9.986741e-001
    outer loop
      vertex   -7.325000e+001 6.978758e+001 2.119726e+001
      vertex   -7.875000e+001 6.936330e+001 2.117539e+001
      vertex   -7.325000e+001 6.936330e+001 2.117539e+001
    endloop
  endfacet
  facet normal -1.285049e-015 -1.028210e-001 9.946999e-001
    outer loop
      vertex   -7.325000e+001 6.936330e+001 2.117539e+001
      vertex   -7.875000e+001 6.894071e+001 2.113171e+001
      vertex   -7.325000e+001 6.894071e+001 2.113171e+001
    endloop
  endfacet
  facet normal 0.000000e+000 -1.538906e-001 9.880879e-001
    outer loop
      vertex   -7.325000e+001 6.894071e+001 2.113171e+001
      vertex   -7.875000e+001 6.852093e+001 2.106633e+001
      vertex   -7.325000e+001 6.852093e+001 2.106633e+001
    endloop
  endfacet
  facet normal 0.000000e+000 -2.045521e-001 9.788557e-001
    outer loop
      vertex   -7.325000e+001 6.852093e+001 2.106633e+001
      vertex   -7.875000e+001 6.810508e+001 2.097943e+001
      vertex   -7.325000e+001 6.810508e+001 2.097943e+001
    endloop
  endfacet
  facet normal 6.246496e-016 -2.546711e-001 9.670277e-001
    outer loop
      vertex   -7.325000e+001 6.810508e+001 2.097943e+001
      vertex   -7.875000e+001 6.769424e+001 2.087124e+001
      vertex   -7.325000e+001 6.769424e+001 2.087124e+001
    endloop
  endfacet
  facet normal 0.000000e+000 -3.041148e-001 9.526354e-001
    outer loop
      vertex   -7.325000e+001 6.769424e+001 2.087124e+001
      vertex   -7.875000e+001 6.728953e+001 2.074204e+001
      vertex   -7.325000e+001 6.728953e+001 2.074204e+001
    endloop
  endfacet
  facet normal 0.000000e+000 -3.527521e-001 9.357168e-001
    outer loop
      vertex   -7.325000e+001 6.728953e+001 2.074204e+001
      vertex   -7.875000e+001 6.689199e+001 2.059217e+001
      vertex   -7.325000e+001 6.689199e+001 2.059217e+001
    endloop
  endfacet
  facet normal 0.000000e+000 -4.004539e-001 9.163169e-001
    outer loop
      vertex   -7.325000e+001 6.689199e+001 2.059217e+001
      vertex   -7.875000e+001 6.650271e+001 2.042204e+001
      vertex   -7.325000e+001 6.650271e+001 2.042204e+001
    endloop
  endfacet
  facet normal 0.000000e+000 -4.470938e-001 8.944871e-001
    outer loop
      vertex   -7.325000e+001 6.650271e+001 2.042204e+001
      vertex   -7.875000e+001 6.612269e+001 2.023210e+001
      vertex   -7.325000e+001 6.612269e+001 2.023210e+001
    endloop
  endfacet
  facet normal 5.621590e-016 -4.925481e-001 8.702852e-001
    outer loop
      vertex   -7.325000e+001 6.612269e+001 2.023210e+001
      vertex   -7.875000e+001 6.575296e+001 2.002285e+001
      vertex   -7.325000e+001 6.575296e+001 2.002285e+001
    endloop
  endfacet
  facet normal 5.450351e-016 -5.366962e-001 8.437756e-001
    outer loop
      vertex   -7.325000e+001 6.575296e+001 2.002285e+001
      vertex   -7.875000e+001 6.539449e+001 1.979484e+001
      vertex   -7.325000e+001 6.539449e+001 1.979484e+001
    endloop
  endfacet
  facet normal 5.264659e-016 -5.794211e-001 8.150283e-001
    outer loop
      vertex   -7.325000e+001 6.539449e+001 1.979484e+001
      vertex   -7.875000e+001 6.504823e+001 1.954867e+001
      vertex   -7.325000e+001 6.504823e+001 1.954867e+001
    endloop
  endfacet
  facet normal 0.000000e+000 -6.206095e-001 7.841198e-001
    outer loop
      vertex   -7.325000e+001 6.504823e+001 1.954867e+001
      vertex   -7.875000e+001 6.471511e+001 1.928501e+001
      vertex   -7.325000e+001 6.471511e+001 1.928501e+001
    endloop
  endfacet
  facet normal 0.000000e+000 -6.601521e-001 7.511319e-001
    outer loop
      vertex   -7.325000e+001 6.471511e+001 1.928501e+001
      vertex   -7.875000e+001 6.439599e+001 1.900455e+001
      vertex   -7.325000e+001 6.439599e+001 1.900455e+001
    endloop
  endfacet
  facet normal 4.625970e-016 -6.979442e-001 7.161522e-001
    outer loop
      vertex   -7.325000e+001 6.439599e+001 1.900455e+001
      vertex   -7.875000e+001 6.409174e+001 1.870804e+001
      vertex   -7.325000e+001 6.409174e+001 1.870804e+001
    endloop
  endfacet
  facet normal 0.000000e+000 -7.338854e-001 6.792733e-001
    outer loop
      vertex   -7.325000e+001 6.409174e+001 1.870804e+001
      vertex   -7.875000e+001 6.380316e+001 1.839625e+001
      vertex   -7.325000e+001 6.380316e+001 1.839625e+001
    endloop
  endfacet
  facet normal -1.570253e-015 -7.678804e-001 6.405932e-001
    outer loop
      vertex   -7.325000e+001 6.380316e+001 1.839625e+001
      vertex   -7.875000e+001 6.353101e+001 1.807003e+001
      vertex   -7.325000e+001 6.353101e+001 1.807003e+001
    endloop
  endfacet
  facet normal 0.000000e+000 -7.998392e-001 6.002143e-001
    outer loop
      vertex   -7.325000e+001 6.353101e+001 1.807003e+001
      vertex   -7.875000e+001 6.327602e+001 1.773022e+001
      vertex   -7.325000e+001 6.327602e+001 1.773022e+001
    endloop
  endfacet
  facet normal 0.000000e+000 -8.296770e-001 5.582437e-001
    outer loop
      vertex   -7.325000e+001 6.327602e+001 1.773022e+001
      vertex   -7.875000e+001 6.303885e+001 1.737774e+001
      vertex   -7.325000e+001 6.303885e+001 1.737774e+001
    endloop
  endfacet
  facet normal 3.325294e-016 -8.573146e-001 5.147928e-001
    outer loop
      vertex   -7.325000e+001 6.303885e+001 1.737774e+001
      vertex   -7.875000e+001 6.282015e+001 1.701352e+001
      vertex   -7.325000e+001 6.282015e+001 1.701352e+001
    endloop
  endfacet
  facet normal 3.035805e-016 -8.826788e-001 4.699767e-001
    outer loop
      vertex   -7.325000e+001 6.282015e+001 1.701352e+001
      vertex   -7.875000e+001 6.262048e+001 1.663852e+001
      vertex   -7.325000e+001 6.262048e+001 1.663852e+001
    endloop
  endfacet
  facet normal 0.000000e+000 -9.057023e-001 4.239144e-001
    outer loop
      vertex   -7.325000e+001 6.262048e+001 1.663852e+001
      vertex   -7.875000e+001 6.244039e+001 1.625374e+001
      vertex   -7.325000e+001 6.244039e+001 1.625374e+001
    endloop
  endfacet
  facet normal 0.000000e+000 -9.263240e-001 3.767279e-001
    outer loop
      vertex   -7.325000e+001 6.244039e+001 1.625374e+001
      vertex   -7.875000e+001 6.228034e+001 1.586020e+001
      vertex   -7.325000e+001 6.228034e+001 1.586020e+001
    endloop
  endfacet
  facet normal 0.000000e+000 -9.444892e-001 3.285424e-001
    outer loop
      vertex   -7.325000e+001 6.228034e+001 1.586020e+001
      vertex   -7.875000e+001 6.214076e+001 1.545895e+001
      vertex   -7.325000e+001 6.214076e+001 1.545895e+001
    endloop
  endfacet
  facet normal 0.000000e+000 -9.601499e-001 2.794856e-001
    outer loop
      vertex   -7.325000e+001 6.214076e+001 1.545895e+001
      vertex   -7.875000e+001 6.202202e+001 1.505104e+001
      vertex   -7.325000e+001 6.202202e+001 1.505104e+001
    endloop
  endfacet
  facet normal 1.257356e-015 -9.732644e-001 2.296877e-001
    outer loop
      vertex   -7.325000e+001 6.202202e+001 1.505104e+001
      vertex   -7.875000e+001 6.192444e+001 1.463755e+001
      vertex   -7.325000e+001 6.192444e+001 1.463755e+001
    endloop
  endfacet
  facet normal 1.386771e-015 -9.837980e-001 1.792808e-001
    outer loop
      vertex   -7.325000e+001 6.192444e+001 1.463755e+001
      vertex   -7.875000e+001 6.184827e+001 1.421960e+001
      vertex   -7.325000e+001 6.184827e+001 1.421960e+001
    endloop
  endfacet
  facet normal 0.000000e+000 -9.917227e-001 1.283984e-001
    outer loop
      vertex   -7.325000e+001 6.184827e+001 1.421960e+001
      vertex   -7.875000e+001 6.179373e+001 1.379827e+001
      vertex   -7.325000e+001 6.179373e+001 1.379827e+001
    endloop
  endfacet
  facet normal 0.000000e+000 -9.996685e-001 2.574791e-002
    outer loop
      vertex   -7.875000e+001 6.176094e+001 1.337470e+001
      vertex   -7.875000e+001 6.175000e+001 1.295000e+001
      vertex   -7.325000e+001 6.175000e+001 1.295000e+001
    endloop
  endfacet
  facet normal -1.000000e+000 -1.443355e-015 -1.123388e-015
    outer loop
      vertex   -7.875000e+001 6.175000e+001 1.295000e+001
      vertex   -7.875000e+001 6.387229e+001 1.022323e+001
      vertex   -7.875000e+001 6.175000e+001 3.000000e-001
    endloop
  endfacet
  facet normal -1.000000e+000 0.000000e+000 0.000000e+000
    outer loop
      vertex   -7.875000e+001 6.175000e+001 1.295000e+001
      vertex   -7.875000e+001 6.373995e+001 1.058413e+001
      vertex   -7.875000e+001 6.387229e+001 1.022323e+001
    endloop
  endfacet
  facet normal -1.000000e+000 0.000000e+000 0.000000e+000
    outer loop
      vertex   -7.875000e+001 6.175000e+001 1.295000e+001
      vertex   -7.875000e+001 6.362884e+001 1.095212e+001
      vertex   -7.875000e+001 6.373995e+001 1.058413e+001
    endloop
  endfacet
  facet normal -1.000000e+000 0.000000e+000 0.000000e+000
    outer loop
      vertex   -7.875000e+001 6.175000e+001 1.295000e+001
      vertex   -7.875000e+001 6.353934e+001 1.132596e+001
      vertex   -7.875000e+001 6.362884e+001 1.095212e+001
    endloop
  endfacet
  facet normal -1.000000e+000 0.000000e+000 0.000000e+000
    outer loop
      vertex   -7.875000e+001 6.175000e+001 1.295000e+001
      vertex   -7.875000e+001 6.347176e+001 1.170437e+001
      vertex   -7.875000e+001 6.353934e+001 1.132596e+001
    endloop
  endfacet
  facet normal -1.000000e+000 0.000000e+000 0.000000e+000
    outer loop
      vertex   -7.875000e+001 6.175000e+001 1.295000e+001
      vertex   -7.875000e+001 6.342633e+001 1.208608e+001
      vertex   -7.875000e+001 6.347176e+001 1.170437e+001
    endloop
  endfacet
  facet normal -1.000000e+000 0.000000e+000 0.000000e+000
    outer loop
      vertex   -7.875000e+001 6.175000e+001 1.295000e+001
      vertex   -7.875000e+001 6.340319e+001 1.246978e+001
      vertex   -7.875000e+001 6.342633e+001 1.208608e+001
    endloop
  endfacet
  facet normal -1.000000e+000 0.000000e+000 0.000000e+000
    outer loop
      vertex   -7.875000e+001 6.175000e+001 1.295000e+001
      vertex   -7.875000e+001 6.340243e+001 1.285418e+001
      vertex   -7.875000e+001 6.340319e+001 1.246978e+001
    endloop
  endfacet
  facet normal -1.000000e+000 0.000000e+000 -0.000000e+000
    outer loop
      vertex   -7.875000e+001 6.175000e+001 1.295000e+001
      vertex   -7.875000e+001 6.342405e+001 1.323798e+001
      vertex   -7.875000e+001 6.340243e+001 1.285418e+001
    endloop
  endfacet
  facet normal -1.000000e+000 0.000000e+000 0.000000e+000
    outer loop
      vertex   -7.875000e+001 6.175000e+001 1.295000e+001
      vertex   -7.875000e+001 6.176094e+001 1.337470e+001
      vertex   -7.875000e+001 6.342405e+001 1.323798e+001
    endloop
  endfacet
  facet normal -1.000000e+000 0.000000e+000 0.000000e+000
    outer loop
      vertex   -7.875000e+001 6.342405e+001 1.323798e+001
      vertex   -7.875000e+001 6.176094e+001 1.337470e+001
      vertex   -7.875000e+001 6.179373e+001 1.379827e+001
    endloop
  endfacet
  facet normal -1.000000e+000 0.000000e+000 0.000000e+000
    outer loop
      vertex   -7.875000e+001 6.346798e+001 1.361986e+001
      vertex   -7.875000e+001 6.179373e+001 1.379827e+001
      vertex   -7.875000e+001 6.184827e+001 1.421960e+001
    endloop
  endfacet
  facet normal -1.000000e+000 0.000000e+000 0.000000e+000
    outer loop
      vertex   -7.875000e+001 6.353407e+001 1.399853e+001
      vertex   -7.875000e+001 6.184827e+001 1.421960e+001
      vertex   -7.875000e+001 6.192444e+001 1.463755e+001
    endloop
  endfacet
  facet normal -1.000000e+000 0.000000e+000 0.000000e+000
    outer loop
      vertex   -7.875000e+001 6.362209e+001 1.437272e+001
      vertex   -7.875000e+001 6.192444e+001 1.463755e+001
      vertex   -7.875000e+001 6.202202e+001 1.505104e+001
    endloop
  endfacet
  facet normal -1.000000e+000 -0.000000e+000 -0.000000e+000
    outer loop
      vertex   -7.875000e+001 6.214076e+001 1.545895e+001
      vertex   -7.875000e+001 6.362209e+001 1.437272e+001
      vertex   -7.875000e+001 6.202202e+001 1.505104e+001
    endloop
  endfacet
  facet normal -1.000000e+000 0.000000e+000 -0.000000e+000
    outer loop
      vertex   -7.875000e+001 6.214076e+001 1.545895e+001
      vertex   -7.875000e+001 6.373174e+001 1.474115e+001
      vertex   -7.875000e+001 6.362209e+001 1.437272e+001
    endloop
  endfacet
  facet normal -1.000000e+000 0.000000e+000 0.000000e+000
    outer loop
      vertex   -7.875000e+001 6.214076e+001 1.545895e+001
      vertex   -7.875000e+001 6.228034e+001 1.586020e+001
      vertex   -7.875000e+001 6.373174e+001 1.474115e+001
    endloop
  endfacet
  facet normal -1.000000e+000 0.000000e+000 0.000000e+000
    outer loop
      vertex   -7.875000e+001 6.373174e+001 1.474115e+001
      vertex   -7.875000e+001 6.228034e+001 1.586020e+001
      vertex   -7.875000e+001 6.386266e+001 1.510257e+001
    endloop
  endfacet
  facet normal -1.000000e+000 0.000000e+000 0.000000e+000
    outer loop
      vertex   -7.875000e+001 6.386266e+001 1.510257e+001
      vertex   -7.875000e+001 6.228034e+001 1.586020e+001
      vertex   -7.875000e+001 6.244039e+001 1.625374e+001
    endloop
  endfacet
  facet normal -1.000000e+000 0.000000e+000 0.000000e+000
    outer loop
      vertex   -7.875000e+001 6.401440e+001 1.545575e+001
      vertex   -7.875000e+001 6.244039e+001 1.625374e+001
      vertex   -7.875000e+001 6.262048e+001 1.663852e+001
    endloop
  endfacet
  facet normal -1.000000e+000 0.000000e+000 0.000000e+000
    outer loop
      vertex   -7.875000e+001 6.418644e+001 1.579951e+001
      vertex   -7.875000e+001 6.262048e+001 1.663852e+001
      vertex   -7.875000e+001 6.282015e+001 1.701352e+001
    endloop
  endfacet
  facet normal -1.000000e+000 -0.000000e+000 -0.000000e+000
    outer loop
      vertex   -7.875000e+001 6.303885e+001 1.737774e+001
      vertex   -7.875000e+001 6.418644e+001 1.579951e+001
      vertex   -7.875000e+001 6.282015e+001 1.701352e+001
    endloop
  endfacet
  facet normal -1.000000e+000 0.000000e+000 -0.000000e+000
    outer loop
      vertex   -7.875000e+001 6.303885e+001 1.737774e+001
      vertex   -7.875000e+001 6.437820e+001 1.613266e+001
      vertex   -7.875000e+001 6.418644e+001 1.579951e+001
    endloop
  endfacet
  facet normal -1.000000e+000 0.000000e+000 0.000000e+000
    outer loop
      vertex   -7.875000e+001 6.303885e+001 1.737774e+001
      vertex   -7.875000e+001 6.327602e+001 1.773022e+001
      vertex   -7.875000e+001 6.437820e+001 1.613266e+001
    endloop
  endfacet
  facet normal -1.000000e+000 0.000000e+000 0.000000e+000
    outer loop
      vertex   -7.875000e+001 6.437820e+001 1.613266e+001
      vertex   -7.875000e+001 6.327602e+001 1.773022e+001
      vertex   -7.875000e+001 6.458904e+001 1.645408e+001
    endloop
  endfacet
  facet normal -1.000000e+000 0.000000e+000 0.000000e+000
    outer loop
      vertex   -7.875000e+001 6.458904e+001 1.645408e+001
      vertex   -7.875000e+001 6.327602e+001 1.773022e+001
      vertex   -7.875000e+001 6.353101e+001 1.807003e+001
    endloop
  endfacet
  facet normal -1.000000e+000 0.000000e+000 0.000000e+000
    outer loop
      vertex   -7.875000e+001 6.481822e+001 1.676269e+001
      vertex   -7.875000e+001 6.353101e+001 1.807003e+001
      vertex   -7.875000e+001 6.380316e+001 1.839625e+001
    endloop
  endfacet
  facet normal -1.000000e+000 0.000000e+000 0.000000e+000
    outer loop
      vertex   -7.875000e+001 6.506499e+001 1.705743e+001
      vertex   -7.875000e+001 6.380316e+001 1.839625e+001
      vertex   -7.875000e+001 6.409174e+001 1.870804e+001
    endloop
  endfacet
  facet normal -1.000000e+000 0.000000e+000 0.000000e+000
    outer loop
      vertex   -7.875000e+001 6.532849e+001 1.733730e+001
      vertex   -7.875000e+001 6.409174e+001 1.870804e+001
      vertex   -7.875000e+001 6.439599e+001 1.900455e+001
    endloop
  endfacet
  facet normal -1.000000e+000 0.000000e+000 0.000000e+000
    outer loop
      vertex   -7.875000e+001 6.560785e+001 1.760136e+001
      vertex   -7.875000e+001 6.439599e+001 1.900455e+001
      vertex   -7.875000e+001 6.471511e+001 1.928501e+001
    endloop
  endfacet
  facet normal -1.000000e+000 -0.000000e+000 -0.000000e+000
    outer loop
      vertex   -7.875000e+001 6.504823e+001 1.954867e+001
      vertex   -7.875000e+001 6.560785e+001 1.760136e+001
      vertex   -7.875000e+001 6.471511e+001 1.928501e+001
    endloop
  endfacet
  facet normal -1.000000e+000 0.000000e+000 -0.000000e+000
    outer loop
      vertex   -7.875000e+001 6.504823e+001 1.954867e+001
      vertex   -7.875000e+001 6.590210e+001 1.784870e+001
      vertex   -7.875000e+001 6.560785e+001 1.760136e+001
    endloop
  endfacet
  facet normal -1.000000e+000 0.000000e+000 0.000000e+000
    outer loop
      vertex   -7.875000e+001 6.504823e+001 1.954867e+001
      vertex   -7.875000e+001 6.539449e+001 1.979484e+001
      vertex   -7.875000e+001 6.590210e+001 1.784870e+001
    endloop
  endfacet
  facet normal -1.000000e+000 0.000000e+000 0.000000e+000
    outer loop
      vertex   -7.875000e+001 6.590210e+001 1.784870e+001
      vertex   -7.875000e+001 6.539449e+001 1.979484e+001
      vertex   -7.875000e+001 6.621025e+001 1.807850e+001
    endloop
  endfacet
  facet normal -1.000000e+000 0.000000e+000 0.000000e+000
    outer loop
      vertex   -7.875000e+001 6.621025e+001 1.807850e+001
      vertex   -7.875000e+001 6.539449e+001 1.979484e+001
      vertex   -7.875000e+001 6.575296e+001 2.002285e+001
    endloop
  endfacet
  facet normal -1.000000e+000 0.000000e+000 0.000000e+000
    outer loop
      vertex   -7.875000e+001 6.653126e+001 1.828996e+001
      vertex   -7.875000e+001 6.575296e+001 2.002285e+001
      vertex   -7.875000e+001 6.612269e+001 2.023210e+001
    endloop
  endfacet
  facet normal -1.000000e+000 0.000000e+000 0.000000e+000
    outer loop
      vertex   -7.875000e+001 6.686403e+001 1.848238e+001
      vertex   -7.875000e+001 6.612269e+001 2.023210e+001
      vertex   -7.875000e+001 6.650271e+001 2.042204e+001
    endloop
  endfacet
  facet normal -1.000000e+000 0.000000e+000 0.000000e+000
    outer loop
      vertex   -7.875000e+001 6.720744e+001 1.865510e+001
      vertex   -7.875000e+001 6.650271e+001 2.042204e+001
      vertex   -7.875000e+001 6.689199e+001 2.059217e+001
    endloop
  endfacet
  facet normal -1.000000e+000 0.000000e+000 0.000000e+000
    outer loop
      vertex   -7.875000e+001 6.756033e+001 1.880754e+001
      vertex   -7.875000e+001 6.689199e+001 2.059217e+001
      vertex   -7.875000e+001 6.728953e+001 2.074204e+001
    endloop
  endfacet
  facet normal -1.000000e+000 0.000000e+000 0.000000e+000
    outer loop
      vertex   -7.875000e+001 6.792149e+001 1.893917e+001
      vertex   -7.875000e+001 6.728953e+001 2.074204e+001
      vertex   -7.875000e+001 6.769424e+001 2.087124e+001
    endloop
  endfacet
  facet normal -1.000000e+000 0.000000e+000 0.000000e+000
    outer loop
      vertex   -7.875000e+001 6.828970e+001 1.904955e+001
      vertex   -7.875000e+001 6.769424e+001 2.087124e+001
      vertex   -7.875000e+001 6.810508e+001 2.097943e+001
    endloop
  endfacet
  facet normal -1.000000e+000 0.000000e+000 0.000000e+000
    outer loop
      vertex   -7.875000e+001 6.866371e+001 1.913831e+001
      vertex   -7.875000e+001 6.810508e+001 2.097943e+001
      vertex   -7.875000e+001 6.852093e+001 2.106633e+001
    endloop
  endfacet
  facet normal -1.000000e+000 0.000000e+000 0.000000e+000
    outer loop
      vertex   -7.875000e+001 6.904226e+001 1.920514e+001
      vertex   -7.875000e+001 6.852093e+001 2.106633e+001
      vertex   -7.875000e+001 6.894071e+001 2.113171e+001
    endloop
  endfacet
  facet normal -1.000000e+000 0.000000e+000 0.000000e+000
    outer loop
      vertex   -7.875000e+001 6.942405e+001 1.924982e+001
      vertex   -7.875000e+001 6.894071e+001 2.113171e+001
      vertex   -7.875000e+001 6.936330e+001 2.117539e+001
    endloop
  endfacet
  facet normal -1.000000e+000 0.000000e+000 0.000000e+000
    outer loop
      vertex   -7.875000e+001 6.980780e+001 1.927220e+001
      vertex   -7.875000e+001 6.936330e+001 2.117539e+001
      vertex   -7.875000e+001 6.978758e+001 2.119726e+001
    endloop
  endfacet
  facet normal -1.000000e+000 -0.000000e+000 0.000000e+000
    outer loop
      vertex   -7.875000e+001 7.021242e+001 2.119726e+001
      vertex   -7.875000e+001 6.980780e+001 1.927220e+001
      vertex   -7.875000e+001 6.978758e+001 2.119726e+001
    endloop
  endfacet
  facet normal -1.000000e+000 -0.000000e+000 0.000000e+000
    outer loop
      vertex   -7.875000e+001 7.021242e+001 2.119726e+001
      vertex   -7.875000e+001 7.019220e+001 1.927220e+001
      vertex   -7.875000e+001 6.980780e+001 1.927220e+001
    endloop
  endfacet
  facet normal -1.000000e+000 0.000000e+000 -0.000000e+000
    outer loop
      vertex   -7.875000e+001 7.021242e+001 2.119726e+001
      vertex   -7.875000e+001 7.063670e+001 2.117539e+001
      vertex   -7.875000e+001 7.019220e+001 1.927220e+001
    endloop
  endfacet
  facet normal -1.000000e+000 0.000000e+000 -0.000000e+000
    outer loop
      vertex   -7.875000e+001 7.019220e+001 1.927220e+001
      vertex   -7.875000e+001 7.063670e+001 2.117539e+001
      vertex   -7.875000e+001 7.057595e+001 1.924982e+001
    endloop
  endfacet
  facet normal -1.000000e+000 0.000000e+000 0.000000e+000
    outer loop
      vertex   -7.875000e+001 7.057595e+001 1.924982e+001
      vertex   -7.875000e+001 7.063670e+001 2.117539e+001
      vertex   -7.875000e+001 7.105929e+001 2.113171e+001
    endloop
  endfacet
  facet normal -1.000000e+000 0.000000e+000 0.000000e+000
    outer loop
      vertex   -7.875000e+001 7.095774e+001 1.920514e+001
      vertex   -7.875000e+001 7.105929e+001 2.113171e+001
      vertex   -7.875000e+001 7.147907e+001 2.106633e+001
    endloop
  endfacet
  facet normal -1.000000e+000 0.000000e+000 0.000000e+000
    outer loop
      vertex   -7.875000e+001 7.133629e+001 1.913831e+001
      vertex   -7.875000e+001 7.147907e+001 2.106633e+001
      vertex   -7.875000e+001 7.189492e+001 2.097943e+001
    endloop
  endfacet
  facet normal -1.000000e+000 0.000000e+000 0.000000e+000
    outer loop
      vertex   -7.875000e+001 7.171030e+001 1.904955e+001
      vertex   -7.875000e+001 7.189492e+001 2.097943e+001
      vertex   -7.875000e+001 7.230576e+001 2.087124e+001
    endloop
  endfacet
  facet normal -1.000000e+000 0.000000e+000 0.000000e+000
    outer loop
      vertex   -7.875000e+001 7.207851e+001 1.893917e+001
      vertex   -7.875000e+001 7.230576e+001 2.087124e+001
      vertex   -7.875000e+001 7.271047e+001 2.074204e+001
    endloop
  endfacet
  facet normal -1.000000e+000 0.000000e+000 0.000000e+000
    outer loop
      vertex   -7.875000e+001 7.243967e+001 1.880754e+001
      vertex   -7.875000e+001 7.271047e+001 2.074204e+001
      vertex   -7.875000e+001 7.310801e+001 2.059217e+001
    endloop
  endfacet
  facet normal -1.000000e+000 0.000000e+000 0.000000e+000
    outer loop
      vertex   -7.875000e+001 7.279256e+001 1.865510e+001
      vertex   -7.875000e+001 7.310801e+001 2.059217e+001
      vertex   -7.875000e+001 7.349729e+001 2.042204e+001
    endloop
  endfacet
  facet normal -1.000000e+000 0.000000e+000 0.000000e+000
    outer loop
      vertex   -7.875000e+001 7.313597e+001 1.848238e+001
      vertex   -7.875000e+001 7.349729e+001 2.042204e+001
      vertex   -7.875000e+001 7.387731e+001 2.023210e+001
    endloop
  endfacet
  facet normal -1.000000e+000 0.000000e+000 0.000000e+000
    outer loop
      vertex   -7.875000e+001 7.346874e+001 1.828996e+001
      vertex   -7.875000e+001 7.387731e+001 2.023210e+001
      vertex   -7.875000e+001 7.424704e+001 2.002285e+001
    endloop
  endfacet
  facet normal -1.000000e+000 0.000000e+000 0.000000e+000
    outer loop
      vertex   -7.875000e+001 7.378975e+001 1.807850e+001
      vertex   -7.875000e+001 7.424704e+001 2.002285e+001
      vertex   -7.875000e+001 7.460551e+001 1.979484e+001
    endloop
  endfacet
  facet normal -1.000000e+000 0.000000e+000 0.000000e+000
    outer loop
      vertex   -7.875000e+001 7.409790e+001 1.784870e+001
      vertex   -7.875000e+001 7.460551e+001 1.979484e+001
      vertex   -7.875000e+001 7.495177e+001 1.954867e+001
    endloop
  endfacet
  facet normal -1.000000e+000 0.000000e+000 0.000000e+000
    outer loop
      vertex   -7.875000e+001 7.439215e+001 1.760136e+001
      vertex   -7.875000e+001 7.495177e+001 1.954867e+001
      vertex   -7.875000e+001 7.528489e+001 1.928501e+001
    endloop
  endfacet
  facet normal -1.000000e+000 -0.000000e+000 0.000000e+000
    outer loop
      vertex   -7.875000e+001 7.560401e+001 1.900455e+001
      vertex   -7.875000e+001 7.439215e+001 1.760136e+001
      vertex   -7.875000e+001 7.528489e+001 1.928501e+001
    endloop
  endfacet
  facet normal -1.000000e+000 -0.000000e+000 0.000000e+000
    outer loop
      vertex   -7.875000e+001 7.560401e+001 1.900455e+001
      vertex   -7.875000e+001 7.467151e+001 1.733730e+001
      vertex   -7.875000e+001 7.439215e+001 1.760136e+001
    endloop
  endfacet
  facet normal -1.000000e+000 0.000000e+000 -0.000000e+000
    outer loop
      vertex   -7.875000e+001 7.560401e+001 1.900455e+001
      vertex   -7.875000e+001 7.590826e+001 1.870804e+001
      vertex   -7.875000e+001 7.467151e+001 1.733730e+001
    endloop
  endfacet
  facet normal -1.000000e+000 0.000000e+000 -0.000000e+000
    outer loop
      vertex   -7.875000e+001 7.467151e+001 1.733730e+001
      vertex   -7.875000e+001 7.590826e+001 1.870804e+001
      vertex   -7.875000e+001 7.493501e+001 1.705743e+001
    endloop
  endfacet
  facet normal -1.000000e+000 0.000000e+000 0.000000e+000
    outer loop
      vertex   -7.875000e+001 7.493501e+001 1.705743e+001
      vertex   -7.875000e+001 7.590826e+001 1.870804e+001
      vertex   -7.875000e+001 7.619684e+001 1.839625e+001
    endloop
  endfacet
  facet normal -1.000000e+000 0.000000e+000 0.000000e+000
    outer loop
      vertex   -7.875000e+001 7.518178e+001 1.676269e+001
      vertex   -7.875000e+001 7.619684e+001 1.839625e+001
      vertex   -7.875000e+001 7.646899e+001 1.807003e+001
    endloop
  endfacet
  facet normal -1.000000e+000 0.000000e+000 0.000000e+000
    outer loop
      vertex   -7.875000e+001 7.541096e+001 1.645408e+001
      vertex   -7.875000e+001 7.646899e+001 1.807003e+001
      vertex   -7.875000e+001 7.672398e+001 1.773022e+001
    endloop
  endfacet
  facet normal -1.000000e+000 0.000000e+000 0.000000e+000
    outer loop
      vertex   -7.875000e+001 7.562180e+001 1.613266e+001
      vertex   -7.875000e+001 7.672398e+001 1.773022e+001
      vertex   -7.875000e+001 7.696115e+001 1.737774e+001
    endloop
  endfacet
  facet normal -1.000000e+000 0.000000e+000 0.000000e+000
    outer loop
      vertex   -7.875000e+001 7.581356e+001 1.579951e+001
      vertex   -7.875000e+001 7.696115e+001 1.737774e+001
      vertex   -7.875000e+001 7.717985e+001 1.701352e+001
    endloop
  endfacet
  facet normal -1.000000e+000 -0.000000e+000 0.000000e+000
    outer loop
      vertex   -7.875000e+001 7.737952e+001 1.663852e+001
      vertex   -7.875000e+001 7.581356e+001 1.579951e+001
      vertex   -7.875000e+001 7.717985e+001 1.701352e+001
    endloop
  endfacet
  facet normal -1.000000e+000 -0.000000e+000 0.000000e+000
    outer loop
      vertex   -7.875000e+001 7.737952e+001 1.663852e+001
      vertex   -7.875000e+001 7.598560e+001 1.545575e+001
      vertex   -7.875000e+001 7.581356e+001 1.579951e+001
    endloop
  endfacet
  facet normal -1.000000e+000 0.000000e+000 -0.000000e+000
    outer loop
      vertex   -7.875000e+001 7.737952e+001 1.663852e+001
      vertex   -7.875000e+001 7.755961e+001 1.625374e+001
      vertex   -7.875000e+001 7.598560e+001 1.545575e+001
    endloop
  endfacet
  facet normal -1.000000e+000 0.000000e+000 -0.000000e+000
    outer loop
      vertex   -7.875000e+001 7.598560e+001 1.545575e+001
      vertex   -7.875000e+001 7.755961e+001 1.625374e+001
      vertex   -7.875000e+001 7.613734e+001 1.510257e+001
    endloop
  endfacet
  facet normal -1.000000e+000 0.000000e+000 0.000000e+000
    outer loop
      vertex   -7.875000e+001 7.613734e+001 1.510257e+001
      vertex   -7.875000e+001 7.755961e+001 1.625374e+001
      vertex   -7.875000e+001 7.771966e+001 1.586020e+001
    endloop
  endfacet
  facet normal -1.000000e+000 0.000000e+000 0.000000e+000
    outer loop
      vertex   -7.875000e+001 7.626826e+001 1.474115e+001
      vertex   -7.875000e+001 7.771966e+001 1.586020e+001
      vertex   -7.875000e+001 7.785924e+001 1.545895e+001
    endloop
  endfacet
  facet normal -1.000000e+000 0.000000e+000 0.000000e+000
    outer loop
      vertex   -7.875000e+001 7.637791e+001 1.437272e+001
      vertex   -7.875000e+001 7.785924e+001 1.545895e+001
      vertex   -7.875000e+001 7.797798e+001 1.505104e+001
    endloop
  endfacet
  facet normal -1.000000e+000 -0.000000e+000 0.000000e+000
    outer loop
      vertex   -7.875000e+001 7.807556e+001 1.463755e+001
      vertex   -7.875000e+001 7.637791e+001 1.437272e+001
      vertex   -7.875000e+001 7.797798e+001 1.505104e+001
    endloop
  endfacet
  facet normal -1.000000e+000 -0.000000e+000 0.000000e+000
    outer loop
      vertex   -7.875000e+001 7.807556e+001 1.463755e+001
      vertex   -7.875000e+001 7.646593e+001 1.399853e+001
      vertex   -7.875000e+001 7.637791e+001 1.437272e+001
    endloop
  endfacet
  facet normal -1.000000e+000 0.000000e+000 -0.000000e+000
    outer loop
      vertex   -7.875000e+001 7.807556e+001 1.463755e+001
      vertex   -7.875000e+001 7.815173e+001 1.421960e+001
      vertex   -7.875000e+001 7.646593e+001 1.399853e+001
    endloop
  endfacet
  facet normal -1.000000e+000 0.000000e+000 -0.000000e+000
    outer loop
      vertex   -7.875000e+001 7.646593e+001 1.399853e+001
      vertex   -7.875000e+001 7.815173e+001 1.421960e+001
      vertex   -7.875000e+001 7.653202e+001 1.361986e+001
    endloop
  endfacet
  facet normal -1.000000e+000 0.000000e+000 0.000000e+000
    outer loop
      vertex   -7.875000e+001 7.653202e+001 1.361986e+001
      vertex   -7.875000e+001 7.815173e+001 1.421960e+001
      vertex   -7.875000e+001 7.820627e+001 1.379827e+001
    endloop
  endfacet
  facet normal -1.000000e+000 0.000000e+000 0.000000e+000
    outer loop
      vertex   -7.875000e+001 7.657595e+001 1.323798e+001
      vertex   -7.875000e+001 7.820627e+001 1.379827e+001
      vertex   -7.875000e+001 7.823906e+001 1.337470e+001
    endloop
  endfacet
  facet normal -1.000000e+000 0.000000e+000 0.000000e+000
    outer loop
      vertex   -7.875000e+001 7.825000e+001 1.295000e+001
      vertex   -7.875000e+001 7.657595e+001 1.323798e+001
      vertex   -7.875000e+001 7.823906e+001 1.337470e+001
    endloop
  endfacet
  facet normal -1.000000e+000 -0.000000e+000 0.000000e+000
    outer loop
      vertex   -7.875000e+001 7.825000e+001 1.295000e+001
      vertex   -7.875000e+001 7.659757e+001 1.285418e+001
      vertex   -7.875000e+001 7.657595e+001 1.323798e+001
    endloop
  endfacet
  facet normal -1.000000e+000 -0.000000e+000 0.000000e+000
    outer loop
      vertex   -7.875000e+001 7.825000e+001 1.295000e+001
      vertex   -7.875000e+001 7.659681e+001 1.246978e+001
      vertex   -7.875000e+001 7.659757e+001 1.285418e+001
    endloop
  endfacet
  facet normal -1.000000e+000 -0.000000e+000 0.000000e+000
    outer loop
      vertex   -7.875000e+001 7.825000e+001 1.295000e+001
      vertex   -7.875000e+001 7.657367e+001 1.208608e+001
      vertex   -7.875000e+001 7.659681e+001 1.246978e+001
    endloop
  endfacet
  facet normal -1.000000e+000 -0.000000e+000 0.000000e+000
    outer loop
      vertex   -7.875000e+001 7.825000e+001 1.295000e+001
      vertex   -7.875000e+001 7.652824e+001 1.170437e+001
      vertex   -7.875000e+001 7.657367e+001 1.208608e+001
    endloop
  endfacet
  facet normal -1.000000e+000 -0.000000e+000 0.000000e+000
    outer loop
      vertex   -7.875000e+001 7.825000e+001 1.295000e+001
      vertex   -7.875000e+001 7.646066e+001 1.132596e+001
      vertex   -7.875000e+001 7.652824e+001 1.170437e+001
    endloop
  endfacet
  facet normal -1.000000e+000 -0.000000e+000 0.000000e+000
    outer loop
      vertex   -7.875000e+001 7.825000e+001 1.295000e+001
      vertex   -7.875000e+001 7.637116e+001 1.095212e+001
      vertex   -7.875000e+001 7.646066e+001 1.132596e+001
    endloop
  endfacet
  facet normal -1.000000e+000 -0.000000e+000 0.000000e+000
    outer loop
      vertex   -7.875000e+001 7.825000e+001 1.295000e+001
      vertex   -7.875000e+001 7.626005e+001 1.058413e+001
      vertex   -7.875000e+001 7.637116e+001 1.095212e+001
    endloop
  endfacet
  facet normal -1.000000e+000 -0.000000e+000 0.000000e+000
    outer loop
      vertex   -7.875000e+001 7.825000e+001 1.295000e+001
      vertex   -7.875000e+001 7.612771e+001 1.022323e+001
      vertex   -7.875000e+001 7.626005e+001 1.058413e+001
    endloop
  endfacet
  facet normal -1.000000e+000 1.443355e-015 -1.123388e-015
    outer loop
      vertex   -7.875000e+001 7.825000e+001 1.295000e+001
      vertex   -7.875000e+001 7.825000e+001 3.000000e-001
      vertex   -7.875000e+001 7.612771e+001 1.022323e+001
    endloop
  endfacet
  facet normal -1.000000e+000 2.209390e-015 -9.595553e-016
    outer loop
      vertex   -7.875000e+001 7.612771e+001 1.022323e+001
      vertex   -7.875000e+001 7.825000e+001 3.000000e-001
      vertex   -7.875000e+001 7.597458e+001 9.870648e+000
    endloop
  endfacet
  facet normal -1.000000e+000 1.997963e-015 -1.009822e-015
    outer loop
      vertex   -7.875000e+001 7.597458e+001 9.870648e+000
      vertex   -7.875000e+001 7.825000e+001 3.000000e-001
      vertex   -7.875000e+001 7.580118e+001 9.527578e+000
    endloop
  endfacet
  facet normal -1.000000e+000 1.819857e-015 -1.057088e-015
    outer loop
      vertex   -7.875000e+001 7.580118e+001 9.527578e+000
      vertex   -7.875000e+001 7.825000e+001 3.000000e-001
      vertex   -7.875000e+001 7.560811e+001 9.195184e+000
    endloop
  endfacet
  facet normal -1.000000e+000 1.666599e-015 -1.102606e-015
    outer loop
      vertex   -7.875000e+001 7.560811e+001 9.195184e+000
      vertex   -7.875000e+001 7.825000e+001 3.000000e-001
      vertex   -7.875000e+001 7.539601e+001 8.874595e+000
    endloop
  endfacet
  facet normal -1.000000e+000 1.532230e-015 -1.147329e-015
    outer loop
      vertex   -7.875000e+001 7.539601e+001 8.874595e+000
      vertex   -7.875000e+001 7.825000e+001 3.000000e-001
      vertex   -7.875000e+001 7.516561e+001 8.566897e+000
    endloop
  endfacet
  facet normal -1.000000e+000 1.412415e-015 -1.192033e-015
    outer loop
      vertex   -7.875000e+001 7.516561e+001 8.566897e+000
      vertex   -7.875000e+001 7.825000e+001 3.000000e-001
      vertex   -7.875000e+001 7.491768e+001 8.273134e+000
    endloop
  endfacet
  facet normal -1.000000e+000 1.303897e-015 -1.237387e-015
    outer loop
      vertex   -7.875000e+001 7.491768e+001 8.273134e+000
      vertex   -7.875000e+001 7.825000e+001 3.000000e-001
      vertex   -7.875000e+001 7.465307e+001 7.994304e+000
    endloop
  endfacet
  facet normal -1.000000e+000 1.204155e-015 -1.284015e-015
    outer loop
      vertex   -7.875000e+001 7.465307e+001 7.994304e+000
      vertex   -7.875000e+001 7.825000e+001 3.000000e-001
      vertex   -7.875000e+001 7.437268e+001 7.731351e+000
    endloop
  endfacet
  facet normal -1.000000e+000 1.111173e-015 -1.332528e-015
    outer loop
      vertex   -7.875000e+001 7.437268e+001 7.731351e+000
      vertex   -7.875000e+001 7.825000e+001 3.000000e-001
      vertex   -7.875000e+001 7.407746e+001 7.485169e+000
    endloop
  endfacet
  facet normal -1.000000e+000 1.023285e-015 -1.383566e-015
    outer loop
      vertex   -7.875000e+001 7.407746e+001 7.485169e+000
      vertex   -7.875000e+001 7.825000e+001 3.000000e-001
      vertex   -7.875000e+001 7.376840e+001 7.256590e+000
    endloop
  endfacet
  facet normal -1.000000e+000 9.390627e-016 -1.437824e-015
    outer loop
      vertex   -7.875000e+001 7.376840e+001 7.256590e+000
      vertex   -7.875000e+001 7.825000e+001 3.000000e-001
      vertex   -7.875000e+001 7.344656e+001 7.046393e+000
    endloop
  endfacet
  facet normal -1.000000e+000 8.572230e-016 -1.496094e-015
    outer loop
      vertex   -7.875000e+001 7.344656e+001 7.046393e+000
      vertex   -7.875000e+001 7.825000e+001 3.000000e-001
      vertex   -7.875000e+001 7.311303e+001 6.855288e+000
    endloop
  endfacet
  facet normal -1.000000e+000 7.765597e-016 -1.559305e-015
    outer loop
      vertex   -7.875000e+001 7.311303e+001 6.855288e+000
      vertex   -7.875000e+001 7.825000e+001 3.000000e-001
      vertex   -7.875000e+001 7.276894e+001 6.683925e+000
    endloop
  endfacet
  facet normal -1.000000e+000 6.958756e-016 -1.628578e-015
    outer loop
      vertex   -7.875000e+001 7.276894e+001 6.683925e+000
      vertex   -7.875000e+001 7.825000e+001 3.000000e-001
      vertex   -7.875000e+001 7.241546e+001 6.532885e+000
    endloop
  endfacet
  facet normal -1.000000e+000 1.132857e-015 -1.219524e-015
    outer loop
      vertex   -7.875000e+001 7.241546e+001 6.532885e+000
      vertex   -7.875000e+001 7.825000e+001 3.000000e-001
      vertex   -7.875000e+001 7.055000e+001 4.800000e+000
    endloop
  endfacet
  facet normal -1.000000e+000 -0.000000e+000 0.000000e+000
    outer loop
      vertex   -7.875000e+001 7.205378e+001 6.402680e+000
      vertex   -7.875000e+001 7.055000e+001 4.800000e+000
      vertex   -7.875000e+001 7.168513e+001 6.293752e+000
    endloop
  endfacet
  facet normal -1.000000e+000 0.000000e+000 -0.000000e+000
    outer loop
      vertex   -7.875000e+001 7.205378e+001 6.402680e+000
      vertex   -7.875000e+001 7.241546e+001 6.532885e+000
      vertex   -7.875000e+001 7.055000e+001 4.800000e+000
    endloop
  endfacet
  facet normal -1.000000e+000 0.000000e+000 0.000000e+000
    outer loop
      vertex   -7.875000e+001 6.342405e+001 1.323798e+001
      vertex   -7.875000e+001 6.179373e+001 1.379827e+001
      vertex   -7.875000e+001 6.346798e+001 1.361986e+001
    endloop
  endfacet
  facet normal -1.000000e+000 0.000000e+000 0.000000e+000
    outer loop
      vertex   -7.875000e+001 6.346798e+001 1.361986e+001
      vertex   -7.875000e+001 6.184827e+001 1.421960e+001
      vertex   -7.875000e+001 6.353407e+001 1.399853e+001
    endloop
  endfacet
  facet normal -1.000000e+000 0.000000e+000 0.000000e+000
    outer loop
      vertex   -7.875000e+001 6.353407e+001 1.399853e+001
      vertex   -7.875000e+001 6.192444e+001 1.463755e+001
      vertex   -7.875000e+001 6.362209e+001 1.437272e+001
    endloop
  endfacet
  facet normal -1.000000e+000 0.000000e+000 0.000000e+000
    outer loop
      vertex   -7.875000e+001 6.386266e+001 1.510257e+001
      vertex   -7.875000e+001 6.244039e+001 1.625374e+001
      vertex   -7.875000e+001 6.401440e+001 1.545575e+001
    endloop
  endfacet
  facet normal -1.000000e+000 0.000000e+000 0.000000e+000
    outer loop
      vertex   -7.875000e+001 6.401440e+001 1.545575e+001
      vertex   -7.875000e+001 6.262048e+001 1.663852e+001
      vertex   -7.875000e+001 6.418644e+001 1.579951e+001
    endloop
  endfacet
  facet normal -1.000000e+000 0.000000e+000 0.000000e+000
    outer loop
      vertex   -7.875000e+001 6.458904e+001 1.645408e+001
      vertex   -7.875000e+001 6.353101e+001 1.807003e+001
      vertex   -7.875000e+001 6.481822e+001 1.676269e+001
    endloop
  endfacet
  facet normal -1.000000e+000 0.000000e+000 0.000000e+000
    outer loop
      vertex   -7.875000e+001 6.481822e+001 1.676269e+001
      vertex   -7.875000e+001 6.380316e+001 1.839625e+001
      vertex   -7.875000e+001 6.506499e+001 1.705743e+001
    endloop
  endfacet
  facet normal -1.000000e+000 0.000000e+000 0.000000e+000
    outer loop
      vertex   -7.875000e+001 6.506499e+001 1.705743e+001
      vertex   -7.875000e+001 6.409174e+001 1.870804e+001
      vertex   -7.875000e+001 6.532849e+001 1.733730e+001
    endloop
  endfacet
  facet normal -1.000000e+000 0.000000e+000 0.000000e+000
    outer loop
      vertex   -7.875000e+001 6.532849e+001 1.733730e+001
      vertex   -7.875000e+001 6.439599e+001 1.900455e+001
      vertex   -7.875000e+001 6.560785e+001 1.760136e+001
    endloop
  endfacet
  facet normal -1.000000e+000 0.000000e+000 0.000000e+000
    outer loop
      vertex   -7.875000e+001 6.621025e+001 1.807850e+001
      vertex   -7.875000e+001 6.575296e+001 2.002285e+001
      vertex   -7.875000e+001 6.653126e+001 1.828996e+001
    endloop
  endfacet
  facet normal -1.000000e+000 0.000000e+000 0.000000e+000
    outer loop
      vertex   -7.875000e+001 6.653126e+001 1.828996e+001
      vertex   -7.875000e+001 6.612269e+001 2.023210e+001
      vertex   -7.875000e+001 6.686403e+001 1.848238e+001
    endloop
  endfacet
  facet normal -1.000000e+000 0.000000e+000 0.000000e+000
    outer loop
      vertex   -7.875000e+001 6.686403e+001 1.848238e+001
      vertex   -7.875000e+001 6.650271e+001 2.042204e+001
      vertex   -7.875000e+001 6.720744e+001 1.865510e+001
    endloop
  endfacet
  facet normal -1.000000e+000 0.000000e+000 0.000000e+000
    outer loop
      vertex   -7.875000e+001 6.720744e+001 1.865510e+001
      vertex   -7.875000e+001 6.689199e+001 2.059217e+001
      vertex   -7.875000e+001 6.756033e+001 1.880754e+001
    endloop
  endfacet
  facet normal -1.000000e+000 0.000000e+000 0.000000e+000
    outer loop
      vertex   -7.875000e+001 6.756033e+001 1.880754e+001
      vertex   -7.875000e+001 6.728953e+001 2.074204e+001
      vertex   -7.875000e+001 6.792149e+001 1.893917e+001
    endloop
  endfacet
  facet normal -1.000000e+000 0.000000e+000 0.000000e+000
    outer loop
      vertex   -7.875000e+001 6.792149e+001 1.893917e+001
      vertex   -7.875000e+001 6.769424e+001 2.087124e+001
      vertex   -7.875000e+001 6.828970e+001 1.904955e+001
    endloop
  endfacet
  facet normal -1.000000e+000 0.000000e+000 0.000000e+000
    outer loop
      vertex   -7.875000e+001 6.828970e+001 1.904955e+001
      vertex   -7.875000e+001 6.810508e+001 2.097943e+001
      vertex   -7.875000e+001 6.866371e+001 1.913831e+001
    endloop
  endfacet
  facet normal -1.000000e+000 0.000000e+000 0.000000e+000
    outer loop
      vertex   -7.875000e+001 6.866371e+001 1.913831e+001
      vertex   -7.875000e+001 6.852093e+001 2.106633e+001
      vertex   -7.875000e+001 6.904226e+001 1.920514e+001
    endloop
  endfacet
  facet normal -1.000000e+000 0.000000e+000 0.000000e+000
    outer loop
      vertex   -7.875000e+001 6.904226e+001 1.920514e+001
      vertex   -7.875000e+001 6.894071e+001 2.113171e+001
      vertex   -7.875000e+001 6.942405e+001 1.924982e+001
    endloop
  endfacet
  facet normal -1.000000e+000 0.000000e+000 0.000000e+000
    outer loop
      vertex   -7.875000e+001 6.942405e+001 1.924982e+001
      vertex   -7.875000e+001 6.936330e+001 2.117539e+001
      vertex   -7.875000e+001 6.980780e+001 1.927220e+001
    endloop
  endfacet
  facet normal -1.000000e+000 0.000000e+000 -0.000000e+000
    outer loop
      vertex   -7.875000e+001 7.057595e+001 1.924982e+001
      vertex   -7.875000e+001 7.105929e+001 2.113171e+001
      vertex   -7.875000e+001 7.095774e+001 1.920514e+001
    endloop
  endfacet
  facet normal -1.000000e+000 0.000000e+000 -0.000000e+000
    outer loop
      vertex   -7.875000e+001 7.095774e+001 1.920514e+001
      vertex   -7.875000e+001 7.147907e+001 2.106633e+001
      vertex   -7.875000e+001 7.133629e+001 1.913831e+001
    endloop
  endfacet
  facet normal -1.000000e+000 0.000000e+000 -0.000000e+000
    outer loop
      vertex   -7.875000e+001 7.133629e+001 1.913831e+001
      vertex   -7.875000e+001 7.189492e+001 2.097943e+001
      vertex   -7.875000e+001 7.171030e+001 1.904955e+001
    endloop
  endfacet
  facet normal -1.000000e+000 0.000000e+000 -0.000000e+000
    outer loop
      vertex   -7.875000e+001 7.171030e+001 1.904955e+001
      vertex   -7.875000e+001 7.230576e+001 2.087124e+001
      vertex   -7.875000e+001 7.207851e+001 1.893917e+001
    endloop
  endfacet
  facet normal -1.000000e+000 0.000000e+000 -0.000000e+000
    outer loop
      vertex   -7.875000e+001 7.207851e+001 1.893917e+001
      vertex   -7.875000e+001 7.271047e+001 2.074204e+001
      vertex   -7.875000e+001 7.243967e+001 1.880754e+001
    endloop
  endfacet
  facet normal -1.000000e+000 0.000000e+000 -0.000000e+000
    outer loop
      vertex   -7.875000e+001 7.243967e+001 1.880754e+001
      vertex   -7.875000e+001 7.310801e+001 2.059217e+001
      vertex   -7.875000e+001 7.279256e+001 1.865510e+001
    endloop
  endfacet
  facet normal -1.000000e+000 0.000000e+000 -0.000000e+000
    outer loop
      vertex   -7.875000e+001 7.279256e+001 1.865510e+001
      vertex   -7.875000e+001 7.349729e+001 2.042204e+001
      vertex   -7.875000e+001 7.313597e+001 1.848238e+001
    endloop
  endfacet
  facet normal -1.000000e+000 0.000000e+000 -0.000000e+000
    outer loop
      vertex   -7.875000e+001 7.313597e+001 1.848238e+001
      vertex   -7.875000e+001 7.387731e+001 2.023210e+001
      vertex   -7.875000e+001 7.346874e+001 1.828996e+001
    endloop
  endfacet
  facet normal -1.000000e+000 0.000000e+000 -0.000000e+000
    outer loop
      vertex   -7.875000e+001 7.346874e+001 1.828996e+001
      vertex   -7.875000e+001 7.424704e+001 2.002285e+001
      vertex   -7.875000e+001 7.378975e+001 1.807850e+001
    endloop
  endfacet
  facet normal -1.000000e+000 0.000000e+000 -0.000000e+000
    outer loop
      vertex   -7.875000e+001 7.378975e+001 1.807850e+001
      vertex   -7.875000e+001 7.460551e+001 1.979484e+001
      vertex   -7.875000e+001 7.409790e+001 1.784870e+001
    endloop
  endfacet
  facet normal -1.000000e+000 0.000000e+000 -0.000000e+000
    outer loop
      vertex   -7.875000e+001 7.409790e+001 1.784870e+001
      vertex   -7.875000e+001 7.495177e+001 1.954867e+001
      vertex   -7.875000e+001 7.439215e+001 1.760136e+001
    endloop
  endfacet
  facet normal -1.000000e+000 0.000000e+000 -0.000000e+000
    outer loop
      vertex   -7.875000e+001 7.493501e+001 1.705743e+001
      vertex   -7.875000e+001 7.619684e+001 1.839625e+001
      vertex   -7.875000e+001 7.518178e+001 1.676269e+001
    endloop
  endfacet
  facet normal -1.000000e+000 0.000000e+000 -0.000000e+000
    outer loop
      vertex   -7.875000e+001 7.518178e+001 1.676269e+001
      vertex   -7.875000e+001 7.646899e+001 1.807003e+001
      vertex   -7.875000e+001 7.541096e+001 1.645408e+001
    endloop
  endfacet
  facet normal -1.000000e+000 0.000000e+000 -0.000000e+000
    outer loop
      vertex   -7.875000e+001 7.541096e+001 1.645408e+001
      vertex   -7.875000e+001 7.672398e+001 1.773022e+001
      vertex   -7.875000e+001 7.562180e+001 1.613266e+001
    endloop
  endfacet
  facet normal -1.000000e+000 0.000000e+000 -0.000000e+000
    outer loop
      vertex   -7.875000e+001 7.562180e+001 1.613266e+001
      vertex   -7.875000e+001 7.696115e+001 1.737774e+001
      vertex   -7.875000e+001 7.581356e+001 1.579951e+001
    endloop
  endfacet
  facet normal -1.000000e+000 0.000000e+000 -0.000000e+000
    outer loop
      vertex   -7.875000e+001 7.613734e+001 1.510257e+001
      vertex   -7.875000e+001 7.771966e+001 1.586020e+001
      vertex   -7.875000e+001 7.626826e+001 1.474115e+001
    endloop
  endfacet
  facet normal -1.000000e+000 0.000000e+000 -0.000000e+000
    outer loop
      vertex   -7.875000e+001 7.626826e+001 1.474115e+001
      vertex   -7.875000e+001 7.785924e+001 1.545895e+001
      vertex   -7.875000e+001 7.637791e+001 1.437272e+001
    endloop
  endfacet
  facet normal -1.000000e+000 0.000000e+000 -0.000000e+000
    outer loop
      vertex   -7.875000e+001 7.653202e+001 1.361986e+001
      vertex   -7.875000e+001 7.820627e+001 1.379827e+001
      vertex   -7.875000e+001 7.657595e+001 1.323798e+001
    endloop
  endfacet
  facet normal -1.000000e+000 0.000000e+000 -3.157968e-015
    outer loop
      vertex   -7.875000e+001 7.055000e+001 4.800000e+000
      vertex   -7.875000e+001 7.825000e+001 3.000000e-001
      vertex   -7.875000e+001 6.945000e+001 4.800000e+000
    endloop
  endfacet
  facet normal -1.000000e+000 -0.000000e+000 -3.157968e-015
    outer loop
      vertex   -7.875000e+001 6.945000e+001 4.800000e+000
      vertex   -7.875000e+001 7.825000e+001 3.000000e-001
      vertex   -7.875000e+001 6.175000e+001 3.000000e-001
    endloop
  endfacet
  facet normal -1.000000e+000 -6.958756e-016 -1.628578e-015
    outer loop
      vertex   -7.875000e+001 6.758454e+001 6.532885e+000
      vertex   -7.875000e+001 6.175000e+001 3.000000e-001
      vertex   -7.875000e+001 6.723106e+001 6.683925e+000
    endloop
  endfacet
  facet normal -1.000000e+000 -1.132857e-015 -1.219524e-015
    outer loop
      vertex   -7.875000e+001 6.758454e+001 6.532885e+000
      vertex   -7.875000e+001 6.945000e+001 4.800000e+000
      vertex   -7.875000e+001 6.175000e+001 3.000000e-001
    endloop
  endfacet
  facet normal -1.000000e+000 0.000000e+000 0.000000e+000
    outer loop
      vertex   -7.875000e+001 6.758454e+001 6.532885e+000
      vertex   -7.875000e+001 6.794622e+001 6.402680e+000
      vertex   -7.875000e+001 6.945000e+001 4.800000e+000
    endloop
  endfacet
  facet normal -1.000000e+000 0.000000e+000 0.000000e+000
    outer loop
      vertex   -7.875000e+001 6.945000e+001 4.800000e+000
      vertex   -7.875000e+001 6.794622e+001 6.402680e+000
      vertex   -7.875000e+001 6.831487e+001 6.293752e+000
    endloop
  endfacet
  facet normal -1.000000e+000 -0.000000e+000 -0.000000e+000
    outer loop
      vertex   -7.875000e+001 6.868923e+001 6.206471e+000
      vertex   -7.875000e+001 6.945000e+001 4.800000e+000
      vertex   -7.875000e+001 6.831487e+001 6.293752e+000
    endloop
  endfacet
  facet normal -1.000000e+000 0.000000e+000 0.000000e+000
    outer loop
      vertex   -7.875000e+001 6.868923e+001 6.206471e+000
      vertex   -7.875000e+001 6.906803e+001 6.141132e+000
      vertex   -7.875000e+001 6.945000e+001 4.800000e+000
    endloop
  endfacet
  facet normal -1.000000e+000 0.000000e+000 0.000000e+000
    outer loop
      vertex   -7.875000e+001 6.945000e+001 4.800000e+000
      vertex   -7.875000e+001 6.906803e+001 6.141132e+000
      vertex   -7.875000e+001 6.945000e+001 6.097957e+000
    endloop
  endfacet
  facet normal -1.000000e+000 0.000000e+000 -0.000000e+000
    outer loop
      vertex   -7.875000e+001 7.055000e+001 6.097957e+000
      vertex   -7.875000e+001 7.093197e+001 6.141132e+000
      vertex   -7.875000e+001 7.055000e+001 4.800000e+000
    endloop
  endfacet
  facet normal -1.000000e+000 0.000000e+000 0.000000e+000
    outer loop
      vertex   -7.875000e+001 7.055000e+001 4.800000e+000
      vertex   -7.875000e+001 7.093197e+001 6.141132e+000
      vertex   -7.875000e+001 7.131077e+001 6.206471e+000
    endloop
  endfacet
  facet normal -1.000000e+000 -0.000000e+000 0.000000e+000
    outer loop
      vertex   -7.875000e+001 7.168513e+001 6.293752e+000
      vertex   -7.875000e+001 7.055000e+001 4.800000e+000
      vertex   -7.875000e+001 7.131077e+001 6.206471e+000
    endloop
  endfacet
  facet normal -1.000000e+000 -2.209390e-015 -9.595553e-016
    outer loop
      vertex   -7.875000e+001 6.387229e+001 1.022323e+001
      vertex   -7.875000e+001 6.402542e+001 9.870648e+000
      vertex   -7.875000e+001 6.175000e+001 3.000000e-001
    endloop
  endfacet
  facet normal -1.000000e+000 -1.997963e-015 -1.009822e-015
    outer loop
      vertex   -7.875000e+001 6.175000e+001 3.000000e-001
      vertex   -7.875000e+001 6.402542e+001 9.870648e+000
      vertex   -7.875000e+001 6.419882e+001 9.527578e+000
    endloop
  endfacet
  facet normal -1.000000e+000 -1.819857e-015 -1.057088e-015
    outer loop
      vertex   -7.875000e+001 6.439189e+001 9.195184e+000
      vertex   -7.875000e+001 6.175000e+001 3.000000e-001
      vertex   -7.875000e+001 6.419882e+001 9.527578e+000
    endloop
  endfacet
  facet normal -1.000000e+000 -1.666599e-015 -1.102606e-015
    outer loop
      vertex   -7.875000e+001 6.439189e+001 9.195184e+000
      vertex   -7.875000e+001 6.460399e+001 8.874595e+000
      vertex   -7.875000e+001 6.175000e+001 3.000000e-001
    endloop
  endfacet
  facet normal -1.000000e+000 -1.532230e-015 -1.147329e-015
    outer loop
      vertex   -7.875000e+001 6.175000e+001 3.000000e-001
      vertex   -7.875000e+001 6.460399e+001 8.874595e+000
      vertex   -7.875000e+001 6.483439e+001 8.566897e+000
    endloop
  endfacet
  facet normal -1.000000e+000 -1.412415e-015 -1.192033e-015
    outer loop
      vertex   -7.875000e+001 6.508232e+001 8.273134e+000
      vertex   -7.875000e+001 6.175000e+001 3.000000e-001
      vertex   -7.875000e+001 6.483439e+001 8.566897e+000
    endloop
  endfacet
  facet normal -1.000000e+000 -1.303897e-015 -1.237387e-015
    outer loop
      vertex   -7.875000e+001 6.508232e+001 8.273134e+000
      vertex   -7.875000e+001 6.534693e+001 7.994304e+000
      vertex   -7.875000e+001 6.175000e+001 3.000000e-001
    endloop
  endfacet
  facet normal -1.000000e+000 -1.204155e-015 -1.284015e-015
    outer loop
      vertex   -7.875000e+001 6.175000e+001 3.000000e-001
      vertex   -7.875000e+001 6.534693e+001 7.994304e+000
      vertex   -7.875000e+001 6.562732e+001 7.731351e+000
    endloop
  endfacet
  facet normal -1.000000e+000 -1.111173e-015 -1.332528e-015
    outer loop
      vertex   -7.875000e+001 6.592254e+001 7.485169e+000
      vertex   -7.875000e+001 6.175000e+001 3.000000e-001
      vertex   -7.875000e+001 6.562732e+001 7.731351e+000
    endloop
  endfacet
  facet normal -1.000000e+000 -1.023285e-015 -1.383566e-015
    outer loop
      vertex   -7.875000e+001 6.592254e+001 7.485169e+000
      vertex   -7.875000e+001 6.623160e+001 7.256590e+000
      vertex   -7.875000e+001 6.175000e+001 3.000000e-001
    endloop
  endfacet
  facet normal -1.000000e+000 -9.390627e-016 -1.437824e-015
    outer loop
      vertex   -7.875000e+001 6.175000e+001 3.000000e-001
      vertex   -7.875000e+001 6.623160e+001 7.256590e+000
      vertex   -7.875000e+001 6.655344e+001 7.046393e+000
    endloop
  endfacet
  facet normal -1.000000e+000 -8.572230e-016 -1.496094e-015
    outer loop
      vertex   -7.875000e+001 6.688697e+001 6.855288e+000
      vertex   -7.875000e+001 6.175000e+001 3.000000e-001
      vertex   -7.875000e+001 6.655344e+001 7.046393e+000
    endloop
  endfacet
  facet normal -1.000000e+000 -7.765597e-016 -1.559305e-015
    outer loop
      vertex   -7.875000e+001 6.688697e+001 6.855288e+000
      vertex   -7.875000e+001 6.723106e+001 6.683925e+000
      vertex   -7.875000e+001 6.175000e+001 3.000000e-001
    endloop
  endfacet
  facet normal 0.000000e+000 1.000000e+000 0.000000e+000
    outer loop
      vertex   -6.125000e+001 7.825000e+001 4.800000e+000
      vertex   -5.675000e+001 7.825000e+001 3.000000e-001
      vertex   -7.325000e+001 7.825000e+001 4.800000e+000
    endloop
  endfacet
  facet normal 0.000000e+000 1.000000e+000 0.000000e+000
    outer loop
      vertex   -7.325000e+001 7.825000e+001 4.800000e+000
      vertex   -5.675000e+001 7.825000e+001 3.000000e-001
      vertex   -7.875000e+001 7.825000e+001 3.000000e-001
    endloop
  endfacet
  facet normal 0.000000e+000 1.000000e+000 0.000000e+000
    outer loop
      vertex   -7.875000e+001 7.825000e+001 1.295000e+001
      vertex   -7.325000e+001 7.825000e+001 4.800000e+000
      vertex   -7.875000e+001 7.825000e+001 3.000000e-001
    endloop
  endfacet
  facet normal -0.000000e+000 1.000000e+000 0.000000e+000
    outer loop
      vertex   -7.875000e+001 7.825000e+001 1.295000e+001
      vertex   -7.325000e+001 7.825000e+001 1.295000e+001
      vertex   -7.325000e+001 7.825000e+001 4.800000e+000
    endloop
  endfacet
  facet normal 0.000000e+000 -1.123179e-001 9.936723e-001
    outer loop
      vertex   -7.325000e+001 7.055000e+001 6.097957e+000
      vertex   -7.325000e+001 7.093197e+001 6.141132e+000
      vertex   -7.875000e+001 7.055000e+001 6.097957e+000
    endloop
  endfacet
  facet normal 0.000000e+000 -1.123179e-001 9.936723e-001
    outer loop
      vertex   -7.875000e+001 7.055000e+001 6.097957e+000
      vertex   -7.325000e+001 7.093197e+001 6.141132e+000
      vertex   -7.875000e+001 7.093197e+001 6.141132e+000
    endloop
  endfacet
  facet normal 0.000000e+000 -1.699768e-001 9.854481e-001
    outer loop
      vertex   -7.875000e+001 7.093197e+001 6.141132e+000
      vertex   -7.325000e+001 7.093197e+001 6.141132e+000
      vertex   -7.325000e+001 7.131077e+001 6.206471e+000
    endloop
  endfacet
  facet normal 4.294044e-016 -2.270591e-001 9.738810e-001
    outer loop
      vertex   -7.875000e+001 7.131077e+001 6.206471e+000
      vertex   -7.325000e+001 7.131077e+001 6.206471e+000
      vertex   -7.325000e+001 7.168513e+001 6.293752e+000
    endloop
  endfacet
  facet normal -1.548677e-016 -2.833712e-001 9.590103e-001
    outer loop
      vertex   -7.875000e+001 7.168513e+001 6.293752e+000
      vertex   -7.325000e+001 7.168513e+001 6.293752e+000
      vertex   -7.325000e+001 7.205378e+001 6.402680e+000
    endloop
  endfacet
  facet normal 0.000000e+000 -3.387220e-001 9.408865e-001
    outer loop
      vertex   -7.875000e+001 7.205378e+001 6.402680e+000
      vertex   -7.325000e+001 7.205378e+001 6.402680e+000
      vertex   -7.325000e+001 7.241546e+001 6.532885e+000
    endloop
  endfacet
  facet normal 0.000000e+000 -3.929239e-001 9.195710e-001
    outer loop
      vertex   -7.875000e+001 7.241546e+001 6.532885e+000
      vertex   -7.325000e+001 7.241546e+001 6.532885e+000
      vertex   -7.325000e+001 7.276894e+001 6.683925e+000
    endloop
  endfacet
  facet normal -2.891057e-016 -4.457928e-001 8.951362e-001
    outer loop
      vertex   -7.875000e+001 7.276894e+001 6.683925e+000
      vertex   -7.325000e+001 7.276894e+001 6.683925e+000
      vertex   -7.325000e+001 7.311303e+001 6.855288e+000
    endloop
  endfacet
  facet normal -2.802332e-016 -4.971495e-001 8.676649e-001
    outer loop
      vertex   -7.875000e+001 7.311303e+001 6.855288e+000
      vertex   -7.325000e+001 7.311303e+001 6.855288e+000
      vertex   -7.325000e+001 7.344656e+001 7.046393e+000
    endloop
  endfacet
  facet normal 0.000000e+000 -5.468198e-001 8.372503e-001
    outer loop
      vertex   -7.875000e+001 7.344656e+001 7.046393e+000
      vertex   -7.325000e+001 7.344656e+001 7.046393e+000
      vertex   -7.325000e+001 7.376840e+001 7.256590e+000
    endloop
  endfacet
  facet normal 0.000000e+000 -5.946352e-001 8.039956e-001
    outer loop
      vertex   -7.875000e+001 7.376840e+001 7.256590e+000
      vertex   -7.325000e+001 7.376840e+001 7.256590e+000
      vertex   -7.325000e+001 7.407746e+001 7.485169e+000
    endloop
  endfacet
  facet normal 0.000000e+000 -6.404335e-001 7.680136e-001
    outer loop
      vertex   -7.875000e+001 7.407746e+001 7.485169e+000
      vertex   -7.325000e+001 7.407746e+001 7.485169e+000
      vertex   -7.325000e+001 7.437268e+001 7.731351e+000
    endloop
  endfacet
  facet normal -2.355857e-016 -6.840593e-001 7.294264e-001
    outer loop
      vertex   -7.875000e+001 7.437268e+001 7.731351e+000
      vertex   -7.325000e+001 7.437268e+001 7.731351e+000
      vertex   -7.325000e+001 7.465307e+001 7.994304e+000
    endloop
  endfacet
  facet normal 0.000000e+000 -7.253647e-001 6.883648e-001
    outer loop
      vertex   -7.875000e+001 7.465307e+001 7.994304e+000
      vertex   -7.325000e+001 7.465307e+001 7.994304e+000
      vertex   -7.325000e+001 7.491768e+001 8.273134e+000
    endloop
  endfacet
  facet normal 0.000000e+000 -7.642095e-001 6.449681e-001
    outer loop
      vertex   -7.875000e+001 7.491768e+001 8.273134e+000
      vertex   -7.325000e+001 7.491768e+001 8.273134e+000
      vertex   -7.325000e+001 7.516561e+001 8.566897e+000
    endloop
  endfacet
  facet normal 0.000000e+000 -8.004619e-001 5.993836e-001
    outer loop
      vertex   -7.875000e+001 7.516561e+001 8.566897e+000
      vertex   -7.325000e+001 7.516561e+001 8.566897e+000
      vertex   -7.325000e+001 7.539601e+001 8.874595e+000
    endloop
  endfacet
  facet normal 1.976674e-015 -8.339990e-001 5.517659e-001
    outer loop
      vertex   -7.875000e+001 7.539601e+001 8.874595e+000
      vertex   -7.325000e+001 7.539601e+001 8.874595e+000
      vertex   -7.325000e+001 7.560811e+001 9.195184e+000
    endloop
  endfacet
  facet normal -3.244445e-016 -8.647071e-001 5.022765e-001
    outer loop
      vertex   -7.875000e+001 7.560811e+001 9.195184e+000
      vertex   -7.325000e+001 7.560811e+001 9.195184e+000
      vertex   -7.325000e+001 7.580118e+001 9.527578e+000
    endloop
  endfacet
  facet normal 0.000000e+000 -8.924819e-001 4.510833e-001
    outer loop
      vertex   -7.875000e+001 7.580118e+001 9.527578e+000
      vertex   -7.325000e+001 7.580118e+001 9.527578e+000
      vertex   -7.325000e+001 7.597458e+001 9.870648e+000
    endloop
  endfacet
  facet normal 0.000000e+000 -9.172292e-001 3.983599e-001
    outer loop
      vertex   -7.875000e+001 7.597458e+001 9.870648e+000
      vertex   -7.325000e+001 7.597458e+001 9.870648e+000
      vertex   -7.325000e+001 7.612771e+001 1.022323e+001
    endloop
  endfacet
  facet normal -3.335854e-016 -9.388651e-001 3.442852e-001
    outer loop
      vertex   -7.875000e+001 7.612771e+001 1.022323e+001
      vertex   -7.325000e+001 7.612771e+001 1.022323e+001
      vertex   -7.325000e+001 7.626005e+001 1.058413e+001
    endloop
  endfacet
  facet normal -1.867065e-016 -9.573162e-001 2.890426e-001
    outer loop
      vertex   -7.875000e+001 7.626005e+001 1.058413e+001
      vertex   -7.325000e+001 7.626005e+001 1.058413e+001
      vertex   -7.325000e+001 7.637116e+001 1.095212e+001
    endloop
  endfacet
  facet normal -7.519464e-017 -9.725200e-001 2.328195e-001
    outer loop
      vertex   -7.875000e+001 7.637116e+001 1.095212e+001
      vertex   -7.325000e+001 7.637116e+001 1.095212e+001
      vertex   -7.325000e+001 7.646066e+001 1.132596e+001
    endloop
  endfacet
  facet normal 0.000000e+000 -9.844247e-001 1.758067e-001
    outer loop
      vertex   -7.875000e+001 7.646066e+001 1.132596e+001
      vertex   -7.325000e+001 7.646066e+001 1.132596e+001
      vertex   -7.325000e+001 7.652824e+001 1.170437e+001
    endloop
  endfacet
  facet normal 3.817470e-017 -9.929901e-001 1.181975e-001
    outer loop
      vertex   -7.875000e+001 7.652824e+001 1.170437e+001
      vertex   -7.325000e+001 7.652824e+001 1.170437e+001
      vertex   -7.325000e+001 7.657367e+001 1.208608e+001
    endloop
  endfacet
  facet normal -1.943893e-017 -9.981871e-001 6.018731e-002
    outer loop
      vertex   -7.875000e+001 7.657367e+001 1.208608e+001
      vertex   -7.325000e+001 7.657367e+001 1.208608e+001
      vertex   -7.325000e+001 7.659681e+001 1.246978e+001
    endloop
  endfacet
  facet normal 2.583150e-015 -9.999981e-001 1.972992e-003
    outer loop
      vertex   -7.875000e+001 7.659681e+001 1.246978e+001
      vertex   -7.325000e+001 7.659681e+001 1.246978e+001
      vertex   -7.325000e+001 7.659757e+001 1.285418e+001
    endloop
  endfacet
  facet normal 0.000000e+000 -9.984168e-001 -5.624802e-002
    outer loop
      vertex   -7.875000e+001 7.659757e+001 1.285418e+001
      vertex   -7.325000e+001 7.659757e+001 1.285418e+001
      vertex   -7.325000e+001 7.657595e+001 1.323798e+001
    endloop
  endfacet
  facet normal 0.000000e+000 -9.934488e-001 -1.142782e-001
    outer loop
      vertex   -7.875000e+001 7.657595e+001 1.323798e+001
      vertex   -7.325000e+001 7.657595e+001 1.323798e+001
      vertex   -7.325000e+001 7.653202e+001 1.361986e+001
    endloop
  endfacet
  facet normal 1.665778e-016 -9.851108e-001 -1.719208e-001
    outer loop
      vertex   -7.875000e+001 7.653202e+001 1.361986e+001
      vertex   -7.325000e+001 7.653202e+001 1.361986e+001
      vertex   -7.325000e+001 7.646593e+001 1.399853e+001
    endloop
  endfacet
  facet normal 7.395463e-017 -9.734311e-001 -2.289802e-001
    outer loop
      vertex   -7.875000e+001 7.646593e+001 1.399853e+001
      vertex   -7.325000e+001 7.646593e+001 1.399853e+001
      vertex   -7.325000e+001 7.637791e+001 1.437272e+001
    endloop
  endfacet
  facet normal 9.213245e-017 -9.584493e-001 -2.852628e-001
    outer loop
      vertex   -7.875000e+001 7.637791e+001 1.437272e+001
      vertex   -7.325000e+001 7.637791e+001 1.437272e+001
      vertex   -7.325000e+001 7.626826e+001 1.474115e+001
    endloop
  endfacet
  facet normal 0.000000e+000 -9.402164e-001 -3.405777e-001
    outer loop
      vertex   -7.875000e+001 7.626826e+001 1.474115e+001
      vertex   -7.325000e+001 7.626826e+001 1.474115e+001
      vertex   -7.325000e+001 7.613734e+001 1.510257e+001
    endloop
  endfacet
  facet normal -1.274899e-016 -9.187940e-001 -3.947374e-001
    outer loop
      vertex   -7.875000e+001 7.613734e+001 1.510257e+001
      vertex   -7.325000e+001 7.613734e+001 1.510257e+001
      vertex   -7.325000e+001 7.598560e+001 1.545575e+001
    endloop
  endfacet
  facet normal 1.445496e-016 -8.942549e-001 -4.475580e-001
    outer loop
      vertex   -7.875000e+001 7.598560e+001 1.545575e+001
      vertex   -7.325000e+001 7.598560e+001 1.545575e+001
      vertex   -7.325000e+001 7.581356e+001 1.579951e+001
    endloop
  endfacet
  facet normal 1.611189e-016 -8.666823e-001 -4.988605e-001
    outer loop
      vertex   -7.875000e+001 7.581356e+001 1.579951e+001
      vertex   -7.325000e+001 7.581356e+001 1.579951e+001
      vertex   -7.325000e+001 7.562180e+001 1.613266e+001
    endloop
  endfacet
  facet normal 0.000000e+000 -8.361698e-001 -5.484707e-001
    outer loop
      vertex   -7.875000e+001 7.562180e+001 1.613266e+001
      vertex   -7.325000e+001 7.562180e+001 1.613266e+001
      vertex   -7.325000e+001 7.541096e+001 1.645408e+001
    endloop
  endfacet
  facet normal 0.000000e+000 -8.028208e-001 -5.962204e-001
    outer loop
      vertex   -7.875000e+001 7.541096e+001 1.645408e+001
      vertex   -7.325000e+001 7.541096e+001 1.645408e+001
      vertex   -7.325000e+001 7.518178e+001 1.676269e+001
    endloop
  endfacet
  facet normal 0.000000e+000 -7.667485e-001 -6.419476e-001
    outer loop
      vertex   -7.875000e+001 7.518178e+001 1.676269e+001
      vertex   -7.325000e+001 7.518178e+001 1.676269e+001
      vertex   -7.325000e+001 7.493501e+001 1.705743e+001
    endloop
  endfacet
  facet normal 4.427955e-016 -7.280753e-001 -6.854972e-001
    outer loop
      vertex   -7.875000e+001 7.493501e+001 1.705743e+001
      vertex   -7.325000e+001 7.493501e+001 1.705743e+001
      vertex   -7.325000e+001 7.467151e+001 1.733730e+001
    endloop
  endfacet
  facet normal 0.000000e+000 -6.869323e-001 -7.267214e-001
    outer loop
      vertex   -7.875000e+001 7.467151e+001 1.733730e+001
      vertex   -7.325000e+001 7.467151e+001 1.733730e+001
      vertex   -7.325000e+001 7.439215e+001 1.760136e+001
    endloop
  endfacet
  facet normal 0.000000e+000 -6.434591e-001 -7.654805e-001
    outer loop
      vertex   -7.875000e+001 7.439215e+001 1.760136e+001
      vertex   -7.325000e+001 7.439215e+001 1.760136e+001
      vertex   -7.325000e+001 7.409790e+001 1.784870e+001
    endloop
  endfacet
  facet normal 0.000000e+000 -5.978032e-001 -8.016429e-001
    outer loop
      vertex   -7.875000e+001 7.409790e+001 1.784870e+001
      vertex   -7.325000e+001 7.409790e+001 1.784870e+001
      vertex   -7.325000e+001 7.378975e+001 1.807850e+001
    endloop
  endfacet
  facet normal 0.000000e+000 -5.501194e-001 -8.350860e-001
    outer loop
      vertex   -7.875000e+001 7.378975e+001 1.807850e+001
      vertex   -7.325000e+001 7.378975e+001 1.807850e+001
      vertex   -7.325000e+001 7.346874e+001 1.828996e+001
    endloop
  endfacet
  facet normal 0.000000e+000 -5.005694e-001 -8.656964e-001
    outer loop
      vertex   -7.875000e+001 7.346874e+001 1.828996e+001
      vertex   -7.325000e+001 7.346874e+001 1.828996e+001
      vertex   -7.325000e+001 7.313597e+001 1.848238e+001
    endloop
  endfacet
  facet normal 0.000000e+000 -4.493215e-001 -8.933701e-001
    outer loop
      vertex   -7.875000e+001 7.313597e+001 1.848238e+001
      vertex   -7.325000e+001 7.313597e+001 1.848238e+001
      vertex   -7.325000e+001 7.279256e+001 1.865510e+001
    endloop
  endfacet
  facet normal 5.929889e-016 -3.965494e-001 -9.180134e-001
    outer loop
      vertex   -7.875000e+001 7.279256e+001 1.865510e+001
      vertex   -7.325000e+001 7.279256e+001 1.865510e+001
      vertex   -7.325000e+001 7.243967e+001 1.880754e+001
    endloop
  endfacet
  facet normal 0.000000e+000 -3.424321e-001 -9.395426e-001
    outer loop
      vertex   -7.875000e+001 7.243967e+001 1.880754e+001
      vertex   -7.325000e+001 7.243967e+001 1.880754e+001
      vertex   -7.325000e+001 7.207851e+001 1.893917e+001
    endloop
  endfacet
  facet normal 6.187436e-016 -2.871532e-001 -9.578847e-001
    outer loop
      vertex   -7.875000e+001 7.207851e+001 1.893917e+001
      vertex   -7.325000e+001 7.207851e+001 1.893917e+001
      vertex   -7.325000e+001 7.171030e+001 1.904955e+001
    endloop
  endfacet
  facet normal 0.000000e+000 -2.309003e-001 -9.729774e-001
    outer loop
      vertex   -7.875000e+001 7.171030e+001 1.904955e+001
      vertex   -7.325000e+001 7.171030e+001 1.904955e+001
      vertex   -7.325000e+001 7.133629e+001 1.913831e+001
    endloop
  endfacet
  facet normal 0.000000e+000 -1.738641e-001 -9.847697e-001
    outer loop
      vertex   -7.875000e+001 7.133629e+001 1.913831e+001
      vertex   -7.325000e+001 7.133629e+001 1.913831e+001
      vertex   -7.325000e+001 7.095774e+001 1.920514e+001
    endloop
  endfacet
  facet normal 0.000000e+000 -1.162381e-001 -9.932214e-001
    outer loop
      vertex   -7.875000e+001 7.095774e+001 1.920514e+001
      vertex   -7.325000e+001 7.095774e+001 1.920514e+001
      vertex   -7.325000e+001 7.057595e+001 1.924982e+001
    endloop
  endfacet
  facet normal 0.000000e+000 -5.821778e-002 -9.983039e-001
    outer loop
      vertex   -7.875000e+001 7.057595e+001 1.924982e+001
      vertex   -7.325000e+001 7.057595e+001 1.924982e+001
      vertex   -7.325000e+001 7.019220e+001 1.927220e+001
    endloop
  endfacet
  facet normal 0.000000e+000 0.000000e+000 -1.000000e+000
    outer loop
      vertex   -7.875000e+001 7.019220e+001 1.927220e+001
      vertex   -7.325000e+001 7.019220e+001 1.927220e+001
      vertex   -7.325000e+001 6.980780e+001 1.927220e+001
    endloop
  endfacet
  facet normal 0.000000e+000 5.821778e-002 -9.983039e-001
    outer loop
      vertex   -7.875000e+001 6.980780e+001 1.927220e+001
      vertex   -7.325000e+001 6.980780e+001 1.927220e+001
      vertex   -7.325000e+001 6.942405e+001 1.924982e+001
    endloop
  endfacet
  facet normal 0.000000e+000 1.162381e-001 -9.932214e-001
    outer loop
      vertex   -7.875000e+001 6.942405e+001 1.924982e+001
      vertex   -7.325000e+001 6.942405e+001 1.924982e+001
      vertex   -7.325000e+001 6.904226e+001 1.920514e+001
    endloop
  endfacet
  facet normal 0.000000e+000 1.738641e-001 -9.847697e-001
    outer loop
      vertex   -7.875000e+001 6.904226e+001 1.920514e+001
      vertex   -7.325000e+001 6.904226e+001 1.920514e+001
      vertex   -7.325000e+001 6.866371e+001 1.913831e+001
    endloop
  endfacet
  facet normal 0.000000e+000 2.309003e-001 -9.729774e-001
    outer loop
      vertex   -7.875000e+001 6.866371e+001 1.913831e+001
      vertex   -7.325000e+001 6.866371e+001 1.913831e+001
      vertex   -7.325000e+001 6.828970e+001 1.904955e+001
    endloop
  endfacet
  facet normal 0.000000e+000 2.871532e-001 -9.578847e-001
    outer loop
      vertex   -7.875000e+001 6.828970e+001 1.904955e+001
      vertex   -7.325000e+001 6.828970e+001 1.904955e+001
      vertex   -7.325000e+001 6.792149e+001 1.893917e+001
    endloop
  endfacet
  facet normal -6.068956e-016 3.424321e-001 -9.395426e-001
    outer loop
      vertex   -7.875000e+001 6.792149e+001 1.893917e+001
      vertex   -7.325000e+001 6.792149e+001 1.893917e+001
      vertex   -7.325000e+001 6.756033e+001 1.880754e+001
    endloop
  endfacet
  facet normal 0.000000e+000 3.965494e-001 -9.180134e-001
    outer loop
      vertex   -7.875000e+001 6.756033e+001 1.880754e+001
      vertex   -7.325000e+001 6.756033e+001 1.880754e+001
      vertex   -7.325000e+001 6.720744e+001 1.865510e+001
    endloop
  endfacet
  facet normal -5.770706e-016 4.493215e-001 -8.933701e-001
    outer loop
      vertex   -7.875000e+001 6.720744e+001 1.865510e+001
      vertex   -7.325000e+001 6.720744e+001 1.865510e+001
      vertex   -7.325000e+001 6.686403e+001 1.848238e+001
    endloop
  endfacet
  facet normal 0.000000e+000 5.005694e-001 -8.656964e-001
    outer loop
      vertex   -7.875000e+001 6.686403e+001 1.848238e+001
      vertex   -7.325000e+001 6.686403e+001 1.848238e+001
      vertex   -7.325000e+001 6.653126e+001 1.828996e+001
    endloop
  endfacet
  facet normal 0.000000e+000 5.501194e-001 -8.350860e-001
    outer loop
      vertex   -7.875000e+001 6.653126e+001 1.828996e+001
      vertex   -7.325000e+001 6.653126e+001 1.828996e+001
      vertex   -7.325000e+001 6.621025e+001 1.807850e+001
    endloop
  endfacet
  facet normal 0.000000e+000 5.978032e-001 -8.016429e-001
    outer loop
      vertex   -7.875000e+001 6.621025e+001 1.807850e+001
      vertex   -7.325000e+001 6.621025e+001 1.807850e+001
      vertex   -7.325000e+001 6.590210e+001 1.784870e+001
    endloop
  endfacet
  facet normal 0.000000e+000 6.434591e-001 -7.654805e-001
    outer loop
      vertex   -7.875000e+001 6.590210e+001 1.784870e+001
      vertex   -7.325000e+001 6.590210e+001 1.784870e+001
      vertex   -7.325000e+001 6.560785e+001 1.760136e+001
    endloop
  endfacet
  facet normal 0.000000e+000 6.869323e-001 -7.267214e-001
    outer loop
      vertex   -7.875000e+001 6.560785e+001 1.760136e+001
      vertex   -7.325000e+001 6.560785e+001 1.760136e+001
      vertex   -7.325000e+001 6.532849e+001 1.733730e+001
    endloop
  endfacet
  facet normal 0.000000e+000 7.280753e-001 -6.854972e-001
    outer loop
      vertex   -7.875000e+001 6.532849e+001 1.733730e+001
      vertex   -7.325000e+001 6.532849e+001 1.733730e+001
      vertex   -7.325000e+001 6.506499e+001 1.705743e+001
    endloop
  endfacet
  facet normal -4.146647e-016 7.667485e-001 -6.419476e-001
    outer loop
      vertex   -7.875000e+001 6.506499e+001 1.705743e+001
      vertex   -7.325000e+001 6.506499e+001 1.705743e+001
      vertex   -7.325000e+001 6.481822e+001 1.676269e+001
    endloop
  endfacet
  facet normal 0.000000e+000 8.028208e-001 -5.962204e-001
    outer loop
      vertex   -7.875000e+001 6.481822e+001 1.676269e+001
      vertex   -7.325000e+001 6.481822e+001 1.676269e+001
      vertex   -7.325000e+001 6.458904e+001 1.645408e+001
    endloop
  endfacet
  facet normal 0.000000e+000 8.361698e-001 -5.484707e-001
    outer loop
      vertex   -7.875000e+001 6.458904e+001 1.645408e+001
      vertex   -7.325000e+001 6.458904e+001 1.645408e+001
      vertex   -7.325000e+001 6.437820e+001 1.613266e+001
    endloop
  endfacet
  facet normal 0.000000e+000 8.666823e-001 -4.988605e-001
    outer loop
      vertex   -7.875000e+001 6.437820e+001 1.613266e+001
      vertex   -7.325000e+001 6.437820e+001 1.613266e+001
      vertex   -7.325000e+001 6.418644e+001 1.579951e+001
    endloop
  endfacet
  facet normal -1.445496e-016 8.942549e-001 -4.475580e-001
    outer loop
      vertex   -7.875000e+001 6.418644e+001 1.579951e+001
      vertex   -7.325000e+001 6.418644e+001 1.579951e+001
      vertex   -7.325000e+001 6.401440e+001 1.545575e+001
    endloop
  endfacet
  facet normal -1.274899e-016 9.187940e-001 -3.947374e-001
    outer loop
      vertex   -7.875000e+001 6.401440e+001 1.545575e+001
      vertex   -7.325000e+001 6.401440e+001 1.545575e+001
      vertex   -7.325000e+001 6.386266e+001 1.510257e+001
    endloop
  endfacet
  facet normal 1.099977e-016 9.402164e-001 -3.405777e-001
    outer loop
      vertex   -7.875000e+001 6.386266e+001 1.510257e+001
      vertex   -7.325000e+001 6.386266e+001 1.510257e+001
      vertex   -7.325000e+001 6.373174e+001 1.474115e+001
    endloop
  endfacet
  facet normal 0.000000e+000 9.584493e-001 -2.852628e-001
    outer loop
      vertex   -7.875000e+001 6.373174e+001 1.474115e+001
      vertex   -7.325000e+001 6.373174e+001 1.474115e+001
      vertex   -7.325000e+001 6.362209e+001 1.437272e+001
    endloop
  endfacet
  facet normal -7.395463e-017 9.734311e-001 -2.289802e-001
    outer loop
      vertex   -7.875000e+001 6.362209e+001 1.437272e+001
      vertex   -7.325000e+001 6.362209e+001 1.437272e+001
      vertex   -7.325000e+001 6.353407e+001 1.399853e+001
    endloop
  endfacet
  facet normal -5.552594e-017 9.851108e-001 -1.719208e-001
    outer loop
      vertex   -7.875000e+001 6.353407e+001 1.399853e+001
      vertex   -7.325000e+001 6.353407e+001 1.399853e+001
      vertex   -7.325000e+001 6.346798e+001 1.361986e+001
    endloop
  endfacet
  facet normal 1.172706e-015 9.934488e-001 -1.142782e-001
    outer loop
      vertex   -7.875000e+001 6.346798e+001 1.361986e+001
      vertex   -7.325000e+001 6.346798e+001 1.361986e+001
      vertex   -7.325000e+001 6.342405e+001 1.323798e+001
    endloop
  endfacet
  facet normal 0.000000e+000 9.984168e-001 -5.624802e-002
    outer loop
      vertex   -7.875000e+001 6.342405e+001 1.323798e+001
      vertex   -7.325000e+001 6.342405e+001 1.323798e+001
      vertex   -7.325000e+001 6.340243e+001 1.285418e+001
    endloop
  endfacet
  facet normal -0.000000e+000 9.999981e-001 1.972992e-003
    outer loop
      vertex   -7.875000e+001 6.340243e+001 1.285418e+001
      vertex   -7.325000e+001 6.340243e+001 1.285418e+001
      vertex   -7.325000e+001 6.340319e+001 1.246978e+001
    endloop
  endfacet
  facet normal 1.943893e-017 9.981871e-001 6.018731e-002
    outer loop
      vertex   -7.875000e+001 6.340319e+001 1.246978e+001
      vertex   -7.325000e+001 6.340319e+001 1.246978e+001
      vertex   -7.325000e+001 6.342633e+001 1.208608e+001
    endloop
  endfacet
  facet normal 3.817470e-017 9.929901e-001 1.181975e-001
    outer loop
      vertex   -7.875000e+001 6.342633e+001 1.208608e+001
      vertex   -7.325000e+001 6.342633e+001 1.208608e+001
      vertex   -7.325000e+001 6.347176e+001 1.170437e+001
    endloop
  endfacet
  facet normal -5.678098e-017 9.844247e-001 1.758067e-001
    outer loop
      vertex   -7.875000e+001 6.347176e+001 1.170437e+001
      vertex   -7.325000e+001 6.347176e+001 1.170437e+001
      vertex   -7.325000e+001 6.353934e+001 1.132596e+001
    endloop
  endfacet
  facet normal -0.000000e+000 9.725200e-001 2.328195e-001
    outer loop
      vertex   -7.875000e+001 6.353934e+001 1.132596e+001
      vertex   -7.325000e+001 6.353934e+001 1.132596e+001
      vertex   -7.325000e+001 6.362884e+001 1.095212e+001
    endloop
  endfacet
  facet normal 9.335323e-017 9.573162e-001 2.890426e-001
    outer loop
      vertex   -7.875000e+001 6.362884e+001 1.095212e+001
      vertex   -7.325000e+001 6.362884e+001 1.095212e+001
      vertex   -7.325000e+001 6.373995e+001 1.058413e+001
    endloop
  endfacet
  facet normal 2.223903e-016 9.388651e-001 3.442852e-001
    outer loop
      vertex   -7.875000e+001 6.373995e+001 1.058413e+001
      vertex   -7.325000e+001 6.373995e+001 1.058413e+001
      vertex   -7.325000e+001 6.387229e+001 1.022323e+001
    endloop
  endfacet
  facet normal 3.859796e-016 9.172292e-001 3.983599e-001
    outer loop
      vertex   -7.875000e+001 6.387229e+001 1.022323e+001
      vertex   -7.325000e+001 6.387229e+001 1.022323e+001
      vertex   -7.325000e+001 6.402542e+001 9.870648e+000
    endloop
  endfacet
  facet normal -0.000000e+000 8.924819e-001 4.510833e-001
    outer loop
      vertex   -7.875000e+001 6.402542e+001 9.870648e+000
      vertex   -7.325000e+001 6.402542e+001 9.870648e+000
      vertex   -7.325000e+001 6.419882e+001 9.527578e+000
    endloop
  endfacet
  facet normal -0.000000e+000 8.647071e-001 5.022765e-001
    outer loop
      vertex   -7.875000e+001 6.419882e+001 9.527578e+000
      vertex   -7.325000e+001 6.419882e+001 9.527578e+000
      vertex   -7.325000e+001 6.439189e+001 9.195184e+000
    endloop
  endfacet
  facet normal 3.564120e-016 8.339990e-001 5.517659e-001
    outer loop
      vertex   -7.875000e+001 6.439189e+001 9.195184e+000
      vertex   -7.325000e+001 6.439189e+001 9.195184e+000
      vertex   -7.325000e+001 6.460399e+001 8.874595e+000
    endloop
  endfacet
  facet normal -1.874642e-015 8.004619e-001 5.993836e-001
    outer loop
      vertex   -7.875000e+001 6.460399e+001 8.874595e+000
      vertex   -7.325000e+001 6.460399e+001 8.874595e+000
      vertex   -7.325000e+001 6.483439e+001 8.566897e+000
    endloop
  endfacet
  facet normal -0.000000e+000 7.642095e-001 6.449681e-001
    outer loop
      vertex   -7.875000e+001 6.483439e+001 8.566897e+000
      vertex   -7.325000e+001 6.483439e+001 8.566897e+000
      vertex   -7.325000e+001 6.508232e+001 8.273134e+000
    endloop
  endfacet
  facet normal -0.000000e+000 7.253647e-001 6.883648e-001
    outer loop
      vertex   -7.875000e+001 6.508232e+001 8.273134e+000
      vertex   -7.325000e+001 6.508232e+001 8.273134e+000
      vertex   -7.325000e+001 6.534693e+001 7.994304e+000
    endloop
  endfacet
  facet normal -0.000000e+000 6.840593e-001 7.294264e-001
    outer loop
      vertex   -7.875000e+001 6.534693e+001 7.994304e+000
      vertex   -7.325000e+001 6.534693e+001 7.994304e+000
      vertex   -7.325000e+001 6.562732e+001 7.731351e+000
    endloop
  endfacet
  facet normal 2.480484e-016 6.404335e-001 7.680136e-001
    outer loop
      vertex   -7.875000e+001 6.562732e+001 7.731351e+000
      vertex   -7.325000e+001 6.562732e+001 7.731351e+000
      vertex   -7.325000e+001 6.592254e+001 7.485169e+000
    endloop
  endfacet
  facet normal -0.000000e+000 5.946352e-001 8.039956e-001
    outer loop
      vertex   -7.875000e+001 6.592254e+001 7.485169e+000
      vertex   -7.325000e+001 6.592254e+001 7.485169e+000
      vertex   -7.325000e+001 6.623160e+001 7.256590e+000
    endloop
  endfacet
  facet normal -0.000000e+000 5.468198e-001 8.372503e-001
    outer loop
      vertex   -7.875000e+001 6.623160e+001 7.256590e+000
      vertex   -7.325000e+001 6.623160e+001 7.256590e+000
      vertex   -7.325000e+001 6.655344e+001 7.046393e+000
    endloop
  endfacet
  facet normal -0.000000e+000 4.971495e-001 8.676649e-001
    outer loop
      vertex   -7.875000e+001 6.655344e+001 7.046393e+000
      vertex   -7.325000e+001 6.655344e+001 7.046393e+000
      vertex   -7.325000e+001 6.688697e+001 6.855288e+000
    endloop
  endfacet
  facet normal 2.891057e-016 4.457928e-001 8.951362e-001
    outer loop
      vertex   -7.875000e+001 6.688697e+001 6.855288e+000
      vertex   -7.325000e+001 6.688697e+001 6.855288e+000
      vertex   -7.325000e+001 6.723106e+001 6.683925e+000
    endloop
  endfacet
  facet normal 2.969975e-016 3.929239e-001 9.195710e-001
    outer loop
      vertex   -7.875000e+001 6.723106e+001 6.683925e+000
      vertex   -7.325000e+001 6.723106e+001 6.683925e+000
      vertex   -7.325000e+001 6.758454e+001 6.532885e+000
    endloop
  endfacet
  facet normal -0.000000e+000 3.387220e-001 9.408865e-001
    outer loop
      vertex   -7.875000e+001 6.758454e+001 6.532885e+000
      vertex   -7.325000e+001 6.758454e+001 6.532885e+000
      vertex   -7.325000e+001 6.794622e+001 6.402680e+000
    endloop
  endfacet
  facet normal -0.000000e+000 2.833712e-001 9.590103e-001
    outer loop
      vertex   -7.875000e+001 6.794622e+001 6.402680e+000
      vertex   -7.325000e+001 6.794622e+001 6.402680e+000
      vertex   -7.325000e+001 6.831487e+001 6.293752e+000
    endloop
  endfacet
  facet normal 1.572691e-016 2.270591e-001 9.738810e-001
    outer loop
      vertex   -7.875000e+001 6.831487e+001 6.293752e+000
      vertex   -7.325000e+001 6.831487e+001 6.293752e+000
      vertex   -7.325000e+001 6.868923e+001 6.206471e+000
    endloop
  endfacet
  facet normal -2.800477e-016 1.699768e-001 9.854481e-001
    outer loop
      vertex   -7.875000e+001 6.868923e+001 6.206471e+000
      vertex   -7.325000e+001 6.868923e+001 6.206471e+000
      vertex   -7.325000e+001 6.906803e+001 6.141132e+000
    endloop
  endfacet
  facet normal -0.000000e+000 1.123179e-001 9.936723e-001
    outer loop
      vertex   -7.875000e+001 6.906803e+001 6.141132e+000
      vertex   -7.325000e+001 6.906803e+001 6.141132e+000
      vertex   -7.325000e+001 6.945000e+001 6.097957e+000
    endloop
  endfacet
  facet normal 0.000000e+000 1.123179e-001 9.936723e-001
    outer loop
      vertex   -7.875000e+001 6.945000e+001 6.097957e+000
      vertex   -7.875000e+001 6.906803e+001 6.141132e+000
      vertex   -7.325000e+001 6.945000e+001 6.097957e+000
    endloop
  endfacet
  facet normal 2.800477e-016 -1.699768e-001 9.854481e-001
    outer loop
      vertex   -7.875000e+001 7.093197e+001 6.141132e+000
      vertex   -7.325000e+001 7.131077e+001 6.206471e+000
      vertex   -7.875000e+001 7.131077e+001 6.206471e+000
    endloop
  endfacet
  facet normal -1.572691e-016 -2.270591e-001 9.738810e-001
    outer loop
      vertex   -7.875000e+001 7.131077e+001 6.206471e+000
      vertex   -7.325000e+001 7.168513e+001 6.293752e+000
      vertex   -7.875000e+001 7.168513e+001 6.293752e+000
    endloop
  endfacet
  facet normal 0.000000e+000 -2.833712e-001 9.590103e-001
    outer loop
      vertex   -7.875000e+001 7.168513e+001 6.293752e+000
      vertex   -7.325000e+001 7.205378e+001 6.402680e+000
      vertex   -7.875000e+001 7.205378e+001 6.402680e+000
    endloop
  endfacet
  facet normal 0.000000e+000 -3.387220e-001 9.408865e-001
    outer loop
      vertex   -7.875000e+001 7.205378e+001 6.402680e+000
      vertex   -7.325000e+001 7.241546e+001 6.532885e+000
      vertex   -7.875000e+001 7.241546e+001 6.532885e+000
    endloop
  endfacet
  facet normal -2.969975e-016 -3.929239e-001 9.195710e-001
    outer loop
      vertex   -7.875000e+001 7.241546e+001 6.532885e+000
      vertex   -7.325000e+001 7.276894e+001 6.683925e+000
      vertex   -7.875000e+001 7.276894e+001 6.683925e+000
    endloop
  endfacet
  facet normal -2.891057e-016 -4.457928e-001 8.951362e-001
    outer loop
      vertex   -7.875000e+001 7.276894e+001 6.683925e+000
      vertex   -7.325000e+001 7.311303e+001 6.855288e+000
      vertex   -7.875000e+001 7.311303e+001 6.855288e+000
    endloop
  endfacet
  facet normal 0.000000e+000 -4.971495e-001 8.676649e-001
    outer loop
      vertex   -7.875000e+001 7.311303e+001 6.855288e+000
      vertex   -7.325000e+001 7.344656e+001 7.046393e+000
      vertex   -7.875000e+001 7.344656e+001 7.046393e+000
    endloop
  endfacet
  facet normal 0.000000e+000 -5.468198e-001 8.372503e-001
    outer loop
      vertex   -7.875000e+001 7.344656e+001 7.046393e+000
      vertex   -7.325000e+001 7.376840e+001 7.256590e+000
      vertex   -7.875000e+001 7.376840e+001 7.256590e+000
    endloop
  endfacet
  facet normal 0.000000e+000 -5.946352e-001 8.039956e-001
    outer loop
      vertex   -7.875000e+001 7.376840e+001 7.256590e+000
      vertex   -7.325000e+001 7.407746e+001 7.485169e+000
      vertex   -7.875000e+001 7.407746e+001 7.485169e+000
    endloop
  endfacet
  facet normal -2.480484e-016 -6.404335e-001 7.680136e-001
    outer loop
      vertex   -7.875000e+001 7.407746e+001 7.485169e+000
      vertex   -7.325000e+001 7.437268e+001 7.731351e+000
      vertex   -7.875000e+001 7.437268e+001 7.731351e+000
    endloop
  endfacet
  facet normal 0.000000e+000 -6.840593e-001 7.294264e-001
    outer loop
      vertex   -7.875000e+001 7.437268e+001 7.731351e+000
      vertex   -7.325000e+001 7.465307e+001 7.994304e+000
      vertex   -7.875000e+001 7.465307e+001 7.994304e+000
    endloop
  endfacet
  facet normal 0.000000e+000 -7.253647e-001 6.883648e-001
    outer loop
      vertex   -7.875000e+001 7.465307e+001 7.994304e+000
      vertex   -7.325000e+001 7.491768e+001 8.273134e+000
      vertex   -7.875000e+001 7.491768e+001 8.273134e+000
    endloop
  endfacet
  facet normal 0.000000e+000 -7.642095e-001 6.449681e-001
    outer loop
      vertex   -7.875000e+001 7.491768e+001 8.273134e+000
      vertex   -7.325000e+001 7.516561e+001 8.566897e+000
      vertex   -7.875000e+001 7.516561e+001 8.566897e+000
    endloop
  endfacet
  facet normal 1.874642e-015 -8.004619e-001 5.993836e-001
    outer loop
      vertex   -7.875000e+001 7.516561e+001 8.566897e+000
      vertex   -7.325000e+001 7.539601e+001 8.874595e+000
      vertex   -7.875000e+001 7.539601e+001 8.874595e+000
    endloop
  endfacet
  facet normal -3.564120e-016 -8.339990e-001 5.517659e-001
    outer loop
      vertex   -7.875000e+001 7.539601e+001 8.874595e+000
      vertex   -7.325000e+001 7.560811e+001 9.195184e+000
      vertex   -7.875000e+001 7.560811e+001 9.195184e+000
    endloop
  endfacet
  facet normal 0.000000e+000 -8.647071e-001 5.022765e-001
    outer loop
      vertex   -7.875000e+001 7.560811e+001 9.195184e+000
      vertex   -7.325000e+001 7.580118e+001 9.527578e+000
      vertex   -7.875000e+001 7.580118e+001 9.527578e+000
    endloop
  endfacet
  facet normal 0.000000e+000 -8.924819e-001 4.510833e-001
    outer loop
      vertex   -7.875000e+001 7.580118e+001 9.527578e+000
      vertex   -7.325000e+001 7.597458e+001 9.870648e+000
      vertex   -7.875000e+001 7.597458e+001 9.870648e+000
    endloop
  endfacet
  facet normal -3.859796e-016 -9.172292e-001 3.983599e-001
    outer loop
      vertex   -7.875000e+001 7.597458e+001 9.870648e+000
      vertex   -7.325000e+001 7.612771e+001 1.022323e+001
      vertex   -7.875000e+001 7.612771e+001 1.022323e+001
    endloop
  endfacet
  facet normal -2.223903e-016 -9.388651e-001 3.442852e-001
    outer loop
      vertex   -7.875000e+001 7.612771e+001 1.022323e+001
      vertex   -7.325000e+001 7.626005e+001 1.058413e+001
      vertex   -7.875000e+001 7.626005e+001 1.058413e+001
    endloop
  endfacet
  facet normal -9.335323e-017 -9.573162e-001 2.890426e-001
    outer loop
      vertex   -7.875000e+001 7.626005e+001 1.058413e+001
      vertex   -7.325000e+001 7.637116e+001 1.095212e+001
      vertex   -7.875000e+001 7.637116e+001 1.095212e+001
    endloop
  endfacet
  facet normal 0.000000e+000 -9.725200e-001 2.328195e-001
    outer loop
      vertex   -7.875000e+001 7.637116e+001 1.095212e+001
      vertex   -7.325000e+001 7.646066e+001 1.132596e+001
      vertex   -7.875000e+001 7.646066e+001 1.132596e+001
    endloop
  endfacet
  facet normal 5.678098e-017 -9.844247e-001 1.758067e-001
    outer loop
      vertex   -7.875000e+001 7.646066e+001 1.132596e+001
      vertex   -7.325000e+001 7.652824e+001 1.170437e+001
      vertex   -7.875000e+001 7.652824e+001 1.170437e+001
    endloop
  endfacet
  facet normal -3.817470e-017 -9.929901e-001 1.181975e-001
    outer loop
      vertex   -7.875000e+001 7.652824e+001 1.170437e+001
      vertex   -7.325000e+001 7.657367e+001 1.208608e+001
      vertex   -7.875000e+001 7.657367e+001 1.208608e+001
    endloop
  endfacet
  facet normal 2.559669e-015 -9.981871e-001 6.018731e-002
    outer loop
      vertex   -7.875000e+001 7.657367e+001 1.208608e+001
      vertex   -7.325000e+001 7.659681e+001 1.246978e+001
      vertex   -7.875000e+001 7.659681e+001 1.246978e+001
    endloop
  endfacet
  facet normal 0.000000e+000 -9.999981e-001 1.972992e-003
    outer loop
      vertex   -7.875000e+001 7.659681e+001 1.246978e+001
      vertex   -7.325000e+001 7.659757e+001 1.285418e+001
      vertex   -7.875000e+001 7.659757e+001 1.285418e+001
    endloop
  endfacet
  facet normal -0.000000e+000 -9.984168e-001 -5.624802e-002
    outer loop
      vertex   -7.875000e+001 7.659757e+001 1.285418e+001
      vertex   -7.325000e+001 7.657595e+001 1.323798e+001
      vertex   -7.875000e+001 7.657595e+001 1.323798e+001
    endloop
  endfacet
  facet normal 1.107267e-016 -9.934488e-001 -1.142782e-001
    outer loop
      vertex   -7.875000e+001 7.657595e+001 1.323798e+001
      vertex   -7.325000e+001 7.653202e+001 1.361986e+001
      vertex   -7.875000e+001 7.653202e+001 1.361986e+001
    endloop
  endfacet
  facet normal 5.552594e-017 -9.851108e-001 -1.719208e-001
    outer loop
      vertex   -7.875000e+001 7.653202e+001 1.361986e+001
      vertex   -7.325000e+001 7.646593e+001 1.399853e+001
      vertex   -7.875000e+001 7.646593e+001 1.399853e+001
    endloop
  endfacet
  facet normal 7.395463e-017 -9.734311e-001 -2.289802e-001
    outer loop
      vertex   -7.875000e+001 7.646593e+001 1.399853e+001
      vertex   -7.325000e+001 7.637791e+001 1.437272e+001
      vertex   -7.875000e+001 7.637791e+001 1.437272e+001
    endloop
  endfacet
  facet normal -0.000000e+000 -9.584493e-001 -2.852628e-001
    outer loop
      vertex   -7.875000e+001 7.637791e+001 1.437272e+001
      vertex   -7.325000e+001 7.626826e+001 1.474115e+001
      vertex   -7.875000e+001 7.626826e+001 1.474115e+001
    endloop
  endfacet
  facet normal -1.099977e-016 -9.402164e-001 -3.405777e-001
    outer loop
      vertex   -7.875000e+001 7.626826e+001 1.474115e+001
      vertex   -7.325000e+001 7.613734e+001 1.510257e+001
      vertex   -7.875000e+001 7.613734e+001 1.510257e+001
    endloop
  endfacet
  facet normal 1.274899e-016 -9.187940e-001 -3.947374e-001
    outer loop
      vertex   -7.875000e+001 7.613734e+001 1.510257e+001
      vertex   -7.325000e+001 7.598560e+001 1.545575e+001
      vertex   -7.875000e+001 7.598560e+001 1.545575e+001
    endloop
  endfacet
  facet normal 1.445496e-016 -8.942549e-001 -4.475580e-001
    outer loop
      vertex   -7.875000e+001 7.598560e+001 1.545575e+001
      vertex   -7.325000e+001 7.581356e+001 1.579951e+001
      vertex   -7.875000e+001 7.581356e+001 1.579951e+001
    endloop
  endfacet
  facet normal -0.000000e+000 -8.666823e-001 -4.988605e-001
    outer loop
      vertex   -7.875000e+001 7.581356e+001 1.579951e+001
      vertex   -7.325000e+001 7.562180e+001 1.613266e+001
      vertex   -7.875000e+001 7.562180e+001 1.613266e+001
    endloop
  endfacet
  facet normal -0.000000e+000 -8.361698e-001 -5.484707e-001
    outer loop
      vertex   -7.875000e+001 7.562180e+001 1.613266e+001
      vertex   -7.325000e+001 7.541096e+001 1.645408e+001
      vertex   -7.875000e+001 7.541096e+001 1.645408e+001
    endloop
  endfacet
  facet normal -0.000000e+000 -8.028208e-001 -5.962204e-001
    outer loop
      vertex   -7.875000e+001 7.541096e+001 1.645408e+001
      vertex   -7.325000e+001 7.518178e+001 1.676269e+001
      vertex   -7.875000e+001 7.518178e+001 1.676269e+001
    endloop
  endfacet
  facet normal 4.146647e-016 -7.667485e-001 -6.419476e-001
    outer loop
      vertex   -7.875000e+001 7.518178e+001 1.676269e+001
      vertex   -7.325000e+001 7.493501e+001 1.705743e+001
      vertex   -7.875000e+001 7.493501e+001 1.705743e+001
    endloop
  endfacet
  facet normal -0.000000e+000 -7.280753e-001 -6.854972e-001
    outer loop
      vertex   -7.875000e+001 7.493501e+001 1.705743e+001
      vertex   -7.325000e+001 7.467151e+001 1.733730e+001
      vertex   -7.875000e+001 7.467151e+001 1.733730e+001
    endloop
  endfacet
  facet normal -0.000000e+000 -6.869323e-001 -7.267214e-001
    outer loop
      vertex   -7.875000e+001 7.467151e+001 1.733730e+001
      vertex   -7.325000e+001 7.439215e+001 1.760136e+001
      vertex   -7.875000e+001 7.439215e+001 1.760136e+001
    endloop
  endfacet
  facet normal -0.000000e+000 -6.434591e-001 -7.654805e-001
    outer loop
      vertex   -7.875000e+001 7.439215e+001 1.760136e+001
      vertex   -7.325000e+001 7.409790e+001 1.784870e+001
      vertex   -7.875000e+001 7.409790e+001 1.784870e+001
    endloop
  endfacet
  facet normal -0.000000e+000 -5.978032e-001 -8.016429e-001
    outer loop
      vertex   -7.875000e+001 7.409790e+001 1.784870e+001
      vertex   -7.325000e+001 7.378975e+001 1.807850e+001
      vertex   -7.875000e+001 7.378975e+001 1.807850e+001
    endloop
  endfacet
  facet normal -0.000000e+000 -5.501194e-001 -8.350860e-001
    outer loop
      vertex   -7.875000e+001 7.378975e+001 1.807850e+001
      vertex   -7.325000e+001 7.346874e+001 1.828996e+001
      vertex   -7.875000e+001 7.346874e+001 1.828996e+001
    endloop
  endfacet
  facet normal -0.000000e+000 -5.005694e-001 -8.656964e-001
    outer loop
      vertex   -7.875000e+001 7.346874e+001 1.828996e+001
      vertex   -7.325000e+001 7.313597e+001 1.848238e+001
      vertex   -7.875000e+001 7.313597e+001 1.848238e+001
    endloop
  endfacet
  facet normal 5.770706e-016 -4.493215e-001 -8.933701e-001
    outer loop
      vertex   -7.875000e+001 7.313597e+001 1.848238e+001
      vertex   -7.325000e+001 7.279256e+001 1.865510e+001
      vertex   -7.875000e+001 7.279256e+001 1.865510e+001
    endloop
  endfacet
  facet normal -0.000000e+000 -3.965494e-001 -9.180134e-001
    outer loop
      vertex   -7.875000e+001 7.279256e+001 1.865510e+001
      vertex   -7.325000e+001 7.243967e+001 1.880754e+001
      vertex   -7.875000e+001 7.243967e+001 1.880754e+001
    endloop
  endfacet
  facet normal 6.068956e-016 -3.424321e-001 -9.395426e-001
    outer loop
      vertex   -7.875000e+001 7.243967e+001 1.880754e+001
      vertex   -7.325000e+001 7.207851e+001 1.893917e+001
      vertex   -7.875000e+001 7.207851e+001 1.893917e+001
    endloop
  endfacet
  facet normal -0.000000e+000 -2.871532e-001 -9.578847e-001
    outer loop
      vertex   -7.875000e+001 7.207851e+001 1.893917e+001
      vertex   -7.325000e+001 7.171030e+001 1.904955e+001
      vertex   -7.875000e+001 7.171030e+001 1.904955e+001
    endloop
  endfacet
  facet normal -0.000000e+000 -2.309003e-001 -9.729774e-001
    outer loop
      vertex   -7.875000e+001 7.171030e+001 1.904955e+001
      vertex   -7.325000e+001 7.133629e+001 1.913831e+001
      vertex   -7.875000e+001 7.133629e+001 1.913831e+001
    endloop
  endfacet
  facet normal -0.000000e+000 -1.738641e-001 -9.847697e-001
    outer loop
      vertex   -7.875000e+001 7.133629e+001 1.913831e+001
      vertex   -7.325000e+001 7.095774e+001 1.920514e+001
      vertex   -7.875000e+001 7.095774e+001 1.920514e+001
    endloop
  endfacet
  facet normal -0.000000e+000 -1.162381e-001 -9.932214e-001
    outer loop
      vertex   -7.875000e+001 7.095774e+001 1.920514e+001
      vertex   -7.325000e+001 7.057595e+001 1.924982e+001
      vertex   -7.875000e+001 7.057595e+001 1.924982e+001
    endloop
  endfacet
  facet normal -0.000000e+000 -5.821778e-002 -9.983039e-001
    outer loop
      vertex   -7.875000e+001 7.057595e+001 1.924982e+001
      vertex   -7.325000e+001 7.019220e+001 1.927220e+001
      vertex   -7.875000e+001 7.019220e+001 1.927220e+001
    endloop
  endfacet
  facet normal -0.000000e+000 -0.000000e+000 -1.000000e+000
    outer loop
      vertex   -7.875000e+001 7.019220e+001 1.927220e+001
      vertex   -7.325000e+001 6.980780e+001 1.927220e+001
      vertex   -7.875000e+001 6.980780e+001 1.927220e+001
    endloop
  endfacet
  facet normal 0.000000e+000 5.821778e-002 -9.983039e-001
    outer loop
      vertex   -7.875000e+001 6.980780e+001 1.927220e+001
      vertex   -7.325000e+001 6.942405e+001 1.924982e+001
      vertex   -7.875000e+001 6.942405e+001 1.924982e+001
    endloop
  endfacet
  facet normal 0.000000e+000 1.162381e-001 -9.932214e-001
    outer loop
      vertex   -7.875000e+001 6.942405e+001 1.924982e+001
      vertex   -7.325000e+001 6.904226e+001 1.920514e+001
      vertex   -7.875000e+001 6.904226e+001 1.920514e+001
    endloop
  endfacet
  facet normal 0.000000e+000 1.738641e-001 -9.847697e-001
    outer loop
      vertex   -7.875000e+001 6.904226e+001 1.920514e+001
      vertex   -7.325000e+001 6.866371e+001 1.913831e+001
      vertex   -7.875000e+001 6.866371e+001 1.913831e+001
    endloop
  endfacet
  facet normal 0.000000e+000 2.309003e-001 -9.729774e-001
    outer loop
      vertex   -7.875000e+001 6.866371e+001 1.913831e+001
      vertex   -7.325000e+001 6.828970e+001 1.904955e+001
      vertex   -7.875000e+001 6.828970e+001 1.904955e+001
    endloop
  endfacet
  facet normal -6.187436e-016 2.871532e-001 -9.578847e-001
    outer loop
      vertex   -7.875000e+001 6.828970e+001 1.904955e+001
      vertex   -7.325000e+001 6.792149e+001 1.893917e+001
      vertex   -7.875000e+001 6.792149e+001 1.893917e+001
    endloop
  endfacet
  facet normal 0.000000e+000 3.424321e-001 -9.395426e-001
    outer loop
      vertex   -7.875000e+001 6.792149e+001 1.893917e+001
      vertex   -7.325000e+001 6.756033e+001 1.880754e+001
      vertex   -7.875000e+001 6.756033e+001 1.880754e+001
    endloop
  endfacet
  facet normal -5.929889e-016 3.965494e-001 -9.180134e-001
    outer loop
      vertex   -7.875000e+001 6.756033e+001 1.880754e+001
      vertex   -7.325000e+001 6.720744e+001 1.865510e+001
      vertex   -7.875000e+001 6.720744e+001 1.865510e+001
    endloop
  endfacet
  facet normal 0.000000e+000 4.493215e-001 -8.933701e-001
    outer loop
      vertex   -7.875000e+001 6.720744e+001 1.865510e+001
      vertex   -7.325000e+001 6.686403e+001 1.848238e+001
      vertex   -7.875000e+001 6.686403e+001 1.848238e+001
    endloop
  endfacet
  facet normal 0.000000e+000 5.005694e-001 -8.656964e-001
    outer loop
      vertex   -7.875000e+001 6.686403e+001 1.848238e+001
      vertex   -7.325000e+001 6.653126e+001 1.828996e+001
      vertex   -7.875000e+001 6.653126e+001 1.828996e+001
    endloop
  endfacet
  facet normal 0.000000e+000 5.501194e-001 -8.350860e-001
    outer loop
      vertex   -7.875000e+001 6.653126e+001 1.828996e+001
      vertex   -7.325000e+001 6.621025e+001 1.807850e+001
      vertex   -7.875000e+001 6.621025e+001 1.807850e+001
    endloop
  endfacet
  facet normal 0.000000e+000 5.978032e-001 -8.016429e-001
    outer loop
      vertex   -7.875000e+001 6.621025e+001 1.807850e+001
      vertex   -7.325000e+001 6.590210e+001 1.784870e+001
      vertex   -7.875000e+001 6.590210e+001 1.784870e+001
    endloop
  endfacet
  facet normal 0.000000e+000 6.434591e-001 -7.654805e-001
    outer loop
      vertex   -7.875000e+001 6.590210e+001 1.784870e+001
      vertex   -7.325000e+001 6.560785e+001 1.760136e+001
      vertex   -7.875000e+001 6.560785e+001 1.760136e+001
    endloop
  endfacet
  facet normal 0.000000e+000 6.869323e-001 -7.267214e-001
    outer loop
      vertex   -7.875000e+001 6.560785e+001 1.760136e+001
      vertex   -7.325000e+001 6.532849e+001 1.733730e+001
      vertex   -7.875000e+001 6.532849e+001 1.733730e+001
    endloop
  endfacet
  facet normal -4.427955e-016 7.280753e-001 -6.854972e-001
    outer loop
      vertex   -7.875000e+001 6.532849e+001 1.733730e+001
      vertex   -7.325000e+001 6.506499e+001 1.705743e+001
      vertex   -7.875000e+001 6.506499e+001 1.705743e+001
    endloop
  endfacet
  facet normal 0.000000e+000 7.667485e-001 -6.419476e-001
    outer loop
      vertex   -7.875000e+001 6.506499e+001 1.705743e+001
      vertex   -7.325000e+001 6.481822e+001 1.676269e+001
      vertex   -7.875000e+001 6.481822e+001 1.676269e+001
    endloop
  endfacet
  facet normal 0.000000e+000 8.028208e-001 -5.962204e-001
    outer loop
      vertex   -7.875000e+001 6.481822e+001 1.676269e+001
      vertex   -7.325000e+001 6.458904e+001 1.645408e+001
      vertex   -7.875000e+001 6.458904e+001 1.645408e+001
    endloop
  endfacet
  facet normal 0.000000e+000 8.361698e-001 -5.484707e-001
    outer loop
      vertex   -7.875000e+001 6.458904e+001 1.645408e+001
      vertex   -7.325000e+001 6.437820e+001 1.613266e+001
      vertex   -7.875000e+001 6.437820e+001 1.613266e+001
    endloop
  endfacet
  facet normal -1.611189e-016 8.666823e-001 -4.988605e-001
    outer loop
      vertex   -7.875000e+001 6.437820e+001 1.613266e+001
      vertex   -7.325000e+001 6.418644e+001 1.579951e+001
      vertex   -7.875000e+001 6.418644e+001 1.579951e+001
    endloop
  endfacet
  facet normal -1.445496e-016 8.942549e-001 -4.475580e-001
    outer loop
      vertex   -7.875000e+001 6.418644e+001 1.579951e+001
      vertex   -7.325000e+001 6.401440e+001 1.545575e+001
      vertex   -7.875000e+001 6.401440e+001 1.545575e+001
    endloop
  endfacet
  facet normal 1.274899e-016 9.187940e-001 -3.947374e-001
    outer loop
      vertex   -7.875000e+001 6.401440e+001 1.545575e+001
      vertex   -7.325000e+001 6.386266e+001 1.510257e+001
      vertex   -7.875000e+001 6.386266e+001 1.510257e+001
    endloop
  endfacet
  facet normal 0.000000e+000 9.402164e-001 -3.405777e-001
    outer loop
      vertex   -7.875000e+001 6.386266e+001 1.510257e+001
      vertex   -7.325000e+001 6.373174e+001 1.474115e+001
      vertex   -7.875000e+001 6.373174e+001 1.474115e+001
    endloop
  endfacet
  facet normal -9.213245e-017 9.584493e-001 -2.852628e-001
    outer loop
      vertex   -7.875000e+001 6.373174e+001 1.474115e+001
      vertex   -7.325000e+001 6.362209e+001 1.437272e+001
      vertex   -7.875000e+001 6.362209e+001 1.437272e+001
    endloop
  endfacet
  facet normal -7.395463e-017 9.734311e-001 -2.289802e-001
    outer loop
      vertex   -7.875000e+001 6.362209e+001 1.437272e+001
      vertex   -7.325000e+001 6.353407e+001 1.399853e+001
      vertex   -7.875000e+001 6.353407e+001 1.399853e+001
    endloop
  endfacet
  facet normal 1.106083e-015 9.851108e-001 -1.719208e-001
    outer loop
      vertex   -7.875000e+001 6.353407e+001 1.399853e+001
      vertex   -7.325000e+001 6.346798e+001 1.361986e+001
      vertex   -7.875000e+001 6.346798e+001 1.361986e+001
    endloop
  endfacet
  facet normal 0.000000e+000 9.934488e-001 -1.142782e-001
    outer loop
      vertex   -7.875000e+001 6.346798e+001 1.361986e+001
      vertex   -7.325000e+001 6.342405e+001 1.323798e+001
      vertex   -7.875000e+001 6.342405e+001 1.323798e+001
    endloop
  endfacet
  facet normal 0.000000e+000 9.984168e-001 -5.624802e-002
    outer loop
      vertex   -7.875000e+001 6.342405e+001 1.323798e+001
      vertex   -7.325000e+001 6.340243e+001 1.285418e+001
      vertex   -7.875000e+001 6.340243e+001 1.285418e+001
    endloop
  endfacet
  facet normal 6.372251e-019 9.999981e-001 1.972992e-003
    outer loop
      vertex   -7.875000e+001 6.340243e+001 1.285418e+001
      vertex   -7.325000e+001 6.340319e+001 1.246978e+001
      vertex   -7.875000e+001 6.340319e+001 1.246978e+001
    endloop
  endfacet
  facet normal 1.943893e-017 9.981871e-001 6.018731e-002
    outer loop
      vertex   -7.875000e+001 6.340319e+001 1.246978e+001
      vertex   -7.325000e+001 6.342633e+001 1.208608e+001
      vertex   -7.875000e+001 6.342633e+001 1.208608e+001
    endloop
  endfacet
  facet normal -3.817470e-017 9.929901e-001 1.181975e-001
    outer loop
      vertex   -7.875000e+001 6.342633e+001 1.208608e+001
      vertex   -7.325000e+001 6.347176e+001 1.170437e+001
      vertex   -7.875000e+001 6.347176e+001 1.170437e+001
    endloop
  endfacet
  facet normal 0.000000e+000 9.844247e-001 1.758067e-001
    outer loop
      vertex   -7.875000e+001 6.347176e+001 1.170437e+001
      vertex   -7.325000e+001 6.353934e+001 1.132596e+001
      vertex   -7.875000e+001 6.353934e+001 1.132596e+001
    endloop
  endfacet
  facet normal 7.519464e-017 9.725200e-001 2.328195e-001
    outer loop
      vertex   -7.875000e+001 6.353934e+001 1.132596e+001
      vertex   -7.325000e+001 6.362884e+001 1.095212e+001
      vertex   -7.875000e+001 6.362884e+001 1.095212e+001
    endloop
  endfacet
  facet normal 1.867065e-016 9.573162e-001 2.890426e-001
    outer loop
      vertex   -7.875000e+001 6.362884e+001 1.095212e+001
      vertex   -7.325000e+001 6.373995e+001 1.058413e+001
      vertex   -7.875000e+001 6.373995e+001 1.058413e+001
    endloop
  endfacet
  facet normal 3.335854e-016 9.388651e-001 3.442852e-001
    outer loop
      vertex   -7.875000e+001 6.373995e+001 1.058413e+001
      vertex   -7.325000e+001 6.387229e+001 1.022323e+001
      vertex   -7.875000e+001 6.387229e+001 1.022323e+001
    endloop
  endfacet
  facet normal 0.000000e+000 9.172292e-001 3.983599e-001
    outer loop
      vertex   -7.875000e+001 6.387229e+001 1.022323e+001
      vertex   -7.325000e+001 6.402542e+001 9.870648e+000
      vertex   -7.875000e+001 6.402542e+001 9.870648e+000
    endloop
  endfacet
  facet normal 0.000000e+000 8.924819e-001 4.510833e-001
    outer loop
      vertex   -7.875000e+001 6.402542e+001 9.870648e+000
      vertex   -7.325000e+001 6.419882e+001 9.527578e+000
      vertex   -7.875000e+001 6.419882e+001 9.527578e+000
    endloop
  endfacet
  facet normal 3.244445e-016 8.647071e-001 5.022765e-001
    outer loop
      vertex   -7.875000e+001 6.419882e+001 9.527578e+000
      vertex   -7.325000e+001 6.439189e+001 9.195184e+000
      vertex   -7.875000e+001 6.439189e+001 9.195184e+000
    endloop
  endfacet
  facet normal -1.976674e-015 8.339990e-001 5.517659e-001
    outer loop
      vertex   -7.875000e+001 6.439189e+001 9.195184e+000
      vertex   -7.325000e+001 6.460399e+001 8.874595e+000
      vertex   -7.875000e+001 6.460399e+001 8.874595e+000
    endloop
  endfacet
  facet normal 0.000000e+000 8.004619e-001 5.993836e-001
    outer loop
      vertex   -7.875000e+001 6.460399e+001 8.874595e+000
      vertex   -7.325000e+001 6.483439e+001 8.566897e+000
      vertex   -7.875000e+001 6.483439e+001 8.566897e+000
    endloop
  endfacet
  facet normal 0.000000e+000 7.642095e-001 6.449681e-001
    outer loop
      vertex   -7.875000e+001 6.483439e+001 8.566897e+000
      vertex   -7.325000e+001 6.508232e+001 8.273134e+000
      vertex   -7.875000e+001 6.508232e+001 8.273134e+000
    endloop
  endfacet
  facet normal 0.000000e+000 7.253647e-001 6.883648e-001
    outer loop
      vertex   -7.875000e+001 6.508232e+001 8.273134e+000
      vertex   -7.325000e+001 6.534693e+001 7.994304e+000
      vertex   -7.875000e+001 6.534693e+001 7.994304e+000
    endloop
  endfacet
  facet normal 2.355857e-016 6.840593e-001 7.294264e-001
    outer loop
      vertex   -7.875000e+001 6.534693e+001 7.994304e+000
      vertex   -7.325000e+001 6.562732e+001 7.731351e+000
      vertex   -7.875000e+001 6.562732e+001 7.731351e+000
    endloop
  endfacet
  facet normal 0.000000e+000 6.404335e-001 7.680136e-001
    outer loop
      vertex   -7.875000e+001 6.562732e+001 7.731351e+000
      vertex   -7.325000e+001 6.592254e+001 7.485169e+000
      vertex   -7.875000e+001 6.592254e+001 7.485169e+000
    endloop
  endfacet
  facet normal 0.000000e+000 5.946352e-001 8.039956e-001
    outer loop
      vertex   -7.875000e+001 6.592254e+001 7.485169e+000
      vertex   -7.325000e+001 6.623160e+001 7.256590e+000
      vertex   -7.875000e+001 6.623160e+001 7.256590e+000
    endloop
  endfacet
  facet normal 0.000000e+000 5.468198e-001 8.372503e-001
    outer loop
      vertex   -7.875000e+001 6.623160e+001 7.256590e+000
      vertex   -7.325000e+001 6.655344e+001 7.046393e+000
      vertex   -7.875000e+001 6.655344e+001 7.046393e+000
    endloop
  endfacet
  facet normal 2.802332e-016 4.971495e-001 8.676649e-001
    outer loop
      vertex   -7.875000e+001 6.655344e+001 7.046393e+000
      vertex   -7.325000e+001 6.688697e+001 6.855288e+000
      vertex   -7.875000e+001 6.688697e+001 6.855288e+000
    endloop
  endfacet
  facet normal 2.891057e-016 4.457928e-001 8.951362e-001
    outer loop
      vertex   -7.875000e+001 6.688697e+001 6.855288e+000
      vertex   -7.325000e+001 6.723106e+001 6.683925e+000
      vertex   -7.875000e+001 6.723106e+001 6.683925e+000
    endloop
  endfacet
  facet normal 0.000000e+000 3.929239e-001 9.195710e-001
    outer loop
      vertex   -7.875000e+001 6.723106e+001 6.683925e+000
      vertex   -7.325000e+001 6.758454e+001 6.532885e+000
      vertex   -7.875000e+001 6.758454e+001 6.532885e+000
    endloop
  endfacet
  facet normal 0.000000e+000 3.387220e-001 9.408865e-001
    outer loop
      vertex   -7.875000e+001 6.758454e+001 6.532885e+000
      vertex   -7.325000e+001 6.794622e+001 6.402680e+000
      vertex   -7.875000e+001 6.794622e+001 6.402680e+000
    endloop
  endfacet
  facet normal 1.548677e-016 2.833712e-001 9.590103e-001
    outer loop
      vertex   -7.875000e+001 6.794622e+001 6.402680e+000
      vertex   -7.325000e+001 6.831487e+001 6.293752e+000
      vertex   -7.875000e+001 6.831487e+001 6.293752e+000
    endloop
  endfacet
  facet normal -4.294044e-016 2.270591e-001 9.738810e-001
    outer loop
      vertex   -7.875000e+001 6.831487e+001 6.293752e+000
      vertex   -7.325000e+001 6.868923e+001 6.206471e+000
      vertex   -7.875000e+001 6.868923e+001 6.206471e+000
    endloop
  endfacet
  facet normal 0.000000e+000 1.699768e-001 9.854481e-001
    outer loop
      vertex   -7.875000e+001 6.868923e+001 6.206471e+000
      vertex   -7.325000e+001 6.906803e+001 6.141132e+000
      vertex   -7.875000e+001 6.906803e+001 6.141132e+000
    endloop
  endfacet
endsolid
