solid OpenSCAD_Model
  facet normal 0 0 -1
    outer loop
      vertex -15.936921935819695 -6.601289208297799 0
      vertex -15.593815306379398 7.375325361672366 0
      vertex -15.593815306379398 -7.375325361672366 0
    endloop
  endfacet
  facet normal 0 0 -1
    outer loop
      vertex -15.213141810009125 -8.13159371024846 0
      vertex -15.593815306379398 -7.375325361672366 0
      vertex -15.213141810009125 8.13159371024846 0
    endloop
  endfacet
  facet normal 0 0 -1
    outer loop
      vertex -16.733039117605884 -4.191408103331302 0
      vertex -16.918546086955725 -3.3653080547782124 0
      vertex -16.733039117605884 4.191408103331302 0
    endloop
  endfacet
  facet normal 0 0 -1
    outer loop
      vertex -16.241635124407107 -5.811349971015796 0
      vertex -16.507220791380604 -5.007410682639475 0
      vertex -16.241635124407107 5.811349971015796 0
    endloop
  endfacet
  facet normal 0 0 -1
    outer loop
      vertex -16.507220791380604 -5.007410682639475 0
      vertex -16.733039117605884 -4.191408103331302 0
      vertex -16.507220791380604 5.007410682639475 0
    endloop
  endfacet
  facet normal 0 0 -1
    outer loop
      vertex -17.06329479689247 -2.5311006843549904 0
      vertex -17.166936535095395 -1.6907956706849203 0
      vertex -17.06329479689247 2.5311006843549904 0
    endloop
  endfacet
  facet normal 0 0 -1
    outer loop
      vertex -16.918546086955725 -3.3653080547782124 0
      vertex -17.06329479689247 -2.5311006843549904 0
      vertex -16.918546086955725 3.3653080547782124 0
    endloop
  endfacet
  facet normal 0 0 -1
    outer loop
      vertex -17.166936535095395 -1.6907956706849203 0
      vertex -17.229221619539224 -0.8464173821479608 0
      vertex -17.166936535095395 1.6907956706849203 0
    endloop
  endfacet
  facet normal 0 0 -1
    outer loop
      vertex -15.936921935819695 -6.601289208297799 0
      vertex -16.241635124407107 -5.811349971015796 0
      vertex -15.936921935819695 6.601289208297799 0
    endloop
  endfacet
  facet normal 0 0 -1
    outer loop
      vertex -14.795818522504693 -8.868272337333076 0
      vertex -15.213141810009125 -8.13159371024846 0
      vertex -14.795818522504693 8.868272337333076 0
    endloop
  endfacet
  facet normal 0 0 -1
    outer loop
      vertex -14.795818522504693 -8.868272337333076 0
      vertex -14.342850812218906 9.583586519588138 0
      vertex -14.342850812218906 -9.583586519588138 0
    endloop
  endfacet
  facet normal 0 0 -1
    outer loop
      vertex -14.342850812218906 -9.583586519588138 0
      vertex -13.855329918041125 10.275813002494475 0
      vertex -13.855329918041125 -10.275813002494475 0
    endloop
  endfacet
  facet normal 0 0 -1
    outer loop
      vertex -13.334430320507213 -10.943284151822885 0
      vertex -13.855329918041125 -10.275813002494475 0
      vertex -13.334430320507213 10.943284151822885 0
    endloop
  endfacet
  facet normal 0 0 -1
    outer loop
      vertex -13.334430320507213 -10.943284151822885 0
      vertex -12.781406912373045 11.584391971111067 0
      vertex -12.781406912373045 -11.584391971111067 0
    endloop
  endfacet
  facet normal 0 0 -1
    outer loop
      vertex -10.943284151822885 -13.334430320507213 0
      vertex -10.275813002494475 13.855329918041125 0
      vertex -10.275813002494475 -13.855329918041125 0
    endloop
  endfacet
  facet normal 0 0 -1
    outer loop
      vertex -10.275813002494475 -13.855329918041125 0
      vertex -9.583586519588138 14.342850812218906 0
      vertex -9.583586519588138 -14.342850812218906 0
    endloop
  endfacet
  facet normal 0 0 -1
    outer loop
      vertex -9.583586519588138 -14.342850812218906 0
      vertex -8.868272337333076 14.795818522504693 0
      vertex -8.868272337333076 -14.795818522504693 0
    endloop
  endfacet
  facet normal 0 0 -1
    outer loop
      vertex -12.197591975467946 -12.197591975467946 0
      vertex -12.781406912373045 -11.584391971111067 0
      vertex -12.197591975467946 12.197591975467946 0
    endloop
  endfacet
  facet normal 0 0 -1
    outer loop
      vertex -12.197591975467946 -12.197591975467946 0
      vertex -11.584391971111067 12.781406912373045 0
      vertex -11.584391971111067 -12.781406912373045 0
    endloop
  endfacet
  facet normal 0 0 -1
    outer loop
      vertex -10.943284151822885 -13.334430320507213 0
      vertex -11.584391971111067 -12.781406912373045 0
      vertex -10.943284151822885 13.334430320507213 0
    endloop
  endfacet
  facet normal 0 0 -1
    outer loop
      vertex -5.007410682639475 -16.507220791380604 0
      vertex -4.01000140470713 -6.690283158002122 0
      vertex -4.191408103331302 -16.733039117605884 0
    endloop
  endfacet
  facet normal 0 0 -1
    outer loop
      vertex -8.13159371024846 -15.213141810009125 0
      vertex -7.344043708427562 -2.6277408564593165 0
      vertex -7.375325361672366 -15.593815306379398 0
    endloop
  endfacet
  facet normal 0 0 -1
    outer loop
      vertex -7.375325361672366 -15.593815306379398 0
      vertex -6.4854629759598525 -4.333447817552897 0
      vertex -6.601289208297799 -15.936921935819695 0
    endloop
  endfacet
  facet normal 0 0 -1
    outer loop
      vertex -6.601289208297799 -15.936921935819695 0
      vertex -5.779418777768681 -5.2381598478067435 0
      vertex -5.811349971015796 -16.241635124407107 0
    endloop
  endfacet
  facet normal 0 0 -1
    outer loop
      vertex -5.811349971015796 -16.241635124407107 0
      vertex -4.948267616476435 -6.029481536229349 0
      vertex -5.007410682639475 -16.507220791380604 0
    endloop
  endfacet
  facet normal 0 0 -1
    outer loop
      vertex -6.601289208297799 -15.936921935819695 0
      vertex -6.029481536229349 -4.948267616476435 0
      vertex -5.779418777768681 -5.2381598478067435 0
    endloop
  endfacet
  facet normal 0 0 -1
    outer loop
      vertex -5.811349971015796 -16.241635124407107 0
      vertex -5.515432893255071 -5.515432893255071 0
      vertex -5.2381598478067435 -5.779418777768681 0
    endloop
  endfacet
  facet normal 0 0 -1
    outer loop
      vertex -5.811349971015796 -16.241635124407107 0
      vertex -5.779418777768681 -5.2381598478067435 0
      vertex -5.515432893255071 -5.515432893255071 0
    endloop
  endfacet
  facet normal 0 0 -1
    outer loop
      vertex -5.007410682639475 -16.507220791380604 0
      vertex -4.6464545750409805 -6.26501874554903 0
      vertex -4.333447817552897 -6.4854629759598525 0
    endloop
  endfacet
  facet normal 0 0 -1
    outer loop
      vertex -5.007410682639475 -16.507220791380604 0
      vertex -4.333447817552897 -6.4854629759598525 0
      vertex -4.01000140470713 -6.690283158002122 0
    endloop
  endfacet
  facet normal 0 0 -1
    outer loop
      vertex -5.811349971015796 -16.241635124407107 0
      vertex -5.2381598478067435 -5.779418777768681 0
      vertex -4.948267616476435 -6.029481536229349 0
    endloop
  endfacet
  facet normal 0 0 -1
    outer loop
      vertex -5.007410682639475 -16.507220791380604 0
      vertex -4.948267616476435 -6.029481536229349 0
      vertex -4.6464545750409805 -6.26501874554903 0
    endloop
  endfacet
  facet normal 0 0 -1
    outer loop
      vertex -4.191408103331302 -16.733039117605884 0
      vertex -3.3349297287562 -7.051116486362858 0
      vertex -3.3653080547782124 -16.918546086955725 0
    endloop
  endfacet
  facet normal 0 0 -1
    outer loop
      vertex -3.3653080547782124 -16.918546086955725 0
      vertex -2.2642204825848062 -7.4641346187112285 0
      vertex -2.5311006843549904 -17.06329479689247 0
    endloop
  endfacet
  facet normal 0 0 -1
    outer loop
      vertex -1.6907956706849203 -17.166936535095395 0
      vertex -0.7645336945705727 -7.762440868043136 0
      vertex -0.8464173821479608 -17.229221619539224 0
    endloop
  endfacet
  facet normal 0 0 -1
    outer loop
      vertex -2.5311006843549904 -17.06329479689247 0
      vertex -1.5217045117258003 -7.650125187145197 0
      vertex -1.6907956706849203 -17.166936535095395 0
    endloop
  endfacet
  facet normal 0 0 -1
    outer loop
      vertex -0.8464173821479608 -17.229221619539224 0
      vertex 0 -7.8 0
      vertex 0 -17.25 0
    endloop
  endfacet
  facet normal 0 0 -1
    outer loop
      vertex -4.191408103331302 -16.733039117605884 0
      vertex -4.01000140470713 -6.690283158002122 0
      vertex -3.6768945472427816 -6.878985861917169 0
    endloop
  endfacet
  facet normal 0 0 -1
    outer loop
      vertex -4.191408103331302 -16.733039117605884 0
      vertex -3.6768945472427816 -6.878985861917169 0
      vertex -3.3349297287562 -7.051116486362858 0
    endloop
  endfacet
  facet normal 0 0 -1
    outer loop
      vertex -3.3653080547782124 -16.918546086955725 0
      vertex -3.3349297287562 -7.051116486362858 0
      vertex -2.9849307724477003 -7.2062603535880365 0
    endloop
  endfacet
  facet normal 0 0 -1
    outer loop
      vertex -3.3653080547782124 -16.918546086955725 0
      vertex -2.9849307724477003 -7.2062603535880365 0
      vertex -2.6277408564593165 -7.344043708427562 0
    endloop
  endfacet
  facet normal 0 0 -1
    outer loop
      vertex -3.3653080547782124 -16.918546086955725 0
      vertex -2.6277408564593165 -7.344043708427562 0
      vertex -2.2642204825848062 -7.4641346187112285 0
    endloop
  endfacet
  facet normal 0 0 -1
    outer loop
      vertex -2.5311006843549904 -17.06329479689247 0
      vertex -2.2642204825848062 -7.4641346187112285 0
      vertex -1.8952454032454582 -7.566243774917443 0
    endloop
  endfacet
  facet normal 0 0 -1
    outer loop
      vertex -1.6907956706849203 -17.166936535095395 0
      vertex -1.5217045117258003 -7.650125187145197 0
      vertex -1.1444977007518216 -7.715576777725292 0
    endloop
  endfacet
  facet normal 0 0 -1
    outer loop
      vertex -1.6907956706849203 -17.166936535095395 0
      vertex -1.1444977007518216 -7.715576777725292 0
      vertex -0.7645336945705727 -7.762440868043136 0
    endloop
  endfacet
  facet normal 0 0 -1
    outer loop
      vertex -0.8464173821479608 -17.229221619539224 0
      vertex -0.7645336945705727 -7.762440868043136 0
      vertex -0.38272785975386053 -7.790604558400345 0
    endloop
  endfacet
  facet normal 0 0 -1
    outer loop
      vertex -0.8464173821479608 -17.229221619539224 0
      vertex -0.38272785975386053 -7.790604558400345 0
      vertex 0 -7.8 0
    endloop
  endfacet
  facet normal 0 0 -1
    outer loop
      vertex -2.5311006843549904 -17.06329479689247 0
      vertex -1.8952454032454582 -7.566243774917443 0
      vertex -1.5217045117258003 -7.650125187145197 0
    endloop
  endfacet
  facet normal -0.7242470829514683 -0.6895405447370655 0
    outer loop
      vertex -5.515432893255071 -5.515432893255071 -2
      vertex -5.515432893255071 -5.515432893255071 0
      vertex -5.779418777768681 -5.2381598478067435 -2
    endloop
  endfacet
  facet normal -0.8175848131515844 -0.5758081914178442 0
    outer loop
      vertex -6.4854629759598525 -4.333447817552897 -2
      vertex -6.26501874554903 -4.6464545750409805 -2
      vertex -6.26501874554903 -4.6464545750409805 0
    endloop
  endfacet
  facet normal -0.7883464276266063 -0.6152315905806266 0
    outer loop
      vertex -6.029481536229349 -4.948267616476435 -2
      vertex -6.029481536229349 -4.948267616476435 0
      vertex -6.26501874554903 -4.6464545750409805 -2
    endloop
  endfacet
  facet normal -0.7572088465064847 -0.6531728429537766 0
    outer loop
      vertex -6.029481536229349 -4.948267616476435 -2
      vertex -5.779418777768681 -5.2381598478067435 -2
      vertex -5.779418777768681 -5.2381598478067435 0
    endloop
  endfacet
  facet normal -0.6531728429537766 -0.7572088465064847 0
    outer loop
      vertex -4.948267616476435 -6.029481536229349 -2
      vertex -4.948267616476435 -6.029481536229349 0
      vertex -5.2381598478067435 -5.779418777768681 -2
    endloop
  endfacet
  facet normal -0.6895405447370655 -0.7242470829514683 0
    outer loop
      vertex -5.515432893255071 -5.515432893255071 -2
      vertex -5.2381598478067435 -5.779418777768681 -2
      vertex -5.2381598478067435 -5.779418777768681 0
    endloop
  endfacet
  facet normal -0.6152315905806266 -0.7883464276266063 0
    outer loop
      vertex -4.948267616476435 -6.029481536229349 -2
      vertex -4.6464545750409805 -6.26501874554903 -2
      vertex -4.6464545750409805 -6.26501874554903 0
    endloop
  endfacet
  facet normal -0.5758081914178442 -0.8175848131515844 0
    outer loop
      vertex -4.333447817552897 -6.4854629759598525 -2
      vertex -4.333447817552897 -6.4854629759598525 0
      vertex -4.6464545750409805 -6.26501874554903 -2
    endloop
  endfacet
  facet normal 0 0 -1
    outer loop
      vertex -7.566243774917443 -1.8952454032454582 -2
      vertex -7.650125187145197 -1.5217045117258003 -2
      vertex -7.566243774917443 1.8952454032454582 -2
    endloop
  endfacet
  facet normal 0 0 -1
    outer loop
      vertex -7.650125187145197 -1.5217045117258003 -2
      vertex -7.715576777725292 -1.1444977007518216 -2
      vertex -7.650125187145197 1.5217045117258003 -2
    endloop
  endfacet
  facet normal 0 0 -1
    outer loop
      vertex -7.715576777725292 -1.1444977007518216 -2
      vertex -7.762440868043136 -0.7645336945705727 -2
      vertex -7.715576777725292 1.1444977007518216 -2
    endloop
  endfacet
  facet normal 0 0 -1
    outer loop
      vertex -7.762440868043136 -0.7645336945705727 -2
      vertex -7.790604558400345 -0.38272785975386053 -2
      vertex -7.762440868043136 0.7645336945705727 -2
    endloop
  endfacet
  facet normal 0 0 -1
    outer loop
      vertex -7.051116486362858 -3.3349297287562 -2
      vertex -6.878985861917169 3.6768945472427816 -2
      vertex -6.878985861917169 -3.6768945472427816 -2
    endloop
  endfacet
  facet normal 0 0 -1
    outer loop
      vertex -6.690283158002122 -4.01000140470713 -2
      vertex -6.878985861917169 -3.6768945472427816 -2
      vertex -6.690283158002122 4.01000140470713 -2
    endloop
  endfacet
  facet normal 0 0 -1
    outer loop
      vertex -6.4854629759598525 -4.333447817552897 -2
      vertex -6.690283158002122 -4.01000140470713 -2
      vertex -6.4854629759598525 4.333447817552897 -2
    endloop
  endfacet
  facet normal 0 0 -1
    outer loop
      vertex -7.4641346187112285 -2.2642204825848062 -2
      vertex -7.566243774917443 -1.8952454032454582 -2
      vertex -7.4641346187112285 2.2642204825848062 -2
    endloop
  endfacet
  facet normal 0 0 -1
    outer loop
      vertex -7.344043708427562 -2.6277408564593165 -2
      vertex -7.4641346187112285 -2.2642204825848062 -2
      vertex -7.344043708427562 2.6277408564593165 -2
    endloop
  endfacet
  facet normal 0 0 -1
    outer loop
      vertex -7.2062603535880365 -2.9849307724477003 -2
      vertex -7.344043708427562 -2.6277408564593165 -2
      vertex -7.2062603535880365 2.9849307724477003 -2
    endloop
  endfacet
  facet normal 0 0 -1
    outer loop
      vertex -7.051116486362858 -3.3349297287562 -2
      vertex -7.2062603535880365 -2.9849307724477003 -2
      vertex -7.051116486362858 3.3349297287562 -2
    endloop
  endfacet
  facet normal 0 0 -1
    outer loop
      vertex -6.4854629759598525 -4.333447817552897 -2
      vertex -6.26501874554903 4.6464545750409805 -2
      vertex -6.26501874554903 -4.6464545750409805 -2
    endloop
  endfacet
  facet normal 0 0 -1
    outer loop
      vertex -6.029481536229349 -4.948267616476435 -2
      vertex -6.26501874554903 -4.6464545750409805 -2
      vertex -6.029481536229349 4.948267616476435 -2
    endloop
  endfacet
  facet normal 0 0 -1
    outer loop
      vertex -6.029481536229349 -4.948267616476435 -2
      vertex -5.779418777768681 5.2381598478067435 -2
      vertex -5.779418777768681 -5.2381598478067435 -2
    endloop
  endfacet
  facet normal 0 0 -1
    outer loop
      vertex -5.779418777768681 -5.2381598478067435 -2
      vertex -5.779418777768681 5.2381598478067435 -2
      vertex -5.705 -3.293783285726815 -2
    endloop
  endfacet
  facet normal -0.8700869911087115 -0.4928981922297838 0
    outer loop
      vertex -6.690283158002122 -4.01000140470713 -2
      vertex -6.690283158002122 -4.01000140470713 0
      vertex -6.878985861917169 -3.6768945472427816 -2
    endloop
  endfacet
  facet normal -0.8448535652497068 -0.5349976198870978 0
    outer loop
      vertex -6.4854629759598525 -4.333447817552897 -2
      vertex -6.4854629759598525 -4.333447817552897 0
      vertex -6.690283158002122 -4.01000140470713 -2
    endloop
  endfacet
  facet normal -0.8932243011955151 -0.449611329654607 0
    outer loop
      vertex -7.051116486362858 -3.3349297287562 -2
      vertex -6.878985861917169 -3.6768945472427816 -2
      vertex -6.878985861917169 -3.6768945472427816 0
    endloop
  endfacet
  facet normal -0.9142097557035306 -0.40524131400498997 0
    outer loop
      vertex -7.051116486362858 -3.3349297287562 -2
      vertex -7.051116486362858 -3.3349297287562 0
      vertex -7.2062603535880365 -2.9849307724477003 -2
    endloop
  endfacet
  facet normal -0.9329927988347387 -0.35989503653498855 0
    outer loop
      vertex -7.2062603535880365 -2.9849307724477003 -2
      vertex -7.2062603535880365 -2.9849307724477003 0
      vertex -7.344043708427562 -2.6277408564593165 -2
    endloop
  endfacet
  facet normal -0.9495281805930372 -0.31368174039888974 0
    outer loop
      vertex -7.344043708427562 -2.6277408564593165 -2
      vertex -7.344043708427562 -2.6277408564593165 0
      vertex -7.4641346187112285 -2.2642204825848062 -2
    endloop
  endfacet
  facet normal -0.9757021300385287 -0.21910124015686894 0
    outer loop
      vertex -7.566243774917443 -1.8952454032454582 -2
      vertex -7.566243774917443 -1.8952454032454582 0
      vertex -7.650125187145197 -1.5217045117258003 -2
    endloop
  endfacet
  facet normal -0.9852776423889411 -0.17096188876030238 0
    outer loop
      vertex -7.650125187145197 -1.5217045117258003 -2
      vertex -7.650125187145197 -1.5217045117258003 0
      vertex -7.715576777725292 -1.1444977007518216 -2
    endloop
  endfacet
  facet normal -0.99247953459871 -0.12241067519921622 0
    outer loop
      vertex -7.715576777725292 -1.1444977007518216 -2
      vertex -7.715576777725292 -1.1444977007518216 0
      vertex -7.762440868043136 -0.7645336945705727 -2
    endloop
  endfacet
  facet normal -0.9972904566786902 -0.07356456359966727 0
    outer loop
      vertex -7.762440868043136 -0.7645336945705727 -2
      vertex -7.762440868043136 -0.7645336945705727 0
      vertex -7.790604558400345 -0.38272785975386053 -2
    endloop
  endfacet
  facet normal -0.9996988186962042 -0.024541228522911688 0
    outer loop
      vertex -7.790604558400345 -0.38272785975386053 -2
      vertex -7.790604558400345 -0.38272785975386053 0
      vertex -7.8 0 -2
    endloop
  endfacet
  facet normal -0.9637760657954395 -0.26671275747490003 0
    outer loop
      vertex -7.4641346187112285 -2.2642204825848062 -2
      vertex -7.4641346187112285 -2.2642204825848062 0
      vertex -7.566243774917443 -1.8952454032454582 -2
    endloop
  endfacet
  facet normal 0 0 -1
    outer loop
      vertex -4.333447817552897 -6.4854629759598525 -2
      vertex 0 -6.58756657145363 -2
      vertex -4.01000140470713 -6.690283158002122 -2
    endloop
  endfacet
  facet normal 0 0 -1
    outer loop
      vertex -4.01000140470713 -6.690283158002122 -2
      vertex 0 -6.58756657145363 -2
      vertex -3.6768945472427816 -6.878985861917169 -2
    endloop
  endfacet
  facet normal 0 0 -1
    outer loop
      vertex -3.3349297287562 -7.051116486362858 -2
      vertex -3.6768945472427816 -6.878985861917169 -2
      vertex 0 -6.58756657145363 -2
    endloop
  endfacet
  facet normal 0 0 -1
    outer loop
      vertex -5.515432893255071 -5.515432893255071 -2
      vertex 0 -6.58756657145363 -2
      vertex -5.2381598478067435 -5.779418777768681 -2
    endloop
  endfacet
  facet normal 0 0 -1
    outer loop
      vertex -4.948267616476435 -6.029481536229349 -2
      vertex -5.2381598478067435 -5.779418777768681 -2
      vertex 0 -6.58756657145363 -2
    endloop
  endfacet
  facet normal 0 0 -1
    outer loop
      vertex -5.515432893255071 -5.515432893255071 -2
      vertex -5.779418777768681 -5.2381598478067435 -2
      vertex 0 -6.58756657145363 -2
    endloop
  endfacet
  facet normal 0 0 -1
    outer loop
      vertex -5.779418777768681 -5.2381598478067435 -2
      vertex -5.705 -3.293783285726815 -2
      vertex 0 -6.58756657145363 -2
    endloop
  endfacet
  facet normal 0 0 -1
    outer loop
      vertex -4.948267616476435 -6.029481536229349 -2
      vertex 0 -6.58756657145363 -2
      vertex -4.6464545750409805 -6.26501874554903 -2
    endloop
  endfacet
  facet normal 0 0 -1
    outer loop
      vertex -4.333447817552897 -6.4854629759598525 -2
      vertex -4.6464545750409805 -6.26501874554903 -2
      vertex 0 -6.58756657145363 -2
    endloop
  endfacet
  facet normal 0 0 -1
    outer loop
      vertex -2.9849307724477003 -7.2062603535880365 -2
      vertex 0 -6.58756657145363 -2
      vertex -2.6277408564593165 -7.344043708427562 -2
    endloop
  endfacet
  facet normal 0 0 -1
    outer loop
      vertex -2.6277408564593165 -7.344043708427562 -2
      vertex 0 -6.58756657145363 -2
      vertex -2.2642204825848062 -7.4641346187112285 -2
    endloop
  endfacet
  facet normal 0 0 -1
    outer loop
      vertex -3.3349297287562 -7.051116486362858 -2
      vertex 0 -6.58756657145363 -2
      vertex -2.9849307724477003 -7.2062603535880365 -2
    endloop
  endfacet
  facet normal 0 0 -1
    outer loop
      vertex -2.2642204825848062 -7.4641346187112285 -2
      vertex 0 -6.58756657145363 -2
      vertex -1.8952454032454582 -7.566243774917443 -2
    endloop
  endfacet
  facet normal 0 0 -1
    outer loop
      vertex -1.8952454032454582 -7.566243774917443 -2
      vertex 0 -6.58756657145363 -2
      vertex -1.5217045117258003 -7.650125187145197 -2
    endloop
  endfacet
  facet normal 0 0 -1
    outer loop
      vertex -1.5217045117258003 -7.650125187145197 -2
      vertex 0 -6.58756657145363 -2
      vertex -1.1444977007518216 -7.715576777725292 -2
    endloop
  endfacet
  facet normal 0 0 -1
    outer loop
      vertex -1.1444977007518216 -7.715576777725292 -2
      vertex 0 -6.58756657145363 -2
      vertex -0.7645336945705727 -7.762440868043136 -2
    endloop
  endfacet
  facet normal 0 0 -1
    outer loop
      vertex -0.7645336945705727 -7.762440868043136 -2
      vertex 0 -6.58756657145363 -2
      vertex -0.38272785975386053 -7.790604558400345 -2
    endloop
  endfacet
  facet normal 0 0 -1
    outer loop
      vertex -0.38272785975386053 -7.790604558400345 -2
      vertex 0 -6.58756657145363 -2
      vertex 0 -7.8 -2
    endloop
  endfacet
  facet normal -0.5349976198870978 -0.8448535652497068 0
    outer loop
      vertex -4.333447817552897 -6.4854629759598525 -2
      vertex -4.01000140470713 -6.690283158002122 -2
      vertex -4.01000140470713 -6.690283158002122 0
    endloop
  endfacet
  facet normal -0.4928981922297838 -0.8700869911087115 0
    outer loop
      vertex -4.01000140470713 -6.690283158002122 -2
      vertex -3.6768945472427816 -6.878985861917169 -2
      vertex -3.6768945472427816 -6.878985861917169 0
    endloop
  endfacet
  facet normal -0.449611329654607 -0.8932243011955151 0
    outer loop
      vertex -3.3349297287562 -7.051116486362858 -2
      vertex -3.3349297287562 -7.051116486362858 0
      vertex -3.6768945472427816 -6.878985861917169 -2
    endloop
  endfacet
  facet normal -0.40524131400498997 -0.9142097557035306 0
    outer loop
      vertex -3.3349297287562 -7.051116486362858 -2
      vertex -2.9849307724477003 -7.2062603535880365 -2
      vertex -2.9849307724477003 -7.2062603535880365 0
    endloop
  endfacet
  facet normal -0.35989503653498855 -0.9329927988347387 0
    outer loop
      vertex -2.9849307724477003 -7.2062603535880365 -2
      vertex -2.6277408564593165 -7.344043708427562 -2
      vertex -2.6277408564593165 -7.344043708427562 0
    endloop
  endfacet
  facet normal -0.31368174039888974 -0.9495281805930372 0
    outer loop
      vertex -2.6277408564593165 -7.344043708427562 -2
      vertex -2.2642204825848062 -7.4641346187112285 -2
      vertex -2.2642204825848062 -7.4641346187112285 0
    endloop
  endfacet
  facet normal -0.21910124015686894 -0.9757021300385287 0
    outer loop
      vertex -1.8952454032454582 -7.566243774917443 -2
      vertex -1.5217045117258003 -7.650125187145197 -2
      vertex -1.5217045117258003 -7.650125187145197 0
    endloop
  endfacet
  facet normal -0.17096188876030238 -0.9852776423889411 0
    outer loop
      vertex -1.5217045117258003 -7.650125187145197 -2
      vertex -1.1444977007518216 -7.715576777725292 -2
      vertex -1.1444977007518216 -7.715576777725292 0
    endloop
  endfacet
  facet normal -0.26671275747490003 -0.9637760657954395 0
    outer loop
      vertex -2.2642204825848062 -7.4641346187112285 -2
      vertex -1.8952454032454582 -7.566243774917443 -2
      vertex -1.8952454032454582 -7.566243774917443 0
    endloop
  endfacet
  facet normal -0.12241067519921622 -0.99247953459871 0
    outer loop
      vertex -1.1444977007518216 -7.715576777725292 -2
      vertex -0.7645336945705727 -7.762440868043136 -2
      vertex -0.7645336945705727 -7.762440868043136 0
    endloop
  endfacet
  facet normal -0.07356456359966727 -0.9972904566786902 0
    outer loop
      vertex -0.7645336945705727 -7.762440868043136 -2
      vertex -0.38272785975386053 -7.790604558400345 -2
      vertex -0.38272785975386053 -7.790604558400345 0
    endloop
  endfacet
  facet normal -0.024541228522911688 -0.9996988186962042 0
    outer loop
      vertex -0.38272785975386053 -7.790604558400345 -2
      vertex 0 -7.8 -2
      vertex 0 -7.8 0
    endloop
  endfacet
  facet normal -0.6895405447370655 -0.7242470829514683 0
    outer loop
      vertex -5.515432893255071 -5.515432893255071 -2
      vertex -5.2381598478067435 -5.779418777768681 0
      vertex -5.515432893255071 -5.515432893255071 0
    endloop
  endfacet
  facet normal -0.7572088465064847 -0.6531728429537766 0
    outer loop
      vertex -6.029481536229349 -4.948267616476435 -2
      vertex -5.779418777768681 -5.2381598478067435 0
      vertex -6.029481536229349 -4.948267616476435 0
    endloop
  endfacet
  facet normal -0.8175848131515844 -0.5758081914178442 0
    outer loop
      vertex -6.4854629759598525 -4.333447817552897 -2
      vertex -6.26501874554903 -4.6464545750409805 0
      vertex -6.4854629759598525 -4.333447817552897 0
    endloop
  endfacet
  facet normal -0.7883464276266063 -0.6152315905806266 0
    outer loop
      vertex -6.26501874554903 -4.6464545750409805 -2
      vertex -6.029481536229349 -4.948267616476435 0
      vertex -6.26501874554903 -4.6464545750409805 0
    endloop
  endfacet
  facet normal -0.7242470829514683 -0.6895405447370655 0
    outer loop
      vertex -5.779418777768681 -5.2381598478067435 -2
      vertex -5.515432893255071 -5.515432893255071 0
      vertex -5.779418777768681 -5.2381598478067435 0
    endloop
  endfacet
  facet normal -0.6531728429537766 -0.7572088465064847 0
    outer loop
      vertex -5.2381598478067435 -5.779418777768681 -2
      vertex -4.948267616476435 -6.029481536229349 0
      vertex -5.2381598478067435 -5.779418777768681 0
    endloop
  endfacet
  facet normal -0.6152315905806266 -0.7883464276266063 0
    outer loop
      vertex -4.948267616476435 -6.029481536229349 -2
      vertex -4.6464545750409805 -6.26501874554903 0
      vertex -4.948267616476435 -6.029481536229349 0
    endloop
  endfacet
  facet normal -0.5758081914178442 -0.8175848131515844 0
    outer loop
      vertex -4.6464545750409805 -6.26501874554903 -2
      vertex -4.333447817552897 -6.4854629759598525 0
      vertex -4.6464545750409805 -6.26501874554903 0
    endloop
  endfacet
  facet normal 0 0 -1
    outer loop
      vertex -8.13159371024846 -15.213141810009125 0
      vertex -7.4641346187112285 -2.2642204825848062 0
      vertex -7.344043708427562 -2.6277408564593165 0
    endloop
  endfacet
  facet normal 0 0 -1
    outer loop
      vertex -7.375325361672366 -15.593815306379398 0
      vertex -6.690283158002122 -4.01000140470713 0
      vertex -6.4854629759598525 -4.333447817552897 0
    endloop
  endfacet
  facet normal 0 0 -1
    outer loop
      vertex -7.375325361672366 -15.593815306379398 0
      vertex -6.878985861917169 -3.6768945472427816 0
      vertex -6.690283158002122 -4.01000140470713 0
    endloop
  endfacet
  facet normal 0 0 -1
    outer loop
      vertex -7.375325361672366 -15.593815306379398 0
      vertex -7.344043708427562 -2.6277408564593165 0
      vertex -7.2062603535880365 -2.9849307724477003 0
    endloop
  endfacet
  facet normal 0 0 -1
    outer loop
      vertex -7.375325361672366 -15.593815306379398 0
      vertex -7.2062603535880365 -2.9849307724477003 0
      vertex -7.051116486362858 -3.3349297287562 0
    endloop
  endfacet
  facet normal 0 0 -1
    outer loop
      vertex -7.375325361672366 -15.593815306379398 0
      vertex -7.051116486362858 -3.3349297287562 0
      vertex -6.878985861917169 -3.6768945472427816 0
    endloop
  endfacet
  facet normal 0 0 -1
    outer loop
      vertex -8.13159371024846 -15.213141810009125 0
      vertex -7.715576777725292 -1.1444977007518216 0
      vertex -7.650125187145197 -1.5217045117258003 0
    endloop
  endfacet
  facet normal 0 0 -1
    outer loop
      vertex -8.13159371024846 -15.213141810009125 0
      vertex -7.566243774917443 -1.8952454032454582 0
      vertex -7.4641346187112285 -2.2642204825848062 0
    endloop
  endfacet
  facet normal 0 0 -1
    outer loop
      vertex -8.13159371024846 -15.213141810009125 0
      vertex -7.650125187145197 -1.5217045117258003 0
      vertex -7.566243774917443 -1.8952454032454582 0
    endloop
  endfacet
  facet normal 0 0 -1
    outer loop
      vertex -8.13159371024846 -15.213141810009125 0
      vertex -7.762440868043136 -0.7645336945705727 0
      vertex -7.715576777725292 -1.1444977007518216 0
    endloop
  endfacet
  facet normal 0 0 -1
    outer loop
      vertex -8.13159371024846 -15.213141810009125 0
      vertex -7.790604558400345 -0.38272785975386053 0
      vertex -7.762440868043136 -0.7645336945705727 0
    endloop
  endfacet
  facet normal 0 0 -1
    outer loop
      vertex -8.868272337333076 -14.795818522504693 0
      vertex -8.13159371024846 15.213141810009125 0
      vertex -8.13159371024846 -15.213141810009125 0
    endloop
  endfacet
  facet normal 0 0 -1
    outer loop
      vertex -8.13159371024846 -15.213141810009125 0
      vertex -7.8 0 0
      vertex -7.790604558400345 -0.38272785975386053 0
    endloop
  endfacet
  facet normal 0 0 -1
    outer loop
      vertex -6.601289208297799 -15.936921935819695 0
      vertex -6.26501874554903 -4.6464545750409805 0
      vertex -6.029481536229349 -4.948267616476435 0
    endloop
  endfacet
  facet normal 0 0 -1
    outer loop
      vertex -6.601289208297799 -15.936921935819695 0
      vertex -6.4854629759598525 -4.333447817552897 0
      vertex -6.26501874554903 -4.6464545750409805 0
    endloop
  endfacet
  facet normal -0.8700869911087115 -0.4928981922297838 0
    outer loop
      vertex -6.878985861917169 -3.6768945472427816 -2
      vertex -6.690283158002122 -4.01000140470713 0
      vertex -6.878985861917169 -3.6768945472427816 0
    endloop
  endfacet
  facet normal -0.8448535652497068 -0.5349976198870978 0
    outer loop
      vertex -6.690283158002122 -4.01000140470713 -2
      vertex -6.4854629759598525 -4.333447817552897 0
      vertex -6.690283158002122 -4.01000140470713 0
    endloop
  endfacet
  facet normal -0.8932243011955151 -0.449611329654607 0
    outer loop
      vertex -7.051116486362858 -3.3349297287562 -2
      vertex -6.878985861917169 -3.6768945472427816 0
      vertex -7.051116486362858 -3.3349297287562 0
    endloop
  endfacet
  facet normal -0.9329927988347387 -0.35989503653498855 0
    outer loop
      vertex -7.344043708427562 -2.6277408564593165 -2
      vertex -7.2062603535880365 -2.9849307724477003 0
      vertex -7.344043708427562 -2.6277408564593165 0
    endloop
  endfacet
  facet normal -0.9142097557035306 -0.40524131400498997 0
    outer loop
      vertex -7.2062603535880365 -2.9849307724477003 -2
      vertex -7.051116486362858 -3.3349297287562 0
      vertex -7.2062603535880365 -2.9849307724477003 0
    endloop
  endfacet
  facet normal -0.9495281805930372 -0.31368174039888974 0
    outer loop
      vertex -7.4641346187112285 -2.2642204825848062 -2
      vertex -7.344043708427562 -2.6277408564593165 0
      vertex -7.4641346187112285 -2.2642204825848062 0
    endloop
  endfacet
  facet normal -0.9757021300385287 -0.21910124015686894 0
    outer loop
      vertex -7.650125187145197 -1.5217045117258003 -2
      vertex -7.566243774917443 -1.8952454032454582 0
      vertex -7.650125187145197 -1.5217045117258003 0
    endloop
  endfacet
  facet normal -0.9852776423889411 -0.17096188876030238 0
    outer loop
      vertex -7.715576777725292 -1.1444977007518216 -2
      vertex -7.650125187145197 -1.5217045117258003 0
      vertex -7.715576777725292 -1.1444977007518216 0
    endloop
  endfacet
  facet normal -0.99247953459871 -0.12241067519921622 0
    outer loop
      vertex -7.762440868043136 -0.7645336945705727 -2
      vertex -7.715576777725292 -1.1444977007518216 0
      vertex -7.762440868043136 -0.7645336945705727 0
    endloop
  endfacet
  facet normal -0.9972904566786902 -0.07356456359966727 0
    outer loop
      vertex -7.790604558400345 -0.38272785975386053 -2
      vertex -7.762440868043136 -0.7645336945705727 0
      vertex -7.790604558400345 -0.38272785975386053 0
    endloop
  endfacet
  facet normal -0.9996988186962042 -0.024541228522911688 0
    outer loop
      vertex -7.790604558400345 -0.38272785975386053 0
      vertex -7.8 0 0
      vertex -7.8 0 -2
    endloop
  endfacet
  facet normal -0.9637760657954395 -0.26671275747490003 0
    outer loop
      vertex -7.566243774917443 -1.8952454032454582 -2
      vertex -7.4641346187112285 -2.2642204825848062 0
      vertex -7.566243774917443 -1.8952454032454582 0
    endloop
  endfacet
  facet normal -0.5349976198870978 -0.8448535652497068 0
    outer loop
      vertex -4.333447817552897 -6.4854629759598525 -2
      vertex -4.01000140470713 -6.690283158002122 0
      vertex -4.333447817552897 -6.4854629759598525 0
    endloop
  endfacet
  facet normal -0.4928981922297838 -0.8700869911087115 0
    outer loop
      vertex -4.01000140470713 -6.690283158002122 -2
      vertex -3.6768945472427816 -6.878985861917169 0
      vertex -4.01000140470713 -6.690283158002122 0
    endloop
  endfacet
  facet normal -0.449611329654607 -0.8932243011955151 0
    outer loop
      vertex -3.6768945472427816 -6.878985861917169 -2
      vertex -3.3349297287562 -7.051116486362858 0
      vertex -3.6768945472427816 -6.878985861917169 0
    endloop
  endfacet
  facet normal -0.40524131400498997 -0.9142097557035306 0
    outer loop
      vertex -3.3349297287562 -7.051116486362858 -2
      vertex -2.9849307724477003 -7.2062603535880365 0
      vertex -3.3349297287562 -7.051116486362858 0
    endloop
  endfacet
  facet normal -0.35989503653498855 -0.9329927988347387 0
    outer loop
      vertex -2.9849307724477003 -7.2062603535880365 -2
      vertex -2.6277408564593165 -7.344043708427562 0
      vertex -2.9849307724477003 -7.2062603535880365 0
    endloop
  endfacet
  facet normal -0.31368174039888974 -0.9495281805930372 0
    outer loop
      vertex -2.6277408564593165 -7.344043708427562 -2
      vertex -2.2642204825848062 -7.4641346187112285 0
      vertex -2.6277408564593165 -7.344043708427562 0
    endloop
  endfacet
  facet normal 0.5 0.8660254037844386 0
    outer loop
      vertex -5.705 -3.293783285726815 1.9900000000000002
      vertex 0 -6.58756657145363 -2
      vertex -5.705 -3.293783285726815 -2
    endloop
  endfacet
  facet normal -0.21910124015686894 -0.9757021300385287 0
    outer loop
      vertex -1.8952454032454582 -7.566243774917443 -2
      vertex -1.5217045117258003 -7.650125187145197 0
      vertex -1.8952454032454582 -7.566243774917443 0
    endloop
  endfacet
  facet normal -0.17096188876030238 -0.9852776423889411 0
    outer loop
      vertex -1.5217045117258003 -7.650125187145197 -2
      vertex -1.1444977007518216 -7.715576777725292 0
      vertex -1.5217045117258003 -7.650125187145197 0
    endloop
  endfacet
  facet normal -0.26671275747490003 -0.9637760657954395 0
    outer loop
      vertex -2.2642204825848062 -7.4641346187112285 -2
      vertex -1.8952454032454582 -7.566243774917443 0
      vertex -2.2642204825848062 -7.4641346187112285 0
    endloop
  endfacet
  facet normal -0.12241067519921622 -0.99247953459871 0
    outer loop
      vertex -1.1444977007518216 -7.715576777725292 -2
      vertex -0.7645336945705727 -7.762440868043136 0
      vertex -1.1444977007518216 -7.715576777725292 0
    endloop
  endfacet
  facet normal -0.07356456359966727 -0.9972904566786902 0
    outer loop
      vertex -0.7645336945705727 -7.762440868043136 -2
      vertex -0.38272785975386053 -7.790604558400345 0
      vertex -0.7645336945705727 -7.762440868043136 0
    endloop
  endfacet
  facet normal -0.024541228522911688 -0.9996988186962042 0
    outer loop
      vertex -0.38272785975386053 -7.790604558400345 -2
      vertex 0 -7.8 0
      vertex -0.38272785975386053 -7.790604558400345 0
    endloop
  endfacet
  facet normal -0.7572088465064846 -0.6531728429537768 0
    outer loop
      vertex -13.334430320507213 -10.943284151822885 0
      vertex -12.781406912373045 -11.584391971111067 0
      vertex -13.334430320507213 -10.943284151822885 2.5
    endloop
  endfacet
  facet normal -0.8175848131515838 -0.5758081914178453 0
    outer loop
      vertex -14.342850812218906 -9.583586519588138 0
      vertex -13.855329918041125 -10.275813002494475 0
      vertex -14.342850812218906 -9.583586519588138 2.5
    endloop
  endfacet
  facet normal -0.844853565249707 -0.5349976198870972 0
    outer loop
      vertex -14.795818522504693 -8.868272337333076 0
      vertex -14.342850812218906 -9.583586519588138 0
      vertex -14.795818522504693 -8.868272337333076 2.5
    endloop
  endfacet
  facet normal -0.7883464276266064 -0.6152315905806267 0
    outer loop
      vertex -13.334430320507213 -10.943284151822885 0
      vertex -13.855329918041125 -10.275813002494475 2.5
      vertex -13.855329918041125 -10.275813002494475 0
    endloop
  endfacet
  facet normal -0.6531728429537768 -0.7572088465064846 0
    outer loop
      vertex -10.943284151822885 -13.334430320507213 0
      vertex -10.943284151822885 -13.334430320507213 2.5
      vertex -11.584391971111067 -12.781406912373045 0
    endloop
  endfacet
  facet normal -0.5758081914178453 -0.8175848131515838 0
    outer loop
      vertex -10.275813002494475 -13.855329918041125 0
      vertex -9.583586519588138 -14.342850812218906 0
      vertex -9.583586519588138 -14.342850812218906 2.5
    endloop
  endfacet
  facet normal -0.6152315905806267 -0.7883464276266064 0
    outer loop
      vertex -10.943284151822885 -13.334430320507213 0
      vertex -10.275813002494475 -13.855329918041125 0
      vertex -10.275813002494475 -13.855329918041125 2.5
    endloop
  endfacet
  facet normal -0.5349976198870972 -0.844853565249707 0
    outer loop
      vertex -9.583586519588138 -14.342850812218906 0
      vertex -8.868272337333076 -14.795818522504693 0
      vertex -8.868272337333076 -14.795818522504693 2.5
    endloop
  endfacet
  facet normal -0.7242470829514674 -0.6895405447370664 0
    outer loop
      vertex -12.197591975467946 -12.197591975467946 0
      vertex -12.781406912373045 -11.584391971111067 2.5
      vertex -12.781406912373045 -11.584391971111067 0
    endloop
  endfacet
  facet normal -0.6895405447370664 -0.7242470829514674 0
    outer loop
      vertex -12.197591975467946 -12.197591975467946 0
      vertex -11.584391971111067 -12.781406912373045 0
      vertex -11.584391971111067 -12.781406912373045 2.5
    endloop
  endfacet
  facet normal -0.7572088465064846 -0.6531728429537768 0
    outer loop
      vertex -12.781406912373045 -11.584391971111067 0
      vertex -12.781406912373045 -11.584391971111067 2.5
      vertex -13.334430320507213 -10.943284151822885 2.5
    endloop
  endfacet
  facet normal -0.8175848131515838 -0.5758081914178453 0
    outer loop
      vertex -13.855329918041125 -10.275813002494475 0
      vertex -13.855329918041125 -10.275813002494475 2.5
      vertex -14.342850812218906 -9.583586519588138 2.5
    endloop
  endfacet
  facet normal -0.844853565249707 -0.5349976198870972 0
    outer loop
      vertex -14.342850812218906 -9.583586519588138 0
      vertex -14.342850812218906 -9.583586519588138 2.5
      vertex -14.795818522504693 -8.868272337333076 2.5
    endloop
  endfacet
  facet normal -0.7883464276266064 -0.6152315905806267 0
    outer loop
      vertex -13.334430320507213 -10.943284151822885 0
      vertex -13.334430320507213 -10.943284151822885 2.5
      vertex -13.855329918041125 -10.275813002494475 2.5
    endloop
  endfacet
  facet normal -0.6531728429537768 -0.7572088465064846 0
    outer loop
      vertex -11.584391971111067 -12.781406912373045 0
      vertex -10.943284151822885 -13.334430320507213 2.5
      vertex -11.584391971111067 -12.781406912373045 2.5
    endloop
  endfacet
  facet normal -0.5758081914178453 -0.8175848131515838 0
    outer loop
      vertex -10.275813002494475 -13.855329918041125 0
      vertex -9.583586519588138 -14.342850812218906 2.5
      vertex -10.275813002494475 -13.855329918041125 2.5
    endloop
  endfacet
  facet normal -0.6152315905806267 -0.7883464276266064 0
    outer loop
      vertex -10.943284151822885 -13.334430320507213 0
      vertex -10.275813002494475 -13.855329918041125 2.5
      vertex -10.943284151822885 -13.334430320507213 2.5
    endloop
  endfacet
  facet normal -0.5349976198870972 -0.844853565249707 0
    outer loop
      vertex -9.583586519588138 -14.342850812218906 0
      vertex -8.868272337333076 -14.795818522504693 2.5
      vertex -9.583586519588138 -14.342850812218906 2.5
    endloop
  endfacet
  facet normal -0.7242470829514674 -0.6895405447370664 0
    outer loop
      vertex -12.197591975467946 -12.197591975467946 0
      vertex -12.197591975467946 -12.197591975467946 2.5
      vertex -12.781406912373045 -11.584391971111067 2.5
    endloop
  endfacet
  facet normal -0.6895405447370664 -0.7242470829514674 0
    outer loop
      vertex -12.197591975467946 -12.197591975467946 0
      vertex -11.584391971111067 -12.781406912373045 2.5
      vertex -12.197591975467946 -12.197591975467946 2.5
    endloop
  endfacet
  facet normal -0.8932243011955158 -0.449611329654606 0
    outer loop
      vertex -15.213141810009125 -8.13159371024846 0
      vertex -15.593815306379398 -7.375325361672366 2.5
      vertex -15.593815306379398 -7.375325361672366 0
    endloop
  endfacet
  facet normal -0.9142097557035311 -0.40524131400498886 0
    outer loop
      vertex -15.936921935819695 -6.601289208297799 0
      vertex -15.593815306379398 -7.375325361672366 0
      vertex -15.936921935819695 -6.601289208297799 2.5
    endloop
  endfacet
  facet normal -0.9495281805930359 -0.31368174039889346 0
    outer loop
      vertex -16.241635124407107 -5.811349971015796 0
      vertex -16.507220791380604 -5.007410682639475 2.5
      vertex -16.507220791380604 -5.007410682639475 0
    endloop
  endfacet
  facet normal -0.9637760657954401 -0.26671275747489753 0
    outer loop
      vertex -16.507220791380604 -5.007410682639475 0
      vertex -16.733039117605884 -4.191408103331302 2.5
      vertex -16.733039117605884 -4.191408103331302 0
    endloop
  endfacet
  facet normal -0.9329927988347391 -0.35989503653498794 0
    outer loop
      vertex -15.936921935819695 -6.601289208297799 0
      vertex -16.241635124407107 -5.811349971015796 2.5
      vertex -16.241635124407107 -5.811349971015796 0
    endloop
  endfacet
  facet normal -0.8700869911087111 -0.49289819222978454 0
    outer loop
      vertex -14.795818522504693 -8.868272337333076 0
      vertex -15.213141810009125 -8.13159371024846 2.5
      vertex -15.213141810009125 -8.13159371024846 0
    endloop
  endfacet
  facet normal -0.9757021300385285 -0.21910124015686994 0
    outer loop
      vertex -16.733039117605884 -4.191408103331302 0
      vertex -16.918546086955725 -3.3653080547782124 2.5
      vertex -16.918546086955725 -3.3653080547782124 0
    endloop
  endfacet
  facet normal -0.9852776423889413 -0.17096188876030036 0
    outer loop
      vertex -16.918546086955725 -3.3653080547782124 0
      vertex -17.06329479689247 -2.5311006843549904 2.5
      vertex -17.06329479689247 -2.5311006843549904 0
    endloop
  endfacet
  facet normal -0.9924795345987101 -0.12241067519921583 0
    outer loop
      vertex -17.06329479689247 -2.5311006843549904 0
      vertex -17.166936535095395 -1.6907956706849203 2.5
      vertex -17.166936535095395 -1.6907956706849203 0
    endloop
  endfacet
  facet normal -0.9972904566786902 -0.07356456359966919 0
    outer loop
      vertex -17.166936535095395 -1.6907956706849203 0
      vertex -17.229221619539224 -0.8464173821479608 2.5
      vertex -17.229221619539224 -0.8464173821479608 0
    endloop
  endfacet
  facet normal -0.9996988186962044 -0.02454122852291171 0
    outer loop
      vertex -17.229221619539224 -0.8464173821479608 0
      vertex -17.25 0 2.5
      vertex -17.25 0 0
    endloop
  endfacet
  facet normal -0.8932243011955158 -0.449611329654606 0
    outer loop
      vertex -15.213141810009125 -8.13159371024846 0
      vertex -15.213141810009125 -8.13159371024846 2.5
      vertex -15.593815306379398 -7.375325361672366 2.5
    endloop
  endfacet
  facet normal -0.9142097557035311 -0.40524131400498886 0
    outer loop
      vertex -15.593815306379398 -7.375325361672366 0
      vertex -15.593815306379398 -7.375325361672366 2.5
      vertex -15.936921935819695 -6.601289208297799 2.5
    endloop
  endfacet
  facet normal -0.9495281805930359 -0.31368174039889346 0
    outer loop
      vertex -16.241635124407107 -5.811349971015796 0
      vertex -16.241635124407107 -5.811349971015796 2.5
      vertex -16.507220791380604 -5.007410682639475 2.5
    endloop
  endfacet
  facet normal -0.9637760657954401 -0.26671275747489753 0
    outer loop
      vertex -16.507220791380604 -5.007410682639475 0
      vertex -16.507220791380604 -5.007410682639475 2.5
      vertex -16.733039117605884 -4.191408103331302 2.5
    endloop
  endfacet
  facet normal -0.9329927988347391 -0.35989503653498794 0
    outer loop
      vertex -15.936921935819695 -6.601289208297799 0
      vertex -15.936921935819695 -6.601289208297799 2.5
      vertex -16.241635124407107 -5.811349971015796 2.5
    endloop
  endfacet
  facet normal -0.8700869911087111 -0.49289819222978454 0
    outer loop
      vertex -14.795818522504693 -8.868272337333076 0
      vertex -14.795818522504693 -8.868272337333076 2.5
      vertex -15.213141810009125 -8.13159371024846 2.5
    endloop
  endfacet
  facet normal -0.9757021300385285 -0.21910124015686994 0
    outer loop
      vertex -16.733039117605884 -4.191408103331302 0
      vertex -16.733039117605884 -4.191408103331302 2.5
      vertex -16.918546086955725 -3.3653080547782124 2.5
    endloop
  endfacet
  facet normal -0.9852776423889413 -0.17096188876030036 0
    outer loop
      vertex -16.918546086955725 -3.3653080547782124 0
      vertex -16.918546086955725 -3.3653080547782124 2.5
      vertex -17.06329479689247 -2.5311006843549904 2.5
    endloop
  endfacet
  facet normal -0.9924795345987101 -0.12241067519921583 0
    outer loop
      vertex -17.06329479689247 -2.5311006843549904 0
      vertex -17.06329479689247 -2.5311006843549904 2.5
      vertex -17.166936535095395 -1.6907956706849203 2.5
    endloop
  endfacet
  facet normal -0.9972904566786902 -0.07356456359966919 0
    outer loop
      vertex -17.166936535095395 -1.6907956706849203 0
      vertex -17.166936535095395 -1.6907956706849203 2.5
      vertex -17.229221619539224 -0.8464173821479608 2.5
    endloop
  endfacet
  facet normal -0.9996988186962044 -0.02454122852291171 0
    outer loop
      vertex -17.229221619539224 -0.8464173821479608 0
      vertex -17.229221619539224 -0.8464173821479608 2.5
      vertex -17.25 0 2.5
    endloop
  endfacet
  facet normal 0 0 1
    outer loop
      vertex -15.936921935819695 -6.601289208297799 2.5
      vertex -16.241635124407107 5.811349971015796 2.5
      vertex -16.241635124407107 -5.811349971015796 2.5
    endloop
  endfacet
  facet normal 0 0 1
    outer loop
      vertex -15.936921935819695 -6.601289208297799 2.5
      vertex -15.593815306379398 -7.375325361672366 2.5
      vertex -15.936921935819695 6.601289208297799 2.5
    endloop
  endfacet
  facet normal 0 0 1
    outer loop
      vertex -15.213141810009125 -8.13159371024846 2.5
      vertex -15.593815306379398 7.375325361672366 2.5
      vertex -15.593815306379398 -7.375325361672366 2.5
    endloop
  endfacet
  facet normal 0 0 1
    outer loop
      vertex -16.918546086955725 -3.3653080547782124 2.5
      vertex -17.06329479689247 2.5311006843549904 2.5
      vertex -17.06329479689247 -2.5311006843549904 2.5
    endloop
  endfacet
  facet normal 0 0 1
    outer loop
      vertex -16.733039117605884 -4.191408103331302 2.5
      vertex -16.918546086955725 3.3653080547782124 2.5
      vertex -16.918546086955725 -3.3653080547782124 2.5
    endloop
  endfacet
  facet normal 0 0 1
    outer loop
      vertex -16.507220791380604 -5.007410682639475 2.5
      vertex -16.733039117605884 4.191408103331302 2.5
      vertex -16.733039117605884 -4.191408103331302 2.5
    endloop
  endfacet
  facet normal 0 0 1
    outer loop
      vertex -16.241635124407107 -5.811349971015796 2.5
      vertex -16.507220791380604 5.007410682639475 2.5
      vertex -16.507220791380604 -5.007410682639475 2.5
    endloop
  endfacet
  facet normal 0 0 1
    outer loop
      vertex -17.06329479689247 -2.5311006843549904 2.5
      vertex -17.166936535095395 1.6907956706849203 2.5
      vertex -17.166936535095395 -1.6907956706849203 2.5
    endloop
  endfacet
  facet normal 0 0 1
    outer loop
      vertex -17.166936535095395 -1.6907956706849203 2.5
      vertex -17.229221619539224 0.8464173821479608 2.5
      vertex -17.229221619539224 -0.8464173821479608 2.5
    endloop
  endfacet
  facet normal 0 0 1
    outer loop
      vertex -14.342850812218906 -9.583586519588138 2.5
      vertex -13.855329918041125 -10.275813002494475 2.5
      vertex -14.342850812218906 9.583586519588138 2.5
    endloop
  endfacet
  facet normal 0 0 1
    outer loop
      vertex -14.795818522504693 -8.868272337333076 2.5
      vertex -15.213141810009125 8.13159371024846 2.5
      vertex -15.213141810009125 -8.13159371024846 2.5
    endloop
  endfacet
  facet normal 0 0 1
    outer loop
      vertex -14.795818522504693 -8.868272337333076 2.5
      vertex -14.342850812218906 -9.583586519588138 2.5
      vertex -14.795818522504693 8.868272337333076 2.5
    endloop
  endfacet
  facet normal 0 0 1
    outer loop
      vertex -13.334430320507213 -10.943284151822885 2.5
      vertex -13.855329918041125 10.275813002494475 2.5
      vertex -13.855329918041125 -10.275813002494475 2.5
    endloop
  endfacet
  facet normal 0 0 1
    outer loop
      vertex -13.334430320507213 -10.943284151822885 2.5
      vertex -12.781406912373045 -11.584391971111067 2.5
      vertex -13.334430320507213 10.943284151822885 2.5
    endloop
  endfacet
  facet normal 0 0 1
    outer loop
      vertex -10.943284151822885 -13.334430320507213 2.5
      vertex -11.584391971111067 12.781406912373045 2.5
      vertex -11.584391971111067 -12.781406912373045 2.5
    endloop
  endfacet
  facet normal 0 0 1
    outer loop
      vertex -10.943284151822885 -13.334430320507213 2.5
      vertex -10.275813002494475 -13.855329918041125 2.5
      vertex -10.943284151822885 13.334430320507213 2.5
    endloop
  endfacet
  facet normal 0 0 1
    outer loop
      vertex -10.275813002494475 -13.855329918041125 2.5
      vertex -9.583586519588138 -14.342850812218906 2.5
      vertex -10.275813002494475 13.855329918041125 2.5
    endloop
  endfacet
  facet normal 0 0 1
    outer loop
      vertex -9.583586519588138 -14.342850812218906 2.5
      vertex -8.868272337333076 -14.795818522504693 2.5
      vertex -9.583586519588138 14.342850812218906 2.5
    endloop
  endfacet
  facet normal 0 0 1
    outer loop
      vertex -12.197591975467946 -12.197591975467946 2.5
      vertex -12.781406912373045 11.584391971111067 2.5
      vertex -12.781406912373045 -11.584391971111067 2.5
    endloop
  endfacet
  facet normal 0 0 1
    outer loop
      vertex -12.197591975467946 -12.197591975467946 2.5
      vertex -11.584391971111067 -12.781406912373045 2.5
      vertex -12.197591975467946 12.197591975467946 2.5
    endloop
  endfacet
  facet normal -0.449611329654606 -0.8932243011955158 0
    outer loop
      vertex -8.13159371024846 -15.213141810009125 0
      vertex -7.375325361672366 -15.593815306379398 0
      vertex -7.375325361672366 -15.593815306379398 2.5
    endloop
  endfacet
  facet normal -0.40524131400498886 -0.9142097557035311 0
    outer loop
      vertex -7.375325361672366 -15.593815306379398 0
      vertex -6.601289208297799 -15.936921935819695 0
      vertex -6.601289208297799 -15.936921935819695 2.5
    endloop
  endfacet
  facet normal -0.49289819222978454 -0.8700869911087111 0
    outer loop
      vertex -8.868272337333076 -14.795818522504693 0
      vertex -8.13159371024846 -15.213141810009125 0
      vertex -8.13159371024846 -15.213141810009125 2.5
    endloop
  endfacet
  facet normal -0.35989503653498794 -0.9329927988347391 0
    outer loop
      vertex -6.601289208297799 -15.936921935819695 0
      vertex -5.811349971015796 -16.241635124407107 0
      vertex -5.811349971015796 -16.241635124407107 2.5
    endloop
  endfacet
  facet normal -0.31368174039889346 -0.9495281805930359 0
    outer loop
      vertex -5.811349971015796 -16.241635124407107 0
      vertex -5.007410682639475 -16.507220791380604 0
      vertex -5.007410682639475 -16.507220791380604 2.5
    endloop
  endfacet
  facet normal -0.26671275747489753 -0.9637760657954401 0
    outer loop
      vertex -5.007410682639475 -16.507220791380604 0
      vertex -4.191408103331302 -16.733039117605884 0
      vertex -4.191408103331302 -16.733039117605884 2.5
    endloop
  endfacet
  facet normal -0.21910124015686994 -0.9757021300385285 0
    outer loop
      vertex -4.191408103331302 -16.733039117605884 0
      vertex -3.3653080547782124 -16.918546086955725 0
      vertex -3.3653080547782124 -16.918546086955725 2.5
    endloop
  endfacet
  facet normal -0.17096188876030036 -0.9852776423889413 0
    outer loop
      vertex -3.3653080547782124 -16.918546086955725 0
      vertex -2.5311006843549904 -17.06329479689247 0
      vertex -2.5311006843549904 -17.06329479689247 2.5
    endloop
  endfacet
  facet normal -0.12241067519921583 -0.9924795345987101 0
    outer loop
      vertex -2.5311006843549904 -17.06329479689247 0
      vertex -1.6907956706849203 -17.166936535095395 0
      vertex -1.6907956706849203 -17.166936535095395 2.5
    endloop
  endfacet
  facet normal -0.07356456359966919 -0.9972904566786902 0
    outer loop
      vertex -1.6907956706849203 -17.166936535095395 0
      vertex -0.8464173821479608 -17.229221619539224 0
      vertex -0.8464173821479608 -17.229221619539224 2.5
    endloop
  endfacet
  facet normal -0.02454122852291171 -0.9996988186962044 0
    outer loop
      vertex -0.8464173821479608 -17.229221619539224 0
      vertex 0 -17.25 0
      vertex 0 -17.25 2.5
    endloop
  endfacet
  facet normal -0.449611329654606 -0.8932243011955158 0
    outer loop
      vertex -8.13159371024846 -15.213141810009125 0
      vertex -7.375325361672366 -15.593815306379398 2.5
      vertex -8.13159371024846 -15.213141810009125 2.5
    endloop
  endfacet
  facet normal -0.40524131400498886 -0.9142097557035311 0
    outer loop
      vertex -7.375325361672366 -15.593815306379398 0
      vertex -6.601289208297799 -15.936921935819695 2.5
      vertex -7.375325361672366 -15.593815306379398 2.5
    endloop
  endfacet
  facet normal -0.49289819222978454 -0.8700869911087111 0
    outer loop
      vertex -8.868272337333076 -14.795818522504693 0
      vertex -8.13159371024846 -15.213141810009125 2.5
      vertex -8.868272337333076 -14.795818522504693 2.5
    endloop
  endfacet
  facet normal -0.31368174039889346 -0.9495281805930359 0
    outer loop
      vertex -5.811349971015796 -16.241635124407107 0
      vertex -5.007410682639475 -16.507220791380604 2.5
      vertex -5.811349971015796 -16.241635124407107 2.5
    endloop
  endfacet
  facet normal -0.35989503653498794 -0.9329927988347391 0
    outer loop
      vertex -6.601289208297799 -15.936921935819695 0
      vertex -5.811349971015796 -16.241635124407107 2.5
      vertex -6.601289208297799 -15.936921935819695 2.5
    endloop
  endfacet
  facet normal -0.26671275747489753 -0.9637760657954401 0
    outer loop
      vertex -5.007410682639475 -16.507220791380604 0
      vertex -4.191408103331302 -16.733039117605884 2.5
      vertex -5.007410682639475 -16.507220791380604 2.5
    endloop
  endfacet
  facet normal -0.21910124015686994 -0.9757021300385285 0
    outer loop
      vertex -4.191408103331302 -16.733039117605884 0
      vertex -3.3653080547782124 -16.918546086955725 2.5
      vertex -4.191408103331302 -16.733039117605884 2.5
    endloop
  endfacet
  facet normal -0.17096188876030036 -0.9852776423889413 0
    outer loop
      vertex -3.3653080547782124 -16.918546086955725 0
      vertex -2.5311006843549904 -17.06329479689247 2.5
      vertex -3.3653080547782124 -16.918546086955725 2.5
    endloop
  endfacet
  facet normal -0.12241067519921583 -0.9924795345987101 0
    outer loop
      vertex -2.5311006843549904 -17.06329479689247 0
      vertex -1.6907956706849203 -17.166936535095395 2.5
      vertex -2.5311006843549904 -17.06329479689247 2.5
    endloop
  endfacet
  facet normal -0.07356456359966919 -0.9972904566786902 0
    outer loop
      vertex -1.6907956706849203 -17.166936535095395 0
      vertex -0.8464173821479608 -17.229221619539224 2.5
      vertex -1.6907956706849203 -17.166936535095395 2.5
    endloop
  endfacet
  facet normal -0.02454122852291171 -0.9996988186962044 0
    outer loop
      vertex -0.8464173821479608 -17.229221619539224 0
      vertex 0 -17.25 2.5
      vertex -0.8464173821479608 -17.229221619539224 2.5
    endloop
  endfacet
  facet normal 0 0 1
    outer loop
      vertex -2.5311006843549904 -17.06329479689247 2.5
      vertex -1.6907956706849203 -17.166936535095395 2.5
      vertex -2.386485386504598 -2.386485386504598 2.5
    endloop
  endfacet
  facet normal 0 0 1
    outer loop
      vertex -3.3653080547782124 -16.918546086955725 2.5
      vertex -2.5311006843549904 -17.06329479689247 2.5
      vertex -3.1180934222255927 -1.2915565842321781 2.5
    endloop
  endfacet
  facet normal 0 0 1
    outer loop
      vertex -1.6907956706849203 -17.166936535095395 2.5
      vertex -0.8464173821479608 -17.229221619539224 2.5
      vertex -1.2915565842321781 -3.1180934222255927 2.5
    endloop
  endfacet
  facet normal 0 0 1
    outer loop
      vertex -0.8464173821479608 -17.229221619539224 2.5
      vertex 0 -17.25 2.5
      vertex -0.6584298368044328 -3.3101503213609025 2.5
    endloop
  endfacet
  facet normal 1 0 0
    outer loop
      vertex -5.705 -3.293783285726815 1.9900000000000002
      vertex -5.705 -3.293783285726815 -2
      vertex -5.705 3.2937832857268146 1.9900000000000002
    endloop
  endfacet
  facet normal 0.5 0.8660254037844386 0
    outer loop
      vertex -5.705 -3.293783285726815 1.9900000000000002
      vertex 0 -6.58756657145363 1.9900000000000002
      vertex 0 -6.58756657145363 -2
    endloop
  endfacet
  facet normal 0 0 1
    outer loop
      vertex -8.868272337333076 -14.795818522504693 2.5
      vertex -8.13159371024846 -15.213141810009125 2.5
      vertex -8.868272337333076 14.795818522504693 2.5
    endloop
  endfacet
  facet normal 0 0 1
    outer loop
      vertex -8.13159371024846 -15.213141810009125 2.5
      vertex -7.375325361672366 -15.593815306379398 2.5
      vertex -8.13159371024846 15.213141810009125 2.5
    endloop
  endfacet
  facet normal 0 0 1
    outer loop
      vertex -7.375325361672366 -15.593815306379398 2.5
      vertex -6.601289208297799 -15.936921935819695 2.5
      vertex -7.375325361672366 15.593815306379398 2.5
    endloop
  endfacet
  facet normal 0 0 1
    outer loop
      vertex -6.601289208297799 -15.936921935819695 2.5
      vertex -5.811349971015796 -16.241635124407107 2.5
      vertex -6.601289208297799 15.936921935819695 2.5
    endloop
  endfacet
  facet normal 0 0 1
    outer loop
      vertex -5.811349971015796 -16.241635124407107 2.5
      vertex -5.007410682639475 -16.507220791380604 2.5
      vertex -5.811349971015796 16.241635124407107 2.5
    endloop
  endfacet
  facet normal 0 0 1
    outer loop
      vertex -5.007410682639475 -16.507220791380604 2.5
      vertex -4.191408103331302 -16.733039117605884 2.5
      vertex -5.007410682639475 16.507220791380604 2.5
    endloop
  endfacet
  facet normal 0 0 -1
    outer loop
      vertex -5.705 -3.293783285726815 1.9900000000000002
      vertex -5.705 3.2937832857268146 1.9900000000000002
      vertex -3.3101503213609025 -0.6584298368044328 1.9900000000000002
    endloop
  endfacet
  facet normal 0 0 1
    outer loop
      vertex -2.5311006843549904 -17.06329479689247 2.5
      vertex -2.8062099415210904 -1.8750495364411575 2.5
      vertex -3.1180934222255927 -1.2915565842321781 2.5
    endloop
  endfacet
  facet normal 0 0 1
    outer loop
      vertex -2.5311006843549904 -17.06329479689247 2.5
      vertex -2.386485386504598 -2.386485386504598 2.5
      vertex -2.8062099415210904 -1.8750495364411575 2.5
    endloop
  endfacet
  facet normal 0 0 1
    outer loop
      vertex -4.191408103331302 -16.733039117605884 2.5
      vertex -3.3653080547782124 -16.918546086955725 2.5
      vertex -4.191408103331302 16.733039117605884 2.5
    endloop
  endfacet
  facet normal 0 0 1
    outer loop
      vertex -3.3653080547782124 -16.918546086955725 2.5
      vertex -3.1180934222255927 -1.2915565842321781 2.5
      vertex -3.3101503213609025 -0.6584298368044328 2.5
    endloop
  endfacet
  facet normal 0 0 1
    outer loop
      vertex -3.3653080547782124 -16.918546086955725 2.5
      vertex -3.3101503213609025 -0.6584298368044328 2.5
      vertex -3.375 0 2.5
    endloop
  endfacet
  facet normal 0 0 1
    outer loop
      vertex -1.6907956706849203 -17.166936535095395 2.5
      vertex -1.2915565842321781 -3.1180934222255927 2.5
      vertex -1.8750495364411575 -2.8062099415210904 2.5
    endloop
  endfacet
  facet normal 0 0 1
    outer loop
      vertex -1.6907956706849203 -17.166936535095395 2.5
      vertex -1.8750495364411575 -2.8062099415210904 2.5
      vertex -2.386485386504598 -2.386485386504598 2.5
    endloop
  endfacet
  facet normal 0 0 1
    outer loop
      vertex -0.8464173821479608 -17.229221619539224 2.5
      vertex -0.6584298368044328 -3.3101503213609025 2.5
      vertex -1.2915565842321781 -3.1180934222255927 2.5
    endloop
  endfacet
  facet normal 0 0 1
    outer loop
      vertex 0 -17.25 2.5
      vertex 0 -3.375 2.5
      vertex -0.6584298368044328 -3.3101503213609025 2.5
    endloop
  endfacet
  facet normal 0 0 -1
    outer loop
      vertex -0.6584298368044328 -3.3101503213609025 1.9900000000000002
      vertex 0 -6.58756657145363 1.9900000000000002
      vertex -1.2915565842321781 -3.1180934222255927 1.9900000000000002
    endloop
  endfacet
  facet normal 0 0 -1
    outer loop
      vertex -0.6584298368044328 -3.3101503213609025 1.9900000000000002
      vertex 0 -3.375 1.9900000000000002
      vertex 0 -6.58756657145363 1.9900000000000002
    endloop
  endfacet
  facet normal 0 0 -1
    outer loop
      vertex -5.705 -3.293783285726815 1.9900000000000002
      vertex -2.8062099415210904 -1.8750495364411575 1.9900000000000002
      vertex 0 -6.58756657145363 1.9900000000000002
    endloop
  endfacet
  facet normal 0.6343932841636454 0.773010453362737 0
    outer loop
      vertex -2.386485386504598 -2.386485386504598 1.9900000000000002
      vertex -2.386485386504598 -2.386485386504598 2.5
      vertex -1.8750495364411575 -2.8062099415210904 1.9900000000000002
    endloop
  endfacet
  facet normal 0.773010453362737 0.6343932841636454 0
    outer loop
      vertex -2.386485386504598 -2.386485386504598 1.9900000000000002
      vertex -2.8062099415210904 -1.8750495364411575 2.5
      vertex -2.386485386504598 -2.386485386504598 2.5
    endloop
  endfacet
  facet normal 0 0 -1
    outer loop
      vertex -5.705 -3.293783285726815 1.9900000000000002
      vertex -3.3101503213609025 -0.6584298368044328 1.9900000000000002
      vertex -3.1180934222255927 -1.2915565842321781 1.9900000000000002
    endloop
  endfacet
  facet normal 0 0 -1
    outer loop
      vertex -5.705 -3.293783285726815 1.9900000000000002
      vertex -3.1180934222255927 -1.2915565842321781 1.9900000000000002
      vertex -2.8062099415210904 -1.8750495364411575 1.9900000000000002
    endloop
  endfacet
  facet normal 0.956940335732209 0.290284677254462 0
    outer loop
      vertex -3.1180934222255927 -1.2915565842321781 1.9900000000000002
      vertex -3.3101503213609025 -0.6584298368044328 1.9900000000000002
      vertex -3.3101503213609025 -0.6584298368044328 2.5
    endloop
  endfacet
  facet normal 0.9951847266721968 0.09801714032956105 0
    outer loop
      vertex -3.3101503213609025 -0.6584298368044328 1.9900000000000002
      vertex -3.375 0 1.9900000000000002
      vertex -3.375 0 2.5
    endloop
  endfacet
  facet normal 0.8819212643483553 0.47139673682599736 0
    outer loop
      vertex -3.1180934222255927 -1.2915565842321781 1.9900000000000002
      vertex -3.1180934222255927 -1.2915565842321781 2.5
      vertex -2.8062099415210904 -1.8750495364411575 1.9900000000000002
    endloop
  endfacet
  facet normal 0.773010453362737 0.6343932841636454 0
    outer loop
      vertex -2.8062099415210904 -1.8750495364411575 1.9900000000000002
      vertex -2.8062099415210904 -1.8750495364411575 2.5
      vertex -2.386485386504598 -2.386485386504598 1.9900000000000002
    endloop
  endfacet
  facet normal 0.9951847266721968 0.09801714032956105 0
    outer loop
      vertex -3.3101503213609025 -0.6584298368044328 1.9900000000000002
      vertex -3.375 0 2.5
      vertex -3.3101503213609025 -0.6584298368044328 2.5
    endloop
  endfacet
  facet normal 0 0 1
    outer loop
      vertex -3.3653080547782124 -16.918546086955725 2.5
      vertex -3.375 0 2.5
      vertex -4.191408103331302 16.733039117605884 2.5
    endloop
  endfacet
  facet normal 0.8819212643483553 0.47139673682599736 0
    outer loop
      vertex -2.8062099415210904 -1.8750495364411575 1.9900000000000002
      vertex -3.1180934222255927 -1.2915565842321781 2.5
      vertex -2.8062099415210904 -1.8750495364411575 2.5
    endloop
  endfacet
  facet normal 0.956940335732209 0.290284677254462 0
    outer loop
      vertex -3.1180934222255927 -1.2915565842321781 1.9900000000000002
      vertex -3.3101503213609025 -0.6584298368044328 2.5
      vertex -3.1180934222255927 -1.2915565842321781 2.5
    endloop
  endfacet
  facet normal 0 0 -1
    outer loop
      vertex -2.8062099415210904 -1.8750495364411575 1.9900000000000002
      vertex -2.386485386504598 -2.386485386504598 1.9900000000000002
      vertex 0 -6.58756657145363 1.9900000000000002
    endloop
  endfacet
  facet normal 0 0 -1
    outer loop
      vertex -2.386485386504598 -2.386485386504598 1.9900000000000002
      vertex -1.8750495364411575 -2.8062099415210904 1.9900000000000002
      vertex 0 -6.58756657145363 1.9900000000000002
    endloop
  endfacet
  facet normal 0.47139673682599736 0.8819212643483553 0
    outer loop
      vertex -1.8750495364411575 -2.8062099415210904 1.9900000000000002
      vertex -1.8750495364411575 -2.8062099415210904 2.5
      vertex -1.2915565842321781 -3.1180934222255927 1.9900000000000002
    endloop
  endfacet
  facet normal 0.290284677254462 0.956940335732209 0
    outer loop
      vertex -0.6584298368044328 -3.3101503213609025 1.9900000000000002
      vertex -1.2915565842321781 -3.1180934222255927 1.9900000000000002
      vertex -1.2915565842321781 -3.1180934222255927 2.5
    endloop
  endfacet
  facet normal 0 0 -1
    outer loop
      vertex -1.8750495364411575 -2.8062099415210904 1.9900000000000002
      vertex -1.2915565842321781 -3.1180934222255927 1.9900000000000002
      vertex 0 -6.58756657145363 1.9900000000000002
    endloop
  endfacet
  facet normal 0.09801714032956105 0.9951847266721968 0
    outer loop
      vertex -0.6584298368044328 -3.3101503213609025 1.9900000000000002
      vertex -0.6584298368044328 -3.3101503213609025 2.5
      vertex 0 -3.375 1.9900000000000002
    endloop
  endfacet
  facet normal 0.6343932841636454 0.773010453362737 0
    outer loop
      vertex -1.8750495364411575 -2.8062099415210904 1.9900000000000002
      vertex -2.386485386504598 -2.386485386504598 2.5
      vertex -1.8750495364411575 -2.8062099415210904 2.5
    endloop
  endfacet
  facet normal 0.47139673682599736 0.8819212643483553 0
    outer loop
      vertex -1.2915565842321781 -3.1180934222255927 1.9900000000000002
      vertex -1.8750495364411575 -2.8062099415210904 2.5
      vertex -1.2915565842321781 -3.1180934222255927 2.5
    endloop
  endfacet
  facet normal 0.290284677254462 0.956940335732209 0
    outer loop
      vertex -0.6584298368044328 -3.3101503213609025 1.9900000000000002
      vertex -1.2915565842321781 -3.1180934222255927 2.5
      vertex -0.6584298368044328 -3.3101503213609025 2.5
    endloop
  endfacet
  facet normal 0.09801714032956105 0.9951847266721968 0
    outer loop
      vertex 0 -3.375 1.9900000000000002
      vertex -0.6584298368044328 -3.3101503213609025 2.5
      vertex 0 -3.375 2.5
    endloop
  endfacet
  facet normal 0 0 -1
    outer loop
      vertex -17.229221619539224 -0.8464173821479608 0
      vertex -17.25 0 0
      vertex -17.229221619539224 0.8464173821479608 0
    endloop
  endfacet
  facet normal 0 0 -1
    outer loop
      vertex -17.229221619539224 -0.8464173821479608 0
      vertex -17.229221619539224 0.8464173821479608 0
      vertex -17.166936535095395 1.6907956706849203 0
    endloop
  endfacet
  facet normal 0 0 -1
    outer loop
      vertex -17.166936535095395 -1.6907956706849203 0
      vertex -17.166936535095395 1.6907956706849203 0
      vertex -17.06329479689247 2.5311006843549904 0
    endloop
  endfacet
  facet normal 0 0 -1
    outer loop
      vertex -17.06329479689247 -2.5311006843549904 0
      vertex -17.06329479689247 2.5311006843549904 0
      vertex -16.918546086955725 3.3653080547782124 0
    endloop
  endfacet
  facet normal 0 0 -1
    outer loop
      vertex -16.918546086955725 -3.3653080547782124 0
      vertex -16.918546086955725 3.3653080547782124 0
      vertex -16.733039117605884 4.191408103331302 0
    endloop
  endfacet
  facet normal 0 0 -1
    outer loop
      vertex -16.733039117605884 -4.191408103331302 0
      vertex -16.733039117605884 4.191408103331302 0
      vertex -16.507220791380604 5.007410682639475 0
    endloop
  endfacet
  facet normal 0 0 -1
    outer loop
      vertex -16.507220791380604 -5.007410682639475 0
      vertex -16.507220791380604 5.007410682639475 0
      vertex -16.241635124407107 5.811349971015796 0
    endloop
  endfacet
  facet normal 0 0 -1
    outer loop
      vertex -16.241635124407107 -5.811349971015796 0
      vertex -16.241635124407107 5.811349971015796 0
      vertex -15.936921935819695 6.601289208297799 0
    endloop
  endfacet
  facet normal 0 0 -1
    outer loop
      vertex -15.936921935819695 -6.601289208297799 0
      vertex -15.936921935819695 6.601289208297799 0
      vertex -15.593815306379398 7.375325361672366 0
    endloop
  endfacet
  facet normal 0 0 -1
    outer loop
      vertex -15.593815306379398 -7.375325361672366 0
      vertex -15.593815306379398 7.375325361672366 0
      vertex -15.213141810009125 8.13159371024846 0
    endloop
  endfacet
  facet normal 0 0 -1
    outer loop
      vertex -15.213141810009125 -8.13159371024846 0
      vertex -15.213141810009125 8.13159371024846 0
      vertex -14.795818522504693 8.868272337333076 0
    endloop
  endfacet
  facet normal 0 0 -1
    outer loop
      vertex -14.795818522504693 -8.868272337333076 0
      vertex -14.795818522504693 8.868272337333076 0
      vertex -14.342850812218906 9.583586519588138 0
    endloop
  endfacet
  facet normal 0 0 -1
    outer loop
      vertex -14.342850812218906 -9.583586519588138 0
      vertex -14.342850812218906 9.583586519588138 0
      vertex -13.855329918041125 10.275813002494475 0
    endloop
  endfacet
  facet normal 0 0 -1
    outer loop
      vertex -13.855329918041125 -10.275813002494475 0
      vertex -13.855329918041125 10.275813002494475 0
      vertex -13.334430320507213 10.943284151822885 0
    endloop
  endfacet
  facet normal 0 0 -1
    outer loop
      vertex -13.334430320507213 -10.943284151822885 0
      vertex -13.334430320507213 10.943284151822885 0
      vertex -12.781406912373045 11.584391971111067 0
    endloop
  endfacet
  facet normal 0 0 -1
    outer loop
      vertex -12.781406912373045 -11.584391971111067 0
      vertex -12.781406912373045 11.584391971111067 0
      vertex -12.197591975467946 12.197591975467946 0
    endloop
  endfacet
  facet normal 0 0 -1
    outer loop
      vertex -12.197591975467946 -12.197591975467946 0
      vertex -12.197591975467946 12.197591975467946 0
      vertex -11.584391971111067 12.781406912373045 0
    endloop
  endfacet
  facet normal 0 0 -1
    outer loop
      vertex -11.584391971111067 -12.781406912373045 0
      vertex -11.584391971111067 12.781406912373045 0
      vertex -10.943284151822885 13.334430320507213 0
    endloop
  endfacet
  facet normal 0 0 -1
    outer loop
      vertex -10.943284151822885 -13.334430320507213 0
      vertex -10.943284151822885 13.334430320507213 0
      vertex -10.275813002494475 13.855329918041125 0
    endloop
  endfacet
  facet normal 0 0 -1
    outer loop
      vertex -10.275813002494475 -13.855329918041125 0
      vertex -10.275813002494475 13.855329918041125 0
      vertex -9.583586519588138 14.342850812218906 0
    endloop
  endfacet
  facet normal 0 0 -1
    outer loop
      vertex -9.583586519588138 -14.342850812218906 0
      vertex -9.583586519588138 14.342850812218906 0
      vertex -8.868272337333076 14.795818522504693 0
    endloop
  endfacet
  facet normal 0 0 -1
    outer loop
      vertex -7.790604558400345 -0.38272785975386053 -2
      vertex -7.8 0 -2
      vertex -7.790604558400345 0.38272785975386053 -2
    endloop
  endfacet
  facet normal 0 0 -1
    outer loop
      vertex -7.790604558400345 -0.38272785975386053 -2
      vertex -7.790604558400345 0.38272785975386053 -2
      vertex -7.762440868043136 0.7645336945705727 -2
    endloop
  endfacet
  facet normal 0 0 -1
    outer loop
      vertex -7.762440868043136 -0.7645336945705727 -2
      vertex -7.762440868043136 0.7645336945705727 -2
      vertex -7.715576777725292 1.1444977007518216 -2
    endloop
  endfacet
  facet normal 0 0 -1
    outer loop
      vertex -7.715576777725292 -1.1444977007518216 -2
      vertex -7.715576777725292 1.1444977007518216 -2
      vertex -7.650125187145197 1.5217045117258003 -2
    endloop
  endfacet
  facet normal 0 0 -1
    outer loop
      vertex -7.650125187145197 -1.5217045117258003 -2
      vertex -7.650125187145197 1.5217045117258003 -2
      vertex -7.566243774917443 1.8952454032454582 -2
    endloop
  endfacet
  facet normal 0 0 -1
    outer loop
      vertex -7.566243774917443 -1.8952454032454582 -2
      vertex -7.566243774917443 1.8952454032454582 -2
      vertex -7.4641346187112285 2.2642204825848062 -2
    endloop
  endfacet
  facet normal 0 0 -1
    outer loop
      vertex -7.4641346187112285 -2.2642204825848062 -2
      vertex -7.4641346187112285 2.2642204825848062 -2
      vertex -7.344043708427562 2.6277408564593165 -2
    endloop
  endfacet
  facet normal 0 0 -1
    outer loop
      vertex -7.344043708427562 -2.6277408564593165 -2
      vertex -7.344043708427562 2.6277408564593165 -2
      vertex -7.2062603535880365 2.9849307724477003 -2
    endloop
  endfacet
  facet normal 0 0 -1
    outer loop
      vertex -7.2062603535880365 -2.9849307724477003 -2
      vertex -7.2062603535880365 2.9849307724477003 -2
      vertex -7.051116486362858 3.3349297287562 -2
    endloop
  endfacet
  facet normal 0 0 -1
    outer loop
      vertex -7.051116486362858 -3.3349297287562 -2
      vertex -7.051116486362858 3.3349297287562 -2
      vertex -6.878985861917169 3.6768945472427816 -2
    endloop
  endfacet
  facet normal 0 0 -1
    outer loop
      vertex -6.878985861917169 -3.6768945472427816 -2
      vertex -6.878985861917169 3.6768945472427816 -2
      vertex -6.690283158002122 4.01000140470713 -2
    endloop
  endfacet
  facet normal 0 0 -1
    outer loop
      vertex -6.690283158002122 -4.01000140470713 -2
      vertex -6.690283158002122 4.01000140470713 -2
      vertex -6.4854629759598525 4.333447817552897 -2
    endloop
  endfacet
  facet normal 0 0 -1
    outer loop
      vertex -6.4854629759598525 -4.333447817552897 -2
      vertex -6.4854629759598525 4.333447817552897 -2
      vertex -6.26501874554903 4.6464545750409805 -2
    endloop
  endfacet
  facet normal 0 0 -1
    outer loop
      vertex -6.26501874554903 -4.6464545750409805 -2
      vertex -6.26501874554903 4.6464545750409805 -2
      vertex -6.029481536229349 4.948267616476435 -2
    endloop
  endfacet
  facet normal 0 0 -1
    outer loop
      vertex -6.029481536229349 -4.948267616476435 -2
      vertex -6.029481536229349 4.948267616476435 -2
      vertex -5.779418777768681 5.2381598478067435 -2
    endloop
  endfacet
  facet normal 0 0 -1
    outer loop
      vertex -5.779418777768681 5.2381598478067435 -2
      vertex -5.705 3.2937832857268146 -2
      vertex -5.705 -3.293783285726815 -2
    endloop
  endfacet
  facet normal -0.9996988186962042 0.024541228522911688 0
    outer loop
      vertex -7.8 0 -2
      vertex -7.8 0 0
      vertex -7.790604558400345 0.38272785975386053 -2
    endloop
  endfacet
  facet normal -0.9972904566786902 0.07356456359966727 0
    outer loop
      vertex -7.790604558400345 0.38272785975386053 -2
      vertex -7.790604558400345 0.38272785975386053 0
      vertex -7.762440868043136 0.7645336945705727 -2
    endloop
  endfacet
  facet normal -0.99247953459871 0.12241067519921622 0
    outer loop
      vertex -7.762440868043136 0.7645336945705727 -2
      vertex -7.762440868043136 0.7645336945705727 0
      vertex -7.715576777725292 1.1444977007518216 -2
    endloop
  endfacet
  facet normal -0.9852776423889411 0.17096188876030238 0
    outer loop
      vertex -7.715576777725292 1.1444977007518216 -2
      vertex -7.715576777725292 1.1444977007518216 0
      vertex -7.650125187145197 1.5217045117258003 -2
    endloop
  endfacet
  facet normal -0.9757021300385287 0.21910124015686894 0
    outer loop
      vertex -7.650125187145197 1.5217045117258003 -2
      vertex -7.650125187145197 1.5217045117258003 0
      vertex -7.566243774917443 1.8952454032454582 -2
    endloop
  endfacet
  facet normal -0.9637760657954395 0.26671275747490003 0
    outer loop
      vertex -7.566243774917443 1.8952454032454582 -2
      vertex -7.566243774917443 1.8952454032454582 0
      vertex -7.4641346187112285 2.2642204825848062 -2
    endloop
  endfacet
  facet normal -0.9495281805930372 0.31368174039888974 0
    outer loop
      vertex -7.4641346187112285 2.2642204825848062 -2
      vertex -7.4641346187112285 2.2642204825848062 0
      vertex -7.344043708427562 2.6277408564593165 -2
    endloop
  endfacet
  facet normal -0.9329927988347387 0.35989503653498855 0
    outer loop
      vertex -7.344043708427562 2.6277408564593165 -2
      vertex -7.344043708427562 2.6277408564593165 0
      vertex -7.2062603535880365 2.9849307724477003 -2
    endloop
  endfacet
  facet normal -0.9142097557035306 0.40524131400498997 0
    outer loop
      vertex -7.2062603535880365 2.9849307724477003 -2
      vertex -7.2062603535880365 2.9849307724477003 0
      vertex -7.051116486362858 3.3349297287562 -2
    endloop
  endfacet
  facet normal -0.8932243011955151 0.449611329654607 0
    outer loop
      vertex -7.051116486362858 3.3349297287562 -2
      vertex -7.051116486362858 3.3349297287562 0
      vertex -6.878985861917169 3.6768945472427816 -2
    endloop
  endfacet
  facet normal -0.8700869911087115 0.4928981922297838 0
    outer loop
      vertex -6.878985861917169 3.6768945472427816 -2
      vertex -6.878985861917169 3.6768945472427816 0
      vertex -6.690283158002122 4.01000140470713 -2
    endloop
  endfacet
  facet normal -0.8448535652497068 0.5349976198870978 0
    outer loop
      vertex -6.690283158002122 4.01000140470713 -2
      vertex -6.690283158002122 4.01000140470713 0
      vertex -6.4854629759598525 4.333447817552897 -2
    endloop
  endfacet
  facet normal 0 0 -1
    outer loop
      vertex -5.779418777768681 5.2381598478067435 -2
      vertex -5.515432893255071 5.515432893255071 -2
      vertex -5.705 3.2937832857268146 -2
    endloop
  endfacet
  facet normal 0 0 -1
    outer loop
      vertex -5.515432893255071 5.515432893255071 -2
      vertex -5.2381598478067435 5.779418777768681 -2
      vertex -5.705 3.2937832857268146 -2
    endloop
  endfacet
  facet normal 0 0 -1
    outer loop
      vertex -5.2381598478067435 5.779418777768681 -2
      vertex -4.948267616476435 6.029481536229349 -2
      vertex -5.705 3.2937832857268146 -2
    endloop
  endfacet
  facet normal 0 0 -1
    outer loop
      vertex -4.948267616476435 6.029481536229349 -2
      vertex -4.6464545750409805 6.26501874554903 -2
      vertex -5.705 3.2937832857268146 -2
    endloop
  endfacet
  facet normal 0 0 -1
    outer loop
      vertex -4.6464545750409805 6.26501874554903 -2
      vertex -4.333447817552897 6.4854629759598525 -2
      vertex -5.705 3.2937832857268146 -2
    endloop
  endfacet
  facet normal 0 0 -1
    outer loop
      vertex -4.333447817552897 6.4854629759598525 -2
      vertex -4.01000140470713 6.690283158002122 -2
      vertex -5.705 3.2937832857268146 -2
    endloop
  endfacet
  facet normal 0 0 -1
    outer loop
      vertex -4.01000140470713 6.690283158002122 -2
      vertex -3.6768945472427816 6.878985861917169 -2
      vertex -5.705 3.2937832857268146 -2
    endloop
  endfacet
  facet normal -0.8175848131515844 0.5758081914178442 0
    outer loop
      vertex -6.4854629759598525 4.333447817552897 -2
      vertex -6.4854629759598525 4.333447817552897 0
      vertex -6.26501874554903 4.6464545750409805 -2
    endloop
  endfacet
  facet normal -0.7883464276266063 0.6152315905806266 0
    outer loop
      vertex -6.26501874554903 4.6464545750409805 -2
      vertex -6.26501874554903 4.6464545750409805 0
      vertex -6.029481536229349 4.948267616476435 -2
    endloop
  endfacet
  facet normal -0.7572088465064847 0.6531728429537766 0
    outer loop
      vertex -6.029481536229349 4.948267616476435 -2
      vertex -6.029481536229349 4.948267616476435 0
      vertex -5.779418777768681 5.2381598478067435 -2
    endloop
  endfacet
  facet normal -0.7242470829514683 0.6895405447370655 0
    outer loop
      vertex -5.779418777768681 5.2381598478067435 -2
      vertex -5.779418777768681 5.2381598478067435 0
      vertex -5.515432893255071 5.515432893255071 -2
    endloop
  endfacet
  facet normal -0.6895405447370655 0.7242470829514683 0
    outer loop
      vertex -5.515432893255071 5.515432893255071 -2
      vertex -5.515432893255071 5.515432893255071 0
      vertex -5.2381598478067435 5.779418777768681 -2
    endloop
  endfacet
  facet normal -0.6531728429537766 0.7572088465064847 0
    outer loop
      vertex -5.2381598478067435 5.779418777768681 -2
      vertex -5.2381598478067435 5.779418777768681 0
      vertex -4.948267616476435 6.029481536229349 -2
    endloop
  endfacet
  facet normal -0.6152315905806266 0.7883464276266063 0
    outer loop
      vertex -4.948267616476435 6.029481536229349 -2
      vertex -4.948267616476435 6.029481536229349 0
      vertex -4.6464545750409805 6.26501874554903 -2
    endloop
  endfacet
  facet normal -0.5758081914178442 0.8175848131515844 0
    outer loop
      vertex -4.6464545750409805 6.26501874554903 -2
      vertex -4.6464545750409805 6.26501874554903 0
      vertex -4.333447817552897 6.4854629759598525 -2
    endloop
  endfacet
  facet normal 0 0 -1
    outer loop
      vertex -3.6768945472427816 6.878985861917169 -2
      vertex -3.3349297287562 7.051116486362858 -2
      vertex -5.705 3.2937832857268146 -2
    endloop
  endfacet
  facet normal 0 0 -1
    outer loop
      vertex -3.3349297287562 7.051116486362858 -2
      vertex -2.9849307724477003 7.2062603535880365 -2
      vertex -5.705 3.2937832857268146 -2
    endloop
  endfacet
  facet normal 0 0 -1
    outer loop
      vertex -2.9849307724477003 7.2062603535880365 -2
      vertex -2.6277408564593165 7.344043708427562 -2
      vertex -5.705 3.2937832857268146 -2
    endloop
  endfacet
  facet normal 0 0 -1
    outer loop
      vertex -2.6277408564593165 7.344043708427562 -2
      vertex -2.2642204825848062 7.4641346187112285 -2
      vertex -5.705 3.2937832857268146 -2
    endloop
  endfacet
  facet normal 0 0 -1
    outer loop
      vertex -2.2642204825848062 7.4641346187112285 -2
      vertex -1.8952454032454582 7.566243774917443 -2
      vertex -5.705 3.2937832857268146 -2
    endloop
  endfacet
  facet normal 0 0 -1
    outer loop
      vertex -1.8952454032454582 7.566243774917443 -2
      vertex -1.5217045117258003 7.650125187145197 -2
      vertex -5.705 3.2937832857268146 -2
    endloop
  endfacet
  facet normal 0 0 -1
    outer loop
      vertex -1.5217045117258003 7.650125187145197 -2
      vertex -1.1444977007518216 7.715576777725292 -2
      vertex -5.705 3.2937832857268146 -2
    endloop
  endfacet
  facet normal 0 0 -1
    outer loop
      vertex -1.1444977007518216 7.715576777725292 -2
      vertex -0.7645336945705727 7.762440868043136 -2
      vertex -5.705 3.2937832857268146 -2
    endloop
  endfacet
  facet normal 0 0 -1
    outer loop
      vertex -0.7645336945705727 7.762440868043136 -2
      vertex -0.38272785975386053 7.790604558400345 -2
      vertex -5.705 3.2937832857268146 -2
    endloop
  endfacet
  facet normal 0 0 -1
    outer loop
      vertex 0 7.8 -2
      vertex 0 6.58756657145363 -2
      vertex -5.705 3.2937832857268146 -2
    endloop
  endfacet
  facet normal 0 0 -1
    outer loop
      vertex -0.38272785975386053 7.790604558400345 -2
      vertex 0 7.8 -2
      vertex -5.705 3.2937832857268146 -2
    endloop
  endfacet
  facet normal -0.5349976198870978 0.8448535652497068 0
    outer loop
      vertex -4.333447817552897 6.4854629759598525 -2
      vertex -4.333447817552897 6.4854629759598525 0
      vertex -4.01000140470713 6.690283158002122 -2
    endloop
  endfacet
  facet normal -0.4928981922297838 0.8700869911087115 0
    outer loop
      vertex -4.01000140470713 6.690283158002122 -2
      vertex -4.01000140470713 6.690283158002122 0
      vertex -3.6768945472427816 6.878985861917169 -2
    endloop
  endfacet
  facet normal -0.449611329654607 0.8932243011955151 0
    outer loop
      vertex -3.6768945472427816 6.878985861917169 -2
      vertex -3.6768945472427816 6.878985861917169 0
      vertex -3.3349297287562 7.051116486362858 -2
    endloop
  endfacet
  facet normal -0.40524131400498997 0.9142097557035306 0
    outer loop
      vertex -3.3349297287562 7.051116486362858 -2
      vertex -3.3349297287562 7.051116486362858 0
      vertex -2.9849307724477003 7.2062603535880365 -2
    endloop
  endfacet
  facet normal -0.35989503653498855 0.9329927988347387 0
    outer loop
      vertex -2.9849307724477003 7.2062603535880365 -2
      vertex -2.9849307724477003 7.2062603535880365 0
      vertex -2.6277408564593165 7.344043708427562 -2
    endloop
  endfacet
  facet normal -0.31368174039888974 0.9495281805930372 0
    outer loop
      vertex -2.6277408564593165 7.344043708427562 -2
      vertex -2.6277408564593165 7.344043708427562 0
      vertex -2.2642204825848062 7.4641346187112285 -2
    endloop
  endfacet
  facet normal -0.26671275747490003 0.9637760657954395 0
    outer loop
      vertex -2.2642204825848062 7.4641346187112285 -2
      vertex -2.2642204825848062 7.4641346187112285 0
      vertex -1.8952454032454582 7.566243774917443 -2
    endloop
  endfacet
  facet normal -0.21910124015686894 0.9757021300385287 0
    outer loop
      vertex -1.8952454032454582 7.566243774917443 -2
      vertex -1.8952454032454582 7.566243774917443 0
      vertex -1.5217045117258003 7.650125187145197 -2
    endloop
  endfacet
  facet normal -0.17096188876030238 0.9852776423889411 0
    outer loop
      vertex -1.5217045117258003 7.650125187145197 -2
      vertex -1.5217045117258003 7.650125187145197 0
      vertex -1.1444977007518216 7.715576777725292 -2
    endloop
  endfacet
  facet normal -0.12241067519921622 0.99247953459871 0
    outer loop
      vertex -1.1444977007518216 7.715576777725292 -2
      vertex -1.1444977007518216 7.715576777725292 0
      vertex -0.7645336945705727 7.762440868043136 -2
    endloop
  endfacet
  facet normal -0.07356456359966727 0.9972904566786902 0
    outer loop
      vertex -0.7645336945705727 7.762440868043136 -2
      vertex -0.7645336945705727 7.762440868043136 0
      vertex -0.38272785975386053 7.790604558400345 -2
    endloop
  endfacet
  facet normal -0.024541228522911688 0.9996988186962042 0
    outer loop
      vertex -0.38272785975386053 7.790604558400345 -2
      vertex -0.38272785975386053 7.790604558400345 0
      vertex 0 7.8 -2
    endloop
  endfacet
  facet normal -0.9996988186962042 0.024541228522911688 0
    outer loop
      vertex -7.790604558400345 0.38272785975386053 -2
      vertex -7.8 0 0
      vertex -7.790604558400345 0.38272785975386053 0
    endloop
  endfacet
  facet normal -0.9972904566786902 0.07356456359966727 0
    outer loop
      vertex -7.762440868043136 0.7645336945705727 -2
      vertex -7.790604558400345 0.38272785975386053 0
      vertex -7.762440868043136 0.7645336945705727 0
    endloop
  endfacet
  facet normal -0.99247953459871 0.12241067519921622 0
    outer loop
      vertex -7.715576777725292 1.1444977007518216 -2
      vertex -7.762440868043136 0.7645336945705727 0
      vertex -7.715576777725292 1.1444977007518216 0
    endloop
  endfacet
  facet normal -0.9852776423889411 0.17096188876030238 0
    outer loop
      vertex -7.650125187145197 1.5217045117258003 -2
      vertex -7.715576777725292 1.1444977007518216 0
      vertex -7.650125187145197 1.5217045117258003 0
    endloop
  endfacet
  facet normal -0.9757021300385287 0.21910124015686894 0
    outer loop
      vertex -7.566243774917443 1.8952454032454582 -2
      vertex -7.650125187145197 1.5217045117258003 0
      vertex -7.566243774917443 1.8952454032454582 0
    endloop
  endfacet
  facet normal -0.9637760657954395 0.26671275747490003 0
    outer loop
      vertex -7.4641346187112285 2.2642204825848062 -2
      vertex -7.566243774917443 1.8952454032454582 0
      vertex -7.4641346187112285 2.2642204825848062 0
    endloop
  endfacet
  facet normal -0.9495281805930372 0.31368174039888974 0
    outer loop
      vertex -7.344043708427562 2.6277408564593165 -2
      vertex -7.4641346187112285 2.2642204825848062 0
      vertex -7.344043708427562 2.6277408564593165 0
    endloop
  endfacet
  facet normal -0.9329927988347387 0.35989503653498855 0
    outer loop
      vertex -7.2062603535880365 2.9849307724477003 -2
      vertex -7.344043708427562 2.6277408564593165 0
      vertex -7.2062603535880365 2.9849307724477003 0
    endloop
  endfacet
  facet normal -0.9142097557035306 0.40524131400498997 0
    outer loop
      vertex -7.051116486362858 3.3349297287562 -2
      vertex -7.2062603535880365 2.9849307724477003 0
      vertex -7.051116486362858 3.3349297287562 0
    endloop
  endfacet
  facet normal -0.8932243011955151 0.449611329654607 0
    outer loop
      vertex -6.878985861917169 3.6768945472427816 -2
      vertex -7.051116486362858 3.3349297287562 0
      vertex -6.878985861917169 3.6768945472427816 0
    endloop
  endfacet
  facet normal -0.8700869911087115 0.4928981922297838 0
    outer loop
      vertex -6.690283158002122 4.01000140470713 -2
      vertex -6.878985861917169 3.6768945472427816 0
      vertex -6.690283158002122 4.01000140470713 0
    endloop
  endfacet
  facet normal -0.8448535652497068 0.5349976198870978 0
    outer loop
      vertex -6.4854629759598525 4.333447817552897 -2
      vertex -6.690283158002122 4.01000140470713 0
      vertex -6.4854629759598525 4.333447817552897 0
    endloop
  endfacet
  facet normal 1 0 0
    outer loop
      vertex -5.705 3.2937832857268146 1.9900000000000002
      vertex -5.705 -3.293783285726815 -2
      vertex -5.705 3.2937832857268146 -2
    endloop
  endfacet
  facet normal 0 0 -1
    outer loop
      vertex -8.13159371024846 -15.213141810009125 0
      vertex -8.13159371024846 15.213141810009125 0
      vertex -7.8 0 0
    endloop
  endfacet
  facet normal -0.8175848131515844 0.5758081914178442 0
    outer loop
      vertex -6.26501874554903 4.6464545750409805 -2
      vertex -6.4854629759598525 4.333447817552897 0
      vertex -6.26501874554903 4.6464545750409805 0
    endloop
  endfacet
  facet normal -0.7883464276266063 0.6152315905806266 0
    outer loop
      vertex -6.029481536229349 4.948267616476435 -2
      vertex -6.26501874554903 4.6464545750409805 0
      vertex -6.029481536229349 4.948267616476435 0
    endloop
  endfacet
  facet normal -0.7572088465064847 0.6531728429537766 0
    outer loop
      vertex -5.779418777768681 5.2381598478067435 -2
      vertex -6.029481536229349 4.948267616476435 0
      vertex -5.779418777768681 5.2381598478067435 0
    endloop
  endfacet
  facet normal -0.7242470829514683 0.6895405447370655 0
    outer loop
      vertex -5.515432893255071 5.515432893255071 -2
      vertex -5.779418777768681 5.2381598478067435 0
      vertex -5.515432893255071 5.515432893255071 0
    endloop
  endfacet
  facet normal -0.6895405447370655 0.7242470829514683 0
    outer loop
      vertex -5.2381598478067435 5.779418777768681 -2
      vertex -5.515432893255071 5.515432893255071 0
      vertex -5.2381598478067435 5.779418777768681 0
    endloop
  endfacet
  facet normal -0.6531728429537766 0.7572088465064847 0
    outer loop
      vertex -4.948267616476435 6.029481536229349 -2
      vertex -5.2381598478067435 5.779418777768681 0
      vertex -4.948267616476435 6.029481536229349 0
    endloop
  endfacet
  facet normal -0.6152315905806266 0.7883464276266063 0
    outer loop
      vertex -4.6464545750409805 6.26501874554903 -2
      vertex -4.948267616476435 6.029481536229349 0
      vertex -4.6464545750409805 6.26501874554903 0
    endloop
  endfacet
  facet normal -0.5758081914178442 0.8175848131515844 0
    outer loop
      vertex -4.333447817552897 6.4854629759598525 -2
      vertex -4.6464545750409805 6.26501874554903 0
      vertex -4.333447817552897 6.4854629759598525 0
    endloop
  endfacet
  facet normal 0 0 -1
    outer loop
      vertex -8.868272337333076 -14.795818522504693 0
      vertex -8.868272337333076 14.795818522504693 0
      vertex -8.13159371024846 15.213141810009125 0
    endloop
  endfacet
  facet normal 0 0 -1
    outer loop
      vertex -7.8 0 0
      vertex -8.13159371024846 15.213141810009125 0
      vertex -7.790604558400345 0.38272785975386053 0
    endloop
  endfacet
  facet normal 0 0 -1
    outer loop
      vertex -7.790604558400345 0.38272785975386053 0
      vertex -8.13159371024846 15.213141810009125 0
      vertex -7.762440868043136 0.7645336945705727 0
    endloop
  endfacet
  facet normal 0 0 -1
    outer loop
      vertex -7.762440868043136 0.7645336945705727 0
      vertex -7.375325361672366 15.593815306379398 0
      vertex -7.715576777725292 1.1444977007518216 0
    endloop
  endfacet
  facet normal 0 0 -1
    outer loop
      vertex -7.715576777725292 1.1444977007518216 0
      vertex -7.375325361672366 15.593815306379398 0
      vertex -7.650125187145197 1.5217045117258003 0
    endloop
  endfacet
  facet normal 0 0 -1
    outer loop
      vertex -7.650125187145197 1.5217045117258003 0
      vertex -7.375325361672366 15.593815306379398 0
      vertex -7.566243774917443 1.8952454032454582 0
    endloop
  endfacet
  facet normal 0 0 -1
    outer loop
      vertex -7.566243774917443 1.8952454032454582 0
      vertex -7.375325361672366 15.593815306379398 0
      vertex -7.4641346187112285 2.2642204825848062 0
    endloop
  endfacet
  facet normal 0 0 -1
    outer loop
      vertex -7.4641346187112285 2.2642204825848062 0
      vertex -7.375325361672366 15.593815306379398 0
      vertex -7.344043708427562 2.6277408564593165 0
    endloop
  endfacet
  facet normal 0 0 -1
    outer loop
      vertex -7.344043708427562 2.6277408564593165 0
      vertex -7.375325361672366 15.593815306379398 0
      vertex -7.2062603535880365 2.9849307724477003 0
    endloop
  endfacet
  facet normal 0 0 -1
    outer loop
      vertex -7.2062603535880365 2.9849307724477003 0
      vertex -7.375325361672366 15.593815306379398 0
      vertex -7.051116486362858 3.3349297287562 0
    endloop
  endfacet
  facet normal 0 0 -1
    outer loop
      vertex -7.051116486362858 3.3349297287562 0
      vertex -6.601289208297799 15.936921935819695 0
      vertex -6.878985861917169 3.6768945472427816 0
    endloop
  endfacet
  facet normal 0 0 -1
    outer loop
      vertex -6.878985861917169 3.6768945472427816 0
      vertex -6.601289208297799 15.936921935819695 0
      vertex -6.690283158002122 4.01000140470713 0
    endloop
  endfacet
  facet normal 0 0 -1
    outer loop
      vertex -6.690283158002122 4.01000140470713 0
      vertex -6.601289208297799 15.936921935819695 0
      vertex -6.4854629759598525 4.333447817552897 0
    endloop
  endfacet
  facet normal 0 0 -1
    outer loop
      vertex -6.4854629759598525 4.333447817552897 0
      vertex -6.601289208297799 15.936921935819695 0
      vertex -6.26501874554903 4.6464545750409805 0
    endloop
  endfacet
  facet normal 0 0 -1
    outer loop
      vertex -6.26501874554903 4.6464545750409805 0
      vertex -5.811349971015796 16.241635124407107 0
      vertex -6.029481536229349 4.948267616476435 0
    endloop
  endfacet
  facet normal -0.5349976198870978 0.8448535652497068 0
    outer loop
      vertex -4.01000140470713 6.690283158002122 -2
      vertex -4.333447817552897 6.4854629759598525 0
      vertex -4.01000140470713 6.690283158002122 0
    endloop
  endfacet
  facet normal -0.4928981922297838 0.8700869911087115 0
    outer loop
      vertex -3.6768945472427816 6.878985861917169 -2
      vertex -4.01000140470713 6.690283158002122 0
      vertex -3.6768945472427816 6.878985861917169 0
    endloop
  endfacet
  facet normal -0.449611329654607 0.8932243011955151 0
    outer loop
      vertex -3.3349297287562 7.051116486362858 -2
      vertex -3.6768945472427816 6.878985861917169 0
      vertex -3.3349297287562 7.051116486362858 0
    endloop
  endfacet
  facet normal -0.40524131400498997 0.9142097557035306 0
    outer loop
      vertex -2.9849307724477003 7.2062603535880365 -2
      vertex -3.3349297287562 7.051116486362858 0
      vertex -2.9849307724477003 7.2062603535880365 0
    endloop
  endfacet
  facet normal -0.35989503653498855 0.9329927988347387 0
    outer loop
      vertex -2.6277408564593165 7.344043708427562 -2
      vertex -2.9849307724477003 7.2062603535880365 0
      vertex -2.6277408564593165 7.344043708427562 0
    endloop
  endfacet
  facet normal -0.31368174039888974 0.9495281805930372 0
    outer loop
      vertex -2.2642204825848062 7.4641346187112285 -2
      vertex -2.6277408564593165 7.344043708427562 0
      vertex -2.2642204825848062 7.4641346187112285 0
    endloop
  endfacet
  facet normal 0.5000000000000001 -0.8660254037844386 0
    outer loop
      vertex 0 6.58756657145363 1.9900000000000002
      vertex -5.705 3.2937832857268146 -2
      vertex 0 6.58756657145363 -2
    endloop
  endfacet
  facet normal -0.26671275747490003 0.9637760657954395 0
    outer loop
      vertex -1.8952454032454582 7.566243774917443 -2
      vertex -2.2642204825848062 7.4641346187112285 0
      vertex -1.8952454032454582 7.566243774917443 0
    endloop
  endfacet
  facet normal -0.21910124015686894 0.9757021300385287 0
    outer loop
      vertex -1.5217045117258003 7.650125187145197 -2
      vertex -1.8952454032454582 7.566243774917443 0
      vertex -1.5217045117258003 7.650125187145197 0
    endloop
  endfacet
  facet normal -0.17096188876030238 0.9852776423889411 0
    outer loop
      vertex -1.1444977007518216 7.715576777725292 -2
      vertex -1.5217045117258003 7.650125187145197 0
      vertex -1.1444977007518216 7.715576777725292 0
    endloop
  endfacet
  facet normal -0.12241067519921622 0.99247953459871 0
    outer loop
      vertex -0.7645336945705727 7.762440868043136 -2
      vertex -1.1444977007518216 7.715576777725292 0
      vertex -0.7645336945705727 7.762440868043136 0
    endloop
  endfacet
  facet normal -0.07356456359966727 0.9972904566786902 0
    outer loop
      vertex -0.38272785975386053 7.790604558400345 -2
      vertex -0.7645336945705727 7.762440868043136 0
      vertex -0.38272785975386053 7.790604558400345 0
    endloop
  endfacet
  facet normal -0.024541228522911688 0.9996988186962042 0
    outer loop
      vertex -0.38272785975386053 7.790604558400345 0
      vertex 0 7.8 0
      vertex 0 7.8 -2
    endloop
  endfacet
  facet normal 0 0 -1
    outer loop
      vertex -7.762440868043136 0.7645336945705727 0
      vertex -8.13159371024846 15.213141810009125 0
      vertex -7.375325361672366 15.593815306379398 0
    endloop
  endfacet
  facet normal 0 0 -1
    outer loop
      vertex -7.051116486362858 3.3349297287562 0
      vertex -7.375325361672366 15.593815306379398 0
      vertex -6.601289208297799 15.936921935819695 0
    endloop
  endfacet
  facet normal 0 0 -1
    outer loop
      vertex -6.029481536229349 4.948267616476435 0
      vertex -5.811349971015796 16.241635124407107 0
      vertex -5.779418777768681 5.2381598478067435 0
    endloop
  endfacet
  facet normal 0 0 -1
    outer loop
      vertex -5.779418777768681 5.2381598478067435 0
      vertex -5.811349971015796 16.241635124407107 0
      vertex -5.515432893255071 5.515432893255071 0
    endloop
  endfacet
  facet normal 0 0 -1
    outer loop
      vertex -5.515432893255071 5.515432893255071 0
      vertex -5.007410682639475 16.507220791380604 0
      vertex -5.2381598478067435 5.779418777768681 0
    endloop
  endfacet
  facet normal 0 0 -1
    outer loop
      vertex -5.2381598478067435 5.779418777768681 0
      vertex -5.007410682639475 16.507220791380604 0
      vertex -4.948267616476435 6.029481536229349 0
    endloop
  endfacet
  facet normal 0 0 -1
    outer loop
      vertex -4.948267616476435 6.029481536229349 0
      vertex -5.007410682639475 16.507220791380604 0
      vertex -4.6464545750409805 6.26501874554903 0
    endloop
  endfacet
  facet normal 0 0 -1
    outer loop
      vertex -4.6464545750409805 6.26501874554903 0
      vertex -4.191408103331302 16.733039117605884 0
      vertex -4.333447817552897 6.4854629759598525 0
    endloop
  endfacet
  facet normal 0 0 -1
    outer loop
      vertex -6.26501874554903 4.6464545750409805 0
      vertex -6.601289208297799 15.936921935819695 0
      vertex -5.811349971015796 16.241635124407107 0
    endloop
  endfacet
  facet normal 0 0 -1
    outer loop
      vertex -5.515432893255071 5.515432893255071 0
      vertex -5.811349971015796 16.241635124407107 0
      vertex -5.007410682639475 16.507220791380604 0
    endloop
  endfacet
  facet normal 0 0 -1
    outer loop
      vertex -4.6464545750409805 6.26501874554903 0
      vertex -5.007410682639475 16.507220791380604 0
      vertex -4.191408103331302 16.733039117605884 0
    endloop
  endfacet
  facet normal 0 0 -1
    outer loop
      vertex -4.333447817552897 6.4854629759598525 0
      vertex -4.191408103331302 16.733039117605884 0
      vertex -4.01000140470713 6.690283158002122 0
    endloop
  endfacet
  facet normal 0 0 -1
    outer loop
      vertex -4.01000140470713 6.690283158002122 0
      vertex -4.191408103331302 16.733039117605884 0
      vertex -3.6768945472427816 6.878985861917169 0
    endloop
  endfacet
  facet normal 0 0 -1
    outer loop
      vertex -3.6768945472427816 6.878985861917169 0
      vertex -3.3653080547782124 16.918546086955725 0
      vertex -3.3349297287562 7.051116486362858 0
    endloop
  endfacet
  facet normal 0 0 -1
    outer loop
      vertex -3.3349297287562 7.051116486362858 0
      vertex -3.3653080547782124 16.918546086955725 0
      vertex -2.9849307724477003 7.2062603535880365 0
    endloop
  endfacet
  facet normal 0 0 -1
    outer loop
      vertex -2.9849307724477003 7.2062603535880365 0
      vertex -2.5311006843549904 17.06329479689247 0
      vertex -2.6277408564593165 7.344043708427562 0
    endloop
  endfacet
  facet normal 0 0 -1
    outer loop
      vertex -2.6277408564593165 7.344043708427562 0
      vertex -2.5311006843549904 17.06329479689247 0
      vertex -2.2642204825848062 7.4641346187112285 0
    endloop
  endfacet
  facet normal 0 0 -1
    outer loop
      vertex -2.2642204825848062 7.4641346187112285 0
      vertex -1.6907956706849203 17.166936535095395 0
      vertex -1.8952454032454582 7.566243774917443 0
    endloop
  endfacet
  facet normal 0 0 -1
    outer loop
      vertex -1.8952454032454582 7.566243774917443 0
      vertex -1.6907956706849203 17.166936535095395 0
      vertex -1.5217045117258003 7.650125187145197 0
    endloop
  endfacet
  facet normal 0 0 -1
    outer loop
      vertex -1.5217045117258003 7.650125187145197 0
      vertex -1.6907956706849203 17.166936535095395 0
      vertex -1.1444977007518216 7.715576777725292 0
    endloop
  endfacet
  facet normal 0 0 -1
    outer loop
      vertex -1.1444977007518216 7.715576777725292 0
      vertex -0.8464173821479608 17.229221619539224 0
      vertex -0.7645336945705727 7.762440868043136 0
    endloop
  endfacet
  facet normal 0 0 -1
    outer loop
      vertex -0.7645336945705727 7.762440868043136 0
      vertex -0.8464173821479608 17.229221619539224 0
      vertex -0.38272785975386053 7.790604558400345 0
    endloop
  endfacet
  facet normal 0 0 -1
    outer loop
      vertex -0.38272785975386053 7.790604558400345 0
      vertex 0 17.25 0
      vertex 0 7.8 0
    endloop
  endfacet
  facet normal 0 0 -1
    outer loop
      vertex -3.6768945472427816 6.878985861917169 0
      vertex -4.191408103331302 16.733039117605884 0
      vertex -3.3653080547782124 16.918546086955725 0
    endloop
  endfacet
  facet normal 0 0 -1
    outer loop
      vertex -2.9849307724477003 7.2062603535880365 0
      vertex -3.3653080547782124 16.918546086955725 0
      vertex -2.5311006843549904 17.06329479689247 0
    endloop
  endfacet
  facet normal 0 0 -1
    outer loop
      vertex -2.2642204825848062 7.4641346187112285 0
      vertex -2.5311006843549904 17.06329479689247 0
      vertex -1.6907956706849203 17.166936535095395 0
    endloop
  endfacet
  facet normal 0 0 -1
    outer loop
      vertex -1.1444977007518216 7.715576777725292 0
      vertex -1.6907956706849203 17.166936535095395 0
      vertex -0.8464173821479608 17.229221619539224 0
    endloop
  endfacet
  facet normal 0 0 -1
    outer loop
      vertex -0.38272785975386053 7.790604558400345 0
      vertex -0.8464173821479608 17.229221619539224 0
      vertex 0 17.25 0
    endloop
  endfacet
  facet normal -0.9996988186962044 0.02454122852291171 0
    outer loop
      vertex -17.25 0 0
      vertex -17.229221619539224 0.8464173821479608 2.5
      vertex -17.229221619539224 0.8464173821479608 0
    endloop
  endfacet
  facet normal -0.9972904566786902 0.07356456359966919 0
    outer loop
      vertex -17.229221619539224 0.8464173821479608 0
      vertex -17.166936535095395 1.6907956706849203 2.5
      vertex -17.166936535095395 1.6907956706849203 0
    endloop
  endfacet
  facet normal -0.9924795345987101 0.12241067519921583 0
    outer loop
      vertex -17.166936535095395 1.6907956706849203 0
      vertex -17.06329479689247 2.5311006843549904 2.5
      vertex -17.06329479689247 2.5311006843549904 0
    endloop
  endfacet
  facet normal -0.9852776423889413 0.17096188876030036 0
    outer loop
      vertex -17.06329479689247 2.5311006843549904 0
      vertex -16.918546086955725 3.3653080547782124 2.5
      vertex -16.918546086955725 3.3653080547782124 0
    endloop
  endfacet
  facet normal -0.9757021300385285 0.21910124015686994 0
    outer loop
      vertex -16.918546086955725 3.3653080547782124 0
      vertex -16.733039117605884 4.191408103331302 2.5
      vertex -16.733039117605884 4.191408103331302 0
    endloop
  endfacet
  facet normal -0.9637760657954401 0.26671275747489753 0
    outer loop
      vertex -16.733039117605884 4.191408103331302 0
      vertex -16.507220791380604 5.007410682639475 2.5
      vertex -16.507220791380604 5.007410682639475 0
    endloop
  endfacet
  facet normal -0.9495281805930359 0.31368174039889346 0
    outer loop
      vertex -16.507220791380604 5.007410682639475 0
      vertex -16.241635124407107 5.811349971015796 2.5
      vertex -16.241635124407107 5.811349971015796 0
    endloop
  endfacet
  facet normal -0.9329927988347391 0.35989503653498794 0
    outer loop
      vertex -16.241635124407107 5.811349971015796 0
      vertex -15.936921935819695 6.601289208297799 2.5
      vertex -15.936921935819695 6.601289208297799 0
    endloop
  endfacet
  facet normal -0.9142097557035311 0.40524131400498886 0
    outer loop
      vertex -15.936921935819695 6.601289208297799 0
      vertex -15.593815306379398 7.375325361672366 2.5
      vertex -15.593815306379398 7.375325361672366 0
    endloop
  endfacet
  facet normal -0.8932243011955158 0.449611329654606 0
    outer loop
      vertex -15.593815306379398 7.375325361672366 0
      vertex -15.213141810009125 8.13159371024846 2.5
      vertex -15.213141810009125 8.13159371024846 0
    endloop
  endfacet
  facet normal -0.8700869911087111 0.49289819222978454 0
    outer loop
      vertex -15.213141810009125 8.13159371024846 0
      vertex -14.795818522504693 8.868272337333076 2.5
      vertex -14.795818522504693 8.868272337333076 0
    endloop
  endfacet
  facet normal -0.9996988186962044 0.02454122852291171 0
    outer loop
      vertex -17.25 0 0
      vertex -17.25 0 2.5
      vertex -17.229221619539224 0.8464173821479608 2.5
    endloop
  endfacet
  facet normal -0.9972904566786902 0.07356456359966919 0
    outer loop
      vertex -17.229221619539224 0.8464173821479608 0
      vertex -17.229221619539224 0.8464173821479608 2.5
      vertex -17.166936535095395 1.6907956706849203 2.5
    endloop
  endfacet
  facet normal -0.9924795345987101 0.12241067519921583 0
    outer loop
      vertex -17.166936535095395 1.6907956706849203 0
      vertex -17.166936535095395 1.6907956706849203 2.5
      vertex -17.06329479689247 2.5311006843549904 2.5
    endloop
  endfacet
  facet normal -0.9852776423889413 0.17096188876030036 0
    outer loop
      vertex -17.06329479689247 2.5311006843549904 0
      vertex -17.06329479689247 2.5311006843549904 2.5
      vertex -16.918546086955725 3.3653080547782124 2.5
    endloop
  endfacet
  facet normal -0.9757021300385285 0.21910124015686994 0
    outer loop
      vertex -16.918546086955725 3.3653080547782124 0
      vertex -16.918546086955725 3.3653080547782124 2.5
      vertex -16.733039117605884 4.191408103331302 2.5
    endloop
  endfacet
  facet normal 0 0 1
    outer loop
      vertex -17.229221619539224 -0.8464173821479608 2.5
      vertex -17.229221619539224 0.8464173821479608 2.5
      vertex -17.25 0 2.5
    endloop
  endfacet
  facet normal 0 0 1
    outer loop
      vertex -17.166936535095395 -1.6907956706849203 2.5
      vertex -17.166936535095395 1.6907956706849203 2.5
      vertex -17.229221619539224 0.8464173821479608 2.5
    endloop
  endfacet
  facet normal 0 0 1
    outer loop
      vertex -17.06329479689247 -2.5311006843549904 2.5
      vertex -17.06329479689247 2.5311006843549904 2.5
      vertex -17.166936535095395 1.6907956706849203 2.5
    endloop
  endfacet
  facet normal 0 0 1
    outer loop
      vertex -16.918546086955725 -3.3653080547782124 2.5
      vertex -16.918546086955725 3.3653080547782124 2.5
      vertex -17.06329479689247 2.5311006843549904 2.5
    endloop
  endfacet
  facet normal 0 0 1
    outer loop
      vertex -16.733039117605884 -4.191408103331302 2.5
      vertex -16.733039117605884 4.191408103331302 2.5
      vertex -16.918546086955725 3.3653080547782124 2.5
    endloop
  endfacet
  facet normal 0 0 1
    outer loop
      vertex -16.507220791380604 -5.007410682639475 2.5
      vertex -16.507220791380604 5.007410682639475 2.5
      vertex -16.733039117605884 4.191408103331302 2.5
    endloop
  endfacet
  facet normal 0 0 1
    outer loop
      vertex -16.241635124407107 -5.811349971015796 2.5
      vertex -16.241635124407107 5.811349971015796 2.5
      vertex -16.507220791380604 5.007410682639475 2.5
    endloop
  endfacet
  facet normal 0 0 1
    outer loop
      vertex -15.936921935819695 -6.601289208297799 2.5
      vertex -15.936921935819695 6.601289208297799 2.5
      vertex -16.241635124407107 5.811349971015796 2.5
    endloop
  endfacet
  facet normal 0 0 1
    outer loop
      vertex -15.593815306379398 -7.375325361672366 2.5
      vertex -15.593815306379398 7.375325361672366 2.5
      vertex -15.936921935819695 6.601289208297799 2.5
    endloop
  endfacet
  facet normal 0 0 1
    outer loop
      vertex -15.213141810009125 -8.13159371024846 2.5
      vertex -15.213141810009125 8.13159371024846 2.5
      vertex -15.593815306379398 7.375325361672366 2.5
    endloop
  endfacet
  facet normal 0 0 1
    outer loop
      vertex -14.795818522504693 -8.868272337333076 2.5
      vertex -14.795818522504693 8.868272337333076 2.5
      vertex -15.213141810009125 8.13159371024846 2.5
    endloop
  endfacet
  facet normal 0 0 1
    outer loop
      vertex -14.342850812218906 -9.583586519588138 2.5
      vertex -14.342850812218906 9.583586519588138 2.5
      vertex -14.795818522504693 8.868272337333076 2.5
    endloop
  endfacet
  facet normal 0 0 1
    outer loop
      vertex -13.855329918041125 -10.275813002494475 2.5
      vertex -13.855329918041125 10.275813002494475 2.5
      vertex -14.342850812218906 9.583586519588138 2.5
    endloop
  endfacet
  facet normal 0 0 1
    outer loop
      vertex -13.334430320507213 -10.943284151822885 2.5
      vertex -13.334430320507213 10.943284151822885 2.5
      vertex -13.855329918041125 10.275813002494475 2.5
    endloop
  endfacet
  facet normal 0 0 1
    outer loop
      vertex -12.781406912373045 -11.584391971111067 2.5
      vertex -12.781406912373045 11.584391971111067 2.5
      vertex -13.334430320507213 10.943284151822885 2.5
    endloop
  endfacet
  facet normal -0.9637760657954401 0.26671275747489753 0
    outer loop
      vertex -16.733039117605884 4.191408103331302 0
      vertex -16.733039117605884 4.191408103331302 2.5
      vertex -16.507220791380604 5.007410682639475 2.5
    endloop
  endfacet
  facet normal -0.9495281805930359 0.31368174039889346 0
    outer loop
      vertex -16.507220791380604 5.007410682639475 0
      vertex -16.507220791380604 5.007410682639475 2.5
      vertex -16.241635124407107 5.811349971015796 2.5
    endloop
  endfacet
  facet normal -0.9329927988347391 0.35989503653498794 0
    outer loop
      vertex -16.241635124407107 5.811349971015796 0
      vertex -16.241635124407107 5.811349971015796 2.5
      vertex -15.936921935819695 6.601289208297799 2.5
    endloop
  endfacet
  facet normal -0.9142097557035311 0.40524131400498886 0
    outer loop
      vertex -15.936921935819695 6.601289208297799 0
      vertex -15.936921935819695 6.601289208297799 2.5
      vertex -15.593815306379398 7.375325361672366 2.5
    endloop
  endfacet
  facet normal -0.8932243011955158 0.449611329654606 0
    outer loop
      vertex -15.593815306379398 7.375325361672366 0
      vertex -15.593815306379398 7.375325361672366 2.5
      vertex -15.213141810009125 8.13159371024846 2.5
    endloop
  endfacet
  facet normal -0.8700869911087111 0.49289819222978454 0
    outer loop
      vertex -15.213141810009125 8.13159371024846 0
      vertex -15.213141810009125 8.13159371024846 2.5
      vertex -14.795818522504693 8.868272337333076 2.5
    endloop
  endfacet
  facet normal 0 0 1
    outer loop
      vertex -12.197591975467946 -12.197591975467946 2.5
      vertex -12.197591975467946 12.197591975467946 2.5
      vertex -12.781406912373045 11.584391971111067 2.5
    endloop
  endfacet
  facet normal 0 0 1
    outer loop
      vertex -11.584391971111067 -12.781406912373045 2.5
      vertex -11.584391971111067 12.781406912373045 2.5
      vertex -12.197591975467946 12.197591975467946 2.5
    endloop
  endfacet
  facet normal 0 0 1
    outer loop
      vertex -10.943284151822885 -13.334430320507213 2.5
      vertex -10.943284151822885 13.334430320507213 2.5
      vertex -11.584391971111067 12.781406912373045 2.5
    endloop
  endfacet
  facet normal 0 0 1
    outer loop
      vertex -10.275813002494475 -13.855329918041125 2.5
      vertex -10.275813002494475 13.855329918041125 2.5
      vertex -10.943284151822885 13.334430320507213 2.5
    endloop
  endfacet
  facet normal 0 0 1
    outer loop
      vertex -9.583586519588138 -14.342850812218906 2.5
      vertex -9.583586519588138 14.342850812218906 2.5
      vertex -10.275813002494475 13.855329918041125 2.5
    endloop
  endfacet
  facet normal 0 0 1
    outer loop
      vertex -8.868272337333076 -14.795818522504693 2.5
      vertex -8.868272337333076 14.795818522504693 2.5
      vertex -9.583586519588138 14.342850812218906 2.5
    endloop
  endfacet
  facet normal -0.844853565249707 0.5349976198870972 0
    outer loop
      vertex -14.795818522504693 8.868272337333076 0
      vertex -14.342850812218906 9.583586519588138 2.5
      vertex -14.342850812218906 9.583586519588138 0
    endloop
  endfacet
  facet normal -0.8175848131515838 0.5758081914178453 0
    outer loop
      vertex -14.342850812218906 9.583586519588138 0
      vertex -13.855329918041125 10.275813002494475 2.5
      vertex -13.855329918041125 10.275813002494475 0
    endloop
  endfacet
  facet normal -0.7883464276266064 0.6152315905806267 0
    outer loop
      vertex -13.855329918041125 10.275813002494475 0
      vertex -13.334430320507213 10.943284151822885 2.5
      vertex -13.334430320507213 10.943284151822885 0
    endloop
  endfacet
  facet normal -0.7572088465064846 0.6531728429537768 0
    outer loop
      vertex -13.334430320507213 10.943284151822885 0
      vertex -12.781406912373045 11.584391971111067 2.5
      vertex -12.781406912373045 11.584391971111067 0
    endloop
  endfacet
  facet normal -0.7242470829514674 0.6895405447370664 0
    outer loop
      vertex -12.781406912373045 11.584391971111067 0
      vertex -12.197591975467946 12.197591975467946 2.5
      vertex -12.197591975467946 12.197591975467946 0
    endloop
  endfacet
  facet normal -0.6895405447370664 0.7242470829514674 0
    outer loop
      vertex -12.197591975467946 12.197591975467946 0
      vertex -12.197591975467946 12.197591975467946 2.5
      vertex -11.584391971111067 12.781406912373045 0
    endloop
  endfacet
  facet normal -0.6531728429537768 0.7572088465064846 0
    outer loop
      vertex -11.584391971111067 12.781406912373045 0
      vertex -11.584391971111067 12.781406912373045 2.5
      vertex -10.943284151822885 13.334430320507213 0
    endloop
  endfacet
  facet normal -0.6152315905806267 0.7883464276266064 0
    outer loop
      vertex -10.943284151822885 13.334430320507213 0
      vertex -10.943284151822885 13.334430320507213 2.5
      vertex -10.275813002494475 13.855329918041125 0
    endloop
  endfacet
  facet normal -0.5758081914178453 0.8175848131515838 0
    outer loop
      vertex -10.275813002494475 13.855329918041125 0
      vertex -10.275813002494475 13.855329918041125 2.5
      vertex -9.583586519588138 14.342850812218906 0
    endloop
  endfacet
  facet normal -0.5349976198870972 0.844853565249707 0
    outer loop
      vertex -9.583586519588138 14.342850812218906 0
      vertex -9.583586519588138 14.342850812218906 2.5
      vertex -8.868272337333076 14.795818522504693 0
    endloop
  endfacet
  facet normal -0.844853565249707 0.5349976198870972 0
    outer loop
      vertex -14.795818522504693 8.868272337333076 0
      vertex -14.795818522504693 8.868272337333076 2.5
      vertex -14.342850812218906 9.583586519588138 2.5
    endloop
  endfacet
  facet normal -0.8175848131515838 0.5758081914178453 0
    outer loop
      vertex -14.342850812218906 9.583586519588138 0
      vertex -14.342850812218906 9.583586519588138 2.5
      vertex -13.855329918041125 10.275813002494475 2.5
    endloop
  endfacet
  facet normal -0.7883464276266064 0.6152315905806267 0
    outer loop
      vertex -13.855329918041125 10.275813002494475 0
      vertex -13.855329918041125 10.275813002494475 2.5
      vertex -13.334430320507213 10.943284151822885 2.5
    endloop
  endfacet
  facet normal -0.7572088465064846 0.6531728429537768 0
    outer loop
      vertex -13.334430320507213 10.943284151822885 0
      vertex -13.334430320507213 10.943284151822885 2.5
      vertex -12.781406912373045 11.584391971111067 2.5
    endloop
  endfacet
  facet normal -0.7242470829514674 0.6895405447370664 0
    outer loop
      vertex -12.781406912373045 11.584391971111067 0
      vertex -12.781406912373045 11.584391971111067 2.5
      vertex -12.197591975467946 12.197591975467946 2.5
    endloop
  endfacet
  facet normal -0.6895405447370664 0.7242470829514674 0
    outer loop
      vertex -11.584391971111067 12.781406912373045 0
      vertex -12.197591975467946 12.197591975467946 2.5
      vertex -11.584391971111067 12.781406912373045 2.5
    endloop
  endfacet
  facet normal -0.6531728429537768 0.7572088465064846 0
    outer loop
      vertex -10.943284151822885 13.334430320507213 0
      vertex -11.584391971111067 12.781406912373045 2.5
      vertex -10.943284151822885 13.334430320507213 2.5
    endloop
  endfacet
  facet normal -0.6152315905806267 0.7883464276266064 0
    outer loop
      vertex -10.275813002494475 13.855329918041125 0
      vertex -10.943284151822885 13.334430320507213 2.5
      vertex -10.275813002494475 13.855329918041125 2.5
    endloop
  endfacet
  facet normal -0.5758081914178453 0.8175848131515838 0
    outer loop
      vertex -9.583586519588138 14.342850812218906 0
      vertex -10.275813002494475 13.855329918041125 2.5
      vertex -9.583586519588138 14.342850812218906 2.5
    endloop
  endfacet
  facet normal -0.5349976198870972 0.844853565249707 0
    outer loop
      vertex -8.868272337333076 14.795818522504693 0
      vertex -9.583586519588138 14.342850812218906 2.5
      vertex -8.868272337333076 14.795818522504693 2.5
    endloop
  endfacet
  facet normal 0.5000000000000001 -0.8660254037844386 0
    outer loop
      vertex -5.705 3.2937832857268146 1.9900000000000002
      vertex -5.705 3.2937832857268146 -2
      vertex 0 6.58756657145363 1.9900000000000002
    endloop
  endfacet
  facet normal 0 0 1
    outer loop
      vertex -8.13159371024846 -15.213141810009125 2.5
      vertex -8.13159371024846 15.213141810009125 2.5
      vertex -8.868272337333076 14.795818522504693 2.5
    endloop
  endfacet
  facet normal 0 0 1
    outer loop
      vertex -7.375325361672366 -15.593815306379398 2.5
      vertex -7.375325361672366 15.593815306379398 2.5
      vertex -8.13159371024846 15.213141810009125 2.5
    endloop
  endfacet
  facet normal 0 0 1
    outer loop
      vertex -6.601289208297799 -15.936921935819695 2.5
      vertex -6.601289208297799 15.936921935819695 2.5
      vertex -7.375325361672366 15.593815306379398 2.5
    endloop
  endfacet
  facet normal 0 0 1
    outer loop
      vertex -5.811349971015796 -16.241635124407107 2.5
      vertex -5.811349971015796 16.241635124407107 2.5
      vertex -6.601289208297799 15.936921935819695 2.5
    endloop
  endfacet
  facet normal 0 0 1
    outer loop
      vertex -5.007410682639475 -16.507220791380604 2.5
      vertex -5.007410682639475 16.507220791380604 2.5
      vertex -5.811349971015796 16.241635124407107 2.5
    endloop
  endfacet
  facet normal 0 0 1
    outer loop
      vertex -4.191408103331302 -16.733039117605884 2.5
      vertex -4.191408103331302 16.733039117605884 2.5
      vertex -5.007410682639475 16.507220791380604 2.5
    endloop
  endfacet
  facet normal 0 0 -1
    outer loop
      vertex -3.3101503213609025 -0.6584298368044328 1.9900000000000002
      vertex -5.705 3.2937832857268146 1.9900000000000002
      vertex -3.375 0 1.9900000000000002
    endloop
  endfacet
  facet normal 0.9951847266721968 -0.09801714032956105 0
    outer loop
      vertex -3.375 0 1.9900000000000002
      vertex -3.3101503213609025 0.6584298368044328 1.9900000000000002
      vertex -3.3101503213609025 0.6584298368044328 2.5
    endloop
  endfacet
  facet normal 0 0 -1
    outer loop
      vertex -5.705 3.2937832857268146 1.9900000000000002
      vertex -3.3101503213609025 0.6584298368044328 1.9900000000000002
      vertex -3.375 0 1.9900000000000002
    endloop
  endfacet
  facet normal 0 0 -1
    outer loop
      vertex -5.705 3.2937832857268146 1.9900000000000002
      vertex -3.1180934222255927 1.2915565842321781 1.9900000000000002
      vertex -3.3101503213609025 0.6584298368044328 1.9900000000000002
    endloop
  endfacet
  facet normal 0 0 -1
    outer loop
      vertex -5.705 3.2937832857268146 1.9900000000000002
      vertex -2.8062099415210904 1.8750495364411575 1.9900000000000002
      vertex -3.1180934222255927 1.2915565842321781 1.9900000000000002
    endloop
  endfacet
  facet normal 0.956940335732209 -0.290284677254462 0
    outer loop
      vertex -3.3101503213609025 0.6584298368044328 1.9900000000000002
      vertex -3.1180934222255927 1.2915565842321781 1.9900000000000002
      vertex -3.1180934222255927 1.2915565842321781 2.5
    endloop
  endfacet
  facet normal 0.8819212643483553 -0.47139673682599736 0
    outer loop
      vertex -3.1180934222255927 1.2915565842321781 1.9900000000000002
      vertex -2.8062099415210904 1.8750495364411575 1.9900000000000002
      vertex -2.8062099415210904 1.8750495364411575 2.5
    endloop
  endfacet
  facet normal 0.9951847266721968 -0.09801714032956105 0
    outer loop
      vertex -3.375 0 1.9900000000000002
      vertex -3.3101503213609025 0.6584298368044328 2.5
      vertex -3.375 0 2.5
    endloop
  endfacet
  facet normal 0.956940335732209 -0.290284677254462 0
    outer loop
      vertex -3.3101503213609025 0.6584298368044328 1.9900000000000002
      vertex -3.1180934222255927 1.2915565842321781 2.5
      vertex -3.3101503213609025 0.6584298368044328 2.5
    endloop
  endfacet
  facet normal 0.8819212643483553 -0.47139673682599736 0
    outer loop
      vertex -3.1180934222255927 1.2915565842321781 1.9900000000000002
      vertex -2.8062099415210904 1.8750495364411575 2.5
      vertex -3.1180934222255927 1.2915565842321781 2.5
    endloop
  endfacet
  facet normal 0.773010453362737 -0.6343932841636454 0
    outer loop
      vertex -2.8062099415210904 1.8750495364411575 1.9900000000000002
      vertex -2.386485386504598 2.386485386504598 2.5
      vertex -2.8062099415210904 1.8750495364411575 2.5
    endloop
  endfacet
  facet normal 0 0 -1
    outer loop
      vertex -5.705 3.2937832857268146 1.9900000000000002
      vertex -2.386485386504598 2.386485386504598 1.9900000000000002
      vertex -2.8062099415210904 1.8750495364411575 1.9900000000000002
    endloop
  endfacet
  facet normal 0 0 -1
    outer loop
      vertex -5.705 3.2937832857268146 1.9900000000000002
      vertex -1.8750495364411575 2.8062099415210904 1.9900000000000002
      vertex -2.386485386504598 2.386485386504598 1.9900000000000002
    endloop
  endfacet
  facet normal 0 0 -1
    outer loop
      vertex -5.705 3.2937832857268146 1.9900000000000002
      vertex -1.2915565842321781 3.1180934222255927 1.9900000000000002
      vertex -1.8750495364411575 2.8062099415210904 1.9900000000000002
    endloop
  endfacet
  facet normal 0.773010453362737 -0.6343932841636454 0
    outer loop
      vertex -2.8062099415210904 1.8750495364411575 1.9900000000000002
      vertex -2.386485386504598 2.386485386504598 1.9900000000000002
      vertex -2.386485386504598 2.386485386504598 2.5
    endloop
  endfacet
  facet normal 0.6343932841636454 -0.773010453362737 0
    outer loop
      vertex -2.386485386504598 2.386485386504598 1.9900000000000002
      vertex -1.8750495364411575 2.8062099415210904 2.5
      vertex -2.386485386504598 2.386485386504598 2.5
    endloop
  endfacet
  facet normal 0.6343932841636454 -0.773010453362737 0
    outer loop
      vertex -2.386485386504598 2.386485386504598 1.9900000000000002
      vertex -1.8750495364411575 2.8062099415210904 1.9900000000000002
      vertex -1.8750495364411575 2.8062099415210904 2.5
    endloop
  endfacet
  facet normal 0.47139673682599736 -0.8819212643483553 0
    outer loop
      vertex -1.8750495364411575 2.8062099415210904 1.9900000000000002
      vertex -1.2915565842321781 3.1180934222255927 1.9900000000000002
      vertex -1.2915565842321781 3.1180934222255927 2.5
    endloop
  endfacet
  facet normal 0.290284677254462 -0.956940335732209 0
    outer loop
      vertex -1.2915565842321781 3.1180934222255927 1.9900000000000002
      vertex -0.6584298368044328 3.3101503213609025 1.9900000000000002
      vertex -0.6584298368044328 3.3101503213609025 2.5
    endloop
  endfacet
  facet normal 0.09801714032956105 -0.9951847266721968 0
    outer loop
      vertex -0.6584298368044328 3.3101503213609025 1.9900000000000002
      vertex 0 3.375 1.9900000000000002
      vertex 0 3.375 2.5
    endloop
  endfacet
  facet normal 0.47139673682599736 -0.8819212643483553 0
    outer loop
      vertex -1.8750495364411575 2.8062099415210904 1.9900000000000002
      vertex -1.2915565842321781 3.1180934222255927 2.5
      vertex -1.8750495364411575 2.8062099415210904 2.5
    endloop
  endfacet
  facet normal 0.290284677254462 -0.956940335732209 0
    outer loop
      vertex -1.2915565842321781 3.1180934222255927 1.9900000000000002
      vertex -0.6584298368044328 3.3101503213609025 2.5
      vertex -1.2915565842321781 3.1180934222255927 2.5
    endloop
  endfacet
  facet normal 0.09801714032956105 -0.9951847266721968 0
    outer loop
      vertex -0.6584298368044328 3.3101503213609025 1.9900000000000002
      vertex 0 3.375 2.5
      vertex -0.6584298368044328 3.3101503213609025 2.5
    endloop
  endfacet
  facet normal 0 0 -1
    outer loop
      vertex -5.705 3.2937832857268146 1.9900000000000002
      vertex 0 6.58756657145363 1.9900000000000002
      vertex -1.2915565842321781 3.1180934222255927 1.9900000000000002
    endloop
  endfacet
  facet normal 0 0 1
    outer loop
      vertex -4.191408103331302 16.733039117605884 2.5
      vertex -3.375 0 2.5
      vertex -3.3101503213609025 0.6584298368044328 2.5
    endloop
  endfacet
  facet normal 0 0 1
    outer loop
      vertex -3.3653080547782124 16.918546086955725 2.5
      vertex -3.3101503213609025 0.6584298368044328 2.5
      vertex -3.1180934222255927 1.2915565842321781 2.5
    endloop
  endfacet
  facet normal 0 0 1
    outer loop
      vertex -3.3653080547782124 16.918546086955725 2.5
      vertex -3.1180934222255927 1.2915565842321781 2.5
      vertex -2.8062099415210904 1.8750495364411575 2.5
    endloop
  endfacet
  facet normal 0 0 1
    outer loop
      vertex -3.3653080547782124 16.918546086955725 2.5
      vertex -2.8062099415210904 1.8750495364411575 2.5
      vertex -2.386485386504598 2.386485386504598 2.5
    endloop
  endfacet
  facet normal 0 0 1
    outer loop
      vertex -2.5311006843549904 17.06329479689247 2.5
      vertex -2.386485386504598 2.386485386504598 2.5
      vertex -1.8750495364411575 2.8062099415210904 2.5
    endloop
  endfacet
  facet normal 0 0 -1
    outer loop
      vertex -1.2915565842321781 3.1180934222255927 1.9900000000000002
      vertex 0 6.58756657145363 1.9900000000000002
      vertex -0.6584298368044328 3.3101503213609025 1.9900000000000002
    endloop
  endfacet
  facet normal 0 0 -1
    outer loop
      vertex -0.6584298368044328 3.3101503213609025 1.9900000000000002
      vertex 0 6.58756657145363 1.9900000000000002
      vertex 0 3.375 1.9900000000000002
    endloop
  endfacet
  facet normal 0 0 1
    outer loop
      vertex -2.5311006843549904 17.06329479689247 2.5
      vertex -1.8750495364411575 2.8062099415210904 2.5
      vertex -1.2915565842321781 3.1180934222255927 2.5
    endloop
  endfacet
  facet normal 0 0 1
    outer loop
      vertex -1.6907956706849203 17.166936535095395 2.5
      vertex -1.2915565842321781 3.1180934222255927 2.5
      vertex -0.6584298368044328 3.3101503213609025 2.5
    endloop
  endfacet
  facet normal 0 0 1
    outer loop
      vertex -0.8464173821479608 17.229221619539224 2.5
      vertex -0.6584298368044328 3.3101503213609025 2.5
      vertex 0 3.375 2.5
    endloop
  endfacet
  facet normal -0.49289819222978454 0.8700869911087111 0
    outer loop
      vertex -8.868272337333076 14.795818522504693 0
      vertex -8.868272337333076 14.795818522504693 2.5
      vertex -8.13159371024846 15.213141810009125 0
    endloop
  endfacet
  facet normal -0.449611329654606 0.8932243011955158 0
    outer loop
      vertex -8.13159371024846 15.213141810009125 0
      vertex -8.13159371024846 15.213141810009125 2.5
      vertex -7.375325361672366 15.593815306379398 0
    endloop
  endfacet
  facet normal -0.40524131400498886 0.9142097557035311 0
    outer loop
      vertex -7.375325361672366 15.593815306379398 0
      vertex -7.375325361672366 15.593815306379398 2.5
      vertex -6.601289208297799 15.936921935819695 0
    endloop
  endfacet
  facet normal -0.35989503653498794 0.9329927988347391 0
    outer loop
      vertex -6.601289208297799 15.936921935819695 0
      vertex -6.601289208297799 15.936921935819695 2.5
      vertex -5.811349971015796 16.241635124407107 0
    endloop
  endfacet
  facet normal -0.31368174039889346 0.9495281805930359 0
    outer loop
      vertex -5.811349971015796 16.241635124407107 0
      vertex -5.811349971015796 16.241635124407107 2.5
      vertex -5.007410682639475 16.507220791380604 0
    endloop
  endfacet
  facet normal -0.26671275747489753 0.9637760657954401 0
    outer loop
      vertex -5.007410682639475 16.507220791380604 0
      vertex -5.007410682639475 16.507220791380604 2.5
      vertex -4.191408103331302 16.733039117605884 0
    endloop
  endfacet
  facet normal -0.21910124015686994 0.9757021300385285 0
    outer loop
      vertex -4.191408103331302 16.733039117605884 0
      vertex -4.191408103331302 16.733039117605884 2.5
      vertex -3.3653080547782124 16.918546086955725 0
    endloop
  endfacet
  facet normal -0.17096188876030036 0.9852776423889413 0
    outer loop
      vertex -3.3653080547782124 16.918546086955725 0
      vertex -3.3653080547782124 16.918546086955725 2.5
      vertex -2.5311006843549904 17.06329479689247 0
    endloop
  endfacet
  facet normal -0.12241067519921583 0.9924795345987101 0
    outer loop
      vertex -2.5311006843549904 17.06329479689247 0
      vertex -2.5311006843549904 17.06329479689247 2.5
      vertex -1.6907956706849203 17.166936535095395 0
    endloop
  endfacet
  facet normal -0.07356456359966919 0.9972904566786902 0
    outer loop
      vertex -1.6907956706849203 17.166936535095395 0
      vertex -1.6907956706849203 17.166936535095395 2.5
      vertex -0.8464173821479608 17.229221619539224 0
    endloop
  endfacet
  facet normal -0.02454122852291171 0.9996988186962044 0
    outer loop
      vertex -0.8464173821479608 17.229221619539224 0
      vertex -0.8464173821479608 17.229221619539224 2.5
      vertex 0 17.25 0
    endloop
  endfacet
  facet normal -0.49289819222978454 0.8700869911087111 0
    outer loop
      vertex -8.13159371024846 15.213141810009125 0
      vertex -8.868272337333076 14.795818522504693 2.5
      vertex -8.13159371024846 15.213141810009125 2.5
    endloop
  endfacet
  facet normal -0.449611329654606 0.8932243011955158 0
    outer loop
      vertex -7.375325361672366 15.593815306379398 0
      vertex -8.13159371024846 15.213141810009125 2.5
      vertex -7.375325361672366 15.593815306379398 2.5
    endloop
  endfacet
  facet normal -0.40524131400498886 0.9142097557035311 0
    outer loop
      vertex -6.601289208297799 15.936921935819695 0
      vertex -7.375325361672366 15.593815306379398 2.5
      vertex -6.601289208297799 15.936921935819695 2.5
    endloop
  endfacet
  facet normal -0.35989503653498794 0.9329927988347391 0
    outer loop
      vertex -5.811349971015796 16.241635124407107 0
      vertex -6.601289208297799 15.936921935819695 2.5
      vertex -5.811349971015796 16.241635124407107 2.5
    endloop
  endfacet
  facet normal -0.31368174039889346 0.9495281805930359 0
    outer loop
      vertex -5.007410682639475 16.507220791380604 0
      vertex -5.811349971015796 16.241635124407107 2.5
      vertex -5.007410682639475 16.507220791380604 2.5
    endloop
  endfacet
  facet normal -0.26671275747489753 0.9637760657954401 0
    outer loop
      vertex -4.191408103331302 16.733039117605884 0
      vertex -5.007410682639475 16.507220791380604 2.5
      vertex -4.191408103331302 16.733039117605884 2.5
    endloop
  endfacet
  facet normal 0 0 1
    outer loop
      vertex -4.191408103331302 16.733039117605884 2.5
      vertex -3.3101503213609025 0.6584298368044328 2.5
      vertex -3.3653080547782124 16.918546086955725 2.5
    endloop
  endfacet
  facet normal 0 0 1
    outer loop
      vertex -3.3653080547782124 16.918546086955725 2.5
      vertex -2.386485386504598 2.386485386504598 2.5
      vertex -2.5311006843549904 17.06329479689247 2.5
    endloop
  endfacet
  facet normal 0 0 1
    outer loop
      vertex -2.5311006843549904 17.06329479689247 2.5
      vertex -1.2915565842321781 3.1180934222255927 2.5
      vertex -1.6907956706849203 17.166936535095395 2.5
    endloop
  endfacet
  facet normal 0 0 1
    outer loop
      vertex -1.6907956706849203 17.166936535095395 2.5
      vertex -0.6584298368044328 3.3101503213609025 2.5
      vertex -0.8464173821479608 17.229221619539224 2.5
    endloop
  endfacet
  facet normal 0 0 1
    outer loop
      vertex -0.8464173821479608 17.229221619539224 2.5
      vertex 0 3.375 2.5
      vertex 0 17.25 2.5
    endloop
  endfacet
  facet normal -0.21910124015686994 0.9757021300385285 0
    outer loop
      vertex -3.3653080547782124 16.918546086955725 0
      vertex -4.191408103331302 16.733039117605884 2.5
      vertex -3.3653080547782124 16.918546086955725 2.5
    endloop
  endfacet
  facet normal -0.17096188876030036 0.9852776423889413 0
    outer loop
      vertex -2.5311006843549904 17.06329479689247 0
      vertex -3.3653080547782124 16.918546086955725 2.5
      vertex -2.5311006843549904 17.06329479689247 2.5
    endloop
  endfacet
  facet normal -0.12241067519921583 0.9924795345987101 0
    outer loop
      vertex -1.6907956706849203 17.166936535095395 0
      vertex -2.5311006843549904 17.06329479689247 2.5
      vertex -1.6907956706849203 17.166936535095395 2.5
    endloop
  endfacet
  facet normal -0.07356456359966919 0.9972904566786902 0
    outer loop
      vertex -0.8464173821479608 17.229221619539224 0
      vertex -1.6907956706849203 17.166936535095395 2.5
      vertex -0.8464173821479608 17.229221619539224 2.5
    endloop
  endfacet
  facet normal -0.02454122852291171 0.9996988186962044 0
    outer loop
      vertex -0.8464173821479608 17.229221619539224 2.5
      vertex 0 17.25 2.5
      vertex 0 17.25 0
    endloop
  endfacet
  facet normal 0 0 -1
    outer loop
      vertex 0 -17.25 0
      vertex 0.38272785975386053 -7.790604558400345 0
      vertex 0.8464173821479608 -17.229221619539224 0
    endloop
  endfacet
  facet normal 0 0 -1
    outer loop
      vertex 0.8464173821479608 -17.229221619539224 0
      vertex 1.1444977007518216 -7.715576777725292 0
      vertex 1.6907956706849203 -17.166936535095395 0
    endloop
  endfacet
  facet normal 0 0 -1
    outer loop
      vertex 1.6907956706849203 -17.166936535095395 0
      vertex 2.2642204825848062 -7.4641346187112285 0
      vertex 2.5311006843549904 -17.06329479689247 0
    endloop
  endfacet
  facet normal 0 0 -1
    outer loop
      vertex 2.5311006843549904 -17.06329479689247 0
      vertex 2.9849307724477003 -7.2062603535880365 0
      vertex 3.3653080547782124 -16.918546086955725 0
    endloop
  endfacet
  facet normal 0 0 -1
    outer loop
      vertex 3.3653080547782124 -16.918546086955725 0
      vertex 3.6768945472427816 -6.878985861917169 0
      vertex 4.191408103331302 -16.733039117605884 0
    endloop
  endfacet
  facet normal 0 0 -1
    outer loop
      vertex 0 -17.25 0
      vertex 0 -7.8 0
      vertex 0.38272785975386053 -7.790604558400345 0
    endloop
  endfacet
  facet normal 0 0 -1
    outer loop
      vertex 0.8464173821479608 -17.229221619539224 0
      vertex 0.38272785975386053 -7.790604558400345 0
      vertex 0.7645336945705727 -7.762440868043136 0
    endloop
  endfacet
  facet normal 0 0 -1
    outer loop
      vertex 0.8464173821479608 -17.229221619539224 0
      vertex 0.7645336945705727 -7.762440868043136 0
      vertex 1.1444977007518216 -7.715576777725292 0
    endloop
  endfacet
  facet normal 0 0 -1
    outer loop
      vertex 1.6907956706849203 -17.166936535095395 0
      vertex 1.1444977007518216 -7.715576777725292 0
      vertex 1.5217045117258003 -7.650125187145197 0
    endloop
  endfacet
  facet normal 0 0 -1
    outer loop
      vertex 1.6907956706849203 -17.166936535095395 0
      vertex 1.5217045117258003 -7.650125187145197 0
      vertex 1.8952454032454582 -7.566243774917443 0
    endloop
  endfacet
  facet normal 0 0 -1
    outer loop
      vertex 1.6907956706849203 -17.166936535095395 0
      vertex 1.8952454032454582 -7.566243774917443 0
      vertex 2.2642204825848062 -7.4641346187112285 0
    endloop
  endfacet
  facet normal 0 0 -1
    outer loop
      vertex 2.5311006843549904 -17.06329479689247 0
      vertex 2.2642204825848062 -7.4641346187112285 0
      vertex 2.6277408564593165 -7.344043708427562 0
    endloop
  endfacet
  facet normal 0 0 -1
    outer loop
      vertex 2.5311006843549904 -17.06329479689247 0
      vertex 2.6277408564593165 -7.344043708427562 0
      vertex 2.9849307724477003 -7.2062603535880365 0
    endloop
  endfacet
  facet normal 0 0 -1
    outer loop
      vertex 3.3653080547782124 -16.918546086955725 0
      vertex 2.9849307724477003 -7.2062603535880365 0
      vertex 3.3349297287562 -7.051116486362858 0
    endloop
  endfacet
  facet normal 0 0 -1
    outer loop
      vertex 3.3653080547782124 -16.918546086955725 0
      vertex 3.3349297287562 -7.051116486362858 0
      vertex 3.6768945472427816 -6.878985861917169 0
    endloop
  endfacet
  facet normal 0 0 -1
    outer loop
      vertex 4.191408103331302 -16.733039117605884 0
      vertex 3.6768945472427816 -6.878985861917169 0
      vertex 4.01000140470713 -6.690283158002122 0
    endloop
  endfacet
  facet normal 0 0 -1
    outer loop
      vertex 4.191408103331302 -16.733039117605884 0
      vertex 4.01000140470713 -6.690283158002122 0
      vertex 4.333447817552897 -6.4854629759598525 0
    endloop
  endfacet
  facet normal 0 0 -1
    outer loop
      vertex 4.191408103331302 -16.733039117605884 0
      vertex 4.6464545750409805 -6.26501874554903 0
      vertex 5.007410682639475 -16.507220791380604 0
    endloop
  endfacet
  facet normal 0 0 -1
    outer loop
      vertex 5.007410682639475 -16.507220791380604 0
      vertex 5.515432893255071 -5.515432893255071 0
      vertex 5.811349971015796 -16.241635124407107 0
    endloop
  endfacet
  facet normal 0 0 -1
    outer loop
      vertex 5.811349971015796 -16.241635124407107 0
      vertex 6.26501874554903 -4.6464545750409805 0
      vertex 6.601289208297799 -15.936921935819695 0
    endloop
  endfacet
  facet normal 0 0 -1
    outer loop
      vertex 4.191408103331302 -16.733039117605884 0
      vertex 4.333447817552897 -6.4854629759598525 0
      vertex 4.6464545750409805 -6.26501874554903 0
    endloop
  endfacet
  facet normal 0 0 -1
    outer loop
      vertex 5.007410682639475 -16.507220791380604 0
      vertex 4.6464545750409805 -6.26501874554903 0
      vertex 4.948267616476435 -6.029481536229349 0
    endloop
  endfacet
  facet normal 0 0 -1
    outer loop
      vertex 5.007410682639475 -16.507220791380604 0
      vertex 4.948267616476435 -6.029481536229349 0
      vertex 5.2381598478067435 -5.779418777768681 0
    endloop
  endfacet
  facet normal 0 0 -1
    outer loop
      vertex 5.007410682639475 -16.507220791380604 0
      vertex 5.2381598478067435 -5.779418777768681 0
      vertex 5.515432893255071 -5.515432893255071 0
    endloop
  endfacet
  facet normal 0 0 -1
    outer loop
      vertex 5.811349971015796 -16.241635124407107 0
      vertex 5.515432893255071 -5.515432893255071 0
      vertex 5.779418777768681 -5.2381598478067435 0
    endloop
  endfacet
  facet normal 0 0 -1
    outer loop
      vertex 5.811349971015796 -16.241635124407107 0
      vertex 5.779418777768681 -5.2381598478067435 0
      vertex 6.029481536229349 -4.948267616476435 0
    endloop
  endfacet
  facet normal 0 0 -1
    outer loop
      vertex 6.601289208297799 -15.936921935819695 0
      vertex 7.051116486362858 -3.3349297287562 0
      vertex 7.375325361672366 -15.593815306379398 0
    endloop
  endfacet
  facet normal 0 0 -1
    outer loop
      vertex 7.375325361672366 -15.593815306379398 0
      vertex 7.762440868043136 -0.7645336945705727 0
      vertex 8.13159371024846 -15.213141810009125 0
    endloop
  endfacet
  facet normal 0 0 -1
    outer loop
      vertex 0 -7.8 -2
      vertex 5.705 -3.2937832857268146 -2
      vertex 0.38272785975386053 -7.790604558400345 -2
    endloop
  endfacet
  facet normal 0 0 -1
    outer loop
      vertex 0 -7.8 -2
      vertex 0 -6.58756657145363 -2
      vertex 5.705 -3.2937832857268146 -2
    endloop
  endfacet
  facet normal 0 0 -1
    outer loop
      vertex 0.38272785975386053 -7.790604558400345 -2
      vertex 5.705 -3.2937832857268146 -2
      vertex 0.7645336945705727 -7.762440868043136 -2
    endloop
  endfacet
  facet normal 0 0 -1
    outer loop
      vertex 0.7645336945705727 -7.762440868043136 -2
      vertex 5.705 -3.2937832857268146 -2
      vertex 1.1444977007518216 -7.715576777725292 -2
    endloop
  endfacet
  facet normal 0 0 -1
    outer loop
      vertex 1.1444977007518216 -7.715576777725292 -2
      vertex 5.705 -3.2937832857268146 -2
      vertex 1.5217045117258003 -7.650125187145197 -2
    endloop
  endfacet
  facet normal 0 0 -1
    outer loop
      vertex 1.5217045117258003 -7.650125187145197 -2
      vertex 5.705 -3.2937832857268146 -2
      vertex 1.8952454032454582 -7.566243774917443 -2
    endloop
  endfacet
  facet normal 0 0 -1
    outer loop
      vertex 1.8952454032454582 -7.566243774917443 -2
      vertex 5.705 -3.2937832857268146 -2
      vertex 2.2642204825848062 -7.4641346187112285 -2
    endloop
  endfacet
  facet normal 0 0 -1
    outer loop
      vertex 2.2642204825848062 -7.4641346187112285 -2
      vertex 5.705 -3.2937832857268146 -2
      vertex 2.6277408564593165 -7.344043708427562 -2
    endloop
  endfacet
  facet normal 0 0 -1
    outer loop
      vertex 2.6277408564593165 -7.344043708427562 -2
      vertex 5.705 -3.2937832857268146 -2
      vertex 2.9849307724477003 -7.2062603535880365 -2
    endloop
  endfacet
  facet normal 0 0 -1
    outer loop
      vertex 2.9849307724477003 -7.2062603535880365 -2
      vertex 5.705 -3.2937832857268146 -2
      vertex 3.3349297287562 -7.051116486362858 -2
    endloop
  endfacet
  facet normal 0 0 -1
    outer loop
      vertex 3.3349297287562 -7.051116486362858 -2
      vertex 5.705 -3.2937832857268146 -2
      vertex 3.6768945472427816 -6.878985861917169 -2
    endloop
  endfacet
  facet normal 0.024541228522911688 -0.9996988186962042 0
    outer loop
      vertex 0 -7.8 -2
      vertex 0.38272785975386053 -7.790604558400345 -2
      vertex 0.38272785975386053 -7.790604558400345 0
    endloop
  endfacet
  facet normal 0.07356456359966727 -0.9972904566786902 0
    outer loop
      vertex 0.38272785975386053 -7.790604558400345 -2
      vertex 0.7645336945705727 -7.762440868043136 -2
      vertex 0.7645336945705727 -7.762440868043136 0
    endloop
  endfacet
  facet normal 0.12241067519921622 -0.99247953459871 0
    outer loop
      vertex 0.7645336945705727 -7.762440868043136 -2
      vertex 1.1444977007518216 -7.715576777725292 -2
      vertex 1.1444977007518216 -7.715576777725292 0
    endloop
  endfacet
  facet normal 0.17096188876030238 -0.9852776423889411 0
    outer loop
      vertex 1.1444977007518216 -7.715576777725292 -2
      vertex 1.5217045117258003 -7.650125187145197 -2
      vertex 1.5217045117258003 -7.650125187145197 0
    endloop
  endfacet
  facet normal 0.21910124015686894 -0.9757021300385287 0
    outer loop
      vertex 1.5217045117258003 -7.650125187145197 -2
      vertex 1.8952454032454582 -7.566243774917443 -2
      vertex 1.8952454032454582 -7.566243774917443 0
    endloop
  endfacet
  facet normal 0.26671275747490003 -0.9637760657954395 0
    outer loop
      vertex 1.8952454032454582 -7.566243774917443 -2
      vertex 2.2642204825848062 -7.4641346187112285 -2
      vertex 2.2642204825848062 -7.4641346187112285 0
    endloop
  endfacet
  facet normal 0.31368174039888974 -0.9495281805930372 0
    outer loop
      vertex 2.2642204825848062 -7.4641346187112285 -2
      vertex 2.6277408564593165 -7.344043708427562 -2
      vertex 2.6277408564593165 -7.344043708427562 0
    endloop
  endfacet
  facet normal 0.35989503653498855 -0.9329927988347387 0
    outer loop
      vertex 2.6277408564593165 -7.344043708427562 -2
      vertex 2.9849307724477003 -7.2062603535880365 -2
      vertex 2.9849307724477003 -7.2062603535880365 0
    endloop
  endfacet
  facet normal 0.40524131400498997 -0.9142097557035306 0
    outer loop
      vertex 2.9849307724477003 -7.2062603535880365 -2
      vertex 3.3349297287562 -7.051116486362858 -2
      vertex 3.3349297287562 -7.051116486362858 0
    endloop
  endfacet
  facet normal 0.449611329654607 -0.8932243011955151 0
    outer loop
      vertex 3.3349297287562 -7.051116486362858 -2
      vertex 3.6768945472427816 -6.878985861917169 -2
      vertex 3.6768945472427816 -6.878985861917169 0
    endloop
  endfacet
  facet normal 0.4928981922297838 -0.8700869911087115 0
    outer loop
      vertex 3.6768945472427816 -6.878985861917169 -2
      vertex 4.01000140470713 -6.690283158002122 -2
      vertex 4.01000140470713 -6.690283158002122 0
    endloop
  endfacet
  facet normal 0.5349976198870978 -0.8448535652497068 0
    outer loop
      vertex 4.01000140470713 -6.690283158002122 -2
      vertex 4.333447817552897 -6.4854629759598525 -2
      vertex 4.333447817552897 -6.4854629759598525 0
    endloop
  endfacet
  facet normal 0 0 -1
    outer loop
      vertex 3.6768945472427816 -6.878985861917169 -2
      vertex 5.705 -3.2937832857268146 -2
      vertex 4.01000140470713 -6.690283158002122 -2
    endloop
  endfacet
  facet normal 0 0 -1
    outer loop
      vertex 4.01000140470713 -6.690283158002122 -2
      vertex 5.705 -3.2937832857268146 -2
      vertex 4.333447817552897 -6.4854629759598525 -2
    endloop
  endfacet
  facet normal 0 0 -1
    outer loop
      vertex 4.333447817552897 -6.4854629759598525 -2
      vertex 5.705 -3.2937832857268146 -2
      vertex 4.6464545750409805 -6.26501874554903 -2
    endloop
  endfacet
  facet normal 0 0 -1
    outer loop
      vertex 4.6464545750409805 -6.26501874554903 -2
      vertex 5.705 -3.2937832857268146 -2
      vertex 4.948267616476435 -6.029481536229349 -2
    endloop
  endfacet
  facet normal 0 0 -1
    outer loop
      vertex 4.948267616476435 -6.029481536229349 -2
      vertex 5.705 -3.2937832857268146 -2
      vertex 5.2381598478067435 -5.779418777768681 -2
    endloop
  endfacet
  facet normal 0 0 -1
    outer loop
      vertex 5.2381598478067435 -5.779418777768681 -2
      vertex 5.705 -3.2937832857268146 -2
      vertex 5.515432893255071 -5.515432893255071 -2
    endloop
  endfacet
  facet normal 0 0 -1
    outer loop
      vertex 5.515432893255071 -5.515432893255071 -2
      vertex 5.705 -3.2937832857268146 -2
      vertex 5.779418777768681 -5.2381598478067435 -2
    endloop
  endfacet
  facet normal 0.5758081914178442 -0.8175848131515844 0
    outer loop
      vertex 4.333447817552897 -6.4854629759598525 -2
      vertex 4.6464545750409805 -6.26501874554903 -2
      vertex 4.6464545750409805 -6.26501874554903 0
    endloop
  endfacet
  facet normal 0.6152315905806266 -0.7883464276266063 0
    outer loop
      vertex 4.6464545750409805 -6.26501874554903 -2
      vertex 4.948267616476435 -6.029481536229349 -2
      vertex 4.948267616476435 -6.029481536229349 0
    endloop
  endfacet
  facet normal 0.6531728429537766 -0.7572088465064847 0
    outer loop
      vertex 4.948267616476435 -6.029481536229349 -2
      vertex 5.2381598478067435 -5.779418777768681 -2
      vertex 5.2381598478067435 -5.779418777768681 0
    endloop
  endfacet
  facet normal 0.6895405447370655 -0.7242470829514683 0
    outer loop
      vertex 5.2381598478067435 -5.779418777768681 -2
      vertex 5.515432893255071 -5.515432893255071 -2
      vertex 5.515432893255071 -5.515432893255071 0
    endloop
  endfacet
  facet normal 0.7242470829514683 -0.6895405447370655 0
    outer loop
      vertex 5.515432893255071 -5.515432893255071 -2
      vertex 5.779418777768681 -5.2381598478067435 -2
      vertex 5.779418777768681 -5.2381598478067435 0
    endloop
  endfacet
  facet normal 0.7572088465064847 -0.6531728429537766 0
    outer loop
      vertex 5.779418777768681 -5.2381598478067435 -2
      vertex 6.029481536229349 -4.948267616476435 -2
      vertex 6.029481536229349 -4.948267616476435 0
    endloop
  endfacet
  facet normal 0.7883464276266063 -0.6152315905806266 0
    outer loop
      vertex 6.029481536229349 -4.948267616476435 -2
      vertex 6.26501874554903 -4.6464545750409805 -2
      vertex 6.26501874554903 -4.6464545750409805 0
    endloop
  endfacet
  facet normal 0.8175848131515844 -0.5758081914178442 0
    outer loop
      vertex 6.26501874554903 -4.6464545750409805 -2
      vertex 6.4854629759598525 -4.333447817552897 -2
      vertex 6.4854629759598525 -4.333447817552897 0
    endloop
  endfacet
  facet normal 0 0 -1
    outer loop
      vertex 5.779418777768681 -5.2381598478067435 -2
      vertex 5.705 -3.2937832857268146 -2
      vertex 5.705 3.293783285726815 -2
    endloop
  endfacet
  facet normal 0 0 -1
    outer loop
      vertex 5.779418777768681 -5.2381598478067435 -2
      vertex 6.029481536229349 4.948267616476435 -2
      vertex 6.029481536229349 -4.948267616476435 -2
    endloop
  endfacet
  facet normal 0 0 -1
    outer loop
      vertex 6.029481536229349 -4.948267616476435 -2
      vertex 6.26501874554903 4.6464545750409805 -2
      vertex 6.26501874554903 -4.6464545750409805 -2
    endloop
  endfacet
  facet normal 0 0 -1
    outer loop
      vertex 6.26501874554903 -4.6464545750409805 -2
      vertex 6.4854629759598525 4.333447817552897 -2
      vertex 6.4854629759598525 -4.333447817552897 -2
    endloop
  endfacet
  facet normal 0 0 -1
    outer loop
      vertex 6.4854629759598525 -4.333447817552897 -2
      vertex 6.690283158002122 4.01000140470713 -2
      vertex 6.690283158002122 -4.01000140470713 -2
    endloop
  endfacet
  facet normal 0 0 -1
    outer loop
      vertex 6.690283158002122 -4.01000140470713 -2
      vertex 6.878985861917169 3.6768945472427816 -2
      vertex 6.878985861917169 -3.6768945472427816 -2
    endloop
  endfacet
  facet normal 0 0 -1
    outer loop
      vertex 6.878985861917169 -3.6768945472427816 -2
      vertex 7.051116486362858 3.3349297287562 -2
      vertex 7.051116486362858 -3.3349297287562 -2
    endloop
  endfacet
  facet normal 0 0 -1
    outer loop
      vertex 7.051116486362858 -3.3349297287562 -2
      vertex 7.2062603535880365 2.9849307724477003 -2
      vertex 7.2062603535880365 -2.9849307724477003 -2
    endloop
  endfacet
  facet normal 0 0 -1
    outer loop
      vertex 7.2062603535880365 -2.9849307724477003 -2
      vertex 7.344043708427562 2.6277408564593165 -2
      vertex 7.344043708427562 -2.6277408564593165 -2
    endloop
  endfacet
  facet normal 0 0 -1
    outer loop
      vertex 7.344043708427562 -2.6277408564593165 -2
      vertex 7.4641346187112285 2.2642204825848062 -2
      vertex 7.4641346187112285 -2.2642204825848062 -2
    endloop
  endfacet
  facet normal 0 0 -1
    outer loop
      vertex 7.4641346187112285 -2.2642204825848062 -2
      vertex 7.566243774917443 1.8952454032454582 -2
      vertex 7.566243774917443 -1.8952454032454582 -2
    endloop
  endfacet
  facet normal 0 0 -1
    outer loop
      vertex 7.566243774917443 -1.8952454032454582 -2
      vertex 7.650125187145197 1.5217045117258003 -2
      vertex 7.650125187145197 -1.5217045117258003 -2
    endloop
  endfacet
  facet normal 0 0 -1
    outer loop
      vertex 7.650125187145197 -1.5217045117258003 -2
      vertex 7.715576777725292 1.1444977007518216 -2
      vertex 7.715576777725292 -1.1444977007518216 -2
    endloop
  endfacet
  facet normal 0 0 -1
    outer loop
      vertex 7.715576777725292 -1.1444977007518216 -2
      vertex 7.762440868043136 0.7645336945705727 -2
      vertex 7.762440868043136 -0.7645336945705727 -2
    endloop
  endfacet
  facet normal 0 0 -1
    outer loop
      vertex 7.762440868043136 -0.7645336945705727 -2
      vertex 7.790604558400345 0.38272785975386053 -2
      vertex 7.790604558400345 -0.38272785975386053 -2
    endloop
  endfacet
  facet normal 0.8448535652497068 -0.5349976198870978 0
    outer loop
      vertex 6.4854629759598525 -4.333447817552897 -2
      vertex 6.690283158002122 -4.01000140470713 -2
      vertex 6.690283158002122 -4.01000140470713 0
    endloop
  endfacet
  facet normal 0.8700869911087115 -0.4928981922297838 0
    outer loop
      vertex 6.690283158002122 -4.01000140470713 -2
      vertex 6.878985861917169 -3.6768945472427816 -2
      vertex 6.878985861917169 -3.6768945472427816 0
    endloop
  endfacet
  facet normal 0.8932243011955151 -0.449611329654607 0
    outer loop
      vertex 6.878985861917169 -3.6768945472427816 -2
      vertex 7.051116486362858 -3.3349297287562 -2
      vertex 7.051116486362858 -3.3349297287562 0
    endloop
  endfacet
  facet normal 0.9142097557035306 -0.40524131400498997 0
    outer loop
      vertex 7.051116486362858 -3.3349297287562 -2
      vertex 7.2062603535880365 -2.9849307724477003 -2
      vertex 7.2062603535880365 -2.9849307724477003 0
    endloop
  endfacet
  facet normal 0.9329927988347387 -0.35989503653498855 0
    outer loop
      vertex 7.2062603535880365 -2.9849307724477003 -2
      vertex 7.344043708427562 -2.6277408564593165 -2
      vertex 7.344043708427562 -2.6277408564593165 0
    endloop
  endfacet
  facet normal 0.9495281805930372 -0.31368174039888974 0
    outer loop
      vertex 7.344043708427562 -2.6277408564593165 -2
      vertex 7.4641346187112285 -2.2642204825848062 -2
      vertex 7.4641346187112285 -2.2642204825848062 0
    endloop
  endfacet
  facet normal 0.9637760657954395 -0.26671275747490003 0
    outer loop
      vertex 7.4641346187112285 -2.2642204825848062 -2
      vertex 7.566243774917443 -1.8952454032454582 -2
      vertex 7.566243774917443 -1.8952454032454582 0
    endloop
  endfacet
  facet normal 0.9757021300385287 -0.21910124015686894 0
    outer loop
      vertex 7.566243774917443 -1.8952454032454582 -2
      vertex 7.650125187145197 -1.5217045117258003 -2
      vertex 7.650125187145197 -1.5217045117258003 0
    endloop
  endfacet
  facet normal 0.9852776423889411 -0.17096188876030238 0
    outer loop
      vertex 7.650125187145197 -1.5217045117258003 -2
      vertex 7.715576777725292 -1.1444977007518216 -2
      vertex 7.715576777725292 -1.1444977007518216 0
    endloop
  endfacet
  facet normal 0.99247953459871 -0.12241067519921622 0
    outer loop
      vertex 7.715576777725292 -1.1444977007518216 -2
      vertex 7.762440868043136 -0.7645336945705727 -2
      vertex 7.762440868043136 -0.7645336945705727 0
    endloop
  endfacet
  facet normal 0.9972904566786902 -0.07356456359966727 0
    outer loop
      vertex 7.762440868043136 -0.7645336945705727 -2
      vertex 7.790604558400345 -0.38272785975386053 -2
      vertex 7.790604558400345 -0.38272785975386053 0
    endloop
  endfacet
  facet normal 0.9996988186962042 -0.024541228522911688 0
    outer loop
      vertex 7.790604558400345 -0.38272785975386053 -2
      vertex 7.8 0 -2
      vertex 7.8 0 0
    endloop
  endfacet
  facet normal 0.024541228522911688 -0.9996988186962042 0
    outer loop
      vertex 0 -7.8 -2
      vertex 0.38272785975386053 -7.790604558400345 0
      vertex 0 -7.8 0
    endloop
  endfacet
  facet normal 0.07356456359966727 -0.9972904566786902 0
    outer loop
      vertex 0.38272785975386053 -7.790604558400345 -2
      vertex 0.7645336945705727 -7.762440868043136 0
      vertex 0.38272785975386053 -7.790604558400345 0
    endloop
  endfacet
  facet normal 0.12241067519921622 -0.99247953459871 0
    outer loop
      vertex 0.7645336945705727 -7.762440868043136 -2
      vertex 1.1444977007518216 -7.715576777725292 0
      vertex 0.7645336945705727 -7.762440868043136 0
    endloop
  endfacet
  facet normal 0.17096188876030238 -0.9852776423889411 0
    outer loop
      vertex 1.1444977007518216 -7.715576777725292 -2
      vertex 1.5217045117258003 -7.650125187145197 0
      vertex 1.1444977007518216 -7.715576777725292 0
    endloop
  endfacet
  facet normal 0.21910124015686894 -0.9757021300385287 0
    outer loop
      vertex 1.5217045117258003 -7.650125187145197 -2
      vertex 1.8952454032454582 -7.566243774917443 0
      vertex 1.5217045117258003 -7.650125187145197 0
    endloop
  endfacet
  facet normal 0.26671275747490003 -0.9637760657954395 0
    outer loop
      vertex 1.8952454032454582 -7.566243774917443 -2
      vertex 2.2642204825848062 -7.4641346187112285 0
      vertex 1.8952454032454582 -7.566243774917443 0
    endloop
  endfacet
  facet normal -0.5000000000000001 0.8660254037844386 0
    outer loop
      vertex 0 -6.58756657145363 1.9900000000000002
      vertex 5.705 -3.2937832857268146 -2
      vertex 0 -6.58756657145363 -2
    endloop
  endfacet
  facet normal 0.31368174039888974 -0.9495281805930372 0
    outer loop
      vertex 2.2642204825848062 -7.4641346187112285 -2
      vertex 2.6277408564593165 -7.344043708427562 0
      vertex 2.2642204825848062 -7.4641346187112285 0
    endloop
  endfacet
  facet normal 0.35989503653498855 -0.9329927988347387 0
    outer loop
      vertex 2.6277408564593165 -7.344043708427562 -2
      vertex 2.9849307724477003 -7.2062603535880365 0
      vertex 2.6277408564593165 -7.344043708427562 0
    endloop
  endfacet
  facet normal 0.40524131400498997 -0.9142097557035306 0
    outer loop
      vertex 2.9849307724477003 -7.2062603535880365 -2
      vertex 3.3349297287562 -7.051116486362858 0
      vertex 2.9849307724477003 -7.2062603535880365 0
    endloop
  endfacet
  facet normal 0.449611329654607 -0.8932243011955151 0
    outer loop
      vertex 3.3349297287562 -7.051116486362858 -2
      vertex 3.6768945472427816 -6.878985861917169 0
      vertex 3.3349297287562 -7.051116486362858 0
    endloop
  endfacet
  facet normal 0.4928981922297838 -0.8700869911087115 0
    outer loop
      vertex 3.6768945472427816 -6.878985861917169 -2
      vertex 4.01000140470713 -6.690283158002122 0
      vertex 3.6768945472427816 -6.878985861917169 0
    endloop
  endfacet
  facet normal 0.5349976198870978 -0.8448535652497068 0
    outer loop
      vertex 4.01000140470713 -6.690283158002122 -2
      vertex 4.333447817552897 -6.4854629759598525 0
      vertex 4.01000140470713 -6.690283158002122 0
    endloop
  endfacet
  facet normal 0.5758081914178442 -0.8175848131515844 0
    outer loop
      vertex 4.333447817552897 -6.4854629759598525 -2
      vertex 4.6464545750409805 -6.26501874554903 0
      vertex 4.333447817552897 -6.4854629759598525 0
    endloop
  endfacet
  facet normal 0.6152315905806266 -0.7883464276266063 0
    outer loop
      vertex 4.6464545750409805 -6.26501874554903 -2
      vertex 4.948267616476435 -6.029481536229349 0
      vertex 4.6464545750409805 -6.26501874554903 0
    endloop
  endfacet
  facet normal 0.6531728429537766 -0.7572088465064847 0
    outer loop
      vertex 4.948267616476435 -6.029481536229349 -2
      vertex 5.2381598478067435 -5.779418777768681 0
      vertex 4.948267616476435 -6.029481536229349 0
    endloop
  endfacet
  facet normal 0.6895405447370655 -0.7242470829514683 0
    outer loop
      vertex 5.2381598478067435 -5.779418777768681 -2
      vertex 5.515432893255071 -5.515432893255071 0
      vertex 5.2381598478067435 -5.779418777768681 0
    endloop
  endfacet
  facet normal 0.7242470829514683 -0.6895405447370655 0
    outer loop
      vertex 5.515432893255071 -5.515432893255071 -2
      vertex 5.779418777768681 -5.2381598478067435 0
      vertex 5.515432893255071 -5.515432893255071 0
    endloop
  endfacet
  facet normal 0.7572088465064847 -0.6531728429537766 0
    outer loop
      vertex 5.779418777768681 -5.2381598478067435 -2
      vertex 6.029481536229349 -4.948267616476435 0
      vertex 5.779418777768681 -5.2381598478067435 0
    endloop
  endfacet
  facet normal 0.7883464276266063 -0.6152315905806266 0
    outer loop
      vertex 6.029481536229349 -4.948267616476435 -2
      vertex 6.26501874554903 -4.6464545750409805 0
      vertex 6.029481536229349 -4.948267616476435 0
    endloop
  endfacet
  facet normal 0.8175848131515844 -0.5758081914178442 0
    outer loop
      vertex 6.26501874554903 -4.6464545750409805 -2
      vertex 6.4854629759598525 -4.333447817552897 0
      vertex 6.26501874554903 -4.6464545750409805 0
    endloop
  endfacet
  facet normal 0 0 -1
    outer loop
      vertex 5.811349971015796 -16.241635124407107 0
      vertex 6.029481536229349 -4.948267616476435 0
      vertex 6.26501874554903 -4.6464545750409805 0
    endloop
  endfacet
  facet normal 0 0 -1
    outer loop
      vertex 6.601289208297799 -15.936921935819695 0
      vertex 6.26501874554903 -4.6464545750409805 0
      vertex 6.4854629759598525 -4.333447817552897 0
    endloop
  endfacet
  facet normal 0 0 -1
    outer loop
      vertex 6.601289208297799 -15.936921935819695 0
      vertex 6.4854629759598525 -4.333447817552897 0
      vertex 6.690283158002122 -4.01000140470713 0
    endloop
  endfacet
  facet normal 0 0 -1
    outer loop
      vertex 6.601289208297799 -15.936921935819695 0
      vertex 6.690283158002122 -4.01000140470713 0
      vertex 6.878985861917169 -3.6768945472427816 0
    endloop
  endfacet
  facet normal 0 0 -1
    outer loop
      vertex 6.601289208297799 -15.936921935819695 0
      vertex 6.878985861917169 -3.6768945472427816 0
      vertex 7.051116486362858 -3.3349297287562 0
    endloop
  endfacet
  facet normal 0 0 -1
    outer loop
      vertex 7.375325361672366 -15.593815306379398 0
      vertex 7.051116486362858 -3.3349297287562 0
      vertex 7.2062603535880365 -2.9849307724477003 0
    endloop
  endfacet
  facet normal 0 0 -1
    outer loop
      vertex 7.375325361672366 -15.593815306379398 0
      vertex 7.2062603535880365 -2.9849307724477003 0
      vertex 7.344043708427562 -2.6277408564593165 0
    endloop
  endfacet
  facet normal 0 0 -1
    outer loop
      vertex 7.375325361672366 -15.593815306379398 0
      vertex 7.344043708427562 -2.6277408564593165 0
      vertex 7.4641346187112285 -2.2642204825848062 0
    endloop
  endfacet
  facet normal 0 0 -1
    outer loop
      vertex 7.375325361672366 -15.593815306379398 0
      vertex 7.4641346187112285 -2.2642204825848062 0
      vertex 7.566243774917443 -1.8952454032454582 0
    endloop
  endfacet
  facet normal 0 0 -1
    outer loop
      vertex 7.375325361672366 -15.593815306379398 0
      vertex 7.566243774917443 -1.8952454032454582 0
      vertex 7.650125187145197 -1.5217045117258003 0
    endloop
  endfacet
  facet normal 0 0 -1
    outer loop
      vertex 7.375325361672366 -15.593815306379398 0
      vertex 7.650125187145197 -1.5217045117258003 0
      vertex 7.715576777725292 -1.1444977007518216 0
    endloop
  endfacet
  facet normal 0 0 -1
    outer loop
      vertex 7.375325361672366 -15.593815306379398 0
      vertex 7.715576777725292 -1.1444977007518216 0
      vertex 7.762440868043136 -0.7645336945705727 0
    endloop
  endfacet
  facet normal 0 0 -1
    outer loop
      vertex 8.13159371024846 -15.213141810009125 0
      vertex 7.762440868043136 -0.7645336945705727 0
      vertex 7.790604558400345 -0.38272785975386053 0
    endloop
  endfacet
  facet normal 0 0 -1
    outer loop
      vertex 8.13159371024846 -15.213141810009125 0
      vertex 7.790604558400345 -0.38272785975386053 0
      vertex 7.8 0 0
    endloop
  endfacet
  facet normal 0 0 -1
    outer loop
      vertex 8.13159371024846 -15.213141810009125 0
      vertex 8.868272337333076 14.795818522504693 0
      vertex 8.868272337333076 -14.795818522504693 0
    endloop
  endfacet
  facet normal -1 0 0
    outer loop
      vertex 5.705 -3.2937832857268146 1.9900000000000002
      vertex 5.705 3.293783285726815 -2
      vertex 5.705 -3.2937832857268146 -2
    endloop
  endfacet
  facet normal 0.8448535652497068 -0.5349976198870978 0
    outer loop
      vertex 6.4854629759598525 -4.333447817552897 -2
      vertex 6.690283158002122 -4.01000140470713 0
      vertex 6.4854629759598525 -4.333447817552897 0
    endloop
  endfacet
  facet normal 0.8700869911087115 -0.4928981922297838 0
    outer loop
      vertex 6.690283158002122 -4.01000140470713 -2
      vertex 6.878985861917169 -3.6768945472427816 0
      vertex 6.690283158002122 -4.01000140470713 0
    endloop
  endfacet
  facet normal 0.8932243011955151 -0.449611329654607 0
    outer loop
      vertex 6.878985861917169 -3.6768945472427816 -2
      vertex 7.051116486362858 -3.3349297287562 0
      vertex 6.878985861917169 -3.6768945472427816 0
    endloop
  endfacet
  facet normal 0.9142097557035306 -0.40524131400498997 0
    outer loop
      vertex 7.051116486362858 -3.3349297287562 -2
      vertex 7.2062603535880365 -2.9849307724477003 0
      vertex 7.051116486362858 -3.3349297287562 0
    endloop
  endfacet
  facet normal 0.9329927988347387 -0.35989503653498855 0
    outer loop
      vertex 7.2062603535880365 -2.9849307724477003 -2
      vertex 7.344043708427562 -2.6277408564593165 0
      vertex 7.2062603535880365 -2.9849307724477003 0
    endloop
  endfacet
  facet normal 0.9495281805930372 -0.31368174039888974 0
    outer loop
      vertex 7.344043708427562 -2.6277408564593165 -2
      vertex 7.4641346187112285 -2.2642204825848062 0
      vertex 7.344043708427562 -2.6277408564593165 0
    endloop
  endfacet
  facet normal 0.9637760657954395 -0.26671275747490003 0
    outer loop
      vertex 7.4641346187112285 -2.2642204825848062 -2
      vertex 7.566243774917443 -1.8952454032454582 0
      vertex 7.4641346187112285 -2.2642204825848062 0
    endloop
  endfacet
  facet normal 0.9757021300385287 -0.21910124015686894 0
    outer loop
      vertex 7.566243774917443 -1.8952454032454582 -2
      vertex 7.650125187145197 -1.5217045117258003 0
      vertex 7.566243774917443 -1.8952454032454582 0
    endloop
  endfacet
  facet normal 0.9852776423889411 -0.17096188876030238 0
    outer loop
      vertex 7.650125187145197 -1.5217045117258003 -2
      vertex 7.715576777725292 -1.1444977007518216 0
      vertex 7.650125187145197 -1.5217045117258003 0
    endloop
  endfacet
  facet normal 0.99247953459871 -0.12241067519921622 0
    outer loop
      vertex 7.715576777725292 -1.1444977007518216 -2
      vertex 7.762440868043136 -0.7645336945705727 0
      vertex 7.715576777725292 -1.1444977007518216 0
    endloop
  endfacet
  facet normal 0.9972904566786902 -0.07356456359966727 0
    outer loop
      vertex 7.762440868043136 -0.7645336945705727 -2
      vertex 7.790604558400345 -0.38272785975386053 0
      vertex 7.762440868043136 -0.7645336945705727 0
    endloop
  endfacet
  facet normal 0.9996988186962042 -0.024541228522911688 0
    outer loop
      vertex 7.790604558400345 -0.38272785975386053 -2
      vertex 7.8 0 0
      vertex 7.790604558400345 -0.38272785975386053 0
    endloop
  endfacet
  facet normal 0 0 -1
    outer loop
      vertex 8.868272337333076 -14.795818522504693 0
      vertex 9.583586519588138 14.342850812218906 0
      vertex 9.583586519588138 -14.342850812218906 0
    endloop
  endfacet
  facet normal 0 0 -1
    outer loop
      vertex 9.583586519588138 -14.342850812218906 0
      vertex 10.275813002494475 13.855329918041125 0
      vertex 10.275813002494475 -13.855329918041125 0
    endloop
  endfacet
  facet normal 0 0 -1
    outer loop
      vertex 10.275813002494475 -13.855329918041125 0
      vertex 10.943284151822885 13.334430320507213 0
      vertex 10.943284151822885 -13.334430320507213 0
    endloop
  endfacet
  facet normal 0 0 -1
    outer loop
      vertex 10.943284151822885 -13.334430320507213 0
      vertex 11.584391971111067 12.781406912373045 0
      vertex 11.584391971111067 -12.781406912373045 0
    endloop
  endfacet
  facet normal 0 0 -1
    outer loop
      vertex 11.584391971111067 -12.781406912373045 0
      vertex 12.197591975467946 12.197591975467946 0
      vertex 12.197591975467946 -12.197591975467946 0
    endloop
  endfacet
  facet normal 0 0 -1
    outer loop
      vertex 12.197591975467946 -12.197591975467946 0
      vertex 12.781406912373045 11.584391971111067 0
      vertex 12.781406912373045 -11.584391971111067 0
    endloop
  endfacet
  facet normal 0 0 -1
    outer loop
      vertex 12.781406912373045 -11.584391971111067 0
      vertex 13.334430320507213 10.943284151822885 0
      vertex 13.334430320507213 -10.943284151822885 0
    endloop
  endfacet
  facet normal 0 0 -1
    outer loop
      vertex 13.334430320507213 -10.943284151822885 0
      vertex 13.855329918041125 10.275813002494475 0
      vertex 13.855329918041125 -10.275813002494475 0
    endloop
  endfacet
  facet normal 0 0 -1
    outer loop
      vertex 13.855329918041125 -10.275813002494475 0
      vertex 14.342850812218906 9.583586519588138 0
      vertex 14.342850812218906 -9.583586519588138 0
    endloop
  endfacet
  facet normal 0 0 -1
    outer loop
      vertex 14.342850812218906 -9.583586519588138 0
      vertex 14.795818522504693 8.868272337333076 0
      vertex 14.795818522504693 -8.868272337333076 0
    endloop
  endfacet
  facet normal 0 0 -1
    outer loop
      vertex 14.795818522504693 -8.868272337333076 0
      vertex 15.213141810009125 8.13159371024846 0
      vertex 15.213141810009125 -8.13159371024846 0
    endloop
  endfacet
  facet normal 0 0 -1
    outer loop
      vertex 15.213141810009125 -8.13159371024846 0
      vertex 15.593815306379398 7.375325361672366 0
      vertex 15.593815306379398 -7.375325361672366 0
    endloop
  endfacet
  facet normal 0 0 -1
    outer loop
      vertex 15.593815306379398 -7.375325361672366 0
      vertex 15.936921935819695 6.601289208297799 0
      vertex 15.936921935819695 -6.601289208297799 0
    endloop
  endfacet
  facet normal 0 0 -1
    outer loop
      vertex 15.936921935819695 -6.601289208297799 0
      vertex 16.241635124407107 5.811349971015796 0
      vertex 16.241635124407107 -5.811349971015796 0
    endloop
  endfacet
  facet normal 0 0 -1
    outer loop
      vertex 16.241635124407107 -5.811349971015796 0
      vertex 16.507220791380604 5.007410682639475 0
      vertex 16.507220791380604 -5.007410682639475 0
    endloop
  endfacet
  facet normal 0 0 -1
    outer loop
      vertex 16.507220791380604 -5.007410682639475 0
      vertex 16.733039117605884 4.191408103331302 0
      vertex 16.733039117605884 -4.191408103331302 0
    endloop
  endfacet
  facet normal 0 0 -1
    outer loop
      vertex 16.733039117605884 -4.191408103331302 0
      vertex 16.918546086955725 3.3653080547782124 0
      vertex 16.918546086955725 -3.3653080547782124 0
    endloop
  endfacet
  facet normal 0 0 -1
    outer loop
      vertex 16.918546086955725 -3.3653080547782124 0
      vertex 17.06329479689247 2.5311006843549904 0
      vertex 17.06329479689247 -2.5311006843549904 0
    endloop
  endfacet
  facet normal 0 0 -1
    outer loop
      vertex 17.06329479689247 -2.5311006843549904 0
      vertex 17.166936535095395 1.6907956706849203 0
      vertex 17.166936535095395 -1.6907956706849203 0
    endloop
  endfacet
  facet normal 0 0 -1
    outer loop
      vertex 17.166936535095395 -1.6907956706849203 0
      vertex 17.229221619539224 0.8464173821479608 0
      vertex 17.229221619539224 -0.8464173821479608 0
    endloop
  endfacet
  facet normal 0.02454122852291171 -0.9996988186962044 0
    outer loop
      vertex 0 -17.25 0
      vertex 0.8464173821479608 -17.229221619539224 0
      vertex 0.8464173821479608 -17.229221619539224 2.5
    endloop
  endfacet
  facet normal 0.07356456359966919 -0.9972904566786902 0
    outer loop
      vertex 0.8464173821479608 -17.229221619539224 0
      vertex 1.6907956706849203 -17.166936535095395 0
      vertex 1.6907956706849203 -17.166936535095395 2.5
    endloop
  endfacet
  facet normal 0.12241067519921583 -0.9924795345987101 0
    outer loop
      vertex 1.6907956706849203 -17.166936535095395 0
      vertex 2.5311006843549904 -17.06329479689247 0
      vertex 2.5311006843549904 -17.06329479689247 2.5
    endloop
  endfacet
  facet normal 0.17096188876030036 -0.9852776423889413 0
    outer loop
      vertex 2.5311006843549904 -17.06329479689247 0
      vertex 3.3653080547782124 -16.918546086955725 0
      vertex 3.3653080547782124 -16.918546086955725 2.5
    endloop
  endfacet
  facet normal 0.21910124015686994 -0.9757021300385285 0
    outer loop
      vertex 3.3653080547782124 -16.918546086955725 0
      vertex 4.191408103331302 -16.733039117605884 0
      vertex 4.191408103331302 -16.733039117605884 2.5
    endloop
  endfacet
  facet normal 0.26671275747489753 -0.9637760657954401 0
    outer loop
      vertex 4.191408103331302 -16.733039117605884 0
      vertex 5.007410682639475 -16.507220791380604 0
      vertex 5.007410682639475 -16.507220791380604 2.5
    endloop
  endfacet
  facet normal 0.31368174039889346 -0.9495281805930359 0
    outer loop
      vertex 5.007410682639475 -16.507220791380604 0
      vertex 5.811349971015796 -16.241635124407107 0
      vertex 5.811349971015796 -16.241635124407107 2.5
    endloop
  endfacet
  facet normal 0.35989503653498794 -0.9329927988347391 0
    outer loop
      vertex 5.811349971015796 -16.241635124407107 0
      vertex 6.601289208297799 -15.936921935819695 0
      vertex 6.601289208297799 -15.936921935819695 2.5
    endloop
  endfacet
  facet normal 0.40524131400498886 -0.9142097557035311 0
    outer loop
      vertex 6.601289208297799 -15.936921935819695 0
      vertex 7.375325361672366 -15.593815306379398 0
      vertex 7.375325361672366 -15.593815306379398 2.5
    endloop
  endfacet
  facet normal 0.449611329654606 -0.8932243011955158 0
    outer loop
      vertex 7.375325361672366 -15.593815306379398 0
      vertex 8.13159371024846 -15.213141810009125 0
      vertex 8.13159371024846 -15.213141810009125 2.5
    endloop
  endfacet
  facet normal 0.49289819222978454 -0.8700869911087111 0
    outer loop
      vertex 8.13159371024846 -15.213141810009125 0
      vertex 8.868272337333076 -14.795818522504693 0
      vertex 8.868272337333076 -14.795818522504693 2.5
    endloop
  endfacet
  facet normal 0.02454122852291171 -0.9996988186962044 0
    outer loop
      vertex 0 -17.25 0
      vertex 0.8464173821479608 -17.229221619539224 2.5
      vertex 0 -17.25 2.5
    endloop
  endfacet
  facet normal 0.07356456359966919 -0.9972904566786902 0
    outer loop
      vertex 0.8464173821479608 -17.229221619539224 0
      vertex 1.6907956706849203 -17.166936535095395 2.5
      vertex 0.8464173821479608 -17.229221619539224 2.5
    endloop
  endfacet
  facet normal 0.12241067519921583 -0.9924795345987101 0
    outer loop
      vertex 1.6907956706849203 -17.166936535095395 0
      vertex 2.5311006843549904 -17.06329479689247 2.5
      vertex 1.6907956706849203 -17.166936535095395 2.5
    endloop
  endfacet
  facet normal 0.17096188876030036 -0.9852776423889413 0
    outer loop
      vertex 2.5311006843549904 -17.06329479689247 0
      vertex 3.3653080547782124 -16.918546086955725 2.5
      vertex 2.5311006843549904 -17.06329479689247 2.5
    endloop
  endfacet
  facet normal 0.21910124015686994 -0.9757021300385285 0
    outer loop
      vertex 3.3653080547782124 -16.918546086955725 0
      vertex 4.191408103331302 -16.733039117605884 2.5
      vertex 3.3653080547782124 -16.918546086955725 2.5
    endloop
  endfacet
  facet normal 0 0 1
    outer loop
      vertex 0 -17.25 2.5
      vertex 0.8464173821479608 -17.229221619539224 2.5
      vertex 0 -3.375 2.5
    endloop
  endfacet
  facet normal 0 0 1
    outer loop
      vertex 0.8464173821479608 -17.229221619539224 2.5
      vertex 1.6907956706849203 -17.166936535095395 2.5
      vertex 0.6584298368044328 -3.3101503213609025 2.5
    endloop
  endfacet
  facet normal 0 0 1
    outer loop
      vertex 1.6907956706849203 -17.166936535095395 2.5
      vertex 2.5311006843549904 -17.06329479689247 2.5
      vertex 1.2915565842321781 -3.1180934222255927 2.5
    endloop
  endfacet
  facet normal 0 0 1
    outer loop
      vertex 2.5311006843549904 -17.06329479689247 2.5
      vertex 3.3653080547782124 -16.918546086955725 2.5
      vertex 2.386485386504598 -2.386485386504598 2.5
    endloop
  endfacet
  facet normal 0 0 1
    outer loop
      vertex 3.3653080547782124 -16.918546086955725 2.5
      vertex 4.191408103331302 -16.733039117605884 2.5
      vertex 3.3101503213609025 -0.6584298368044328 2.5
    endloop
  endfacet
  facet normal 0.26671275747489753 -0.9637760657954401 0
    outer loop
      vertex 4.191408103331302 -16.733039117605884 0
      vertex 5.007410682639475 -16.507220791380604 2.5
      vertex 4.191408103331302 -16.733039117605884 2.5
    endloop
  endfacet
  facet normal 0.31368174039889346 -0.9495281805930359 0
    outer loop
      vertex 5.007410682639475 -16.507220791380604 0
      vertex 5.811349971015796 -16.241635124407107 2.5
      vertex 5.007410682639475 -16.507220791380604 2.5
    endloop
  endfacet
  facet normal 0.35989503653498794 -0.9329927988347391 0
    outer loop
      vertex 5.811349971015796 -16.241635124407107 0
      vertex 6.601289208297799 -15.936921935819695 2.5
      vertex 5.811349971015796 -16.241635124407107 2.5
    endloop
  endfacet
  facet normal 0.40524131400498886 -0.9142097557035311 0
    outer loop
      vertex 6.601289208297799 -15.936921935819695 0
      vertex 7.375325361672366 -15.593815306379398 2.5
      vertex 6.601289208297799 -15.936921935819695 2.5
    endloop
  endfacet
  facet normal 0.449611329654606 -0.8932243011955158 0
    outer loop
      vertex 7.375325361672366 -15.593815306379398 0
      vertex 8.13159371024846 -15.213141810009125 2.5
      vertex 7.375325361672366 -15.593815306379398 2.5
    endloop
  endfacet
  facet normal 0.49289819222978454 -0.8700869911087111 0
    outer loop
      vertex 8.13159371024846 -15.213141810009125 0
      vertex 8.868272337333076 -14.795818522504693 2.5
      vertex 8.13159371024846 -15.213141810009125 2.5
    endloop
  endfacet
  facet normal -0.5000000000000001 0.8660254037844386 0
    outer loop
      vertex 0 -6.58756657145363 1.9900000000000002
      vertex 5.705 -3.2937832857268146 1.9900000000000002
      vertex 5.705 -3.2937832857268146 -2
    endloop
  endfacet
  facet normal 0 0 1
    outer loop
      vertex 0.8464173821479608 -17.229221619539224 2.5
      vertex 0.6584298368044328 -3.3101503213609025 2.5
      vertex 0 -3.375 2.5
    endloop
  endfacet
  facet normal 0 0 1
    outer loop
      vertex 1.6907956706849203 -17.166936535095395 2.5
      vertex 1.2915565842321781 -3.1180934222255927 2.5
      vertex 0.6584298368044328 -3.3101503213609025 2.5
    endloop
  endfacet
  facet normal 0 0 1
    outer loop
      vertex 2.5311006843549904 -17.06329479689247 2.5
      vertex 1.8750495364411575 -2.8062099415210904 2.5
      vertex 1.2915565842321781 -3.1180934222255927 2.5
    endloop
  endfacet
  facet normal 0 0 -1
    outer loop
      vertex 0 -6.58756657145363 1.9900000000000002
      vertex 0 -3.375 1.9900000000000002
      vertex 0.6584298368044328 -3.3101503213609025 1.9900000000000002
    endloop
  endfacet
  facet normal 0 0 -1
    outer loop
      vertex 0 -6.58756657145363 1.9900000000000002
      vertex 0.6584298368044328 -3.3101503213609025 1.9900000000000002
      vertex 1.2915565842321781 -3.1180934222255927 1.9900000000000002
    endloop
  endfacet
  facet normal 0 0 1
    outer loop
      vertex 2.5311006843549904 -17.06329479689247 2.5
      vertex 2.386485386504598 -2.386485386504598 2.5
      vertex 1.8750495364411575 -2.8062099415210904 2.5
    endloop
  endfacet
  facet normal 0 0 1
    outer loop
      vertex 3.3653080547782124 -16.918546086955725 2.5
      vertex 2.8062099415210904 -1.8750495364411575 2.5
      vertex 2.386485386504598 -2.386485386504598 2.5
    endloop
  endfacet
  facet normal 0 0 1
    outer loop
      vertex 3.3653080547782124 -16.918546086955725 2.5
      vertex 3.1180934222255927 -1.2915565842321781 2.5
      vertex 2.8062099415210904 -1.8750495364411575 2.5
    endloop
  endfacet
  facet normal 0 0 -1
    outer loop
      vertex 0 -6.58756657145363 1.9900000000000002
      vertex 1.2915565842321781 -3.1180934222255927 1.9900000000000002
      vertex 5.705 -3.2937832857268146 1.9900000000000002
    endloop
  endfacet
  facet normal 0 0 1
    outer loop
      vertex 3.3653080547782124 -16.918546086955725 2.5
      vertex 3.3101503213609025 -0.6584298368044328 2.5
      vertex 3.1180934222255927 -1.2915565842321781 2.5
    endloop
  endfacet
  facet normal 0 0 1
    outer loop
      vertex 4.191408103331302 -16.733039117605884 2.5
      vertex 3.375 0 2.5
      vertex 3.3101503213609025 -0.6584298368044328 2.5
    endloop
  endfacet
  facet normal -0.09801714032956105 0.9951847266721968 0
    outer loop
      vertex 0 -3.375 1.9900000000000002
      vertex 0 -3.375 2.5
      vertex 0.6584298368044328 -3.3101503213609025 1.9900000000000002
    endloop
  endfacet
  facet normal -0.290284677254462 0.956940335732209 0
    outer loop
      vertex 0.6584298368044328 -3.3101503213609025 1.9900000000000002
      vertex 0.6584298368044328 -3.3101503213609025 2.5
      vertex 1.2915565842321781 -3.1180934222255927 1.9900000000000002
    endloop
  endfacet
  facet normal -0.47139673682599736 0.8819212643483553 0
    outer loop
      vertex 1.2915565842321781 -3.1180934222255927 1.9900000000000002
      vertex 1.2915565842321781 -3.1180934222255927 2.5
      vertex 1.8750495364411575 -2.8062099415210904 1.9900000000000002
    endloop
  endfacet
  facet normal -0.6343932841636454 0.773010453362737 0
    outer loop
      vertex 1.8750495364411575 -2.8062099415210904 1.9900000000000002
      vertex 1.8750495364411575 -2.8062099415210904 2.5
      vertex 2.386485386504598 -2.386485386504598 1.9900000000000002
    endloop
  endfacet
  facet normal -0.09801714032956105 0.9951847266721968 0
    outer loop
      vertex 0.6584298368044328 -3.3101503213609025 1.9900000000000002
      vertex 0 -3.375 2.5
      vertex 0.6584298368044328 -3.3101503213609025 2.5
    endloop
  endfacet
  facet normal -0.290284677254462 0.956940335732209 0
    outer loop
      vertex 1.2915565842321781 -3.1180934222255927 1.9900000000000002
      vertex 0.6584298368044328 -3.3101503213609025 2.5
      vertex 1.2915565842321781 -3.1180934222255927 2.5
    endloop
  endfacet
  facet normal -0.47139673682599736 0.8819212643483553 0
    outer loop
      vertex 1.8750495364411575 -2.8062099415210904 1.9900000000000002
      vertex 1.2915565842321781 -3.1180934222255927 2.5
      vertex 1.8750495364411575 -2.8062099415210904 2.5
    endloop
  endfacet
  facet normal 0 0 -1
    outer loop
      vertex 1.2915565842321781 -3.1180934222255927 1.9900000000000002
      vertex 1.8750495364411575 -2.8062099415210904 1.9900000000000002
      vertex 5.705 -3.2937832857268146 1.9900000000000002
    endloop
  endfacet
  facet normal -0.773010453362737 0.6343932841636454 0
    outer loop
      vertex 2.386485386504598 -2.386485386504598 1.9900000000000002
      vertex 2.386485386504598 -2.386485386504598 2.5
      vertex 2.8062099415210904 -1.8750495364411575 1.9900000000000002
    endloop
  endfacet
  facet normal 0 0 -1
    outer loop
      vertex 1.8750495364411575 -2.8062099415210904 1.9900000000000002
      vertex 2.386485386504598 -2.386485386504598 1.9900000000000002
      vertex 5.705 -3.2937832857268146 1.9900000000000002
    endloop
  endfacet
  facet normal 0 0 -1
    outer loop
      vertex 2.386485386504598 -2.386485386504598 1.9900000000000002
      vertex 2.8062099415210904 -1.8750495364411575 1.9900000000000002
      vertex 5.705 -3.2937832857268146 1.9900000000000002
    endloop
  endfacet
  facet normal -0.6343932841636454 0.773010453362737 0
    outer loop
      vertex 2.386485386504598 -2.386485386504598 1.9900000000000002
      vertex 1.8750495364411575 -2.8062099415210904 2.5
      vertex 2.386485386504598 -2.386485386504598 2.5
    endloop
  endfacet
  facet normal -0.8819212643483553 0.47139673682599736 0
    outer loop
      vertex 2.8062099415210904 -1.8750495364411575 1.9900000000000002
      vertex 2.8062099415210904 -1.8750495364411575 2.5
      vertex 3.1180934222255927 -1.2915565842321781 1.9900000000000002
    endloop
  endfacet
  facet normal -0.956940335732209 0.290284677254462 0
    outer loop
      vertex 3.1180934222255927 -1.2915565842321781 1.9900000000000002
      vertex 3.1180934222255927 -1.2915565842321781 2.5
      vertex 3.3101503213609025 -0.6584298368044328 1.9900000000000002
    endloop
  endfacet
  facet normal 0 0 -1
    outer loop
      vertex 2.8062099415210904 -1.8750495364411575 1.9900000000000002
      vertex 3.1180934222255927 -1.2915565842321781 1.9900000000000002
      vertex 5.705 -3.2937832857268146 1.9900000000000002
    endloop
  endfacet
  facet normal 0 0 -1
    outer loop
      vertex 3.1180934222255927 -1.2915565842321781 1.9900000000000002
      vertex 3.3101503213609025 -0.6584298368044328 1.9900000000000002
      vertex 5.705 -3.2937832857268146 1.9900000000000002
    endloop
  endfacet
  facet normal 0 0 -1
    outer loop
      vertex 3.3101503213609025 -0.6584298368044328 1.9900000000000002
      vertex 3.375 0 1.9900000000000002
      vertex 5.705 -3.2937832857268146 1.9900000000000002
    endloop
  endfacet
  facet normal 0 0 -1
    outer loop
      vertex 5.705 -3.2937832857268146 1.9900000000000002
      vertex 3.375 0 1.9900000000000002
      vertex 3.3101503213609025 0.6584298368044328 1.9900000000000002
    endloop
  endfacet
  facet normal -0.9951847266721968 0.09801714032956105 0
    outer loop
      vertex 3.3101503213609025 -0.6584298368044328 1.9900000000000002
      vertex 3.3101503213609025 -0.6584298368044328 2.5
      vertex 3.375 0 1.9900000000000002
    endloop
  endfacet
  facet normal -0.773010453362737 0.6343932841636454 0
    outer loop
      vertex 2.8062099415210904 -1.8750495364411575 1.9900000000000002
      vertex 2.386485386504598 -2.386485386504598 2.5
      vertex 2.8062099415210904 -1.8750495364411575 2.5
    endloop
  endfacet
  facet normal -0.8819212643483553 0.47139673682599736 0
    outer loop
      vertex 3.1180934222255927 -1.2915565842321781 1.9900000000000002
      vertex 2.8062099415210904 -1.8750495364411575 2.5
      vertex 3.1180934222255927 -1.2915565842321781 2.5
    endloop
  endfacet
  facet normal -0.956940335732209 0.290284677254462 0
    outer loop
      vertex 3.3101503213609025 -0.6584298368044328 1.9900000000000002
      vertex 3.1180934222255927 -1.2915565842321781 2.5
      vertex 3.3101503213609025 -0.6584298368044328 2.5
    endloop
  endfacet
  facet normal -0.9951847266721968 0.09801714032956105 0
    outer loop
      vertex 3.375 0 1.9900000000000002
      vertex 3.3101503213609025 -0.6584298368044328 2.5
      vertex 3.375 0 2.5
    endloop
  endfacet
  facet normal 0 0 1
    outer loop
      vertex 4.191408103331302 -16.733039117605884 2.5
      vertex 5.007410682639475 -16.507220791380604 2.5
      vertex 4.191408103331302 16.733039117605884 2.5
    endloop
  endfacet
  facet normal 0 0 1
    outer loop
      vertex 5.007410682639475 -16.507220791380604 2.5
      vertex 5.811349971015796 -16.241635124407107 2.5
      vertex 5.007410682639475 16.507220791380604 2.5
    endloop
  endfacet
  facet normal 0 0 1
    outer loop
      vertex 5.811349971015796 -16.241635124407107 2.5
      vertex 6.601289208297799 -15.936921935819695 2.5
      vertex 5.811349971015796 16.241635124407107 2.5
    endloop
  endfacet
  facet normal 0 0 1
    outer loop
      vertex 6.601289208297799 -15.936921935819695 2.5
      vertex 7.375325361672366 -15.593815306379398 2.5
      vertex 6.601289208297799 15.936921935819695 2.5
    endloop
  endfacet
  facet normal 0 0 1
    outer loop
      vertex 7.375325361672366 -15.593815306379398 2.5
      vertex 8.13159371024846 -15.213141810009125 2.5
      vertex 7.375325361672366 15.593815306379398 2.5
    endloop
  endfacet
  facet normal 0 0 1
    outer loop
      vertex 8.13159371024846 -15.213141810009125 2.5
      vertex 8.868272337333076 -14.795818522504693 2.5
      vertex 8.13159371024846 15.213141810009125 2.5
    endloop
  endfacet
  facet normal 0.5349976198870972 -0.844853565249707 0
    outer loop
      vertex 8.868272337333076 -14.795818522504693 0
      vertex 9.583586519588138 -14.342850812218906 0
      vertex 9.583586519588138 -14.342850812218906 2.5
    endloop
  endfacet
  facet normal 0.5758081914178453 -0.8175848131515838 0
    outer loop
      vertex 9.583586519588138 -14.342850812218906 0
      vertex 10.275813002494475 -13.855329918041125 0
      vertex 10.275813002494475 -13.855329918041125 2.5
    endloop
  endfacet
  facet normal 0.6152315905806267 -0.7883464276266064 0
    outer loop
      vertex 10.275813002494475 -13.855329918041125 0
      vertex 10.943284151822885 -13.334430320507213 0
      vertex 10.943284151822885 -13.334430320507213 2.5
    endloop
  endfacet
  facet normal 0.6531728429537768 -0.7572088465064846 0
    outer loop
      vertex 10.943284151822885 -13.334430320507213 0
      vertex 11.584391971111067 -12.781406912373045 0
      vertex 11.584391971111067 -12.781406912373045 2.5
    endloop
  endfacet
  facet normal 0.6895405447370664 -0.7242470829514674 0
    outer loop
      vertex 11.584391971111067 -12.781406912373045 0
      vertex 12.197591975467946 -12.197591975467946 0
      vertex 12.197591975467946 -12.197591975467946 2.5
    endloop
  endfacet
  facet normal 0.7242470829514674 -0.6895405447370664 0
    outer loop
      vertex 12.197591975467946 -12.197591975467946 0
      vertex 12.781406912373045 -11.584391971111067 0
      vertex 12.197591975467946 -12.197591975467946 2.5
    endloop
  endfacet
  facet normal 0.7572088465064846 -0.6531728429537768 0
    outer loop
      vertex 12.781406912373045 -11.584391971111067 0
      vertex 13.334430320507213 -10.943284151822885 0
      vertex 12.781406912373045 -11.584391971111067 2.5
    endloop
  endfacet
  facet normal 0.7883464276266064 -0.6152315905806267 0
    outer loop
      vertex 13.334430320507213 -10.943284151822885 0
      vertex 13.855329918041125 -10.275813002494475 0
      vertex 13.334430320507213 -10.943284151822885 2.5
    endloop
  endfacet
  facet normal 0.8175848131515838 -0.5758081914178453 0
    outer loop
      vertex 13.855329918041125 -10.275813002494475 0
      vertex 14.342850812218906 -9.583586519588138 0
      vertex 13.855329918041125 -10.275813002494475 2.5
    endloop
  endfacet
  facet normal 0.844853565249707 -0.5349976198870972 0
    outer loop
      vertex 14.342850812218906 -9.583586519588138 0
      vertex 14.795818522504693 -8.868272337333076 0
      vertex 14.342850812218906 -9.583586519588138 2.5
    endloop
  endfacet
  facet normal 0.5349976198870972 -0.844853565249707 0
    outer loop
      vertex 8.868272337333076 -14.795818522504693 0
      vertex 9.583586519588138 -14.342850812218906 2.5
      vertex 8.868272337333076 -14.795818522504693 2.5
    endloop
  endfacet
  facet normal 0.5758081914178453 -0.8175848131515838 0
    outer loop
      vertex 9.583586519588138 -14.342850812218906 0
      vertex 10.275813002494475 -13.855329918041125 2.5
      vertex 9.583586519588138 -14.342850812218906 2.5
    endloop
  endfacet
  facet normal 0.6152315905806267 -0.7883464276266064 0
    outer loop
      vertex 10.275813002494475 -13.855329918041125 0
      vertex 10.943284151822885 -13.334430320507213 2.5
      vertex 10.275813002494475 -13.855329918041125 2.5
    endloop
  endfacet
  facet normal 0.6531728429537768 -0.7572088465064846 0
    outer loop
      vertex 10.943284151822885 -13.334430320507213 0
      vertex 11.584391971111067 -12.781406912373045 2.5
      vertex 10.943284151822885 -13.334430320507213 2.5
    endloop
  endfacet
  facet normal 0.6895405447370664 -0.7242470829514674 0
    outer loop
      vertex 11.584391971111067 -12.781406912373045 0
      vertex 12.197591975467946 -12.197591975467946 2.5
      vertex 11.584391971111067 -12.781406912373045 2.5
    endloop
  endfacet
  facet normal 0.7242470829514674 -0.6895405447370664 0
    outer loop
      vertex 12.781406912373045 -11.584391971111067 0
      vertex 12.781406912373045 -11.584391971111067 2.5
      vertex 12.197591975467946 -12.197591975467946 2.5
    endloop
  endfacet
  facet normal 0.7572088465064846 -0.6531728429537768 0
    outer loop
      vertex 13.334430320507213 -10.943284151822885 0
      vertex 13.334430320507213 -10.943284151822885 2.5
      vertex 12.781406912373045 -11.584391971111067 2.5
    endloop
  endfacet
  facet normal 0.7883464276266064 -0.6152315905806267 0
    outer loop
      vertex 13.855329918041125 -10.275813002494475 0
      vertex 13.855329918041125 -10.275813002494475 2.5
      vertex 13.334430320507213 -10.943284151822885 2.5
    endloop
  endfacet
  facet normal 0.8175848131515838 -0.5758081914178453 0
    outer loop
      vertex 14.342850812218906 -9.583586519588138 0
      vertex 14.342850812218906 -9.583586519588138 2.5
      vertex 13.855329918041125 -10.275813002494475 2.5
    endloop
  endfacet
  facet normal 0.844853565249707 -0.5349976198870972 0
    outer loop
      vertex 14.795818522504693 -8.868272337333076 0
      vertex 14.795818522504693 -8.868272337333076 2.5
      vertex 14.342850812218906 -9.583586519588138 2.5
    endloop
  endfacet
  facet normal 0.8700869911087111 -0.49289819222978454 0
    outer loop
      vertex 14.795818522504693 -8.868272337333076 0
      vertex 15.213141810009125 -8.13159371024846 0
      vertex 14.795818522504693 -8.868272337333076 2.5
    endloop
  endfacet
  facet normal 0.8932243011955158 -0.449611329654606 0
    outer loop
      vertex 15.213141810009125 -8.13159371024846 0
      vertex 15.593815306379398 -7.375325361672366 0
      vertex 15.213141810009125 -8.13159371024846 2.5
    endloop
  endfacet
  facet normal 0.9142097557035311 -0.40524131400498886 0
    outer loop
      vertex 15.593815306379398 -7.375325361672366 0
      vertex 15.936921935819695 -6.601289208297799 0
      vertex 15.593815306379398 -7.375325361672366 2.5
    endloop
  endfacet
  facet normal 0.9329927988347391 -0.35989503653498794 0
    outer loop
      vertex 15.936921935819695 -6.601289208297799 0
      vertex 16.241635124407107 -5.811349971015796 0
      vertex 15.936921935819695 -6.601289208297799 2.5
    endloop
  endfacet
  facet normal 0.9495281805930359 -0.31368174039889346 0
    outer loop
      vertex 16.241635124407107 -5.811349971015796 0
      vertex 16.507220791380604 -5.007410682639475 0
      vertex 16.241635124407107 -5.811349971015796 2.5
    endloop
  endfacet
  facet normal 0.9637760657954401 -0.26671275747489753 0
    outer loop
      vertex 16.507220791380604 -5.007410682639475 0
      vertex 16.733039117605884 -4.191408103331302 0
      vertex 16.507220791380604 -5.007410682639475 2.5
    endloop
  endfacet
  facet normal 0.9757021300385285 -0.21910124015686994 0
    outer loop
      vertex 16.733039117605884 -4.191408103331302 0
      vertex 16.918546086955725 -3.3653080547782124 0
      vertex 16.733039117605884 -4.191408103331302 2.5
    endloop
  endfacet
  facet normal 0.9852776423889413 -0.17096188876030036 0
    outer loop
      vertex 16.918546086955725 -3.3653080547782124 0
      vertex 17.06329479689247 -2.5311006843549904 0
      vertex 16.918546086955725 -3.3653080547782124 2.5
    endloop
  endfacet
  facet normal 0.9924795345987101 -0.12241067519921583 0
    outer loop
      vertex 17.06329479689247 -2.5311006843549904 0
      vertex 17.166936535095395 -1.6907956706849203 0
      vertex 17.06329479689247 -2.5311006843549904 2.5
    endloop
  endfacet
  facet normal 0.9972904566786902 -0.07356456359966919 0
    outer loop
      vertex 17.166936535095395 -1.6907956706849203 0
      vertex 17.229221619539224 -0.8464173821479608 0
      vertex 17.166936535095395 -1.6907956706849203 2.5
    endloop
  endfacet
  facet normal 0.9996988186962044 -0.02454122852291171 0
    outer loop
      vertex 17.229221619539224 -0.8464173821479608 0
      vertex 17.25 0 0
      vertex 17.229221619539224 -0.8464173821479608 2.5
    endloop
  endfacet
  facet normal 0 0 1
    outer loop
      vertex 8.868272337333076 -14.795818522504693 2.5
      vertex 9.583586519588138 -14.342850812218906 2.5
      vertex 8.868272337333076 14.795818522504693 2.5
    endloop
  endfacet
  facet normal 0 0 1
    outer loop
      vertex 9.583586519588138 -14.342850812218906 2.5
      vertex 10.275813002494475 -13.855329918041125 2.5
      vertex 9.583586519588138 14.342850812218906 2.5
    endloop
  endfacet
  facet normal 0 0 1
    outer loop
      vertex 10.275813002494475 -13.855329918041125 2.5
      vertex 10.943284151822885 -13.334430320507213 2.5
      vertex 10.275813002494475 13.855329918041125 2.5
    endloop
  endfacet
  facet normal 0 0 1
    outer loop
      vertex 10.943284151822885 -13.334430320507213 2.5
      vertex 11.584391971111067 -12.781406912373045 2.5
      vertex 10.943284151822885 13.334430320507213 2.5
    endloop
  endfacet
  facet normal 0 0 1
    outer loop
      vertex 11.584391971111067 -12.781406912373045 2.5
      vertex 12.197591975467946 -12.197591975467946 2.5
      vertex 11.584391971111067 12.781406912373045 2.5
    endloop
  endfacet
  facet normal 0 0 1
    outer loop
      vertex 12.197591975467946 -12.197591975467946 2.5
      vertex 12.781406912373045 -11.584391971111067 2.5
      vertex 12.197591975467946 12.197591975467946 2.5
    endloop
  endfacet
  facet normal 0.8700869911087111 -0.49289819222978454 0
    outer loop
      vertex 15.213141810009125 -8.13159371024846 0
      vertex 15.213141810009125 -8.13159371024846 2.5
      vertex 14.795818522504693 -8.868272337333076 2.5
    endloop
  endfacet
  facet normal 0.8932243011955158 -0.449611329654606 0
    outer loop
      vertex 15.593815306379398 -7.375325361672366 0
      vertex 15.593815306379398 -7.375325361672366 2.5
      vertex 15.213141810009125 -8.13159371024846 2.5
    endloop
  endfacet
  facet normal 0.9142097557035311 -0.40524131400498886 0
    outer loop
      vertex 15.936921935819695 -6.601289208297799 0
      vertex 15.936921935819695 -6.601289208297799 2.5
      vertex 15.593815306379398 -7.375325361672366 2.5
    endloop
  endfacet
  facet normal 0.9329927988347391 -0.35989503653498794 0
    outer loop
      vertex 16.241635124407107 -5.811349971015796 0
      vertex 16.241635124407107 -5.811349971015796 2.5
      vertex 15.936921935819695 -6.601289208297799 2.5
    endloop
  endfacet
  facet normal 0.9495281805930359 -0.31368174039889346 0
    outer loop
      vertex 16.507220791380604 -5.007410682639475 0
      vertex 16.507220791380604 -5.007410682639475 2.5
      vertex 16.241635124407107 -5.811349971015796 2.5
    endloop
  endfacet
  facet normal 0.9637760657954401 -0.26671275747489753 0
    outer loop
      vertex 16.733039117605884 -4.191408103331302 0
      vertex 16.733039117605884 -4.191408103331302 2.5
      vertex 16.507220791380604 -5.007410682639475 2.5
    endloop
  endfacet
  facet normal 0.9757021300385285 -0.21910124015686994 0
    outer loop
      vertex 16.918546086955725 -3.3653080547782124 0
      vertex 16.918546086955725 -3.3653080547782124 2.5
      vertex 16.733039117605884 -4.191408103331302 2.5
    endloop
  endfacet
  facet normal 0.9852776423889413 -0.17096188876030036 0
    outer loop
      vertex 17.06329479689247 -2.5311006843549904 0
      vertex 17.06329479689247 -2.5311006843549904 2.5
      vertex 16.918546086955725 -3.3653080547782124 2.5
    endloop
  endfacet
  facet normal 0.9924795345987101 -0.12241067519921583 0
    outer loop
      vertex 17.166936535095395 -1.6907956706849203 0
      vertex 17.166936535095395 -1.6907956706849203 2.5
      vertex 17.06329479689247 -2.5311006843549904 2.5
    endloop
  endfacet
  facet normal 0.9972904566786902 -0.07356456359966919 0
    outer loop
      vertex 17.229221619539224 -0.8464173821479608 0
      vertex 17.229221619539224 -0.8464173821479608 2.5
      vertex 17.166936535095395 -1.6907956706849203 2.5
    endloop
  endfacet
  facet normal 0.9996988186962044 -0.02454122852291171 0
    outer loop
      vertex 17.229221619539224 -0.8464173821479608 2.5
      vertex 17.25 0 0
      vertex 17.25 0 2.5
    endloop
  endfacet
  facet normal 0 0 1
    outer loop
      vertex 12.781406912373045 -11.584391971111067 2.5
      vertex 13.334430320507213 -10.943284151822885 2.5
      vertex 12.781406912373045 11.584391971111067 2.5
    endloop
  endfacet
  facet normal 0 0 1
    outer loop
      vertex 13.334430320507213 -10.943284151822885 2.5
      vertex 13.855329918041125 -10.275813002494475 2.5
      vertex 13.334430320507213 10.943284151822885 2.5
    endloop
  endfacet
  facet normal 0 0 1
    outer loop
      vertex 13.855329918041125 -10.275813002494475 2.5
      vertex 14.342850812218906 -9.583586519588138 2.5
      vertex 13.855329918041125 10.275813002494475 2.5
    endloop
  endfacet
  facet normal 0 0 1
    outer loop
      vertex 14.342850812218906 -9.583586519588138 2.5
      vertex 14.795818522504693 -8.868272337333076 2.5
      vertex 14.342850812218906 9.583586519588138 2.5
    endloop
  endfacet
  facet normal 0 0 1
    outer loop
      vertex 14.795818522504693 -8.868272337333076 2.5
      vertex 15.213141810009125 -8.13159371024846 2.5
      vertex 14.795818522504693 8.868272337333076 2.5
    endloop
  endfacet
  facet normal 0 0 1
    outer loop
      vertex 15.213141810009125 -8.13159371024846 2.5
      vertex 15.593815306379398 -7.375325361672366 2.5
      vertex 15.213141810009125 8.13159371024846 2.5
    endloop
  endfacet
  facet normal 0 0 1
    outer loop
      vertex 15.593815306379398 -7.375325361672366 2.5
      vertex 15.936921935819695 -6.601289208297799 2.5
      vertex 15.593815306379398 7.375325361672366 2.5
    endloop
  endfacet
  facet normal 0 0 1
    outer loop
      vertex 15.936921935819695 -6.601289208297799 2.5
      vertex 16.241635124407107 -5.811349971015796 2.5
      vertex 15.936921935819695 6.601289208297799 2.5
    endloop
  endfacet
  facet normal 0 0 1
    outer loop
      vertex 16.241635124407107 -5.811349971015796 2.5
      vertex 16.507220791380604 -5.007410682639475 2.5
      vertex 16.241635124407107 5.811349971015796 2.5
    endloop
  endfacet
  facet normal 0 0 1
    outer loop
      vertex 16.507220791380604 -5.007410682639475 2.5
      vertex 16.733039117605884 -4.191408103331302 2.5
      vertex 16.507220791380604 5.007410682639475 2.5
    endloop
  endfacet
  facet normal 0 0 1
    outer loop
      vertex 16.733039117605884 -4.191408103331302 2.5
      vertex 16.918546086955725 -3.3653080547782124 2.5
      vertex 16.733039117605884 4.191408103331302 2.5
    endloop
  endfacet
  facet normal 0 0 1
    outer loop
      vertex 16.918546086955725 -3.3653080547782124 2.5
      vertex 17.06329479689247 -2.5311006843549904 2.5
      vertex 16.918546086955725 3.3653080547782124 2.5
    endloop
  endfacet
  facet normal 0 0 1
    outer loop
      vertex 17.06329479689247 -2.5311006843549904 2.5
      vertex 17.166936535095395 -1.6907956706849203 2.5
      vertex 17.06329479689247 2.5311006843549904 2.5
    endloop
  endfacet
  facet normal 0 0 1
    outer loop
      vertex 17.166936535095395 -1.6907956706849203 2.5
      vertex 17.229221619539224 -0.8464173821479608 2.5
      vertex 17.166936535095395 1.6907956706849203 2.5
    endloop
  endfacet
  facet normal 0 0 -1
    outer loop
      vertex 0 7.8 -2
      vertex 0.38272785975386053 7.790604558400345 -2
      vertex 0 6.58756657145363 -2
    endloop
  endfacet
  facet normal 0 0 -1
    outer loop
      vertex 0.38272785975386053 7.790604558400345 -2
      vertex 0.7645336945705727 7.762440868043136 -2
      vertex 0 6.58756657145363 -2
    endloop
  endfacet
  facet normal 0 0 -1
    outer loop
      vertex 0.7645336945705727 7.762440868043136 -2
      vertex 1.1444977007518216 7.715576777725292 -2
      vertex 0 6.58756657145363 -2
    endloop
  endfacet
  facet normal 0 0 -1
    outer loop
      vertex 1.1444977007518216 7.715576777725292 -2
      vertex 1.5217045117258003 7.650125187145197 -2
      vertex 0 6.58756657145363 -2
    endloop
  endfacet
  facet normal 0 0 -1
    outer loop
      vertex 1.5217045117258003 7.650125187145197 -2
      vertex 1.8952454032454582 7.566243774917443 -2
      vertex 0 6.58756657145363 -2
    endloop
  endfacet
  facet normal 0 0 -1
    outer loop
      vertex 1.8952454032454582 7.566243774917443 -2
      vertex 2.2642204825848062 7.4641346187112285 -2
      vertex 0 6.58756657145363 -2
    endloop
  endfacet
  facet normal 0 0 -1
    outer loop
      vertex 2.9849307724477003 7.2062603535880365 -2
      vertex 3.3349297287562 7.051116486362858 -2
      vertex 0 6.58756657145363 -2
    endloop
  endfacet
  facet normal 0 0 -1
    outer loop
      vertex 2.2642204825848062 7.4641346187112285 -2
      vertex 2.6277408564593165 7.344043708427562 -2
      vertex 0 6.58756657145363 -2
    endloop
  endfacet
  facet normal 0 0 -1
    outer loop
      vertex 2.6277408564593165 7.344043708427562 -2
      vertex 2.9849307724477003 7.2062603535880365 -2
      vertex 0 6.58756657145363 -2
    endloop
  endfacet
  facet normal 0 0 -1
    outer loop
      vertex 4.6464545750409805 6.26501874554903 -2
      vertex 0 6.58756657145363 -2
      vertex 4.333447817552897 6.4854629759598525 -2
    endloop
  endfacet
  facet normal 0 0 -1
    outer loop
      vertex 4.6464545750409805 6.26501874554903 -2
      vertex 4.948267616476435 6.029481536229349 -2
      vertex 0 6.58756657145363 -2
    endloop
  endfacet
  facet normal 0 0 -1
    outer loop
      vertex 5.779418777768681 5.2381598478067435 -2
      vertex 5.705 3.293783285726815 -2
      vertex 0 6.58756657145363 -2
    endloop
  endfacet
  facet normal 0 0 -1
    outer loop
      vertex 5.779418777768681 5.2381598478067435 -2
      vertex 0 6.58756657145363 -2
      vertex 5.515432893255071 5.515432893255071 -2
    endloop
  endfacet
  facet normal 0 0 -1
    outer loop
      vertex 5.2381598478067435 5.779418777768681 -2
      vertex 0 6.58756657145363 -2
      vertex 4.948267616476435 6.029481536229349 -2
    endloop
  endfacet
  facet normal 0 0 -1
    outer loop
      vertex 5.2381598478067435 5.779418777768681 -2
      vertex 5.515432893255071 5.515432893255071 -2
      vertex 0 6.58756657145363 -2
    endloop
  endfacet
  facet normal 0 0 -1
    outer loop
      vertex 3.6768945472427816 6.878985861917169 -2
      vertex 0 6.58756657145363 -2
      vertex 3.3349297287562 7.051116486362858 -2
    endloop
  endfacet
  facet normal 0 0 -1
    outer loop
      vertex 3.6768945472427816 6.878985861917169 -2
      vertex 4.01000140470713 6.690283158002122 -2
      vertex 0 6.58756657145363 -2
    endloop
  endfacet
  facet normal 0 0 -1
    outer loop
      vertex 4.01000140470713 6.690283158002122 -2
      vertex 4.333447817552897 6.4854629759598525 -2
      vertex 0 6.58756657145363 -2
    endloop
  endfacet
  facet normal 0.024541228522911688 0.9996988186962042 0
    outer loop
      vertex 0 7.8 -2
      vertex 0 7.8 0
      vertex 0.38272785975386053 7.790604558400345 -2
    endloop
  endfacet
  facet normal 0.07356456359966727 0.9972904566786902 0
    outer loop
      vertex 0.38272785975386053 7.790604558400345 -2
      vertex 0.38272785975386053 7.790604558400345 0
      vertex 0.7645336945705727 7.762440868043136 -2
    endloop
  endfacet
  facet normal 0.12241067519921622 0.99247953459871 0
    outer loop
      vertex 0.7645336945705727 7.762440868043136 -2
      vertex 0.7645336945705727 7.762440868043136 0
      vertex 1.1444977007518216 7.715576777725292 -2
    endloop
  endfacet
  facet normal 0.26671275747490003 0.9637760657954395 0
    outer loop
      vertex 1.8952454032454582 7.566243774917443 -2
      vertex 1.8952454032454582 7.566243774917443 0
      vertex 2.2642204825848062 7.4641346187112285 -2
    endloop
  endfacet
  facet normal 0.17096188876030238 0.9852776423889411 0
    outer loop
      vertex 1.1444977007518216 7.715576777725292 -2
      vertex 1.1444977007518216 7.715576777725292 0
      vertex 1.5217045117258003 7.650125187145197 -2
    endloop
  endfacet
  facet normal 0.21910124015686894 0.9757021300385287 0
    outer loop
      vertex 1.5217045117258003 7.650125187145197 -2
      vertex 1.5217045117258003 7.650125187145197 0
      vertex 1.8952454032454582 7.566243774917443 -2
    endloop
  endfacet
  facet normal 0.31368174039888974 0.9495281805930372 0
    outer loop
      vertex 2.2642204825848062 7.4641346187112285 -2
      vertex 2.2642204825848062 7.4641346187112285 0
      vertex 2.6277408564593165 7.344043708427562 -2
    endloop
  endfacet
  facet normal 0.35989503653498855 0.9329927988347387 0
    outer loop
      vertex 2.6277408564593165 7.344043708427562 -2
      vertex 2.6277408564593165 7.344043708427562 0
      vertex 2.9849307724477003 7.2062603535880365 -2
    endloop
  endfacet
  facet normal 0.40524131400498997 0.9142097557035306 0
    outer loop
      vertex 2.9849307724477003 7.2062603535880365 -2
      vertex 2.9849307724477003 7.2062603535880365 0
      vertex 3.3349297287562 7.051116486362858 -2
    endloop
  endfacet
  facet normal 0.449611329654607 0.8932243011955151 0
    outer loop
      vertex 3.6768945472427816 6.878985861917169 -2
      vertex 3.3349297287562 7.051116486362858 -2
      vertex 3.3349297287562 7.051116486362858 0
    endloop
  endfacet
  facet normal 0.4928981922297838 0.8700869911087115 0
    outer loop
      vertex 3.6768945472427816 6.878985861917169 -2
      vertex 3.6768945472427816 6.878985861917169 0
      vertex 4.01000140470713 6.690283158002122 -2
    endloop
  endfacet
  facet normal 0.5349976198870978 0.8448535652497068 0
    outer loop
      vertex 4.01000140470713 6.690283158002122 -2
      vertex 4.01000140470713 6.690283158002122 0
      vertex 4.333447817552897 6.4854629759598525 -2
    endloop
  endfacet
  facet normal 0 0 -1
    outer loop
      vertex 5.779418777768681 -5.2381598478067435 -2
      vertex 5.705 3.293783285726815 -2
      vertex 5.779418777768681 5.2381598478067435 -2
    endloop
  endfacet
  facet normal 0 0 -1
    outer loop
      vertex 5.779418777768681 -5.2381598478067435 -2
      vertex 5.779418777768681 5.2381598478067435 -2
      vertex 6.029481536229349 4.948267616476435 -2
    endloop
  endfacet
  facet normal 0 0 -1
    outer loop
      vertex 6.029481536229349 -4.948267616476435 -2
      vertex 6.029481536229349 4.948267616476435 -2
      vertex 6.26501874554903 4.6464545750409805 -2
    endloop
  endfacet
  facet normal 0 0 -1
    outer loop
      vertex 6.26501874554903 -4.6464545750409805 -2
      vertex 6.26501874554903 4.6464545750409805 -2
      vertex 6.4854629759598525 4.333447817552897 -2
    endloop
  endfacet
  facet normal 0 0 -1
    outer loop
      vertex 7.051116486362858 -3.3349297287562 -2
      vertex 7.051116486362858 3.3349297287562 -2
      vertex 7.2062603535880365 2.9849307724477003 -2
    endloop
  endfacet
  facet normal 0 0 -1
    outer loop
      vertex 7.2062603535880365 -2.9849307724477003 -2
      vertex 7.2062603535880365 2.9849307724477003 -2
      vertex 7.344043708427562 2.6277408564593165 -2
    endloop
  endfacet
  facet normal 0 0 -1
    outer loop
      vertex 7.344043708427562 -2.6277408564593165 -2
      vertex 7.344043708427562 2.6277408564593165 -2
      vertex 7.4641346187112285 2.2642204825848062 -2
    endloop
  endfacet
  facet normal 0 0 -1
    outer loop
      vertex 7.4641346187112285 -2.2642204825848062 -2
      vertex 7.4641346187112285 2.2642204825848062 -2
      vertex 7.566243774917443 1.8952454032454582 -2
    endloop
  endfacet
  facet normal 0 0 -1
    outer loop
      vertex 6.4854629759598525 -4.333447817552897 -2
      vertex 6.4854629759598525 4.333447817552897 -2
      vertex 6.690283158002122 4.01000140470713 -2
    endloop
  endfacet
  facet normal 0 0 -1
    outer loop
      vertex 6.690283158002122 -4.01000140470713 -2
      vertex 6.690283158002122 4.01000140470713 -2
      vertex 6.878985861917169 3.6768945472427816 -2
    endloop
  endfacet
  facet normal 0 0 -1
    outer loop
      vertex 6.878985861917169 -3.6768945472427816 -2
      vertex 6.878985861917169 3.6768945472427816 -2
      vertex 7.051116486362858 3.3349297287562 -2
    endloop
  endfacet
  facet normal 0 0 -1
    outer loop
      vertex 7.790604558400345 -0.38272785975386053 -2
      vertex 7.790604558400345 0.38272785975386053 -2
      vertex 7.8 0 -2
    endloop
  endfacet
  facet normal 0 0 -1
    outer loop
      vertex 7.762440868043136 -0.7645336945705727 -2
      vertex 7.762440868043136 0.7645336945705727 -2
      vertex 7.790604558400345 0.38272785975386053 -2
    endloop
  endfacet
  facet normal 0 0 -1
    outer loop
      vertex 7.715576777725292 -1.1444977007518216 -2
      vertex 7.715576777725292 1.1444977007518216 -2
      vertex 7.762440868043136 0.7645336945705727 -2
    endloop
  endfacet
  facet normal 0 0 -1
    outer loop
      vertex 7.650125187145197 -1.5217045117258003 -2
      vertex 7.650125187145197 1.5217045117258003 -2
      vertex 7.715576777725292 1.1444977007518216 -2
    endloop
  endfacet
  facet normal 0 0 -1
    outer loop
      vertex 7.566243774917443 -1.8952454032454582 -2
      vertex 7.566243774917443 1.8952454032454582 -2
      vertex 7.650125187145197 1.5217045117258003 -2
    endloop
  endfacet
  facet normal 0.9637760657954395 0.26671275747490003 0
    outer loop
      vertex 7.566243774917443 1.8952454032454582 -2
      vertex 7.4641346187112285 2.2642204825848062 -2
      vertex 7.4641346187112285 2.2642204825848062 0
    endloop
  endfacet
  facet normal 0.9996988186962042 0.024541228522911688 0
    outer loop
      vertex 7.8 0 -2
      vertex 7.790604558400345 0.38272785975386053 -2
      vertex 7.790604558400345 0.38272785975386053 0
    endloop
  endfacet
  facet normal 0.9972904566786902 0.07356456359966727 0
    outer loop
      vertex 7.790604558400345 0.38272785975386053 -2
      vertex 7.762440868043136 0.7645336945705727 -2
      vertex 7.762440868043136 0.7645336945705727 0
    endloop
  endfacet
  facet normal 0.99247953459871 0.12241067519921622 0
    outer loop
      vertex 7.762440868043136 0.7645336945705727 -2
      vertex 7.715576777725292 1.1444977007518216 -2
      vertex 7.715576777725292 1.1444977007518216 0
    endloop
  endfacet
  facet normal 0.9852776423889411 0.17096188876030238 0
    outer loop
      vertex 7.715576777725292 1.1444977007518216 -2
      vertex 7.650125187145197 1.5217045117258003 -2
      vertex 7.650125187145197 1.5217045117258003 0
    endloop
  endfacet
  facet normal 0.9757021300385287 0.21910124015686894 0
    outer loop
      vertex 7.650125187145197 1.5217045117258003 -2
      vertex 7.566243774917443 1.8952454032454582 -2
      vertex 7.566243774917443 1.8952454032454582 0
    endloop
  endfacet
  facet normal 0.9495281805930372 0.31368174039888974 0
    outer loop
      vertex 7.4641346187112285 2.2642204825848062 -2
      vertex 7.344043708427562 2.6277408564593165 -2
      vertex 7.344043708427562 2.6277408564593165 0
    endloop
  endfacet
  facet normal 0.9329927988347387 0.35989503653498855 0
    outer loop
      vertex 7.344043708427562 2.6277408564593165 -2
      vertex 7.2062603535880365 2.9849307724477003 -2
      vertex 7.2062603535880365 2.9849307724477003 0
    endloop
  endfacet
  facet normal 0.9142097557035306 0.40524131400498997 0
    outer loop
      vertex 7.2062603535880365 2.9849307724477003 -2
      vertex 7.051116486362858 3.3349297287562 -2
      vertex 7.051116486362858 3.3349297287562 0
    endloop
  endfacet
  facet normal 0.8932243011955151 0.449611329654607 0
    outer loop
      vertex 6.878985861917169 3.6768945472427816 -2
      vertex 6.878985861917169 3.6768945472427816 0
      vertex 7.051116486362858 3.3349297287562 -2
    endloop
  endfacet
  facet normal 0.8448535652497068 0.5349976198870978 0
    outer loop
      vertex 6.690283158002122 4.01000140470713 -2
      vertex 6.4854629759598525 4.333447817552897 -2
      vertex 6.4854629759598525 4.333447817552897 0
    endloop
  endfacet
  facet normal 0.8700869911087115 0.4928981922297838 0
    outer loop
      vertex 6.878985861917169 3.6768945472427816 -2
      vertex 6.690283158002122 4.01000140470713 -2
      vertex 6.690283158002122 4.01000140470713 0
    endloop
  endfacet
  facet normal 0.5758081914178442 0.8175848131515844 0
    outer loop
      vertex 4.6464545750409805 6.26501874554903 -2
      vertex 4.333447817552897 6.4854629759598525 -2
      vertex 4.333447817552897 6.4854629759598525 0
    endloop
  endfacet
  facet normal 0.6152315905806266 0.7883464276266063 0
    outer loop
      vertex 4.6464545750409805 6.26501874554903 -2
      vertex 4.6464545750409805 6.26501874554903 0
      vertex 4.948267616476435 6.029481536229349 -2
    endloop
  endfacet
  facet normal 0.6895405447370655 0.7242470829514683 0
    outer loop
      vertex 5.2381598478067435 5.779418777768681 -2
      vertex 5.2381598478067435 5.779418777768681 0
      vertex 5.515432893255071 5.515432893255071 -2
    endloop
  endfacet
  facet normal 0.6531728429537766 0.7572088465064847 0
    outer loop
      vertex 5.2381598478067435 5.779418777768681 -2
      vertex 4.948267616476435 6.029481536229349 -2
      vertex 4.948267616476435 6.029481536229349 0
    endloop
  endfacet
  facet normal 0.7572088465064847 0.6531728429537766 0
    outer loop
      vertex 5.779418777768681 5.2381598478067435 -2
      vertex 5.779418777768681 5.2381598478067435 0
      vertex 6.029481536229349 4.948267616476435 -2
    endloop
  endfacet
  facet normal 0.7883464276266063 0.6152315905806266 0
    outer loop
      vertex 6.26501874554903 4.6464545750409805 -2
      vertex 6.029481536229349 4.948267616476435 -2
      vertex 6.029481536229349 4.948267616476435 0
    endloop
  endfacet
  facet normal 0.8175848131515844 0.5758081914178442 0
    outer loop
      vertex 6.26501874554903 4.6464545750409805 -2
      vertex 6.26501874554903 4.6464545750409805 0
      vertex 6.4854629759598525 4.333447817552897 -2
    endloop
  endfacet
  facet normal 0.7242470829514683 0.6895405447370655 0
    outer loop
      vertex 5.779418777768681 5.2381598478067435 -2
      vertex 5.515432893255071 5.515432893255071 -2
      vertex 5.515432893255071 5.515432893255071 0
    endloop
  endfacet
  facet normal 0.024541228522911688 0.9996988186962042 0
    outer loop
      vertex 0.38272785975386053 7.790604558400345 -2
      vertex 0 7.8 0
      vertex 0.38272785975386053 7.790604558400345 0
    endloop
  endfacet
  facet normal 0.07356456359966727 0.9972904566786902 0
    outer loop
      vertex 0.7645336945705727 7.762440868043136 -2
      vertex 0.38272785975386053 7.790604558400345 0
      vertex 0.7645336945705727 7.762440868043136 0
    endloop
  endfacet
  facet normal 0.12241067519921622 0.99247953459871 0
    outer loop
      vertex 1.1444977007518216 7.715576777725292 -2
      vertex 0.7645336945705727 7.762440868043136 0
      vertex 1.1444977007518216 7.715576777725292 0
    endloop
  endfacet
  facet normal 0.26671275747490003 0.9637760657954395 0
    outer loop
      vertex 2.2642204825848062 7.4641346187112285 -2
      vertex 1.8952454032454582 7.566243774917443 0
      vertex 2.2642204825848062 7.4641346187112285 0
    endloop
  endfacet
  facet normal 0.17096188876030238 0.9852776423889411 0
    outer loop
      vertex 1.5217045117258003 7.650125187145197 -2
      vertex 1.1444977007518216 7.715576777725292 0
      vertex 1.5217045117258003 7.650125187145197 0
    endloop
  endfacet
  facet normal 0.21910124015686894 0.9757021300385287 0
    outer loop
      vertex 1.8952454032454582 7.566243774917443 -2
      vertex 1.5217045117258003 7.650125187145197 0
      vertex 1.8952454032454582 7.566243774917443 0
    endloop
  endfacet
  facet normal -0.5 -0.8660254037844386 0
    outer loop
      vertex 5.705 3.293783285726815 1.9900000000000002
      vertex 0 6.58756657145363 -2
      vertex 5.705 3.293783285726815 -2
    endloop
  endfacet
  facet normal 0.31368174039888974 0.9495281805930372 0
    outer loop
      vertex 2.6277408564593165 7.344043708427562 -2
      vertex 2.2642204825848062 7.4641346187112285 0
      vertex 2.6277408564593165 7.344043708427562 0
    endloop
  endfacet
  facet normal 0.35989503653498855 0.9329927988347387 0
    outer loop
      vertex 2.9849307724477003 7.2062603535880365 -2
      vertex 2.6277408564593165 7.344043708427562 0
      vertex 2.9849307724477003 7.2062603535880365 0
    endloop
  endfacet
  facet normal 0.40524131400498997 0.9142097557035306 0
    outer loop
      vertex 3.3349297287562 7.051116486362858 -2
      vertex 2.9849307724477003 7.2062603535880365 0
      vertex 3.3349297287562 7.051116486362858 0
    endloop
  endfacet
  facet normal 0.449611329654607 0.8932243011955151 0
    outer loop
      vertex 3.6768945472427816 6.878985861917169 -2
      vertex 3.3349297287562 7.051116486362858 0
      vertex 3.6768945472427816 6.878985861917169 0
    endloop
  endfacet
  facet normal 0.4928981922297838 0.8700869911087115 0
    outer loop
      vertex 4.01000140470713 6.690283158002122 -2
      vertex 3.6768945472427816 6.878985861917169 0
      vertex 4.01000140470713 6.690283158002122 0
    endloop
  endfacet
  facet normal 0.5349976198870978 0.8448535652497068 0
    outer loop
      vertex 4.333447817552897 6.4854629759598525 -2
      vertex 4.01000140470713 6.690283158002122 0
      vertex 4.333447817552897 6.4854629759598525 0
    endloop
  endfacet
  facet normal 0.9637760657954395 0.26671275747490003 0
    outer loop
      vertex 7.566243774917443 1.8952454032454582 -2
      vertex 7.4641346187112285 2.2642204825848062 0
      vertex 7.566243774917443 1.8952454032454582 0
    endloop
  endfacet
  facet normal 0.9996988186962042 0.024541228522911688 0
    outer loop
      vertex 7.8 0 -2
      vertex 7.790604558400345 0.38272785975386053 0
      vertex 7.8 0 0
    endloop
  endfacet
  facet normal 0.9972904566786902 0.07356456359966727 0
    outer loop
      vertex 7.790604558400345 0.38272785975386053 -2
      vertex 7.762440868043136 0.7645336945705727 0
      vertex 7.790604558400345 0.38272785975386053 0
    endloop
  endfacet
  facet normal 0.99247953459871 0.12241067519921622 0
    outer loop
      vertex 7.762440868043136 0.7645336945705727 -2
      vertex 7.715576777725292 1.1444977007518216 0
      vertex 7.762440868043136 0.7645336945705727 0
    endloop
  endfacet
  facet normal 0.9852776423889411 0.17096188876030238 0
    outer loop
      vertex 7.715576777725292 1.1444977007518216 -2
      vertex 7.650125187145197 1.5217045117258003 0
      vertex 7.715576777725292 1.1444977007518216 0
    endloop
  endfacet
  facet normal 0.9757021300385287 0.21910124015686894 0
    outer loop
      vertex 7.650125187145197 1.5217045117258003 -2
      vertex 7.566243774917443 1.8952454032454582 0
      vertex 7.650125187145197 1.5217045117258003 0
    endloop
  endfacet
  facet normal 0.9495281805930372 0.31368174039888974 0
    outer loop
      vertex 7.4641346187112285 2.2642204825848062 -2
      vertex 7.344043708427562 2.6277408564593165 0
      vertex 7.4641346187112285 2.2642204825848062 0
    endloop
  endfacet
  facet normal 0.9142097557035306 0.40524131400498997 0
    outer loop
      vertex 7.2062603535880365 2.9849307724477003 -2
      vertex 7.051116486362858 3.3349297287562 0
      vertex 7.2062603535880365 2.9849307724477003 0
    endloop
  endfacet
  facet normal 0.9329927988347387 0.35989503653498855 0
    outer loop
      vertex 7.344043708427562 2.6277408564593165 -2
      vertex 7.2062603535880365 2.9849307724477003 0
      vertex 7.344043708427562 2.6277408564593165 0
    endloop
  endfacet
  facet normal 0.8932243011955151 0.449611329654607 0
    outer loop
      vertex 7.051116486362858 3.3349297287562 -2
      vertex 6.878985861917169 3.6768945472427816 0
      vertex 7.051116486362858 3.3349297287562 0
    endloop
  endfacet
  facet normal 0.8448535652497068 0.5349976198870978 0
    outer loop
      vertex 6.690283158002122 4.01000140470713 -2
      vertex 6.4854629759598525 4.333447817552897 0
      vertex 6.690283158002122 4.01000140470713 0
    endloop
  endfacet
  facet normal 0.8700869911087115 0.4928981922297838 0
    outer loop
      vertex 6.878985861917169 3.6768945472427816 -2
      vertex 6.690283158002122 4.01000140470713 0
      vertex 6.878985861917169 3.6768945472427816 0
    endloop
  endfacet
  facet normal 0 0 -1
    outer loop
      vertex 8.13159371024846 -15.213141810009125 0
      vertex 7.8 0 0
      vertex 8.13159371024846 15.213141810009125 0
    endloop
  endfacet
  facet normal 0.5758081914178442 0.8175848131515844 0
    outer loop
      vertex 4.6464545750409805 6.26501874554903 -2
      vertex 4.333447817552897 6.4854629759598525 0
      vertex 4.6464545750409805 6.26501874554903 0
    endloop
  endfacet
  facet normal 0.6152315905806266 0.7883464276266063 0
    outer loop
      vertex 4.948267616476435 6.029481536229349 -2
      vertex 4.6464545750409805 6.26501874554903 0
      vertex 4.948267616476435 6.029481536229349 0
    endloop
  endfacet
  facet normal 0.6531728429537766 0.7572088465064847 0
    outer loop
      vertex 5.2381598478067435 5.779418777768681 -2
      vertex 4.948267616476435 6.029481536229349 0
      vertex 5.2381598478067435 5.779418777768681 0
    endloop
  endfacet
  facet normal 0.7242470829514683 0.6895405447370655 0
    outer loop
      vertex 5.779418777768681 5.2381598478067435 -2
      vertex 5.515432893255071 5.515432893255071 0
      vertex 5.779418777768681 5.2381598478067435 0
    endloop
  endfacet
  facet normal 0.7883464276266063 0.6152315905806266 0
    outer loop
      vertex 6.26501874554903 4.6464545750409805 -2
      vertex 6.029481536229349 4.948267616476435 0
      vertex 6.26501874554903 4.6464545750409805 0
    endloop
  endfacet
  facet normal 0.8175848131515844 0.5758081914178442 0
    outer loop
      vertex 6.4854629759598525 4.333447817552897 -2
      vertex 6.26501874554903 4.6464545750409805 0
      vertex 6.4854629759598525 4.333447817552897 0
    endloop
  endfacet
  facet normal 0.7572088465064847 0.6531728429537766 0
    outer loop
      vertex 6.029481536229349 4.948267616476435 -2
      vertex 5.779418777768681 5.2381598478067435 0
      vertex 6.029481536229349 4.948267616476435 0
    endloop
  endfacet
  facet normal 0.6895405447370655 0.7242470829514683 0
    outer loop
      vertex 5.515432893255071 5.515432893255071 -2
      vertex 5.2381598478067435 5.779418777768681 0
      vertex 5.515432893255071 5.515432893255071 0
    endloop
  endfacet
  facet normal 0 0 -1
    outer loop
      vertex 6.26501874554903 4.6464545750409805 0
      vertex 6.601289208297799 15.936921935819695 0
      vertex 6.4854629759598525 4.333447817552897 0
    endloop
  endfacet
  facet normal 0 0 -1
    outer loop
      vertex 6.26501874554903 4.6464545750409805 0
      vertex 6.029481536229349 4.948267616476435 0
      vertex 6.601289208297799 15.936921935819695 0
    endloop
  endfacet
  facet normal 0 0 -1
    outer loop
      vertex 7.8 0 0
      vertex 7.790604558400345 0.38272785975386053 0
      vertex 8.13159371024846 15.213141810009125 0
    endloop
  endfacet
  facet normal 0 0 -1
    outer loop
      vertex 8.13159371024846 -15.213141810009125 0
      vertex 8.13159371024846 15.213141810009125 0
      vertex 8.868272337333076 14.795818522504693 0
    endloop
  endfacet
  facet normal 0 0 -1
    outer loop
      vertex 7.790604558400345 0.38272785975386053 0
      vertex 7.762440868043136 0.7645336945705727 0
      vertex 8.13159371024846 15.213141810009125 0
    endloop
  endfacet
  facet normal 0 0 -1
    outer loop
      vertex 7.762440868043136 0.7645336945705727 0
      vertex 7.715576777725292 1.1444977007518216 0
      vertex 8.13159371024846 15.213141810009125 0
    endloop
  endfacet
  facet normal 0 0 -1
    outer loop
      vertex 7.650125187145197 1.5217045117258003 0
      vertex 7.566243774917443 1.8952454032454582 0
      vertex 8.13159371024846 15.213141810009125 0
    endloop
  endfacet
  facet normal 0 0 -1
    outer loop
      vertex 7.566243774917443 1.8952454032454582 0
      vertex 7.4641346187112285 2.2642204825848062 0
      vertex 8.13159371024846 15.213141810009125 0
    endloop
  endfacet
  facet normal 0 0 -1
    outer loop
      vertex 7.715576777725292 1.1444977007518216 0
      vertex 7.650125187145197 1.5217045117258003 0
      vertex 8.13159371024846 15.213141810009125 0
    endloop
  endfacet
  facet normal 0 0 -1
    outer loop
      vertex 6.878985861917169 3.6768945472427816 0
      vertex 7.375325361672366 15.593815306379398 0
      vertex 7.051116486362858 3.3349297287562 0
    endloop
  endfacet
  facet normal 0 0 -1
    outer loop
      vertex 7.2062603535880365 2.9849307724477003 0
      vertex 7.051116486362858 3.3349297287562 0
      vertex 7.375325361672366 15.593815306379398 0
    endloop
  endfacet
  facet normal 0 0 -1
    outer loop
      vertex 7.344043708427562 2.6277408564593165 0
      vertex 7.2062603535880365 2.9849307724477003 0
      vertex 7.375325361672366 15.593815306379398 0
    endloop
  endfacet
  facet normal 0 0 -1
    outer loop
      vertex 6.878985861917169 3.6768945472427816 0
      vertex 6.690283158002122 4.01000140470713 0
      vertex 7.375325361672366 15.593815306379398 0
    endloop
  endfacet
  facet normal 0 0 -1
    outer loop
      vertex 6.690283158002122 4.01000140470713 0
      vertex 6.4854629759598525 4.333447817552897 0
      vertex 7.375325361672366 15.593815306379398 0
    endloop
  endfacet
  facet normal 0 0 -1
    outer loop
      vertex 7.4641346187112285 2.2642204825848062 0
      vertex 7.344043708427562 2.6277408564593165 0
      vertex 8.13159371024846 15.213141810009125 0
    endloop
  endfacet
  facet normal 0 0 -1
    outer loop
      vertex 1.5217045117258003 7.650125187145197 0
      vertex 2.5311006843549904 17.06329479689247 0
      vertex 1.8952454032454582 7.566243774917443 0
    endloop
  endfacet
  facet normal 0 0 -1
    outer loop
      vertex 0 7.8 0
      vertex 0.8464173821479608 17.229221619539224 0
      vertex 0.38272785975386053 7.790604558400345 0
    endloop
  endfacet
  facet normal 0 0 -1
    outer loop
      vertex 0.38272785975386053 7.790604558400345 0
      vertex 0.8464173821479608 17.229221619539224 0
      vertex 0.7645336945705727 7.762440868043136 0
    endloop
  endfacet
  facet normal 0 0 -1
    outer loop
      vertex 0.7645336945705727 7.762440868043136 0
      vertex 1.6907956706849203 17.166936535095395 0
      vertex 1.1444977007518216 7.715576777725292 0
    endloop
  endfacet
  facet normal 0 0 -1
    outer loop
      vertex 1.1444977007518216 7.715576777725292 0
      vertex 1.6907956706849203 17.166936535095395 0
      vertex 1.5217045117258003 7.650125187145197 0
    endloop
  endfacet
  facet normal 0 0 -1
    outer loop
      vertex 1.8952454032454582 7.566243774917443 0
      vertex 2.5311006843549904 17.06329479689247 0
      vertex 2.2642204825848062 7.4641346187112285 0
    endloop
  endfacet
  facet normal 0 0 -1
    outer loop
      vertex 2.2642204825848062 7.4641346187112285 0
      vertex 3.3653080547782124 16.918546086955725 0
      vertex 2.6277408564593165 7.344043708427562 0
    endloop
  endfacet
  facet normal 0 0 -1
    outer loop
      vertex 2.6277408564593165 7.344043708427562 0
      vertex 3.3653080547782124 16.918546086955725 0
      vertex 2.9849307724477003 7.2062603535880365 0
    endloop
  endfacet
  facet normal 0 0 -1
    outer loop
      vertex 2.9849307724477003 7.2062603535880365 0
      vertex 3.3653080547782124 16.918546086955725 0
      vertex 3.3349297287562 7.051116486362858 0
    endloop
  endfacet
  facet normal 0 0 -1
    outer loop
      vertex 3.6768945472427816 6.878985861917169 0
      vertex 3.3349297287562 7.051116486362858 0
      vertex 4.191408103331302 16.733039117605884 0
    endloop
  endfacet
  facet normal 0 0 -1
    outer loop
      vertex 3.6768945472427816 6.878985861917169 0
      vertex 4.191408103331302 16.733039117605884 0
      vertex 4.01000140470713 6.690283158002122 0
    endloop
  endfacet
  facet normal 0 0 -1
    outer loop
      vertex 0 7.8 0
      vertex 0 17.25 0
      vertex 0.8464173821479608 17.229221619539224 0
    endloop
  endfacet
  facet normal 0 0 -1
    outer loop
      vertex 1.5217045117258003 7.650125187145197 0
      vertex 1.6907956706849203 17.166936535095395 0
      vertex 2.5311006843549904 17.06329479689247 0
    endloop
  endfacet
  facet normal 0 0 -1
    outer loop
      vertex 0.7645336945705727 7.762440868043136 0
      vertex 0.8464173821479608 17.229221619539224 0
      vertex 1.6907956706849203 17.166936535095395 0
    endloop
  endfacet
  facet normal 0 0 -1
    outer loop
      vertex 2.2642204825848062 7.4641346187112285 0
      vertex 2.5311006843549904 17.06329479689247 0
      vertex 3.3653080547782124 16.918546086955725 0
    endloop
  endfacet
  facet normal 0 0 -1
    outer loop
      vertex 3.3349297287562 7.051116486362858 0
      vertex 3.3653080547782124 16.918546086955725 0
      vertex 4.191408103331302 16.733039117605884 0
    endloop
  endfacet
  facet normal 0 0 -1
    outer loop
      vertex 4.6464545750409805 6.26501874554903 0
      vertex 5.007410682639475 16.507220791380604 0
      vertex 4.948267616476435 6.029481536229349 0
    endloop
  endfacet
  facet normal 0 0 -1
    outer loop
      vertex 5.2381598478067435 5.779418777768681 0
      vertex 4.948267616476435 6.029481536229349 0
      vertex 5.811349971015796 16.241635124407107 0
    endloop
  endfacet
  facet normal 0 0 -1
    outer loop
      vertex 4.01000140470713 6.690283158002122 0
      vertex 5.007410682639475 16.507220791380604 0
      vertex 4.333447817552897 6.4854629759598525 0
    endloop
  endfacet
  facet normal 0 0 -1
    outer loop
      vertex 4.6464545750409805 6.26501874554903 0
      vertex 4.333447817552897 6.4854629759598525 0
      vertex 5.007410682639475 16.507220791380604 0
    endloop
  endfacet
  facet normal 0 0 -1
    outer loop
      vertex 5.779418777768681 5.2381598478067435 0
      vertex 5.515432893255071 5.515432893255071 0
      vertex 5.811349971015796 16.241635124407107 0
    endloop
  endfacet
  facet normal 0 0 -1
    outer loop
      vertex 5.2381598478067435 5.779418777768681 0
      vertex 5.811349971015796 16.241635124407107 0
      vertex 5.515432893255071 5.515432893255071 0
    endloop
  endfacet
  facet normal 0 0 -1
    outer loop
      vertex 5.779418777768681 5.2381598478067435 0
      vertex 6.601289208297799 15.936921935819695 0
      vertex 6.029481536229349 4.948267616476435 0
    endloop
  endfacet
  facet normal 0 0 -1
    outer loop
      vertex 4.948267616476435 6.029481536229349 0
      vertex 5.007410682639475 16.507220791380604 0
      vertex 5.811349971015796 16.241635124407107 0
    endloop
  endfacet
  facet normal 0 0 -1
    outer loop
      vertex 5.779418777768681 5.2381598478067435 0
      vertex 5.811349971015796 16.241635124407107 0
      vertex 6.601289208297799 15.936921935819695 0
    endloop
  endfacet
  facet normal 0 0 -1
    outer loop
      vertex 6.4854629759598525 4.333447817552897 0
      vertex 6.601289208297799 15.936921935819695 0
      vertex 7.375325361672366 15.593815306379398 0
    endloop
  endfacet
  facet normal 0 0 -1
    outer loop
      vertex 7.344043708427562 2.6277408564593165 0
      vertex 7.375325361672366 15.593815306379398 0
      vertex 8.13159371024846 15.213141810009125 0
    endloop
  endfacet
  facet normal 0 0 -1
    outer loop
      vertex 4.01000140470713 6.690283158002122 0
      vertex 4.191408103331302 16.733039117605884 0
      vertex 5.007410682639475 16.507220791380604 0
    endloop
  endfacet
  facet normal 0 0 -1
    outer loop
      vertex 10.943284151822885 -13.334430320507213 0
      vertex 10.943284151822885 13.334430320507213 0
      vertex 11.584391971111067 12.781406912373045 0
    endloop
  endfacet
  facet normal 0 0 -1
    outer loop
      vertex 11.584391971111067 -12.781406912373045 0
      vertex 11.584391971111067 12.781406912373045 0
      vertex 12.197591975467946 12.197591975467946 0
    endloop
  endfacet
  facet normal 0 0 -1
    outer loop
      vertex 12.197591975467946 -12.197591975467946 0
      vertex 12.197591975467946 12.197591975467946 0
      vertex 12.781406912373045 11.584391971111067 0
    endloop
  endfacet
  facet normal 0 0 -1
    outer loop
      vertex 8.868272337333076 -14.795818522504693 0
      vertex 8.868272337333076 14.795818522504693 0
      vertex 9.583586519588138 14.342850812218906 0
    endloop
  endfacet
  facet normal 0 0 -1
    outer loop
      vertex 9.583586519588138 -14.342850812218906 0
      vertex 9.583586519588138 14.342850812218906 0
      vertex 10.275813002494475 13.855329918041125 0
    endloop
  endfacet
  facet normal 0 0 -1
    outer loop
      vertex 10.275813002494475 -13.855329918041125 0
      vertex 10.275813002494475 13.855329918041125 0
      vertex 10.943284151822885 13.334430320507213 0
    endloop
  endfacet
  facet normal 0 0 -1
    outer loop
      vertex 12.781406912373045 -11.584391971111067 0
      vertex 12.781406912373045 11.584391971111067 0
      vertex 13.334430320507213 10.943284151822885 0
    endloop
  endfacet
  facet normal 0 0 -1
    outer loop
      vertex 13.334430320507213 -10.943284151822885 0
      vertex 13.334430320507213 10.943284151822885 0
      vertex 13.855329918041125 10.275813002494475 0
    endloop
  endfacet
  facet normal 0 0 -1
    outer loop
      vertex 13.855329918041125 -10.275813002494475 0
      vertex 13.855329918041125 10.275813002494475 0
      vertex 14.342850812218906 9.583586519588138 0
    endloop
  endfacet
  facet normal 0 0 -1
    outer loop
      vertex 14.342850812218906 -9.583586519588138 0
      vertex 14.342850812218906 9.583586519588138 0
      vertex 14.795818522504693 8.868272337333076 0
    endloop
  endfacet
  facet normal 0 0 -1
    outer loop
      vertex 14.795818522504693 -8.868272337333076 0
      vertex 14.795818522504693 8.868272337333076 0
      vertex 15.213141810009125 8.13159371024846 0
    endloop
  endfacet
  facet normal 0 0 -1
    outer loop
      vertex 15.936921935819695 -6.601289208297799 0
      vertex 15.936921935819695 6.601289208297799 0
      vertex 16.241635124407107 5.811349971015796 0
    endloop
  endfacet
  facet normal 0 0 -1
    outer loop
      vertex 17.229221619539224 -0.8464173821479608 0
      vertex 17.229221619539224 0.8464173821479608 0
      vertex 17.25 0 0
    endloop
  endfacet
  facet normal 0 0 -1
    outer loop
      vertex 17.166936535095395 -1.6907956706849203 0
      vertex 17.166936535095395 1.6907956706849203 0
      vertex 17.229221619539224 0.8464173821479608 0
    endloop
  endfacet
  facet normal 0 0 -1
    outer loop
      vertex 16.918546086955725 -3.3653080547782124 0
      vertex 16.918546086955725 3.3653080547782124 0
      vertex 17.06329479689247 2.5311006843549904 0
    endloop
  endfacet
  facet normal 0 0 -1
    outer loop
      vertex 17.06329479689247 -2.5311006843549904 0
      vertex 17.06329479689247 2.5311006843549904 0
      vertex 17.166936535095395 1.6907956706849203 0
    endloop
  endfacet
  facet normal 0 0 -1
    outer loop
      vertex 16.507220791380604 -5.007410682639475 0
      vertex 16.507220791380604 5.007410682639475 0
      vertex 16.733039117605884 4.191408103331302 0
    endloop
  endfacet
  facet normal 0 0 -1
    outer loop
      vertex 16.241635124407107 -5.811349971015796 0
      vertex 16.241635124407107 5.811349971015796 0
      vertex 16.507220791380604 5.007410682639475 0
    endloop
  endfacet
  facet normal 0 0 -1
    outer loop
      vertex 16.733039117605884 -4.191408103331302 0
      vertex 16.733039117605884 4.191408103331302 0
      vertex 16.918546086955725 3.3653080547782124 0
    endloop
  endfacet
  facet normal 0 0 -1
    outer loop
      vertex 15.213141810009125 -8.13159371024846 0
      vertex 15.213141810009125 8.13159371024846 0
      vertex 15.593815306379398 7.375325361672366 0
    endloop
  endfacet
  facet normal 0 0 -1
    outer loop
      vertex 15.593815306379398 -7.375325361672366 0
      vertex 15.593815306379398 7.375325361672366 0
      vertex 15.936921935819695 6.601289208297799 0
    endloop
  endfacet
  facet normal -0.5 -0.8660254037844386 0
    outer loop
      vertex 0 6.58756657145363 1.9900000000000002
      vertex 0 6.58756657145363 -2
      vertex 5.705 3.293783285726815 1.9900000000000002
    endloop
  endfacet
  facet normal -1 0 0
    outer loop
      vertex 5.705 -3.2937832857268146 1.9900000000000002
      vertex 5.705 3.293783285726815 1.9900000000000002
      vertex 5.705 3.293783285726815 -2
    endloop
  endfacet
  facet normal 0 0 -1
    outer loop
      vertex 1.2915565842321781 3.1180934222255927 1.9900000000000002
      vertex 0 6.58756657145363 1.9900000000000002
      vertex 1.8750495364411575 2.8062099415210904 1.9900000000000002
    endloop
  endfacet
  facet normal -0.09801714032956105 -0.9951847266721968 0
    outer loop
      vertex 0 3.375 1.9900000000000002
      vertex 0.6584298368044328 3.3101503213609025 1.9900000000000002
      vertex 0.6584298368044328 3.3101503213609025 2.5
    endloop
  endfacet
  facet normal -0.290284677254462 -0.956940335732209 0
    outer loop
      vertex 1.2915565842321781 3.1180934222255927 1.9900000000000002
      vertex 1.2915565842321781 3.1180934222255927 2.5
      vertex 0.6584298368044328 3.3101503213609025 1.9900000000000002
    endloop
  endfacet
  facet normal -0.47139673682599736 -0.8819212643483553 0
    outer loop
      vertex 1.2915565842321781 3.1180934222255927 1.9900000000000002
      vertex 1.8750495364411575 2.8062099415210904 1.9900000000000002
      vertex 1.8750495364411575 2.8062099415210904 2.5
    endloop
  endfacet
  facet normal 0 0 -1
    outer loop
      vertex 1.8750495364411575 2.8062099415210904 1.9900000000000002
      vertex 0 6.58756657145363 1.9900000000000002
      vertex 2.386485386504598 2.386485386504598 1.9900000000000002
    endloop
  endfacet
  facet normal 0 0 -1
    outer loop
      vertex 2.386485386504598 2.386485386504598 1.9900000000000002
      vertex 0 6.58756657145363 1.9900000000000002
      vertex 2.8062099415210904 1.8750495364411575 1.9900000000000002
    endloop
  endfacet
  facet normal -0.09801714032956105 -0.9951847266721968 0
    outer loop
      vertex 0 3.375 1.9900000000000002
      vertex 0.6584298368044328 3.3101503213609025 2.5
      vertex 0 3.375 2.5
    endloop
  endfacet
  facet normal -0.290284677254462 -0.956940335732209 0
    outer loop
      vertex 0.6584298368044328 3.3101503213609025 1.9900000000000002
      vertex 1.2915565842321781 3.1180934222255927 2.5
      vertex 0.6584298368044328 3.3101503213609025 2.5
    endloop
  endfacet
  facet normal -0.47139673682599736 -0.8819212643483553 0
    outer loop
      vertex 1.2915565842321781 3.1180934222255927 1.9900000000000002
      vertex 1.8750495364411575 2.8062099415210904 2.5
      vertex 1.2915565842321781 3.1180934222255927 2.5
    endloop
  endfacet
  facet normal -0.6343932841636454 -0.773010453362737 0
    outer loop
      vertex 1.8750495364411575 2.8062099415210904 1.9900000000000002
      vertex 2.386485386504598 2.386485386504598 2.5
      vertex 1.8750495364411575 2.8062099415210904 2.5
    endloop
  endfacet
  facet normal -0.773010453362737 -0.6343932841636454 0
    outer loop
      vertex 2.386485386504598 2.386485386504598 1.9900000000000002
      vertex 2.8062099415210904 1.8750495364411575 1.9900000000000002
      vertex 2.8062099415210904 1.8750495364411575 2.5
    endloop
  endfacet
  facet normal -0.8819212643483553 -0.47139673682599736 0
    outer loop
      vertex 2.8062099415210904 1.8750495364411575 1.9900000000000002
      vertex 3.1180934222255927 1.2915565842321781 1.9900000000000002
      vertex 3.1180934222255927 1.2915565842321781 2.5
    endloop
  endfacet
  facet normal -0.9951847266721968 -0.09801714032956105 0
    outer loop
      vertex 3.375 0 1.9900000000000002
      vertex 3.375 0 2.5
      vertex 3.3101503213609025 0.6584298368044328 1.9900000000000002
    endloop
  endfacet
  facet normal -0.956940335732209 -0.290284677254462 0
    outer loop
      vertex 3.3101503213609025 0.6584298368044328 1.9900000000000002
      vertex 3.3101503213609025 0.6584298368044328 2.5
      vertex 3.1180934222255927 1.2915565842321781 1.9900000000000002
    endloop
  endfacet
  facet normal 0 0 -1
    outer loop
      vertex 2.8062099415210904 1.8750495364411575 1.9900000000000002
      vertex 5.705 3.293783285726815 1.9900000000000002
      vertex 3.1180934222255927 1.2915565842321781 1.9900000000000002
    endloop
  endfacet
  facet normal 0 0 -1
    outer loop
      vertex 3.3101503213609025 0.6584298368044328 1.9900000000000002
      vertex 3.1180934222255927 1.2915565842321781 1.9900000000000002
      vertex 5.705 3.293783285726815 1.9900000000000002
    endloop
  endfacet
  facet normal -0.956940335732209 -0.290284677254462 0
    outer loop
      vertex 3.1180934222255927 1.2915565842321781 1.9900000000000002
      vertex 3.3101503213609025 0.6584298368044328 2.5
      vertex 3.1180934222255927 1.2915565842321781 2.5
    endloop
  endfacet
  facet normal -0.8819212643483553 -0.47139673682599736 0
    outer loop
      vertex 2.8062099415210904 1.8750495364411575 1.9900000000000002
      vertex 3.1180934222255927 1.2915565842321781 2.5
      vertex 2.8062099415210904 1.8750495364411575 2.5
    endloop
  endfacet
  facet normal -0.9951847266721968 -0.09801714032956105 0
    outer loop
      vertex 3.3101503213609025 0.6584298368044328 1.9900000000000002
      vertex 3.375 0 2.5
      vertex 3.3101503213609025 0.6584298368044328 2.5
    endloop
  endfacet
  facet normal 0 0 1
    outer loop
      vertex 4.191408103331302 -16.733039117605884 2.5
      vertex 3.3653080547782124 16.918546086955725 2.5
      vertex 3.375 0 2.5
    endloop
  endfacet
  facet normal -0.6343932841636454 -0.773010453362737 0
    outer loop
      vertex 1.8750495364411575 2.8062099415210904 1.9900000000000002
      vertex 2.386485386504598 2.386485386504598 1.9900000000000002
      vertex 2.386485386504598 2.386485386504598 2.5
    endloop
  endfacet
  facet normal 0 0 -1
    outer loop
      vertex 2.8062099415210904 1.8750495364411575 1.9900000000000002
      vertex 0 6.58756657145363 1.9900000000000002
      vertex 5.705 3.293783285726815 1.9900000000000002
    endloop
  endfacet
  facet normal -0.773010453362737 -0.6343932841636454 0
    outer loop
      vertex 2.386485386504598 2.386485386504598 1.9900000000000002
      vertex 2.8062099415210904 1.8750495364411575 2.5
      vertex 2.386485386504598 2.386485386504598 2.5
    endloop
  endfacet
  facet normal 0 0 -1
    outer loop
      vertex 0 3.375 1.9900000000000002
      vertex 0 6.58756657145363 1.9900000000000002
      vertex 0.6584298368044328 3.3101503213609025 1.9900000000000002
    endloop
  endfacet
  facet normal 0 0 -1
    outer loop
      vertex 1.2915565842321781 3.1180934222255927 1.9900000000000002
      vertex 0.6584298368044328 3.3101503213609025 1.9900000000000002
      vertex 0 6.58756657145363 1.9900000000000002
    endloop
  endfacet
  facet normal 0 0 1
    outer loop
      vertex 0 17.25 2.5
      vertex 0 3.375 2.5
      vertex 0.6584298368044328 3.3101503213609025 2.5
    endloop
  endfacet
  facet normal 0 0 1
    outer loop
      vertex 0.8464173821479608 17.229221619539224 2.5
      vertex 0.6584298368044328 3.3101503213609025 2.5
      vertex 1.2915565842321781 3.1180934222255927 2.5
    endloop
  endfacet
  facet normal 0 0 1
    outer loop
      vertex 1.6907956706849203 17.166936535095395 2.5
      vertex 1.8750495364411575 2.8062099415210904 2.5
      vertex 2.386485386504598 2.386485386504598 2.5
    endloop
  endfacet
  facet normal 0 0 1
    outer loop
      vertex 1.6907956706849203 17.166936535095395 2.5
      vertex 1.2915565842321781 3.1180934222255927 2.5
      vertex 1.8750495364411575 2.8062099415210904 2.5
    endloop
  endfacet
  facet normal 0 0 1
    outer loop
      vertex 3.3653080547782124 16.918546086955725 2.5
      vertex 3.3101503213609025 0.6584298368044328 2.5
      vertex 3.375 0 2.5
    endloop
  endfacet
  facet normal 0 0 1
    outer loop
      vertex 3.3653080547782124 16.918546086955725 2.5
      vertex 3.1180934222255927 1.2915565842321781 2.5
      vertex 3.3101503213609025 0.6584298368044328 2.5
    endloop
  endfacet
  facet normal 0 0 1
    outer loop
      vertex 4.191408103331302 -16.733039117605884 2.5
      vertex 4.191408103331302 16.733039117605884 2.5
      vertex 3.3653080547782124 16.918546086955725 2.5
    endloop
  endfacet
  facet normal 0 0 1
    outer loop
      vertex 2.5311006843549904 17.06329479689247 2.5
      vertex 2.386485386504598 2.386485386504598 2.5
      vertex 2.8062099415210904 1.8750495364411575 2.5
    endloop
  endfacet
  facet normal 0 0 1
    outer loop
      vertex 2.5311006843549904 17.06329479689247 2.5
      vertex 2.8062099415210904 1.8750495364411575 2.5
      vertex 3.1180934222255927 1.2915565842321781 2.5
    endloop
  endfacet
  facet normal 0 0 -1
    outer loop
      vertex 5.705 -3.2937832857268146 1.9900000000000002
      vertex 3.3101503213609025 0.6584298368044328 1.9900000000000002
      vertex 5.705 3.293783285726815 1.9900000000000002
    endloop
  endfacet
  facet normal 0 0 1
    outer loop
      vertex 5.007410682639475 -16.507220791380604 2.5
      vertex 5.007410682639475 16.507220791380604 2.5
      vertex 4.191408103331302 16.733039117605884 2.5
    endloop
  endfacet
  facet normal 0 0 1
    outer loop
      vertex 5.811349971015796 -16.241635124407107 2.5
      vertex 5.811349971015796 16.241635124407107 2.5
      vertex 5.007410682639475 16.507220791380604 2.5
    endloop
  endfacet
  facet normal 0 0 1
    outer loop
      vertex 6.601289208297799 -15.936921935819695 2.5
      vertex 6.601289208297799 15.936921935819695 2.5
      vertex 5.811349971015796 16.241635124407107 2.5
    endloop
  endfacet
  facet normal 0 0 1
    outer loop
      vertex 7.375325361672366 -15.593815306379398 2.5
      vertex 7.375325361672366 15.593815306379398 2.5
      vertex 6.601289208297799 15.936921935819695 2.5
    endloop
  endfacet
  facet normal 0 0 1
    outer loop
      vertex 8.13159371024846 -15.213141810009125 2.5
      vertex 8.13159371024846 15.213141810009125 2.5
      vertex 7.375325361672366 15.593815306379398 2.5
    endloop
  endfacet
  facet normal 0 0 1
    outer loop
      vertex 8.868272337333076 -14.795818522504693 2.5
      vertex 8.868272337333076 14.795818522504693 2.5
      vertex 8.13159371024846 15.213141810009125 2.5
    endloop
  endfacet
  facet normal 0.02454122852291171 0.9996988186962044 0
    outer loop
      vertex 0 17.25 0
      vertex 0 17.25 2.5
      vertex 0.8464173821479608 17.229221619539224 0
    endloop
  endfacet
  facet normal 0.07356456359966919 0.9972904566786902 0
    outer loop
      vertex 0.8464173821479608 17.229221619539224 0
      vertex 0.8464173821479608 17.229221619539224 2.5
      vertex 1.6907956706849203 17.166936535095395 0
    endloop
  endfacet
  facet normal 0.12241067519921583 0.9924795345987101 0
    outer loop
      vertex 1.6907956706849203 17.166936535095395 0
      vertex 1.6907956706849203 17.166936535095395 2.5
      vertex 2.5311006843549904 17.06329479689247 0
    endloop
  endfacet
  facet normal 0.17096188876030036 0.9852776423889413 0
    outer loop
      vertex 2.5311006843549904 17.06329479689247 0
      vertex 2.5311006843549904 17.06329479689247 2.5
      vertex 3.3653080547782124 16.918546086955725 0
    endloop
  endfacet
  facet normal 0.21910124015686994 0.9757021300385285 0
    outer loop
      vertex 3.3653080547782124 16.918546086955725 0
      vertex 3.3653080547782124 16.918546086955725 2.5
      vertex 4.191408103331302 16.733039117605884 0
    endloop
  endfacet
  facet normal 0.26671275747489753 0.9637760657954401 0
    outer loop
      vertex 4.191408103331302 16.733039117605884 0
      vertex 4.191408103331302 16.733039117605884 2.5
      vertex 5.007410682639475 16.507220791380604 0
    endloop
  endfacet
  facet normal 0.31368174039889346 0.9495281805930359 0
    outer loop
      vertex 5.007410682639475 16.507220791380604 0
      vertex 5.007410682639475 16.507220791380604 2.5
      vertex 5.811349971015796 16.241635124407107 0
    endloop
  endfacet
  facet normal 0.35989503653498794 0.9329927988347391 0
    outer loop
      vertex 5.811349971015796 16.241635124407107 0
      vertex 5.811349971015796 16.241635124407107 2.5
      vertex 6.601289208297799 15.936921935819695 0
    endloop
  endfacet
  facet normal 0.49289819222978454 0.8700869911087111 0
    outer loop
      vertex 8.13159371024846 15.213141810009125 0
      vertex 8.13159371024846 15.213141810009125 2.5
      vertex 8.868272337333076 14.795818522504693 0
    endloop
  endfacet
  facet normal 0.40524131400498886 0.9142097557035311 0
    outer loop
      vertex 6.601289208297799 15.936921935819695 0
      vertex 6.601289208297799 15.936921935819695 2.5
      vertex 7.375325361672366 15.593815306379398 0
    endloop
  endfacet
  facet normal 0.449611329654606 0.8932243011955158 0
    outer loop
      vertex 7.375325361672366 15.593815306379398 0
      vertex 7.375325361672366 15.593815306379398 2.5
      vertex 8.13159371024846 15.213141810009125 0
    endloop
  endfacet
  facet normal 0 0 1
    outer loop
      vertex 0 17.25 2.5
      vertex 0.6584298368044328 3.3101503213609025 2.5
      vertex 0.8464173821479608 17.229221619539224 2.5
    endloop
  endfacet
  facet normal 0 0 1
    outer loop
      vertex 0.8464173821479608 17.229221619539224 2.5
      vertex 1.2915565842321781 3.1180934222255927 2.5
      vertex 1.6907956706849203 17.166936535095395 2.5
    endloop
  endfacet
  facet normal 0 0 1
    outer loop
      vertex 2.5311006843549904 17.06329479689247 2.5
      vertex 3.1180934222255927 1.2915565842321781 2.5
      vertex 3.3653080547782124 16.918546086955725 2.5
    endloop
  endfacet
  facet normal 0 0 1
    outer loop
      vertex 1.6907956706849203 17.166936535095395 2.5
      vertex 2.386485386504598 2.386485386504598 2.5
      vertex 2.5311006843549904 17.06329479689247 2.5
    endloop
  endfacet
  facet normal 0.02454122852291171 0.9996988186962044 0
    outer loop
      vertex 0.8464173821479608 17.229221619539224 0
      vertex 0 17.25 2.5
      vertex 0.8464173821479608 17.229221619539224 2.5
    endloop
  endfacet
  facet normal 0.07356456359966919 0.9972904566786902 0
    outer loop
      vertex 1.6907956706849203 17.166936535095395 0
      vertex 0.8464173821479608 17.229221619539224 2.5
      vertex 1.6907956706849203 17.166936535095395 2.5
    endloop
  endfacet
  facet normal 0.12241067519921583 0.9924795345987101 0
    outer loop
      vertex 2.5311006843549904 17.06329479689247 0
      vertex 1.6907956706849203 17.166936535095395 2.5
      vertex 2.5311006843549904 17.06329479689247 2.5
    endloop
  endfacet
  facet normal 0.17096188876030036 0.9852776423889413 0
    outer loop
      vertex 3.3653080547782124 16.918546086955725 0
      vertex 2.5311006843549904 17.06329479689247 2.5
      vertex 3.3653080547782124 16.918546086955725 2.5
    endloop
  endfacet
  facet normal 0.21910124015686994 0.9757021300385285 0
    outer loop
      vertex 4.191408103331302 16.733039117605884 0
      vertex 3.3653080547782124 16.918546086955725 2.5
      vertex 4.191408103331302 16.733039117605884 2.5
    endloop
  endfacet
  facet normal 0.26671275747489753 0.9637760657954401 0
    outer loop
      vertex 5.007410682639475 16.507220791380604 0
      vertex 4.191408103331302 16.733039117605884 2.5
      vertex 5.007410682639475 16.507220791380604 2.5
    endloop
  endfacet
  facet normal 0.35989503653498794 0.9329927988347391 0
    outer loop
      vertex 6.601289208297799 15.936921935819695 0
      vertex 5.811349971015796 16.241635124407107 2.5
      vertex 6.601289208297799 15.936921935819695 2.5
    endloop
  endfacet
  facet normal 0.31368174039889346 0.9495281805930359 0
    outer loop
      vertex 5.811349971015796 16.241635124407107 0
      vertex 5.007410682639475 16.507220791380604 2.5
      vertex 5.811349971015796 16.241635124407107 2.5
    endloop
  endfacet
  facet normal 0.49289819222978454 0.8700869911087111 0
    outer loop
      vertex 8.868272337333076 14.795818522504693 0
      vertex 8.13159371024846 15.213141810009125 2.5
      vertex 8.868272337333076 14.795818522504693 2.5
    endloop
  endfacet
  facet normal 0.40524131400498886 0.9142097557035311 0
    outer loop
      vertex 7.375325361672366 15.593815306379398 0
      vertex 6.601289208297799 15.936921935819695 2.5
      vertex 7.375325361672366 15.593815306379398 2.5
    endloop
  endfacet
  facet normal 0.449611329654606 0.8932243011955158 0
    outer loop
      vertex 8.13159371024846 15.213141810009125 0
      vertex 7.375325361672366 15.593815306379398 2.5
      vertex 8.13159371024846 15.213141810009125 2.5
    endloop
  endfacet
  facet normal 0.9996988186962044 0.02454122852291171 0
    outer loop
      vertex 17.25 0 0
      vertex 17.229221619539224 0.8464173821479608 0
      vertex 17.25 0 2.5
    endloop
  endfacet
  facet normal 0.9972904566786902 0.07356456359966919 0
    outer loop
      vertex 17.229221619539224 0.8464173821479608 0
      vertex 17.166936535095395 1.6907956706849203 0
      vertex 17.229221619539224 0.8464173821479608 2.5
    endloop
  endfacet
  facet normal 0.9924795345987101 0.12241067519921583 0
    outer loop
      vertex 17.166936535095395 1.6907956706849203 0
      vertex 17.06329479689247 2.5311006843549904 0
      vertex 17.166936535095395 1.6907956706849203 2.5
    endloop
  endfacet
  facet normal 0.9852776423889413 0.17096188876030036 0
    outer loop
      vertex 17.06329479689247 2.5311006843549904 0
      vertex 16.918546086955725 3.3653080547782124 0
      vertex 17.06329479689247 2.5311006843549904 2.5
    endloop
  endfacet
  facet normal 0.9757021300385285 0.21910124015686994 0
    outer loop
      vertex 16.918546086955725 3.3653080547782124 0
      vertex 16.733039117605884 4.191408103331302 0
      vertex 16.918546086955725 3.3653080547782124 2.5
    endloop
  endfacet
  facet normal 0.8700869911087111 0.49289819222978454 0
    outer loop
      vertex 15.213141810009125 8.13159371024846 0
      vertex 14.795818522504693 8.868272337333076 0
      vertex 15.213141810009125 8.13159371024846 2.5
    endloop
  endfacet
  facet normal 0.9329927988347391 0.35989503653498794 0
    outer loop
      vertex 16.241635124407107 5.811349971015796 0
      vertex 15.936921935819695 6.601289208297799 0
      vertex 16.241635124407107 5.811349971015796 2.5
    endloop
  endfacet
  facet normal 0.9637760657954401 0.26671275747489753 0
    outer loop
      vertex 16.733039117605884 4.191408103331302 0
      vertex 16.507220791380604 5.007410682639475 0
      vertex 16.733039117605884 4.191408103331302 2.5
    endloop
  endfacet
  facet normal 0.9495281805930359 0.31368174039889346 0
    outer loop
      vertex 16.507220791380604 5.007410682639475 0
      vertex 16.241635124407107 5.811349971015796 0
      vertex 16.507220791380604 5.007410682639475 2.5
    endloop
  endfacet
  facet normal 0.9142097557035311 0.40524131400498886 0
    outer loop
      vertex 15.593815306379398 7.375325361672366 0
      vertex 15.936921935819695 6.601289208297799 2.5
      vertex 15.936921935819695 6.601289208297799 0
    endloop
  endfacet
  facet normal 0.8932243011955158 0.449611329654606 0
    outer loop
      vertex 15.593815306379398 7.375325361672366 0
      vertex 15.213141810009125 8.13159371024846 0
      vertex 15.593815306379398 7.375325361672366 2.5
    endloop
  endfacet
  facet normal 0 0 1
    outer loop
      vertex 12.197591975467946 -12.197591975467946 2.5
      vertex 12.197591975467946 12.197591975467946 2.5
      vertex 11.584391971111067 12.781406912373045 2.5
    endloop
  endfacet
  facet normal 0 0 1
    outer loop
      vertex 12.781406912373045 -11.584391971111067 2.5
      vertex 12.781406912373045 11.584391971111067 2.5
      vertex 12.197591975467946 12.197591975467946 2.5
    endloop
  endfacet
  facet normal 0 0 1
    outer loop
      vertex 9.583586519588138 -14.342850812218906 2.5
      vertex 9.583586519588138 14.342850812218906 2.5
      vertex 8.868272337333076 14.795818522504693 2.5
    endloop
  endfacet
  facet normal 0 0 1
    outer loop
      vertex 10.275813002494475 -13.855329918041125 2.5
      vertex 10.275813002494475 13.855329918041125 2.5
      vertex 9.583586519588138 14.342850812218906 2.5
    endloop
  endfacet
  facet normal 0 0 1
    outer loop
      vertex 10.943284151822885 -13.334430320507213 2.5
      vertex 10.943284151822885 13.334430320507213 2.5
      vertex 10.275813002494475 13.855329918041125 2.5
    endloop
  endfacet
  facet normal 0 0 1
    outer loop
      vertex 11.584391971111067 -12.781406912373045 2.5
      vertex 11.584391971111067 12.781406912373045 2.5
      vertex 10.943284151822885 13.334430320507213 2.5
    endloop
  endfacet
  facet normal 0.9996988186962044 0.02454122852291171 0
    outer loop
      vertex 17.229221619539224 0.8464173821479608 0
      vertex 17.229221619539224 0.8464173821479608 2.5
      vertex 17.25 0 2.5
    endloop
  endfacet
  facet normal 0.9972904566786902 0.07356456359966919 0
    outer loop
      vertex 17.166936535095395 1.6907956706849203 0
      vertex 17.166936535095395 1.6907956706849203 2.5
      vertex 17.229221619539224 0.8464173821479608 2.5
    endloop
  endfacet
  facet normal 0.9924795345987101 0.12241067519921583 0
    outer loop
      vertex 17.06329479689247 2.5311006843549904 0
      vertex 17.06329479689247 2.5311006843549904 2.5
      vertex 17.166936535095395 1.6907956706849203 2.5
    endloop
  endfacet
  facet normal 0.9852776423889413 0.17096188876030036 0
    outer loop
      vertex 16.918546086955725 3.3653080547782124 0
      vertex 16.918546086955725 3.3653080547782124 2.5
      vertex 17.06329479689247 2.5311006843549904 2.5
    endloop
  endfacet
  facet normal 0.9757021300385285 0.21910124015686994 0
    outer loop
      vertex 16.733039117605884 4.191408103331302 0
      vertex 16.733039117605884 4.191408103331302 2.5
      vertex 16.918546086955725 3.3653080547782124 2.5
    endloop
  endfacet
  facet normal 0 0 1
    outer loop
      vertex 13.334430320507213 -10.943284151822885 2.5
      vertex 13.334430320507213 10.943284151822885 2.5
      vertex 12.781406912373045 11.584391971111067 2.5
    endloop
  endfacet
  facet normal 0 0 1
    outer loop
      vertex 13.855329918041125 -10.275813002494475 2.5
      vertex 13.855329918041125 10.275813002494475 2.5
      vertex 13.334430320507213 10.943284151822885 2.5
    endloop
  endfacet
  facet normal 0 0 1
    outer loop
      vertex 14.795818522504693 -8.868272337333076 2.5
      vertex 14.795818522504693 8.868272337333076 2.5
      vertex 14.342850812218906 9.583586519588138 2.5
    endloop
  endfacet
  facet normal 0 0 1
    outer loop
      vertex 15.213141810009125 -8.13159371024846 2.5
      vertex 15.213141810009125 8.13159371024846 2.5
      vertex 14.795818522504693 8.868272337333076 2.5
    endloop
  endfacet
  facet normal 0 0 1
    outer loop
      vertex 14.342850812218906 -9.583586519588138 2.5
      vertex 14.342850812218906 9.583586519588138 2.5
      vertex 13.855329918041125 10.275813002494475 2.5
    endloop
  endfacet
  facet normal 0 0 1
    outer loop
      vertex 17.229221619539224 -0.8464173821479608 2.5
      vertex 17.25 0 2.5
      vertex 17.229221619539224 0.8464173821479608 2.5
    endloop
  endfacet
  facet normal 0 0 1
    outer loop
      vertex 17.229221619539224 -0.8464173821479608 2.5
      vertex 17.229221619539224 0.8464173821479608 2.5
      vertex 17.166936535095395 1.6907956706849203 2.5
    endloop
  endfacet
  facet normal 0 0 1
    outer loop
      vertex 17.166936535095395 -1.6907956706849203 2.5
      vertex 17.166936535095395 1.6907956706849203 2.5
      vertex 17.06329479689247 2.5311006843549904 2.5
    endloop
  endfacet
  facet normal 0 0 1
    outer loop
      vertex 16.507220791380604 -5.007410682639475 2.5
      vertex 16.507220791380604 5.007410682639475 2.5
      vertex 16.241635124407107 5.811349971015796 2.5
    endloop
  endfacet
  facet normal 0 0 1
    outer loop
      vertex 16.733039117605884 -4.191408103331302 2.5
      vertex 16.733039117605884 4.191408103331302 2.5
      vertex 16.507220791380604 5.007410682639475 2.5
    endloop
  endfacet
  facet normal 0 0 1
    outer loop
      vertex 16.918546086955725 -3.3653080547782124 2.5
      vertex 16.918546086955725 3.3653080547782124 2.5
      vertex 16.733039117605884 4.191408103331302 2.5
    endloop
  endfacet
  facet normal 0 0 1
    outer loop
      vertex 17.06329479689247 -2.5311006843549904 2.5
      vertex 17.06329479689247 2.5311006843549904 2.5
      vertex 16.918546086955725 3.3653080547782124 2.5
    endloop
  endfacet
  facet normal 0 0 1
    outer loop
      vertex 15.593815306379398 -7.375325361672366 2.5
      vertex 15.593815306379398 7.375325361672366 2.5
      vertex 15.213141810009125 8.13159371024846 2.5
    endloop
  endfacet
  facet normal 0 0 1
    outer loop
      vertex 15.936921935819695 -6.601289208297799 2.5
      vertex 15.936921935819695 6.601289208297799 2.5
      vertex 15.593815306379398 7.375325361672366 2.5
    endloop
  endfacet
  facet normal 0 0 1
    outer loop
      vertex 16.241635124407107 -5.811349971015796 2.5
      vertex 16.241635124407107 5.811349971015796 2.5
      vertex 15.936921935819695 6.601289208297799 2.5
    endloop
  endfacet
  facet normal 0.8700869911087111 0.49289819222978454 0
    outer loop
      vertex 14.795818522504693 8.868272337333076 0
      vertex 14.795818522504693 8.868272337333076 2.5
      vertex 15.213141810009125 8.13159371024846 2.5
    endloop
  endfacet
  facet normal 0.9329927988347391 0.35989503653498794 0
    outer loop
      vertex 15.936921935819695 6.601289208297799 0
      vertex 15.936921935819695 6.601289208297799 2.5
      vertex 16.241635124407107 5.811349971015796 2.5
    endloop
  endfacet
  facet normal 0.9637760657954401 0.26671275747489753 0
    outer loop
      vertex 16.507220791380604 5.007410682639475 0
      vertex 16.507220791380604 5.007410682639475 2.5
      vertex 16.733039117605884 4.191408103331302 2.5
    endloop
  endfacet
  facet normal 0.9495281805930359 0.31368174039889346 0
    outer loop
      vertex 16.241635124407107 5.811349971015796 0
      vertex 16.241635124407107 5.811349971015796 2.5
      vertex 16.507220791380604 5.007410682639475 2.5
    endloop
  endfacet
  facet normal 0.9142097557035311 0.40524131400498886 0
    outer loop
      vertex 15.593815306379398 7.375325361672366 0
      vertex 15.593815306379398 7.375325361672366 2.5
      vertex 15.936921935819695 6.601289208297799 2.5
    endloop
  endfacet
  facet normal 0.8932243011955158 0.449611329654606 0
    outer loop
      vertex 15.213141810009125 8.13159371024846 0
      vertex 15.213141810009125 8.13159371024846 2.5
      vertex 15.593815306379398 7.375325361672366 2.5
    endloop
  endfacet
  facet normal 0.6895405447370664 0.7242470829514674 0
    outer loop
      vertex 11.584391971111067 12.781406912373045 0
      vertex 11.584391971111067 12.781406912373045 2.5
      vertex 12.197591975467946 12.197591975467946 0
    endloop
  endfacet
  facet normal 0.7242470829514674 0.6895405447370664 0
    outer loop
      vertex 12.781406912373045 11.584391971111067 0
      vertex 12.197591975467946 12.197591975467946 0
      vertex 12.781406912373045 11.584391971111067 2.5
    endloop
  endfacet
  facet normal 0.5349976198870972 0.844853565249707 0
    outer loop
      vertex 8.868272337333076 14.795818522504693 0
      vertex 8.868272337333076 14.795818522504693 2.5
      vertex 9.583586519588138 14.342850812218906 0
    endloop
  endfacet
  facet normal 0.6152315905806267 0.7883464276266064 0
    outer loop
      vertex 10.275813002494475 13.855329918041125 0
      vertex 10.275813002494475 13.855329918041125 2.5
      vertex 10.943284151822885 13.334430320507213 0
    endloop
  endfacet
  facet normal 0.5758081914178453 0.8175848131515838 0
    outer loop
      vertex 9.583586519588138 14.342850812218906 0
      vertex 9.583586519588138 14.342850812218906 2.5
      vertex 10.275813002494475 13.855329918041125 0
    endloop
  endfacet
  facet normal 0.6531728429537768 0.7572088465064846 0
    outer loop
      vertex 11.584391971111067 12.781406912373045 0
      vertex 10.943284151822885 13.334430320507213 0
      vertex 10.943284151822885 13.334430320507213 2.5
    endloop
  endfacet
  facet normal 0.7883464276266064 0.6152315905806267 0
    outer loop
      vertex 13.855329918041125 10.275813002494475 0
      vertex 13.334430320507213 10.943284151822885 0
      vertex 13.855329918041125 10.275813002494475 2.5
    endloop
  endfacet
  facet normal 0.844853565249707 0.5349976198870972 0
    outer loop
      vertex 14.342850812218906 9.583586519588138 0
      vertex 14.795818522504693 8.868272337333076 2.5
      vertex 14.795818522504693 8.868272337333076 0
    endloop
  endfacet
  facet normal 0.8175848131515838 0.5758081914178453 0
    outer loop
      vertex 13.855329918041125 10.275813002494475 0
      vertex 14.342850812218906 9.583586519588138 2.5
      vertex 14.342850812218906 9.583586519588138 0
    endloop
  endfacet
  facet normal 0.7572088465064846 0.6531728429537768 0
    outer loop
      vertex 12.781406912373045 11.584391971111067 0
      vertex 13.334430320507213 10.943284151822885 2.5
      vertex 13.334430320507213 10.943284151822885 0
    endloop
  endfacet
  facet normal 0.6895405447370664 0.7242470829514674 0
    outer loop
      vertex 12.197591975467946 12.197591975467946 0
      vertex 11.584391971111067 12.781406912373045 2.5
      vertex 12.197591975467946 12.197591975467946 2.5
    endloop
  endfacet
  facet normal 0.7242470829514674 0.6895405447370664 0
    outer loop
      vertex 12.197591975467946 12.197591975467946 0
      vertex 12.197591975467946 12.197591975467946 2.5
      vertex 12.781406912373045 11.584391971111067 2.5
    endloop
  endfacet
  facet normal 0.5349976198870972 0.844853565249707 0
    outer loop
      vertex 9.583586519588138 14.342850812218906 0
      vertex 8.868272337333076 14.795818522504693 2.5
      vertex 9.583586519588138 14.342850812218906 2.5
    endloop
  endfacet
  facet normal 0.6152315905806267 0.7883464276266064 0
    outer loop
      vertex 10.943284151822885 13.334430320507213 0
      vertex 10.275813002494475 13.855329918041125 2.5
      vertex 10.943284151822885 13.334430320507213 2.5
    endloop
  endfacet
  facet normal 0.5758081914178453 0.8175848131515838 0
    outer loop
      vertex 10.275813002494475 13.855329918041125 0
      vertex 9.583586519588138 14.342850812218906 2.5
      vertex 10.275813002494475 13.855329918041125 2.5
    endloop
  endfacet
  facet normal 0.6531728429537768 0.7572088465064846 0
    outer loop
      vertex 11.584391971111067 12.781406912373045 0
      vertex 10.943284151822885 13.334430320507213 2.5
      vertex 11.584391971111067 12.781406912373045 2.5
    endloop
  endfacet
  facet normal 0.7883464276266064 0.6152315905806267 0
    outer loop
      vertex 13.334430320507213 10.943284151822885 0
      vertex 13.334430320507213 10.943284151822885 2.5
      vertex 13.855329918041125 10.275813002494475 2.5
    endloop
  endfacet
  facet normal 0.844853565249707 0.5349976198870972 0
    outer loop
      vertex 14.342850812218906 9.583586519588138 0
      vertex 14.342850812218906 9.583586519588138 2.5
      vertex 14.795818522504693 8.868272337333076 2.5
    endloop
  endfacet
  facet normal 0.8175848131515838 0.5758081914178453 0
    outer loop
      vertex 13.855329918041125 10.275813002494475 0
      vertex 13.855329918041125 10.275813002494475 2.5
      vertex 14.342850812218906 9.583586519588138 2.5
    endloop
  endfacet
  facet normal 0.7572088465064846 0.6531728429537768 0
    outer loop
      vertex 12.781406912373045 11.584391971111067 0
      vertex 12.781406912373045 11.584391971111067 2.5
      vertex 13.334430320507213 10.943284151822885 2.5
    endloop
  endfacet
endsolid OpenSCAD_Model
