solid OpenSCAD_Model
  facet normal 0 0 -1
    outer loop
      vertex 47.145230221263596 -3.4785470401323164 1
      vertex 46.81801948466054 -3.1819805153394642 1
      vertex 47.29446341323042 -2.220376494572759 1
    endloop
  endfacet
  facet normal 0 0 -1
    outer loop
      vertex 46.52145295986768 -2.854769778736405 1
      vertex 46.913275574780755 -1.6498885788909918 1
      vertex 46.81801948466054 -3.1819805153394642 1
    endloop
  endfacet
  facet normal 0 0 -1
    outer loop
      vertex 46.81801948466054 -3.1819805153394642 1
      vertex 46.913275574780755 -1.6498885788909918 1
      vertex 47.08985635694109 -1.9444958155686076 1
    endloop
  endfacet
  facet normal 0 0 -1
    outer loop
      vertex 46.81801948466054 -3.1819805153394642 1
      vertex 47.08985635694109 -1.9444958155686076 1
      vertex 47.29446341323042 -2.220376494572759 1
    endloop
  endfacet
  facet normal 0 0 -1
    outer loop
      vertex 47.145230221263596 -3.4785470401323164 1
      vertex 47.525126265847085 -2.4748737341529163 1
      vertex 47.49993395141179 -3.7416132553614534 1
    endloop
  endfacet
  facet normal 0 0 -1
    outer loop
      vertex 47.49993395141179 -3.7416132553614534 1
      vertex 47.525126265847085 -2.4748737341529163 1
      vertex 47.77962350542724 -2.7055365867695795 1
    endloop
  endfacet
  facet normal 0 0 -1
    outer loop
      vertex 47.145230221263596 -3.4785470401323164 1
      vertex 47.29446341323042 -2.220376494572759 1
      vertex 47.525126265847085 -2.4748737341529163 1
    endloop
  endfacet
  facet normal -0.7409511253549527 -0.6715589548470254 0
    outer loop
      vertex 46.52145295986768 -2.854769778736405 1
      vertex 46.81801948466054 -3.1819805153394642 1
      vertex 46.52145295986768 -2.854769778736405 7.75
    endloop
  endfacet
  facet normal -0.8032075314806523 -0.5956993044924236 0
    outer loop
      vertex 46.52145295986768 -2.854769778736405 1
      vertex 46.25838674463855 -2.50006604858821 7.75
      vertex 46.25838674463855 -2.50006604858821 1
    endloop
  endfacet
  facet normal -0.6715589548470207 -0.740951125354957 0
    outer loop
      vertex 47.145230221263596 -3.4785470401323164 1
      vertex 47.145230221263596 -3.4785470401323164 7.75
      vertex 46.81801948466054 -3.1819805153394642 1
    endloop
  endfacet
  facet normal -0.5956993044924327 -0.8032075314806454 0
    outer loop
      vertex 47.145230221263596 -3.4785470401323164 1
      vertex 47.49993395141179 -3.7416132553614534 1
      vertex 47.49993395141179 -3.7416132553614534 7.75
    endloop
  endfacet
  facet normal 0.7409511253549527 0.6715589548470255 0
    outer loop
      vertex 47.29446341323042 -2.220376494572759 6.75
      vertex 47.525126265847085 -2.4748737341529163 1
      vertex 47.29446341323042 -2.220376494572759 1
    endloop
  endfacet
  facet normal 0.6715589548470235 0.7409511253549543 0
    outer loop
      vertex 47.525126265847085 -2.4748737341529163 6.75
      vertex 47.77962350542724 -2.7055365867695795 1
      vertex 47.525126265847085 -2.4748737341529163 1
    endloop
  endfacet
  facet normal 0 0 -1
    outer loop
      vertex 46.52145295986768 -2.854769778736405 1
      vertex 46.25838674463855 -2.50006604858821 1
      vertex 46.56725151858869 -0.6828161270564489 1
    endloop
  endfacet
  facet normal 0 0 -1
    outer loop
      vertex 46.52145295986768 -2.854769778736405 1
      vertex 46.56725151858869 -0.6828161270564489 1
      vertex 46.65070882493727 -1.015996370390618 1
    endloop
  endfacet
  facet normal 0 0 -1
    outer loop
      vertex 46.25838674463855 -2.50006604858821 1
      vertex 46.51685345664731 -0.3430599911534621 1
      vertex 46.56725151858869 -0.6828161270564489 1
    endloop
  endfacet
  facet normal 0 0 -1
    outer loop
      vertex 46.031354310432405 -2.1212853157169893 1
      vertex 45.84254210369921 -1.722075445642904 1
      vertex 46.031354310432405 2.1212853157169893 1
    endloop
  endfacet
  facet normal 0 0 -1
    outer loop
      vertex 45.69376848920506 -1.3062810476450806 1
      vertex 45.586466238185466 -0.8779064490725771 1
      vertex 45.69376848920506 1.3062810476450806 1
    endloop
  endfacet
  facet normal 0 0 -1
    outer loop
      vertex 45.586466238185466 -0.8779064490725771 1
      vertex 45.52166872997511 -0.44107713148302274 1
      vertex 45.586466238185466 0.8779064490725771 1
    endloop
  endfacet
  facet normal 0 0 -1
    outer loop
      vertex 45.84254210369921 -1.722075445642904 1
      vertex 45.69376848920506 -1.3062810476450806 1
      vertex 45.84254210369921 1.722075445642904 1
    endloop
  endfacet
  facet normal 0 0 -1
    outer loop
      vertex 46.25838674463855 -2.50006604858821 1
      vertex 46.031354310432405 -2.1212853157169893 1
      vertex 46.25838674463855 2.50006604858821 1
    endloop
  endfacet
  facet normal 0 0 -1
    outer loop
      vertex 46.25838674463855 -2.50006604858821 1
      vertex 46.5 0 1
      vertex 46.51685345664731 -0.3430599911534621 1
    endloop
  endfacet
  facet normal 0 0 -1
    outer loop
      vertex 46.52145295986768 -2.854769778736405 1
      vertex 46.766421636210495 -1.3393920132778143 1
      vertex 46.913275574780755 -1.6498885788909918 1
    endloop
  endfacet
  facet normal 0 0 -1
    outer loop
      vertex 46.52145295986768 -2.854769778736405 1
      vertex 46.65070882493727 -1.015996370390618 1
      vertex 46.766421636210495 -1.3393920132778143 1
    endloop
  endfacet
  facet normal -0.9039892931234401 -0.42755509343028875 0
    outer loop
      vertex 46.031354310432405 -2.1212853157169893 1
      vertex 45.84254210369921 -1.722075445642904 7.75
      vertex 45.84254210369921 -1.722075445642904 1
    endloop
  endfacet
  facet normal -0.9415440651830229 -0.336889853392214 0
    outer loop
      vertex 45.84254210369921 -1.722075445642904 1
      vertex 45.69376848920506 -1.3062810476450806 7.75
      vertex 45.69376848920506 -1.3062810476450806 1
    endloop
  endfacet
  facet normal -0.8577286100002717 -0.5141027441932221 0
    outer loop
      vertex 46.25838674463855 -2.50006604858821 1
      vertex 46.031354310432405 -2.1212853157169893 7.75
      vertex 46.031354310432405 -2.1212853157169893 1
    endloop
  endfacet
  facet normal -0.9700312531945441 -0.24298017990326334 0
    outer loop
      vertex 45.69376848920506 -1.3062810476450806 1
      vertex 45.586466238185466 -0.8779064490725771 7.75
      vertex 45.586466238185466 -0.8779064490725771 1
    endloop
  endfacet
  facet normal -0.9891765099647792 -0.1467304744553735 0
    outer loop
      vertex 45.586466238185466 -0.8779064490725771 1
      vertex 45.52166872997511 -0.44107713148302274 7.75
      vertex 45.52166872997511 -0.44107713148302274 1
    endloop
  endfacet
  facet normal -0.9987954562051727 -0.04906767432741232 0
    outer loop
      vertex 45.52166872997511 -0.44107713148302274 1
      vertex 45.5 0 7.75
      vertex 45.5 0 1
    endloop
  endfacet
  facet normal 0.9700312531945424 0.24298017990326998 0
    outer loop
      vertex 46.56725151858869 -0.6828161270564489 6.75
      vertex 46.65070882493727 -1.015996370390618 1
      vertex 46.56725151858869 -0.6828161270564489 1
    endloop
  endfacet
  facet normal 0.9891765099647822 0.1467304744553532 0
    outer loop
      vertex 46.51685345664731 -0.3430599911534621 6.75
      vertex 46.56725151858869 -0.6828161270564489 1
      vertex 46.51685345664731 -0.3430599911534621 1
    endloop
  endfacet
  facet normal 0.9987954562051724 0.049067674327419195 0
    outer loop
      vertex 46.5 0 6.75
      vertex 46.51685345664731 -0.3430599911534621 1
      vertex 46.5 0 1
    endloop
  endfacet
  facet normal 0.8032075314806487 0.5956993044924284 0
    outer loop
      vertex 47.08985635694109 -1.9444958155686076 6.75
      vertex 47.29446341323042 -2.220376494572759 1
      vertex 47.08985635694109 -1.9444958155686076 1
    endloop
  endfacet
  facet normal 0.8577286100002698 0.5141027441932258 0
    outer loop
      vertex 46.913275574780755 -1.6498885788909918 6.75
      vertex 47.08985635694109 -1.9444958155686076 1
      vertex 46.913275574780755 -1.6498885788909918 1
    endloop
  endfacet
  facet normal 0.9039892931234447 0.4275550934302793 0
    outer loop
      vertex 46.766421636210495 -1.3393920132778143 6.75
      vertex 46.913275574780755 -1.6498885788909918 1
      vertex 46.766421636210495 -1.3393920132778143 1
    endloop
  endfacet
  facet normal 0.9415440651830216 0.33688985339221783 0
    outer loop
      vertex 46.65070882493727 -1.015996370390618 6.75
      vertex 46.766421636210495 -1.3393920132778143 1
      vertex 46.65070882493727 -1.015996370390618 1
    endloop
  endfacet
  facet normal 0 0 -1
    outer loop
      vertex 47.49993395141179 -3.7416132553614534 1
      vertex 48.05550418443139 -2.9101436430589085 1
      vertex 47.87871468428301 -3.9686456895675977 1
    endloop
  endfacet
  facet normal 0 0 -1
    outer loop
      vertex 47.87871468428301 -3.9686456895675977 1
      vertex 48.350111421109006 -3.0867244252192427 1
      vertex 48.2779245543571 -4.15745789630079 1
    endloop
  endfacet
  facet normal 0 0 -1
    outer loop
      vertex 48.2779245543571 -4.15745789630079 1
      vertex 48.98400362960938 -3.349291175062731 1
      vertex 48.69371895235492 -4.30623151079494 1
    endloop
  endfacet
  facet normal 0 0 -1
    outer loop
      vertex 48.2779245543571 -4.15745789630079 1
      vertex 48.350111421109006 -3.0867244252192427 1
      vertex 48.660607986722184 -3.2335783637895035 1
    endloop
  endfacet
  facet normal 0 0 -1
    outer loop
      vertex 48.2779245543571 -4.15745789630079 1
      vertex 48.660607986722184 -3.2335783637895035 1
      vertex 48.98400362960938 -3.349291175062731 1
    endloop
  endfacet
  facet normal 0 0 -1
    outer loop
      vertex 47.49993395141179 -3.7416132553614534 1
      vertex 47.77962350542724 -2.7055365867695795 1
      vertex 48.05550418443139 -2.9101436430589085 1
    endloop
  endfacet
  facet normal 0 0 -1
    outer loop
      vertex 47.87871468428301 -3.9686456895675977 1
      vertex 48.05550418443139 -2.9101436430589085 1
      vertex 48.350111421109006 -3.0867244252192427 1
    endloop
  endfacet
  facet normal 0 0 -1
    outer loop
      vertex 48.69371895235492 -4.30623151079494 1
      vertex 49.31718387294355 -3.4327484814113065 1
      vertex 49.122093550927424 -4.413533761814537 1
    endloop
  endfacet
  facet normal 0 0 -1
    outer loop
      vertex 48.69371895235492 -4.30623151079494 1
      vertex 48.98400362960938 -3.349291175062731 1
      vertex 49.31718387294355 -3.4327484814113065 1
    endloop
  endfacet
  facet normal 0 0 -1
    outer loop
      vertex 49.122093550927424 -4.413533761814537 1
      vertex 49.31718387294355 -3.4327484814113065 1
      vertex 49.65694000884654 -3.483146543352689 1
    endloop
  endfacet
  facet normal 0 0 -1
    outer loop
      vertex 49.122093550927424 -4.413533761814537 1
      vertex 49.65694000884654 -3.483146543352689 1
      vertex 49.55892286851698 -4.478331270024886 1
    endloop
  endfacet
  facet normal 0 0 -1
    outer loop
      vertex 49.55892286851698 -4.478331270024886 1
      vertex 50 -3.5 1
      vertex 50 -4.5 1
    endloop
  endfacet
  facet normal 0 0 -1
    outer loop
      vertex 49.55892286851698 -4.478331270024886 1
      vertex 49.65694000884654 -3.483146543352689 1
      vertex 50 -3.5 1
    endloop
  endfacet
  facet normal -0.4275550934302788 -0.903989293123445 0
    outer loop
      vertex 47.87871468428301 -3.9686456895675977 1
      vertex 48.2779245543571 -4.15745789630079 1
      vertex 48.2779245543571 -4.15745789630079 7.75
    endloop
  endfacet
  facet normal -0.5141027441932221 -0.8577286100002717 0
    outer loop
      vertex 47.49993395141179 -3.7416132553614534 1
      vertex 47.87871468428301 -3.9686456895675977 1
      vertex 47.87871468428301 -3.9686456895675977 7.75
    endloop
  endfacet
  facet normal -0.33688985339222255 -0.9415440651830198 0
    outer loop
      vertex 48.2779245543571 -4.15745789630079 1
      vertex 48.69371895235492 -4.30623151079494 1
      vertex 48.69371895235492 -4.30623151079494 7.75
    endloop
  endfacet
  facet normal 0.5141027441932248 0.8577286100002702 0
    outer loop
      vertex 48.05550418443139 -2.9101436430589085 6.75
      vertex 48.350111421109006 -3.0867244252192427 1
      vertex 48.05550418443139 -2.9101436430589085 1
    endloop
  endfacet
  facet normal 0.5956993044924308 0.8032075314806468 0
    outer loop
      vertex 47.77962350542724 -2.7055365867695795 6.75
      vertex 48.05550418443139 -2.9101436430589085 1
      vertex 47.77962350542724 -2.7055365867695795 1
    endloop
  endfacet
  facet normal 0.4275550934302807 0.903989293123444 0
    outer loop
      vertex 48.350111421109006 -3.0867244252192427 6.75
      vertex 48.660607986722184 -3.2335783637895035 1
      vertex 48.350111421109006 -3.0867244252192427 1
    endloop
  endfacet
  facet normal 0.3368898533922175 0.9415440651830218 0
    outer loop
      vertex 48.660607986722184 -3.2335783637895035 6.75
      vertex 48.98400362960938 -3.349291175062731 1
      vertex 48.660607986722184 -3.2335783637895035 1
    endloop
  endfacet
  facet normal -0.24298017990326343 -0.9700312531945441 0
    outer loop
      vertex 48.69371895235492 -4.30623151079494 1
      vertex 49.122093550927424 -4.413533761814537 1
      vertex 49.122093550927424 -4.413533761814537 7.75
    endloop
  endfacet
  facet normal -0.14673047445536117 -0.989176509964781 0
    outer loop
      vertex 49.122093550927424 -4.413533761814537 1
      vertex 49.55892286851698 -4.478331270024886 1
      vertex 49.55892286851698 -4.478331270024886 7.75
    endloop
  endfacet
  facet normal 0.24298017990326384 0.9700312531945441 0
    outer loop
      vertex 48.98400362960938 -3.349291175062731 6.75
      vertex 49.31718387294355 -3.4327484814113065 1
      vertex 48.98400362960938 -3.349291175062731 1
    endloop
  endfacet
  facet normal 0.14673047445536158 0.989176509964781 0
    outer loop
      vertex 49.31718387294355 -3.4327484814113065 6.75
      vertex 49.65694000884654 -3.483146543352689 1
      vertex 49.31718387294355 -3.4327484814113065 1
    endloop
  endfacet
  facet normal -0.04906767432741864 -0.9987954562051724 0
    outer loop
      vertex 49.55892286851698 -4.478331270024886 1
      vertex 50 -4.5 1
      vertex 50 -4.5 7.75
    endloop
  endfacet
  facet normal 0.04906767432741821 0.9987954562051724 0
    outer loop
      vertex 49.65694000884654 -3.483146543352689 6.75
      vertex 50 -3.5 1
      vertex 49.65694000884654 -3.483146543352689 1
    endloop
  endfacet
  facet normal -0.8577286100002717 -0.5141027441932221 0
    outer loop
      vertex 46.25838674463855 -2.50006604858821 1
      vertex 46.25838674463855 -2.50006604858821 7.75
      vertex 46.031354310432405 -2.1212853157169893 7.75
    endloop
  endfacet
  facet normal -0.8032075314806523 -0.5956993044924236 0
    outer loop
      vertex 46.52145295986768 -2.854769778736405 1
      vertex 46.52145295986768 -2.854769778736405 7.75
      vertex 46.25838674463855 -2.50006604858821 7.75
    endloop
  endfacet
  facet normal -0.5956993044924327 -0.8032075314806454 0
    outer loop
      vertex 47.145230221263596 -3.4785470401323164 1
      vertex 47.49993395141179 -3.7416132553614534 7.75
      vertex 47.145230221263596 -3.4785470401323164 7.75
    endloop
  endfacet
  facet normal -0.5141027441932221 -0.8577286100002717 0
    outer loop
      vertex 47.49993395141179 -3.7416132553614534 1
      vertex 47.87871468428301 -3.9686456895675977 7.75
      vertex 47.49993395141179 -3.7416132553614534 7.75
    endloop
  endfacet
  facet normal 0.7409511253549527 0.6715589548470255 0
    outer loop
      vertex 47.29446341323042 -2.220376494572759 6.75
      vertex 47.525126265847085 -2.4748737341529163 6.75
      vertex 47.525126265847085 -2.4748737341529163 1
    endloop
  endfacet
  facet normal 0.6715589548470235 0.7409511253549543 0
    outer loop
      vertex 47.77962350542724 -2.7055365867695795 6.75
      vertex 47.77962350542724 -2.7055365867695795 1
      vertex 47.525126265847085 -2.4748737341529163 6.75
    endloop
  endfacet
  facet normal -0.7409511253549527 -0.6715589548470254 0
    outer loop
      vertex 46.81801948466054 -3.1819805153394642 1
      vertex 46.81801948466054 -3.1819805153394642 7.75
      vertex 46.52145295986768 -2.854769778736405 7.75
    endloop
  endfacet
  facet normal -0.6715589548470207 -0.740951125354957 0
    outer loop
      vertex 46.81801948466054 -3.1819805153394642 1
      vertex 47.145230221263596 -3.4785470401323164 7.75
      vertex 46.81801948466054 -3.1819805153394642 7.75
    endloop
  endfacet
  facet normal -0.9039892931234401 -0.42755509343028875 0
    outer loop
      vertex 46.031354310432405 -2.1212853157169893 1
      vertex 46.031354310432405 -2.1212853157169893 7.75
      vertex 45.84254210369921 -1.722075445642904 7.75
    endloop
  endfacet
  facet normal -0.9700312531945441 -0.24298017990326334 0
    outer loop
      vertex 45.69376848920506 -1.3062810476450806 1
      vertex 45.69376848920506 -1.3062810476450806 7.75
      vertex 45.586466238185466 -0.8779064490725771 7.75
    endloop
  endfacet
  facet normal -0.9415440651830229 -0.336889853392214 0
    outer loop
      vertex 45.84254210369921 -1.722075445642904 1
      vertex 45.84254210369921 -1.722075445642904 7.75
      vertex 45.69376848920506 -1.3062810476450806 7.75
    endloop
  endfacet
  facet normal 0.9700312531945424 0.24298017990326998 0
    outer loop
      vertex 46.65070882493727 -1.015996370390618 6.75
      vertex 46.65070882493727 -1.015996370390618 1
      vertex 46.56725151858869 -0.6828161270564489 6.75
    endloop
  endfacet
  facet normal 0.9891765099647822 0.1467304744553532 0
    outer loop
      vertex 46.56725151858869 -0.6828161270564489 6.75
      vertex 46.56725151858869 -0.6828161270564489 1
      vertex 46.51685345664731 -0.3430599911534621 6.75
    endloop
  endfacet
  facet normal 0.9987954562051724 0.049067674327419195 0
    outer loop
      vertex 46.51685345664731 -0.3430599911534621 6.75
      vertex 46.51685345664731 -0.3430599911534621 1
      vertex 46.5 0 6.75
    endloop
  endfacet
  facet normal -0.9891765099647792 -0.1467304744553735 0
    outer loop
      vertex 45.586466238185466 -0.8779064490725771 1
      vertex 45.586466238185466 -0.8779064490725771 7.75
      vertex 45.52166872997511 -0.44107713148302274 7.75
    endloop
  endfacet
  facet normal -0.9987954562051727 -0.04906767432741232 0
    outer loop
      vertex 45.52166872997511 -0.44107713148302274 1
      vertex 45.52166872997511 -0.44107713148302274 7.75
      vertex 45.5 0 7.75
    endloop
  endfacet
  facet normal 0.8577286100002698 0.5141027441932258 0
    outer loop
      vertex 47.08985635694109 -1.9444958155686076 6.75
      vertex 47.08985635694109 -1.9444958155686076 1
      vertex 46.913275574780755 -1.6498885788909918 6.75
    endloop
  endfacet
  facet normal 0.9039892931234447 0.4275550934302793 0
    outer loop
      vertex 46.913275574780755 -1.6498885788909918 6.75
      vertex 46.913275574780755 -1.6498885788909918 1
      vertex 46.766421636210495 -1.3393920132778143 6.75
    endloop
  endfacet
  facet normal 0.9415440651830216 0.33688985339221783 0
    outer loop
      vertex 46.766421636210495 -1.3393920132778143 6.75
      vertex 46.766421636210495 -1.3393920132778143 1
      vertex 46.65070882493727 -1.015996370390618 6.75
    endloop
  endfacet
  facet normal 0.8032075314806487 0.5956993044924284 0
    outer loop
      vertex 47.29446341323042 -2.220376494572759 6.75
      vertex 47.29446341323042 -2.220376494572759 1
      vertex 47.08985635694109 -1.9444958155686076 6.75
    endloop
  endfacet
  facet normal 0 0 -1
    outer loop
      vertex 46.65070882493727 -1.015996370390618 6.75
      vertex 46.56725151858869 -0.6828161270564489 6.75
      vertex 46.56725151858869 0.6828161270564489 6.75
    endloop
  endfacet
  facet normal 0 0 -1
    outer loop
      vertex 46.56725151858869 -0.6828161270564489 6.75
      vertex 46.51685345664731 -0.3430599911534621 6.75
      vertex 46.51685345664731 0.3430599911534621 6.75
    endloop
  endfacet
  facet normal 0 0 1
    outer loop
      vertex 45.84254210369921 -1.722075445642904 7.75
      vertex 45.69376848920506 1.3062810476450806 7.75
      vertex 45.69376848920506 -1.3062810476450806 7.75
    endloop
  endfacet
  facet normal 0 0 1
    outer loop
      vertex 46.031354310432405 -2.1212853157169893 7.75
      vertex 45.84254210369921 1.722075445642904 7.75
      vertex 45.84254210369921 -1.722075445642904 7.75
    endloop
  endfacet
  facet normal 0 0 1
    outer loop
      vertex 45.69376848920506 -1.3062810476450806 7.75
      vertex 45.586466238185466 0.8779064490725771 7.75
      vertex 45.586466238185466 -0.8779064490725771 7.75
    endloop
  endfacet
  facet normal 0 0 1
    outer loop
      vertex 45.586466238185466 -0.8779064490725771 7.75
      vertex 45.52166872997511 0.44107713148302274 7.75
      vertex 45.52166872997511 -0.44107713148302274 7.75
    endloop
  endfacet
  facet normal 0 0 1
    outer loop
      vertex 46.25838674463855 -2.50006604858821 7.75
      vertex 46.031354310432405 2.1212853157169893 7.75
      vertex 46.031354310432405 -2.1212853157169893 7.75
    endloop
  endfacet
  facet normal 0 0 1
    outer loop
      vertex 46.52145295986768 -2.854769778736405 7.75
      vertex 46.25838674463855 2.50006604858821 7.75
      vertex 46.25838674463855 -2.50006604858821 7.75
    endloop
  endfacet
  facet normal 0 0 1
    outer loop
      vertex 46.52145295986768 -2.854769778736405 7.75
      vertex 46.81801948466054 -3.1819805153394642 7.75
      vertex 46.52145295986768 2.854769778736405 7.75
    endloop
  endfacet
  facet normal 0 0 1
    outer loop
      vertex 47.145230221263596 -3.4785470401323164 7.75
      vertex 46.81801948466054 3.1819805153394642 7.75
      vertex 46.81801948466054 -3.1819805153394642 7.75
    endloop
  endfacet
  facet normal 0 0 1
    outer loop
      vertex 47.145230221263596 -3.4785470401323164 7.75
      vertex 47.49993395141179 -3.7416132553614534 7.75
      vertex 47.145230221263596 3.4785470401323164 7.75
    endloop
  endfacet
  facet normal 0 0 1
    outer loop
      vertex 47.49993395141179 -3.7416132553614534 7.75
      vertex 47.87871468428301 -3.9686456895675977 7.75
      vertex 47.49993395141179 3.7416132553614534 7.75
    endloop
  endfacet
  facet normal 0 0 -1
    outer loop
      vertex 47.08985635694109 -1.9444958155686076 6.75
      vertex 46.913275574780755 -1.6498885788909918 6.75
      vertex 46.913275574780755 1.6498885788909918 6.75
    endloop
  endfacet
  facet normal 0 0 -1
    outer loop
      vertex 47.29446341323042 -2.220376494572759 6.75
      vertex 47.08985635694109 -1.9444958155686076 6.75
      vertex 47.08985635694109 1.9444958155686076 6.75
    endloop
  endfacet
  facet normal 0 0 -1
    outer loop
      vertex 46.766421636210495 -1.3393920132778143 6.75
      vertex 46.65070882493727 -1.015996370390618 6.75
      vertex 46.65070882493727 1.015996370390618 6.75
    endloop
  endfacet
  facet normal 0 0 -1
    outer loop
      vertex 46.913275574780755 -1.6498885788909918 6.75
      vertex 46.766421636210495 -1.3393920132778143 6.75
      vertex 46.766421636210495 1.3393920132778143 6.75
    endloop
  endfacet
  facet normal 0 0 -1
    outer loop
      vertex 47.29446341323042 -2.220376494572759 6.75
      vertex 47.29446341323042 2.220376494572759 6.75
      vertex 47.525126265847085 -2.4748737341529163 6.75
    endloop
  endfacet
  facet normal 0 0 -1
    outer loop
      vertex 47.77962350542724 -2.7055365867695795 6.75
      vertex 47.525126265847085 -2.4748737341529163 6.75
      vertex 47.525126265847085 2.4748737341529163 6.75
    endloop
  endfacet
  facet normal -0.4275550934302788 -0.903989293123445 0
    outer loop
      vertex 47.87871468428301 -3.9686456895675977 1
      vertex 48.2779245543571 -4.15745789630079 7.75
      vertex 47.87871468428301 -3.9686456895675977 7.75
    endloop
  endfacet
  facet normal -0.33688985339222255 -0.9415440651830198 0
    outer loop
      vertex 48.2779245543571 -4.15745789630079 1
      vertex 48.69371895235492 -4.30623151079494 7.75
      vertex 48.2779245543571 -4.15745789630079 7.75
    endloop
  endfacet
  facet normal -0.24298017990326343 -0.9700312531945441 0
    outer loop
      vertex 48.69371895235492 -4.30623151079494 1
      vertex 49.122093550927424 -4.413533761814537 7.75
      vertex 48.69371895235492 -4.30623151079494 7.75
    endloop
  endfacet
  facet normal 0.5956993044924308 0.8032075314806468 0
    outer loop
      vertex 47.77962350542724 -2.7055365867695795 6.75
      vertex 48.05550418443139 -2.9101436430589085 6.75
      vertex 48.05550418443139 -2.9101436430589085 1
    endloop
  endfacet
  facet normal 0.5141027441932248 0.8577286100002702 0
    outer loop
      vertex 48.05550418443139 -2.9101436430589085 6.75
      vertex 48.350111421109006 -3.0867244252192427 6.75
      vertex 48.350111421109006 -3.0867244252192427 1
    endloop
  endfacet
  facet normal 0.4275550934302807 0.903989293123444 0
    outer loop
      vertex 48.350111421109006 -3.0867244252192427 6.75
      vertex 48.660607986722184 -3.2335783637895035 6.75
      vertex 48.660607986722184 -3.2335783637895035 1
    endloop
  endfacet
  facet normal 0.24298017990326384 0.9700312531945441 0
    outer loop
      vertex 48.98400362960938 -3.349291175062731 6.75
      vertex 49.31718387294355 -3.4327484814113065 6.75
      vertex 49.31718387294355 -3.4327484814113065 1
    endloop
  endfacet
  facet normal 0.14673047445536158 0.989176509964781 0
    outer loop
      vertex 49.31718387294355 -3.4327484814113065 6.75
      vertex 49.65694000884654 -3.483146543352689 6.75
      vertex 49.65694000884654 -3.483146543352689 1
    endloop
  endfacet
  facet normal 0.04906767432741821 0.9987954562051724 0
    outer loop
      vertex 49.65694000884654 -3.483146543352689 6.75
      vertex 50 -3.5 6.75
      vertex 50 -3.5 1
    endloop
  endfacet
  facet normal -0.14673047445536117 -0.989176509964781 0
    outer loop
      vertex 49.122093550927424 -4.413533761814537 1
      vertex 49.55892286851698 -4.478331270024886 7.75
      vertex 49.122093550927424 -4.413533761814537 7.75
    endloop
  endfacet
  facet normal -0.04906767432741864 -0.9987954562051724 0
    outer loop
      vertex 49.55892286851698 -4.478331270024886 1
      vertex 50 -4.5 7.75
      vertex 49.55892286851698 -4.478331270024886 7.75
    endloop
  endfacet
  facet normal 0.3368898533922175 0.9415440651830218 0
    outer loop
      vertex 48.660607986722184 -3.2335783637895035 6.75
      vertex 48.98400362960938 -3.349291175062731 6.75
      vertex 48.98400362960938 -3.349291175062731 1
    endloop
  endfacet
  facet normal 0 0 1
    outer loop
      vertex 47.87871468428301 -3.9686456895675977 7.75
      vertex 48.2779245543571 -4.15745789630079 7.75
      vertex 47.87871468428301 3.9686456895675977 7.75
    endloop
  endfacet
  facet normal 0 0 1
    outer loop
      vertex 48.2779245543571 -4.15745789630079 7.75
      vertex 48.69371895235492 -4.30623151079494 7.75
      vertex 48.2779245543571 4.15745789630079 7.75
    endloop
  endfacet
  facet normal 0 0 1
    outer loop
      vertex 48.69371895235492 -4.30623151079494 7.75
      vertex 49.122093550927424 -4.413533761814537 7.75
      vertex 48.69371895235492 4.30623151079494 7.75
    endloop
  endfacet
  facet normal 0 0 -1
    outer loop
      vertex 47.77962350542724 -2.7055365867695795 6.75
      vertex 47.77962350542724 2.7055365867695795 6.75
      vertex 48.05550418443139 -2.9101436430589085 6.75
    endloop
  endfacet
  facet normal 0 0 -1
    outer loop
      vertex 48.05550418443139 -2.9101436430589085 6.75
      vertex 48.05550418443139 2.9101436430589085 6.75
      vertex 48.350111421109006 -3.0867244252192427 6.75
    endloop
  endfacet
  facet normal 0 0 -1
    outer loop
      vertex 48.350111421109006 -3.0867244252192427 6.75
      vertex 48.350111421109006 3.0867244252192427 6.75
      vertex 48.660607986722184 -3.2335783637895035 6.75
    endloop
  endfacet
  facet normal 0 0 -1
    outer loop
      vertex 48.660607986722184 -3.2335783637895035 6.75
      vertex 48.660607986722184 3.2335783637895035 6.75
      vertex 48.98400362960938 -3.349291175062731 6.75
    endloop
  endfacet
  facet normal 0 0 -1
    outer loop
      vertex 48.98400362960938 -3.349291175062731 6.75
      vertex 48.98400362960938 3.349291175062731 6.75
      vertex 49.31718387294355 -3.4327484814113065 6.75
    endloop
  endfacet
  facet normal 0 0 -1
    outer loop
      vertex 49.31718387294355 -3.4327484814113065 6.75
      vertex 49.31718387294355 3.4327484814113065 6.75
      vertex 49.65694000884654 -3.483146543352689 6.75
    endloop
  endfacet
  facet normal 0 0 -1
    outer loop
      vertex 49.65694000884654 -3.483146543352689 6.75
      vertex 49.65694000884654 3.483146543352689 6.75
      vertex 50 -3.5 6.75
    endloop
  endfacet
  facet normal 0 0 1
    outer loop
      vertex 49.122093550927424 -4.413533761814537 7.75
      vertex 49.55892286851698 -4.478331270024886 7.75
      vertex 49.122093550927424 4.413533761814537 7.75
    endloop
  endfacet
  facet normal 0 0 1
    outer loop
      vertex 49.55892286851698 -4.478331270024886 7.75
      vertex 50 -4.5 7.75
      vertex 49.55892286851698 4.478331270024886 7.75
    endloop
  endfacet
  facet normal 0 0 -1
    outer loop
      vertex 45.52166872997511 -0.44107713148302274 1
      vertex 45.5 0 1
      vertex 45.52166872997511 0.44107713148302274 1
    endloop
  endfacet
  facet normal 0 0 -1
    outer loop
      vertex 45.52166872997511 -0.44107713148302274 1
      vertex 45.52166872997511 0.44107713148302274 1
      vertex 45.586466238185466 0.8779064490725771 1
    endloop
  endfacet
  facet normal 0 0 -1
    outer loop
      vertex 45.586466238185466 -0.8779064490725771 1
      vertex 45.586466238185466 0.8779064490725771 1
      vertex 45.69376848920506 1.3062810476450806 1
    endloop
  endfacet
  facet normal 0 0 -1
    outer loop
      vertex 45.69376848920506 -1.3062810476450806 1
      vertex 45.69376848920506 1.3062810476450806 1
      vertex 45.84254210369921 1.722075445642904 1
    endloop
  endfacet
  facet normal 0 0 -1
    outer loop
      vertex 45.84254210369921 -1.722075445642904 1
      vertex 45.84254210369921 1.722075445642904 1
      vertex 46.031354310432405 2.1212853157169893 1
    endloop
  endfacet
  facet normal 0 0 -1
    outer loop
      vertex 46.25838674463855 -2.50006604858821 1
      vertex 46.52145295986768 2.854769778736405 1
      vertex 46.5 0 1
    endloop
  endfacet
  facet normal 0 0 -1
    outer loop
      vertex 46.031354310432405 -2.1212853157169893 1
      vertex 46.031354310432405 2.1212853157169893 1
      vertex 46.25838674463855 2.50006604858821 1
    endloop
  endfacet
  facet normal 0 0 -1
    outer loop
      vertex 46.25838674463855 -2.50006604858821 1
      vertex 46.25838674463855 2.50006604858821 1
      vertex 46.52145295986768 2.854769778736405 1
    endloop
  endfacet
  facet normal 0 0 -1
    outer loop
      vertex 46.52145295986768 2.854769778736405 1
      vertex 46.51685345664731 0.3430599911534621 1
      vertex 46.5 0 1
    endloop
  endfacet
  facet normal 0 0 -1
    outer loop
      vertex 46.52145295986768 2.854769778736405 1
      vertex 46.56725151858869 0.6828161270564489 1
      vertex 46.51685345664731 0.3430599911534621 1
    endloop
  endfacet
  facet normal 0 0 -1
    outer loop
      vertex 46.52145295986768 2.854769778736405 1
      vertex 46.65070882493727 1.015996370390618 1
      vertex 46.56725151858869 0.6828161270564489 1
    endloop
  endfacet
  facet normal 0 0 -1
    outer loop
      vertex 46.81801948466054 3.1819805153394642 1
      vertex 46.766421636210495 1.3393920132778143 1
      vertex 46.65070882493727 1.015996370390618 1
    endloop
  endfacet
  facet normal 0 0 -1
    outer loop
      vertex 46.81801948466054 3.1819805153394642 1
      vertex 46.913275574780755 1.6498885788909918 1
      vertex 46.766421636210495 1.3393920132778143 1
    endloop
  endfacet
  facet normal -0.9987954562051727 0.04906767432741232 0
    outer loop
      vertex 45.5 0 1
      vertex 45.52166872997511 0.44107713148302274 7.75
      vertex 45.52166872997511 0.44107713148302274 1
    endloop
  endfacet
  facet normal -0.9891765099647792 0.1467304744553735 0
    outer loop
      vertex 45.52166872997511 0.44107713148302274 1
      vertex 45.586466238185466 0.8779064490725771 7.75
      vertex 45.586466238185466 0.8779064490725771 1
    endloop
  endfacet
  facet normal 0.9987954562051724 -0.049067674327419195 0
    outer loop
      vertex 46.51685345664731 0.3430599911534621 6.75
      vertex 46.5 0 1
      vertex 46.51685345664731 0.3430599911534621 1
    endloop
  endfacet
  facet normal 0.9891765099647822 -0.1467304744553532 0
    outer loop
      vertex 46.56725151858869 0.6828161270564489 6.75
      vertex 46.51685345664731 0.3430599911534621 1
      vertex 46.56725151858869 0.6828161270564489 1
    endloop
  endfacet
  facet normal 0.9700312531945424 -0.24298017990326998 0
    outer loop
      vertex 46.65070882493727 1.015996370390618 6.75
      vertex 46.56725151858869 0.6828161270564489 1
      vertex 46.65070882493727 1.015996370390618 1
    endloop
  endfacet
  facet normal -0.9700312531945441 0.24298017990326334 0
    outer loop
      vertex 45.586466238185466 0.8779064490725771 1
      vertex 45.69376848920506 1.3062810476450806 7.75
      vertex 45.69376848920506 1.3062810476450806 1
    endloop
  endfacet
  facet normal -0.9415440651830229 0.336889853392214 0
    outer loop
      vertex 45.69376848920506 1.3062810476450806 1
      vertex 45.84254210369921 1.722075445642904 7.75
      vertex 45.84254210369921 1.722075445642904 1
    endloop
  endfacet
  facet normal -0.9039892931234401 0.42755509343028875 0
    outer loop
      vertex 45.84254210369921 1.722075445642904 1
      vertex 46.031354310432405 2.1212853157169893 7.75
      vertex 46.031354310432405 2.1212853157169893 1
    endloop
  endfacet
  facet normal 0.9415440651830216 -0.33688985339221783 0
    outer loop
      vertex 46.766421636210495 1.3393920132778143 6.75
      vertex 46.65070882493727 1.015996370390618 1
      vertex 46.766421636210495 1.3393920132778143 1
    endloop
  endfacet
  facet normal 0.9039892931234447 -0.4275550934302793 0
    outer loop
      vertex 46.913275574780755 1.6498885788909918 6.75
      vertex 46.766421636210495 1.3393920132778143 1
      vertex 46.913275574780755 1.6498885788909918 1
    endloop
  endfacet
  facet normal 0.8577286100002698 -0.5141027441932258 0
    outer loop
      vertex 47.08985635694109 1.9444958155686076 6.75
      vertex 46.913275574780755 1.6498885788909918 1
      vertex 47.08985635694109 1.9444958155686076 1
    endloop
  endfacet
  facet normal 0.8032075314806487 -0.5956993044924284 0
    outer loop
      vertex 47.29446341323042 2.220376494572759 6.75
      vertex 47.08985635694109 1.9444958155686076 1
      vertex 47.29446341323042 2.220376494572759 1
    endloop
  endfacet
  facet normal 0 0 -1
    outer loop
      vertex 46.52145295986768 2.854769778736405 1
      vertex 46.81801948466054 3.1819805153394642 1
      vertex 46.65070882493727 1.015996370390618 1
    endloop
  endfacet
  facet normal 0 0 -1
    outer loop
      vertex 47.145230221263596 3.4785470401323164 1
      vertex 47.08985635694109 1.9444958155686076 1
      vertex 46.913275574780755 1.6498885788909918 1
    endloop
  endfacet
  facet normal 0 0 -1
    outer loop
      vertex 46.81801948466054 3.1819805153394642 1
      vertex 47.145230221263596 3.4785470401323164 1
      vertex 46.913275574780755 1.6498885788909918 1
    endloop
  endfacet
  facet normal 0 0 -1
    outer loop
      vertex 47.145230221263596 3.4785470401323164 1
      vertex 47.29446341323042 2.220376494572759 1
      vertex 47.08985635694109 1.9444958155686076 1
    endloop
  endfacet
  facet normal 0 0 -1
    outer loop
      vertex 47.49993395141179 3.7416132553614534 1
      vertex 47.525126265847085 2.4748737341529163 1
      vertex 47.29446341323042 2.220376494572759 1
    endloop
  endfacet
  facet normal 0 0 -1
    outer loop
      vertex 47.145230221263596 3.4785470401323164 1
      vertex 47.49993395141179 3.7416132553614534 1
      vertex 47.29446341323042 2.220376494572759 1
    endloop
  endfacet
  facet normal 0 0 -1
    outer loop
      vertex 47.49993395141179 3.7416132553614534 1
      vertex 47.77962350542724 2.7055365867695795 1
      vertex 47.525126265847085 2.4748737341529163 1
    endloop
  endfacet
  facet normal 0 0 -1
    outer loop
      vertex 47.49993395141179 3.7416132553614534 1
      vertex 47.87871468428301 3.9686456895675977 1
      vertex 47.77962350542724 2.7055365867695795 1
    endloop
  endfacet
  facet normal -0.8577286100002717 0.5141027441932221 0
    outer loop
      vertex 46.031354310432405 2.1212853157169893 1
      vertex 46.25838674463855 2.50006604858821 7.75
      vertex 46.25838674463855 2.50006604858821 1
    endloop
  endfacet
  facet normal -0.8032075314806523 0.5956993044924236 0
    outer loop
      vertex 46.25838674463855 2.50006604858821 1
      vertex 46.52145295986768 2.854769778736405 7.75
      vertex 46.52145295986768 2.854769778736405 1
    endloop
  endfacet
  facet normal -0.7409511253549527 0.6715589548470254 0
    outer loop
      vertex 46.52145295986768 2.854769778736405 1
      vertex 46.81801948466054 3.1819805153394642 7.75
      vertex 46.81801948466054 3.1819805153394642 1
    endloop
  endfacet
  facet normal -0.6715589548470207 0.740951125354957 0
    outer loop
      vertex 46.81801948466054 3.1819805153394642 1
      vertex 46.81801948466054 3.1819805153394642 7.75
      vertex 47.145230221263596 3.4785470401323164 1
    endloop
  endfacet
  facet normal 0.7409511253549527 -0.6715589548470255 0
    outer loop
      vertex 47.525126265847085 2.4748737341529163 6.75
      vertex 47.29446341323042 2.220376494572759 1
      vertex 47.525126265847085 2.4748737341529163 1
    endloop
  endfacet
  facet normal 0.6715589548470235 -0.7409511253549543 0
    outer loop
      vertex 47.77962350542724 2.7055365867695795 6.75
      vertex 47.525126265847085 2.4748737341529163 1
      vertex 47.77962350542724 2.7055365867695795 1
    endloop
  endfacet
  facet normal -0.5956993044924327 0.8032075314806454 0
    outer loop
      vertex 47.145230221263596 3.4785470401323164 1
      vertex 47.145230221263596 3.4785470401323164 7.75
      vertex 47.49993395141179 3.7416132553614534 1
    endloop
  endfacet
  facet normal -0.5141027441932221 0.8577286100002717 0
    outer loop
      vertex 47.49993395141179 3.7416132553614534 1
      vertex 47.49993395141179 3.7416132553614534 7.75
      vertex 47.87871468428301 3.9686456895675977 1
    endloop
  endfacet
  facet normal 0 0 -1
    outer loop
      vertex 47.87871468428301 3.9686456895675977 1
      vertex 48.05550418443139 2.9101436430589085 1
      vertex 47.77962350542724 2.7055365867695795 1
    endloop
  endfacet
  facet normal 0 0 -1
    outer loop
      vertex 48.2779245543571 4.15745789630079 1
      vertex 48.350111421109006 3.0867244252192427 1
      vertex 48.05550418443139 2.9101436430589085 1
    endloop
  endfacet
  facet normal 0 0 -1
    outer loop
      vertex 47.87871468428301 3.9686456895675977 1
      vertex 48.2779245543571 4.15745789630079 1
      vertex 48.05550418443139 2.9101436430589085 1
    endloop
  endfacet
  facet normal 0 0 -1
    outer loop
      vertex 48.69371895235492 4.30623151079494 1
      vertex 48.660607986722184 3.2335783637895035 1
      vertex 48.350111421109006 3.0867244252192427 1
    endloop
  endfacet
  facet normal 0 0 -1
    outer loop
      vertex 48.2779245543571 4.15745789630079 1
      vertex 48.69371895235492 4.30623151079494 1
      vertex 48.350111421109006 3.0867244252192427 1
    endloop
  endfacet
  facet normal 0 0 -1
    outer loop
      vertex 48.69371895235492 4.30623151079494 1
      vertex 48.98400362960938 3.349291175062731 1
      vertex 48.660607986722184 3.2335783637895035 1
    endloop
  endfacet
  facet normal 0 0 -1
    outer loop
      vertex 49.122093550927424 4.413533761814537 1
      vertex 49.31718387294355 3.4327484814113065 1
      vertex 48.98400362960938 3.349291175062731 1
    endloop
  endfacet
  facet normal 0 0 -1
    outer loop
      vertex 48.69371895235492 4.30623151079494 1
      vertex 49.122093550927424 4.413533761814537 1
      vertex 48.98400362960938 3.349291175062731 1
    endloop
  endfacet
  facet normal 0 0 -1
    outer loop
      vertex 49.122093550927424 4.413533761814537 1
      vertex 49.55892286851698 4.478331270024886 1
      vertex 49.31718387294355 3.4327484814113065 1
    endloop
  endfacet
  facet normal 0 0 -1
    outer loop
      vertex 49.55892286851698 4.478331270024886 1
      vertex 49.65694000884654 3.483146543352689 1
      vertex 49.31718387294355 3.4327484814113065 1
    endloop
  endfacet
  facet normal 0 0 -1
    outer loop
      vertex 50 4.5 1
      vertex 50 3.5 1
      vertex 49.65694000884654 3.483146543352689 1
    endloop
  endfacet
  facet normal 0 0 -1
    outer loop
      vertex 49.55892286851698 4.478331270024886 1
      vertex 50 4.5 1
      vertex 49.65694000884654 3.483146543352689 1
    endloop
  endfacet
  facet normal 0.5956993044924308 -0.8032075314806468 0
    outer loop
      vertex 48.05550418443139 2.9101436430589085 6.75
      vertex 47.77962350542724 2.7055365867695795 1
      vertex 48.05550418443139 2.9101436430589085 1
    endloop
  endfacet
  facet normal 0.5141027441932248 -0.8577286100002702 0
    outer loop
      vertex 48.350111421109006 3.0867244252192427 6.75
      vertex 48.05550418443139 2.9101436430589085 1
      vertex 48.350111421109006 3.0867244252192427 1
    endloop
  endfacet
  facet normal 0.4275550934302807 -0.903989293123444 0
    outer loop
      vertex 48.660607986722184 3.2335783637895035 6.75
      vertex 48.350111421109006 3.0867244252192427 1
      vertex 48.660607986722184 3.2335783637895035 1
    endloop
  endfacet
  facet normal -0.4275550934302788 0.903989293123445 0
    outer loop
      vertex 47.87871468428301 3.9686456895675977 1
      vertex 47.87871468428301 3.9686456895675977 7.75
      vertex 48.2779245543571 4.15745789630079 1
    endloop
  endfacet
  facet normal -0.33688985339222255 0.9415440651830198 0
    outer loop
      vertex 48.2779245543571 4.15745789630079 1
      vertex 48.2779245543571 4.15745789630079 7.75
      vertex 48.69371895235492 4.30623151079494 1
    endloop
  endfacet
  facet normal -0.24298017990326343 0.9700312531945441 0
    outer loop
      vertex 48.69371895235492 4.30623151079494 1
      vertex 48.69371895235492 4.30623151079494 7.75
      vertex 49.122093550927424 4.413533761814537 1
    endloop
  endfacet
  facet normal 0.3368898533922175 -0.9415440651830218 0
    outer loop
      vertex 48.98400362960938 3.349291175062731 6.75
      vertex 48.660607986722184 3.2335783637895035 1
      vertex 48.98400362960938 3.349291175062731 1
    endloop
  endfacet
  facet normal 0.24298017990326384 -0.9700312531945441 0
    outer loop
      vertex 49.31718387294355 3.4327484814113065 6.75
      vertex 48.98400362960938 3.349291175062731 1
      vertex 49.31718387294355 3.4327484814113065 1
    endloop
  endfacet
  facet normal -0.14673047445536117 0.989176509964781 0
    outer loop
      vertex 49.122093550927424 4.413533761814537 1
      vertex 49.122093550927424 4.413533761814537 7.75
      vertex 49.55892286851698 4.478331270024886 1
    endloop
  endfacet
  facet normal 0.14673047445536158 -0.989176509964781 0
    outer loop
      vertex 49.65694000884654 3.483146543352689 6.75
      vertex 49.31718387294355 3.4327484814113065 1
      vertex 49.65694000884654 3.483146543352689 1
    endloop
  endfacet
  facet normal 0.04906767432741821 -0.9987954562051724 0
    outer loop
      vertex 50 3.5 6.75
      vertex 49.65694000884654 3.483146543352689 1
      vertex 50 3.5 1
    endloop
  endfacet
  facet normal -0.04906767432741864 0.9987954562051724 0
    outer loop
      vertex 49.55892286851698 4.478331270024886 1
      vertex 49.55892286851698 4.478331270024886 7.75
      vertex 50 4.5 1
    endloop
  endfacet
  facet normal 0.9987954562051724 -0.049067674327419195 0
    outer loop
      vertex 46.5 0 6.75
      vertex 46.5 0 1
      vertex 46.51685345664731 0.3430599911534621 6.75
    endloop
  endfacet
  facet normal 0.9891765099647822 -0.1467304744553532 0
    outer loop
      vertex 46.51685345664731 0.3430599911534621 6.75
      vertex 46.51685345664731 0.3430599911534621 1
      vertex 46.56725151858869 0.6828161270564489 6.75
    endloop
  endfacet
  facet normal 0.9700312531945424 -0.24298017990326998 0
    outer loop
      vertex 46.56725151858869 0.6828161270564489 6.75
      vertex 46.56725151858869 0.6828161270564489 1
      vertex 46.65070882493727 1.015996370390618 6.75
    endloop
  endfacet
  facet normal -0.9987954562051727 0.04906767432741232 0
    outer loop
      vertex 45.5 0 1
      vertex 45.5 0 7.75
      vertex 45.52166872997511 0.44107713148302274 7.75
    endloop
  endfacet
  facet normal -0.9891765099647792 0.1467304744553735 0
    outer loop
      vertex 45.52166872997511 0.44107713148302274 1
      vertex 45.52166872997511 0.44107713148302274 7.75
      vertex 45.586466238185466 0.8779064490725771 7.75
    endloop
  endfacet
  facet normal -0.9700312531945441 0.24298017990326334 0
    outer loop
      vertex 45.586466238185466 0.8779064490725771 1
      vertex 45.586466238185466 0.8779064490725771 7.75
      vertex 45.69376848920506 1.3062810476450806 7.75
    endloop
  endfacet
  facet normal -0.9415440651830229 0.336889853392214 0
    outer loop
      vertex 45.69376848920506 1.3062810476450806 1
      vertex 45.69376848920506 1.3062810476450806 7.75
      vertex 45.84254210369921 1.722075445642904 7.75
    endloop
  endfacet
  facet normal -0.9039892931234401 0.42755509343028875 0
    outer loop
      vertex 45.84254210369921 1.722075445642904 1
      vertex 45.84254210369921 1.722075445642904 7.75
      vertex 46.031354310432405 2.1212853157169893 7.75
    endloop
  endfacet
  facet normal -0.8577286100002717 0.5141027441932221 0
    outer loop
      vertex 46.031354310432405 2.1212853157169893 1
      vertex 46.031354310432405 2.1212853157169893 7.75
      vertex 46.25838674463855 2.50006604858821 7.75
    endloop
  endfacet
  facet normal 0.9415440651830216 -0.33688985339221783 0
    outer loop
      vertex 46.65070882493727 1.015996370390618 6.75
      vertex 46.65070882493727 1.015996370390618 1
      vertex 46.766421636210495 1.3393920132778143 6.75
    endloop
  endfacet
  facet normal 0.9039892931234447 -0.4275550934302793 0
    outer loop
      vertex 46.766421636210495 1.3393920132778143 6.75
      vertex 46.766421636210495 1.3393920132778143 1
      vertex 46.913275574780755 1.6498885788909918 6.75
    endloop
  endfacet
  facet normal 0.8577286100002698 -0.5141027441932258 0
    outer loop
      vertex 46.913275574780755 1.6498885788909918 6.75
      vertex 46.913275574780755 1.6498885788909918 1
      vertex 47.08985635694109 1.9444958155686076 6.75
    endloop
  endfacet
  facet normal 0.8032075314806487 -0.5956993044924284 0
    outer loop
      vertex 47.08985635694109 1.9444958155686076 6.75
      vertex 47.08985635694109 1.9444958155686076 1
      vertex 47.29446341323042 2.220376494572759 6.75
    endloop
  endfacet
  facet normal 0 0 -1
    outer loop
      vertex 46.51685345664731 -0.3430599911534621 6.75
      vertex 46.5 0 6.75
      vertex 46.51685345664731 0.3430599911534621 6.75
    endloop
  endfacet
  facet normal 0 0 -1
    outer loop
      vertex 46.56725151858869 -0.6828161270564489 6.75
      vertex 46.51685345664731 0.3430599911534621 6.75
      vertex 46.56725151858869 0.6828161270564489 6.75
    endloop
  endfacet
  facet normal 0 0 -1
    outer loop
      vertex 46.65070882493727 -1.015996370390618 6.75
      vertex 46.56725151858869 0.6828161270564489 6.75
      vertex 46.65070882493727 1.015996370390618 6.75
    endloop
  endfacet
  facet normal 0 0 1
    outer loop
      vertex 45.52166872997511 -0.44107713148302274 7.75
      vertex 45.52166872997511 0.44107713148302274 7.75
      vertex 45.5 0 7.75
    endloop
  endfacet
  facet normal 0 0 1
    outer loop
      vertex 45.586466238185466 -0.8779064490725771 7.75
      vertex 45.586466238185466 0.8779064490725771 7.75
      vertex 45.52166872997511 0.44107713148302274 7.75
    endloop
  endfacet
  facet normal 0 0 1
    outer loop
      vertex 45.69376848920506 -1.3062810476450806 7.75
      vertex 45.69376848920506 1.3062810476450806 7.75
      vertex 45.586466238185466 0.8779064490725771 7.75
    endloop
  endfacet
  facet normal 0 0 1
    outer loop
      vertex 45.84254210369921 -1.722075445642904 7.75
      vertex 45.84254210369921 1.722075445642904 7.75
      vertex 45.69376848920506 1.3062810476450806 7.75
    endloop
  endfacet
  facet normal 0 0 1
    outer loop
      vertex 46.031354310432405 -2.1212853157169893 7.75
      vertex 46.031354310432405 2.1212853157169893 7.75
      vertex 45.84254210369921 1.722075445642904 7.75
    endloop
  endfacet
  facet normal 0 0 1
    outer loop
      vertex 46.25838674463855 -2.50006604858821 7.75
      vertex 46.25838674463855 2.50006604858821 7.75
      vertex 46.031354310432405 2.1212853157169893 7.75
    endloop
  endfacet
  facet normal 0 0 1
    outer loop
      vertex 46.52145295986768 -2.854769778736405 7.75
      vertex 46.52145295986768 2.854769778736405 7.75
      vertex 46.25838674463855 2.50006604858821 7.75
    endloop
  endfacet
  facet normal 0 0 -1
    outer loop
      vertex 46.766421636210495 -1.3393920132778143 6.75
      vertex 46.65070882493727 1.015996370390618 6.75
      vertex 46.766421636210495 1.3393920132778143 6.75
    endloop
  endfacet
  facet normal 0 0 -1
    outer loop
      vertex 46.913275574780755 -1.6498885788909918 6.75
      vertex 46.766421636210495 1.3393920132778143 6.75
      vertex 46.913275574780755 1.6498885788909918 6.75
    endloop
  endfacet
  facet normal 0 0 -1
    outer loop
      vertex 47.08985635694109 -1.9444958155686076 6.75
      vertex 46.913275574780755 1.6498885788909918 6.75
      vertex 47.08985635694109 1.9444958155686076 6.75
    endloop
  endfacet
  facet normal 0 0 -1
    outer loop
      vertex 47.29446341323042 -2.220376494572759 6.75
      vertex 47.08985635694109 1.9444958155686076 6.75
      vertex 47.29446341323042 2.220376494572759 6.75
    endloop
  endfacet
  facet normal 0 0 -1
    outer loop
      vertex 47.525126265847085 -2.4748737341529163 6.75
      vertex 47.29446341323042 2.220376494572759 6.75
      vertex 47.525126265847085 2.4748737341529163 6.75
    endloop
  endfacet
  facet normal 0 0 -1
    outer loop
      vertex 47.77962350542724 -2.7055365867695795 6.75
      vertex 47.525126265847085 2.4748737341529163 6.75
      vertex 47.77962350542724 2.7055365867695795 6.75
    endloop
  endfacet
  facet normal 0 0 1
    outer loop
      vertex 46.81801948466054 -3.1819805153394642 7.75
      vertex 46.81801948466054 3.1819805153394642 7.75
      vertex 46.52145295986768 2.854769778736405 7.75
    endloop
  endfacet
  facet normal 0 0 1
    outer loop
      vertex 47.145230221263596 -3.4785470401323164 7.75
      vertex 47.145230221263596 3.4785470401323164 7.75
      vertex 46.81801948466054 3.1819805153394642 7.75
    endloop
  endfacet
  facet normal 0 0 1
    outer loop
      vertex 47.49993395141179 -3.7416132553614534 7.75
      vertex 47.49993395141179 3.7416132553614534 7.75
      vertex 47.145230221263596 3.4785470401323164 7.75
    endloop
  endfacet
  facet normal -0.8032075314806523 0.5956993044924236 0
    outer loop
      vertex 46.25838674463855 2.50006604858821 1
      vertex 46.25838674463855 2.50006604858821 7.75
      vertex 46.52145295986768 2.854769778736405 7.75
    endloop
  endfacet
  facet normal -0.7409511253549527 0.6715589548470254 0
    outer loop
      vertex 46.52145295986768 2.854769778736405 1
      vertex 46.52145295986768 2.854769778736405 7.75
      vertex 46.81801948466054 3.1819805153394642 7.75
    endloop
  endfacet
  facet normal 0.7409511253549527 -0.6715589548470255 0
    outer loop
      vertex 47.29446341323042 2.220376494572759 6.75
      vertex 47.29446341323042 2.220376494572759 1
      vertex 47.525126265847085 2.4748737341529163 6.75
    endloop
  endfacet
  facet normal 0.6715589548470235 -0.7409511253549543 0
    outer loop
      vertex 47.525126265847085 2.4748737341529163 6.75
      vertex 47.525126265847085 2.4748737341529163 1
      vertex 47.77962350542724 2.7055365867695795 6.75
    endloop
  endfacet
  facet normal -0.6715589548470207 0.740951125354957 0
    outer loop
      vertex 47.145230221263596 3.4785470401323164 1
      vertex 46.81801948466054 3.1819805153394642 7.75
      vertex 47.145230221263596 3.4785470401323164 7.75
    endloop
  endfacet
  facet normal -0.5956993044924327 0.8032075314806454 0
    outer loop
      vertex 47.49993395141179 3.7416132553614534 1
      vertex 47.145230221263596 3.4785470401323164 7.75
      vertex 47.49993395141179 3.7416132553614534 7.75
    endloop
  endfacet
  facet normal 0 0 -1
    outer loop
      vertex 48.05550418443139 -2.9101436430589085 6.75
      vertex 47.77962350542724 2.7055365867695795 6.75
      vertex 48.05550418443139 2.9101436430589085 6.75
    endloop
  endfacet
  facet normal 0 0 -1
    outer loop
      vertex 48.350111421109006 -3.0867244252192427 6.75
      vertex 48.05550418443139 2.9101436430589085 6.75
      vertex 48.350111421109006 3.0867244252192427 6.75
    endloop
  endfacet
  facet normal 0 0 -1
    outer loop
      vertex 48.660607986722184 -3.2335783637895035 6.75
      vertex 48.350111421109006 3.0867244252192427 6.75
      vertex 48.660607986722184 3.2335783637895035 6.75
    endloop
  endfacet
  facet normal 0 0 1
    outer loop
      vertex 47.87871468428301 -3.9686456895675977 7.75
      vertex 47.87871468428301 3.9686456895675977 7.75
      vertex 47.49993395141179 3.7416132553614534 7.75
    endloop
  endfacet
  facet normal 0 0 1
    outer loop
      vertex 48.2779245543571 -4.15745789630079 7.75
      vertex 48.2779245543571 4.15745789630079 7.75
      vertex 47.87871468428301 3.9686456895675977 7.75
    endloop
  endfacet
  facet normal 0 0 1
    outer loop
      vertex 48.69371895235492 -4.30623151079494 7.75
      vertex 48.69371895235492 4.30623151079494 7.75
      vertex 48.2779245543571 4.15745789630079 7.75
    endloop
  endfacet
  facet normal 0 0 -1
    outer loop
      vertex 48.98400362960938 -3.349291175062731 6.75
      vertex 48.660607986722184 3.2335783637895035 6.75
      vertex 48.98400362960938 3.349291175062731 6.75
    endloop
  endfacet
  facet normal 0 0 -1
    outer loop
      vertex 49.31718387294355 -3.4327484814113065 6.75
      vertex 48.98400362960938 3.349291175062731 6.75
      vertex 49.31718387294355 3.4327484814113065 6.75
    endloop
  endfacet
  facet normal 0 0 -1
    outer loop
      vertex 49.65694000884654 -3.483146543352689 6.75
      vertex 49.31718387294355 3.4327484814113065 6.75
      vertex 49.65694000884654 3.483146543352689 6.75
    endloop
  endfacet
  facet normal 0 0 -1
    outer loop
      vertex 49.65694000884654 3.483146543352689 6.75
      vertex 50 3.5 6.75
      vertex 50 -3.5 6.75
    endloop
  endfacet
  facet normal 0 0 1
    outer loop
      vertex 49.122093550927424 -4.413533761814537 7.75
      vertex 49.122093550927424 4.413533761814537 7.75
      vertex 48.69371895235492 4.30623151079494 7.75
    endloop
  endfacet
  facet normal 0 0 1
    outer loop
      vertex 49.55892286851698 -4.478331270024886 7.75
      vertex 49.55892286851698 4.478331270024886 7.75
      vertex 49.122093550927424 4.413533761814537 7.75
    endloop
  endfacet
  facet normal 0 0 1
    outer loop
      vertex 49.55892286851698 4.478331270024886 7.75
      vertex 50 -4.5 7.75
      vertex 50 4.5 7.75
    endloop
  endfacet
  facet normal 0.5956993044924308 -0.8032075314806468 0
    outer loop
      vertex 47.77962350542724 2.7055365867695795 6.75
      vertex 47.77962350542724 2.7055365867695795 1
      vertex 48.05550418443139 2.9101436430589085 6.75
    endloop
  endfacet
  facet normal 0.5141027441932248 -0.8577286100002702 0
    outer loop
      vertex 48.05550418443139 2.9101436430589085 6.75
      vertex 48.05550418443139 2.9101436430589085 1
      vertex 48.350111421109006 3.0867244252192427 6.75
    endloop
  endfacet
  facet normal 0.4275550934302807 -0.903989293123444 0
    outer loop
      vertex 48.350111421109006 3.0867244252192427 6.75
      vertex 48.350111421109006 3.0867244252192427 1
      vertex 48.660607986722184 3.2335783637895035 6.75
    endloop
  endfacet
  facet normal 0.3368898533922175 -0.9415440651830218 0
    outer loop
      vertex 48.660607986722184 3.2335783637895035 6.75
      vertex 48.660607986722184 3.2335783637895035 1
      vertex 48.98400362960938 3.349291175062731 6.75
    endloop
  endfacet
  facet normal -0.5141027441932221 0.8577286100002717 0
    outer loop
      vertex 47.87871468428301 3.9686456895675977 1
      vertex 47.49993395141179 3.7416132553614534 7.75
      vertex 47.87871468428301 3.9686456895675977 7.75
    endloop
  endfacet
  facet normal -0.4275550934302788 0.903989293123445 0
    outer loop
      vertex 48.2779245543571 4.15745789630079 1
      vertex 47.87871468428301 3.9686456895675977 7.75
      vertex 48.2779245543571 4.15745789630079 7.75
    endloop
  endfacet
  facet normal -0.33688985339222255 0.9415440651830198 0
    outer loop
      vertex 48.69371895235492 4.30623151079494 1
      vertex 48.2779245543571 4.15745789630079 7.75
      vertex 48.69371895235492 4.30623151079494 7.75
    endloop
  endfacet
  facet normal 0.24298017990326384 -0.9700312531945441 0
    outer loop
      vertex 48.98400362960938 3.349291175062731 6.75
      vertex 48.98400362960938 3.349291175062731 1
      vertex 49.31718387294355 3.4327484814113065 6.75
    endloop
  endfacet
  facet normal 0.14673047445536158 -0.989176509964781 0
    outer loop
      vertex 49.31718387294355 3.4327484814113065 6.75
      vertex 49.31718387294355 3.4327484814113065 1
      vertex 49.65694000884654 3.483146543352689 6.75
    endloop
  endfacet
  facet normal 0.04906767432741821 -0.9987954562051724 0
    outer loop
      vertex 49.65694000884654 3.483146543352689 6.75
      vertex 49.65694000884654 3.483146543352689 1
      vertex 50 3.5 6.75
    endloop
  endfacet
  facet normal -0.24298017990326343 0.9700312531945441 0
    outer loop
      vertex 49.122093550927424 4.413533761814537 1
      vertex 48.69371895235492 4.30623151079494 7.75
      vertex 49.122093550927424 4.413533761814537 7.75
    endloop
  endfacet
  facet normal -0.14673047445536117 0.989176509964781 0
    outer loop
      vertex 49.55892286851698 4.478331270024886 1
      vertex 49.122093550927424 4.413533761814537 7.75
      vertex 49.55892286851698 4.478331270024886 7.75
    endloop
  endfacet
  facet normal -0.04906767432741864 0.9987954562051724 0
    outer loop
      vertex 49.55892286851698 4.478331270024886 7.75
      vertex 50 4.5 7.75
      vertex 50 4.5 1
    endloop
  endfacet
  facet normal 0 0 -1
    outer loop
      vertex 50 -4.5 1
      vertex 50.34305999115346 -3.483146543352689 1
      vertex 50.44107713148302 -4.478331270024886 1
    endloop
  endfacet
  facet normal 0 0 -1
    outer loop
      vertex 50 -4.5 1
      vertex 50 -3.5 1
      vertex 50.34305999115346 -3.483146543352689 1
    endloop
  endfacet
  facet normal 0 0 -1
    outer loop
      vertex 50.44107713148302 -4.478331270024886 1
      vertex 50.34305999115346 -3.483146543352689 1
      vertex 50.68281612705645 -3.4327484814113065 1
    endloop
  endfacet
  facet normal 0 0 -1
    outer loop
      vertex 50.44107713148302 -4.478331270024886 1
      vertex 50.68281612705645 -3.4327484814113065 1
      vertex 50.877906449072576 -4.413533761814537 1
    endloop
  endfacet
  facet normal 0 0 -1
    outer loop
      vertex 50.877906449072576 -4.413533761814537 1
      vertex 51.01599637039062 -3.349291175062731 1
      vertex 51.30628104764508 -4.30623151079494 1
    endloop
  endfacet
  facet normal 0 0 -1
    outer loop
      vertex 50.877906449072576 -4.413533761814537 1
      vertex 50.68281612705645 -3.4327484814113065 1
      vertex 51.01599637039062 -3.349291175062731 1
    endloop
  endfacet
  facet normal 0 0 -1
    outer loop
      vertex 51.30628104764508 -4.30623151079494 1
      vertex 51.01599637039062 -3.349291175062731 1
      vertex 51.339392013277816 -3.2335783637895035 1
    endloop
  endfacet
  facet normal 0 0 -1
    outer loop
      vertex 51.30628104764508 -4.30623151079494 1
      vertex 51.649888578890994 -3.0867244252192427 1
      vertex 51.7220754456429 -4.15745789630079 1
    endloop
  endfacet
  facet normal 0 0 -1
    outer loop
      vertex 51.30628104764508 -4.30623151079494 1
      vertex 51.339392013277816 -3.2335783637895035 1
      vertex 51.649888578890994 -3.0867244252192427 1
    endloop
  endfacet
  facet normal 0 0 -1
    outer loop
      vertex 51.7220754456429 -4.15745789630079 1
      vertex 51.94449581556861 -2.9101436430589085 1
      vertex 52.12128531571699 -3.9686456895675977 1
    endloop
  endfacet
  facet normal 0 0 -1
    outer loop
      vertex 51.7220754456429 -4.15745789630079 1
      vertex 51.649888578890994 -3.0867244252192427 1
      vertex 51.94449581556861 -2.9101436430589085 1
    endloop
  endfacet
  facet normal 0 0 -1
    outer loop
      vertex 52.12128531571699 -3.9686456895675977 1
      vertex 51.94449581556861 -2.9101436430589085 1
      vertex 52.22037649457276 -2.7055365867695795 1
    endloop
  endfacet
  facet normal 0.04906767432741864 -0.9987954562051724 0
    outer loop
      vertex 50 -4.5 1
      vertex 50.44107713148302 -4.478331270024886 1
      vertex 50.44107713148302 -4.478331270024886 7.75
    endloop
  endfacet
  facet normal -0.04906767432741821 0.9987954562051724 0
    outer loop
      vertex 50 -3.5 6.75
      vertex 50.34305999115346 -3.483146543352689 1
      vertex 50 -3.5 1
    endloop
  endfacet
  facet normal -0.14673047445536158 0.989176509964781 0
    outer loop
      vertex 50.34305999115346 -3.483146543352689 6.75
      vertex 50.68281612705645 -3.4327484814113065 1
      vertex 50.34305999115346 -3.483146543352689 1
    endloop
  endfacet
  facet normal 0.14673047445536117 -0.989176509964781 0
    outer loop
      vertex 50.44107713148302 -4.478331270024886 1
      vertex 50.877906449072576 -4.413533761814537 1
      vertex 50.877906449072576 -4.413533761814537 7.75
    endloop
  endfacet
  facet normal -0.24298017990326384 0.9700312531945441 0
    outer loop
      vertex 50.68281612705645 -3.4327484814113065 6.75
      vertex 51.01599637039062 -3.349291175062731 1
      vertex 50.68281612705645 -3.4327484814113065 1
    endloop
  endfacet
  facet normal -0.3368898533922175 0.9415440651830218 0
    outer loop
      vertex 51.01599637039062 -3.349291175062731 6.75
      vertex 51.339392013277816 -3.2335783637895035 1
      vertex 51.01599637039062 -3.349291175062731 1
    endloop
  endfacet
  facet normal 0.24298017990326343 -0.9700312531945441 0
    outer loop
      vertex 50.877906449072576 -4.413533761814537 1
      vertex 51.30628104764508 -4.30623151079494 1
      vertex 51.30628104764508 -4.30623151079494 7.75
    endloop
  endfacet
  facet normal 0.33688985339222255 -0.9415440651830198 0
    outer loop
      vertex 51.30628104764508 -4.30623151079494 1
      vertex 51.7220754456429 -4.15745789630079 1
      vertex 51.7220754456429 -4.15745789630079 7.75
    endloop
  endfacet
  facet normal 0.4275550934302788 -0.903989293123445 0
    outer loop
      vertex 51.7220754456429 -4.15745789630079 1
      vertex 52.12128531571699 -3.9686456895675977 1
      vertex 52.12128531571699 -3.9686456895675977 7.75
    endloop
  endfacet
  facet normal -0.4275550934302807 0.903989293123444 0
    outer loop
      vertex 51.339392013277816 -3.2335783637895035 6.75
      vertex 51.649888578890994 -3.0867244252192427 1
      vertex 51.339392013277816 -3.2335783637895035 1
    endloop
  endfacet
  facet normal -0.5141027441932248 0.8577286100002702 0
    outer loop
      vertex 51.649888578890994 -3.0867244252192427 6.75
      vertex 51.94449581556861 -2.9101436430589085 1
      vertex 51.649888578890994 -3.0867244252192427 1
    endloop
  endfacet
  facet normal -0.5956993044924308 0.8032075314806468 0
    outer loop
      vertex 51.94449581556861 -2.9101436430589085 6.75
      vertex 52.22037649457276 -2.7055365867695795 1
      vertex 51.94449581556861 -2.9101436430589085 1
    endloop
  endfacet
  facet normal 0 0 -1
    outer loop
      vertex 52.12128531571699 -3.9686456895675977 1
      vertex 52.22037649457276 -2.7055365867695795 1
      vertex 52.50006604858821 -3.7416132553614534 1
    endloop
  endfacet
  facet normal 0 0 -1
    outer loop
      vertex 52.50006604858821 -3.7416132553614534 1
      vertex 52.22037649457276 -2.7055365867695795 1
      vertex 52.474873734152915 -2.4748737341529163 1
    endloop
  endfacet
  facet normal 0 0 -1
    outer loop
      vertex 52.50006604858821 -3.7416132553614534 1
      vertex 52.70553658676958 -2.220376494572759 1
      vertex 52.854769778736404 -3.4785470401323164 1
    endloop
  endfacet
  facet normal 0 0 -1
    outer loop
      vertex 52.50006604858821 -3.7416132553614534 1
      vertex 52.474873734152915 -2.4748737341529163 1
      vertex 52.70553658676958 -2.220376494572759 1
    endloop
  endfacet
  facet normal 0 0 -1
    outer loop
      vertex 52.854769778736404 -3.4785470401323164 1
      vertex 52.70553658676958 -2.220376494572759 1
      vertex 52.91014364305891 -1.9444958155686076 1
    endloop
  endfacet
  facet normal 0 0 -1
    outer loop
      vertex 52.854769778736404 -3.4785470401323164 1
      vertex 53.086724425219245 -1.6498885788909918 1
      vertex 53.18198051533946 -3.1819805153394642 1
    endloop
  endfacet
  facet normal 0 0 -1
    outer loop
      vertex 52.854769778736404 -3.4785470401323164 1
      vertex 52.91014364305891 -1.9444958155686076 1
      vertex 53.086724425219245 -1.6498885788909918 1
    endloop
  endfacet
  facet normal 0 0 -1
    outer loop
      vertex 53.18198051533946 -3.1819805153394642 1
      vertex 53.34929117506273 -1.015996370390618 1
      vertex 53.47854704013232 -2.854769778736405 1
    endloop
  endfacet
  facet normal 0.5141027441932221 -0.8577286100002717 0
    outer loop
      vertex 52.12128531571699 -3.9686456895675977 1
      vertex 52.50006604858821 -3.7416132553614534 1
      vertex 52.50006604858821 -3.7416132553614534 7.75
    endloop
  endfacet
  facet normal 0.5956993044924327 -0.8032075314806454 0
    outer loop
      vertex 52.50006604858821 -3.7416132553614534 1
      vertex 52.854769778736404 -3.4785470401323164 1
      vertex 52.854769778736404 -3.4785470401323164 7.75
    endloop
  endfacet
  facet normal -0.6715589548470235 0.7409511253549543 0
    outer loop
      vertex 52.22037649457276 -2.7055365867695795 6.75
      vertex 52.474873734152915 -2.4748737341529163 1
      vertex 52.22037649457276 -2.7055365867695795 1
    endloop
  endfacet
  facet normal -0.7409511253549527 0.6715589548470255 0
    outer loop
      vertex 52.474873734152915 -2.4748737341529163 6.75
      vertex 52.70553658676958 -2.220376494572759 1
      vertex 52.474873734152915 -2.4748737341529163 1
    endloop
  endfacet
  facet normal 0.6715589548470207 -0.740951125354957 0
    outer loop
      vertex 52.854769778736404 -3.4785470401323164 1
      vertex 53.18198051533946 -3.1819805153394642 1
      vertex 53.18198051533946 -3.1819805153394642 7.75
    endloop
  endfacet
  facet normal 0.7409511253549527 -0.6715589548470254 0
    outer loop
      vertex 53.18198051533946 -3.1819805153394642 1
      vertex 53.47854704013232 -2.854769778736405 1
      vertex 53.18198051533946 -3.1819805153394642 7.75
    endloop
  endfacet
  facet normal 0.8032075314806523 -0.5956993044924236 0
    outer loop
      vertex 53.47854704013232 -2.854769778736405 1
      vertex 53.74161325536145 -2.50006604858821 1
      vertex 53.47854704013232 -2.854769778736405 7.75
    endloop
  endfacet
  facet normal 0.8577286100002717 -0.5141027441932221 0
    outer loop
      vertex 53.74161325536145 -2.50006604858821 1
      vertex 53.968645689567595 -2.1212853157169893 1
      vertex 53.74161325536145 -2.50006604858821 7.75
    endloop
  endfacet
  facet normal 0 0 -1
    outer loop
      vertex 53.18198051533946 -3.1819805153394642 1
      vertex 53.086724425219245 -1.6498885788909918 1
      vertex 53.233578363789505 -1.3393920132778143 1
    endloop
  endfacet
  facet normal 0 0 -1
    outer loop
      vertex 53.18198051533946 -3.1819805153394642 1
      vertex 53.233578363789505 -1.3393920132778143 1
      vertex 53.34929117506273 -1.015996370390618 1
    endloop
  endfacet
  facet normal 0 0 -1
    outer loop
      vertex 53.47854704013232 -2.854769778736405 1
      vertex 53.34929117506273 -1.015996370390618 1
      vertex 53.43274848141131 -0.6828161270564489 1
    endloop
  endfacet
  facet normal 0 0 -1
    outer loop
      vertex 53.47854704013232 -2.854769778736405 1
      vertex 53.43274848141131 -0.6828161270564489 1
      vertex 53.48314654335269 -0.3430599911534621 1
    endloop
  endfacet
  facet normal 0 0 -1
    outer loop
      vertex 53.47854704013232 -2.854769778736405 1
      vertex 53.48314654335269 -0.3430599911534621 1
      vertex 53.5 0 1
    endloop
  endfacet
  facet normal 0 0 -1
    outer loop
      vertex 53.47854704013232 -2.854769778736405 1
      vertex 53.74161325536145 2.50006604858821 1
      vertex 53.74161325536145 -2.50006604858821 1
    endloop
  endfacet
  facet normal 0 0 -1
    outer loop
      vertex 53.74161325536145 -2.50006604858821 1
      vertex 53.968645689567595 2.1212853157169893 1
      vertex 53.968645689567595 -2.1212853157169893 1
    endloop
  endfacet
  facet normal 0 0 -1
    outer loop
      vertex 53.47854704013232 -2.854769778736405 1
      vertex 53.5 0 1
      vertex 53.74161325536145 2.50006604858821 1
    endloop
  endfacet
  facet normal 0 0 -1
    outer loop
      vertex 53.968645689567595 -2.1212853157169893 1
      vertex 54.15745789630079 1.722075445642904 1
      vertex 54.15745789630079 -1.722075445642904 1
    endloop
  endfacet
  facet normal 0 0 -1
    outer loop
      vertex 54.15745789630079 -1.722075445642904 1
      vertex 54.30623151079494 1.3062810476450806 1
      vertex 54.30623151079494 -1.3062810476450806 1
    endloop
  endfacet
  facet normal 0 0 -1
    outer loop
      vertex 54.30623151079494 -1.3062810476450806 1
      vertex 54.413533761814534 0.8779064490725771 1
      vertex 54.413533761814534 -0.8779064490725771 1
    endloop
  endfacet
  facet normal 0 0 -1
    outer loop
      vertex 54.413533761814534 -0.8779064490725771 1
      vertex 54.47833127002489 0.44107713148302274 1
      vertex 54.47833127002489 -0.44107713148302274 1
    endloop
  endfacet
  facet normal -0.8032075314806487 0.5956993044924284 0
    outer loop
      vertex 52.70553658676958 -2.220376494572759 6.75
      vertex 52.91014364305891 -1.9444958155686076 1
      vertex 52.70553658676958 -2.220376494572759 1
    endloop
  endfacet
  facet normal -0.8577286100002698 0.5141027441932258 0
    outer loop
      vertex 52.91014364305891 -1.9444958155686076 6.75
      vertex 53.086724425219245 -1.6498885788909918 1
      vertex 52.91014364305891 -1.9444958155686076 1
    endloop
  endfacet
  facet normal -0.9039892931234447 0.4275550934302793 0
    outer loop
      vertex 53.086724425219245 -1.6498885788909918 6.75
      vertex 53.233578363789505 -1.3393920132778143 1
      vertex 53.086724425219245 -1.6498885788909918 1
    endloop
  endfacet
  facet normal -0.9415440651830216 0.33688985339221783 0
    outer loop
      vertex 53.233578363789505 -1.3393920132778143 6.75
      vertex 53.34929117506273 -1.015996370390618 1
      vertex 53.233578363789505 -1.3393920132778143 1
    endloop
  endfacet
  facet normal 0.9039892931234401 -0.42755509343028875 0
    outer loop
      vertex 53.968645689567595 -2.1212853157169893 1
      vertex 54.15745789630079 -1.722075445642904 1
      vertex 53.968645689567595 -2.1212853157169893 7.75
    endloop
  endfacet
  facet normal 0.9415440651830229 -0.336889853392214 0
    outer loop
      vertex 54.15745789630079 -1.722075445642904 1
      vertex 54.30623151079494 -1.3062810476450806 1
      vertex 54.15745789630079 -1.722075445642904 7.75
    endloop
  endfacet
  facet normal 0.9700312531945441 -0.24298017990326334 0
    outer loop
      vertex 54.30623151079494 -1.3062810476450806 1
      vertex 54.413533761814534 -0.8779064490725771 1
      vertex 54.30623151079494 -1.3062810476450806 7.75
    endloop
  endfacet
  facet normal -0.9700312531945424 0.24298017990326998 0
    outer loop
      vertex 53.34929117506273 -1.015996370390618 6.75
      vertex 53.43274848141131 -0.6828161270564489 1
      vertex 53.34929117506273 -1.015996370390618 1
    endloop
  endfacet
  facet normal -0.9891765099647822 0.1467304744553532 0
    outer loop
      vertex 53.43274848141131 -0.6828161270564489 6.75
      vertex 53.48314654335269 -0.3430599911534621 1
      vertex 53.43274848141131 -0.6828161270564489 1
    endloop
  endfacet
  facet normal -0.9987954562051724 0.049067674327419195 0
    outer loop
      vertex 53.48314654335269 -0.3430599911534621 6.75
      vertex 53.5 0 1
      vertex 53.48314654335269 -0.3430599911534621 1
    endloop
  endfacet
  facet normal 0.9891765099647792 -0.1467304744553735 0
    outer loop
      vertex 54.413533761814534 -0.8779064490725771 1
      vertex 54.47833127002489 -0.44107713148302274 1
      vertex 54.413533761814534 -0.8779064490725771 7.75
    endloop
  endfacet
  facet normal 0.9987954562051727 -0.04906767432741232 0
    outer loop
      vertex 54.47833127002489 -0.44107713148302274 1
      vertex 54.5 0 1
      vertex 54.47833127002489 -0.44107713148302274 7.75
    endloop
  endfacet
  facet normal -0.04906767432741821 0.9987954562051724 0
    outer loop
      vertex 50 -3.5 6.75
      vertex 50.34305999115346 -3.483146543352689 6.75
      vertex 50.34305999115346 -3.483146543352689 1
    endloop
  endfacet
  facet normal -0.14673047445536158 0.989176509964781 0
    outer loop
      vertex 50.34305999115346 -3.483146543352689 6.75
      vertex 50.68281612705645 -3.4327484814113065 6.75
      vertex 50.68281612705645 -3.4327484814113065 1
    endloop
  endfacet
  facet normal -0.24298017990326384 0.9700312531945441 0
    outer loop
      vertex 50.68281612705645 -3.4327484814113065 6.75
      vertex 51.01599637039062 -3.349291175062731 6.75
      vertex 51.01599637039062 -3.349291175062731 1
    endloop
  endfacet
  facet normal 0.04906767432741864 -0.9987954562051724 0
    outer loop
      vertex 50 -4.5 1
      vertex 50.44107713148302 -4.478331270024886 7.75
      vertex 50 -4.5 7.75
    endloop
  endfacet
  facet normal 0.14673047445536117 -0.989176509964781 0
    outer loop
      vertex 50.44107713148302 -4.478331270024886 1
      vertex 50.877906449072576 -4.413533761814537 7.75
      vertex 50.44107713148302 -4.478331270024886 7.75
    endloop
  endfacet
  facet normal 0.24298017990326343 -0.9700312531945441 0
    outer loop
      vertex 50.877906449072576 -4.413533761814537 1
      vertex 51.30628104764508 -4.30623151079494 7.75
      vertex 50.877906449072576 -4.413533761814537 7.75
    endloop
  endfacet
  facet normal 0.33688985339222255 -0.9415440651830198 0
    outer loop
      vertex 51.30628104764508 -4.30623151079494 1
      vertex 51.7220754456429 -4.15745789630079 7.75
      vertex 51.30628104764508 -4.30623151079494 7.75
    endloop
  endfacet
  facet normal 0.4275550934302788 -0.903989293123445 0
    outer loop
      vertex 51.7220754456429 -4.15745789630079 1
      vertex 52.12128531571699 -3.9686456895675977 7.75
      vertex 51.7220754456429 -4.15745789630079 7.75
    endloop
  endfacet
  facet normal 0.5141027441932221 -0.8577286100002717 0
    outer loop
      vertex 52.12128531571699 -3.9686456895675977 1
      vertex 52.50006604858821 -3.7416132553614534 7.75
      vertex 52.12128531571699 -3.9686456895675977 7.75
    endloop
  endfacet
  facet normal -0.3368898533922175 0.9415440651830218 0
    outer loop
      vertex 51.01599637039062 -3.349291175062731 6.75
      vertex 51.339392013277816 -3.2335783637895035 6.75
      vertex 51.339392013277816 -3.2335783637895035 1
    endloop
  endfacet
  facet normal -0.4275550934302807 0.903989293123444 0
    outer loop
      vertex 51.339392013277816 -3.2335783637895035 6.75
      vertex 51.649888578890994 -3.0867244252192427 6.75
      vertex 51.649888578890994 -3.0867244252192427 1
    endloop
  endfacet
  facet normal -0.5141027441932248 0.8577286100002702 0
    outer loop
      vertex 51.649888578890994 -3.0867244252192427 6.75
      vertex 51.94449581556861 -2.9101436430589085 6.75
      vertex 51.94449581556861 -2.9101436430589085 1
    endloop
  endfacet
  facet normal -0.5956993044924308 0.8032075314806468 0
    outer loop
      vertex 51.94449581556861 -2.9101436430589085 6.75
      vertex 52.22037649457276 -2.7055365867695795 6.75
      vertex 52.22037649457276 -2.7055365867695795 1
    endloop
  endfacet
  facet normal 0 0 -1
    outer loop
      vertex 50 -3.5 6.75
      vertex 50 3.5 6.75
      vertex 50.34305999115346 -3.483146543352689 6.75
    endloop
  endfacet
  facet normal 0 0 -1
    outer loop
      vertex 50.34305999115346 -3.483146543352689 6.75
      vertex 50.34305999115346 3.483146543352689 6.75
      vertex 50.68281612705645 -3.4327484814113065 6.75
    endloop
  endfacet
  facet normal 0 0 1
    outer loop
      vertex 50 -4.5 7.75
      vertex 50.44107713148302 -4.478331270024886 7.75
      vertex 50 4.5 7.75
    endloop
  endfacet
  facet normal 0 0 1
    outer loop
      vertex 50.44107713148302 -4.478331270024886 7.75
      vertex 50.877906449072576 -4.413533761814537 7.75
      vertex 50.44107713148302 4.478331270024886 7.75
    endloop
  endfacet
  facet normal 0 0 1
    outer loop
      vertex 50.877906449072576 -4.413533761814537 7.75
      vertex 51.30628104764508 -4.30623151079494 7.75
      vertex 50.877906449072576 4.413533761814537 7.75
    endloop
  endfacet
  facet normal 0 0 -1
    outer loop
      vertex 50.68281612705645 -3.4327484814113065 6.75
      vertex 50.68281612705645 3.4327484814113065 6.75
      vertex 51.01599637039062 -3.349291175062731 6.75
    endloop
  endfacet
  facet normal 0 0 -1
    outer loop
      vertex 51.01599637039062 -3.349291175062731 6.75
      vertex 51.01599637039062 3.349291175062731 6.75
      vertex 51.339392013277816 -3.2335783637895035 6.75
    endloop
  endfacet
  facet normal 0 0 1
    outer loop
      vertex 51.30628104764508 -4.30623151079494 7.75
      vertex 51.7220754456429 -4.15745789630079 7.75
      vertex 51.30628104764508 4.30623151079494 7.75
    endloop
  endfacet
  facet normal 0 0 1
    outer loop
      vertex 51.7220754456429 -4.15745789630079 7.75
      vertex 52.12128531571699 -3.9686456895675977 7.75
      vertex 51.7220754456429 4.15745789630079 7.75
    endloop
  endfacet
  facet normal 0 0 1
    outer loop
      vertex 52.12128531571699 -3.9686456895675977 7.75
      vertex 52.50006604858821 -3.7416132553614534 7.75
      vertex 52.12128531571699 3.9686456895675977 7.75
    endloop
  endfacet
  facet normal 0 0 -1
    outer loop
      vertex 51.339392013277816 -3.2335783637895035 6.75
      vertex 51.339392013277816 3.2335783637895035 6.75
      vertex 51.649888578890994 -3.0867244252192427 6.75
    endloop
  endfacet
  facet normal 0 0 -1
    outer loop
      vertex 51.649888578890994 -3.0867244252192427 6.75
      vertex 51.649888578890994 3.0867244252192427 6.75
      vertex 51.94449581556861 -2.9101436430589085 6.75
    endloop
  endfacet
  facet normal 0 0 -1
    outer loop
      vertex 51.94449581556861 -2.9101436430589085 6.75
      vertex 51.94449581556861 2.9101436430589085 6.75
      vertex 52.22037649457276 -2.7055365867695795 6.75
    endloop
  endfacet
  facet normal 0.5956993044924327 -0.8032075314806454 0
    outer loop
      vertex 52.50006604858821 -3.7416132553614534 1
      vertex 52.854769778736404 -3.4785470401323164 7.75
      vertex 52.50006604858821 -3.7416132553614534 7.75
    endloop
  endfacet
  facet normal 0.6715589548470207 -0.740951125354957 0
    outer loop
      vertex 52.854769778736404 -3.4785470401323164 1
      vertex 53.18198051533946 -3.1819805153394642 7.75
      vertex 52.854769778736404 -3.4785470401323164 7.75
    endloop
  endfacet
  facet normal -0.6715589548470235 0.7409511253549543 0
    outer loop
      vertex 52.22037649457276 -2.7055365867695795 6.75
      vertex 52.474873734152915 -2.4748737341529163 6.75
      vertex 52.474873734152915 -2.4748737341529163 1
    endloop
  endfacet
  facet normal -0.7409511253549527 0.6715589548470255 0
    outer loop
      vertex 52.474873734152915 -2.4748737341529163 6.75
      vertex 52.70553658676958 -2.220376494572759 6.75
      vertex 52.70553658676958 -2.220376494572759 1
    endloop
  endfacet
  facet normal 0.7409511253549527 -0.6715589548470254 0
    outer loop
      vertex 53.47854704013232 -2.854769778736405 1
      vertex 53.47854704013232 -2.854769778736405 7.75
      vertex 53.18198051533946 -3.1819805153394642 7.75
    endloop
  endfacet
  facet normal 0.8032075314806523 -0.5956993044924236 0
    outer loop
      vertex 53.74161325536145 -2.50006604858821 1
      vertex 53.74161325536145 -2.50006604858821 7.75
      vertex 53.47854704013232 -2.854769778736405 7.75
    endloop
  endfacet
  facet normal -0.8032075314806487 0.5956993044924284 0
    outer loop
      vertex 52.70553658676958 -2.220376494572759 6.75
      vertex 52.91014364305891 -1.9444958155686076 6.75
      vertex 52.91014364305891 -1.9444958155686076 1
    endloop
  endfacet
  facet normal -0.8577286100002698 0.5141027441932258 0
    outer loop
      vertex 52.91014364305891 -1.9444958155686076 6.75
      vertex 53.086724425219245 -1.6498885788909918 6.75
      vertex 53.086724425219245 -1.6498885788909918 1
    endloop
  endfacet
  facet normal -0.9039892931234447 0.4275550934302793 0
    outer loop
      vertex 53.086724425219245 -1.6498885788909918 6.75
      vertex 53.233578363789505 -1.3393920132778143 6.75
      vertex 53.233578363789505 -1.3393920132778143 1
    endloop
  endfacet
  facet normal -0.9415440651830216 0.33688985339221783 0
    outer loop
      vertex 53.233578363789505 -1.3393920132778143 6.75
      vertex 53.34929117506273 -1.015996370390618 6.75
      vertex 53.34929117506273 -1.015996370390618 1
    endloop
  endfacet
  facet normal 0.8577286100002717 -0.5141027441932221 0
    outer loop
      vertex 53.968645689567595 -2.1212853157169893 1
      vertex 53.968645689567595 -2.1212853157169893 7.75
      vertex 53.74161325536145 -2.50006604858821 7.75
    endloop
  endfacet
  facet normal 0.9039892931234401 -0.42755509343028875 0
    outer loop
      vertex 54.15745789630079 -1.722075445642904 1
      vertex 54.15745789630079 -1.722075445642904 7.75
      vertex 53.968645689567595 -2.1212853157169893 7.75
    endloop
  endfacet
  facet normal 0.9415440651830229 -0.336889853392214 0
    outer loop
      vertex 54.30623151079494 -1.3062810476450806 1
      vertex 54.30623151079494 -1.3062810476450806 7.75
      vertex 54.15745789630079 -1.722075445642904 7.75
    endloop
  endfacet
  facet normal -0.9700312531945424 0.24298017990326998 0
    outer loop
      vertex 53.34929117506273 -1.015996370390618 6.75
      vertex 53.43274848141131 -0.6828161270564489 6.75
      vertex 53.43274848141131 -0.6828161270564489 1
    endloop
  endfacet
  facet normal -0.9891765099647822 0.1467304744553532 0
    outer loop
      vertex 53.43274848141131 -0.6828161270564489 6.75
      vertex 53.48314654335269 -0.3430599911534621 6.75
      vertex 53.48314654335269 -0.3430599911534621 1
    endloop
  endfacet
  facet normal -0.9987954562051724 0.049067674327419195 0
    outer loop
      vertex 53.48314654335269 -0.3430599911534621 6.75
      vertex 53.5 0 6.75
      vertex 53.5 0 1
    endloop
  endfacet
  facet normal 0.9700312531945441 -0.24298017990326334 0
    outer loop
      vertex 54.413533761814534 -0.8779064490725771 1
      vertex 54.413533761814534 -0.8779064490725771 7.75
      vertex 54.30623151079494 -1.3062810476450806 7.75
    endloop
  endfacet
  facet normal 0.9891765099647792 -0.1467304744553735 0
    outer loop
      vertex 54.47833127002489 -0.44107713148302274 1
      vertex 54.47833127002489 -0.44107713148302274 7.75
      vertex 54.413533761814534 -0.8779064490725771 7.75
    endloop
  endfacet
  facet normal 0.9987954562051727 -0.04906767432741232 0
    outer loop
      vertex 54.47833127002489 -0.44107713148302274 7.75
      vertex 54.5 0 1
      vertex 54.5 0 7.75
    endloop
  endfacet
  facet normal 0 0 1
    outer loop
      vertex 52.50006604858821 -3.7416132553614534 7.75
      vertex 52.854769778736404 -3.4785470401323164 7.75
      vertex 52.50006604858821 3.7416132553614534 7.75
    endloop
  endfacet
  facet normal 0 0 -1
    outer loop
      vertex 52.22037649457276 -2.7055365867695795 6.75
      vertex 52.22037649457276 2.7055365867695795 6.75
      vertex 52.474873734152915 -2.4748737341529163 6.75
    endloop
  endfacet
  facet normal 0 0 -1
    outer loop
      vertex 52.474873734152915 -2.4748737341529163 6.75
      vertex 52.474873734152915 2.4748737341529163 6.75
      vertex 52.70553658676958 -2.220376494572759 6.75
    endloop
  endfacet
  facet normal 0 0 -1
    outer loop
      vertex 52.70553658676958 -2.220376494572759 6.75
      vertex 52.70553658676958 2.220376494572759 6.75
      vertex 52.91014364305891 -1.9444958155686076 6.75
    endloop
  endfacet
  facet normal 0 0 -1
    outer loop
      vertex 52.91014364305891 -1.9444958155686076 6.75
      vertex 52.91014364305891 1.9444958155686076 6.75
      vertex 53.086724425219245 -1.6498885788909918 6.75
    endloop
  endfacet
  facet normal 0 0 -1
    outer loop
      vertex 53.086724425219245 -1.6498885788909918 6.75
      vertex 53.086724425219245 1.6498885788909918 6.75
      vertex 53.233578363789505 -1.3393920132778143 6.75
    endloop
  endfacet
  facet normal 0 0 -1
    outer loop
      vertex 53.233578363789505 -1.3393920132778143 6.75
      vertex 53.233578363789505 1.3393920132778143 6.75
      vertex 53.34929117506273 -1.015996370390618 6.75
    endloop
  endfacet
  facet normal 0 0 1
    outer loop
      vertex 52.854769778736404 -3.4785470401323164 7.75
      vertex 53.18198051533946 -3.1819805153394642 7.75
      vertex 52.854769778736404 3.4785470401323164 7.75
    endloop
  endfacet
  facet normal 0 0 1
    outer loop
      vertex 53.18198051533946 -3.1819805153394642 7.75
      vertex 53.47854704013232 -2.854769778736405 7.75
      vertex 53.18198051533946 3.1819805153394642 7.75
    endloop
  endfacet
  facet normal 0 0 -1
    outer loop
      vertex 53.34929117506273 -1.015996370390618 6.75
      vertex 53.34929117506273 1.015996370390618 6.75
      vertex 53.43274848141131 -0.6828161270564489 6.75
    endloop
  endfacet
  facet normal 0 0 -1
    outer loop
      vertex 53.43274848141131 -0.6828161270564489 6.75
      vertex 53.43274848141131 0.6828161270564489 6.75
      vertex 53.48314654335269 -0.3430599911534621 6.75
    endloop
  endfacet
  facet normal 0 0 1
    outer loop
      vertex 53.47854704013232 -2.854769778736405 7.75
      vertex 53.74161325536145 -2.50006604858821 7.75
      vertex 53.47854704013232 2.854769778736405 7.75
    endloop
  endfacet
  facet normal 0 0 1
    outer loop
      vertex 53.74161325536145 -2.50006604858821 7.75
      vertex 53.968645689567595 -2.1212853157169893 7.75
      vertex 53.74161325536145 2.50006604858821 7.75
    endloop
  endfacet
  facet normal 0 0 1
    outer loop
      vertex 53.968645689567595 -2.1212853157169893 7.75
      vertex 54.15745789630079 -1.722075445642904 7.75
      vertex 53.968645689567595 2.1212853157169893 7.75
    endloop
  endfacet
  facet normal 0 0 1
    outer loop
      vertex 54.15745789630079 -1.722075445642904 7.75
      vertex 54.30623151079494 -1.3062810476450806 7.75
      vertex 54.15745789630079 1.722075445642904 7.75
    endloop
  endfacet
  facet normal 0 0 1
    outer loop
      vertex 54.30623151079494 -1.3062810476450806 7.75
      vertex 54.413533761814534 -0.8779064490725771 7.75
      vertex 54.30623151079494 1.3062810476450806 7.75
    endloop
  endfacet
  facet normal 0 0 1
    outer loop
      vertex 54.413533761814534 -0.8779064490725771 7.75
      vertex 54.47833127002489 -0.44107713148302274 7.75
      vertex 54.413533761814534 0.8779064490725771 7.75
    endloop
  endfacet
  facet normal 0 0 -1
    outer loop
      vertex 50.44107713148302 4.478331270024886 1
      vertex 50.34305999115346 3.483146543352689 1
      vertex 50 3.5 1
    endloop
  endfacet
  facet normal 0 0 -1
    outer loop
      vertex 50 4.5 1
      vertex 50.44107713148302 4.478331270024886 1
      vertex 50 3.5 1
    endloop
  endfacet
  facet normal 0 0 -1
    outer loop
      vertex 50.44107713148302 4.478331270024886 1
      vertex 50.877906449072576 4.413533761814537 1
      vertex 50.34305999115346 3.483146543352689 1
    endloop
  endfacet
  facet normal 0 0 -1
    outer loop
      vertex 50.877906449072576 4.413533761814537 1
      vertex 50.68281612705645 3.4327484814113065 1
      vertex 50.34305999115346 3.483146543352689 1
    endloop
  endfacet
  facet normal 0 0 -1
    outer loop
      vertex 51.30628104764508 4.30623151079494 1
      vertex 51.01599637039062 3.349291175062731 1
      vertex 50.68281612705645 3.4327484814113065 1
    endloop
  endfacet
  facet normal 0 0 -1
    outer loop
      vertex 50.877906449072576 4.413533761814537 1
      vertex 51.30628104764508 4.30623151079494 1
      vertex 50.68281612705645 3.4327484814113065 1
    endloop
  endfacet
  facet normal 0 0 -1
    outer loop
      vertex 52.12128531571699 3.9686456895675977 1
      vertex 51.94449581556861 2.9101436430589085 1
      vertex 51.649888578890994 3.0867244252192427 1
    endloop
  endfacet
  facet normal 0 0 -1
    outer loop
      vertex 52.50006604858821 3.7416132553614534 1
      vertex 52.22037649457276 2.7055365867695795 1
      vertex 51.94449581556861 2.9101436430589085 1
    endloop
  endfacet
  facet normal 0 0 -1
    outer loop
      vertex 51.7220754456429 4.15745789630079 1
      vertex 51.339392013277816 3.2335783637895035 1
      vertex 51.01599637039062 3.349291175062731 1
    endloop
  endfacet
  facet normal 0 0 -1
    outer loop
      vertex 51.7220754456429 4.15745789630079 1
      vertex 51.649888578890994 3.0867244252192427 1
      vertex 51.339392013277816 3.2335783637895035 1
    endloop
  endfacet
  facet normal 0 0 -1
    outer loop
      vertex 51.30628104764508 4.30623151079494 1
      vertex 51.7220754456429 4.15745789630079 1
      vertex 51.01599637039062 3.349291175062731 1
    endloop
  endfacet
  facet normal 0 0 -1
    outer loop
      vertex 51.7220754456429 4.15745789630079 1
      vertex 52.12128531571699 3.9686456895675977 1
      vertex 51.649888578890994 3.0867244252192427 1
    endloop
  endfacet
  facet normal 0 0 -1
    outer loop
      vertex 52.12128531571699 3.9686456895675977 1
      vertex 52.50006604858821 3.7416132553614534 1
      vertex 51.94449581556861 2.9101436430589085 1
    endloop
  endfacet
  facet normal -0.04906767432741821 -0.9987954562051724 0
    outer loop
      vertex 50.34305999115346 3.483146543352689 6.75
      vertex 50 3.5 1
      vertex 50.34305999115346 3.483146543352689 1
    endloop
  endfacet
  facet normal 0.04906767432741864 0.9987954562051724 0
    outer loop
      vertex 50 4.5 1
      vertex 50 4.5 7.75
      vertex 50.44107713148302 4.478331270024886 1
    endloop
  endfacet
  facet normal -0.14673047445536158 -0.989176509964781 0
    outer loop
      vertex 50.68281612705645 3.4327484814113065 6.75
      vertex 50.34305999115346 3.483146543352689 1
      vertex 50.68281612705645 3.4327484814113065 1
    endloop
  endfacet
  facet normal -0.24298017990326384 -0.9700312531945441 0
    outer loop
      vertex 51.01599637039062 3.349291175062731 6.75
      vertex 50.68281612705645 3.4327484814113065 1
      vertex 51.01599637039062 3.349291175062731 1
    endloop
  endfacet
  facet normal 0.14673047445536117 0.989176509964781 0
    outer loop
      vertex 50.44107713148302 4.478331270024886 1
      vertex 50.44107713148302 4.478331270024886 7.75
      vertex 50.877906449072576 4.413533761814537 1
    endloop
  endfacet
  facet normal 0.24298017990326343 0.9700312531945441 0
    outer loop
      vertex 50.877906449072576 4.413533761814537 1
      vertex 50.877906449072576 4.413533761814537 7.75
      vertex 51.30628104764508 4.30623151079494 1
    endloop
  endfacet
  facet normal -0.3368898533922175 -0.9415440651830218 0
    outer loop
      vertex 51.339392013277816 3.2335783637895035 6.75
      vertex 51.01599637039062 3.349291175062731 1
      vertex 51.339392013277816 3.2335783637895035 1
    endloop
  endfacet
  facet normal -0.4275550934302807 -0.903989293123444 0
    outer loop
      vertex 51.649888578890994 3.0867244252192427 6.75
      vertex 51.339392013277816 3.2335783637895035 1
      vertex 51.649888578890994 3.0867244252192427 1
    endloop
  endfacet
  facet normal -0.5956993044924308 -0.8032075314806468 0
    outer loop
      vertex 52.22037649457276 2.7055365867695795 6.75
      vertex 51.94449581556861 2.9101436430589085 1
      vertex 52.22037649457276 2.7055365867695795 1
    endloop
  endfacet
  facet normal -0.5141027441932248 -0.8577286100002702 0
    outer loop
      vertex 51.94449581556861 2.9101436430589085 6.75
      vertex 51.649888578890994 3.0867244252192427 1
      vertex 51.94449581556861 2.9101436430589085 1
    endloop
  endfacet
  facet normal 0.33688985339222255 0.9415440651830198 0
    outer loop
      vertex 51.30628104764508 4.30623151079494 1
      vertex 51.30628104764508 4.30623151079494 7.75
      vertex 51.7220754456429 4.15745789630079 1
    endloop
  endfacet
  facet normal 0.5141027441932221 0.8577286100002717 0
    outer loop
      vertex 52.12128531571699 3.9686456895675977 1
      vertex 52.12128531571699 3.9686456895675977 7.75
      vertex 52.50006604858821 3.7416132553614534 1
    endloop
  endfacet
  facet normal 0.4275550934302788 0.903989293123445 0
    outer loop
      vertex 51.7220754456429 4.15745789630079 1
      vertex 51.7220754456429 4.15745789630079 7.75
      vertex 52.12128531571699 3.9686456895675977 1
    endloop
  endfacet
  facet normal 0 0 -1
    outer loop
      vertex 53.47854704013232 2.854769778736405 1
      vertex 53.34929117506273 1.015996370390618 1
      vertex 53.233578363789505 1.3393920132778143 1
    endloop
  endfacet
  facet normal 0 0 -1
    outer loop
      vertex 53.47854704013232 2.854769778736405 1
      vertex 53.233578363789505 1.3393920132778143 1
      vertex 53.086724425219245 1.6498885788909918 1
    endloop
  endfacet
  facet normal 0 0 -1
    outer loop
      vertex 53.74161325536145 2.50006604858821 1
      vertex 53.5 0 1
      vertex 53.48314654335269 0.3430599911534621 1
    endloop
  endfacet
  facet normal 0 0 -1
    outer loop
      vertex 53.74161325536145 -2.50006604858821 1
      vertex 53.74161325536145 2.50006604858821 1
      vertex 53.968645689567595 2.1212853157169893 1
    endloop
  endfacet
  facet normal 0 0 -1
    outer loop
      vertex 54.15745789630079 -1.722075445642904 1
      vertex 54.15745789630079 1.722075445642904 1
      vertex 54.30623151079494 1.3062810476450806 1
    endloop
  endfacet
  facet normal 0 0 -1
    outer loop
      vertex 54.47833127002489 -0.44107713148302274 1
      vertex 54.47833127002489 0.44107713148302274 1
      vertex 54.5 0 1
    endloop
  endfacet
  facet normal 0 0 -1
    outer loop
      vertex 54.413533761814534 -0.8779064490725771 1
      vertex 54.413533761814534 0.8779064490725771 1
      vertex 54.47833127002489 0.44107713148302274 1
    endloop
  endfacet
  facet normal 0 0 -1
    outer loop
      vertex 54.30623151079494 -1.3062810476450806 1
      vertex 54.30623151079494 1.3062810476450806 1
      vertex 54.413533761814534 0.8779064490725771 1
    endloop
  endfacet
  facet normal 0 0 -1
    outer loop
      vertex 53.968645689567595 -2.1212853157169893 1
      vertex 53.968645689567595 2.1212853157169893 1
      vertex 54.15745789630079 1.722075445642904 1
    endloop
  endfacet
  facet normal 0 0 -1
    outer loop
      vertex 53.74161325536145 2.50006604858821 1
      vertex 53.48314654335269 0.3430599911534621 1
      vertex 53.43274848141131 0.6828161270564489 1
    endloop
  endfacet
  facet normal 0 0 -1
    outer loop
      vertex 53.47854704013232 2.854769778736405 1
      vertex 53.43274848141131 0.6828161270564489 1
      vertex 53.34929117506273 1.015996370390618 1
    endloop
  endfacet
  facet normal 0 0 -1
    outer loop
      vertex 53.74161325536145 2.50006604858821 1
      vertex 53.43274848141131 0.6828161270564489 1
      vertex 53.47854704013232 2.854769778736405 1
    endloop
  endfacet
  facet normal -0.9415440651830216 -0.33688985339221783 0
    outer loop
      vertex 53.34929117506273 1.015996370390618 6.75
      vertex 53.233578363789505 1.3393920132778143 1
      vertex 53.34929117506273 1.015996370390618 1
    endloop
  endfacet
  facet normal -0.9039892931234447 -0.4275550934302793 0
    outer loop
      vertex 53.233578363789505 1.3393920132778143 6.75
      vertex 53.086724425219245 1.6498885788909918 1
      vertex 53.233578363789505 1.3393920132778143 1
    endloop
  endfacet
  facet normal -0.8577286100002698 -0.5141027441932258 0
    outer loop
      vertex 53.086724425219245 1.6498885788909918 6.75
      vertex 52.91014364305891 1.9444958155686076 1
      vertex 53.086724425219245 1.6498885788909918 1
    endloop
  endfacet
  facet normal -0.8032075314806487 -0.5956993044924284 0
    outer loop
      vertex 52.91014364305891 1.9444958155686076 6.75
      vertex 52.70553658676958 2.220376494572759 1
      vertex 52.91014364305891 1.9444958155686076 1
    endloop
  endfacet
  facet normal -0.9987954562051724 -0.049067674327419195 0
    outer loop
      vertex 53.5 0 6.75
      vertex 53.48314654335269 0.3430599911534621 1
      vertex 53.5 0 1
    endloop
  endfacet
  facet normal -0.9891765099647822 -0.1467304744553532 0
    outer loop
      vertex 53.48314654335269 0.3430599911534621 6.75
      vertex 53.43274848141131 0.6828161270564489 1
      vertex 53.48314654335269 0.3430599911534621 1
    endloop
  endfacet
  facet normal -0.9700312531945424 -0.24298017990326998 0
    outer loop
      vertex 53.43274848141131 0.6828161270564489 6.75
      vertex 53.34929117506273 1.015996370390618 1
      vertex 53.43274848141131 0.6828161270564489 1
    endloop
  endfacet
  facet normal 0.9987954562051727 0.04906767432741232 0
    outer loop
      vertex 54.5 0 1
      vertex 54.47833127002489 0.44107713148302274 1
      vertex 54.5 0 7.75
    endloop
  endfacet
  facet normal 0.9891765099647792 0.1467304744553735 0
    outer loop
      vertex 54.47833127002489 0.44107713148302274 1
      vertex 54.413533761814534 0.8779064490725771 1
      vertex 54.47833127002489 0.44107713148302274 7.75
    endloop
  endfacet
  facet normal 0.9700312531945441 0.24298017990326334 0
    outer loop
      vertex 54.413533761814534 0.8779064490725771 1
      vertex 54.30623151079494 1.3062810476450806 1
      vertex 54.413533761814534 0.8779064490725771 7.75
    endloop
  endfacet
  facet normal 0.8577286100002717 0.5141027441932221 0
    outer loop
      vertex 53.968645689567595 2.1212853157169893 1
      vertex 53.74161325536145 2.50006604858821 1
      vertex 53.968645689567595 2.1212853157169893 7.75
    endloop
  endfacet
  facet normal 0.9415440651830229 0.336889853392214 0
    outer loop
      vertex 54.30623151079494 1.3062810476450806 1
      vertex 54.15745789630079 1.722075445642904 1
      vertex 54.30623151079494 1.3062810476450806 7.75
    endloop
  endfacet
  facet normal 0.9039892931234401 0.42755509343028875 0
    outer loop
      vertex 54.15745789630079 1.722075445642904 1
      vertex 53.968645689567595 2.1212853157169893 1
      vertex 54.15745789630079 1.722075445642904 7.75
    endloop
  endfacet
  facet normal 0 0 -1
    outer loop
      vertex 52.854769778736404 3.4785470401323164 1
      vertex 52.70553658676958 2.220376494572759 1
      vertex 52.474873734152915 2.4748737341529163 1
    endloop
  endfacet
  facet normal 0 0 -1
    outer loop
      vertex 52.50006604858821 3.7416132553614534 1
      vertex 52.474873734152915 2.4748737341529163 1
      vertex 52.22037649457276 2.7055365867695795 1
    endloop
  endfacet
  facet normal 0 0 -1
    outer loop
      vertex 52.50006604858821 3.7416132553614534 1
      vertex 52.854769778736404 3.4785470401323164 1
      vertex 52.474873734152915 2.4748737341529163 1
    endloop
  endfacet
  facet normal 0 0 -1
    outer loop
      vertex 53.18198051533946 3.1819805153394642 1
      vertex 52.91014364305891 1.9444958155686076 1
      vertex 52.70553658676958 2.220376494572759 1
    endloop
  endfacet
  facet normal 0 0 -1
    outer loop
      vertex 53.18198051533946 3.1819805153394642 1
      vertex 53.086724425219245 1.6498885788909918 1
      vertex 52.91014364305891 1.9444958155686076 1
    endloop
  endfacet
  facet normal 0 0 -1
    outer loop
      vertex 53.18198051533946 3.1819805153394642 1
      vertex 53.47854704013232 2.854769778736405 1
      vertex 53.086724425219245 1.6498885788909918 1
    endloop
  endfacet
  facet normal 0 0 -1
    outer loop
      vertex 53.18198051533946 3.1819805153394642 1
      vertex 52.70553658676958 2.220376494572759 1
      vertex 52.854769778736404 3.4785470401323164 1
    endloop
  endfacet
  facet normal -0.6715589548470235 -0.7409511253549543 0
    outer loop
      vertex 52.474873734152915 2.4748737341529163 6.75
      vertex 52.22037649457276 2.7055365867695795 1
      vertex 52.474873734152915 2.4748737341529163 1
    endloop
  endfacet
  facet normal -0.7409511253549527 -0.6715589548470255 0
    outer loop
      vertex 52.70553658676958 2.220376494572759 6.75
      vertex 52.474873734152915 2.4748737341529163 1
      vertex 52.70553658676958 2.220376494572759 1
    endloop
  endfacet
  facet normal 0.5956993044924327 0.8032075314806454 0
    outer loop
      vertex 52.50006604858821 3.7416132553614534 1
      vertex 52.50006604858821 3.7416132553614534 7.75
      vertex 52.854769778736404 3.4785470401323164 1
    endloop
  endfacet
  facet normal 0.6715589548470207 0.740951125354957 0
    outer loop
      vertex 53.18198051533946 3.1819805153394642 1
      vertex 52.854769778736404 3.4785470401323164 1
      vertex 52.854769778736404 3.4785470401323164 7.75
    endloop
  endfacet
  facet normal 0.8032075314806523 0.5956993044924236 0
    outer loop
      vertex 53.74161325536145 2.50006604858821 1
      vertex 53.47854704013232 2.854769778736405 1
      vertex 53.74161325536145 2.50006604858821 7.75
    endloop
  endfacet
  facet normal 0.7409511253549527 0.6715589548470254 0
    outer loop
      vertex 53.18198051533946 3.1819805153394642 1
      vertex 53.47854704013232 2.854769778736405 7.75
      vertex 53.47854704013232 2.854769778736405 1
    endloop
  endfacet
  facet normal 0 0 -1
    outer loop
      vertex 50.34305999115346 -3.483146543352689 6.75
      vertex 50 3.5 6.75
      vertex 50.34305999115346 3.483146543352689 6.75
    endloop
  endfacet
  facet normal 0 0 -1
    outer loop
      vertex 50.68281612705645 -3.4327484814113065 6.75
      vertex 50.34305999115346 3.483146543352689 6.75
      vertex 50.68281612705645 3.4327484814113065 6.75
    endloop
  endfacet
  facet normal 0 0 -1
    outer loop
      vertex 51.01599637039062 -3.349291175062731 6.75
      vertex 50.68281612705645 3.4327484814113065 6.75
      vertex 51.01599637039062 3.349291175062731 6.75
    endloop
  endfacet
  facet normal 0 0 1
    outer loop
      vertex 50.44107713148302 -4.478331270024886 7.75
      vertex 50.44107713148302 4.478331270024886 7.75
      vertex 50 4.5 7.75
    endloop
  endfacet
  facet normal 0 0 1
    outer loop
      vertex 50.877906449072576 -4.413533761814537 7.75
      vertex 50.877906449072576 4.413533761814537 7.75
      vertex 50.44107713148302 4.478331270024886 7.75
    endloop
  endfacet
  facet normal 0 0 -1
    outer loop
      vertex 51.339392013277816 -3.2335783637895035 6.75
      vertex 51.01599637039062 3.349291175062731 6.75
      vertex 51.339392013277816 3.2335783637895035 6.75
    endloop
  endfacet
  facet normal 0 0 -1
    outer loop
      vertex 51.649888578890994 -3.0867244252192427 6.75
      vertex 51.339392013277816 3.2335783637895035 6.75
      vertex 51.649888578890994 3.0867244252192427 6.75
    endloop
  endfacet
  facet normal 0 0 -1
    outer loop
      vertex 51.94449581556861 -2.9101436430589085 6.75
      vertex 51.649888578890994 3.0867244252192427 6.75
      vertex 51.94449581556861 2.9101436430589085 6.75
    endloop
  endfacet
  facet normal 0 0 -1
    outer loop
      vertex 52.22037649457276 -2.7055365867695795 6.75
      vertex 51.94449581556861 2.9101436430589085 6.75
      vertex 52.22037649457276 2.7055365867695795 6.75
    endloop
  endfacet
  facet normal 0 0 1
    outer loop
      vertex 51.30628104764508 -4.30623151079494 7.75
      vertex 51.30628104764508 4.30623151079494 7.75
      vertex 50.877906449072576 4.413533761814537 7.75
    endloop
  endfacet
  facet normal 0 0 1
    outer loop
      vertex 51.7220754456429 -4.15745789630079 7.75
      vertex 51.7220754456429 4.15745789630079 7.75
      vertex 51.30628104764508 4.30623151079494 7.75
    endloop
  endfacet
  facet normal 0 0 1
    outer loop
      vertex 52.12128531571699 -3.9686456895675977 7.75
      vertex 52.12128531571699 3.9686456895675977 7.75
      vertex 51.7220754456429 4.15745789630079 7.75
    endloop
  endfacet
  facet normal -0.3368898533922175 -0.9415440651830218 0
    outer loop
      vertex 51.01599637039062 3.349291175062731 6.75
      vertex 51.01599637039062 3.349291175062731 1
      vertex 51.339392013277816 3.2335783637895035 6.75
    endloop
  endfacet
  facet normal -0.04906767432741821 -0.9987954562051724 0
    outer loop
      vertex 50 3.5 6.75
      vertex 50 3.5 1
      vertex 50.34305999115346 3.483146543352689 6.75
    endloop
  endfacet
  facet normal -0.14673047445536158 -0.989176509964781 0
    outer loop
      vertex 50.34305999115346 3.483146543352689 6.75
      vertex 50.34305999115346 3.483146543352689 1
      vertex 50.68281612705645 3.4327484814113065 6.75
    endloop
  endfacet
  facet normal -0.24298017990326384 -0.9700312531945441 0
    outer loop
      vertex 50.68281612705645 3.4327484814113065 6.75
      vertex 50.68281612705645 3.4327484814113065 1
      vertex 51.01599637039062 3.349291175062731 6.75
    endloop
  endfacet
  facet normal 0.04906767432741864 0.9987954562051724 0
    outer loop
      vertex 50.44107713148302 4.478331270024886 1
      vertex 50 4.5 7.75
      vertex 50.44107713148302 4.478331270024886 7.75
    endloop
  endfacet
  facet normal 0.14673047445536117 0.989176509964781 0
    outer loop
      vertex 50.877906449072576 4.413533761814537 1
      vertex 50.44107713148302 4.478331270024886 7.75
      vertex 50.877906449072576 4.413533761814537 7.75
    endloop
  endfacet
  facet normal -0.4275550934302807 -0.903989293123444 0
    outer loop
      vertex 51.339392013277816 3.2335783637895035 6.75
      vertex 51.339392013277816 3.2335783637895035 1
      vertex 51.649888578890994 3.0867244252192427 6.75
    endloop
  endfacet
  facet normal -0.5141027441932248 -0.8577286100002702 0
    outer loop
      vertex 51.649888578890994 3.0867244252192427 6.75
      vertex 51.649888578890994 3.0867244252192427 1
      vertex 51.94449581556861 2.9101436430589085 6.75
    endloop
  endfacet
  facet normal -0.5956993044924308 -0.8032075314806468 0
    outer loop
      vertex 51.94449581556861 2.9101436430589085 6.75
      vertex 51.94449581556861 2.9101436430589085 1
      vertex 52.22037649457276 2.7055365867695795 6.75
    endloop
  endfacet
  facet normal 0.24298017990326343 0.9700312531945441 0
    outer loop
      vertex 51.30628104764508 4.30623151079494 1
      vertex 50.877906449072576 4.413533761814537 7.75
      vertex 51.30628104764508 4.30623151079494 7.75
    endloop
  endfacet
  facet normal 0.33688985339222255 0.9415440651830198 0
    outer loop
      vertex 51.7220754456429 4.15745789630079 1
      vertex 51.30628104764508 4.30623151079494 7.75
      vertex 51.7220754456429 4.15745789630079 7.75
    endloop
  endfacet
  facet normal 0.4275550934302788 0.903989293123445 0
    outer loop
      vertex 52.12128531571699 3.9686456895675977 1
      vertex 51.7220754456429 4.15745789630079 7.75
      vertex 52.12128531571699 3.9686456895675977 7.75
    endloop
  endfacet
  facet normal -0.8032075314806487 -0.5956993044924284 0
    outer loop
      vertex 52.91014364305891 1.9444958155686076 6.75
      vertex 52.70553658676958 2.220376494572759 6.75
      vertex 52.70553658676958 2.220376494572759 1
    endloop
  endfacet
  facet normal -0.9415440651830216 -0.33688985339221783 0
    outer loop
      vertex 53.34929117506273 1.015996370390618 6.75
      vertex 53.233578363789505 1.3393920132778143 6.75
      vertex 53.233578363789505 1.3393920132778143 1
    endloop
  endfacet
  facet normal -0.9039892931234447 -0.4275550934302793 0
    outer loop
      vertex 53.233578363789505 1.3393920132778143 6.75
      vertex 53.086724425219245 1.6498885788909918 6.75
      vertex 53.086724425219245 1.6498885788909918 1
    endloop
  endfacet
  facet normal -0.8577286100002698 -0.5141027441932258 0
    outer loop
      vertex 53.086724425219245 1.6498885788909918 6.75
      vertex 52.91014364305891 1.9444958155686076 6.75
      vertex 52.91014364305891 1.9444958155686076 1
    endloop
  endfacet
  facet normal -0.9987954562051724 -0.049067674327419195 0
    outer loop
      vertex 53.5 0 6.75
      vertex 53.48314654335269 0.3430599911534621 6.75
      vertex 53.48314654335269 0.3430599911534621 1
    endloop
  endfacet
  facet normal -0.9891765099647822 -0.1467304744553532 0
    outer loop
      vertex 53.48314654335269 0.3430599911534621 6.75
      vertex 53.43274848141131 0.6828161270564489 6.75
      vertex 53.43274848141131 0.6828161270564489 1
    endloop
  endfacet
  facet normal -0.9700312531945424 -0.24298017990326998 0
    outer loop
      vertex 53.43274848141131 0.6828161270564489 6.75
      vertex 53.34929117506273 1.015996370390618 6.75
      vertex 53.34929117506273 1.015996370390618 1
    endloop
  endfacet
  facet normal 0.9987954562051727 0.04906767432741232 0
    outer loop
      vertex 54.47833127002489 0.44107713148302274 1
      vertex 54.47833127002489 0.44107713148302274 7.75
      vertex 54.5 0 7.75
    endloop
  endfacet
  facet normal 0.9891765099647792 0.1467304744553735 0
    outer loop
      vertex 54.413533761814534 0.8779064490725771 1
      vertex 54.413533761814534 0.8779064490725771 7.75
      vertex 54.47833127002489 0.44107713148302274 7.75
    endloop
  endfacet
  facet normal 0.9415440651830229 0.336889853392214 0
    outer loop
      vertex 54.15745789630079 1.722075445642904 1
      vertex 54.15745789630079 1.722075445642904 7.75
      vertex 54.30623151079494 1.3062810476450806 7.75
    endloop
  endfacet
  facet normal 0.9700312531945441 0.24298017990326334 0
    outer loop
      vertex 54.30623151079494 1.3062810476450806 1
      vertex 54.30623151079494 1.3062810476450806 7.75
      vertex 54.413533761814534 0.8779064490725771 7.75
    endloop
  endfacet
  facet normal 0.9039892931234401 0.42755509343028875 0
    outer loop
      vertex 53.968645689567595 2.1212853157169893 1
      vertex 53.968645689567595 2.1212853157169893 7.75
      vertex 54.15745789630079 1.722075445642904 7.75
    endloop
  endfacet
  facet normal 0 0 -1
    outer loop
      vertex 52.474873734152915 -2.4748737341529163 6.75
      vertex 52.22037649457276 2.7055365867695795 6.75
      vertex 52.474873734152915 2.4748737341529163 6.75
    endloop
  endfacet
  facet normal 0 0 -1
    outer loop
      vertex 52.70553658676958 -2.220376494572759 6.75
      vertex 52.474873734152915 2.4748737341529163 6.75
      vertex 52.70553658676958 2.220376494572759 6.75
    endloop
  endfacet
  facet normal 0 0 -1
    outer loop
      vertex 53.233578363789505 -1.3393920132778143 6.75
      vertex 53.086724425219245 1.6498885788909918 6.75
      vertex 53.233578363789505 1.3393920132778143 6.75
    endloop
  endfacet
  facet normal 0 0 -1
    outer loop
      vertex 53.34929117506273 -1.015996370390618 6.75
      vertex 53.233578363789505 1.3393920132778143 6.75
      vertex 53.34929117506273 1.015996370390618 6.75
    endloop
  endfacet
  facet normal 0 0 -1
    outer loop
      vertex 52.91014364305891 -1.9444958155686076 6.75
      vertex 52.70553658676958 2.220376494572759 6.75
      vertex 52.91014364305891 1.9444958155686076 6.75
    endloop
  endfacet
  facet normal 0 0 -1
    outer loop
      vertex 53.086724425219245 -1.6498885788909918 6.75
      vertex 52.91014364305891 1.9444958155686076 6.75
      vertex 53.086724425219245 1.6498885788909918 6.75
    endloop
  endfacet
  facet normal 0 0 1
    outer loop
      vertex 52.50006604858821 -3.7416132553614534 7.75
      vertex 52.50006604858821 3.7416132553614534 7.75
      vertex 52.12128531571699 3.9686456895675977 7.75
    endloop
  endfacet
  facet normal 0 0 1
    outer loop
      vertex 52.854769778736404 -3.4785470401323164 7.75
      vertex 52.854769778736404 3.4785470401323164 7.75
      vertex 52.50006604858821 3.7416132553614534 7.75
    endloop
  endfacet
  facet normal 0 0 1
    outer loop
      vertex 53.18198051533946 -3.1819805153394642 7.75
      vertex 53.18198051533946 3.1819805153394642 7.75
      vertex 52.854769778736404 3.4785470401323164 7.75
    endloop
  endfacet
  facet normal 0 0 -1
    outer loop
      vertex 53.48314654335269 -0.3430599911534621 6.75
      vertex 53.48314654335269 0.3430599911534621 6.75
      vertex 53.5 0 6.75
    endloop
  endfacet
  facet normal 0 0 -1
    outer loop
      vertex 53.48314654335269 -0.3430599911534621 6.75
      vertex 53.43274848141131 0.6828161270564489 6.75
      vertex 53.48314654335269 0.3430599911534621 6.75
    endloop
  endfacet
  facet normal 0 0 -1
    outer loop
      vertex 53.43274848141131 -0.6828161270564489 6.75
      vertex 53.34929117506273 1.015996370390618 6.75
      vertex 53.43274848141131 0.6828161270564489 6.75
    endloop
  endfacet
  facet normal 0 0 1
    outer loop
      vertex 53.47854704013232 -2.854769778736405 7.75
      vertex 53.47854704013232 2.854769778736405 7.75
      vertex 53.18198051533946 3.1819805153394642 7.75
    endloop
  endfacet
  facet normal 0 0 1
    outer loop
      vertex 53.74161325536145 -2.50006604858821 7.75
      vertex 53.74161325536145 2.50006604858821 7.75
      vertex 53.47854704013232 2.854769778736405 7.75
    endloop
  endfacet
  facet normal 0 0 1
    outer loop
      vertex 53.968645689567595 -2.1212853157169893 7.75
      vertex 53.968645689567595 2.1212853157169893 7.75
      vertex 53.74161325536145 2.50006604858821 7.75
    endloop
  endfacet
  facet normal 0 0 1
    outer loop
      vertex 54.47833127002489 -0.44107713148302274 7.75
      vertex 54.5 0 7.75
      vertex 54.47833127002489 0.44107713148302274 7.75
    endloop
  endfacet
  facet normal 0 0 1
    outer loop
      vertex 54.47833127002489 -0.44107713148302274 7.75
      vertex 54.47833127002489 0.44107713148302274 7.75
      vertex 54.413533761814534 0.8779064490725771 7.75
    endloop
  endfacet
  facet normal 0 0 1
    outer loop
      vertex 54.413533761814534 -0.8779064490725771 7.75
      vertex 54.413533761814534 0.8779064490725771 7.75
      vertex 54.30623151079494 1.3062810476450806 7.75
    endloop
  endfacet
  facet normal 0 0 1
    outer loop
      vertex 54.15745789630079 -1.722075445642904 7.75
      vertex 54.15745789630079 1.722075445642904 7.75
      vertex 53.968645689567595 2.1212853157169893 7.75
    endloop
  endfacet
  facet normal 0 0 1
    outer loop
      vertex 54.30623151079494 -1.3062810476450806 7.75
      vertex 54.30623151079494 1.3062810476450806 7.75
      vertex 54.15745789630079 1.722075445642904 7.75
    endloop
  endfacet
  facet normal -0.6715589548470235 -0.7409511253549543 0
    outer loop
      vertex 52.474873734152915 2.4748737341529163 6.75
      vertex 52.22037649457276 2.7055365867695795 6.75
      vertex 52.22037649457276 2.7055365867695795 1
    endloop
  endfacet
  facet normal -0.7409511253549527 -0.6715589548470255 0
    outer loop
      vertex 52.474873734152915 2.4748737341529163 6.75
      vertex 52.474873734152915 2.4748737341529163 1
      vertex 52.70553658676958 2.220376494572759 6.75
    endloop
  endfacet
  facet normal 0.6715589548470207 0.740951125354957 0
    outer loop
      vertex 53.18198051533946 3.1819805153394642 1
      vertex 52.854769778736404 3.4785470401323164 7.75
      vertex 53.18198051533946 3.1819805153394642 7.75
    endloop
  endfacet
  facet normal 0.7409511253549527 0.6715589548470254 0
    outer loop
      vertex 53.18198051533946 3.1819805153394642 1
      vertex 53.18198051533946 3.1819805153394642 7.75
      vertex 53.47854704013232 2.854769778736405 7.75
    endloop
  endfacet
  facet normal 0.5141027441932221 0.8577286100002717 0
    outer loop
      vertex 52.50006604858821 3.7416132553614534 1
      vertex 52.12128531571699 3.9686456895675977 7.75
      vertex 52.50006604858821 3.7416132553614534 7.75
    endloop
  endfacet
  facet normal 0.5956993044924327 0.8032075314806454 0
    outer loop
      vertex 52.854769778736404 3.4785470401323164 1
      vertex 52.50006604858821 3.7416132553614534 7.75
      vertex 52.854769778736404 3.4785470401323164 7.75
    endloop
  endfacet
  facet normal 0.8032075314806523 0.5956993044924236 0
    outer loop
      vertex 53.47854704013232 2.854769778736405 1
      vertex 53.47854704013232 2.854769778736405 7.75
      vertex 53.74161325536145 2.50006604858821 7.75
    endloop
  endfacet
  facet normal 0.8577286100002717 0.5141027441932221 0
    outer loop
      vertex 53.74161325536145 2.50006604858821 1
      vertex 53.74161325536145 2.50006604858821 7.75
      vertex 53.968645689567595 2.1212853157169893 7.75
    endloop
  endfacet
endsolid OpenSCAD_Model
